:1040000000000320AD500100A9500100A95001009B
:10401000A9500100A9500100A950010000000000B2
:10402000000000000000000000000000A950010096
:10403000A950010000000000A9500100A950010092
:10404000A9500100A9500100A9500100A950010088
:10405000A9500100A9500100A9500100A950010078
:10406000A9500100A9500100A9500100A950010068
:10407000C1E80100C9E80100D1E80100D9E8010068
:10408000E1E80100E9E80100F1E80100F9E80100D8
:1040900001E9010009E9010011E9010019E9010044
:1040A00021E9010029E9010031E9010039E90100B4
:1040B000A9500100A9500100A950010075E30100B9
:1040C00079E301007DE3010081E3010085E3010064
:1040D000A9500100A9500100A9500100A9500100F8
:1040E000A9500100A9500100A9500100A9500100E8
:1040F00000000000A9500100EDDE0100F9DE010022
:10410000FDDE010001DF010005DF010011DF01001C
:1041100015DF010019DF01001DDF010029DF0100AB
:104120002DDF010031DF010035DF010041DF01003B
:1041300045DF010049DF01004DDF010059DF0100CB
:104140005DDF010061DF010065DF010071DF01005B
:1041500075DF010079DF01000000000000000000B1
:10416000000000000000000000000000000000004F
:10417000000000000000000000000000000000003F
:10418000A9500100A9500100A9500100A950010047
:1041900000000000A9500100A9500100A950010031
:1041A000A9500100A9500100A9500100A950010027
:1041B000A9500100A9500100A9500100A950010017
:1041C000A9500100A9500100A9500100A950010007
:1041D000A9500100A9500100A9500100A9500100F7
:1041E000A9500100A9500100A9500100C9D2010045
:1041F000D1D20100D9D20100E1D20100E9D20100FF
:10420000F1D201000000000000000000A9500100F0
:10421000A9500100A9500100A9500100A9500100B6
:10422000A9500100A9500100A9500100A9500100A6
:10423000A9500100A9500100A9500100A950010096
:10424000A9500100A9500100A9500100A950010086
:10425000A9500100A9500100A9500100A950010076
:10426000000000007CB0EE877CB0EE87FF00FF000E
:10427000FF00FF00FF00FF00FF00FF00FF00FF0046
:10428000FF00FF00FF00FF00FF00FF00FF00FF0036
:10429000FF00FF00FF00FF00FF00FF000000000024
:1042A0002DE9F04F85B003910778A7F10903042B9E
:1042B000044607F07F0200F10100F5D9202AF3D06F
:1042C0002B2F04BF677804462D2F75D09FED427BBE
:1042D0008DED007B4FF000084FF000099FB34FF0C9
:1042E000000C25464FF0000ADFF8FCB0644619E0E8
:1042F0001AF052FF8046894630461AF0E3FE4246E5
:104300004B461AF093FD5246804689465B46DDE9EE
:1043100000013CB31BF06AF8CDE90001A44615F892
:10432000017F7FB1A7F13006092E52465B46404619
:104330004946DDD9CCB92E2F17D115F8017F0124BC
:10434000002FEFD12C4642464B46DDE900011AF022
:1043500023FF80468946039B404649461C6005B0C2
:10436000BDE8F08F4FF0010CD9E72C46BCF1000FEF
:1043700029D042464B46DDE900011AF00DFF07F057
:10438000DF07452F80468946E5D10399681C0A223C
:104390001EF00AF81449024600201BF0ADFA02464E
:1043A0000B46404649461AF0F7FE8046894640468D
:1043B000494605B0BDE8F08F9FED097B67788DED2C
:1043C000007B013486E7DFF824904FF00008404678
:1043D000494605B0BDE8F08F000000000000F03F46
:1043E000000000000000F0BF000024400000F87F43
:1043F0002DE9F047002314460022804689461BF031
:104400003DF928B109F1004399462D232370013469
:1044100000220023404649461BF026F928B13022ED
:10442000002322706370BDE8F087404649461CF0C7
:104430005FF81BF061F973A3D3E9002307464946EF
:1044400040461BF01BF900284ED170A3D3E900238E
:10445000404649461BF030F9002845D10E2F07F1A0
:10446000010540F3B980A7F10E06324600206249EB
:104470001BF042FA02460B46404649461AF0B6FF88
:1044800000225E4B1AF0D2FC1BF072FA002DA7F14D
:104490000F0E4FF0010C4DDD594FDFF878810122EE
:1044A00045F6F3294FF02E0A494508BF40454FF025
:1044B00030030AD3B0EB080061EB0901494508BF9E
:1044C000404503F10103F5D2DBB2237050EA01034A
:1044D00004F101084AD1954252DD0132102A4FD031
:1044E000444677E90289DFE7002F33DB3A460020B4
:1044F00041491BF001FA02460B46404649461AF074
:1045000075FF3BA3D3E90023804689460125002699
:10451000404649461AF040FE0022384B1AF086FC0D
:104520001BF026FA002DBC464FF0FF3E37464FF0F9
:104530000006B1DC234630224FF02E0803F8022B90
:1045400084F80180FC4345D01C4403F8012BA342AE
:10455000FBD1A1E77A42002027491BF0CDF90246A2
:104560000B46404649461AF017FECAE7954202F14B
:10457000010204BF84F801A004F10208102AAFD19F
:104580006EB14246302102F8011BC2F101037344AF
:104590004344002BF7DC2EEAEE7301339844BCF160
:1045A000010F12D0BCF1000F4FF0650388F8003006
:1045B000C5BF2B2388F8013008F1010108F1020181
:1045C0006046BDE8F04710F0DFBD002388F80030FA
:1045D000BDE8F0871C465FE7C7F10E0200200649E0
:1045E0001BF08AF93E4602460B46012790E700BFC2
:1045F0000000901EC4BCD642000024400000E03FF2
:10460000803402008DEDB5A0F7C6B03E50EFE2D683
:10461000E41A4B4400407A1070B54FF0FF3006F0BA
:1046200079F904466FF07F4006F074F9064620469B
:104630001AF038FD00220C4B1AF0AEFD044630464D
:104640000D461AF02FFD06A3D3E900231AF0CEFE83
:1046500002460B46204629461AF0E8FB70BD00BF13
:104660000000E0DFFFFF6F430000F03D00000000AE
:104670002DE9F04F1D461389AB4288BF536885B0C2
:1046800004468CBF53F82500002090468A4606F069
:10469000B7FD0022904B1AF07FFD1BF02DF8B8F803
:1046A00008206B1C9A4288BFD8F8042006468CBFAD
:1046B00052F82300002006F0A3FD0022864B1AF0DA
:1046C0006BFD1BF019F8B8F808300235AB4288BF13
:1046D000D8F8043007468CBF53F82500002006F0B8
:1046E0008FFD002EC4E9006740F3E280002F40F305
:1046F000DF8071A3D3E90023002584F828501BF044
:104700001BFE00220023804689461AF0B7FF40B105
:104710004046494668A3D3E900231AF087FB804648
:10472000894667A3D3E90023404649461AF0C4FFEF
:10473000C0B165A3D3E90023404649461AF0A8FF5B
:1047400080B101234046494684F8283060A3D3E96C
:1047500000231AF06BFB58A3D3E900231BF0ECFDF8
:104760008046894600225D4B404649461AF014FDBA
:104770001BF01AFB01F1004300221946564B1AF0B8
:104780000BFD1AF0B9FF4946054640461BF0C8FA32
:104790000022514B1AF000FD1AF0AEFFDAF8043097
:1047A0004F49B3F80CB0B3F80AA0A56007FB0BF3B0
:1047B00003EB010806FB0AF6019388FB05234FEA89
:1047C000124C00960E444CEA034C06EA010383FBAC
:1047D000009A06EB0C0E0EEA010ED346CA468EFB7B
:1047E00000675246CDE90267120C42EA0B42DDE94E
:1047F00002AB0CEA010C8CFB00674FEA16495646E7
:104800000A40360C46EA0B4649EA074982FB05ABEB
:104810005F46C144B0445646CDE90267039FE0605D
:10482000360C09EA010908EA010846EA074689FB4D
:1048300005AB334488FB0556CDE9025655462D0C91
:1048400045EA0B45DDE902AB0B40AC4403EAE377F4
:104850000CEA010C554623EAE37367454FEA154518
:1048600002EAE276A8BF674645EA0B45634522EABD
:10487000E272B8BF6346AE444E450EEA010EA8BFD1
:104880004E464A45B8BF4A467745A8BF7746734566
:10489000B8BF73464645A8BF4646C4E905634245CE
:1048A000B8BF424600980199206261622761E261C7
:1048B000204605B0BDE8F08FEA2E4454FB21194094
:1048C000F4D64354FB21F93F320D337F7CD912409B
:1048D000EA2E4454FB2109400000F0400000E03F74
:1048E0000000FFFF0000000008B511F049FFDFEDF8
:1048F0000C7A07EE100A67EE277A17EE900A1AF084
:10490000F3FB05A3D3E900231AF070FD1AF0F4FEBF
:1049100008BD00BFAFF30080EA2E4454FB211940CC
:104920000000B4430000000008B511F03DFFDFEDCA
:104930000C7A07EE100A67EE277A17EE900A1AF043
:10494000D3FB05A3D3E900231AF050FD1AF0D4FEDF
:1049500008BD00BFAFF30080EA2E4454FB2119408C
:104960000000B443000000002DE9F04F046985B059
:10497000E3699B07FCD12368C3F3400BBBF1000F35
:1049800040F0AF80B0F80CA015468046BAF1000F99
:1049900023D0BAF1010F62D0BAF1020F40F0A48027
:1049A0005500E1685448C5F53B438033B3FBF5F54A
:1049B0002A0421F47F0102F47F020A43E260E268E4
:1049C0006B00A0FB03135B0822F07F4242EA036303
:1049D0005846E36005B0BDE8F08FE2684BF6803BD7
:1049E00005EB850022F0FF03ABEB400001931AF0CA
:1049F00059FB0646B8F80E000F461AF063FB3CA3BD
:104A0000D3E900231AF0C8FB80460BFB05F089466A
:104A10001AF048FB02460B46404649461AF0BCFBDA
:104A200002460B46304639461AF0FEF90646680043
:104A30000F461AF037FB02460B46304639461AF04D
:104A4000D5FC1AF081FE019BC0B21843E060E36818
:104A5000504623F47F43E36005B0BDE8F08FE26881
:104A60004BF6803A05EB850022F0FF03AAEB4000ED
:104A700001931AF017FBCDE90201B8F80E001AF005
:104A800021FB1BA3D3E900231AF086FB06460AFB91
:104A900005F00F461AF006FB02460B463046394633
:104AA0001AF07AFB02460B46DDE902011AF0BCF966
:104AB000064668000F461AF0F5FA02460B463046E5
:104AC00039461AF093FC1AF03FFE019BC0B218431E
:104AD000E060E368584623F47F43E36005B0BDE837
:104AE000F08F6FF0100075E76FF00C0072E700BFF9
:104AF00095D626E80B2E113EABAAAAAA000000000C
:104B00004F4A21F0004393422DE970430D4604467D
:104B10004DDC4C4A93420E460FDC45A3D3E90023FB
:104B20001AF084F90022484B1AF0C6FD002854D030
:104B30002B4620461946BDE87083444A934240DC28
:104B4000B3F1804F49DD1BF0E7F8224680468946E5
:104B50002B46204629461AF01FFB00223A4B1AF03A
:104B600065F91CF0E3F942464B461AF05FF902463C
:104B70000B46002034491AF039FC424604460D46E3
:104B80004B46404649461AF051F90B460246294623
:104B900020461AF04BF901F0C7FE04460B46002EE2
:104BA0000BDC03F1004320461946BDE870830B4639
:104BB00002461AF03BF904460B4620461946BDE86A
:104BC00070831BF0A9F801F0AFFE1BA3D3E900230B
:104BD0001AF02CF904460B46E1E722462B46204604
:104BE00029461AF0D9FA80468946204629461BF004
:104BF00093F800220446144B0D46404649461AF0ED
:104C000015F91CF093F900220F4B1AF00FF9024628
:104C10000B46404649461AF0E9FB22462B461AF05D
:104C200005F900F0B1FA04460B46B8E7AFF300808F
:104C30009C7500883CE4377EEF39FAFE422EE63F51
:104C4000FFFFEF7FFFFF2F3E0000F03F0000B0416D
:104C50002DE9F84FB84B21F000469E420D468A469A
:104C600004460EDDB54B9E4200F3B08000F0AB80F1
:104C7000B34BB449B448BAF1000FC8BF1946BDE8F8
:104C8000F88FB24B9E4200F3B980A3F1DE739E42CF
:104C900040F3A4804FF0FF3B22462B462046294696
:104CA0001AF07AFA02460B46804689461AF074FAE0
:104CB00089A3D3E9002306460F461AF06DFA88A3AC
:104CC000D3E900231AF0B2F832463B461AF064FAF0
:104CD00085A3D3E900231AF0A9F832463B461AF01F
:104CE0005BFA83A3D3E900231AF0A0F832463B46CF
:104CF0001AF052FA80A3D3E900231AF097F832464B
:104D00003B461AF049FA7EA3D3E900231AF08EF845
:104D100042464B461AF040FA7BA3D3E90023804673
:104D20008946304639461AF037FA79A3D3E9002389
:104D30001AF07AF832463B461AF02EFA76A3D3E9F7
:104D400000231AF071F832463B461AF025FA74A394
:104D5000D3E900231AF068F832463B461AF01CFAF1
:104D600071A3D3E900231AF05FF832463B461AF0EC
:104D700013FA02460B46404649461AF057F82246B7
:104D80002B461AF009FABBF1FF3F02460B465CD0F6
:104D90006F4B704E4FEACB0B5B44D3E900231AF004
:104DA00043F822462B461AF03FF8B34402460B461E
:104DB000DBE900011AF038F8BAF1000F0CDA01F162
:104DC0000041BDE8F88F00283FF452AF224620464C
:104DD0002B4629461AF02AF8BDE8F88F54A3D3E9E8
:104DE00000231AF023F800225B4B1AF065FC002820
:104DF0003FF450AF20462946BDE8F88F1AF08CFFEB
:104E0000564B9E4204460D4625DCA3F550239E4298
:104E10004ADC02460B461AF009F800224E4B1AF003
:104E200003F8002206460F464FF0804320462946ED
:104E300019F0FCFF02460B46304639461AF0D6FA06
:104E40004FF0000B04460D4626E72046294619F090
:104E5000EBFFBDE8F88F424B9E421ADC0022414B2B
:104E600019F0E2FF002206460F463E4B2046294637
:104E70001AF092F90022384B19F0D8FF02460B467F
:104E8000304639461AF0B2FA4FF0020B04460D468E
:104E900002E702460B46002033491AF0A7FA4FF00A
:104EA000030B04460D46F7E600222B4B19F0BCFF1E
:104EB000002206460F46284B2046294619F0B6FF29
:104EC00002460B46304639461AF090FA4FF0010B75
:104ED00004460D46E0E600BF11DA22E33AAD903F0A
:104EE000EB0D76244B7BA93F513DD0A0660DB13F21
:104EF0006E204CC5CD45B73FFF8300922449C23F89
:104F00000D5555555555D53F2F6C6A2C44B4A2BF4D
:104F10009AFDDE522DDEAD3F6D9A74AFF2B0B33F15
:104F2000711623FEC671BC3FC4EB98999999C93F8D
:104F30009C7500883CE4377EFFFF0F440000F07F43
:104F4000FB21F93FFB21F9BF182D4454FFFFDB3F44
:104F5000A8340200883402000000F03FFFFFF23F57
:104F6000FF7F03400000F83F0000F0BF000000009A
:104F7000C1F30A522DE9F843A2F2FF36132E0B4675
:104F80000D4604468846074621DC002E4CDB3A4A93
:104F900042FA06F901EA090202431DD034A3D3E91B
:104FA000002319F043FF002200231AF085FB48B1CB
:104FB000002D04DD4FF4801343FA06F6B04428EACE
:104FC000090500273C4629462046BDE8F883332ED4
:104FD00006DDB6F5806F3AD019462046BDE8F88365
:104FE000A2F213424FF0FF3929FA02F919EA000F31
:104FF000F2D01FA3D3E9002319F018FF00220023E9
:105000001AF05AFB0028DDD0002D09DD142E25D022
:105010000123C6F1340603FA06F6371928BF98446F
:1050200027EA09074546CDE711A3D3E9002319F084
:10503000FDFE002200231AF03FFB0028C2D0002D05
:105040000FDB55EA040707D000270C4DBAE70246EC
:1050500019F0ECFE0446C0E73D46B3E705F1010850
:10506000DEE700274FF00045ACE700BFAFF300805C
:105070009C7500883CE4377EFFFF0F000000F03F86
:10508000C1F30A522DE9F843A2F2FF36132E0B4664
:105090000D460446884607461DDC002E3DDB384A97
:1050A00042FA06F901EA0902024319D032A3D3E910
:1050B000002319F0BBFE002200231AF0FDFAD0B342
:1050C000002D04DA4FF4801343FA06F6B04428EAC0
:1050D000090500272FE0332E06DDB6F5806F2FD0AF
:1050E00019462046BDE8F883A2F213424FF0FF397B
:1050F00029FA02F919EA000FF2D01FA3D3E900231D
:1051000019F094FE002200231AF0D6FA98B1002D6F
:1051100024DB27EA090745460DE017A3D3E900235E
:1051200019F084FE002200231AF0C6FA18B1002DEF
:105130000BDB00273D463C4629462046BDE8F88368
:10514000024619F073FE0446CBE725F000430D4AF2
:105150001F43002F18BF15460027ECE7142E08D078
:105160000123C6F1340603FA06F6371928BF98441E
:10517000CFE705F10108CCE79C7500883CE4377E59
:10518000FFFF0F000000F0BF2DE9F04FD84B994210
:1051900087B00E46074643DDD64B99428A4600F358
:1051A000F680D54B994240F330810B15A3F2FF3BBB
:1051B00000220023CDE902230446D04BCAF3130A90
:1051C0009A454AF07F5500F3158145F44015204675
:1051D00029460022CA4B19F027FE002204460D463C
:1051E000C84B19F0D9FF22462B4619F0D5FF80464F
:1051F000894627462E46CDE90089BAF1000F3AD1FB
:1052000000220023204629461AF02EFA002800F03A
:105210001D81BBF1000F40F0858100200146BAE0FE
:10522000B94B21F000449C420A460FDD0022B74BE7
:105230001AF01AFA002800F0B180002200230020A2
:10524000B3491AF0D3F807B0BDE8F08FB14B9C42D8
:1052500040F3B180B04B1A449A4240F2D68000220B
:10526000A84B19F099FF3A46334619F095FFCDE95E
:1052700000014FF0000B00224FF0804338463146CA
:1052800019F0D4FD02460B46384631461AF0AEF806
:1052900002460B468046894619F07EFF80A3D3E97B
:1052A000002304460D4619F077FF7FA3D3E90023BE
:1052B00019F0BCFD22462B4619F06EFF7CA3D3E902
:1052C000002319F0B3FD22462B4619F065FF7AA39F
:1052D000D3E9002319F0AAFD22462B4619F05CFF02
:1052E00077A3D3E9002319F0A1FD22462B4619F03C
:1052F00053FF75A3D3E9002319F098FD22462B46EE
:1053000019F04AFF72A3D3E9002319F08FFD22465A
:105310002B4619F041FFDDE9004522462B4619F0E6
:1053200085FD42464B4619F037FFCDE90401BBF13C
:10533000000F00F0A880584619F0C4FE66A3D3E918
:1053400000238046894619F027FF65A3D3E900238F
:1053500004460D464046494619F01EFFDDE902238A
:1053600019F064FDDDE9042319F060FD02460B46E7
:10537000DDE9000119F058FD3A46334619F054FDB5
:1053800002460B462046294619F04EFD03E0024630
:105390000B4619F04BFD07B0BDE8F08F3A46334697
:1053A0003846314619F040FD02460B461AF01EF809
:1053B00007B0BDE8F08F0022584B19F037FD0022EE
:1053C00000231AF079F910B1554B9C4262DD3A4640
:1053D00033463846314619F0DFFE0022494B19F0BA
:1053E000DBFE02460B463846314619F01DFD07B07C
:1053F000BDE8F08F45F40015CAF5801A204629460D
:105400004FEAAA0A0BF1010BE3E63D4B3846314661
:10541000002219F00BFD0B15A3F2FF3BBBF1000FAF
:1054200004460D468A4640F3C3803A46334619F097
:10543000FBFC02460B460020314919F0F5FC2246E0
:105440002B4619F0D3FFCDE90201B6E626A3D3E936
:1054500000232046294619F09FFE02460B460020F5
:10546000274919F0E1FC42464B4619F095FE0646E5
:105470000F46BBF1000F73D102460B46204629466A
:1054800019F0D2FC87E702460B462046294619F060
:10549000CBFCA6E7384631467DE700BFAFF300807E
:1054A00044523EDF12F1C23F9FC678D0099AC33FF3
:1054B000DE03CB966446C73FAF788E1DC571CC3FE7
:1054C000599322942449D23F04FA97999999D93F44
:1054D000935555555555E53F0000E0FE422EE63FF9
:1054E000763C7935EF39EA3D555555555555E53FEB
:1054F0007982DA3FFFFFEF7FFFFF3F439DA0060069
:105500000000F03F0000E03FFFFFEF3F0000F0BF72
:10551000000050C3FFFF1F3E3C412D4000005043A0
:10552000FFFF8F3C584619F0CDFD27A3D3E9002398
:1055300006460F4619F030FEDDE9022319F076FC2D
:1055400023A3D3E9002304460D463046394619F01B
:1055500023FE02460B462046294619F067FC1AE74F
:10556000584619F0AFFD1AA3D3E9002382468B46B3
:1055700019F012FE14A3D3E9002380468946504651
:10558000594619F009FEDDE9022319F04FFC0246E5
:105590000B463046394619F047FC22462B4619F097
:1055A00043FC02460B464046494619F03DFCF2E6F4
:1055B0000022094B19F038FC02460B4638463146AA
:1055C00019F032FC3BE700BF763C7935EF39EA3D14
:1055D0000000E0FE422EE63F0000F03F0000000029
:1055E00008B51AF009FF04A3D3E9002319F0FEFE61
:1055F00008BD00BFAFF30080EF39FAFE422EE63F50
:105600002DE9F043DFF8B4808BB004460D4600F07E
:1056100057FF98F90030013306460F462CD022463A
:105620002B46204629461AF051F8814620BB2046D9
:1056300029461AF071FB1CA3D3E900231AF03CF8A9
:10564000D0B11B4A98F90030CDF820900321CDE964
:105650000445CDE90245CDE9001293B1154900207A
:10566000022BCDE9060111D11CF05AFE2223036062
:10567000089B9BB9DDE90667304639460BB0BDE8AB
:10568000F0830D4B4FF06042CDE9062368461CF0D5
:10569000F7FC0028E8D0089B002BEBD01CF040FE64
:1056A000089B0360E6E700BF7DF8B98FCE338640E4
:1056B000844B02000000F07FFFFFEF471202002042
:1056C0002DE9F043DFF8E4808BB004460D4600F08E
:1056D000A3FF98F90030013306460F4633D0204629
:1056E00029461CF0C7FC70B329A3D3E90023204648
:1056F000294619F0E1FF814650BB27A3D3E90023D7
:105700002046294619F0BAFFE8B198F90030244A3A
:10571000CDF82090042600200021022BCDE904457D
:10572000CDE90245CDE90062CDE9060129D0684600
:105730001CF0A6FC28B3089B1BB11CF0F1FD089BD4
:105740000360DDE90667304639460BB0BDE8F083FB
:10575000134A98F90030019203210022CDE9044553
:10576000CDE90245009108922BB90E4B4FF06042F3
:10577000CDE90623DBE70C490020022BCDE9060129
:10578000D5D11CF0CDFD22230360D4E7AFF3008018
:10579000EF39FAFE422E864051302DD5104987C090
:1057A0008C4B0200FFFFEF470000F07F1202002049
:1057B0002DE9F84FC44E21F00043B3420C46054694
:1057C0000DDD03F1404303F58013034340F0B9803E
:1057D000002940F3408100200021BDE8F88FBB4E36
:1057E000B34208DCBA4A934200F3B5809CA1D1E9E8
:1057F0000001BDE8F88F0029C0F2708102460B4617
:105800000020B44919F010FB0022B34B19F0C4FC7E
:1058100004460D461BF08AFB93A3D3E90023894677
:1058200080462946204619F0B7FC91A3D3E900230E
:1058300019F0FCFA22462B4619F0AEFC8EA3D3E9F0
:10584000002319F0F1FA22462B4619F0A5FC8CA38F
:10585000D3E9002319F0EAFA22462B4619F09CFC02
:1058600089A3D3E9002319F0DFFA22462B4619F069
:1058700093FC87A3D3E9002319F0D8FA22462B46DC
:1058800019F08AFC84A3D3E9002382468B46204684
:10589000294619F081FC82A3D3E9002319F0C4FA48
:1058A00022462B4619F078FC7FA3D3E9002319F098
:1058B000BDFA22462B4619F06FFC7DA3D3E90023E5
:1058C00019F0B2FA22462B4619F066FC0022814BF1
:1058D00019F0ACFA02460B465046594619F086FDBF
:1058E00042464B4619F058FC002682468B4632460B
:1058F0004B463046494619F04FFC02460B462046BF
:10590000294619F091FA324604460D464B46404668
:10591000494619F08BFA02460B462046294619F0F3
:1059200065FD02460B465046594619F07FFA32464D
:105930004B4619F07BFA02460B4619F077FABDE8A0
:10594000F88F02460B4619F06FFA02460B4619F023
:105950004DFDBDE8F88F02460B4619F01DFC42A331
:10596000D3E9002306460F4619F016FC40A3D3E9FD
:10597000002319F05BFA32463B4619F00DFC3EA3BA
:10598000D3E9002319F050FA32463B4619F004FCE3
:105990003BA3D3E9002319F049FA32463B4619F0FC
:1059A000FBFB39A3D3E9002319F03EFA32463B460C
:1059B00019F0F2FB36A3D3E9002319F037FA324687
:1059C0003B4619F0E9FB34A3D3E90023804689461E
:1059D0003046394619F0E0FB31A3D3E9002319F032
:1059E00023FA32463B4619F0D7FB2FA3D3E9002315
:1059F00019F01CFA32463B4619F0CEFB2CA3D3E932
:105A0000002319F011FA32463B4619F0C5FB00227B
:105A1000304B19F00BFA02460B464046494619F046
:105A2000E5FC2A46234619F0B7FB02460B4622A1A5
:105A3000D1E9000119F0F8F902460B462846214643
:105A400019F0F2F902460B4605A1D1E9000119F05F
:105A5000EBF9BDE8F88F1AA1D1E9000179E700BFA1
:105A6000182D4454FB21F93F09F7FD0DE13D023F9C
:105A700088B20175E0EF493F3B8F68B52882A43FAB
:105A80005544880E55C1C93F7D6FEB0312D6D43FF4
:105A9000555555555555C53F82922EB1C5B8B33FA2
:105AA00059018D1B6C06E63FC88A599CE52A0040C7
:105AB0004B2D8A1C273A0340075C143326A6913CE1
:105AC000182D4454FB210940FFFFEF3FFFFFDF3F4C
:105AD0000000603C0000F03F0000E03F00225C4B13
:105AE00019F0A4F900225B4B19F056FB40A3D3E94F
:105AF000002304460D4619F04FFB3FA3D3E90023D2
:105B000019F094F922462B4619F046FB3CA3D3E941
:105B1000002319F089F922462B4619F03DFB3AA3E0
:105B2000D3E9002319F082F922462B4619F034FB01
:105B300037A3D3E9002319F077F922462B4619F051
:105B40002BFB35A3D3E9002319F070F922462B462D
:105B500019F022FB80468946204629461BF0E6F9CB
:105B60002FA3D3E9002306460F462046294619F005
:105B700013FB2DA3D3E9002319F056F922462B4637
:105B800019F00AFB2AA3D3E9002319F04FF92246A2
:105B90002B4619F001FB28A3D3E9002319F044F99F
:105BA00022462B4619F0F8FA0022294B19F03EF94B
:105BB00002460B464046494619F018FC32463B4621
:105BC00019F0EAFA1EA3D3E9002319F02DF93246A1
:105BD0003B4619F02BF902460B4619F027F902460D
:105BE0000B4619A1D1E9000119F01EF9B1E600BF79
:105BF00009F7FD0DE13D023F88B20175E0EF493F35
:105C00003B8F68B52882A43F5544880E55C1C93FD3
:105C10007D6FEB0312D6D43F555555555555C53FAD
:105C200082922EB1C5B8B33F59018D1B6C06E63F79
:105C3000C88A599CE52A00404B2D8A1C273A03400C
:105C4000075C143326A6913C182D4454FB210940CF
:105C50000000F03F0000E03F414A91422DE9F84347
:105C60000C46054637DD3F4A914209DD02F1795283
:105C700091423EDD02460B4619F0D8F8BDE8F883A4
:105C800001F1404202F5801202432ED0B1F1804F63
:105C900037DC0022344B19F0C7F802460B460446A5
:105CA0000D4619F0C3F8224606460F462B462046FD
:105CB000294619F071FA02460B463046394619F06A
:105CC000B5F81BF033F922462B4619F0AFF8BDE8C2
:105CD000F843FFF759BA02460B4619F0A5F80246F9
:105CE0000B4619F083FBBDE8F88300200021BDE8D6
:105CF000F88300F019FE18A3D3E9002319F096F8F1
:105D0000F1E702460B4619F047FA0022164B19F04C
:105D10008BF81BF00BF92A46804689462346284615
:105D2000214619F083F82A4606460F462346404688
:105D3000494619F07BF802460B4600200A4919F043
:105D400055FB0B4602463946304619F06DF8BDE862
:105D5000F84300F0E9BD00BFEF39FAFE422EE63FFE
:105D6000FFFFEF3FFFFFAF410000F03F00000000EA
:105D70002DE9F04FB24B21F000479F4287B00D460E
:105D8000044615DD07F1404707F5801703463B43FE
:105D900026D002460B4619F047F80B46024619F08A
:105DA00025FB04460B462046194607B0BDE8F08F98
:105DB000A44B9F420E462EDCB7F1795F80F24A81F8
:105DC00083A3D3E9002319F031F800229E4B19F088
:105DD00073FC00B32B462046194607B0BDE8F08F90
:105DE0007DA3D3E9002319F0D7F97DA3D3E90023DC
:105DF00006460F462046294619F0CEF902460B46C4
:105E00003046394619F012F804460B46204619462A
:105E100007B0BDE8F08F2046294619F07DFF024605
:105E20000B460020884918F0FFFF0022874B19F02D
:105E3000B3F96DA3D3E9002304460D4619F0ACF97C
:105E40006BA3D3E9002318F0F1FF22462B4619F08B
:105E5000A3F969A3D3E9002318F0E6FF22462B46F5
:105E600019F09AF966A3D3E9002318F0DFFF224660
:105E70002B4619F091F964A3D3E9002318F0D4FF5D
:105E800022462B4619F088F961A3D3E9002318F0C4
:105E9000CDFF22462B4619F07FF95FA3D3E90023FB
:105EA000CDE900012046294619F076F95CA3D3E933
:105EB000002318F0B9FF22462B4619F06DF95AA3BA
:105EC000D3E9002318F0B2FF22462B4619F064F9FB
:105ED00057A3D3E9002318F0A7FF22462B4619F059
:105EE0005BF9594B002218F0A1FF82468B462046F1
:105EF0002946CDE902AB1BF019F8554B9F4280466D
:105F0000894600F31C8102460B4618F08FFFDDE93D
:105F10000223CDE90401DDE9000119F067FA024628
:105F20000B46DDE9040119F037F94FF0000ACDE91D
:105F3000000152464B465046494619F02DF902469B
:105F40000B462046294618F06FFF524604460D4680
:105F50004B464046494618F069FF02460B4620462C
:105F6000294619F043FA02460B4618F05FFF024635
:105F70000B461BA1D1E9000118F056FF02460B4663
:105F8000DDE9000118F050FF524604460D464B462D
:105F90005046494618F04AFF02460B4626A1D1E971
:105FA000000118F041FF02460B462046294618F032
:105FB0003BFF0B46024620A1D1E9000118F034FF57
:105FC00004460B46002E3FF7EEAE03F10043EAE62F
:105FD0009C7500883CE4377E182D4454FB21F93F22
:105FE000075C143326A6913C09F7FD0DE13D023F05
:105FF00088B20175E0EF493F3B8F68B52882A43F26
:106000005544880E55C1C93F7D6FEB0312D6D43F6E
:10601000555555555555C53F82922EB1C5B8B33F1C
:1060200059018D1B6C06E63FC88A599CE52A004041
:106030004B2D8A1C273A0340182D4454FB21E93F7D
:10604000FFFFEF3FFFFFDF3F0000F03F0000E03FBA
:106050003233EF3F02460B4619F09EF848A3D3E9CE
:10606000002306460F4619F097F847A3D3E900230B
:1060700018F0DCFE32463B4619F08EF844A3D3E913
:10608000002318F0D1FE32463B4619F085F842A3B2
:10609000D3E9002318F0CAFE32463B4619F07CF8DB
:1060A0003FA3D3E9002318F0BFFE32463B4619F068
:1060B00073F83DA3D3E9002318F0B8FE32463B46FF
:1060C00019F06AF83AA3D3E900238046894630469E
:1060D000394619F061F838A3D3E9002318F0A4FE7B
:1060E00032463B4619F058F835A3D3E9002318F09F
:1060F0009DFE32463B4619F04FF833A3D3E9002307
:1061000018F092FE32463B4619F046F80022344B16
:1061100018F08CFE02460B464046494619F066F9D7
:1061200022462B4619F038F822462B4618F07EFE00
:1061300004460B462046194607B0BDE8F08F52468C
:106140005B46DDE9000119F051F942464B4619F072
:1061500023F842464B4618F069FE02460B4618F0FB
:1061600065FE1BA3D3E9002318F05EFE0B46024632
:1061700019A1D1E9000118F057FE04460B4621E7AA
:1061800009F7FD0DE13D023F88B20175E0EF493F9F
:106190003B8F68B52882A43F5544880E55C1C93F3E
:1061A0007D6FEB0312D6D43F555555555555C53F18
:1061B00082922EB1C5B8B33F59018D1B6C06E63FE4
:1061C000C88A599CE52A00404B2D8A1C273A034077
:1061D000075C143326A6913C182D4454FB21F93F4B
:1061E0000000F03F000000002DE9F84F5442144336
:1061F00023F00048684E48EAD474B44284460F46FF
:106200001FD84442044321F0004A4AEAD474B442FD
:106210008B4616D803F1404404F5801414439E467F
:106220003DD09C1704F0020444EAD1745AEA0001FC
:106230000FD1022C50D0032C3CD145A1D1E9000153
:1062400005E01046194662463B4618F0EFFDBDE8F2
:10625000F88F58EA020126D0B0452DD0B24522D0A1
:10626000AAEB08084FEA2858B8F13C0F38DC002B9D
:106270003ADA18F13C0F37DA00200021012C49D01E
:10628000022C3AD0002CE2D033A3D3E9002318F03B
:10629000CBFD33A3D3E9002318F0C6FDD7E7BDE853
:1062A000F84FFEF7D5BCBBF1000F11DB2EA1D1E9F1
:1062B0000001CCE73946CAE7C2452FD0022C0BD0EB
:1062C000032CBAD0012C4FF0000031D00021BEE7E2
:1062D00027A1D1E90001BAE721A1D1E90001B6E780
:1062E00021A1D1E90001C9E76046394619F07EF8DD
:1062F00019F012FDFEF7ACFCC0E717A3D3E90023A9
:1063000018F092FD02460B4615A1D1E9000118F0E4
:106310008BFD9CE701F10043194698E7022C12D04F
:10632000032C0CD0012C06D013A1D1E900018EE77B
:106330004FF000418BE712A1D1E9000187E712A1DC
:10634000D1E9000183E712A1D1E900017FE700BF95
:10635000182D4454FB2109C0075C143326A6A13C28
:10636000182D4454FB210940182D4454FB21F93FBA
:10637000182D4454FB21F9BF182D4454FB21E93F4B
:10638000182D4454FB21E9BFD221337F7CD902C0B0
:10639000D221337F7CD902400000F07F0000000052
:1063A00043422DE9F047034321F00048404A48EAC0
:1063B000D37393420F462ED890454AD03D4B984513
:1063C0008A4636DD3C4B9845044645464CDD024640
:1063D0004346414618F02AFD224606460F464346EC
:1063E0000020334918F020FD02460B46304639465E
:1063F00018F0FCFFFEF7C8FE304B002218F0CCFE70
:10640000BAF1000F04460B460FDA01F100432046B3
:106410001946BDE8F08702460B4618F005FD0B460D
:10642000024618F0E3FF04460B4620461946BDE835
:10643000F0871DA3D3E90023044618F0F7FC0022DF
:10644000002319F039F970B13B4620461946BDE8E2
:10645000F0870022002318F0C9FF04460B462046AF
:106460001946BDE8F087454622462B462046294678
:1064700018F0DCFC22462B4606460F4618F08CFE30
:106480002246804689462B460020094918F0CCFC5C
:1064900002460B464046494618F0A8FF32463B46A6
:1064A00018F0C4FCA6E700BF9C7500883CE4377E6A
:1064B0000000F03FFFFF2F3EFFFFDF3F0000E03F07
:1064C0004D4A2DE9F84321F0004494420B4606461C
:1064D0001BDC4A4A944224DD494A944256DD494A2B
:1064E000944248DD484A944271DD013294426BD0B7
:1064F0003FA3D3E900231046194618F04DFE064687
:106500000F4630463946BDE8F88304460D4622461C
:106510002B4618F041FE06460F4630463946BDE888
:10652000F88319F0F9FB02F06FFC0022374B80462C
:10653000894618F07BFCB4F1725F06460F46ECDB2F
:1065400042464B464046494618F026FE32463B46F8
:1065500004460D463046394618F068FC02460B46A4
:106560002046294618F042FF0022284B18F05EFC16
:1065700006460F46D1E719F0CFFB00F04DF8002298
:10658000234B18F009FE06460F46C6E719F0C4FB78
:1065900000F042F800221E4B06460F4618F0FCFDA4
:1065A000324604460D463B460020194918F01EFFAE
:1065B00002460B462046294618F038FC06460F4690
:1065C00030463946BDE8F883124A904290D83046AA
:1065D000194619F0A1FB00220D4B18F0DDFD00F06B
:1065E0001BF800220A4B04460D4618F0D5FD8EE735
:1065F0009C7500883CE4377EFFFFEF7F422ED63F3C
:10660000FFFF3540412E8640CD3386400000F03FED
:106610000000E03F7DF8B98F2DE9F047B84F21F039
:106620000042BA4284B00C464FEAD176054612D9F0
:10663000B44FBA4240F28E80C1F3130303430246C3
:1066400040F0F780002E00F0818000252946284682
:1066500004B0BDE8F087AC4B9A4200F2B880AB4B77
:106660009A4240F2D3804FF0000A2A462346284639
:10667000214618F091FD8CA3D3E9002306460F466E
:1066800018F08AFD8AA3D3E9002318F0CDFB324627
:106690003B4618F081FD88A3D3E9002318F0C6FB20
:1066A00032463B4618F078FD85A3D3E9002318F065
:1066B000BBFB32463B4618F06FFD83A3D3E90023B2
:1066C00018F0B4FB32463B4618F066FD02460B4616
:1066D0002846214618F0A8FB02460B4606460F4600
:1066E0002846214618F058FD80468946BAF1000F29
:1066F00000F0B38032463B4600204FF0804118F056
:1067000093FB02460B464046494618F06FFE024690
:106710000B46DDE9020118F087FBDDE9002318F0E4
:1067200083FB0B4602467A49002018F07DFB6FF48C
:106730007F739A4580F2AD800AF57A7A01EB0A51AF
:1067400000224FF0B87318F027FD0546284604B024
:10675000BDE8F0875EA3D3E9002318F0ADFF002861
:106760006FD1284621465CA3D3E9002318F086FFA9
:1067700000287FF46AAF674B284603EBC606214624
:1067800057A3D3E9002318F007FDD6E9002318F03A
:106790004DFB18F0B1FF824618F094FC52A3D3E9E8
:1067A000002306460F4618F0F7FC02460B46284623
:1067B000214618F039FB4EA3D3E90023CDE90001AF
:1067C0003046394618F0E8FCCDE9020115E0524B9D
:1067D0009A42D0D8514BF4002344D3E9002318F057
:1067E00023FB4F4B2344D3E90034CDE90001CDE92D
:1067F0000234C6F1010AAAEB060ADDE90223DDE94B
:10680000000118F011FB05460C462EE73AA3D3E928
:10681000002318F00BFB00223D4B18F04DFF002821
:106820003ED0284621460022394B18F0FFFA054693
:106830008CE70B4618F0FAFA0546284604B0BDE886
:10684000F0872DA3D3E900231046194618F0A4FCC5
:106850000546284604B0BDE8F08730463946002298
:106860004FF0804318F0E0FA02460B464046494696
:1068700018F0BCFD2A46234618F0D6FA02460B460D
:106880000020234918F0D0FA0546284604B0BDE898
:10689000F087054601EB0A51284604B0BDE8F087B1
:1068A0008246E2E6AFF30080D0A4BE726937663E4E
:1068B000F16BD2C541BDBB3E2CDE25AF6A56113F00
:1068C00093BDBE166CC1663F3E5555555555C53FE7
:1068D000EF39FAFE422E864051302DD5104987C03F
:1068E000FE822B654715F73F0000E0FE422EE63F93
:1068F000763C7935EF39EA3D9C7500883CE4377E7B
:10690000412E8640FFFFEF7F422ED63FFFFF2F3EF6
:106910000000F03FC8340200B1A2F03FD8340200BA
:10692000E8340200000000002DE9F04FB1F5801FAF
:1069300085B006460F460B4680F2D08021F000421B
:10694000024300F0DA800029C0F2E9800022D64B31
:1069500018F022FCD54A0B46934206460F466FF0CC
:10696000350E00F3C180C3F3130505F5152C0CF6A5
:10697000647C0CF4801C8CF07F5282F440121C1555
:1069800042EA0507A4F2FF3474440022C84B3046A3
:10699000394604EB1C5418F047FAAB1CC3F313033D
:1069A000022B82468B464FF0000240F3AF804FF03F
:1069B000804318F03BFA02460B465046594618F001
:1069C00015FD064620460F4618F07CFB3246CDE901
:1069D00002013B4630463946CDE9006718F0DCFB42
:1069E00002460B468046894618F0D6FB9AA3D3E9A7
:1069F000002306460F4618F0CFFB99A3D3E90023E6
:106A000018F014FA32463B4618F0C6FB96A3D3E9B9
:106A1000002318F00BFA32463B4618F0BDFB94A356
:106A2000D3E9002318F002FA42464B4618F0B4FBB3
:106A300091A3D3E90023804689463046394618F0B1
:106A4000ABFB8FA3D3E9002318F0F0F932463B46A5
:106A500018F0A2FB8CA3D3E9002318F0E7F9324623
:106A60003B4618F099FB0B4602464946404618F053
:106A7000DDF9A5F5C223C5F5D725A3F27A43513533
:106A80001D43002D06460F4640F387800022894BA8
:106A90005046594618F080FB52465B4618F07CFB86
:106AA00002460B46804689463046394618F0BEF904
:106AB000DDE9002318F070FB06460F46002C40F07D
:106AC000818002460B464046494618F0ADF9024621
:106AD0000B465046594618F0A7F90BE0734A93420B
:106AE0004FF0000E7FF73FAF32463B463046394607
:106AF00018F09CF905B0BDE8F08F002200230020BB
:106B00006D4918F073FC05B0BDE8F08F002318F054
:106B1000ABFD60B1002C7CD100200021EAE70246E9
:106B200018F082F90022002318F060FCE2E758A375
:106B3000D3E900235046594618F02EFB02460B4677
:106B400000205C4918F070F9524606460F465B4635
:106B50005046594618F020FB02460B46304639464F
:106B600018F01AFB06460F462CB3204618F0AAFA76
:106B700049A3D3E900238046894618F00DFB48A3BA
:106B8000D3E9002304460D464046494618F004FB6D
:106B900002460B46304639462CE002460B4650462C
:106BA000594618F041F9DDE9002318F0F5FA0646D8
:106BB0000F46002C47D132463B465046594618F006
:106BC00033F997E734A3D3E90023DDE9020118F094
:106BD000E3FA33A3D3E9002304460D46DDE90201BD
:106BE00018F0DAFA32463B4618F020F902460B4616
:106BF0004046494618F018F952465B4618F014F919
:106C000002460B462046294618F00EF905B0BDE8AD
:106C1000F08F204618F056FA1FA3D3E9002306464A
:106C20000F4618F0B9FA1EA3D3E9002304460D4617
:106C30003046394618F0B0FA02460B46204629463F
:106C400018F0F4F856E7DDE9028913A3D3E900232D
:106C50004046494691E700BF44523EDF12F1C23F31
:106C6000DE03CB966446C73F599322942449D23F12
:106C7000935555555555E53F9FC678D0099AC33F62
:106C8000AF788E1DC571CC3F04FA97999999D93F79
:106C9000555555555555D53F0000E0FE422EE63F6F
:106CA000763C7935EF39EA3D00005043FFFFEF7F36
:106CB0000000F03F0000E03F000050C30000000073
:106CC000B1F5801F2DE9F84304460D460B4619DA4D
:106CD00021F00042024359D000295FDB00223A4BE9
:106CE00018F05AFA394A0B4693420D4604466FF0A3
:106CF00035010CDD22462B462046294618F096F831
:106D0000BDE8F883314A93424FF00001F2DC1815D8
:106D1000A0F2FF3008444FEAD0794844C3F3130887
:106D200018F0D0F9C9F57F73033348EA03550646D6
:106D30000F4620462946FFF7F7FD1DA3D3E90023A0
:106D4000804689463046394618F026FA1AA3D3E918
:106D5000002304460D464046494618F01DFA0246F7
:106D60000B462046294618F061F815A3D3E9002305
:106D700004460D463046394618F00EFA02460B46D8
:106D80002046294618F052F8BDE8F8830022002377
:106D900000200F4918F02AFBBDE8F883024618F0DE
:106DA00043F80022002318F021FBA9E7AFF300808D
:106DB000362BF111F3FE593D0EE526157BCBDB3F5B
:106DC00000609F501344D33F00005043FFFFEF7F0C
:106DD000000050C3000000002DE9F04F23F00045F3
:106DE00055EA020493B00DD0794E21F00044B4422C
:106DF0000F4682460FDD04F1404404F5801454EA46
:106E00000A035BD1734C0023CDE90034DDE90001B6
:106E100013B0BDE8F08F984694464ED0B542EADCF8
:106E20006B4EB54266D0002F8B468146CDE90223DA
:106E300064DB0026BCF1000F0ED1654B9D4246D0AD
:106E4000644B9D4200F09780B8F1804F00F0B28013
:106E5000614B984500F0CC834846594618F05CFFDA
:106E6000CDE90001BAF1000F06D1002C60D0594BDA
:106E700027F040429A425BD0FF0F013F56EA0703DA
:106E800000F08280554B9D4240F3B08003F10473C3
:106E90009D4240F34184524B9C4240F38280B8F1C2
:106EA000000F40F3828048A3D3E90023104619461F
:106EB00018F072F9CDE90001A8E728B1494813B0EC
:106EC000BDE8F04F1BF0DEB8A542F7DCA8E704F1FF
:106ED000404303F5801353EA0A0393D0404B9C428E
:106EE00040F39083B8F1000F5FDBDDE90234CDE9B8
:106EF00000348BE7BCF1000F95D07CE73A4B9D4204
:106F000037DCA3F154739D4293DD2B15A3F2FF33BD
:106F1000142B40F3E983C3F134032CFA03F202FA91
:106F200003F3634585D102F00102C2F1020681E755
:106F3000B8F1000F07DADDE900230020254918F039
:106F400055FACDE90001002FBFF660AF04F14044CF
:106F500004F5801454EA060300F03C84012E7FF40B
:106F600055AFDDE90045224605F10043CDE9002398
:106F70004CE702265EE7B8F1000FC0F24F834846A7
:106F80005946CDE9000141E74A4648465B46594625
:106F900017F04AFF02460B4618F028FACDE9000127
:106FA00034E7B8F1000FFFF67EAF00230024CDE9EF
:106FB00000342BE74A4648465B46594618F0ECF841
:106FC000CDE9000122E700BF9C7500883CE4377ED4
:106FD0000000F07F0000F03F0000E03F0000E041D3
:106FE000FFFFEF3F3C3D0200FFFF3F43B4F5801F32
:106FF00080F28F83DDE900010022CF4B18F0CCF83E
:10700000CDE900010C466FF0340C2315CB4DC4F3D1
:107010001302A3F2FF3342F07F5403EB0C01AA42A8
:107020000B9144F4401440F36F83C54B9A4240F3F4
:10703000F38300220023CDE9082301310B91A4F54D
:107040008014CDE91023BF4B0022CDE90623002593
:10705000DDE90001DDE906232146824617F0E4FE62
:10706000A346DDE906238046894650462146CDE900
:107070000CAB17F0DBFE02460B460020B14918F0BE
:10708000B5F90A460146CDE90E12134649460246B5
:10709000404618F081F8631043F0005382468B4657
:1070A00003F500238C46CDE904AB5919D3460023E0
:1070B000CDE900BC0093DDE900AB002004460D469D
:1070C00002460B465046594618F066F802460B46F3
:1070D0004046494617F0A8FEDDE90623804689466A
:1070E0002046294617F0A0FE02460B46DDE90C01BA
:1070F00017F09AFE52465B4618F04EF802460B46D1
:107100004046494617F090FEDDE90E2318F044F89A
:10711000DDE90445CDE9060122462B4620462946F5
:1071200018F03AF872A3D3E9002304460D4618F08C
:1071300033F871A3D3E9002317F078FE22462B46DB
:1071400018F02AF86EA3D3E9002317F06FFE224649
:107150002B4618F021F86CA3D3E9002317F066FE44
:1071600022462B4618F018F869A3D3E9002317F03C
:107170005DFE22462B4618F00FF867A3D3E90023E3
:1071800017F054FE2246804689462B462046294663
:1071900018F002F802460B464046494617F0FCFF3D
:1071A000524604460D465B46DDE9040117F03EFEFB
:1071B000DDE9062317F0F0FF22462B4617F036FED6
:1071C0005246804689465B465046594617F0E4FFD2
:1071D00000225D4BCDE90C0117F028FE42464B46DC
:1071E00017F024FE00980D46044622462B465046D2
:1071F000594617F0D1FF002282468B46524B20465B
:10720000294617F011FEDDE90C2317F00DFE0246AA
:107210000B464046494617F007FEDDE9042317F008
:10722000BBFF2246804689462B46DDE9060117F062
:10723000B3FF02460B464046494617F0F7FD80462D
:10724000894602460B465046594617F0EFFD009816
:1072500033A3D3E9002304460D4617F09DFF5246A1
:10726000CDE904015B462046294617F0DDFD0246C4
:107270000B464046494617F0D7FD2BA3D3E9002320
:1072800017F08AFF2AA3D3E90023804689462046C7
:10729000294617F081FF02460B464046494617F043
:1072A000C5FDDDE9102317F0C1FD80460B98894626
:1072B00017F008FF424682468B464B46DDE9040143
:1072C00017F0B4FDDDE9082317F0B0FD52465B4628
:1072D00017F0ACFD009852465B4604460D4617F089
:1072E000A3FDDDE9082317F09FFDDDE904232DE070
:1072F000EF4E454A287ECA3F65DBC9934A86CD3F9B
:1073000001411DA96074D13F4D268F515555D53F80
:10731000FFAB6FDBB66DDB3F033333333333E33F18
:10732000000000E009C7EE3FFD033ADC09C7EE3F6D
:10733000F5015B14E02F3EBE000040438E98030031
:1073400079B60B000000F03F0000084017F06CFD1C
:107350000B4602464946404617F066FD013E56EA96
:10736000070382468B46DDE9020114BFD84BD94B97
:107370000022CDE9042302460B46CDE90023002379
:107380000093DDE9006732463B4617F04DFD22468B
:107390002B4617F001FFDDE902238046894650465F
:1073A000594617F0F9FE02460B464046494617F08B
:1073B0003DFD3246804689463B4620462946CDE97A
:1073C000028917F0E9FE0B46024606460F46404684
:1073D000494617F02BFDC04B994204460D468A469C
:1073E00040F3268101F13F4303F5E003034340F0FE
:1073F000F781A3A3D3E90023DDE9020117F016FD0D
:107400003246804689463B462046294617F00CFD09
:1074100002460B464046494618F04EF9002840F017
:10742000DF81A8464FEA2853A3F2FE324FF48013BF
:1074300013415344C3F30A52A84DA2F2FF3215413F
:10744000C3F3130423EA05010020C2F1140B44F432
:107450008014BAF1000F02460B4644FA0BFB30468B
:107460003946B8BFCBF1000B17F0DEFC02460B46E5
:1074700006460F46DDE9020117F0D8FC4FEA0B5A29
:107480000D46002480A3D3E900232046294617F0A7
:1074900083FE3246804689463B462046294617F001
:1074A000C3FC02460B46DDE9020117F0BDFC78A3E0
:1074B000D3E9002317F070FE77A3D3E90023064633
:1074C0000F462046294617F067FE02460B46304617
:1074D000394617F0ABFC06460F4602460B464046BF
:1074E000494617F0A3FC42464B4604460D4617F0AA
:1074F0009BFC02460B463046394617F095FC224667
:10750000804689462B462046294617F045FE64A34F
:10751000D3E9002306460F4617F03EFE62A3D3E9E7
:10752000002317F081FC32463B4617F035FE60A37E
:10753000D3E9002317F07AFC32463B4617F02CFEC5
:107540005DA3D3E9002317F06FFC32463B4617F0EA
:1075500023FE5BA3D3E9002317F068FC32463B46C9
:1075600017F01AFE02460B462046294617F05CFC2F
:1075700006460F4602460B462046294617F00CFEEB
:107580000022CDE900014FF080433046394617F024
:107590004BFC02460B46DDE9000117F027FF42468F
:1075A00006460F464B462046294617F0F5FD424653
:1075B0004B4617F03BFC02460B463046394617F067
:1075C00033FC22462B4617F02FFC02460B460020C8
:1075D0003F4917F029FC8A44BAF5801FC0F22D817B
:1075E0005146DDE9042317F0D7FDCDE900010DE494
:1075F000002FFFF631AC4846594613B0BDE8F04FB6
:1076000019F094BCB8F1000FBFF6CFACDDE902343D
:10761000009304F100430193FFF7F8BB4A465B4631
:1076200000202B4917F0E2FECDE90001FFF7EEBB89
:107630002B4B21F00048984540F3E280294B0B4446
:1076400003430AD132463B4617F0EEFBDDE9022345
:1076500018F028F800283FF4E5AE1BA3D3E9002377
:10766000DDE9040117F098FD17A3D3E9002317F013
:1076700093FDCDE90001FFF7C9BB00BFAFF3008068
:10768000FE822B654715973C00000000432EE63F25
:10769000EF39FAFE422EE63F396CA80C615C20BE41
:1076A000D0A4BE726937663EF16BD2C541BDBB3E08
:1076B0002CDE25AF6A56113F93BDBE166CC1663FE6
:1076C0003E5555555555C53F59F3F8C21F6EA50196
:1076D0000000F03F0000F0BFFFFF8F40FFFF0F00F2
:1076E000FFCB904000346F3FBCF1000F40F0918021
:1076F000C3F1140345FA03F202FA03F3AB4200F0BC
:10770000A0806646FFF79CBB00220023CDE908233A
:1077100097E44FF0000C78E45B4B9C427FF741AC60
:107720005A4B9C423FF7BBABDDE900010022574BAF
:1077300017F07AFB46A3D3E9002304460D4617F061
:107740002BFD45A3D3E9002382468B4620462946DC
:1077500017F022FD0022CDE900014D4B20462946BD
:1077600017F01AFD02460B463DA1D1E9000117F0C2
:107770005BFB22462B4617F00FFD02460B4600200E
:10778000444917F051FB2246804689462B46204645
:10779000294617F001FD02460B464046494617F0C0
:1077A000FBFC31A3D3E9002317F0F6FC02460B469D
:1077B000DDE9000117F038FB02460B46804689469A
:1077C0005046594617F032FB002004460D465246FB
:1077D0005B46BBE5DDE9002310461946FFF7D8BB41
:1077E00023A3D3E90023DDE9040117F0D5FC20A38E
:1077F000D3E9002317F0D0FCCDE90001FFF706BB69
:10780000244B98453FF70EAEDDE9002392469346A0
:1078100037E60026FFF720BB17A3D3E90023CDE905
:10782000082317A3D3E90023CDE910231A4B002224
:107830004FF48025CDE906230AE45A4601F02CFDD9
:10784000CFE602F00102C2F10206FFF7F9BA00BF6B
:10785000000000604715F73F44DF5DF80BAE543E73
:10786000555555555555D53FFE822B654715F73F64
:107870009C7500883CE4377E0000004003B8E23F7E
:1078800006D0CF43EBFD4C3EFEFFEF3F0000F03F44
:107890000000D03F0000E03F0000F83F0000000083
:1078A0002DE9F04FC84E21F00047B7428FB00B468C
:1078B00040F38F809246C54A97420C4626DC002949
:1078C000B7A3D3E9002340F38F8017F0ADFAC04B84
:1078D0009F4204460D4600F04681B3A3D3E900233E
:1078E00017F0A2FA02460B46CAE9002320462946B1
:1078F00017F09AFAACA3D3E9002317F095FA012503
:10790000CAE9020128460FB0BDE8F08FB14A97429C
:1079100040F38980B04A974200F31C813D15A5F2DF
:107920001645A7EB055319461F46064617F0E4FE19
:1079300017F0C8FB8046894602460B46304639465A
:10794000CDE9088917F070FA0022A44B17F024FC47
:107950008946804617F0D0FE17F0B4FB02460B466E
:1079600006460F4640464946CDE90A6717F05CFADD
:1079700000229A4B17F010FC00220023CDE90C01E5
:1079800017F072FE002800F05D8100233046394672
:10799000002217F069FE002814BF01230223904A39
:1079A000019202212A46009108A8514600F080FB6E
:1079B000002C054614DADAF80420DAF80C3002F16B
:1079C000004203F100434542CAF80420CAF80C30D3
:1079D00006E0C2E9000100250024C2E902450025B5
:1079E00028460FB0BDE8F08F17F020FA784B9F4281
:1079F00004460D4600F008816BA3D3E9002317F07D
:107A000015FA02460B46CAE900232946204617F01C
:107A10000BFA65A3D3E9002317F008FA4FF0FF35FE
:107A2000CAE90201DCE718F077F961A3D3E9002382
:107A30008046894617F0B0FB00226A4B17F0F6F932
:107A400017F05AFE054617F03DFB55A3D3E9002376
:107A5000CDE9040117F0A0FB02460B46404649461B
:107A600017F0E2F950A3D3E90023CDE90201DDE9E3
:107A7000040117F091FB1F2D8046894602460B46F4
:107A8000DDE9020140F3B08017F0CEF983460E46DF
:107A90003F15C6F30A53FB1A102B40F3B08046A3E0
:107AA000D3E90023DDE9040117F076FB804689461F
:107AB00002460B46DDE9020117F0B6F902460B4615
:107AC000DDE90201CDE9062317F0AEF942464B4647
:107AD00017F0AAF93AA3D3E9002380468946DDE9E5
:107AE000040117F059FB42464B4617F09DF90B462F
:107AF000024680468946DDE9060117F095F9C1F393
:107B00000A53FF1A312F83460E4600F39D8002462A
:107B10000B46CAE90023DDE90623CDE902235A46D4
:107B20003346DDE9020117F07FF942464B4617F074
:107B30007BF9002C02460B46CAE90223BFF650AF80
:107B400006F1004601F10041CAE900B6CAE90201A6
:107B50006D4245E7024617F067F90025CAE90201C0
:107B6000CAE900013CE714A3D3E9002317F05CF94C
:107B700013A3D3E900230D46044617F055F9024636
:107B80000B46CAE900232946204617F04DF90CA3FD
:107B9000D3E9002317F048F90125CAE902011FE7DC
:107BA00000004054FB21F93F3163621A61B4D03DBB
:107BB00083C8C96D305FE43F0000601A61B4D03DF6
:107BC0007370032E8A19A33BFB21E93F7BD9024046
:107BD000FB21F93FFB213941FFFFEF7F000070419E
:107BE000504C02000000E03F17F01EF93A4B6A1EAD
:107BF000834653F82230BB420E463FF449AF5A4603
:107C00003346CAE900238AE72BA3D3E9002317F000
:107C10000DF92BA3D3E900230D46044617F006F90E
:107C200002460B46CAE900232946204617F0FCF815
:107C300023A3D3E9002317F0F9F84FF0FF35CAE981
:107C40000201CDE60323AAE61FA3D3E90023DDE961
:107C5000040117F0A1FADDE9068906460F4602463F
:107C60000B464046494617F0DFF802460B464046B1
:107C70004946CDE9022317F0D7F832463B4617F0C4
:107C8000D3F813A3D3E9002306460F46DDE9040128
:107C900017F082FA32463B4617F0C6F802460B460A
:107CA00080468946DDE9020117F0BEF883460E469C
:107CB000A5E700BFAFF300800000601A61B4D03DBB
:107CC0007370032E8A19A33B0000002E8A19A33B70
:107CD000C14920259A837B39D04B02000000000067
:107CE000574A2DE9F84F21F0004890450E460746C7
:107CF0002CDC544B0029B4BF534D544D98454FF0E4
:107D0000000411DC524B984526DC4BA3D3E9002339
:107D100017F08CF800224F4B17F0CEFC002840D013
:107D200038463146BDE8F88F4B4B984530DD4B4B1C
:107D3000984568DD0133984562D0384631463EA308
:107D4000D3E9002317F028FABDE8F88F02460B4666
:107D500017F06CF8BDE8F88F17F0DEFF01F054F86B
:107D60003F4B984506460F4623DD0022394B17F05E
:107D70005DF802460B463046394617F037FB32466F
:107D80003B4617F053F822462B4617F005FAE1E779
:107D900017F0C2FFFEF740FC22462B4617F0FCF915
:107DA000D8E73846314617F0B7FF01F02DF8064600
:107DB0000F4632463B463046394617F037F83246D2
:107DC00082468B463B463046394617F0E5F900229D
:107DD000804689461F4B3046394617F027F8024641
:107DE0000B464046494617F001FB02460B465046FB
:107DF000594617F019F822462B4617F0CDF9A9E796
:107E0000184B984299D83846314617F085FF002222
:107E10000E4B17F0C1F9FEF7FFFB06460F46024670
:107E20000B462046294617F0B7F932463B4617F075
:107E3000B3F98FE7AFF300803374AC3C1F7BAC7FAA
:107E4000FFFFEF7FFFFF35400000E0BF0000E03F95
:107E5000FFFF2F3E0000F03F412E8640CD3386408D
:107E6000FFFFEF3F7DF8B98F2DE9F04F21F000467D
:107E7000B6F1795F85B00C4692469B4605466BDAB3
:107E800017F03AFC002800F0E2802A4623462846F4
:107E9000214617F081F974A3D3E90023804689466F
:107EA00017F07AF972A3D3E9002316F0BFFF424618
:107EB0004B4617F071F970A3D3E9002316F0B4FF15
:107EC00042464B4617F068F96DA3D3E9002316F03C
:107ED000ADFF42464B4617F05FF96BA3D3E9002391
:107EE00016F0A2FF42464B4617F056F968A3D3E9B5
:107EF000002316F09BFF42464B4617F04DF9CDE9A3
:107F000000010022644B4046494617F045F9DDE97F
:107F1000002306460F464046494617F03DF95246B3
:107F2000804689465B462846214617F035F90246C9
:107F30000B464046494616F077FF02460B46304650
:107F4000394616F071FF02460B460020534916F0E1
:107F50006BFF05B0BDE8F08F02460B4617F01CF929
:107F600041A3D3E900238046894617F015F940A3C1
:107F7000D3E9002316F05AFF42464B4617F00CF99E
:107F80003DA3D3E9002316F04FFF42464B4617F0BE
:107F900003F93BA3D3E9002316F048FF42464B46C2
:107FA00017F0FAF838A3D3E9002316F03DFF424654
:107FB0004B4617F0F1F836A3D3E9002316F036FF4D
:107FC0004B46424617F0E8F8354B9E42CDE900019A
:107FD00097DD344B9E424FF000023DDCA6F50013C6
:107FE00000202E4916461F4616F01EFFCDE902015D
:107FF0000022294B4046494617F0CEF832463B4610
:1080000016F012FFDDE9002306460F4640464946BA
:1080100017F0C2F85246804689465B4628462146FC
:1080200017F0BAF802460B464046494616F0FCFEE9
:1080300002460B463046394616F0F6FE02460B461F
:10804000DDE9020116F0F0FE05B0BDE8F08F13493E
:10805000002005B0BDE8F08F134B144FCDE902238B
:108060000026C5E7AFF30080D43888BEE9FAA8BD82
:10807000C4B1B4BD9EEE213EAD529C804F7E923E77
:108080009015CB19A001FA3E7751C1166CC1563F2D
:108090004C5555555555A53F0000E03F0000F03FB9
:1080A0003233D33F0000E93F0000E73F0000D23FFA
:1080B0002DE9F04FADF5197DBE4CA29EBE4D54F892
:1080C00026700793D41E85FB0465E417C4EBA50452
:1080D00024EAE4741D46631CA3EB8303013D02EB19
:1080E000C30305937B1909940497019506460B91E8
:1080F000A4EB05041BD423445D1C20AF4FF0000803
:108100004FF00009DDF88CA208E05AF8240016F0C0
:10811000D9FF0134AC42E7E8020108D0002CF4DAC0
:10812000013440464946AC42E7E80201F6D1049BDF
:10813000002BC0F2B083079BA6F10802DB001146BA
:10814000039220AA02EB0309029301EB0308049BAC
:1081500072AA02EBC30B0DF5E07A019B002BC0F273
:108160009581039C4D460026002775E90223F4E91A
:10817000020117F011F802460B463046394616F058
:1081800055FE444506460F46EFD1EAE80267DA4558
:1081900009F10809E1D1DDE90204049920448B00CA
:1081A00082460BA8A3F10802C31808930CAB134432
:1081B0000A938B4698AB03EBCB03BBF1000F53E95B
:1081C000284529DD70AB03EBCB080DF13009002207
:1081D0007A4B2046294616F0DFFF17F08DFA16F08D
:1081E00071FF0022764B06460F4616F0D5FF024679
:1081F0000B462046294616F017FE17F07DFA78E95F
:10820000022349F8040B3946304616F00FFE70ABD6
:10821000984504460D46DAD1DDF8149020462946EB
:108220004A4601F039F800224FF07F5304460D46CC
:1082300016F0B2FFFCF724FF0022624B16F0ACFFF1
:1082400002460B462046294616F0EEFD0D46044632
:1082500017F052FA804616F035FF0B4602462946C3
:10826000204616F0E1FD4B46002B06460F4640F334
:10827000E1800BF1FF320CA9C9F1180351F822502B
:1082800045FA03F101FA03F30CA8EB1A40F8223087
:10829000C9F11705884443FA05F5002D2CDDBBF123
:1082A000000F08F1010840F394820C9C002C40F070
:1082B000A780BBF1010F0AD00CA9012251F8044F8D
:1082C000531C002C40F09E809B451A46F6D1059B1E
:1082D000002B0EDD012B00F09C81022B09D10BF14C
:1082E000FF320CAB0CA953F82230C3F3150341F84D
:1082F0002230022D00F0AF800022002330463946A4
:1083000017F0B2F9002800F06682049B0BF1FF39E8
:108310004B4510DC0BF180430CAA013B089802EBA3
:108320008303002253F80419834242EA0102F9D17F
:10833000002A40F0B580049B0CAA013B52F8233080
:10834000002B40F0A1800A9A012352F8041901334E
:108350000029FAD05B440BF101099945069349DCE9
:10836000099A079909EB020801EB0B0508F180480F
:1083700002EB030BA39B08F1FF3803EB880870ABFB
:1083800003EBC909A39B20A903EB8B0301EBC505F4
:10839000029358F8040F16F095FE019B002BC5E9D7
:1083A000000105F1080B28DB083D039C002600278F
:1083B0000CE000BFF0500200ABAAAA2A0000703EF9
:1083C000000070410000204075E80201F4E902233A
:1083D00016F0E2FE02460B463046394616F026FD00
:1083E000544506460F46EFD1029B9845E9E80267DF
:1083F0005D46CED1DDF818B0DCE600260027F3E7B5
:10840000012300220CA9C4F180749B4541F822404D
:108410000EDD51F8232001EB8B0001EB83036FF09D
:108420007F4100E01A688A1A43F8042B8342F9D18D
:1084300001244CE706D10BF1FF330CAA52F823506C
:10844000ED152AE70022BE4B17F02CF9002840F06A
:10845000B981054650E732463B460020B94916F03F
:10846000E3FC06460F46002C3FF446AF059AB5499B
:10847000002000F011FF02460B463046394616F048
:10848000D3FC06460F4637E7012363E700260027A3
:10849000EAE80267DA4509F108097FF45EAE7AE698
:1084A0000CAB059A53F82930183ACDE906850592A8
:1084B0006BB909F18043013B0CA901EB830353F82D
:1084C000041909F1FF39183A0029F8D00592059AE4
:1084D0009C49002000F0E0FEB9F1000F04460D4673
:1084E000C0F2E0814FEAC90370AA02EB03080893C7
:1084F0000CAB03EB8906DFF850B208F1080704362D
:108500004FF0000A56F8040D16F0DCFD22462B460B
:1085100016F042FE5B4667E90201524620462946B4
:1085200016F03AFE0CAB9E4204460D46EAD148AB2B
:1085300003930193CDF8149009F10103DDF8109035
:108540000293C3464FF0000AB9F1000FC0F2378121
:10855000DFF8F8815D4678A3D3E9002300260027E1
:10856000002403E0544510DCF8E80223F5E802019A
:1085700016F012FE02460B463046394616F056FCFF
:108580000134A14506460F46ECDA019BE3E8026799
:108590000193029B0AF1010A9A45ABF1080BD3D172
:1085A000A29BDDF81490032B2CD8DFE813F0E80031
:1085B000D300D3003F00079B00200146002B40F072
:1085C00043810D460B460B990446C1E900450399CA
:1085D0000246D1E9000116F027FCB9F1000F0CDDCD
:1085E000039D0124F5E90223013416F01FFCA14587
:1085F000F8DA079B002B40F037810B460B990246B7
:10860000C1E90223069B03F007000DF5197DBDE8C3
:10861000F08F0BF1FF320CAB0CA953F82230C3F3EF
:10862000160341F8223064E648AB0393B9F1000F1A
:1086300040F35581039ACDF808904FEAC90302EB45
:108640000308D8E900AB0193914658E90267524606
:108650005B463046394616F0E9FB04460D460246B5
:108660000B463046394616F0DFFB52465B4616F0A5
:10867000DDFBC8E9000168E90245C145A246AB46F9
:10868000E3D1DDF80890B9F1010F40F32881019B97
:10869000039A1344D3E9006701939A460DF5947B3E
:1086A0005AE9028932463B464046494616F0BEFB2F
:1086B00004460D4602460B464046494616F0B4FBBA
:1086C00032463B4616F0B2FBCAE900016AE90245B0
:1086D000D34526462F46E3D10399019C002301F19F
:1086E0001005083419461E46304674E9022316F078
:1086F0009DFBA5420346F6D10A460399D1E9008CB9
:10870000D1E902E90799002900F0B1800B9C2361AF
:10871000069BC4F800800CF1004009F1004102F111
:108720000042606003F00700E1606261C4F808E0A5
:108730000DF5197DBDE8F08F00000040FB21F93FE9
:108740000000E03F0000F03F0000703E10350200E6
:1087500048AB0393B9F1000FFFF62DAF039F002044
:1087600007EBC9060836014676E9022316F05EFBE0
:10877000B742F9D1079B002B3FF423AF64E0089C7C
:10878000039D083400222C4411461646304674E9F5
:10879000022316F04BFBA5420246F6D10B46079981
:1087A00009B103F1004319460B9B1046C3E90001D0
:1087B000069B03F007000DF5197DBDE8F08F00263C
:1087C0000027E2E6BBF1000F08F101087DDD02257C
:1087D0006BE500247BE5CDE90685059D30463946ED
:1087E0006A4200F059FD00223E4B06460F4616F045
:1087F00059FF00B300223C4B3046394616F0CCFC02
:1088000016F07AFF044616F05DFC0022354B16F098
:10881000C3FC0B4602463946304616F005FB16F0FF
:108820006BFF0BF101090CAB183543F82B000595D4
:1088300043F829404BE63046394616F05DFF0CAB55
:10884000D94643F82B0042E60B9C0B4601F1004150
:10885000C4E9000103990246D1E9000116F0E4FAE7
:10886000B9F1000F3FF7BCAE01F10041C5E6184673
:108870000B9B4646744667464D461146C3E90401C4
:10888000C3E90067C3E90245069B03F007000DF545
:10889000197DBDE8F08FA6F108030393079BDB0069
:1088A000029378E4A29B032B3FF6ACAE01A252F8F0
:1088B00023F000BFC58800005187000051870000E9
:1088C000298600000022134669E732463B46002015
:1088D000064916F0A9FA022506460F460CE50023C4
:1088E0001A460AE7000070410000703E0000F03FA9
:1088F0002DE9F04F21F00046B6F1795F85B00C46C6
:1089000090469946054604DA16F0F6FE002800F077
:1089100085802A4623462846214616F03DFC064619
:108920000F4602460B462846214616F035FC3EA36C
:10893000D3E9002382468B463046394616F02CFC9C
:108940003BA3D3E9002316F06FFA32463B4616F0FC
:1089500023FC39A3D3E9002316F068FA32463B46DC
:1089600016F01AFC36A3D3E9002316F05DFA32465E
:108970003B4616F011FC34A3D3E9002316F056FA57
:108980000E9BCDE900019BB30022334B4046494684
:1089900016F002FCDDE90023CDE9020150465946FC
:1089A00016F0FAFB02460B46DDE9020116F03CFA2E
:1089B00032463B4616F0F0FB42464B4616F034FA80
:1089C00023A3D3E9002306460F465046594616F026
:1089D000E3FB02460B463046394616F027FA0246BC
:1089E0000B462846214616F01FFA05B0BDE8F08F69
:1089F00002460B463046394616F0CEFB14A3D3E9A7
:108A0000002316F011FA52465B4616F0C5FB2A46C3
:108A1000234616F00BFA05B0BDE8F08F2846214634
:108A200005B0BDE8F08F00BF7CD5CF5A3AD9E53DFF
:108A3000EB9C2B8AE6E55A3E7DFEB157E31DC73E0F
:108A4000D561C119A0012A3FA6F810111111813F6B
:108A5000495555555555C53F0000E03F0000000001
:108A60002DE9F04FDA4C21F00046A64287B08A4645
:108A700089461746984683461BDC16F03DFE0028C3
:108A800039D1109B5A4601331343334300F0A88178
:108A9000109B012B00F0B1815A4653460020CD496E
:108AA00016F0A4FC04460D462046294607B0BDE852
:108AB000F08FC94B9E421EDD002904DA01F100430C
:108AC00008F100489A465A465346A3A1D1E900014D
:108AD00016F0AAF93A46434604460D46A0A1D1E94C
:108AE000000116F0A1F922462B4616F09FF9002747
:108AF00083468A46B8465A4653465846514616F06B
:108B00004BFB03460C46CDE9003402460B4616F0FB
:108B100043FBDDE9002304460D465846514616F056
:108B20003BFB91A3D3E90023CDE90201204629466E
:108B300016F032FB8EA3D3E9002316F077F9224614
:108B40002B4616F029FB8CA3D3E9002316F06EF90F
:108B500022462B4616F020FB89A3D3E9002316F00A
:108B600065F922462B4616F017FB87A3D3E90023AD
:108B700016F05CF922462B4616F00EFB84A3D3E9CF
:108B8000002316F053F9DDE9002316F005FB82A35C
:108B9000D3E90023CDE904012046294616F0FCFA6A
:108BA0007FA3D3E9002316F041F922462B4616F0A5
:108BB000F3FA7DA3D3E9002316F038F922462B46B9
:108BC00016F0EAFA7AA3D3E9002316F02FF9224629
:108BD0002B4616F0E1FA78A3D3E9002316F026F924
:108BE00022462B4616F0D8FA75A3D3E9002316F0D7
:108BF0001DF902460B46DDE9040116F017F9DDE91F
:108C0000022316F0C9FA3A46434616F00FF9DDE999
:108C1000002316F0C1FA3A46434616F007F96AA354
:108C2000D3E9002304460D46DDE9020116F0B4FA4B
:108C300022462B4616F0FAF8CDE900010B46024613
:108C40005146584616F0F2F8634B9E4204460D46D4
:108C50003EDC109B012B36D002460B4600205D49BE
:108C600016F0C4FB00240F4606465A4653462046DB
:108C7000294616F0D9F8A04602460B46DDE9000168
:108C800016F0D2F842463B4616F086FAA94604464C
:108C90000D4642463B464046494616F07DFA0022C4
:108CA0004E4B16F0C3F802460B462046294616F0F6
:108CB000BDF832463B4616F06FFA42463B4616F088
:108CC000B5F804460D462046294607B0BDE8F08FAA
:108CD000109816F0F7F9224606460F462B46204616
:108CE000294616F059FA3246CDE902013B462046A4
:108CF000294616F09BF802460B46DDE9020116F004
:108D000075FBDDE9002316F08FF802460B46584646
:108D1000514616F089F802460B4616F087F80246CF
:108D20000B463046394616F07FF804464FEAA970E4
:108D300000F00200C0F101000D4616F0C3F9024632
:108D40000B462046294616F027FA04460D462046D3
:108D5000294607B0BDE8F08F182D4454FB21E93FA8
:108D6000075C143326A6813CD47ABF74702AFB3E7C
:108D7000E9A7F0320FB8123F68108D1AF726303F7E
:108D80001583E0FEC8DB573F93846EE9E326823FFC
:108D9000FE41B31BBAA1AB3F735360DBCB75F3BE8F
:108DA000A69237A0887E143F0165F2F2D844433F73
:108DB000280356C9226D6D3F37D60684F464963F6A
:108DC0007AFE10111111C13F635555555555D53FC8
:108DD000FFFF2F3E0000F0BF2794E53F0000F03F6B
:108DE0005846514616F098FF02460B4600200449AB
:108DF00016F0FCFA04460D4665E75C46554662E708
:108E00000000F03F000000002DE9F04FCA4A21F0B9
:108E10000043934285B00C460E46054620D9C74A0A
:108E2000934200F2D480002E80F2A081AAA3D3E95D
:108E300000232846214615F0F9FF0022002316F0F2
:108E40001DFC002840F0CE80A5A3D3E900232846CE
:108E5000214616F0A1F902460B460020B84990E1E0
:108E6000B84A934200F2E280B74A934240F22B8123
:108E7000002301930022B54B2846214616F08CF9B9
:108E800006460F4602460B462846214616F084F950
:108E900095A3D3E9002382468B4616F07DF994A36F
:108EA000D3E9002315F0C2FF52465B4616F074F971
:108EB00091A3D3E9002315F0B7FF52465B4616F0A5
:108EC0006BF98FA3D3E9002315F0B0FF52465B4640
:108ED00016F062F98CA3D3E9002315F0A5FF5246E2
:108EE0005B4616F059F90022994B15F09FFF80461A
:108EF000894602460B463046394616F04DF9024681
:108F00000B460020934915F08FFF064602460B469C
:108F10000F464046494615F087FF3246804689464F
:108F20003B462846214616F037F902460B460020FC
:108F3000894915F079FF02460B464046494616F02E
:108F400055FA52465B4616F027F9019E02460B463B
:108F5000002E4AD0DDE9026732463B4615F064FF39
:108F60002A46234616F018F932463B4615F05CFFB8
:108F70005B46524615F058FF019B013306460F46EB
:108F800000F01F81019B012B78D0019A531C392BD3
:108F90004FEA025600F22481019F132F40F35181C2
:108FA000019BC3F57F7A0AF1030A00224FEA0A53B4
:108FB00015F03CFF02460B462846214615F034FFCB
:108FC0000022634B15F032FF731819461BE0634A09
:108FD00093421BD9C1F313030343024640F01181AE
:108FE000002910DA00205E490DE02846214616F0DF
:108FF000D3F852465B4615F017FF02460B4628464B
:10900000214615F011FF05B0BDE8F08F40A3D3E96C
:10901000002316F051FB00283FF405AF3EA3D3E92F
:1090200000231046194616F0B7F8ECE74D4A934274
:1090300000F2EB8000293AA3D3E9002339DA15F0D6
:10904000F5FE39A7D7E900674FF0FF338046894620
:10905000019332463B464046494615F0E5FE02463E
:109060000B4605460C464046494615F0DDFE3246A5
:109070003B4615F0D9FECDE90201FBE62846214624
:109080000022394B16F0FAFA002800F0CB8028466F
:10909000214600222D4B15F0C9FE02460B463046F4
:1090A000394615F0C1FE00224FF0404316F074F827
:1090B000A9E715F0B9FE01238046894601931CA754
:1090C000D7E90067C5E714A3D3E9002315F0AEFE86
:1090D00002460B468FE700BF59F3F8C21F6EA50189
:1090E000FE822B654715F73F2DC3096EB7FD8ABE7B
:1090F0003952E686CACFD03EB7DBAA9E19CE143FBE
:109100008555FE19A0015A3FF41011111111A13F0C
:10911000EF39FAFE422E86409C7500883CE4377E8B
:109120000000E0FE422EE63F763C7935EF39EABD9D
:10913000763C7935EF39EA3D79684340412E8640E7
:109140000000E0BF422ED63FFFFF8F3C0000E03F13
:109150000000F03F0000084000001840FFFFEF7FD4
:109160000000F0BFB1A2F03F0000D0BF40A3D3E9A0
:1091700000232846214616F00FF802460B46002031
:10918000414915F053FE16F0B7FA019015F09AFF19
:1091900039A3D3E9002306460F4615F0FDFF02462A
:1091A0000B462846214615F03FFE35A3D3E90023A0
:1091B000804689463046394615F0EEFF06460F4692
:1091C00047E732463B462846214615F02DFE002251
:1091D0002D4B15F0E1FF00222B4B15F025FE12E779
:1091E0002A46234615F020FE02460B46002027495A
:1091F00015F01AFE731819460022244B15F014FEC0
:1092000001E70B4615F012FEFDE619A3D3E9002392
:1092100015F0C2FF002C02460B464FF00000AFDAFB
:109220001B49AEE732463B462846214615F0FCFD79
:1092300002460B4615F0FAFD0022144B15F0F6FD20
:10924000E1E64FF4001C2A4623464CFA07FA15F0D3
:10925000EBFDCAF17F594FF0000809F540190246AD
:109260000B464046494615F0DFFDADE6AFF3008002
:10927000FE822B654715F73F0000E0FE422EE63FD9
:10928000763C7935EF39EA3D0000E03F0000F03FE1
:109290000000E0BF00000000F8B5C1F30A53044627
:1092A0000D460E4617460BBB21F0004603463343DE
:1092B0001BD0354B002215F06FFF344B9F42044604
:1092C0000D4635DBC1F30A530E46363B3B4440F2B4
:1092D000FE72934232DC002B11DD26F0FF4626F4AD
:1092E000E00646EA035520462946F8BD40F2FF72E3
:1092F0009342EBD102460B4615F098FDF8BD13F1F1
:10930000350F28DA4CF250339F4222462B460ADDB5
:1093100019A1D1E9000118F0E7FF17A3D3E9002351
:1093200015F03AFFF8BD16A1D1E9000118F0DCFFF5
:1093300013A3D3E9002315F02FFFF8BD22462B46D7
:109340000DA1D1E9000118F0CFFF0BA3D3E9002351
:1093500015F022FFF8BD26F0FF4626F4E00636336E
:1093600046EA0355204629460022094B15F014FF12
:10937000F8BD00BFAFF300809C7500883CE4377EE9
:1093800059F3F8C21F6EA50100005043B03CFFFF27
:109390000000903C10B5054C237833B9044B13B151
:1093A0000448AFF300800123237010BD2802002081
:1093B000000000007852020008B5034B1BB10349BE
:1093C0000348AFF3008008BD000000002C0200201D
:1093D0007852020070B504460E4600F07DFA88B15E
:1093E0000368DB6A05469847082C0CD0A4F10903F2
:1093F000012B14D93246214610230D20BDE87040C0
:1094000004F064B970BD2B6828465B6A984702284F
:10941000F0DC2B6828461B6A04219847EAE72B6892
:1094200028465B6A98470528E4DC2B6828461B6AB7
:1094300008219847DEE700BF38B52DED028B0546C1
:1094400000F04AFA044640B10368DB6A9847032DEE
:1094500003D8DFE805F02F363D06BDEC028B002077
:1094600038BD20460DF004F907EE900A2046F8EECC
:10947000E78A0DF00DF907EE900A2046B8EEE78A6C
:109480000DF016F968EE087A07EE100AE8EEA87AF1
:10949000B8EEC77AE7EE077AF5EE407AF1EE10FA09
:1094A000B1EEE78A1BD4FDEEC87ABDEC028B17EE55
:1094B000900A38BDBDEC028B2046BDE838400DF067
:1094C000D7B8BDEC028B2046BDE838400DF0E0B8BF
:1094D000BDEC028B2046BDE838400DF0E9B817EE30
:1094E000900A17F0BBFBDEE738B5044600F0F4F94C
:1094F00058B10368DB6A0546984744B1012C04D192
:109500002846BDE83840FBF70FBA002038BD284692
:10951000BDE83840FBF7E8B910B5044600F0DCF9C7
:1095200028B1036821461B6ABDE81040184710BDEA
:109530000048704716FCFFFF704700BF10B5034B93
:10954000036004460CF070FE204610BD4843020044
:1095500010B5054B036004460CF066FE204619F07A
:1095600060FB204610BD00BF484302002DE9F041DA
:10957000032184B00546512001F010FDDFF854C3EB
:10958000C94B044604F00F06C4F3031714F48074A7
:1095900008BF6346C54831463A460BF0F1FF221C2E
:1095A00018BF012231463B46284610F0A1F900239E
:1095B000AB60BF480BF0E4FF4FF0FF31032001F038
:1095C000EDFC04F03BFB4FF0FF310446022001F0BC
:1095D000E5FC04F033FB002C55D0002853D00146A5
:1095E000204604F04DF90646002865D04FF0FF31C3
:1095F000462001F0D3FC3828044600F0D58019DD60
:109600003A2800F0BC8068285DD14FF0FF3101207E
:1096100001F0C4FC04F012FB80464C2019F00AFB58
:10962000052301934246009431462B4607460EF02F
:1096300075FD18E0302801D0322844D14FF0FF31B9
:10964000012001F0ABFC04F0F9FA80464C2019F03F
:10965000F1FAA4B20746052301934246009431462D
:109660002B460EF011FBAF603B6838469B6A98476B
:10967000A8680368DB6A98478E480BF081FF28468C
:1096800004B0BDE8F0818C480BF07AFF4FF0FF3159
:10969000192001F083FC04F0D1FA4FF0FF310446A9
:1096A000182001F07BFC04F0C9FA0146204604F0C2
:1096B000E7F80646002899D180480BF061FF28465C
:1096C00004B0BDE8F08101243268CDE900440023F4
:1096D000176AAB600F220DF10F0332213046B847F5
:1096E000002800F0A4803368CDE900440F221F6AEF
:1096F00030210DF10F033046B84700286BD0336896
:10970000CDE900440D221F6A38210DF10F033046C8
:10971000B847002800F091803368CDE900440D225D
:109720001F6A3A210DF10F033046B847002800F0B8
:10973000A0803268CDE900440DF10F03176A68215B
:1097400075223046B847002857D168215C480BF095
:1097500017FF4FF0FF31204601F020FC04F06EFAB5
:1097600080464C2019F066FA05246823CDE90034C0
:10977000424631462B4607460EF0D0FC73E74FF0C9
:10978000FF31012001F00AFC04F058FA8046442021
:1097900019F050FA052301934246009431462B46B6
:1097A00007460EF013FC5EE74FF0FF31012001F099
:1097B000F5FB04F043FA8046442019F03BFA0523F8
:1097C0000746019342462B46009431460EF0FEFBBD
:1097D0003C4B3B6047E7302139480BF0D1FE302449
:1097E0004FF0FF31012001F0D9FB04F027FA804649
:1097F0004C2019F01FFA07462DE733480BF0C0FE46
:10980000AF68002F7FF430AF4FF0FF31032001F03D
:10981000C5FB04F013FA30B12C480BF0B1FE28461A
:1098200004B0BDE8F0812A480BF0AAFE47E73221D8
:1098300023480BF0A5FE3224D2E7382120480BF054
:109840009FFE4FF0FF31204601F0A8FB04F0F6F92F
:109850008046442019F0EEF9052438230746CDE967
:10986000003442462B4631460EF0B0FB154B3B60B0
:10987000F9E63A2112480BF083FE4FF0FF31204603
:1098800001F08CFB04F0DAF98046442019F0D2F99B
:1098900005243A23CDE90034424631462B4607469B
:1098A0000EF094FBDFE600BF94350200A435020001
:1098B000C435020084360200D4350200E8350200C7
:1098C000143602006035020000360200283602001D
:1098D000643602009C35020038B5104C23680BB189
:1098E000986838BD4FF0FF31012001F057FB04F0BC
:1098F000A5F940B10C2019F09DF90546FFF736FE99
:109900002560A86838BD4FF0FF31032001F046FB09
:1099100004F094F90028EDD138BD00BF44020020C6
:1099200008B501F06DFCFBF75BFEBDE8084001F0F7
:10993000C5B900BF08B501F063FCFBF7C1FEBDE887
:10994000084001F0BBB900BF08B501F059FC16F0A2
:1099500059FABDE8084001F0B1B900BF08B501F0FF
:109960004FFC16F0CDFFBDE8084001F0A7B900BFDD
:1099700008B501F045FCFBF743FEBDE8084001F0E7
:109980009DB900BF08B501F03BFC16F069FCBDE8CD
:10999000084001F093B900BF08B501F031FCFBF7B6
:1099A000AFF8BDE8084001F089B900BF08B501F083
:1099B00027FC16F0ABFBBDE8084001F07FB900BF03
:1099C00070B5049E96420C4624DB15466BB9042AFA
:1099D00019D0022A02D110F0010310D001462A4604
:1099E000204607F04FFE002070BD10440D4410F8D3
:1099F000013D01F8013B8D42F9D1002070BD028884
:109A00000A80184670BD10F00303E7D102680A60AF
:109A1000184670BD0846002108F0C6FF4FF0FF3021
:109A200070BD00BF0830704740B1002905DB4368B6
:109A30008B4202DD0844007A70470020704700BF67
:109A400030B1002904DB43688B42C4BF4018027266
:109A5000704700BF40B1002905DB4368994202DA34
:109A60000844007A70470020704700BF830704D184
:109A7000030F0CBF0120002070470120704700BF7A
:109A800030B1002904DB43689942BCBF4018027220
:109A9000704700BFF8B5002B20DB00291EDB4668AD
:109AA0008E421BDB5468761AE51AB542A8BF3546CC
:109AB000002D13DB824202F108070C4600F1080674
:109AC0002A4605D0F918301907F0DCFD0020F8BD52
:109AD000F118381919F0E1F80020F8BD4FF0FF3007
:109AE000F8BD00BF4068704710B4141E10DB426818
:109AF000A2420DDB33EA230328BF1346121B0830B2
:109B00009A422044A8BF1A465DF8044B08F04CBFA7
:109B10005DF8044B704700BF10B443688B4200F1FE
:109B200008041846A8BF084632EA220128BF194691
:109B30001B1A99422044A8BF19465DF8044B00F057
:109B4000B5BE00BF70B5002BBCBF43689B1A002A8E
:109B50000E4620DB44689918A1421CDC91421ADBB6
:109B6000CBB136F0004116D05942B14214DAB342BB
:109B700012DD0830002E00EB020515DB9C1B22468F
:109B8000A919284619F089F8324628190021BDE89C
:109B9000704008F009BF70BD002211464FF0FF333E
:109BA000BDE87040FFF7A0BF74429A1929462819F2
:109BB00019F073F8224628460021BDE8704008F0ED
:109BC000F3BE00BF03460830596800F0EBBD00BF8C
:109BD00070B5054600206968490000F069FD6B68B2
:109BE000002B14DD0A4EEB1D02465C782411991FF0
:109BF000345D94715C7804F00F04491B345DD471BA
:109C00006C688C4202F1020203F10103EDDC70BDCD
:109C100094360200002BBCBF43689B1A002A30DB3D
:109C200070B445689C18AC4229DC944227DB33B3FE
:109C300031F0004423D00029B8BF01EB032191FB90
:109C4000F3F403FB1411002900F10800B8BFC91890
:109C5000024411448A42134411D00C4604E08A4263
:109C600004460FD094420AD02046157810F8016BB4
:109C700002F8016B83422570F1D10C46F2E770BC0B
:109C8000704770470146EDE700B583B04FF0FF33F2
:109C900000930023FFF7FEFE03B05DF804FB00BF56
:109CA00010B50C1E0EDD4168083002F0D1F81F2CF3
:109CB00007DC0123A34020FA04F4013B444004EAFA
:109CC000030010BD002010BD0146002000F0EEBDD5
:109CD00038B50021054600F093FD0146002000F054
:109CE000E5FD044600F10801284600F089FD204604
:109CF00038BD00BF30B5013A83B004460D460F2A87
:109D000013D8DFE802F0141408086114141B1B7345
:109D10004A2554675A38184601F004FB012D04DD2A
:109D200080B2E20754BF2080208003B030BD1846C7
:109D300001F0F8FA002DF8DD2070F6E7184601F082
:109D4000F1FA012DF1DDC0F3072360702370ECE719
:109D5000184601F07DFA032D0090E6DD9DF8000025
:109D60009DF801109DF802209DF803302370E070EB
:109D7000A1706270D9E7184601F042FA072DCDE9CB
:109D80000001D2DD0DF1FF3204F1080312F8011FCA
:109D900003F8011D9C42F9D1C7E7184601F058FAB3
:109DA000032DC2DDA3070CBF20602060BDE718466D
:109DB00001F050FB032DF5DCB7E7184601F04AFB34
:109DC000032D0090CADCB0E7184601F0ABFA032D72
:109DD000E8DCAAE7184601F013FA072DCDE90001E7
:109DE000A3DD6B4603CB206061609EE7184601F05F
:109DF00099FA032D0090B1DC97E700BF30B4141E30
:109E000007DB456808300A462044291B30BCFFF7B1
:109E100071BF30BC704700BF00B5013A85B00F2A52
:109E200000F28880DFE802F01623303D4A56595C84
:109E30005F626571748083080091012308220DEB35
:109E40000201FFF7BDFDDDE9020100F037FF05B0BB
:109E50005DF804FB00910023012202A9FFF7B0FD89
:109E60009DF9080001F034F805B05DF804FB00919D
:109E70000023012202A9FFF7A3FD9DF8080001F0CD
:109E800027F805B05DF804FB00910023022202A927
:109E9000FFF796FDBDF9080001F01AF805B05DF86E
:109EA00004FB00910023022202A9FFF789FDBDF8FF
:109EB000080001F00DF805B05DF804FB00910023E7
:109EC000042202A9FFF77CFD029801F001F805B019
:109ED0005DF804FB01230091BEE701230091C8E770
:109EE00000910123D2E700910123DCE700910123D7
:109EF000E6E700910023042202A9FFF761FD029822
:109F000000F0F0FF05B05DF804FB00910123F2E7DB
:109F100000910023042202A9FFF752FD029800F0ED
:109F2000CFFF05B05DF804FB0091002386E70091A8
:109F30000123EFE700208AE7131E09DB10B4446811
:109F400008300A461844E11A5DF8044BFFF764BF75
:109F5000002000F0BDBF00BF03F0AABA08B503F0AF
:109F6000ABFA20F0404008BD03F0B0BB0BF068B87E
:109F7000C11703F061BA00BF03F072BA03F082BAEE
:109F800000B583B003F092FA02AB63E90201082145
:109F9000184601F05DFF20F0404003B05DF804FB7F
:109FA00000B583B003F082FA02AB63E90201082135
:109FB000184600F07BFC03B05DF804FB81B138B5B6
:109FC0000B680C4608461B6A9847236805465B6A7F
:109FD0002046984701462846BDE8384004F0A2B91B
:109FE000704700BF01F054BE012002F0EBB800BF83
:109FF00008B5022002F0E6F840F29330BDE80840D0
:10A0000009F08CBA014B1860704700BF480200206D
:10A01000704700BF00207047002A2DE9F04340F34D
:10A02000B38000252E464FF0ED0CDFF8BCE11CE0BC
:10A0300003F0E004C02C2AD003F0F004E02C3FD061
:10A0400003F0F804F02C5AD00135023658B19F09BC
:10A05000044667F03F0704F8027B03F03F0363F018
:10A060007F034370204695420EDA4B5D1C06DFD419
:10A070007F2B05F10105E8D801360028F3D0954281
:10A08000037000F10100F0DB3046BDE8F0836C1C8A
:10A090009442D1DA4F197F7807F0C008B8F1800FE9
:10A0A000CAD14FEA831807F03F0708F4F86848EA76
:10A0B00007077F2F6CDC023625460028C7D1D4E77E
:10A0C000AC1C9442BCDA4C19677807F0C008B8F1B0
:10A0D000800FB5D194F8028008F0C004802CAFD175
:10A0E0001C0308F03F08BF01A4B207F47C6744EAF0
:10A0F00008043C43B4F5006FA6DB03352DE0EC1CEF
:10A100009442A1DA4C19677807F0C008B8F1800FC3
:10A110009AD194F8028008F0C009B9F1800F93D168
:10A1200094F8039009F0C004802C8DD19C0409F0B0
:10A130003F093F0304F4E01407F47C374FEA881822
:10A1400044EA09043C4308F47C6844EA0804A4F5A2
:10A15000803777453FF678AF0435B4F5803F1AD2A3
:10A16000033600283FF47FAF270BC4F3851304F0B8
:10A170003F0467F01F0763F07F0364F07F040770FC
:10A180004370847003306EE700263046BDE8F083EC
:10A190003B46023559E7063600283FF464AFA4F584
:10A1A0008034A70AC4F3090407F5584704F55C4353
:10A1B000C7F38518C3F3851407F03F0703F03F0387
:10A1C00068F07F0867F07F0764F07F0463F07F0327
:10A1D00080F800C080F803C080F8018087700471A7
:10A1E000437106303FE700BFFFFF0F0003781A06F8
:10A1F00001D41846704703F0E002C02A10D003F0E3
:10A20000F002E02AF5D1427881781803930103F433
:10A210007C6380B2184301F03F0303431846704744
:10A2200040789B0100F03F0003F4F86303431846B5
:10A23000704700BFC3888B423AD370B41B095B00E0
:10A240000C0986884ABB8568EA184CB104F10040C5
:10A25000013835F81030F61AB6B21A4401F00F0181
:10A260000024234602E001339E4213DB0134A14265
:10A2700002EB0300D55C0EDB2806F4D505F0E00008
:10A28000C02805F0F00511D0E02D08BF02330133DE
:10A290009E42EBDA002070BC704700F108021A44BD
:10A2A000002CDDD000EB4400C388D4E70133DAE7AB
:10A2B0000020704780880A30800870470630704759
:10A2C0008088704783888B4226BF06304018002064
:10A2D000704700BF80880A3080087047063070479A
:10A2E000808870478188E1B130B4841D0020034626
:10A2F00002E00133994210DDE25C150600F1010035
:10A30000F7D502F0E005C02D02F0F00207D0E02AF8
:10A3100008BF023301339942EEDC30BC7047013391
:10A32000E7E70846704700BF70B400228688851DA5
:10A33000134602E001339E4213DB0132914205EBEA
:10A340000300EC5C0EDB2006F4D504F0E000C0282E
:10A3500004F0F00408D0E02C08BF023301339E4221
:10A36000EBDA002070BC70470133E3E7032070474D
:10A37000C38880681B0900EB4300704780887047E2
:10A38000C08870470022FFF755BF00BFC388808890
:10A390001B0900EB43000C3080087047C38800F1B4
:10A3A00008021B0902EB4300704700BF0122FFF7C0
:10A3B00041BF00BF40680B30800870472DE9F04175
:10A3C000C4888588240907460B466400002A44D0C7
:10A3D00000F10808444421B12A46204607F052F90A
:10A3E00000236355FE88360986B3A8F1020808EBFE
:10A3F000460625442746281B1DD422781021002319
:10A4000007E00133984204EB030C14DB0139E25CF2
:10A4100020D012F0800FF4D002F0E00CBCF1C00F9D
:10A4200002F0F00214D0E02A08BF02330133984250
:10A4300004EB030CEADA4FF45C7009F06FF80023C8
:10A440001C46DB1B28F8023F4645D4D1BDE8F0810D
:10A450000133D6E764466346F3E716468268144440
:10A4600029B96155C6883609D7F80880BCE72A465D
:10A47000204607F007F96655FE883609F4E700BF65
:10A48000806808B101F084BD704700BF10B5044674
:10A49000406801F0A9FDA068BDE8104001F0A4BD2E
:10A4A0002DE9F04F404DA98883B08246002957D14D
:10A4B0003D48DFF8F890524600270646B84602F0BD
:10A4C000C5FB0DE002F0DAFB03684B4504465FD0A4
:10A4D0009B6A9847236880445B6A204698470744F4
:10A4E000AB883046002BEDD14FEA18146400781C7D
:10A4F000204402F085F9A98801900444002935D14F
:10A5000029485246814602F0A1FB14E002F0B6FB56
:10A51000264B02689A4283462ED0526A9047DBF857
:10A5200000200646136A58469847324601462046A0
:10A5300007F0A8F83444AA884846002AE6D10199D1
:10A540001B4BCAF8081050461146AAF80470AAF826
:10A550000680CAF8003003B0BDE8F04FFFF72EBF09
:10A5600040F2713008F0DAFFA988A1E740F27130BB
:10A5700008F0D4FFA988C3E78268A988484602F09A
:10A5800065FBDBF80420A988484602F05FFBD2E7B0
:10A590008268A988304602F059FB6268A988304673
:10A5A00002F054FB9CE700BF500200200437020079
:10A5B0004C37020010B50446FFF772FFE08810BD6B
:10A5C00010B50446FFF76CFFA08810BD10B5044617
:10A5D000FFF766FFE388A0681B0900EB430010BD8E
:10A5E00038B50D460446FFF75BFF2946204600229A
:10A5F000BDE83840FFF71EBE704700BF032070471C
:10A6000003207047C0887047704700BF808870473C
:10A61000704700BF80887047704700BF60B14368D3
:10A620008B4200D02BB9531C06D08368934203D0D1
:10A6300013B100680028F2D1704700BF084B1B68B7
:10A640005BB15A68904201D0002AF8D14A1C04D06C
:10A650009A68914201D0002AF1D11846704700BF94
:10A660004C0200202DE9F041104F3B6813B90AE07D
:10A670001B6843B15C688442FAD19C688C42F7D174
:10A68000DA60BDE8F0810446102090460D4602F0E5
:10A69000C9F83B684460064685600360012140F8C4
:10A6A0000C8F02F071F93E60BDE8F0814C02002091
:10A6B0002DE9F0410C1E07461FDB1CB3A6B22FB3D9
:10A6C0007B1E191913F9012F002A27DB9942F9D1B2
:10A6D000DFF8C880E01D01F0E7FF054608B1C0F8CB
:10A6E0000080AE8039462246A81D06F0CBFF2C44E0
:10A6F0000023A3712846BDE8F08118F011FB044641
:10A70000002CDBD1234D2846BDE8F081E01D01F08F
:10A71000CBFF0546002839D1BE80E8E7132C02DCC8
:10A72000DFF87C80D6E70020034602E001339C423C
:10A7300010DDFA5C110600F10100F7D502F0E0012E
:10A74000C02902F0F0021FD0E02A08BF0233013313
:10A750009C42EEDC1FFA80F80028B8BF0F300011D1
:10A76000093404EB400001F09FFF054608B10A4B95
:10A7700003602846AE80A5F8068039460122FFF71F
:10A780001DFE2846BDE8F0810133CFE7034B8680EC
:10A790000360ACE7D4380200DC370200AC370200BB
:10A7A0007C370200F8B50C1E054603DB3CB9134CA0
:10A7B0002046F8BD18F0B4FA0446002CF7D0224623
:10A7C00029460020FFF728FC8442064610D002F0FC
:10A7D00029F8224607462946FFF71EFC314638462F
:10A7E000FFF766FF0446384601F042FF2046F8BDF9
:10A7F00021462846BDE8F840FFF75ABFD43802008A
:10A800002DE9F047036804461B6A88469847236889
:10A8100006465B6A20469847074680B100242546D5
:10A82000335DED2B06EB04000BD0B8F1000F01D027
:10A8300008F8053001350134BC42F1D32846BDE8A3
:10A84000F08704F10509B945EFD2FFF7CFFC824646
:10A85000E01C3044FFF7CAFCAAF55843B3F5806FFB
:10A86000E9D2A0F55C42B2F5806FE4D2B8F1000FF6
:10A8700019D000F5105000EB8323991461F00F01FB
:10A8800008F8051008EB0502C3F30530C3F3851182
:10A8900003F03F0360F07F0061F07F0163F07F030E
:10A8A00050709170D37004354C46C4E770B50D1EDE
:10A8B00012DD064605F1080001F0F6FE044608B177
:10A8C000094B0360656004F108002A46314636B141
:10A8D00006F0D8FE204670BD044C204670BD08F03E
:10A8E00063F8204670BD00BF48380200C838020037
:10A8F000014B1860704700BF04000020034A044B5E
:10A90000116803FB00F0484010607047040000200D
:10A91000CB5725CA30B40E4D2A6804462146002084
:10A92000930983EAD273534083EA121383EA9203B2
:10A930005208534042EAC37202F00103490843EA55
:10A940004000EDD18442E9D32A6030BC704700BF9B
:10A950000400002000487047D438020000B583B2DC
:10A960007F2B83B029DD00F03F00B3F5006F40F08E
:10A97000800043F3871213DB1B1302F03F0263F0E6
:10A980001F0362F07F028DF80600032101A88DF8F5
:10A9900004308DF80520FFF78BFE03B05DF804FB53
:10A9A00062F03F028DF80500022101A88DF8042015
:10A9B000FFF77EFE03B05DF804FB012101A88DF8CE
:10A9C0000430FFF775FE03B05DF804FB2DE9F04796
:10A9D0000E4600286FD004464A4B002942D09842C8
:10A9E00079D09E426CD02368474DAB4277D05B6AEA
:10A9F00020469847336880465B6A3046984700EBAC
:10AA00000805322D81466DD8236820461B6A984779
:10AA1000336882461B6A304698472946064600201E
:10AA2000FFF746FE03681B6A0746984742460446FE
:10AA3000514606F027FE4A46314604EB080006F070
:10AA400021FE65B194F90030002B3DDB2919601C13
:10AA500003E010F9013B002B36DB8842F9D1384680
:10AA6000BDE8F087984234D00368274D274EAB42AB
:10AA7000BDD1A0680368AB4234D05B6A98473368A5
:10AA800007465B6A30469847384432282AD80C205B
:10AA900001F00AFE074600B10560384601F08EFF5E
:10AAA00063687B603146A068FFF790FFB860384666
:10AAB00001F092FFD3E7154C01B3124B9E4292D1A5
:10AAC00027463846BDE8F087114B3B603846BDE865
:10AAD000F0870E4FC3E70F463846BDE8F08733686E
:10AAE000AB42C6D10C2001F0DFFD074608B1064B92
:10AAF0000360C7E901463846BDE8F087054B2646A6
:10AB000075E700BFD438020004370200283902007C
:10AB10007C370200AC370200884228D0F8B50368C1
:10AB20000C465B6A05469847236807465B6A2046E1
:10AB300098472B6806461B6A2846984723680546AF
:10AB40001B6A20469847BE4228BF3E46401B2B4604
:10AB50001978C25C914204D02CBF01204FF0FF3025
:10AB6000F8BD01335A1BB242F2D90020F8BD0020D3
:10AB7000704700BF03689B6A184700BFF8B5161EF0
:10AB80002DDD03689B6A0C4605469847002CBCBF28
:10AB9000241824EAE474001BB04212DD2B6821461D
:10ABA000DB6A284698472B68A1190746DB6A2846C6
:10ABB0009847044648B1E11B3846BDE8F840FFF726
:10ABC00077BD00280BDD0646E8E740F2723008F05A
:10ABD000A5FCE11B3846BDE8F840FFF769BD014818
:10ABE000F8BD00BFD4380200002858D0002956D044
:10ABF0002DE9F047036805461B6A14460E46984740
:10AC00002B6824EAE4718046DB6A284698472B6863
:10AC100004465B6A284698473368A4EB0805451B41
:10AC20005B6A3046984707469CB3854231D3336808
:10AC300030461B6A9847814690F800A002E0BD426A
:10AC4000344626D32378534505F1FF3504F1010638
:10AC5000F5D13A464946204618F010F80028EED1C2
:10AC6000A4EB0804002C16DD034602E001339C42ED
:10AC700011DD18F80320110600F10100F6D502F0ED
:10AC8000E001C02902F0F00207D0E02A08BF023339
:10AC9000ECE74FF0FF30BDE8F0870133E6E74FF017
:10ACA000FF30704708B5FFF79FFF013018BF012044
:10ACB00008BD00BF80F00100704700BF0A1E38B514
:10ACC00011D138B302460B4604460D4614F0FEFC83
:10ACD000002841D10C2001F0E7FC08B11F4B0360B4
:10ACE000C0E9014538BDC2F30A54A4F2FF331D2B5D
:10ACF00012D8142B054618DC0028E3D1A4F2F33453
:10AD000012FA04F4DED1D002C3F11F0340F0004078
:10AD1000D8401AE0012038BD1E2BD3D10028D1D154
:10AD20000F4B9A42CED10F4838BDA4F2134410FA0B
:10AD300004F4C7D1D002C3F11F0140F00040C3F1B9
:10AD40003403C84025FA03F31843002AB8BF404231
:10AD5000400040F0010038BD0E2038BD78380200B8
:10AD60000000D0C1010000802DE9F041036882B0ED
:10AD70001B6A984701A9F9F793FA002200230646B7
:10AD80000F4614F071FC60BB27F0004530462946A1
:10AD90004FF0FF321F4B34464FF0010814F096FC81
:10ADA00038B94FF0FF321B4B3046294614F084FC73
:10ADB000F0B118F0FF0F1FD100224FF4801320468E
:10ADC00029464FF0010814F081FC38B92046294685
:10ADD00000224FF4801314F051FCB0B118F0FF0FB3
:10ADE0000AD130463946FFF769FF02B0BDE8F0816D
:10ADF000804618F0FF0FDFD0074F00263046394657
:10AE0000FFF75CFF02B0BDE8F081804618F0FF0F4D
:10AE1000E7D0F1E7FFFFEF7F0000F87F08B514F0FF
:10AE200051F9BDE80840FFF749BF00BFF8B5036816
:10AE3000DB6A04469847A0B10646FFF7D7F90746F4
:10AE400088B9236820461B6A9847236805465B6AD1
:10AE5000204698472844864203D03B4643F00100F1
:10AE6000F8BD0E20F8BD4300B0EB630FF6D0BDE88F
:10AE7000F840FFF7D3BF00BF08B1FFF7D7BF0E20E0
:10AE8000704700BF70B110B5FFF7D0FF0E28044621
:10AE900006D0C30708D56010BDE81040FFF75EBDBF
:10AEA000064810BD0548704740F2713008F036FB87
:10AEB0006010BDE81040FFF751BD00BFD43802005C
:10AEC00008B514F011F9BDE80840FFF7F7BE00BF60
:10AED0004300B0EB630F01D0FFF7A0BF43F00100C8
:10AEE000704700BFB0F1804F08B503D2400040F07A
:10AEF000010008BD14F0D6F8BDE80840FFF7DEBE3B
:10AF0000002814BF42200A20704700BF08B5F9F797
:10AF100083FBBDE80840FFF7D1BE00BF01FB00F096
:10AF2000704700BF90FBF1F0704700BF10B50C20D8
:10AF300001F0BAFB044608B101F0A4FF204610BDA1
:10AF400000897047043001F00FBF00BF03460A4676
:10AF50000430198901F0E8BE043001F015BF00BFCC
:10AF600003894268994234BF52F82100002070479B
:10AF7000043001F0D9BE00BF043001F013BF00BFA0
:10AF8000043001F033BF00BF024B1B68588CC00077
:10AF9000704700BF90020020704700BF38B51C4BBF
:10AFA0001B688BB15C6AACB1236898422DD08BB121
:10AFB000002300E072B1023354F823208242F9D119
:10AFC00001339B00E05838BD124B1C6844F210223C
:10AFD000944216D00D46044603F012F978B1036886
:10AFE0009C4210D05BB1002300E042B1023350F824
:10AFF0002320A242F9D101339B00C05838BD284616
:10B0000038BD5B68CEE70423F7E70423DAE700BF27
:10B0100090020020802E0200406870474160704717
:10B0200010B5082001F040FB044608B101F032FFE2
:10B03000204610BD70B50C1E054616460EDB8388F3
:10B040009C420BDA05EB8404E36823B10B2140F248
:10B05000863001F07BFFE660284670BD0A2140F291
:10B06000863001F073FFEDE708F058BA18B1024BD3
:10B07000984208BF00207047D4380200003018BF43
:10B080000120704710B5142001F00EFB044608B1F2
:10B0900001F008FF204610BD10B5044601F00CFF7A
:10B0A000002806DB238AE268984202D252F8200088
:10B0B00010BD002010BD00BF224B1B682DE9F041E0
:10B0C000DE6AB3683468834204F1FF3506F1040692
:10B0D0001ED856F8253083421AD3002D14DD641093
:10B0E00056F82430984210D0012203E056F824305C
:10B0F00083420AD098428CBF621C04F1FF35541978
:10B10000AA424FEA6404F1DD00242046BDE8F08144
:10B11000002DF9DD07464FF0010806E0B4BF04F149
:10B12000010804F1FF354545EEDB08EB050464102A
:10B13000394656F82400FFF7EFFC0028EED12046F0
:10B14000BDE8F08190020020034B1B680131DB6AEF
:10B1500053F82110FFF7A0BF90020020F8B5044675
:10B160000F46164601F0A8FE011E04F10C0505DB92
:10B1700032462846BDE8F84001F0D6BD3A4621895E
:10B18000201D01F0D1FD3246218A2846BDE8F84055
:10B1900001F0CABD034B1B680131DB6A53F8211073
:10B1A000FFF7DCBF90020020014B1868704700BF1A
:10B1B0008C020020704700BF820708B508D130B16B
:10B1C000036823F00103DA78F92A13D1987808BDCF
:10B1D0000028FCD0C3070FD40E280DD042280DD074
:10B1E0000A280BD0062805D040F2213008F096F945
:10B1F000042008BD042008BD022008BD012008BDB0
:10B200000E281FD010B5044670B915E0FFF7D4FF23
:10B210000346022B204612D0032B0DD1FFF7A4FDCD
:10B220000E28044608D03CB1A3072046EED000F01B
:10B230000FF813F047FF10BD0020044910BDD4E9FA
:10B24000010110BD00200149704700BF0000F87FD8
:10B25000C107034651D4820704D59B0914BF0120BE
:10B260000020704700284AD02DE9F041FFF7C8FFC1
:10B2700021F000450F464FF0FF322946274B064686
:10B2800004464FF0010814F021FA40B94FF0FF32A4
:10B29000224B3046294614F00FFA00B9804618F0C8
:10B2A000FF0F2ED100224FF48013204629464FF085
:10B2B000010814F00BFA40B92046294600224FF449
:10B2C000801314F0DBF900B9804618F0FF0F18D195
:10B2D0003046394614F016FE0022114B15F02CF8BA
:10B2E0000022002304460D4614F0C8F960B9204638
:10B2F000294614F029FABDE8F0814010704700207B
:10B3000070470020BDE8F081204629460022044B0A
:10B3100013F08CFD04460D46E9E700BFFFFFEF7F09
:10B320000000F041FFF794BF38B50D46FFF790FFDE
:10B3300004462846FFF78CFF00F01F0004FA00F0D7
:10B340004300B0EB630F03D0BDE83840FFF766BDA4
:10B3500043F0010038BD00BF38B50D46FFF778FF58
:10B3600004462846FFF774FF00F01F0044FA00F07F
:10B370004300B0EB630F03D0BDE83840FFF74EBD8C
:10B3800043F0010038BD00BF38B50D46FFF760FF40
:10B3900004462846FFF75CFF60404300B0EB630FB4
:10B3A00003D0BDE83840FFF739BD43F0010038BD98
:10B3B00038B50D46FFF74CFF04462846FFF748FF17
:10B3C00020434300B0EB630F03D0BDE83840FFF7E4
:10B3D00025BD43F0010038BD08B5FFF739FFC04374
:10B3E0004300B0EB630F03D0BDE80840FFF716BD84
:10B3F00043F0010008BD00BF38B50D46FFF728FF38
:10B4000004462846FFF724FF20404300B0EB630FBB
:10B4100003D0BDE83840FFF701BD43F0010038BD5F
:10B4200038B50D46FFF714FF04462846FFF710FF16
:10B4300000F01F0024FA00F0B0F1804F03D240006A
:10B4400040F0010038BD13F02DFEBDE83840FFF795
:10B4500035BC00BF0E2816D008B50346C0B19B0707
:10B4600008D0FFF7F5FE07EE900AF8EEE77A17EE40
:10B47000900A08BDFFF7C4FE14F086F907EE900AA3
:10B4800017EE900A08BDDFED057A17EE900A7047B7
:10B49000DFED027A17EE900A08BD00BF0000C07F02
:10B4A00070B50E46FFF7ACFE044630460D46FFF77A
:10B4B000A7FE02460B462046294613F0B7FCBDE81E
:10B4C0007040FFF7FBBB00BF70B50E46FFF798FE5C
:10B4D000044630460D46FFF793FE02460B462046D3
:10B4E000294613F0A1FCBDE87040FFF7E7BB00BFA1
:10B4F00001F00103184203D0C3130133012B12D909
:10B50000D0B50C46FFF77CFE064620460F46FFF7F7
:10B5100077FE02460B463046394613F03DFEBDE845
:10B52000D040FFF7CBBBCB130133012BE8D843103E
:10B53000481000FB03F04300B0EB630F02D143F06F
:10B5400001007047FFF76ABC032912D0D0B50C4642
:10B55000FFF756FE064620460F46FFF751FE02460D
:10B560000B463046394613F041FFBDE8D040FFF7A7
:10B57000A5BB7047F8B50C46C107034603D5E207E3
:10B5800001D5620811D11846FFF73AFE064620465B
:10B590000F46FFF735FE0B4602463946304614F09B
:10B5A000CBFEBDE8F840FFF789BBFFF751FE05462B
:10B5B0002046FFF74DFE95FBF0F303FB10504300D0
:10B5C000B0EB630F03D0BDE8F840FFF727BC43F0B2
:10B5D0000100F8BD70B50E46FFF712FE0446304676
:10B5E0000D46FFF70DFE02460B462046294614F095
:10B5F000FDFFBDE87040FFF761BB00BFC2072DE94A
:10B60000F8430C460BD5CB0709D540104C108442AB
:10B6100041DB3DD1640044F00100BDE8F883FFF751
:10B62000EFFD064620460F46FFF7EAFD04460D46AD
:10B6300002460B463046394614F03EF890B9224691
:10B640002B463046394614F00FF828B130463946BB
:10B65000BDE8F843FFF732BB22462B4634463D4651
:10B6600016461F46F8F7D8FF2246804689462B46E5
:10B670003046394613F0D8FB42464B4613F08CFD5A
:10B6800022462B4613F0D2FBBDE8F843FFF716BB6A
:10B69000234604461846001BFFF73CF920444400AB
:10B6A000B0EB640F02D144F00100B6E7BDE8F84307
:10B6B000FFF7B4BB08B5FFF7A3FD14F09DFEBDE88E
:10B6C0000840FFF7FBBA00BF08B5FFF799FD14F07B
:10B6D0000FFFBDE80840FFF7F1BA00BF08B5FFF75C
:10B6E0008FFDF9F7CDFCBDE80840FFF7E7BA00BFD2
:10B6F00008B5FFF785FDF9F73BFCBDE80840FFF70B
:10B70000DDBA00BF08B5FFF77BFD14F0FBFBBDE819
:10B710000840FFF7D3BA00BF08B5FFF771FD054B2E
:10B72000002213F083FBF9F7ABFCBDE80840FFF7FC
:10B73000C5BA00BF0000E03F0E280BD00E2909D08B
:10B740008842F8B5044607D001F00102104205D046
:10B750000020F8BD002070470120F8BD0D46FFF71E
:10B760002BFD06462846FFF727FD8642F0D144EA26
:10B7700005039B07ECD1032E15D0022EE8D12046FD
:10B78000FFF73EFD064628460F46FFF739FD0B46FC
:10B7900002463946304613F067FF4FF0010300B907
:10B7A0000346D8B2F8BD29462046FFF7B5F9B0FAEE
:10B7B00080F04009F8BD00BF08B5FFF7BDFF0028C5
:10B7C00014BF42200A2008BD08B5FFF7B5FF0028C6
:10B7D0000CBF42200A2008BD0E281AD00E29F8B549
:10B7E0000C4614D00628054615D042283FD00A281A
:10B7F0001CD00629034600F08380422C11D00A2C6D
:10B8000037D09C4210D004F001031D4211D000201B
:10B81000F8BD00207047062906D0422C4FF00003E7
:10B82000EDD10322934204D10120F8BD0123062C5F
:10B83000E3D12846FFF7C0FC06462046FFF7BCFCD4
:10B84000032E22D003282FD0012E14D0012821D07E
:10B850008642DCD145EA04039B07D8D1032847D0B0
:10B86000022828D0601BB0FA80F04009F8BD0323FD
:10B87000DDE70122D6E7062D33D0422D4FF0020638
:10B8800034D00A2DE2D10125E0E7022813D00328A5
:10B89000DCD1DFE7062C4FF0020020D0422C23D071
:10B8A0000A2CD5D10124D3E7022E04D0012EAED12B
:10B8B000062DE2D1ABE72846FFF7A2FC064620465C
:10B8C0000F46FFF79DFC02460B463046394613F003
:10B8D000CBFE4FF0010400B90446E0B2F8BD0024ED
:10B8E000B6E702260025B1E70324B1E70325ADE75B
:10B8F00021462846FFF710F9B0FA80F04009F8BD5C
:10B9000000228FE7FFF768BF08B5FFF765FF002843
:10B9100014BF42200A2008BD08B5FFF75DFF0028CC
:10B920000CBF42200A2008BDF8B5078945687FB1E1
:10B930000E46043D002402E00134A74208D03146FF
:10B9400055F8040FFFF748FF0028F5D02046F8BD52
:10B950004FF0FF30F8BD00BF10B500220446FFF7DE
:10B96000E3FF011E04DB201D01F01CFA012010BDC5
:10B97000002010BD38B58307044608D148B1FFF751
:10B980001BFC032812D0022814D0012038BD0A283D
:10B9900001D1002038BD0028FBD00E28F9D00628A0
:10B9A000F7D010F1FF3018BF012038BD0C4B9C427E
:10B9B000EBD1EEE72046FFF723FC02460B46044698
:10B9C0000D4613F083FE0028E3D1204629460022CD
:10B9D000002313F049FEB0FA80F0400938BD00BFE3
:10B9E000D4380200422805D00A2801D0FFF7C2BF90
:10B9F00000207047012070470E2847D00E2945D0FF
:10BA0000F8B50C460546FFF7D7FB06462046FFF77C
:10BA1000D3FB032E2CD0A54228D02846FFF7F0FBFD
:10BA2000064620460F46FFF7EBFB324604460D461E
:10BA30003B463046394613F049FE08BB22462B46AA
:10BA40002046294613F042FED0B922462B46304606
:10BA5000394613F013FEB0B922462B46304639461C
:10BA600013F02AFE003018BF0120F8BD0020F8BDF9
:10BA70000328D0D121462846BDE8F840FFF74CB84E
:10BA80006FF00100F8BD4FF0FF30F8BD6FF001001E
:10BA9000704700BF38B501F0010313EA000404D079
:10BAA0008842ACBF0020012038BDFFF7A5FF831CF2
:10BAB00014BFC00F204638BD10B501F0010420426C
:10BAC00003D0884207DC422010BDFFF795FF831C9E
:10BAD00001D00028F7DD0A2010BD00BF10B501F02D
:10BAE0000104204203D0884207DA422010BDFFF74C
:10BAF00083FF831C01D00028F7DB0A2010BD00BFA4
:10BB000010B501F00104204203D0884205DB422039
:10BB100010BDFFF771FF0028F9DA0A2010BD00BF41
:10BB200010B501F00104204203D0884205DD422017
:10BB300010BDFFF761FF0028F9DC0A2010BD00BF2F
:10BB4000F0B591B00446FFF737FB03283DD002283B
:10BB50000FD0052848D0002C4CD00A2C42D00E2CF7
:10BB600045D0422C55D02C4B2C48062C08BF1846EB
:10BB70002CE0E3072CD40E2C39D02046FFF740FBF5
:10BB800021F000450F464FF0FF322946244B064670
:10BB900013F09CFD38B9304629464FF0FF32204B58
:10BBA00013F076FD40B332463B463046394613F03B
:10BBB0008DFDE0B9304639466A46F8F719FC68460B
:10BBC0004FF0FF31FEF774FD00E0204611B0F0BDEC
:10BBD0006946601009F0D8FA68464FF0FF31FEF769
:10BBE00067FDF3E70F48F1E70F4811B0F0BD0F48CC
:10BBF00011B0F0BD0E48E9E7002330463946002277
:10BC000013F03CFD0B4C0C4B002814BF204618468B
:10BC1000DCE70A48DAE700BF283902004C390200A5
:10BC2000FFFFEF7F403902005C3902000C3902004F
:10BC3000B838020018390200FC380200343902001A
:10BC400008B5FFF7B9FA052810D8DFE800F00305BA
:10BC500007090B0D084808BD084808BD084808BD7D
:10BC6000084808BD084808BD084808BD40F2223011
:10BC700007F054FC002008BDEC380200A838020090
:10BC8000703902009039020080390200DC3802006D
:10BC900070B50446FFF790FA042813D164B1A307E6
:10BCA0000AD12168164821F001025369834220D04D
:10BCB0002046BDE87040184721461248BDE8704054
:10BCC00009F05EBC2046FFF73BFF05462046FFF724
:10BCD000B7FF03681B6A98472B6806461B6A28460D
:10BCE00098472246034631460748BDE8704009F0B0
:10BCF00047BC138805481289BDE8704009F040BC74
:10BD000091BC00000C3802003838020018380200DC
:10BD100010B504460A461248214609F031FC7CB1B0
:10BD2000A30705D1216821F00101CB78F92B10D0B0
:10BD3000062C05D140F2DD30BDE8104007F0EEBB27
:10BD40002046FFF739FABDE8104000F5757007F09E
:10BD5000E5BB0B898A78034809F012FCE8E700BFCD
:10BD6000A8360200C836020008B50146044809F0AA
:10BD700007FC4FF46470BDE8084007F0CFBB00BF7C
:10BD80003437020010B501F099FB0446102000F092
:10BD900049FD22690260206110BD00BF38B501F085
:10BDA0008DFB0469054634B123682B612046BDE84C
:10BDB000384000F05DBC40F2533007F0AFFBF3E7D2
:10BDC000F0B585B0074601F079FB046906468CB1F1
:10BDD00094E80F006D46306185E80F00204600F0C2
:10BDE00047FC0A4B77611B68284631469B6B984796
:10BDF00005B0F0BD064809F0C3FB3846FFF748FF21
:10BE000040F2E73007F08AFBE2E700BF9002002033
:10BE1000E836020010B501F051FB446912239C4240
:10BE2000436101D0204610BD40F2533007F076FB4D
:10BE3000204610BD08B501F041FB4369122B05D027
:10BE4000FFF7E8FFBDE80840FFF7BABF08BD00BF35
:10BE500079B110B4084B094C014410F8012B04FBD4
:10BE600003F3884283EA0203F7D118465DF8044BD6
:10BE70007047014B18467047C59D1C819301000116
:10BE800038B5046834F00304054611D0A30F14D16B
:10BE90002846E3699847054625B1B5F5004F05D911
:10BEA000002C03DB40F2493007F038FB284638BD50
:10BEB00040F2513007F032FBEAE7C4F39905EBE7B3
:10BEC00038B5144B9A881B6892B1551E53F825104B
:10BED00088421AD0023A03EB82032A4602E0216824
:10BEE00081420BD0013A511C1C46A3F10403F6D148
:10BEF0004FF45270BDE8384007F010BB954204D0B3
:10BF0000044800F0BBFE206038BD0248BDE8384060
:10BF100000F0B4BE6402002018210148FEF7C6BC40
:10BF20006C020020036823F0010318888008704722
:10BF300030B338B5C5680446A5B155E90132686823
:10BF4000A96862605A0F032AC4E9020105D040F2D1
:10BF5000493007F0E3FA55F8043C43F0004345F854
:10BF6000043C38BD50F8043C5A0F032A09D143F071
:10BF7000004344F8043C0020BDE8384001F0A6BA74
:10BF8000704740F2493007F0C9FA54F8043CEEE734
:10BF900038B550F8043CDB070546A0F104041CD476
:10BFA000104B1B6873B103F108029442F9D359682E
:10BFB0000A449442F5D255F8043C43F0010345F895
:10BFC000043C38BD40F24A3007F0A8FA55F8043C6A
:10BFD00043F0010345F8043C38BD40F24F3007F010
:10BFE0009DFADDE758020020830709D140B1030F15
:10BFF00006D00168114B194202D1CB78F92B00D041
:10C0000070470F4B10B504461B688BB103F1080253
:10C010009442F9D3586802449442F5D2094841F059
:10C020000101216022468188BDE8104000F00EBE6B
:10C0300040F24A3007F072FA2168EFE7030000404F
:10C04000580200205002002000294DD02DE9F84F61
:10C050000F468046DFF89CB0DFF89CA0DFF88C909C
:10C06000061F002502E00135AF423BD056F8044FD1
:10C07000A307F8D1002CF6D0230FF4D0206810EAE3
:10C080000B0FF0D1C378F92BEDD1DAF8003053B1B2
:10C0900003F108018C4203D35A680A44944207D33F
:10C0A0001B68002BF4D140F24A3007F037FA2068C1
:10C0B000B9F8041040F00100206022460B4800F05F
:10C0C000C5FDB9F80430642BCDD90C2009F08EFFE2
:10C0D0000135074A08EB85037D1BC0E9013511686E
:10C0E00001601060BDE8F88F704700BF500200206B
:10C0F0005C020020030000405802002038B50568AB
:10C100004DB104462846FFF743FFA1882846BDE805
:10C110003840FFF799BF38BD830709D140B1030FFD
:10C1200006D00168234B194202D1CB78F92B00D0FD
:10C130007047214B2DE9F04104461B68002B33D09A
:10C1400003F108029442F8D3586802449442F4D2AE
:10C1500021F0030341F001019B6921600BB12046EE
:10C160009847164D164C2F46AB8883B9236818465E
:10C17000C3B1D3E90026D3F80880226009F05CFF40
:10C1800041463046FFF760FFAB88002BEED03846C3
:10C1900000F074FD036823F003039B69002BE3D0D8
:10C1A0009847E1E7BDE8F08140F24A3007F0B6F980
:10C1B0002168CDE703000040580200205002002013
:10C1C0005C0200202DE9F04F904B85B01B78039066
:10C1D000980705D54FF4527007F0A0F98B4B1B78E8
:10C1E0008A498B4A43F002030B70039B14689588BD
:10C1F00013F0020640F0ED806DB104EB850554F8B4
:10C20000040B20F0010310F0010F18BF1868FFF7AE
:10C2100083FFA542F3D17F4C039801F05DF92368B9
:10C22000B3B17D4B1B68B3F82A8000F0A9FE2568E6
:10C23000A0EB080705EB8805002E40F0DA803FB13F
:10C240000024013455F8040BFFF766FFA742F8D12C
:10C25000724A734B16781D683EB10024013455F8BC
:10C26000040BFFF759FFA642F8D16E496E4A0B68DE
:10C27000176801330B606D4B00221A60002F00F02D
:10C28000C180CDE90122904691467B68029A07F170
:10C2900008059B0805EB83061A44B542029248D272
:10C2A0002B6813F001017CD11A0F062A79D0AE4217
:10C2B00040F28780AA4601E0DAF80030002B4FEA0E
:10C2C00013720FDBD90714D4062A12D05C0009D4EC
:10C2D000DB78F92B40F2493001D007F01FF95046C6
:10C2E00000F09EFC5046FFF7CBFD0AEB800A564556
:10C2F000E2D8AAEB05044FEAA40CE0454FEA8C0211
:10C300004FF0FF01284642F0004BB8BFE046E14441
:10C3100006F04AFB042CC5F800B04BDD00236B602F
:10C32000019B002B48D0019B01955D605546AE42B4
:10C33000B6D83F68002FA8D13D4D029B28689A00CF
:10C340004FEA89014FEA880398B1384800684FEAFC
:10C35000590970B10468C4F39906B14506D241E0A9
:10C360000468C4F399042644B1453CD340680028CE
:10C37000F6D12C4C6069C4E9031378B188420DD81A
:10C380000398C00702D52B4809F0FAF81F4A137822
:10C3900023F00203137005B0BDE8F08F214841611E
:10C3A000EEE723F001032B602846FFF769FD05EB5C
:10C3B0008005BCE75546BAE71C4B01951D60554604
:10C3C000B5E74FF00043B8F1000F2B60AFDA8846B5
:10C3D000ADE7194809F0D4F82A462146174809F074
:10C3E000CFF809E734464C44A41B00EB84002860D6
:10C3F000BFE73A462946124809F0C2F8002F7FF4F9
:10C400001FAF25E73B463A463946B2E7FA09002016
:10C41000640200208C02002090020020FB09002012
:10C42000840200206C0200205802002088020020B4
:10C4300060020020F4390200D4390200DC39020025
:10C44000E8390200F8B5444D2B6843B1196800295A
:10C450006CD00220FFF7B6FE152007F05FF8002130
:10C46000CF20FEF79BFD4FF480510746CE20FEF70C
:10C4700095FD0646002009F059FD32460446014666
:10C480003648A61B09F07CF8002F3CD1304609F055
:10C49000ADFDA6F10801044687614160224630489F
:10C4A00009F06EF8626893073AD12E4B2E4F2F4E4B
:10C4B000D3E9011010440131C3E90110D31C23F06A
:10C4C000004323F0030343F00043A3603B68E360B1
:10C4D000296804F1080303EB92023B60326079B1F2
:10C4E000A1420DD80A689AB3944203D230E0A34225
:10C4F00003D81A461368002BF9D123601460F8BDE5
:10C5000021602C60F8BD04F5FF447F3424F4FF441F
:10C5100024F07F04A4EB8720002814DC0027B5E773
:10C520004FF4527006F0FAFF6268BEE7CD20FEF7C6
:10C5300035FDA0F54130031F002B8ADD0C4CA0F126
:10C540000C016160AAE7361A09F050FD07469DE725
:10C5500013460A46D1E700BF58020020103A0200F5
:10C56000303A02006C0200208802002060020020A5
:10C5700000040320F0B1104B1B68CBB103F108029B
:10C580009042F9D359680A449042F5D250F8043CDD
:10C590005A0F032A10B5044605D040F2493006F080
:10C5A000BDFF54F8043C43F0004344F8043C10BD84
:10C5B00009F042BD704700BF58020020072953DD33
:10C5C000002851D02DE9F04107460020CE1CFFF78E
:10C5D000F9FD264B26F003061D680736043F4FEA97
:10C5E0009608F5B115F0030F40F2513001D12B0F31
:10C5F00001D106F093FF2C68002C40F24B3001DB98
:10C6000006F08CFF7A1B9310C4F39904A4EB080482
:10C61000072BA4EB030401DD072C05DC6D68002D5E
:10C62000E0D10020BDE8F081984426F0C04605EB3B
:10C630008801A40026F0030622F00302686842F095
:10C64000004244F0004446F0C04645F828404860A7
:10C6500005EB8304C5E90021002045F82360FFF7BE
:10C66000B1FD201DBDE8F081002070478802002048
:10C6700050F8043C5A0F032A10B5044605D040F286
:10C68000493006F04BFF54F8043C43F0004344F8B3
:10C69000043C204610BD00BF024A137843F0040357
:10C6A00013707047FA0900202DE9F04F85B0C51CC2
:10C6B000B0F5003F03904FEA950500F389804A4B9F
:10C6C000DFF834815B68C3F30803002B61D198F86D
:10C6D00000301A075DD143F0010388F8003000F004
:10C6E000EDFE10B14368002B79D0DFF810913F4F79
:10C6F0000024D9F800B0BBF1000F51D0002603E0B0
:10C700005E468B4600294BD040F2513014B93A684E
:10C710005A454DD31BF0030F02D15FEA1B7301D1C1
:10C7200006F0FCFEDBF800A0BAF1000F40F24B303F
:10C7300001DB06F0F3FECAF39902521B002ADBF874
:10C740000410DDDB0AD0900040F000404BF82500DB
:10C750000BEB8505012A1CBF69602946002E3BD0E2
:10C7600071600022CBF8002049B14A683AB19307C2
:10C7700001D1130F03D14FF4547006F0CFFE98F897
:10C780000020584622F0010288F8002005B0BDE8DC
:10C79000F08F40F2923006F0C1FE98F800309AE730
:10C7A00034B1012C08D0152006F0B8FE0134A0E702
:10C7B0000020FFF707FDF9E70D490E48D1E90232E5
:10C7C00009690091039908F0DBFEFFF73BFEEDE7F6
:10C7D000162006F0A3FE72E7C9F80010C1E740F288
:10C7E0004E3006F09BFE80E700ED00E06002002086
:10C7F0006C020020A0390200FA0900208802002003
:10C80000033010B520F00304201DFFF74DFFE31D9A
:10C8100023F0804323F0030343F0804340F8043BBC
:10C8200010BD00BF08B538B1FFF7EAFF50F8043C6F
:10C8300043F0005340F8043C08BD00BFF8B5214B5D
:10C840005B68C3F3080306460F46002B34D100F0A3
:10C8500035FE1D4D1D4AF31B9B102B7004461760BF
:10C86000A8B10C20FFF7CCFF50F8043C62680260CE
:10C8700043F00053A26840F8043CE368C0E9012398
:10C88000E0600023A6602B7063602046F8BD18208E
:10C89000FFF7B6FF0E4A50F8043C1268026043F0FE
:10C8A0000053122240F8043C00234261C0E90333E4
:10C8B000044600F00BFEE4E740F2923006F02EFE54
:10C8C000C5E700BF00ED00E0FB0900208402002066
:10C8D0008C02002008B50C4B5B68C3F308030246CA
:10C8E00063B90A4B1B784BB938B1FFF789FF50F891
:10C8F000043C43F0005340F8043C08BD1046BDE83A
:10C90000084009F073BB00BF00ED00E0FA09002009
:10C910001C4B1B689BB370B503F10804A04203D302
:10C920005D682C44A04206D31B68002BF4D1BDE8FF
:10C93000704009F0B1BB044608460D46FFF7CAFF38
:10C9400006469CB196B154F8042C530F032B0FD11B
:10C9500022F0704222F00302AA4228BF2A46214652
:10C96000304604F08FFE2046FFF704FE304670BDCF
:10C9700040F2493006F0D2FD54F8042CE8E709F003
:10C980008BBB00BF5802002061B1012938B50ADD18
:10C990004C1E013C0121051DFFF7F6FF631C2846D4
:10C9A000F7D138BD7047044B40F001029988184612
:10C9B000BDE8384000F04AB964020020830702D184
:10C9C00008B1030F00D17047024B02469988184600
:10C9D00000F03CB9640200208207034602D108B18E
:10C9E0001B0F00D17047FFF76BBA00BF4068FFF71D
:10C9F000FBBA00BF0430FFF781BB00BF03460C3019
:10CA00009988FFF721BB00BF4068FFF7EDBA00BF70
:10CA100010B504460430FFF771FB04F10C00BDE8CB
:10CA20001040FFF76BBB00BF50F8043B23F001033D
:10CA3000198804398908FFF707BB00BF0320704736
:10CA400003207047808880000F308008704700BF47
:10CA500002207047052070470349044A0023C1E9BA
:10CA60000033C2E900337047640200205002002006
:10CA700000F0E4BC002801DB00F0DCBC704700BF24
:10CA8000704700BF0023C0E9013370470023C0E9AD
:10CA90000133C0E903337047054B10B41A6884684A
:10CAA00083880146A21A03485DF8044B08F068BD6C
:10CAB000900200202C3B020001464268014808F029
:10CAC0005FBD00BF443A020001460289014808F0F8
:10CAD00057BD00BFDC3A0200F8B5C3888B4205465B
:10CAE0000E4625D29BB33F2B2FDDB3F5007F36DBFF
:10CAF00003F580734FF6FE724FF6FF74934298BFB2
:10CB00001C46B442B8BF3446A00009F06FFAEB8867
:10CB10000746F3B9E21A920007EB8300002105F003
:10CB200043FF286809F088FA2F60EC80AE80F8BDDA
:10CB300082889142FAD20068521A00EB810092007A
:10CB4000002105F031FFAE80F8BD5C00D9E7042478
:10CB5000D7E79A00296804F095FDEB88DAE7034CE3
:10CB600003EB8303A4FB03346408CAE7ABAAAAAAB5
:10CB7000704700BF704700BF0B6823F0010370B51A
:10CB80001B89042B0C46054602D16DB9204670BDA9
:10CB90001048012240F2853108F0F2FC40F2853065
:10CBA00006F0BCFC002DF1D0E81C8000FFF77CFDF6
:10CBB000064608B1084B0360A368B360AAB2B5800B
:10CBC0009200002106F10C00344605F0EDFE2046EF
:10CBD00070BD00BF1C3B0200903A020038B50269EC
:10CBE0000D4B9A42054609D00C4803224FF462715E
:10CBF00008F0C6FC4FF4627006F090FC2888FFF73E
:10CC000053FD044600B105602A880021043A201D26
:10CC100005F0CAFE204638BD81CA00001C3B020058
:10CC2000036823F001031B69184700BF036823F062
:10CC300001031B69184700BF036823F00103014685
:10CC40001A88014808F09CBC743A02004FF6FE7343
:10CC500099420AD883888B4270B5054616460C4621
:10CC600004D92B6843F8246070BD70470131FFF789
:10CC700033FF2B6843F8246070BD00BF83884BB13D
:10CC8000013B9BB202688380002152F8230042F8E6
:10CC90002310704718467047C38870B54BB33F2BBD
:10CCA0000FDDB3F5007F2CDB03F580744FF6FE72C9
:10CCB000944223D8A4B28C4238BF0C46A34207D377
:10CCC00070BD5C00A4B28C4238BF0C46A342F7D2C0
:10CCD0000546A000FFF794FDEB880646E3B9E21A8B
:10CCE000920006EB8300002105F05EFE2E60EC80D2
:10CCF00070BD042938BF04210C46E7E74FF6FF74E6
:10CD0000E4E7084A03EB8304A2FB0424C4F34F04C2
:10CD10008C4238BF0C46D9E79A00296804F0B2FC6F
:10CD2000EB88DCE7ABAAAAAA30B5C3888B4283B0F4
:10CD300005460C4609D9036843F82120AB889C427C
:10CD400024BF0134AC8003B030BD4FF6FE7399426E
:10CD5000F9D8013189B20192FFF79EFF2B68019A41
:10CD600043F82420EAE700BF38B5C3888B42044665
:10CD70008DB201D2AB4201D9A58038BD2946FFF75B
:10CD80008BFFA58038BD00BF83884BB1013B9BB2B0
:10CD900002688380002152F8230042F82310704774
:10CDA00018467047F8B583888B421DD905684A1C20
:10CDB0008F009342044655F8216005EB070007D821
:10CDC000013B9BB20022A38045F823203046F8BDEA
:10CDD0005A1A02F18042013A391D2944920015F095
:10CDE0005CFFA3882568EBE70026EFE783888B428A
:10CDF0001CD970B50E461546591CC28889B28A42A4
:10CE000004460FD9701C216880009B1B061F9A00E6
:10CE10000844314415F041FFA3882268013395513D
:10CE2000A38070BDFFF738FFA388EBE7FFF77CBF57
:10CE300070B505460A48EB88AA88296808F0A0FB67
:10CE4000EB885BB1074E00242B68304653F8241062
:10CE500008F096FBEB880134A342F5D870BD00BF03
:10CE6000F03A0200143B020010B501460446028964
:10CE7000034808F085FB201DBDE81040FFF7D8BF30
:10CE8000583A0200024A02600022C0E901227047BB
:10CE9000A83B0200024A026000224260704700BFC5
:10CEA000783B0200034A02600022C0E90122C0E987
:10CEB00003227047483B02002DE9F8430689476882
:10CEC0000C46002E34D03B6899423AD03B460020B5
:10CED00003E053F8042FA24225D00130B042F8D12C
:10CEE000236820465B6A9847236880461B6A204671
:10CEF0009847043F8146002457F8045F2B68284672
:10CF00005B6A98478045284608D12B681B6A98477A
:10CF100042460146484615F0B1FE30B10134B442F4
:10CF2000EAD14FF0FF30BDE8F8832046BDE8F88332
:10CF30000B6808465B6A9847236820461B6A984737
:10CF4000EFE70020EFE700BF704700BF10B50446D1
:10CF50000A460448214608F013FB2046BDE810406D
:10CF600006F0DCBA1C3B0200014B1B6818697047D5
:10CF700090020020014B1B689869704790020020C6
:10CF8000014B1B68188C704790020020014B1B68F6
:10CF9000D86B7047900200200268F8B544F2102365
:10CFA0009A4200D0FEE741681B4B0A681B4F9A4229
:10CFB0000446396013D0088C194E8000FFF732FC0C
:10CFC0003B6830601A8C0021920005F0EDFC3D6852
:10CFD000144B2A6831689A420E600AD0FEE7124864
:10CFE000103108F0CDFA40F29F30BDE8F84006F06D
:10CFF00095BAA3682A699A42F0D100F0FDFA3A681E
:10D000000023146B05F140001A461946A047BDE8FD
:10D01000F84000F00DBA00BF718E3B9290020020E4
:10D020008C020020708E3B92C03A02000148FFF74C
:10D03000B3BF00BF802E020048B110F0030207D139
:10D04000036823F00103D978F92903D0104670470B
:10D05000002070471889A0F10600B0FA80F040095E
:10D06000704700BF70B505460C20FFF71DFB044656
:10D0700020B1154B03600023C0E901333DB1AB077C
:10D0800005D12B6823F00103DA78F92A01D0204674
:10D0900070BD0E4A9342FAD12E89002EF7D0204659
:10D0A000FFF78CFC63899E4203D93146201DFFF7B0
:10D0B000F3FDB20069682681606804F0E3FA204657
:10D0C000FFF78AFC204670BDA83B0200483B0200E7
:10D0D00038B50D46044608B1830714D040F29B30A2
:10D0E00006F01CFA29462046FFF7E6FE051E08DB7F
:10D0F0002946201DFFF756FE294604F10C00FFF7D4
:10D1000051FE422038BD036823F00103DA78F92A82
:10D11000E4D1024A9342E5D0E0E700BF483B020079
:10D1200070B50E46FEF76CF8044630460D46FEF725
:10D1300067F802460B462046294613F08FF8BDE8F3
:10D140007040FDF7BBBD00BF08B5FEF759F812F0FF
:10D150002BFEBDE80840FDF7B1BD00BF08B5FEF7E6
:10D160004FF812F0DDFDBDE80840FDF7A7BD00BF98
:10D1700008B5FEF745F812F085FDBDE80840FDF75B
:10D180009DBD00BF08B5FEF73BF8F7F761FDBDE8B0
:10D190000840FDF793BD00BF08B5FEF731F813F066
:10D1A0000BF8BDE80840FDF789BD00BF08B5FEF7E4
:10D1B00027F812F059FFBDE80840FDF77FBD00BF1A
:10D1C00008B5FEF71DF813F001FCBDE80840FDF7B7
:10D1D00075BD00BF2DE9F04187B207F57A66C0F34F
:10D1E000074382B03046002B14BF1C460C4600F0AB
:10D1F0003FFD054618B1284602B0BDE8F08104F0B5
:10D20000F003102B20D0202B1BD0302B1FD040F24E
:10D210002330A84606F082F9384600F00FFD074695
:10D22000182015F007FD04F00F043946CDE9004839
:10D23000B2B2012305460AF09BFB284602B0BDE8C6
:10D24000F0814FF00208E7E74FF00108E4E780467D
:10D25000E2E700BF38B50D464FF0FF31FDF79EFE07
:10D260000446013005D029462046BDE83840FFF786
:10D27000B1BF40F28B3006F051F929462046BDE897
:10D280003840FFF7A7BF00BF2DE9F0418846174699
:10D290001D46064600F0ECFC18B104462046BDE8E9
:10D2A000F08129464046FFF795FF294680463846DB
:10D2B000FFF790FF0546102015F0BCFCB3B2AA881A
:10D2C000B8F8041004460BF08FFC404600210AF029
:10D2D0007BFB284600210AF077FB204601210BF05A
:10D2E00025FC2046BDE8F08170B54FF0FF310446C3
:10D2F0000420FDF753FE4FF0FF3105460520FDF7F2
:10D300004DFE20210646CA20FDF748FE5CB1012CE7
:10D3100015D0022C0DD10346324629460320BDE824
:10D320007040FFF7B1BF01462846BDE87040FFF7E7
:10D3300051BF40F28D3006F0F1F8002070BD01467B
:10D340003046BDE87040FFF745BF00BF007C20219C
:10D35000FFF740BF8088102300F0B8B908B5036814
:10D360009B699847003018BF012008BD08B508F038
:10D370004DFF003018BF012008BD00BF80887047F6
:10D38000054B1A6810B4146B0023A4461A461946BC
:10D390005DF8044B604700BF900200202DE9F04388
:10D3A00085B06C4684E80F0094E80F00BDF8026079
:10D3B000114CBDF8007084E80F0038463146FDF787
:10D3C0003DF904463046FDF783FD94B1DFF82C901B
:10D3D0008046D9F80030E0681D6B00231A464146AC
:10D3E000A847206832463946FDF718F90446002858
:10D3F000EFD105B0BDE8F0831802002090020020B4
:10D4000008B5FFF7E9FABDE8084008F0DDBC00BF49
:10D4100008B5064E054632680023146B19461A46B5
:10D420002846A047142008F055FCF4E7900200209D
:10D4300008F0CABC08F04EBC07F0FEBD50B110B5F4
:10D440000446FFF7BBFA2146034A0448BDE81040F2
:10D4500008F034BB704700BFFD5D010011D400002F
:10D4600050B110B50446FFF7A9FA2146034A044813
:10D47000BDE8104008F022BB704700BF01D4000097
:10D4800081D3000089B280B208F04ABC064B10B5C7
:10D490001C68FDF779FD04F2FF14204420F4FF70AE
:10D4A00020F0010010BD00BF9002002007F0ACBDCD
:10D4B00008B50AF071F808BD0AF07EB8024B18688A
:10D4C00000B1006A704700BF88080020014B1B684C
:10D4D00018627047880800202DE9F04FDFF8F890B7
:10D4E000D9F8003087B0002B69D08246002008F0C0
:10D4F0008BF885000446284608F078FD039008F074
:10D5000083F8844256D1002C40DD039BA3F1040B29
:10D510000AF0020302930BEB050300934FF000089F
:10D520005BF8047F3E6A76B37069FEF7F5FDDDF8BF
:10D5300008A0CDF804B00436D9F8003034689F4212
:10D540002AD03868BD6807F0A3FDD9F80030281A42
:10D550009F420444756807D03868D7F808B007F0D0
:10D5600097FDABEB00000544BAF1000F04D017E0C3
:10D5700054F8040BFEF7D0FDAC42F9D3B668002E88
:10D58000DAD1DDF804B0009B5B45C9D1039807B040
:10D59000BDE8F04F08F050BD7568BAF1000FEBD050
:10D5A0002B1B41469B1022460A4807F0E9FF08F171
:10D5B0000108E1E74FF44B7005F0B0FFA3E701204D
:10D5C00008F014FD0590059807B0BDE8F04F08F08D
:10D5D00033BD00BFE83B02008808002010B500F012
:10D5E00093FD0446302015F025FB2146012300223F
:10D5F000BDE810400AF05CB870B5FFF7EFFF00F02F
:10D600001DFE1E4B1B681C8D34BB1D4C1D481E4E41
:10D6100008F02CF904F5807501E0AC420AD054F80A
:10D62000040F0028F9D003681B68B342F5D098476F
:10D63000AC42F4D100F06CFE4FF0FF310D20FDF74D
:10D64000ADFC00F0FBFA18B1036800211B68984795
:10D65000BDE8704000F0C4BD21464FF02020FEF729
:10D66000ADFF214605460246084807F089FF002D18
:10D67000CBD1142005F052FFC7E700BF9002002075
:10D68000800300209402002031950000D83B020066
:10D6900010B5084C08480CF0C7F920460AF092FF74
:10D6A000064A0749204615F0C0FA064B064A1A609A
:10D6B00010BD00BF940200201802002000000020CE
:10D6C0001D850100B8020020584002002DE9F04FEE
:10D6D0008DB016461F4604460D46FCF7AFFF38B125
:10D6E000324629462046FCF7BDFF0DB0BDE8F08F5D
:10D6F0000F2CBFB201D1C02F0ED1282015F09AFAFD
:10D70000A1B2804600971D4BAAB208F0DDFC41464D
:10D710001B480AF03DFE50BB002DE1D14FF0FF3118
:10D720002046FCF78BFF07460028D9D0DFF84CB025
:10D73000DFF84CA01FFA84F94FF010083A89CDF8B1
:10D7400000805B46494602A808F0BEFC02A950468C
:10D750000AF0DCFD02A808F0CFFC38684FF0FF3279
:10D760002146FCF75BFF07460028E7D1B8E74046B3
:10D7700008F0C2FC404615F054FACDE79DD30000F6
:10D780009402002000B585B08AB2012381B26846B8
:10D790000CF02AF905B05DF804FB00BF4FF0FF3133
:10D7A0000148FCF7FFBF00BFF43B020008B50BF0D7
:10D7B00057F808BD08B503681B6A9847BDE80840DC
:10D7C0000146014807F0DCBEFC3B020010B50368CF
:10D7D0001B6A0C46984722460146BDE810400148A6
:10D7E00007F0CEBE043C0200014820F060407047C4
:10D7F00000000320F8B530B30E46054619B31C4FA0
:10D800003C6814B90CE0246C54B123689D42FAD1F1
:10D8100063689E42F7D1174807F0B2FE2046F8BD74
:10D82000154807F0ADFE442015F004FA32460446D0
:10D83000C0E90056294608300DF0FCFE3B68236421
:10D840003C602046F8BD0D4807F09AFE4FF0FF31CE
:10D850001920FDF7A3FB00F0F1F94FF0FF31054669
:10D860001820FDF79BFB00F0E9F90646C7E700BF6B
:10D87000BC0200202C3C0200443C0200103C020090
:10D8800008B5FFF7B7FF083008BD00BF2DE9F0412C
:10D89000074682B00C460020114616469846FDF712
:10D8A00005F80546FFF78AF8610089B2334605F1AD
:10D8B0000802CDF8008007F108000DF081FE044653
:10D8C0002846FFF789F8002C0CBF2846002002B03C
:10D8D000BDE8F08110B582B054680093490089B268
:10D8E0002346083208300DF033FE02B010BD00BFF1
:10D8F00000207047002070470020704700207047CC
:10D900006FF47D70704700BF6FF47D70704700BF8B
:10D910006FF47D70704700BF38B5094D2C680CB1AD
:10D92000204638BD4FF4867015F084F9054B044647
:10D93000214640F8043B0AF0DDF82C60204638BD53
:10D94000C0020020683C0200FFF7E6BF08B5FFF701
:10D95000E3FF002008BD00BFFFF7DEBFFFF7DCBF1D
:10D960002DE9F84F037C384E04465811C00100F1F0
:10D97000824000F50040012703F01F0307FA03F37C
:10D98000836092469AB21B0C42F0804243F04043BF
:10D990008262836234200D4609F0D0FE07F02AFB34
:10D9A0002A4B5A6842F006025A601F62A3F50053E0
:10D9B000AA441A8842F480421A801A8842F400422B
:10D9C0001A80237C95F800B05C09E40104F18244DC
:10D9D00003F01F0305F1010804F500449F40802572
:10D9E000B146A7610220B0471BEA050F03D0032010
:10D9F000B047676102E067610220B0476D1003D055
:10DA00000420EDB2C847ECE7D04508D208F1010583
:10DA1000032098F800B0A846C8478025E1E70B4AE4
:10DA2000536823F006035360A2F50052138823F4D1
:10DA300080431B041B0C13801388C3F30E03138055
:10DA4000BDE8F84F07F0C8BA190000200060004197
:10DA50002DE9F04702EB4207F03782B080463846A6
:10DA600015460E4615F0DFF83A460021044604F04C
:10DA70009BFF8022114678234FF0000CAC4520DA42
:10DA8000E05C1043E054501004EB030931D016F869
:10DA90000CA011EA0A0F4FEAA2025FFA80FE05D03D
:10DAA00099F800A04EEA0A0E89F800E082BB013323
:10DAB000402249102AD10CF1010CAC454FF08001F5
:10DAC000DEDB00221146404600F0EEFB03681449FD
:10DAD0001B68054698472968002300933A46284664
:10DAE000CD682146A847204602B0BDE8F04715F0B2
:10DAF00098B816F80C20114203F101030DD04FF035
:10DB0000800E7046402204EB0309C9E7C9B2B5E7AD
:10DB1000801003D101338022CBE72020C2B2C8E7B6
:10DB2000009F24002DE9F04383B00A4600211E46E1
:10DB30000A9F00F0B9FB0024036800940546D3F85F
:10DB40000C80144923460422C0472B6800943146B8
:10DB50003A46DE6828462346B0472B680094DE68C4
:10DB60000C49234628460422B047FF080ED0DFF8B0
:10DB70002890A0462B68CDF80080DE682034002372
:10DB8000042249462846B047BC42F3D303B0BDE85F
:10DB9000F08300BFC4020020080000202DE9F041FE
:10DBA00084B27F2C25DC154E154D335D2868CBB92A
:10DBB000144F397801318900FEF7AAFE286024202D
:10DBC00015F038F80323E2B204F1640180460EF048
:10DBD00073F8397828684A1CD2B240F8218032554F
:10DBE00013463A7003F18043013B50F82300BDE82F
:10DBF000F0814FF4637005F091FCD4E7C802002077
:10DC000048030020FC09002038B54FF0FF310546DD
:10DC1000FDF7C4F90446013004D02046BDE8384081
:10DC2000FFF7BCBF2946044807F0AAFC2046BDE820
:10DC30003840FFF7B3BF00BF843C0200002804DB7C
:10DC4000FF2802D080B2FFF7A9BF0020704700BFB5
:10DC500008B54FF0FF31FDF7A1F9002806DBFF28DA
:10DC600004D080B2BDE80840FFF798BF002008BD8F
:10DC70000B4B10B403F5807401E0A3420AD053F8B3
:10DC8000042B002AF9D091888142F6D110465DF824
:10DC9000044B7047002210465DF8044B704700BFEC
:10DCA00084030020FFF7D4BF01460020FCF7FEBD2F
:10DCB000014B9868704700BF1802002003685B6939
:10DCC000184700BF0368DB68184700BF704700BFF4
:10DCD0000048704716FCFFFF10B5044B036000239B
:10DCE0000446C38007F036FB204610BD9C3C020072
:10DCF00010B5064B036000230446C38007F02AFBDF
:10DD0000204614F08EFF204610BD00BF9C3C020050
:10DD100010B5044B036000230446C38007F01AFBD0
:10DD2000204610BD9C3C020010B5064B036000234A
:10DD30000446C38007F00EFB204614F072FF204615
:10DD400010BD00BF9C3C020090F82C3003B9704716
:10DD50002DE9F04706468068036884B01B680021FF
:10DD60009847B068036801211B689847082400257C
:10DD70003069036801219B688D409847002108B1F4
:10DD800045F00105F06803681B689847F068036870
:10DD900001211B689847013CEAD1D6E905376F405D
:10DDA0009F4229D006F11C0506F12C094FF001080D
:10DDB00011E061B940F6020A0123514668460BF0B2
:10DDC00013FE51460123002268460BF00DFEA945C3
:10DDD00004F101040FD035F8022B08FA04F307EA26
:10DDE0000301002AF3D070690342E2D10029EED08A
:10DDF00040F6030AE0E7776104B0BDE8F08700BFB2
:10DE000008B503685B689847003018BF012008BD5B
:10DE100003681B68184700BF70B5036804460D46C9
:10DE20001646DB6C03219847324629462089102389
:10DE3000BDE87040FFF74ABC8B1E70B50D46044626
:10DE40001646032B13D8DFE803F00F0F0202036816
:10DE50000321DB6C2046984732462946208910234F
:10DE6000BDE87040FFF732BC03680221F1E770BDE6
:10DE70002DE9F047A1F1040A04461646D71709F028
:10DE80009BFBBAFA8AFA4FEA5A1A8046894609E099
:10DE900009F092FBB0EB080261EB09039F4208BF57
:10DEA000964220D3236820465B6898475045054634
:10DEB000EED109F081FB824609E009F07DFBB0EB71
:10DEC000080261EB09039F4208BF96420BD3236807
:10DED00020465B6898478542EFD009F06DFBA0EBC8
:10DEE0000A00BDE8F0870020BDE8F08731B1036883
:10DEF00001290CBF022100211B6C18470368012176
:10DF00001B6C1847F8B5254D2C680CB12046F8BDA0
:10DF1000302014F08FFE0026214B0360044646603B
:10DF200007F0AAF91F4B23604FF0FF314720FDF7A0
:10DF300035F8FFF783FE4FF0FF31A0604820FDF772
:10DF40002DF8FFF77BFE4FF0FF31E0604920FDF731
:10DF500025F8FFF773FEE288E66126626662A66234
:10DF60004FF47A670368A78042F400520127E280E9
:10DF700039466661A661206184F82C709B689847D9
:10DF8000A068036839461B689847E068036839460B
:10DF90001B6898472C602046F8BD00BF4C0300204A
:10DFA0009C3C0200BC3C020070B5A0F21A45072D53
:10DFB00004460E460ED9A4F57A73072B01D900202A
:10DFC00070BDFFF79FFFA4F5777400EB44040120B8
:10DFD000A68070BDFFF796FF0122836902FA05F55E
:10DFE0002B43323C8361E6E7104B10B41C68CCB184
:10DFF00004F11C02002332F8021B884206D00133D0
:10E00000082BF8D100205DF8044B704761695DF87A
:10E01000044B012202FA03F30B420CBF00204FF421
:10E020000070704720465DF8044B70474C03002099
:10E03000F8B54FF0FF3107464820FCF7AFFFFFF778
:10E04000FDFD002428B3FFF75DFF054680680368E7
:10E0500000211B689847A868036801211B6898473E
:10E06000002F16DD26462869036801219B688C4035
:10E0700098470136002108B144F00104E8680368BC
:10E080001B689847E868036801211B689847B742F6
:10E09000E9D12046F8BD00BF10B54FF0FF31482050
:10E0A000FCF77CFFFFF7CAFDA0B1FFF72BFF04468A
:10E0B0000069036800219B689847A06803680021F5
:10E0C0009B689847E068036800219B689847002395
:10E0D00084F82C3010BD00BF03685B6E184700BF8A
:10E0E000026810B4146940F2DC53A4464FF4FA629B
:10E0F0005DF8044B604700BF03681B6E184700BF04
:10E10000704700BF704700BF2DE9F84F3049DFF876
:10E11000CC80304EDA20FCF741FF4FF0FF3107464C
:10E120002C20FCF73BFFD8F800E001280CBF4FF093
:10E13000120C4FF0000C18254FF0010B27FA05F1D7
:10E1400011F0FF0110D08C450ED013290CD01029EE
:10E1500039D00120112304E0994211D016F8323051
:10E160001046421C002BF7D1083D15F1080FE5D1F0
:10E170004FF46770002505F0D1F92846BDE8F88F07
:10E180000BFA00F91EEA090FEED106EBC004D4F831
:10E1900004A0DAF800309B07E6D401F00F010E4826
:10E1A00007F0EEF9182014F045FD62785146054657
:10E1B0000DF000F8D8F8003043EA0903C8F8003041
:10E1C0002846BDE8F88F00204FF00109DAE700BFCC
:10E1D00000121110E43C0200D43C02005003002065
:10E1E00008B50548FCF784FB044800F095F8BDE845
:10E1F000084014F0B2BC00BFA10D0C0005E1000006
:10E2000043F6F07343F6FE721B68591E914211D813
:10E2100013F003000ED1084A196891420BD102F1A4
:10E22000C27202F5D34259680832914203D103F118
:10E230001000704700207047F1109E1E704700BF0D
:10E240002DE9F041144F3C6814B90DE0A46D5CB1A8
:10E250002568A842FAD16568A942F7D1A3689A4215
:10E26000F4D12046BDE8F08105465C2090460E467C
:10E2700014F0E0FC43460446C0E90056C0F80880AC
:10E28000324629460C300EF007FB3B68A3653C6024
:10E290002046BDE8F08100BF5403002008B55A2095
:10E2A00005F03CF9002008BD08B5FFF7C9FF0C30A8
:10E2B00008BD00BF0C300EF09FBA00BF70B50D4610
:10E2C00082B014460646A8B17DB105F108016A681E
:10E2D0004CB104F108036468009406F10C000EF0E0
:10E2E00057F802B070BD2346F6E7002CF9D02A4655
:10E2F0002946EEE740F2DD3005F010F9E4E700BF13
:10E300000C300DF0E5BF00BF0C3008220DF0E6BF69
:10E31000704700BF00207047014B1860704700BF76
:10E3200058030020024B1B6803B11847704700BF19
:10E330005803002010B50A4C23687BB10821094816
:10E34000984709482368016843B104309847236817
:10E3500023B102210548BDE81040184710BD00BF99
:10E3600058030020343D020084040020403D020098
:10E3700008B503689B699847002814BF4FF40070E4
:10E38000002008BD10B588B06C4684E80F00BDF8C9
:10E390000020A2F57A6292B2012340F6020104A89D
:10E3A0000BF022FB08B010BD10B588B06C4684E8B5
:10E3B0000F00BDF80020A2F57A6292B2012340F668
:10E3C000030104A80BF010FB08B010BD10B5034BFF
:10E3D0000360044609F02AFA204610BD4C3D0200B5
:10E3E00010B5054B0360044609F020FA204614F0EE
:10E3F00018FC204610BD00BF4C3D020010B5034B79
:10E400000360044609F012FA204610BD4C3D02009C
:10E4100010B5054B0360044609F008FA204614F0D5
:10E4200000FC204610BD00BF4C3D020038B505463B
:10E43000102014F0FFFB2A6845600446002352694F
:10E440000360A36028469047034BA0811A682260AE
:10E450001C60204638BD00BF5C03002010B5044698
:10E46000FFF726F8A368C31A312B01D8A08910BD85
:10E470006368A0601A6818465369984780B2A08103
:10E4800010BD00BF38B504468069FFF7E7FFB4F957
:10E490001C30002BACBFA0F50074C0F50074322115
:10E4A000D820FCF77BFD4FF4FA710546D920FCF724
:10E4B00075FD641B401B640294FBF0F0B0F5007F17
:10E4C000A8BF4FF4007020EAE07038BD10B50446D4
:10E4D0008069FFF7C3FFB4F91C30002BAEBFA0F575
:10E4E0000070C0F500705B42984209DCA27F22B147
:10E4F00003EB4303B0EBA30F05DC0020A07710BDB6
:10E500000120A07710BD012010BD00BF10B504464A
:10E51000081ED8BF04F57A60FFF7AAFB20B1036894
:10E52000BDE810401B6A18472046FFF75DFD002834
:10E5300014BF4FF40070002010BD00BF2DE9F04162
:10E540000B4682B006464FF0FF311846FCF726FD19
:10E55000431C0CD0C0F3074306F57A67002B054631
:10E56000384614BF1C462024FFF782FB10B102B0CE
:10E57000BDE8F081ADB231462846FFF715FD0346F0
:10E580000028F4D1A5F24C46C72E57D904F0F0026A
:10E59000102A7FD0202A00F08380302A00F0828069
:10E5A00040F223301E4604F0B9FF2846FFF746FB31
:10E5B0008046182014F03EFB04F00F0405460123AA
:10E5C0004146CDE90046BAB209F0D2F93A4B2B6088
:10E5D000AC880F2CCBD0394E2820376814F02AFB9A
:10E5E0001023214600930122354B804607F06CFD35
:10E5F0003B6838465B6841469847002854D1AD884F
:10E6000034680F2DB3D0282014F014FB10232946B2
:10E61000009302222B4B064607F056FD2368314635
:10E620005B68204698470028A1D0304607F064FD7B
:10E63000304602B0BDE8F04114F0F3BA4FF49671E1
:10E64000D520FCF7ABFC632EC8BFA5F596668046C7
:10E65000C8BFC0F100083046FFF7F0FA1A4B1C683B
:10E6600014B919E02468BCB163689842FAD120203B
:10E6700014F0E0FA0026054661680123BAB2CDE93C
:10E68000006609F075F9114BAC61A5F81C80AE77F6
:10E690002B609DE7012688E7FFF7C8FE0446E6E702
:10E6A000022682E7064680E7404607F025FD404601
:10E6B00014F0B7FAA3E700BF4C3D0200B8080020F1
:10E6C000A9E3000085E300005C030020783D020020
:10E6D000704700BF704700BF704700BF0020704701
:10E6E00000207047704700BF704700BF0020704790
:10E6F00000207047002070470020704700207047BE
:10E70000704700BF38B51A4D2C680CB1204638BD93
:10E710004FF0FF310E20FCF741FCFFF78FFA20B3DA
:10E72000182014F087FA4FF0FF3104460E20FCF752
:10E7300035FCFFF783FA11220146204609F056F80E
:10E740002046322108F042F920464FF4597108F072
:10E7500035F92046802108F069F920464FF46071B0
:10E7600008F04AF92C60204638BD2C68CEE700BF7F
:10E770006003002070B586B004460D46FFF7C2FF67
:10E7800030B3034668469A88D988ADF804201A89C0
:10E79000ADF80610ADF8082059899A89DE89ADF8E0
:10E7A0000A10ADF80C20198A5A690A4BADF81010FE
:10E7B00005920093ADF80E6008F0DEF8BDF8040095
:10E7C0002A4621461023FEF781FF684608F0EAFF3B
:10E7D00006B070BD7841020030B587B0FFF792FFF8
:10E7E00030B3034668469A88DC881989ADF804205E
:10E7F0005A899D89ADF80640ADF80810DC89198A60
:10E80000ADF80A205A690C4BADF80E40ADF8101067
:10E8100005920093ADF80C5008F07AF8041E684693
:10E82000B8BF033408F0BEFFA410204607B030BDC7
:10E830007F24204607B030BD7841020070B586B015
:10E8400005460C46FFF75EFF18B38288C388ADF813
:10E850000420A10004894289ADF80630ADF80840D3
:10E860008389048AC689ADF80A20ADF80C30426964
:10E870000A4BADF81040012D6C46ADF80E6089B220
:10E8800005920093204606D008F0B6F8204608F01E
:10E8900089FF06B070BD08F0C9F8F7E778410200BB
:10E8A00008B5FEF7C3FB002008BD00BF10B5044645
:10E8B00000F0AEF822461023022140F6B930BDE840
:10E8C0001040FEF703BF00BF08B500F0A1F878B113
:10E8D0000AF0BEFF07EE900AFDEEE77A17EE900A07
:10E8E000772803DC332805DC002008BDFF2008BDA5
:10E8F000342008BD9FED0D7ADFED0D6AF8EEE77A62
:10E9000077EEC77AFDEEE77A17EE903AC3EB032372
:10E9100007EE903AF8EEE77A87EEA67AFDEEC77A30
:10E9200017EE900AFF28A8BFFF2008BD0000504244
:10E930000000884210B5044600F06AF8D8B184F3AC
:10E94000080307EE903A9FED0C7A9FED0C6ADFED1D
:10E950000C6AF8EEE77ABDE8104067EE877A87EE3A
:10E96000867A77EE267AFDEEE77AF8EEE77A17EE0A
:10E97000901A0AF097BF10BD0000884200007F4344
:10E980000000504270B51D4D2C6884B014B1204673
:10E9900004B070BD4FF4267014F04CF94FF0FF3105
:10E9A00004461120FCF7FAFAFFF748F94FF0FF315F
:10E9B00006461020FCF7F2FAFFF740F9142302464E
:10E9C00031460093204645F2F0530BF077FD0C4A98
:10E9D000019240F6B9360B4A0B4B009204F51071C8
:10E9E0000A4A029604F51B700AF000FF20460BF05D
:10E9F0005DFE20462C6004B070BD00BF64030020A3
:10EA00000000504200001041000096420000BE424B
:10EA100008B5FFF7B7FF08B100F51B7008BD00BFD0
:10EA200041607047064A136883EA433383EA5343DD
:10EA300083EA431398B2A0F5FF4013607F38704714
:10EA400010000020B1F5007F0846A8BFA1F50070B6
:10EA5000B0F5807FC8BFC0F5007000FB00F240F643
:10EA60003B1303FB02F31B14A3F5A4433A3B02FB45
:10EA700003F34CF6FE0202EB234300FB03F000120B
:10EA8000B1F5007F28BF4042704700BF8901A1F562
:10EA9000FF407F38704700BFB1F5007F07D3C1F555
:10EAA0007F710331C901A1F5FF407F387047C8016C
:10EAB000A0F5FF407F38704710B4036A064A1C78FF
:10EAC0000648662313FB042347F6FF728B42D8BF28
:10EAD00010465DF8044B704704FCFFFF0180FFFF08
:10EAE000836930B403F03F0494421BD00F4D2C686F
:10EAF00084EA443484EA544484EA441402F03F0231
:10EB000004F400431A432C60826143B1084B47F67A
:10EB1000FF70B1F5007F38BF184630BC704718460B
:10EB200030BC704703F40043EFE700BF0C00002047
:10EB30000180FFFF10B4036A0D481B780D4C184488
:10EB4000012310F8100C0240501102F01F0254F87B
:10EB5000200003FA02F2104006D0074847F6FF7281
:10EB6000B1F5007F28BF10465DF8044B704700BF29
:10EB7000BC3D0200B43D02000180FFFF0020704751
:10EB800038B5114B114DC0F8583103F1280103F18C
:10EB900034020446C0F86011C0F86421056000F535
:10EBA000C2700AF0B3FF04F5C0700AF0AFFF084B63
:10EBB000C4F85831002304F5AC70A4F85E3106F0B7
:10EBC000C9FB204638BD00BF10450200A43D02002D
:10EBD0009C3C020038B5124B124DC0F8583103F17D
:10EBE000280103F134020446C0F86011C0F8642122
:10EBF000056000F5C2700AF089FF04F5C0700AF0E4
:10EC000085FF094BC4F85831002304F5AC70A4F813
:10EC10005E3106F09FFB204614F003F8204638BD15
:10EC200010450200A43D02009C3C02002DE9F04F7B
:10EC3000D0F85051DFF8BCC04FF0FF374FF0020E54
:10EC40004FF0010B002D4AD02B466FF07F481A7908
:10EC50003AB984681968091B002908DD8845A8BFEE
:10EC600088469B68002BF2D14046BDE8F08F814674
:10EC70004FF0FF3808EB880100EBC10AD9F82C10DF
:10EC800091B3B8F1FF3F05D0DAF81010D9F8106051
:10EC9000B14200D290460132082A09F12809E9D18F
:10ECA00008EB880200EBC2021032D16909B181F889
:10ECB00004E0D3F80C80D36108F1080183F804B0B4
:10ECC00014601162D8F80430D760ACFB0343DB0852
:10ECD00003EB430301EB83035362002DB4D16FF0C8
:10ECE0007F484046BDE8F08F02EB820200EBC20293
:10ECF0001032DAE7ABAAAAAA002A01DD00F002B8B6
:10ED0000012070472DE9F04F2DED028B04468BB0AA
:10ED1000174609900E460592FFF788FFD4F8504138
:10ED2000003418BF0124B842C0F23581059B5D0054
:10ED300000212A46304603F037FE099FA74AF868AB
:10ED4000030282FB0312DB17C3EBA213079310F03D
:10ED5000B9F902460B460020A14910F047FBB31E4B
:10ED60001E46089310F010FD33462B44049308EE22
:10ED7000100A07F5A87307F1100B0693DBF81C20A7
:10ED8000002A41D0DBF820300599DBF808500C3B15
:10ED90000029CBF8203040F3F3800027CDE902773B
:10EDA000089E0197B8463C46BA46002C53D0DDF881
:10EDB0000C90019BAA0EC5F3094158469847029B47
:10EDC00036F8022F39141F44049B00FB01F002EBBC
:10EDD000A0329E42454404F1FF340AF1010AC844BE
:10EDE0003280E2D1DBE908239A4280F0AA80002C2D
:10EDF00008BF0124CBF80850039BCBF80440CBE9B3
:10EE00000483CBF80C700124069B0BF1280B9B4567
:10EE1000B4D1099A0599936800290B44936014DDD5
:10EE20007048089B049E4FF6010540F2FF7102E016
:10EE30009E42198009D033F9022FB2F5006FF7DA3C
:10EE40008242B8BF1D809E42F5D120460BB0BDEC7A
:10EE5000028BBDE8F08FDBE9083103F10C028A4236
:10EE6000CBF820206DD2D989DF8AB3F91220B3F90B
:10EE700014901C8A187B44F62063994228BF1946D7
:10EE8000BB4228BF3B4640F2FF37BA42A8BF3A46D2
:10EE9000B945A8BFB946142938BF1421142B38BF6F
:10EEA000142322EAE27229EAE979002C47D04EF6CF
:10EEB0006027BC4228BF3C46079F07FB04F4471E5F
:10EEC000042F4CD8DFE807F02F03353238004648CE
:10EED0000190A9EB02094FEA0949240A99FBF4F0D1
:10EEE0000290BAF1000F6BD007EE901AF8EEE77AB5
:10EEF0008B4267EE887A4FEA0247FCEEE77A17EE1C
:10EF0000908A27D007EE903AF8EEE77A67EE887A93
:10EF1000FCEEE77A17EE903AA3EB080393FBF4F3C9
:10EF20000393994645E731480190D2E73048019074
:10EF3000CFE730480190CCE72F480190C9E7079C04
:10EF4000BDE7DBF81C200223137100230124CBF85A
:10EF50001C3059E74FF00009CDF80C9029E7A0F1DB
:10EF60000B07042F09D9DFF89CC0244F1038022862
:10EF700098BFBC46CDF804C0ABE721480190A8E794
:10EF8000DBF824108B42DED24FF00008CDF80C8065
:10EF90004746012430E7099C054602463146204693
:10EFA000FFF7AAFE059B06EB45015A1B2046FFF71B
:10EFB000A3FE012420460BB0BDEC028BBDE8F08F10
:10EFC000DBF80C70781C8FD0DBF814300393DBF87F
:10EFD0000440DBF810809946EBE600BFD34D621089
:10EFE0000000904101F8FFFF8DEA000099EA00005F
:10EFF000E1EA000045EA000025EA000035EB0000E8
:10F00000B9EA00007DEB0000F0B54B6883B007461D
:10F0100063B30E4601A84FF400710AF05FFD019D35
:10F020002C1D4FF4807221463046FFF76BFE05F52C
:10F030000172238803F5006324F8023BA242F8D151
:10F0400070B1706810B103681B68984701A9384611
:10F050000AF054FD01A80AF059FD384603B0F0BD8E
:10F0600086F8540138460AF033FDF3E70AF030FD24
:10F07000384603B0F0BD00BF70B54FF0FF31054614
:10F080001A20FBF78BFFFEF7D9FD90B104464FF035
:10F09000FF311A20FBF782FFC30348BFB5FA85F59D
:10F0A000236848BF6D09294620461B68BDE87040AB
:10F0B000184770BD0020704700207047002070473F
:10F0C000704700BF704700BF704700BF704700BF68
:10F0D000704700BF704700BF704700BF704700BF58
:10F0E00070B5164B0360002582B0044645600220CF
:10F0F000FEF7A4FD04F5AC761323014622460093E7
:10F1000001954AF6444330460AF0EEFF4FF0FF30D7
:10F11000FFF7E4FF3046A56084F854510AF0CAFFB7
:10F120002946E0604FF4A07204F1100003F03CFCAB
:10F130002046C4F8505102B070BD00BFA43D02008B
:10F1400038B5074D2C680CB1204638BD4FF4C4705B
:10F1500013F070FD0446FFF7C3FF2C60204638BD56
:10F16000680300202DE9F0410C460746FFF7E8FF51
:10F1700006462046FDF722FC102013F05BFD0546F5
:10F18000F0681D4AB168EC6000FB07F082FB0032BA
:10F19000C317C3EBA2130B4400222A712B6005F0A6
:10F1A00029FFD6F85041AC60C6F8505154B910E070
:10F1B000A368E068AB60FDF70FFC204613F031FD5B
:10F1C000AC6834B12379022BF2D02546A468002C18
:10F1D000F8D105F001FF96F854310BB1BDE8F0818C
:10F1E0007068012386F854310028F7D00368BDE821
:10F1F000F0411B68184700BFD34D621038B5FFF7C8
:10F200009FFF054605F0F6FED5F850410023C5F8EE
:10F210005031EB626B65EB67C5F8A430C5F8CC30B4
:10F22000C5F8F430C5F81C31C5F844314CB1D4E907
:10F230000250FDF7D1FB204613F0F3FC2C46002DC5
:10F24000F5D1BDE8384005F0C7BE00BF70B50C462B
:10F2500015460646FFF774FF00218C42C5604160E9
:10F2600005DD22463146BDE87040FFF74BBD012069
:10F2700070BD00BF10B50446FFF762FF2046FFF7E0
:10F280002DFF10BD704700BF704700BF024B1B68C9
:10F2900003EB4000704700BF90020020704700BFA2
:10F2A000704700BF704700BF704700BF0B689842AF
:10F2B00021D10B6998421EDC8B6998421BDA002829
:10F2C00030B408DB4B681468A3425468B8BF1360BD
:10F2D000A342C8BF53600B6B002B05DD4A688D6AE3
:10F2E0000C6A2A444A601B1B4A6A013013440860B6
:10F2F0000B6330BC704770470B6898422DD1F0B457
:10F300004B684F69BB4226DB8C69A04223DA0C6B49
:10F31000D1F820C00BE0CD6A4E6A05443444A842BF
:10F320000D60644403F1FF3313D1BB4211DB0028AD
:10F3300007DB15689D425568C8BF13609D42B8BF82
:10F340005360002CE7DC0D68A842644403F1FF33EE
:10F35000EBD00C634B60F0BC704770470B68984271
:10F360002DD1F0B44B684F69BB4226DC8C69A042BA
:10F3700023DA0C6BD1F820C00BE0CD6A4E6A05444D
:10F38000A41BA8420D60644403F1010313D1BB42E6
:10F3900011DC002807DB15689D425568C8BF136063
:10F3A0009D42B8BF5360002CE7DC0D68A84264445E
:10F3B00003F10103EBD00C634B60F0BC7047704766
:10F3C0004268014693890248528906F0D9B800BFC5
:10F3D000EC3D020043685889884207DD002A05DBBE
:10F3E00098898242ACBF00200120704700207047FE
:10F3F00070B506464068457A012D82B000F11004D0
:10F400000ED0042D27D183899B001F335B119B00F5
:10F4100001FB0344C2B9207800F00F0002B070BDB8
:10F4200083890733DB1001FB03440AB104EBE204D8
:10F430000123217802F0070203FA02F20A4214BF04
:10F440001846002002B070BD5310E05CD307E3D52E
:10F45000001102B070BD40F23530CDE9001204F069
:10F460005DF800997368019A5B7A641A32B1012BD6
:10F47000DCD0042BE8D0002002B070BD042BCAD031
:10F48000012BF8D1D4E700BF70B50446FFF7A2FF07
:10F4900000B970BD2046BDE87040FFF7A9BF00BFAE
:10F4A00070B506464068447A012C84B000F110051E
:10F4B00013D0042C29D1808980001F304011800096
:10F4C00001FB00519ABB91F9000020F00F0003F0FE
:10F4D0000F0303430B7004B070BD80890730C01068
:10F4E00001FB00510AB101EBE201012002F0070229
:10F4F00000FA02F2087823B920EA0200087004B08A
:10F5000070BD1043087004B070BD40F23530CDE9D5
:10F510000223019104F002F8DDE9022301997068E9
:10F52000691A407A82B10128DDD00428D3D101EBD9
:10F530006201D20791F90000C7D500F00F0040EA40
:10F5400003130B7004B070BD0428BCD00128CCD0CC
:10F5500004B070BD2DE9F84F0A9FBF1A48BF7F4223
:10F56000A3EB01094CBF4FF0FF3B4FF0010B7F00B5
:10F570008B42A7EB09050C469846164682464FEA91
:10F5800049090EDB324621460B9B50460134FFF7FA
:10F5900087FF002DC4BFA5EB09055E44A0453D448F
:10F5A000F0DABDE8F88F00BF2DE9F84FDDF82880CC
:10F5B0005B1A48BF5B42A8EB02094CBF4FF0FF3B10
:10F5C0004FF0010B5F009045A7EB090514460E466E
:10F5D00082464FEA49090EDB224631460B9B5046D4
:10F5E0000134FFF75DFF002DC4BFA5EB09055E44A4
:10F5F000A0453D44F0DABDE8F88F00BFD0E9013204
:10F60000013282609A0701D11A0F08D110B5044661
:10F61000596803F10800FBF749F9606010BD7047B5
:10F6200030B445680B68688923EAE374431EA3423B
:10F63000A8BF23460B60AB891168013B21EAE17149
:10F640008B42A8BF0B46136030BC704738B5FBF740
:10F650002DF90546FDF7B2F90C20FDF725F8044613
:10F6600028B10A4A456000230260836025B128461C
:10F67000FDF7B2F9204638BD40F2353003F04EFFB9
:10F680002846FDF7A9F9204638BD00BF083E020014
:10F69000B0F5FA6F24D8B1F5FA6F21D8012A70B508
:10F6A00018D0042A1ED18B001F335C11830003FB8A
:10F6B00004F308330D460446194600201646FFF7AA
:10F6C000C5FF4368872100225E725C819D811972AB
:10F6D000DA8170BDCB1DDB1000FB03F30833E9E7D3
:10F6E00000207047002070BD38B14368082B02DD50
:10F6F000027A872A02D0002070477047427A012A96
:10F700000FD0042AF7D18289408992001F3252110A
:10F71000800000FB02F00830181AB0FA80F04009AF
:10F720007047828940890732D21000FB02F008300E
:10F73000F2E700BF48B14268042A04DD037AE12BF6
:10F7400014D0E42B02D0002070477047817A437AAE
:10F750001F2000EB81009B00401103FB00F30833E6
:10F76000181F801AB0FA80F040097047817A437AF6
:10F77000C81DC01003FB00F30833F1E74368588944
:10F78000704700BF43689889704700BF4368587A44
:10F79000A0F10100B0FA80F04009704743689A0771
:10F7A00004D11B0F0CBF01200020704701207047BF
:10F7B0008068003018BF0120704700BF2DE9F0417C
:10F7C0000D1E04DB04461F46FFF704FE08B9BDE822
:10F7D000F08116462046FFF711FF3B463246294688
:10F7E0002046BDE8F041FFF75BBE00BF002901DB0A
:10F7F000FFF74ABE002070474068437A042B00D0D0
:10F80000704743898B42FBD970B4848955685E1A6E
:10F81000A30004FB06F4AC4203F11F034FEA631399
:10F82000A8BF2C469B001030641001FB030112D0CE
:10F83000013C08190A32013911F8013F03F00F03A6
:10F8400002F8023C0B7881424FEA231302F8013C94
:10F8500002F10202F0D170BC704700BF2DE9F04107
:10F8600043685D7A042D01D0BDE8F081B3F80A80C9
:10F870008845F9D9044617469D890E46FFF7BEFE16
:10F8800063685A7A012A03F1100424D0042A26D18D
:10F89000998989001F31491189007B68A8EB060806
:10F8A00005FB08F09842A8BF1846401001FB06412E
:10F8B000DAD007F10A02084412F8023C12F8014CAF
:10F8C00003F00F0343EA041301F8013B814202F104
:10F8D0000202F1D1C8E799890731C910DDE740F28A
:10F8E000353003F01BFE4FF0FF31D6E72DE9F0472E
:10F8F00086B0CDE902210BB10E9D15B906B0BDE869
:10F90000F08745686E89B1420446F7DAAD89AA42AC
:10F91000F4DA01390B440E99013A0A44002BCDE97F
:10F920000432EBDB002AE9DB05AA04A9FFF778FE25
:10F9300002AA03A92046FFF773FE6168DDE904759A
:10F94000DDE902238889013701354607A7EB030764
:10F95000A5EB020505D123B91AB94B899F4200F0E6
:10F96000CA802046FFF74AFE61684B7A012B00F0FF
:10F970009380042B40F0C780B1F80CE00F984FEA59
:10F980008E0E0EF11F0E00F00F06DDE902324FEA77
:10F990006E1E06EB06164FEA8E0E5FFA86FA01F12E
:10F9A0001008B1F80CC04FEA8C0C0CF11F0C4FEA98
:10F9B0006C1C4FEA8C0C02FB0C8C002B40F09880E6
:10F9C000002F07F1FF3106DC98E7042B2FD0013917
:10F9D0004B1CF44492D063685B7A012BF5D1029AF8
:10F9E000002D02F0070203FA02F3F0DDE0460022E8
:10F9F00005E0384388F8000001329542E7DDB3F5B1
:10FA0000807F0BD0DFB25B000F9E98F80000002EC5
:10FA1000EFD120EA070088F80000EDE708F10100C7
:10FA2000AB1A072B80462FDC02230127ECE7029B51
:10FA300013F0010F14BFF0270F27002DC7DDE0469C
:10FA400000200DE0FAB23F0198F8003083EA0A097D
:10FA500002EA090201305340854288F80030B6DDE1
:10FA6000B7F5706FEED108F101022B1A012B904609
:10FA7000A3F1020302DCF0270F22E5E70230854202
:10FA800002F801ABF2DCA2E70832954200F801ABC4
:10FA9000A3F10803C5DC9AE7B1F80CE00EF1070EFC
:10FAA0004FEAEE0EF446DDE9023201F110080CFBDC
:10FAB000028C0F9A42F300065FFA86FA002B3FF49D
:10FAC0007FAF0CEBE30C7BE740F23530CDE9003241
:10FAD00003F024FD019A009BA8EB020CA3B362681B
:10FAE000527A012A4FF0FF3EEBD0042A7FF468AF30
:10FAF0000CEB630C64E785427FF433AF20460F992B
:10FB000000F026F8FAE640F2353003F007FD6168B0
:10FB1000487A012808D1B1F80CC00CF1070C4FEA63
:10FB2000EC0C4FF0FF3EBEE70F9B03F00F0606EB19
:10FB3000061604285FFA86FADDE9023201F11008A0
:10FB4000C2D14FF0FF3E2CE74FF0FF3E38E700BF39
:10FB500030B5054683B00C4619B1436899894A0708
:10FB60002DD12846FFF74AFD69684A7A01F1100352
:10FB70004968012AE4B218BF04F00F04A1F108019A
:10FB80000CBF44F3000404EB04140329E2B20ED9C1
:10FB900098070DD102EB022021F0030400EB004096
:10FBA0001C4443F8040BA342FBD101F0030121B133
:10FBB00019441A7001339942FBD103B030BD0022C1
:10FBC0005B89009101941146FFF790FE03B030BDB0
:10FBD00010B5141482B0CDE9004313B20A1409B26F
:10FBE000FFF784FE02B010BD2DE9F04784B0CDE9E7
:10FBF00000210BB10C9C14B904B0BDE8F087456836
:10FC00006E89B1428246F7DAAE89B242F4DA6D7A91
:10FC1000042DF1D10D9C65680F2DEDDD01390B44EC
:10FC20000C99013A0A44002BCDE90232E4DB002AA8
:10FC3000E2DB03AA02A9FFF7F3FC6A4601A95046DA
:10FC4000FFF7EEFCDDE90223DDE90061013201335B
:10FC50005046A2EB01089E1BFFF7D0FCDAF80470B7
:10FC60000D9A7B7A012B02F1080544D0042B53D165
:10FC7000B7F80CC04FEA8C0C0CF11F0C4FEA6C1C4F
:10FC8000DDE900494FEA8C0C1037634603FB097726
:10FC9000002C61D1B8F1000F08F1FF34ACDD009BFE
:10FCA000002E03F001021FDD3B7838460AB3012223
:10FCB0000EE043780132084603F00F0103F0F00331
:10FCC000695C01F00F010B43964203700CDD0132B9
:10FCD000191103F00F0315F801E0014643EA0E1372
:10FCE000964201F8013BE4DC013C631C6744D6D139
:10FCF00082E70122E0E7B7F80CC0DDE900490CF12A
:10FD0000070C4FEAEC0C1037634603FB0977002C15
:10FD1000C0D007EBE407BDE740F2353003F0FEFB4F
:10FD2000DAF80430DDF804905A7A009C012A03F1D5
:10FD3000100714D0042A1BD040F2353003F0EEFB3C
:10FD4000A7EB09078CB1DAF804305B7A012B4FF08E
:10FD5000FF3CDED0042B9DD107EB64079AE79B891B
:10FD60000733DB104FF0FF3CCFE74FF0FF3C91E74C
:10FD70009B899B001F335B119B004FF0FF3C85E785
:10FD800010B5141482B0CDE9004313B20A1409B2BD
:10FD9000FFF72AFF02B010BD81B108B5406849687D
:10FDA00042684B689A4201D0002008BD08310830F3
:10FDB00012F064FFB0FA80F0400908BD08467047B1
:10FDC000406841680830FFF741BC00BF2DE9F041B1
:10FDD0000746FFF713FC7B685A892AB300269C89E3
:10FDE000013C002C1CDD00252A4631463846FFF731
:10FDF000FFFA2246804631463846FFF7F9FA2A468E
:10FE0000034631463846FFF74BFB01352246434651
:10FE100031463846013CFFF743FBA542E4DB7B68F3
:10FE20005A8901369642DADBBDE8F081F8B54368BD
:10FE300006465A7A59899889FFF72AFC73685A89C5
:10FE40000746BAB100259A8982B100242246294684
:10FE50003046FFF7CDFA2A46034621463846FFF7DB
:10FE60001FFB73689A8901349442EFDB5A8901358C
:10FE70009542E8DB3846F8BD2DE9F043436899899F
:10FE80007E2983B05ADC81465A7A58894900FFF7A7
:10FE9000FFFBD9F804304268597A5F89012980460E
:10FEA00002F110043FD0042957D19E89B6001F36B5
:10FEB0007611B600517A01293CD0042944D19589A4
:10FEC000AD001F356D11AD00D9F804202848517AD6
:10FED000284A012908BF10460FB303F10F0E4FF057
:10FEE000000905F1FF3C002D14DD7146002311F8D7
:10FEF000012F02F00F026345825C227008BF0134BB
:10FF000005D00A7812110234825C04F8012C023305
:10FF1000AB42ECDB09F10109B945B644E3D14046F7
:10FF200003B0BDE8F0839E89517A073601294FEA74
:10FF3000E606C2D195890735ED10C5E74FF00008F8
:10FF4000404603B0BDE8F08340F2353001934FF0F6
:10FF5000FF3503F0E3FA019BB6E740F23530019339
:10FF60004FF0FF3603F0DAFAD8F80420019BA1E73E
:10FF7000DC3D0200CC3D0200F8B543685B7A042BFF
:10FF800000D0F8BD02F00F068E42FAD005460F46AB
:10FF9000FFF734FB6B6817B99A89520721D15A6869
:10FFA000082A03F11001ECD01144340109390F3350
:10FFB00064B213F8010F00F00F02BA4204BF20F040
:10FFC0000F003043B7EB101F03D100F00F002043A8
:10FFD000C0B299421870ECD1F8BD9A8901379742A6
:10FFE000CFDA5A89002AF8D0002404E06B685A89D5
:10FFF00001349442F1DA3A4621462846FFF7F8F9EF
:020000040001F9
:100000000028F3D133463A4621462846FFF748FAFE
:10001000ECE700BF2DE9F0411C4684B08C42074656
:10002000DDE90A5306DB8BE02E46204615460C46DA
:1000300032460146A142F7DBB2EB0508A1EB04060C
:1000400010D1002E6CD04FF0010C0B932A4606EB1A
:100050000C0321463846CDF828C004B0BDE8F04175
:10006000FFF744BC7EB9B8F1000F64DD08F101026E
:10007000CDE90A232A4621463846012304B0BDE8CB
:10008000F041FFF733BC002952DBD7F804C0BCF8BD
:100090000A00A0424CDD002C05DA04FB08F494FBB6
:1000A000F6F42D1B0024884207DC0138411A08FBB6
:1000B00001FE01469EFBF6F002449542BCF80C009E
:1000C00045DB824234DA002D32DB002A05DA06FBFA
:1000D00002F292FBF8F2891A0022854207DB01380E
:1000E000451B06FB05FC05469CFBF8F0044438461E
:1000F000CDE902230191FFF781FAB8F1000FDDE9A4
:100100000112039B3ADB4645CDE90A2338460B46EC
:100110002A4621463CDC04B0BDE8F041FFF744BA72
:100120002A462146384604B0BDE8F041FFF746BBF9
:1001300004B0BDE8F081C8F10101CDE90A139AE7E6
:10014000164608462A4621463546044674E7854247
:10015000EEDA002AECDB002D05DA06FB05F595FB4F
:10016000F8F5641B00258242C1DB0138821A06FBC8
:1001700002FC02469CFBF8F00144B8E7C8F1000815
:1001800046450B9309DD0A920B462A46214638461E
:1001900004B0BDE8F041FFF7DDB90A9523463846C3
:1001A000B9E700BF10B5141482B0CDE9004313B213
:1001B0000A1409B2FFF72EFF02B010BDF8B50F1EEA
:1001C00016DB144600221E460546FFF703F978B1F8
:1001D000069B002B0CDB002219462846FFF7FAF895
:1001E00030B1079B002B03DD6B685A7A042A00D0DC
:1001F000F8BD7268517A0429FAD19889558981002D
:100200001F3149111033890007FB0137079B1E1965
:100210008642A8BF0646002C4FEA054595FBF3F53C
:100220002FDB01D007EB64070021938906989B0020
:100230001F335B119B00A64200FB03F302F1100287
:10024000D6DD02EB030C4B14CA031CF803304CBF81
:100250001A1103F00F0297F9003014F0010F03F0A8
:100260000F0004BF23F00F03134340EA021004F110
:10027000010414BF07F8010B3B70B4422944E2D1DA
:10028000F8BD05FB04F149420024CEE730B51D144A
:1002900083B01CB2CDE9004513460A1409B2FFF73A
:1002A0008DFF03B030BD00BF2DE9F04F8BB09146FC
:1002B00001901089059108B153681868FBF732F86E
:1002C000B9F80830012B88BFD9F8043004468CBF38
:1002D00058680020FBF726F8B9F80830022B88BFD1
:1002E000D9F8043080468CBF98680020FBF71AF8D4
:1002F000B9F80830032B88BFD9F8043007468CBF03
:10030000D8680020FBF70EF8B9F80830042B88BF36
:10031000D9F8043082468CBF18690020FBF702F838
:10032000B9F80830052B88BFD9F8043005468CBFD2
:1003300058690020FAF7F6FFB9F80830062B88BF95
:10034000D9F8043083468CBF98690020FAF7EAFF99
:10035000B9F80830072B064640F2B980D9F80430C6
:10036000D869FAF7DFFFB9F80820D9F80410082A8D
:10037000034640F2BE80086A422800F0BE800A2888
:1003800040F0CB8000200290092A09D9486A42280F
:1003900000F0C0800A2803D010B1062840F0B080D9
:1003A0004FF00009059A0199526848685189B0F8E0
:1003B0000AC0B0F80CE0928930042E448E42A8BFE7
:1003C0000E4603EB0B019142A8BF11461B0493FBA1
:1003D000FAF306930B4690FBF7F004EAE471274426
:1003E0001B04C2446745089301FB00F30090A8BFBB
:1003F0006746C3EB0540F245069B08EAE872A8BFD2
:10040000F246CDF81CA002FB03FA631ACAEB0B4AB2
:10041000049320EAE07336040993A8EB02082AEA61
:10042000EA7AB9F1000F60D0079B984549DA089B3A
:10043000534546DDDDF814B0CDF80CA0039B4FEA20
:10044000234A049BBB422FDA099CA6422CDD52466C
:100450004B46C246B146049D1E4690460AE000281F
:1004600037D1029B8BB10135009BBD421C4417D094
:10047000A14515DD424621145846FEF7B9FF002E6E
:10048000EDD1029B0BB10028EDD003462946524620
:100490000198FFF705F80135009BBD421C44E7D1E8
:1004A0003346D0464E469946039B069A134403931F
:1004B000079B08F10108984503D0089B039A9342D3
:1004C000BCDC4FF0000948460BB0BDE8F08F0020BF
:1004D00047E7524629460198FEF78AFF0028C2D016
:1004E000B14648460BB0BDE8F08F0198FFF786F89B
:1004F0009AE700220292914654E70120029043E7D6
:100500000093FBF737FA10F1000918BF4FF001090B
:10051000009B47E74FF0010944E700283FF433AF61
:1005200006283FF42FAF0093FBF724FA031C18BFF3
:1005300001230293D9F80410B9F80820009B23E79F
:100540002DE9F04F054610899DB01646894608B141
:1005500053681868FAF7E6FE3389012B88BF736881
:1005600004468CBF58680020FAF7DCFE6B685A8995
:100570009442074602DA9B89984202DB1DB0BDE82F
:10058000F08F02233246494611A8F4F771F8119B07
:100590000793002BF2DDDDF84880B8F1000FEDDDA8
:1005A000159B00931A46179B9B1A14EB2343E5D423
:1005B000169E189B9B1B17EB2343DFD4139B0693BC
:1005C000149B0193199B029328461A9B0B93FFF7E8
:1005D00015F89DF86C30002B73D00B9B002BCDDDF4
:1005E0004246D317CDE90E23CDE908470C95DFF835
:1005F000ACA1029D0A964FF0000B002D5BDD0B9B1A
:10060000A3F58030A0EB0B00C317190441EA104199
:10061000DDE90E2300040FF007F9069B8BFB032393
:100620004FEA124848EA0348079B1946DA17CDE912
:10063000041207140024A5F58036301BC3171904D3
:1006400041EA1041DDE9042300040FF0EDF8011444
:100650003A4648462BD4FEF717FF04EB0801019BEE
:1006600001EA0A0181FB03234FEA124C4CEA034CD6
:10067000DC44069B0CEA0A0C8CFB0323CDE9022325
:10068000039B120C42EA03420A9B1144ACEB0302A7
:10069000009B01EA0A01C91A0346099800EB2242AD
:1006A000089800EB214113B10C98FFF787F804F587
:1006B0008034A542C1DC0B9B0BF5803B5B459CDC89
:1006C0005CE70B9A002A7FF759AF42469A46D31748
:1006D000CDE90C23CDE908760A95DFF8C0B0029D7C
:1006E000DDF818800694002D51DD5246D317190409
:1006F00041EA1A41DDE90C234FEA0A400FF094F871
:100700008AFB0823170C47EA0347079B1946DA17A9
:10071000CDE9041206140024E317190441EA144138
:10072000DDE9042320040FF07FF801143246484627
:1007300029D4FEF7A9FEE119019B01EA0B0181FB17
:1007400003234FEA124C4CEA034CD4440CEA0B0C42
:100750008CFB0823CDE90223039B120C42EA0342DF
:10076000099B1144ACEB0302009B01EA0B01C91A7F
:100770000346089800EB2242069800EB214113B192
:100780000A98FFF71BF804F58034A542C4DC0B9BE4
:100790000AF5803A5345A6DCF0E600BF0000FFFFF3
:1007A0002DE9F04F064610899DB014460D4608B15C
:1007B00053681868FAF7B6FD2389012B88BF636870
:1007C00082468CBF58680020FAF7ACFD73685A89DE
:1007D0009245834602DA9B89984203DB00201DB0D4
:1007E000BDE8F08F02232246294611A8F3F740FF07
:1007F000119B0C93002BF1DD129B002BEEDD159A63
:1008000000921146179A521A1AEB2242E6D4169A0F
:1008100006921146189A521A1BEB2242DED4139903
:10082000079114990191DDE919919DF86C200D91C2
:10083000002A77D00029D1DD1846D917CDE90E015D
:100840000022DFF8C4810A96CDE908AB9246B9F1DF
:10085000000F61DD0D9BA3F58030A0EB0A00C317EC
:10086000190441EA1041DDE90E2300040EF0DCFF1B
:10087000079B8AFB03234FEA124B4BEA034B0C9B6B
:100880001946DA170714CDE904120024A9F58036B9
:1008900003E004F58034A1453EDD301BC317190485
:1008A00041EA1041DDE9042300040EF0BDFF01140C
:1008B0003A462846EDD4FEF7E7FD04EB0B03019A18
:1008C00003EA080383FB02124FEA114C4CEA024C84
:1008D000D444079A0CEA080C8CFB0212CDE90212F0
:1008E000039A090C41EA02411944009B01EA0801FC
:1008F000C91A0028CDD0069B0A98ACEB0302099BCD
:1009000003EB2242089B13EB2141C2D4FEF7BCFD4E
:100910000028BED0012062E70D9B0AF5803A5345BE
:1009200095DC5BE70D9900297FF758AF1046194613
:10093000DA17CDE90A12DFF8D080CDE908ABDDF88F
:100940001CB007960646B9F1000F56DDF3171904DF
:1009500041EA1641DDE90A2330040EF065FF86FB0B
:100960000B234FEA124A4AEA034A0C9B1946DA174C
:100970000714CDE90412002403E004F58034A145F6
:100980003BDDE317190441EA1441DDE904232004A7
:100990000EF04AFF01143A462846EED4FEF774FDE5
:1009A00004EB0A03019A03EA080383FB02124FEAED
:1009B000114C4CEA024CB4440CEA080C8CFB0B12B0
:1009C000CDE90212039A090C41EA02411944009B45
:1009D00001EA0801C91A0028CFD0069BACEB03023C
:1009E000099B03EB2242DDE9070313EB2141C4D449
:1009F000FEF74AFD0028C0D08CE70D9B06F5803637
:100A0000B342A0DCEAE600BF0000FFFF2DE9F04F93
:100A1000B7B01646009010898A4608B15368186826
:100A2000FAF780FC3389012B88BF736880468CBF3E
:100A300058680020FAF776FC0223074632460099F0
:100A400020A8F3F715FE209C002C15DD219D002D1C
:100A500012DD249A269B0F924FEA08419B1A8B4283
:100A600001910B9308DD259A279B119239049B1A5B
:100A70008B420491109303DC002037B0BDE8F08F67
:100A80003246229E0E96239E1296289E1596299EE9
:100A90001E9605239DF8A860139651462BA8F3F7E0
:100AA000E7FD2B9B002BE7DD2C990029E4DD2F9A35
:100AB00006921046319A121A0198C242DCD4309A3A
:100AC00007921046329A121A0498C242D4D42D9832
:100AD00005902E980A90DDE933B09DF8D42014904B
:100AE000002A00F0E8800028C6DD00220E46CF175D
:100AF0000C921946DA17CDE90212EB172A46CDE916
:100B00001A232246E317CDE91C67CDE91623CDF859
:100B10007CA0BBF1000F40F3AF80149B0C9C7F4E78
:100B2000A3F58030001BC317190441EA1041DDE929
:100B30001C2300040EF078FE059BDDF87C8083FB0F
:100B40000423110C41EA03434FEA204A00250BEB32
:100B50000607994614E0159BA3F58030401AC31789
:100B6000190441EA1041DDE9162300040EF05CFE91
:100B70000314089340F1898005F58035AB457BDD92
:100B8000781BC317190441EA1041DDE90223000470
:100B90000EF04AFE0114EFD452464046FEF774FCB4
:100BA0000028E9D00A9A05EB0903334082FB0301D0
:100BB000040C0C9A44EA01441444059904EA060220
:100BC00081FB0201CDE908010999000C40EA0140CE
:100BD0000344049907980C1A019906983340091A9E
:100BE0005B181444C8D4002CC6DB0B9A9A42C3DDB0
:100BF000109AA242C0DD119A14440E9A84FB02019D
:100C0000020C42EA01420F999B1A5918129B31407B
:100C100081FB0323100C40EA0340241A0E9A34404F
:100C200084FB0223100C40EA03402246E317CDE97F
:100C30000823139B091A3140002B8CD1CB171B04BE
:100C400043EA11410020DDE916230EF0EDFD031407
:100C5000189391D4099A110441EA1441DDE91A2349
:100C600000200EF0E1FD189902140098FEF70CFC2C
:100C7000002881D0012000E70C9B149A03F58033F3
:100C800093420C93FFF645AFF6E61E9AA2F580302C
:100C9000001BC317190441EA1041DDE91A230004BF
:100CA0000EF0C2FD089902140098FEF7EDFB002833
:100CB0003FF462AFDEE7149A002A7FF7DDAEDA1761
:100CC00088464FEAE1791946CDE90212EB172A4628
:100CD000CDE918232246E317CDE91A89CDE90C2383
:100CE0000027CDF870A0BBF1000F40F3A780FB17E1
:100CF000190441EA1741DDE91A2338040EF094FD86
:100D0000059B064EDDF8708087FB0323110C41EA3A
:100D100003434FEA204A0025994616E00000FFFFF2
:100D2000159BA3F58030401AC317190441EA1041FE
:100D3000DDE90C2300040EF077FD0314089340F165
:100D4000848005F58035AB4578DDEB17190441EA61
:100D50001541DDE9022328040EF066FD0114F0D4EC
:100D600052464046FEF790FB0028EAD00A9A05EB6F
:100D70000903334083FB0201040C44EA01443C4470
:100D8000059904EA060282FB0101CDE908010999EF
:100D9000000C40EA01400344049907980C1A019999
:100DA00006983340091A5B181444CAD4002CC8DBD7
:100DB0000B9A9A42C5DD109AA242C2DD119A1444E0
:100DC0000E9A84FB0201020C42EA01420F999B1A1F
:100DD0005918129B314081FB0323100C40EA034059
:100DE000241A0E9A344084FB0223100C40EA03407C
:100DF0002246E317CDE90823139B091A3140002B43
:100E00008ED1CB171B0443EA11410020DDE90C23EE
:100E10000EF00AFD0314169393D4099A110441EAC3
:100E20001441DDE9182300200EF0FEFC169902148F
:100E30000098FEF729FB002883D01BE7149B07F5D9
:100E400080379F42FFF64FAF16E61E9AA2F580301C
:100E5000001BC317190441EA1041DDE918230004FF
:100E60000EF0E2FC089902140098FEF70DFB002832
:100E70003FF467AFFEE600BFFFF716BA2DE9F04F6B
:100E800089B05C000594C4F1010403945C1E53D442
:100E9000012306928B46824607930493002507E0C0
:100EA000049A013C02321344A5420492039343DCAA
:100EB000069E129B4FEA4509A6EB050809F10109B8
:100EC000CDE90093424601230BEB04015046FEF7A7
:100ED0000DFD6700129B0137361BCDE900733246CA
:100EE00001230BEB05015046FEF700FD129B019319
:100EF00042460123ABEB04015046CDF80090FEF7CB
:100F0000F5FC129B0193324601230097ABEB0501E0
:100F10005046FEF7EBFC039B059A002BA3EB020364
:100F2000BEDC039A079B114601351944A54203F123
:100F3000020303910793BBDD09B0BDE8F08F00BF4A
:100F400010B582B00C46009309B213462214FFF785
:100F500095FF02B010BD00BF70B4BDF90C50036125
:100F6000AC1A84EAE4765B1AA6EBE476B342C0E9F5
:100F700002124260036201604FEA4302446245612B
:100F800011DD002CB8BF64424FEA4404ACBF01211C
:100F90004FF0FF31E31A81620021C0E908240363A6
:100FA000416370BC70470123002C04FA03F1C36253
:100FB000B2BFA418141B02230463C0E908214363D1
:100FC00070BC7047F0B505464068467A85B0012E82
:100FD0009DF8287000F110042ED0042E3BD180899A
:100FE00080001F304011800001FB0041002A45D1E4
:100FF0000F25002B1EDD00240AE0E8B22D010A783F
:1010000082EA0706304001344240A3420A7011DDF3
:10101000B5F5706FF1D1481C1A1B012A0146A2F1E7
:10102000020202DCF0250F20E9E70234A34200F8B7
:10103000017BF2DC05B0F0BD80890730C01001FBF8
:101040000041002AD4D001EBE20112F0010F14BFDD
:10105000F0250F25CDE740F23530CDE9022301918F
:1010600002F05CFADDE902230199611A002ABFD07F
:101070006868407A0128E6D00428E6D101EB6201D5
:10108000E3E700BF2DE9F04FB9B08B4204919846D9
:101090000746439C80F2DE80A142084640F3EB8085
:1010A000444506DB2146449B429844904446429383
:1010B0008846449BDDF808C1BDF910B015B21EB2D8
:1010C00024B20FFA8CF90FFA88FA214632460095BD
:1010D0005B460EA8FFF740FF324621465346CDF847
:1010E00000901CA8FFF738FF4A46514600955B4622
:1010F0002AA8FFF731FF634A379B7D68299C07CAFE
:101100000BAE86E8070038A91B9A6E89AD89319528
:1011100001EB830301EB820201EB840453F8B43C3E
:10112000059338464FF0FF3352F8B49C54F8B4ACF2
:10113000309622961496CDE9095323951595FEF71E
:101140005DFA7B681E9C5A7A459B012ADBB216BF6A
:1011500003F00F0343F3000303EB0313DBB203932A
:10116000731E9845A8BF98464445079309AE2EDCE8
:101170004FF0FF3B05EB0B030693029720463246E8
:101180000EA9CDE9095BC84720461CA93246D047C5
:10119000002C2146029804F1010415DB099AAA42A9
:1011A00012DA0A9B002B0FDB002ABCBF0022099237
:1011B000AB42A8BF069B039FA8BF0A93C2F1010CD4
:1011C00000976344FFF7FEFE4445D7DD029F2C984D
:1011D000059B32462AA99847049A07992C9C8A4273
:1011E000A8BF0A4601349442904630DC4FF0FF3AE3
:1011F00005EB0A0BCDF810B0DDF814B002972046CD
:1012000032460EA9CDE9095AC84720462AA93246D6
:10121000D847002C2146029804F1010415DB099AF5
:10122000AA4212DA0A9B002B0FDB002ABCBF002265
:101230000992AB42A8BF049B039FA8BF0A93C2F1C7
:10124000010C00976344FFF7BDFE4445D7DD39B07C
:10125000BDE8F08FA34207DD049BCDF81080114656
:101260009846429A42911BE7449B449221461A4673
:10127000049C04911DE7449B44922146049104463A
:101280001A460DE7C03D02002DE9F04FC7B01D46DC
:101290001EB20B46079112B209B2AB420EAB8246A8
:1012A000519CDDF84C91BDF9408102920391049369
:1012B00080F2E2801846CDF800803346FFF74CFEFE
:1012C000529BA5421FB20FFA84FB1CAB80F2CA806E
:1012D000069318460097424631465B46FFF73CFEB0
:1012E000549B4C451EB20FFA89F82AAB80F2B180AC
:1012F0000593184600963A4659464346FFF72CFE9A
:10130000079B4B450DF1E00B80F29A800096434617
:10131000DDE902215846FFF71FFE5C4ADAF8043087
:10132000379F07CA0BAE86E807001B9845995A8974
:101330009E893F960DF58C7C0CEB800E29983E9291
:101340004C4523460CEB800CB8BF4B4646A8AB423D
:1013500000EB870700EB810107983092B8BF2B465E
:101360004C45A8BF4C46834202F1FF38B8BF034644
:10137000A542A8BF25469845A8BF9846079B5EF89A
:10138000EC4C02949D42A8BF1D465CF8EC4C0394C3
:101390004FF0FF33504657F8EC9C229214920A9378
:1013A00051F8EC7C3196239615960996FEF726F9AE
:1013B000DAF804305A7A559B012ADBB216BF03F0E3
:1013C0000F0343F3000303EB0313DBB245451C4655
:1013D00033DC731E07934FF0FF3328460A9309AAA4
:1013E0000499029B099698472846039B069909AAE7
:1013F0009847284609AA0599C8472846594609AA80
:10140000B847002D2946504605F1010513DB099A1E
:10141000B24210DA0A9B002B0DDB002ABCBF00226F
:101420000992B342A4BF079B0A93C2F1010C009436
:101430006344FFF7C7FD4545CDDD47B0BDE8F08FFC
:10144000029B00933246039B41465846FFF784FDBA
:1014500063E71846059300975B4632464146FFF71F
:101460007BFD4DE718460693CDF8008033463A469B
:101470005946FFF771FD33E7029A0092184642463B
:10148000039B3146FFF768FD1AE700BFC03D02002D
:101490002DE9F04F0546088985B00C4608B14B6828
:1014A0001868F9F73FFF2389012B88BF6368064658
:1014B0008CBF58680020F9F735FF2389022B88BFBD
:1014C000636807468CBF98680020F9F72BFF2389D3
:1014D000032B88BF636880468CBFD8680020F9F76B
:1014E00021FF2389042B88BF636881468CBF18695C
:1014F0000020F9F717FF2389052B88BF6368824610
:101500008CBF58690020F9F70DFF2389062B88BF8F
:10151000636883468CBF98690020F9F703FFCDE923
:10152000009ACDE902B043463A4631462846FFF7D5
:10153000A9FD05B0BDE8F08F2DE9F04F04460889FC
:1015400089B0884608B14B681868F9F7EBFEB8F81F
:101550000830012B88BFD8F8043005468CBF586886
:101560000020F9F7DFFEB8F80830022B88BFD8F862
:10157000043006468CBF98680020F9F7D3FEB8F80F
:101580000830032B88BFD8F8043007468CBFD868D2
:101590000020F9F7C7FEB8F808300690042B8ABF80
:1015A000D8F8043000201869F9F7BCFEB8F8083004
:1015B000052B88BFD8F8043081468CBF58690020BD
:1015C000F9F7B0FEB8F80830062B88BFD8F8043019
:1015D00082468CBF98690020F9F7A4FEB8F808305D
:1015E000072B88BFD8F8043083468CBFD869002009
:1015F000F9F798FEB8F80820082A88BFD8F8042020
:10160000034688BF106A079398BF0020F9F78AFE47
:10161000079BCDF80490CDE90430069B0093CDE9FB
:1016200002AB3B46324629462046FFF72DFE09B065
:10163000BDE8F08F10B50422FEF72AF80446D8B1B1
:1016400043685A68083A032A03F110030BD913F0D0
:10165000030009D122F00301194443F8040B8B4223
:10166000FBD102F003022AB11A44002119700133A0
:101670009342FBD1204610BD40F2913001F04EFF65
:10168000204610BD032A70B40FD940EA01039B071E
:1016900010D003461A440C78E4B21C700133934214
:1016A00001F10101F7D170BC70470346002AF1D166
:1016B00070BC704722F00303CE18041F51F8045B7E
:1016C00044F8045FB142F9D102F003020344002A56
:1016D000E0D1EDE770B54A68436855895E89AE424E
:1016E00000D070BD96899D89AE42FAD1527A5B7A5C
:1016F0009A42F6D10D460446FDF780FF696860689E
:101700004A681030083A1031BDE87040FFF7BABFA0
:101710002DE9F04FD1F804C0BCF80A5005EB0209DE
:10172000B9F1000F8BB058DD4468B4F80AB05A45DF
:10173000074652DABCF80C001E18002E03964CDD4A
:10174000B4F80C80434548DA002BC0F2C880A8EBFF
:10175000030E86457646A8BF06460696667A02962A
:10176000149E9CF809A016F1020F02D1002A00F085
:101770009980BAF1010F00F03281BAF1040F40F004
:101780001C8680001F3040118000049002980128C0
:1017900000F01981042840F02186B4F80CC0486894
:1017A0004FEA8C0C0CF11F0C4FEA6C1C4FEA8C06B4
:1017B000103001961034059043B17868407A0128C2
:1017C00000F08A80042801D104EB63040298042805
:1017D00000F08A800299012903D000200BB0BDE8F7
:1017E000F08FBAF1010FF8D17968487AB1F80CA0FE
:1017F00001F11008A8EB040101280AF1FF3A069153
:1018000000F0CC85042840F01786BAF1000F40F0B4
:10181000268606990791002DDFD003990198059E31
:10182000CDF8089003F0070A5144089100FB0244E8
:10183000A1F10808059307E0049B1E44019B1C448A
:10184000029B01329A42C8D05A45F5D2069B059FA9
:1018500003EB040E079B4745B446254603EB0409FA
:1018600080F2A7850021039207E0014329704745D4
:1018700005F10105194680F2C0801CF8013BAE4518
:1018800007F1080703FA0AF3F1D843EA2121A94531
:10189000C9B2ECD3149A28780132E6D10142E6D0DD
:1018A00001209BE7002B7FF464AF029EB2457FF4DA
:1018B00060AF5D457FF45DAF40457FF45AAF384679
:1018C0000193FFF707FF019B184687E7002B00F005
:1018D000EC854FF0FF30019004EBE30476E74645DA
:1018E000A8BF4646069639E7BAF1040F00F0A88073
:1018F000BAF1010F7FF471AF002B51DB002D3FF4E3
:101900006CAF059D594203F00100002B01F0070167
:101910004FF0010305F1010A019D03FA01F3149947
:1019200005FB0244069DB4BF0020012309010544C4
:1019300006934BB20390AE46029307E0049B01323C
:101940009A44019B4A451C443FF447AF5A45F5D29F
:10195000039B1AF801CC73452546D046EEDA06996A
:10196000059210E095F90000029A00F00F07174366
:10197000149A20F00F001043002E3CD02F70013538
:10198000013373455AD0B1F5807F2DD00846490008
:101990001CEA000F03F00106E4D1002EF0D0EEE7C0
:1019A0004868467A1030012E0590C3F1000400F01B
:1019B0005D85042E40F06085059901EB6401059179
:1019C0007C6810349AE7B4F80CC048680CF1070C36
:1019D0004FEAEC061030019610340590ECE6073023
:1019E000C01004900298D2E698F800C0022108F1D5
:1019F00001080120CCE72870C2E7039A0899CF1BA1
:101A0000002F7FF719AFAE453FF616AFA945FFF49B
:101A100013AF9CF80010287801FA0AF141EA232359
:101A2000C7F10807FF2141FA07F714993B4001313C
:101A3000DBB200F0FC8403432B70FDE6059A7DE7E2
:101A400004998910002D3FF4C8AE0398DDF814A066
:101A5000CDF80C904045A8BF404606460198059336
:101A600000FB0244A6F1080006908800029003F0F3
:101A70000100A8F1080704908C465A4580F0EA80DE
:101A80001498002851462346C0F2FB80DDE904305B
:101A9000251DE646002B40F0AE81904667E0B84237
:101AA00003F00F0200F3E0803AB115F8049C29F02E
:101AB0000F0949EA020205F8042C13F0F00F09D0CF
:101AC00015F8049C23F00F0209F00F0949EA0202FD
:101AD00005F8042CC3F30329B9F1000F07D015F85A
:101AE000032C22F00F0242EA090205F8032C4FEA08
:101AF000133919F00F0F07D015F8032C02F00F025D
:101B000042EA091205F8032CC3F30349B9F1000FA7
:101B100007D015F8022C22F00F0242EA090205F85C
:101B2000022C4FEA135919F00F0F07D015F8022CA9
:101B300002F00F0242EA091205F8022CC3F303690E
:101B4000B9F1000F07D015F8012C22F00F0242EA7C
:101B5000090205F8012C1B0F07D015F8012C02F023
:101B60000F0242EA031305F8013C083004351EF168
:101B7000FF3EC0F02682002851F8043B8FDA13F0B4
:101B8000F00F0DD0421C0BD4964209DD15F8049CD1
:101B900023F00F0209F00F0949EA020205F8042CAC
:101BA000C3F3032262B110F1020909D44E4507DDE7
:101BB00015F8039C29F00F0949EA020205F8032CE5
:101BC0001A0B12F00F0F0CD010F1030909D44E4577
:101BD00007DD15F8039C09F00F0949EA021205F820
:101BE000032CC3F3034262B110F1040909D44E453A
:101BF00007DD15F8029C29F00F0949EA020205F8F1
:101C0000022C1A0D12F00F0F0CD010F1050909D497
:101C10004E4507DD15F8029C09F00F0949EA02124A
:101C200005F8022CC3F3036262B110F1060909D46E
:101C30004E4507DD15F8019C29F00F0949EA02021B
:101C400005F8012C1B0F90D0C21D8ED496428CDD5E
:101C500083E74A46029B9A44019B1C44039B013242
:101C60009A427FF40AAFB8E5002A88D0B04286DAFB
:101C700015F8049C29F00F0949EA020205F8042C22
:101C80007DE714980230049800F09D81059B251D86
:101C9000002840F031828646914649E09F4200F09C
:101CA0000F02C0F29E8022B115F8042C12077FF4B7
:101CB000F7AD10F0F00F05D015F8042C12F0F00F6E
:101CC0007FF4EEAD10F4706F04D015F8032C1207FA
:101CD0007FF4E6AD10F4704F05D015F8032C12F028
:101CE000F00F7FF4DDAD10F4702F04D015F8022C46
:101CF00012077FF4D5AD10F4700F05D015F8022C43
:101D000012F0F00F7FF4CCAD10F0706F04D015F826
:101D1000012C12077FF4C4AD020F05D015F8012C79
:101D200012F0F00F7FF4BCAD0EF1010E0833043554
:101D3000E6458ED0002B51F8040BAFDA10F0F00F0F
:101D400009D05A1C07D4964205DD15F8042C12F070
:101D5000F00F7FF4A5AD10F4706F08D09A1C06D474
:101D6000964204DD15F8032C12077FF499AD10F4A8
:101D7000704F09D0DA1C07D4964205DD15F8032C04
:101D800012F0F00F7FF48CAD10F4702F09D013F126
:101D9000040806D4464504DD15F8022C12077FF42A
:101DA0007FAD10F4700F09D05A1D07D4964205DD9F
:101DB00015F8022C12F0F00F7FF472AD10F0706F76
:101DC00008D09A1D06D4964204DD15F8012C12079E
:101DD0007FF466AD020FA7D0DA1DA5D49642A3DD2D
:101DE0009CE7002AAAD09E42A8DD15F8042C120711
:101DF0007FF456ADA2E7914664E0874203F00F02FC
:101E0000C0F2D2803AB115F8042C02F00F0242EA77
:101E1000031205F8042CC3F30318B8F1000F07D020
:101E200015F8032C22F00F0242EA080205F8032CF1
:101E30004FEA132818F00F0F07D015F8032C02F003
:101E40000F0242EA081205F8032CC3F30338B8F175
:101E5000000F07D015F8022C22F00F0242EA080208
:101E600005F8022C4FEA134818F00F0F07D015F8A9
:101E7000022C02F00F0242EA081205F8022CC3F30A
:101E80000358B8F1000F07D015F8012C22F00F020B
:101E900042EA080205F8012C4FEA136818F00F0F08
:101EA00007D015F8012C02F00F0242EA081205F8DB
:101EB000012C1B0F04D02A7822F00F0213432B7041
:101EC000083004351EF1FF3EFFF4C3AE002851F880
:101ED000043B92DAC3F3031262B110F1010809D492
:101EE000464507DD15F8038C28F00F0848EA020282
:101EF00005F8032C1A0A12F00F0F0CD010F102088B
:101F000009D4B04507DA15F8038C08F00F0848EA41
:101F1000021205F8032CC3F3033262B110F1030877
:101F200009D4B04507DA15F8028C28F00F0848EA02
:101F3000020205F8022C1A0C12F00F0F0CD010F14F
:101F4000040809D4B04507DA15F8028C08F00F0828
:101F500048EA021205F8022CC3F3035262B110F1F1
:101F6000050809D4464507DD15F8018C28F00F084F
:101F700048EA020205F8012C4FEA136818F00F0F27
:101F80000BD0821D09D4964207DD15F8012C02F012
:101F90000F0242EA081805F8018C1B0F90D0C21DF1
:101FA0008ED496428CDD86E7002A93D0864291DD5E
:101FB00015F8042C02F00F0242EA031205F8042C73
:101FC00088E7424646E6002840F048810598079297
:101FD000E64610E0069A82427FDB4FEA15294FEA77
:101FE000154803F8045C2D0E03F8039C03F8028CDB
:101FF00003F8015C08301EF1FF3E7BD3002803F19B
:10200000040351F8045BE5DA10F101080BD44645EE
:1020100009DD13F8048C25F00F0908F00F0848EAD1
:10202000090803F8048C10F102080BD4464509DDB9
:1020300013F8038CC5F3032928F00F0848EA0908B0
:1020400003F8038C10F103080BD4464509DD13F89F
:10205000038C4FEA153908F00F0848EA091803F80D
:10206000038C10F104080BD4464509DD13F8028CEB
:10207000C5F3034928F00F0848EA090803F8028C61
:1020800010F105080BD4464509DD13F8028C4FEA20
:10209000155908F00F0848EA091803F8028C10F1E6
:1020A00006080BD4464509DD13F8018CC5F3036916
:1020B00028F00F0848EA090803F8018C10F1070816
:1020C00098D4464596DD13F8018C2D0F08F00F08C3
:1020D00048EA051503F8015C8CE7864294DD13F8A5
:1020E000048C05F00F0928F00F0848EA090803F8E6
:1020F000048C89E7079AADE54FF0000E914648E061
:102100009F4200F00F02C0F29E802AB115F8042C05
:1021100012F0F00F7FF4C4AB10F0F00F04D015F8FC
:10212000032C12077FF4BCAB10F4706F05D015F8C8
:10213000032C12F0F00F7FF4B3AB10F4704F04D007
:1021400015F8022C12077FF4ABAB10F4702F05D0FA
:1021500015F8022C12F0F00F7FF4A2AB10F4700F00
:1021600004D015F8012C12077FF49AAB10F0706FB1
:1021700005D015F8012C12F0F00F7FF491AB020F8F
:1021800003D02A7810077FF48BAB0EF1010E0833D1
:102190000435E6453FF45DAD002B51F8040BAFDA92
:1021A00010F0F00F08D05A1C06D4964204DD15F842
:1021B000032C12077FF474AB10F4706F09D09A1CD3
:1021C00007D4964205DD15F8032C12F0F00F7FF4CA
:1021D00067AB10F4704F08D0DA1C06D4964204DDC9
:1021E00015F8022C12077FF45BAB10F4702F0AD0A5
:1021F00013F1040807D4464505DD15F8022C12F04A
:10220000F00F7FF44DAB10F4700F08D05A1D06D4B8
:10221000964204DD15F8012C12077FF441AB10F053
:10222000706F09D09A1D07D4964205DD15F8012C70
:1022300012F0F00F7FF434AB020FA6D0DA1DA4D455
:102240009642A2DD9DE7002AAAD09E42A8DD15F89D
:10225000042C12F0F00FA3D0FFF722BB05980792D1
:10226000E6461FE0069A8242C0F28D8013F8049C75
:1022700093F8008009F00F0928F00F0849EA0519C2
:1022800048EA157803F8049C83F800804FEA151992
:102290004FEA15382D0D03F8039C03F8028C03F860
:1022A000015C08301EF1FF3EFFF424AF002803F16B
:1022B000040351F8045BD5DA10F101080BD446454C
:1022C00009DD13F8038CC5F3031928F00F0848EA59
:1022D000090803F8038C10F102080BD4464509DD08
:1022E00013F8038C4FEA152908F00F0848EA09187B
:1022F00003F8038C10F103080BD4464509DD13F8ED
:10230000028CC5F3033928F00F0848EA090803F8DE
:10231000028C10F104080BD4464509DD13F8028C39
:102320004FEA154908F00F0848EA091803F8028C2B
:1023300010F105080BD4464509DD13F8018CC5F3EF
:10234000035928F00F0848EA090803F8018C10F136
:1023500006080BD4464509DD13F8018C4FEA1569D0
:1023600008F00F0848EA091803F8018C10F1070873
:1023700097D4464595DD93F8008028F00F0848EA89
:1023800015751D708DE7864296DD13F8048C08F0F4
:102390000F0848EA051803F8048C8DE7BAF1000F1E
:1023A0003FF437AA08EBEA08A8EB04010791FFF70E
:1023B00032BA059F0023FFF721BB40F23530079367
:1023C0000592019101F0AAF87C68059A607A01995A
:1023D0004FF0FF330493079BFFF7D9B940F2353034
:1023E000CDE90723019101F099F87C68019994F8EF
:1023F00009C04868BCF1010F00F11003059304F116
:102400001004DDE907233FF461AABCF1040F46D0B4
:1024100040F23530CDE90823079101F07FF84FF005
:10242000FF3301930799DDE90823FFF7C5B903429C
:102430003FF402AAFFF734BA40F235300793029214
:1024400001F06CF8029A079BBAF1000F3FF4E1A982
:102450007968497A0129A5D004297FF4DAA908EB23
:102460006A08A8EB04010791FFF7D5B9059901EBBC
:10247000E4010591FFF7A4BA40F23530CDE902122C
:10248000079301F04BF80299039A4968079B497A30
:102490000129EBD004297FF493AAFFF78DBA23B169
:1024A0004FF0FF300190FFF78FB94FF0FF300190F0
:1024B000FFF78CB92DE9F04182B00E4617469846D9
:1024C00005460024FDF79AF843463A463146284629
:1024D0000094FFF71DF902B0BDE8F08110B582B09D
:1024E0004FF0FF340094FFF713F902B010BD00BFA6
:1024F0002DE9F041044682B00D4616461F46FDF711
:102500007DF863686A685B7A042B02D1537A042BE6
:1025100016D04FF000085389CDF8048092890092BC
:1025200031463A462046FDF7E1F9CDF800803B46BA
:10253000324629462046FFF7EBF802B0BDE8F081AD
:102540006FF0010C3B46324629462046CDF800C0CC
:10255000FFF7DEF8F1E700BF2DE9F0478146884636
:102560001546FDF74BF8D9F80400437A012B58D0F3
:10257000042B40F0AD808489A4001F346411A400B2
:10258000002D53D1B8F1000F47891DDB1AD0B84593
:1025900000F1100579DB04FB07F4032C0BD915F0CF
:1025A000030209D124F003032B4445F8042B9D4278
:1025B000FBD104F003042CB12C4400232B70013513
:1025C000A542FBD1BDE8F087C8F1000ABA4500F189
:1025D0001006437A3BDB012B53D0042B40F0818063
:1025E000828992001F325211920004FB07F4032CDF
:1025F00005FB02630BD913F003010AD124F0030297
:102600001A4443F8041B9342FBD104F00304002C4A
:10261000D8D01C4400221A700133A342FBD1BDE87C
:10262000F08784890734E410002DABD0416808306E
:10263000FDF70CF8002104464846FDF789FA2B46C1
:10264000424621464846BDE8F047FFF751BF012BFF
:1026500038D0042B56D1818989001F314911890056
:102660000AFB01F108EB07053144304604FB05F293
:1026700010F013FBD9F804005746437A00F1100616
:10268000A9E782890732D210AFE7437A012B14D031
:10269000042B2DD1808980001F30401180002946F5
:1026A000A7EB080200FB085004FB02F210F0F5FA59
:1026B000D9F80450474610356DE780890730C010BF
:1026C0002946EDE781890731C9100AFB01F1C9E705
:1026D00040F2353000F022FF4FF0FF34D9F804000B
:1026E0004EE740F2353000F019FF4FF0FF327CE743
:1026F00040F2353000F012FFD9F804104FF0FF30EF
:102700001031CDE740F2353000F008FF4146A9E72F
:102710002DE9F843054600AFFCF770FF6C68637A5B
:10272000012B2FD0042B37D1A589B4F80A80AD0036
:102730001F356D11AD002E4608F1FF3810342B46C1
:10274000073308FB064623F00703ADEB030DA64253
:10275000E84614D9C5F1000921462A464046FEF74D
:1027600091FF31462A462046FEF78CFF2C44304626
:102770002A4641464E44FEF785FFB442ECD3BD469F
:10278000BDE8F883A589B4F80A800735ED102E4618
:1027900008F1FF381034D2E740F2353000F0BEFEC9
:1027A0006B685A7A5E89012A06F1FF3803F110043A
:1027B0000AD0042A0ED040F2353000F0AFFE4FF0C0
:1027C000FF331D461E46BBE79B890733DE104FF0E3
:1027D000FF35B4E79B899B001F335B119E004FF0D0
:1027E000FF35ACE72DE9F04743685A897E2A33DC90
:1027F0000446998950005A7AFCF74AFF6368456895
:102800005A7A5E89012A074605F1100503F110087E
:102810001ED0042A24D19C89A4001F346411A40072
:102820009EB14FEA440A4FF000094146224628462D
:10283000FEF728FF09F10109414628192246FEF753
:1028400021FF4E45A0445544EFD13846BDE8F087FE
:102850009C890734E410E3E700273846BDE8F08799
:1028600040F2353000F05AFE4FF0FF34D8E700BF99
:1028700038B5FFF7B7FF0446FAF7A0F82046FDF792
:10288000FBFA05462046FAF7A7F8284638BD00BFF0
:1028900038B50546FCF728FFA8B10C20F9F704FF6E
:1028A000044628B10B4A45600023026083605DB195
:1028B0002046FAF783F82046FFF7DAFF0546204660
:1028C000FAF78AF8686838BD40F2353000F026FE25
:1028D000EEE700BF083E0200F8B50446FCF704FF2F
:1028E00070BB07462046FCF725FF002839D06168F9
:1028F00038460431F7F7DAFF87230372237A03F0AF
:102900000F034372637A4381A37A8381C78162682C
:1029100004F10C01043A05461030FEF7B3FE2846D8
:10292000FAF74CF80C20F9F7BFFE064618B1C0E9DB
:1029300001570D4B03602846FAF74EF83046F8BDB4
:102940000C20F9F7B1FE064658B1074A446000234F
:1029500002608360002CF1D140F2353000F0DEFDE2
:10296000ECE700263046F8BD083E0200F0B50C4604
:1029700083B0064615461F46FCF740FE2046FFF78B
:10298000ABFF18B143685B7A012B01D003B0F0BDF7
:102990000146009730462B142AB2FEF7B9FE03B069
:1029A000F0BD00BFFFF798BF032A19D9830721D1D3
:1029B00030B422F0030301EB012505EB0545034488
:1029C000044644F8045B9C42FBD102F003022AB1A6
:1029D000C9B21A44197001339A42FBD130BC704716
:1029E000034632B1C9B21A44197001339A42FBD17D
:1029F000704770470346F5E782B070B50C4684B067
:102A000005464968206802AC03C4039908AC481025
:102A100084E80C00CB0745BF2A58029B029CD4587F
:102A20000AAB2E1893E803008DE8030008AB0CCB2B
:102A30003046A04704B0BDE8704002B0704700BF08
:102A400082B000B585B00DF1180C00218CE80C00A7
:102A500080F81912012341F292020721684606F01C
:102A6000C3FF05B05DF804EB02B07047F8B51C4633
:102A70000B0A0F46054616461AD1330C1ED1AA780A
:102A800005F10C01881805F1FC031B1A04F1040C74
:102A90009C4518D8E4B28C54330A47708670C370D2
:102AA000AB78073424F003041C44AC700430F8BD48
:102AB00040F28F3000F032FD330CE0D040F28F3026
:102AC00000F02CFDDBE70020F8BD00BF90F81932C4
:102AD00003B9704741F29201072003F021B900BF0A
:102AE00010B52030FFF7C2FF044608B1204610BDE4
:102AF00040F28F3000F012FD204610BD30B5044684
:102B0000C06885B018B1036800211B689847A068A9
:102B1000064903680294FC22CDE9002104F120015A
:102B20001D6904F58E73A84705B030BDB12F0100B3
:102B30002DE9F047CB6833F0FF0384B021D10C7B43
:102B4000A410012C01F1100118DD5B4D5B4E5C4FB0
:102B5000012309E0B24267D0BA4208BF80F81E32B2
:102B60000133DBB2A34209DA51F82320AA42F1D1A2
:102B700080F81B320133DBB2A342F5DB04B0BDE8C1
:102B8000F087B3F5000FF9D04B7B90F81E229A42E4
:102B90005FD090F81B229A424ED090F81C229A42A5
:102BA000ECD890F81D229A42E8D3CA8941F2011369
:102BB0009A42E3D191F80C8001F11004A044A045A1
:102BC000064689464FF000054FF0010A0FD9637899
:102BD00027781F2B49D9082F55D0A7F10903012BBE
:102BE00064D97B1E062B4FD90234A045EFD8D6F806
:102BF0002432AB42C2D00024012705E0B3B3013434
:102C0000202C56D0D6F8243207FA04F22A4203EADE
:102C10000203F3D1002BF2D0012340F60201A2B24D
:102C2000684606F0E1FEEAE790F81C220AB980F84F
:102C30001C3280F81D3293E7CB8941F28112934216
:102C400030D041F28212934298D10B8AA0F82232FE
:102C500094E7CB89B3F5845F10D041F2811293429F
:102C60008CD10B69C0F8343288E7FEE70123A2B2A9
:102C700040F60301684606F0B7FEC0E70B699B0A01
:102C8000A0F838327AE7072799F80D3096F81C2219
:102C90009B1AC3EBC3033B44002BC4BF0AFA03F3E4
:102CA0001D43A1E70B8AA0F8203267E702F0C8F9BC
:102CB00097E7C6F8245261E7E536FA166EA0EA1DDA
:102CC0000636C61FF0B50446C06885B018B1036863
:102CD00001211B68984702F08DF9206903685B6841
:102CE0009847002800F0BA80002584F81A5247F669
:102CF000CD2602F071F9C4F82250C4F82650C4F869
:102D00002A50E5852684FAF7D1FBB4F81C316062BD
:102D10004BF2CD329342A16249D0B34243D194F8F1
:102D20001E31002B43D004F58E76FF273146204616
:102D3000FFF7FEFE94F8280194F81E31C11D21F022
:102D400003018B4233DD021DA51895F82851FF2D94
:102D500000F0B08094F81F01621820F0020084F89F
:102D60001F0192F828E10EF1040288188342C0F294
:102D7000DB8001F10C0CB444634604F5927053F807
:102D8000045B40F8045FA3EB0C05AA42F7DC0EF1EC
:102D90000703224423F00303A644194482F8287150
:102DA0008EF82D11C2E719467D4802F0E9FB94F830
:102DB0001B12002959D0E36904F12006002B5ED0D4
:102DC00040234FF402523046FFF750FE05460028DC
:102DD00000F0C980E369284603F140021F685D687E
:102DE0009968D3F80CC0C0F80CC010339342076048
:102DF0004560816000F11000F0D10023E361812281
:102E0000082394F81B123046FFF730FE054618B928
:102E100040F28F3000F082FB234603CB28606960CC
:102E2000304694F81B12012342F20102FFF71EFE06
:102E30000546002800F09C8094F83A32594AC3EBCA
:102E40000323A2FB03235B092B7094F81E32002B93
:102E50006ED12046FFF752FE05B0F0BD012384F885
:102E60001A3202F0B9F805B0F0BD0B460A4620460A
:102E7000FFF736FE2046FFF741FE05B0F0BD63695F
:102E80002BB394F818529D4228BF1D4630462B465E
:102E90008322FFF7EBFD064600286ED02A46304617
:102EA000A169FEF7EFFBD4E905322A445B1BC4E9B4
:102EB0000532CEE7204490F82D118B427FF777AF93
:102EC0008A42FFF647AF384802F05AFB6FE794F8A2
:102ED0001E1209B3D4F83432D4F8300283421BD224
:102EE00094F81852C01A8542A8BF05462B463046B2
:102EF0008022FFF7BBFD064600284BD0B4F83822ED
:102F000069103046FCF7A2F90746D8B3D4F834026A
:102F10002844C4F834029CE7012341F293020721BC
:102F2000684606F061FD9EE7204802F029FB3EE777
:102F3000FAF7C2FAD4F82C22D4F8283232B1C3EB13
:102F400003139B1A03441B09C4F82832B4F838222F
:102F5000C4F82C02C3F3552302FB03F39B0A9B0026
:102F6000C4F8303275E740F28F3000F0D7FA31E71D
:102F700040F28F3000F0D2FA5EE740F28F3000F07E
:102F8000CDFA8BE72A4630463946FFF70DFDC4F8E7
:102F900030725EE740F28F3000F0C0FAAEE700BF5B
:102FA000383E02001F85EB51503E02006C3E02008D
:102FB000FFF788BE82B08DE80C0090F81A320BB98A
:102FC00002B0704702B0FFF77DBE00BFF8B51D46E6
:102FD000DB0704460F46164600D495BB40F28F30FF
:102FE00000F09CFAA388B34202D1E388AB4203D03D
:102FF00040F28F3000F092FA94F8193223BB6388C4
:103000001BB1B4F822229A4219D96D08069AE261DE
:1030100006FB05F6EC23B3FBF5F313FB05F50123E3
:10302000C4E9056784F8185284F81932FC2200219B
:1030300004F12000FFF7B8FC2046FFF743FE002014
:10304000F8BD002ACED1C9E740F28F3000F066FA11
:10305000D5E700BF2DE9F04F83B0DDE90C9ABDF84C
:103060003880002B3BD0B9F1000F35D00F2902D1A9
:10307000B8F1C00F33D1074628201D460E469346AF
:103080000FF0D8FD0446103006F0CEFC1820268044
:10309000A4F802B00FF0CEFDCDE9009A06466B46CB
:1030A000024603CB46F80C5B00233D68D36048F032
:1030B00002087360E360506091600E495161C4E999
:1030C0000833A4F80480A2606B683846214698470C
:1030D00040B903B0BDE8F08F1AF0010FC6D16FF40C
:1030E0007A70F6E7204603F007F820460FF099FDC6
:1030F0000148EEE7F929010016FCFFFFF0B5044690
:103100002948A16089B00025CDE9040504A803C8B9
:103110001E466423E26084F83A324AF6444246F29C
:10312000BC63A4F83822C4F8283284F8195284F811
:103130001A5284F81B5284F81C5284F81D5284F8E9
:103140001E52C4F82452C4F83452C4F82C522661DA
:103150008DE80300154F102223463868029207219C
:1031600041F29302FFF776FF336830469B680121F6
:1031700098470F4B3F68CDE9063508AB13E90300CC
:103180003589C0228DE8030023462946029238463D
:103190000222FFF75FFF33683046DB6C022198475D
:1031A000204609B0F0BD00BF412A0100B808002048
:1031B000B52F01002DE9F041002480460E4615464A
:1031C000CCB121466408D8F8040039400368C9B27C
:1031D000003118BF01211B689847D8F80000036828
:1031E00001211B689847D8F80000036800211B687C
:1031F0009847002CE5D12DB13778013D40240136A8
:103200008021E0E7BDE8F08170B50446806803687E
:103210000E461B68002115469847E06818B1036800
:1032200000211B689847012231462046FFF7C2FF64
:10323000A068036801211B6898476A1E002A03DD05
:10324000711C2046FFF7B6FFE06828B10368012132
:103250001B68BDE87040184770BD00BFF0B505465B
:1032600087B000262C230F46144601A90122CDE980
:103270000166CDE903668DF804300596FFF7C4FFBB
:10328000A868036801211B689847E86818B10368BB
:1032900031461B689847621C3B12521043EA0713E1
:1032A00039118DF80670541E8DF805308DF8041014
:1032B0003AB1013C032201A92846FFF77BFF631CBA
:1032C000F7D1E86818B1036801211B68984707B077
:1032D000F0BD00BFF0B50B4689B0074610E05E7840
:1032E0008DF8002026F080042246FEF7CBF9621C00
:1032F00069463846FFF788FF320605EB040308D419
:103300001A789D1C29460DF10100002AE7D109B069
:10331000F0BD2A5D4FF47A705C1C00FB02F001F0F6
:103320008BFE2346ECE700BFF0B585B0013B0A9C5D
:103330008DF802100B44013C14441D128DF804302A
:10334000271200238DF803508DF80A208DF80C40C9
:1033500002A904462B262A250522ADF80030ADF837
:1033600008308DF80B708DF800608DF80850FFF76D
:103370004BFF204669460522FFF746FF05B0F0BD2A
:1033800030B583B0150A8DF80110110CB1238DF8FA
:1033900007208DF805100222694636248DF800407A
:1033A0008DF8043004468DF80650FFF72DFF9DF888
:1033B0000730FF2B20460CBF0322042201A9FFF790
:1033C00023FF03B030BD00BF70B54FF0FF3104469E
:1033D0002220F7F7E3FDFAF731FC4FF0FF31606090
:1033E0002020F7F7DBFDFAF729FC4FF0FF312060D2
:1033F0002320F7F7D3FDFAF721FC4FF0FF31E0600F
:103400002420F7F7CBFDFAF719FC4FF0FF31A0604D
:103410002C20F7F7C3FDFAF711FC4FF0FF310646F9
:103420002B20F7F7BBFDFAF709FC0546E06818B159
:10343000036801211B689847A068036801211B6885
:10344000984726B1336830461B68012198478DB1F3
:103450002B6800211B682846984744F6206001F03D
:10346000EBFD2B6828461B680121984744F6206035
:1034700001F0E2FD40212720F7F790FD40F20361C3
:1034800005462820F7F78AFD0A4906462046FFF739
:1034900021FF3246E9B22046FFF772FFA021252026
:1034A000F7F77CFD802120822620F7F777FD6082E8
:1034B00070BD00BFC43E02002DE9F04F154F01EB77
:1034C00081010F4483B0804692461E4607F1050BEA
:1034D0004FF0030917F8015B002445FA04F3DB07FA
:1034E00009D40134052CF8D15F4506F10406F1D169
:1034F00003B0BDE8F08F32460AEB84014046CDF8B8
:1035000000900323FFF710FF09220C994046FFF7B4
:10351000A5FEE6E78C3E0200704700BF2DE9F041B2
:10352000054688B072B601F065FD29465F4802F095
:1035300027F872B65E4E347804B1FEE7F9F7ACF8BE
:1035400001234FF0FF3122203370F7F727FDFAF700
:1035500075FB002854D003A8FFF736FFBDF81E20E6
:10356000BDF81C3000922146224603A8FFF7DCFE7E
:10357000BDF81C30BDF81E204E4F214602FB03F261
:1035800003A8FFF76BFE4FF4706346220A2103A8DD
:1035900000931423FFF790FF474BEC1783FB0523A1
:1035A000C4EB631387FB0312D917C1EBA2014FF4DD
:1035B0007F6601EB8101A3EB4101322203A83C238A
:1035C0000096FFF779FF87FB0523C4EBA30487FB75
:1035D0000437E117C1EBA70101EB8101A4EB410125
:1035E00003A83C234A22009604EB8404FFF764FFFF
:1035F000A5EB4401009603A83C236222FFF75CFF81
:103600002846FFF789FF4FF0FF310D20F7F7C6FC82
:10361000FAF714FB0446294DDFF8AC80284F04B9B3
:10362000FEE70326236801211B68204698472846A9
:1036300001F002FD236800211B68204698472846B8
:1036400001F0FAFC013EEDD1404601F0F5FC032605
:10365000236801211B6820469847384601F0ECFC9E
:10366000236800211B6820469847284601F0E4FCA7
:10367000013EEDD1404601F0DFFC03262368012125
:103680001B6820469847284601F0D6FC2368002195
:103690001B6820469847284601F0CEFC013EEDD13C
:1036A000084801F0C9FC002CBAD0BAE7D83E0200A5
:1036B000FD090020676666661F85EB51A086010044
:1036C000E0930400C0270900400D03002DE9F04FEE
:1036D000B64D2C6887B01CB1204607B0BDE8F08F0E
:1036E0004FF0FF312220F7F759FCFAF7A7FA00282C
:1036F00000F0FE8068200FF09DFA0021044629208A
:10370000F7F74CFC402181462720F7F747FC40F2B1
:10371000036106462820F7F741FC41F63761039024
:103720004E20F7F73BFC002780464FF0FF3184F82E
:103730006070A7602120F7F731FCFAF77FFA41F2B9
:103740009203984582464FEA196B00F02A8106F0F1
:103750008073BA460493BBF1000F00F0FF8040F283
:103760008F30FFF7DBFE002741F63763984500F006
:10377000788142F27D43984500F08F8141F29203B7
:10378000984500F0B78040F28F30FFF7C7FE049BEA
:10379000002B14BF6FF07F400020310A320CF6B2CC
:1037A000606684F85E1084F85F20434632460399D1
:1037B0007F4801F0E5FE1FB319F0FF0918BF7D49EE
:1037C0003B6808BF7C491B6818BF01FB09F13846FC
:1037D00098473B6808225B680021384698474FF0BD
:1037E000FF312320F7F7DAFBFAF728FA18B103685C
:1037F00001211B6898473B6838469B680021984721
:103800004FF0FF312B20F7F7C9FBFAF717FA0746FD
:1038100070B1036800211B689847142002F05AFA1F
:103820003B6838461B6801219847142002F052FA81
:103830006368A3B14FF0FF312C20F7F7AFFBFAF725
:10384000FDF918B1036801211B6898476068036897
:103850001B689847039A6068314605F0AFFEA021C7
:103860002520F7F79BFB8021A4F858002620F7F7C6
:1038700095FB676883B2A4F85A30A4F85C30002F37
:1038800057D086B2B4F8583094F85F2094F85E10A0
:103890000096384605F064FE94F85F0094F85E30B8
:1038A000B4F85A20B4F858100090444801F068FE6B
:1038B00094F86030002B48D1B4F85830B4F85A006E
:1038C00000FB03F000EBD07040101430F8F7AAFFB3
:1038D00023460026206543F8546F01211846F9F766
:1038E00053F8204684F84D602C6007B0BDE8F08F97
:1038F0002C68F1E6002363604FF0FF312320F7F7D7
:103900004DFBFAF79BF94FF0FF3183462420F7F780
:1039100045FBFAF793F905904FF40F700FF08AF911
:10392000059B82465A463946FFF7E8FBC4F808A0D3
:103930002DE7A26894F85F00B4F8581094F85E6020
:10394000168050809180D380A6E7B4F85830B4F840
:103950005A005B10401000FB03F0B3E74FF0FF315B
:103960002220F7F71BFBFAF769F94FF0FF31834686
:103970002020F7F713FBFAF761F905904C200FF0C0
:1039800059F95246059B5946074608F085FF08201D
:103990000FF050F93946824605F052FEC4F800A0F7
:1039A000E2E6074801F0ECFD12E000BF6C030020E6
:1039B0004C3F020040420F00C0E1E4007C3F0200A7
:1039C000F03E0200642002F085F9B00100F184802D
:1039D0004FF0FF312B20F7F7E1FAFAF72FF900212A
:1039E000074668B103681B6898470A2001F024FB6A
:1039F0003B6838461B6801219847032002F06AF9AA
:103A00001120FAF715FB0028DCD00746014645488F
:103A100001F0B6FD444B9F427DD0B90626F0C006AA
:103A2000C7F382174CBF46F0800646F04006022FCF
:103A300069D0032F5ED0012F55D040F28F30FFF7B1
:103A40006DFD06F0807304933946039B3748324678
:103A500001F096FD4FF0200941F637684FF0000A5B
:103A600079E64FF0FF312320F7F798FAFAF7E6F8F6
:103A70004FF0FF3183462420F7F790FAFAF7DEF88B
:103A8000059030200FF0D6F8059B216882465A46F3
:103A900005F0D2F9C4F804A079E64FF0FF312320F5
:103AA000F7F77CFAFAF7CAF84FF0FF318346242083
:103AB000F7F774FAFAF7C2F8059030200FF0BAF869
:103AC000059B21685A46824603F0C8FF0123C4F8CB
:103AD00004A084F860305AE6154801F051FD06F064
:103AE00080730493B8E706F08073049340F2036395
:103AF0000393A9E740F203634FF0807246F08076AB
:103B0000CDE90332A0E706F080730493094B0393D9
:103B100046F0080698E7FAF7BFFA06F080730493B8
:103B200019E600BF1C3F0200FFFF0100283F020012
:103B3000043F0200FF140E0008B5FFF7C7FD18B1DF
:103B400083680BB1012008BD4FF0FF312C20F7F73F
:103B500025FAFAF773F80028F5D0007C063818BF6C
:103B6000012008BD642870B50346A8BF642305463C
:103B700023EAE374FFF7AAFD20B1836813B183F849
:103B80003A4270BD4FF0FF312C20F7F707FAFAF7F1
:103B900055F806460028F4D0002D1FDD632D17DCF4
:103BA000FFF7CAFF0028ECD033684FF47A715B6EE0
:103BB0003046984704FB04F30B493268C3EB832378
:103BC000A1FB03313046490BD368BDE8704018476C
:103BD000036801211B68BDE8704018470368002195
:103BE0001B68BDE8704018475917B7D1F8B50446AF
:103BF000FFF76CFDC8B16368302B054616D16F6EB8
:103C0000204604F1300605F10802437A047A817AED
:103C10001B0243EA04430B4303307B40864242F8D5
:103C2000043FF2D1012385F84C30F8BD40F28F30CB
:103C3000FFF774FCE3E700BF70B582B00546FFF7FD
:103C400045FD10B190F860300BB102B070BDB0F816
:103C50005A40466890F85E1090F85F20B0F85830EF
:103C6000641BA4B2A0F85C4036B980680180428031
:103C70008380C48002B070BD0094304605F070FCB3
:103C800002B070BD10B50446FFF720FD08B104B1C5
:103C9000446510BDF0B583B00546FFF717FD002859
:103CA00000F0998090F84D300446002B40F093804E
:103CB00090F860200123002A0CBF1A46022280F8E7
:103CC0004D30002D2ED06B68597A042907D15989BF
:103CD000B0F8580002FB01F1814200F0A48040F2EC
:103CE0008F30FFF71BFC6068002876D005F0DEF906
:103CF00094F84C3004F10C06002B72D0002384F8A9
:103D00004C306968206D4A681031083AFDF7BAFCFA
:103D10006B6860685A89216D9B89002866D000967F
:103D200005F0D6FA636D002B52D094F86030002B6A
:103D30004ED16068002800F08B8005F0B7F9656D02
:103D400069684B7A042B07D1B4F85A30B4F85C0098
:103D50008A891B1A93426FD040F28F30FFF7DEFB47
:103D600069684A68206D083A1031FDF78BFC60687D
:103D7000002846D0B4F85C20B4F85A6094F85F701C
:103D8000B4F8583094F85E10B61A00963A4405F02C
:103D9000E7FB6B6860685A89216D9B89002851D0C8
:103DA0000025009505F094FA6068002854D005F0CD
:103DB0007DF9606894F85E1094F85F20B4F858308C
:103DC000B4F85C50B8B1009505F0CAFB00236365F8
:103DD000002384F84D3003B0F0BDA068FEF776FEF6
:103DE00086E7A368002B08BF00268AE7A068009634
:103DF000FFF7ECF896E7A068018042808380C580D9
:103E0000E4E7B4F85C0094F85F10B4F85A20A368B3
:103E1000B4F8586094F85E701F800144121A5980FB
:103E2000DA809E80B5E79989B4F85C3002FB01F234
:103E30009A427FF454AF56E7B4F858204B899A421F
:103E40008AD18EE7A56800902846FFF7BFF8ABE758
:103E5000A068FEF73BFE72E7A068FEF737FEA8E712
:103E6000704700BF083003F0F9B900BF083003F015
:103E70000BBA00BF083003F047B800BF00B583B0ED
:103E800008300023012201A902F0C4FF002803DB4F
:103E900014BF9DF80400024803B05DF804FB00BFA6
:103EA0000CFCFFFF70B500F10805284603F002FA8C
:103EB00001460020F6F7FAFC044600F10806F8F780
:103EC0007DFD002328463146626802F0A3FF104BB7
:103ED00098420DD060B16368984213D001463046D5
:103EE000F6F7E4FC05462046F8F776FD284670BD57
:103EF00000210846F6F7DAFC05462046F8F76CFD87
:103F0000284670BD20462546F8F766FD284670BD58
:103F10000DFCFFFF29B14A6808300223083102F086
:103F20000FBF70472DE9F04100F10805044628460F
:103F30000E46174603F0BEF9C1B2284603F08EF9CB
:103F40003A463146A0891023BDE8F041F9F7BEBBDF
:103F500030B5102383B004460D4680890121F9F75E
:103F6000B5FBE9B2684605F01DFE694601A805F0FB
:103F700043FE01A9002204F1080003F027F801A87C
:103F800005F0DCFD684605F0D9FD03B030BD00BF8B
:103F90002DE9F843194F3C6814B90AE0246E44B186
:103FA00023689842FAD163689942F7D12046BDE868
:103FB000F883054664200E4690460EF03BFE00F165
:103FC0000809C0E90056044629463246484606F02C
:103FD0005FFE1FFA88F5002323665DB1A581484680
:103FE0004FF4E13102F090FF3B6823663C602046CD
:103FF000BDE8F88304F034FC0546EFE770030020C9
:1040000038B500F10804C0E900121D46204602F050
:1040100089FF29462046BDE8384002F075BF00BF41
:10402000F8B504461D4601601C4BE3610020B5F560
:10403000003F0F461646C4E91E2584F874006060F0
:10404000C4E90200C4E90400A061E0622067A4F8AA
:1040500076001DD83B6838461B6831469847431E9A
:10406000334204D1B5FBF0F300FB135058B140F2DA
:104070009A30FFF753FA0A4D2B8813B904F0F0FB7E
:1040800028802046F8BD012BF1D9DB07F3D5EEE7F8
:1040900040F29A30FFF742FADCE700BF806967FF21
:1040A000F80900202DE9F0410746006803681B6805
:1040B0000C4601EB02089847431E2342064625D1D1
:1040C000444521D23868036821461B689847B042AE
:1040D00003D040F29A30FFF721FA3868036821468E
:1040E0005B689847002E04EB06050ADD2378FF2B5A
:1040F00004F1010440F29A3001D0FFF70FFAAC420C
:10410000F4D1A8452C46DDD8BDE8F08140F29A30C4
:10411000FFF704FAD4E700BF08B5D0E91E12FFF795
:10412000C1FF40F29A30BDE80840FFF7F7B900BF81
:10413000F8B5D0E91E122C4C0E685308A642CF5891
:1041400001EB03053AD0A74201D00020F8BD696811
:104150008A42FAD129461D444160C56055F8082CB1
:104160000132A5F1080303D053F8082D0132FBD129
:1041700003F1080202615C68013403F1040303D116
:1041800053F8044D0134FBD00B3323F00703836055
:1041900004461868013002D15868013006D0204624
:1041A000FFF7BAFFE56861682269A3680F485B1AE8
:1041B000521A691A01F0E4F90120F8BDB7424C68BF
:1041C00002D0A242C8D0C0E76E68B242F9D1A24282
:1041D000C0D18C68AA68661C9642BBD0561CB442FB
:1041E000BAD09442B8D8B5E7DAE07677FC3F02005F
:1041F000C16A01B97047F8B50246054652F8300B5E
:1042000003689C684023A047B8B96FF02E06761B60
:1042100005F12F0405F16F07321914F8013FFF2B48
:1042200006D0E96A8A5C9A42284601D0FFF774FFFB
:10423000A742F1D10023EB62F8BD2846FFF76CFFDF
:10424000E3E700BF4BB32DE9F04781460E469046A9
:104250001D4600F1300A06F03F07D9F82C30F41B58
:10426000A34209D04846FFF7C3FF4022FF21504632
:10427000FEF79AFBC9F82C40C7F14004AC4228BFB6
:104280002C4641460AEB07002246FDF7FBF92D1BA1
:104290002644A044DFD1BDE8F0877047F0B504465E
:1042A000006F002385B0C4E9053330B1036823678C
:1042B0000EF0B7FC206F0028F8D1154801F060F926
:1042C000D4E91E135A0813488D584FF0FF36039651
:1042D00085424FF0010601EB0207029611D02046FD
:1042E000FFF7E0FED4E91E150A4B00936A4610233F
:1042F00020460195FFF7A6FF2046FFF779FF05B09E
:10430000F0BD78688342EAD1BB6833440293E6E7A4
:10431000EC3F0200DAE07677F8B5056F4C88B1F92A
:10432000047045B32E46B21C002302E00133202B5B
:104330000BD032F8021FA142F8D1002F19DB06EB97
:10434000430300229A800120F8BD3668002EEAD18E
:10435000002F26DAAA1C002302E00133202B0ED006
:1043600032F8021F0029F8D105EB430308469C8070
:10437000F8BD0120F8BD002F04DB0020F8BD2D683A
:10438000002DE7D1054644200EF054FC3E2206469F
:1043900000210630FEF708FB2B6FB48033602E67D8
:1043A000EBE73046F8BD00BF43680BB10120704712
:1043B000FFF7BEBE426802B1704710B50446FFF772
:1043C000B7FE00B110BD2046FFF768FF6368002B01
:1043D000F8D12046FFF7ACFE0028F3D12046BDE817
:1043E0001040FFF799BE00BF38B590F8743004460E
:1043F0004BB1094D298840F2FF3001F091FC94F84F
:104400007430002BF6D1012384F874302046BDE8C7
:104410003840FFF7CFBF00BFF809002010B590F873
:10442000743084B004461BB940F29A30FFF776F836
:104430002046FFF7DDFE064A002384F87430128818
:10444000012340F2FF31684605F0CEFA04B010BDFA
:10445000F80900202DE9F843814608460F460EF082
:104460005FFC01463846F7F7F3FC80EA1045384612
:104470000EF056FCD9E90364B44217D20130ADB254
:104480001FFA80F802E00834B4420FD22388AB420E
:10449000F9D16388D9F804004246184439460EF031
:1044A000EDFB0028EFD12046BDE8F883002420462C
:1044B000BDE8F883F8B50C4616461F460546FFF7DB
:1044C00093FFCCB121462846FFF7C4FFA861A8B1ED
:1044D000C3889BB18488C4F30E0446B16968A742BF
:1044E0003A46304628BF22461944FDF7CBF8284605
:1044F000FFF794FF2046F8BDA869E8E74FF0FF34C6
:10450000F5E700BF10B5044682B0FFF76DFF6369A1
:10451000002B38D0E2689A4212D903F10802626196
:10452000186859686B4603C369462046FFF7F4FED6
:1045300010B9BDF80630A3B96369E2689342ECD3C1
:10454000206F0023636130B1036823670EF069FBBD
:10455000206F0028F8D12046FFF760FF002002B04E
:1045600010BDBDF80420BDF802106368A084C2F33A
:104570000E020B4420462262A362FFF74FFF04F1B4
:10458000200002B010BD206F236963610028C1D0F4
:10459000036823670EF045FB206F0028F8D163699C
:1045A000B8E700BFF0B58168CB1D23F0070383B0E7
:1045B000002600275D1A0446CDE9006708D153F8AC
:1045C000043C013310D02046FFF712FE03B0F0BDCB
:1045D0002B466A46FFF736FEA3681D44A5602046B9
:1045E000FFF706FE03B0F0BD6A460823FFF72AFE78
:1045F000A3680833A3602046FFF7FAFD03B0F0BDBF
:104600002DE9F04F83680569ED1A01F12003AB42F3
:104610008BB003DA01200BB0BDE8F08F04461746DB
:10462000039102F0B9FFB4F87630002B40F0BA8065
:104630002A460399794800F0A3FFA26F616800231E
:104640009142C4E905330ABFE36F049201EB5303BF
:10465000204608BF0493FFF7CBFD049DE26F294677
:1046600052082046FFF71EFD2B461033E26FA36071
:10467000002305EB520B019303E0036823670EF060
:10468000D0FA206F0028F8D1D4E903369E4240D2F8
:1046900008364FF0100A324606AB52F8080D65682E
:1046A000516803C3BDF81A30B0461D4417B12846FF
:1046B000B84748B306A92046FFF72EFE20BBBDF839
:1046C0001E300BB328460EF02BFBBDF81C2000F16A
:1046D0000109C2F30E0202EB09030293019B002BB6
:1046E00073D01FFA8AF5ABF1080BA944ADF81C2072
:1046F0005946082306AA2046ADF81E90ADF81A5078
:10470000FFF7A0FD029B9A44E368434506F10806C3
:10471000C1D8019B0133012B01937BD0019B022B5C
:1047200004D0AEE7036823670EF07BFA206F002801
:10473000F8D12046FFF75CFDA1683948ABEB0101D9
:1047400000F01EFF6268049E9168E06F354B06938F
:10475000013106AA102308910790314620464FF0F8
:10476000FF350995FFF76EFD2046FFF741FDA26872
:104770000398E36F6660ABEB02010246403206EB42
:1047800053039142C4E9033B3FF744AF37B1264B93
:104790009842014602D0254800F0F2FE00200BB0FE
:1047A000BDE8F08FE169C3EBC37200EB42020B443A
:1047B0009342B6BF1346E361E2619842BFF638AF59
:1047C00040F29930FEF7AAFE32E7A36805932A4625
:1047D000194620464B46FFF735FDA168BDF81C5031
:1047E000BDF81E0062684944C5F30E052B4602441D
:1047F000A1602046FFF726FDA368029A1D44059B91
:10480000A560EB1A93423FF47DAF40F29A30FEF779
:1048100085FE77E72046FFF7C5FE32E7983F0200A6
:10482000C03F0200DAE076770000FF7FD43F02004D
:1048300038B50D460446FFF7D7FD2A462046044901
:10484000FFF7DEFE2046BDE83840FFF7E7BD00BFBA
:104850000000FF7F2DE9F04F0F4683B01E4604464F
:104860009046002A65D02046FFF7BEFD3946204617
:10487000FFF7F0FD00230546A361D4F8049000285B
:1048800043D138460EF04CFA06F10801014421F0FC
:1048900007010831AA4600222046FFF7B1FE002892
:1048A00000F0868063684B4504D039462046FFF708
:1048B000D1FD05461FFA86F9002D53D02A886B8852
:1048C000ADF80020ADF80230BAF1000F23D000237C
:1048D000ADF806306FEA49436FEA5343ADF8043050
:1048E0002046FFF75FFE21690839216108236A46E7
:1048F0002046FFF7A7FC2046FFF77AFC2046FFF78B
:104900008DFD002003B0BDE8F08FF11D21F00701FF
:104910009A460831BFE733464246A1682046FFF772
:1049200091FCD4E901231E449B1AA660ADF8063021
:10493000D0E7013306D0002E95D040F29A30FEF732
:10494000EDFD90E7FFF750FD39462046FFF782FD69
:10495000C4F818800546D4F8049048B308214FF0F5
:10496000010A98E738460EF0DBF901463846F7F7BA
:104970006FFA80EA10433846ADF800300EF0D0F9F7
:1049800000F1010B3A465B46A1682046FFF75AFC4E
:10499000D4E9012303EB0B019B1AA160ADF80230AF
:1049A000BAF1000F0AD0ADF80650ADF8049097E7C1
:1049B0002046FFF733FD4FF0FF30A3E73346424672
:1049C0002046FFF73FFCD4E901231E449B1AADF8B3
:1049D0000490A660ADF8063082E700BF4FF0FF33C9
:1049E0000022FFF737BF00BF054A93689068C3F302
:1049F00002420823934080B200FB03F0704700BFDF
:104A00000040004110B4214B1A886FF305121A8040
:104A10005A8AD007FCD518881D4A40F48040188077
:104A2000188840F40040188093686FF30003936087
:104A30001346DA68D207FCD41A6A144842F001021D
:104A40004AF201541A62416102468480538ADB07AC
:104A5000FCD511880E4B6FF38E31118011886FF3E6
:104A6000CF3111809A686FF300029A60D86810F015
:104A70000100FBD11A6A42F001021A629A6842F000
:104A800001029A605DF8044B704700BF004000418E
:104A900000600041036810B5DB680C469847A042EF
:104AA00005D840F29A30FEF739FD002010BD4FF4D2
:104AB000005010BD580740F0B4802DE9F04F480772
:104AC00087B00E4640F0AA80DC089846174615D0FD
:104AD00002EBC4048D1AAB18D3E90001013108BF01
:104AE000B0F1FF3F07D0D2E90001013108BFB0F1BA
:104AF000FF3F40F08E800832A242ECD14C4A538AEC
:104B0000D907FCD511884B4B41F4804111801188A5
:104B100041F4004111809A686FF300029A60DC68EA
:104B200014F00104FBD11A6A42F001021A62BFF3C9
:104B30005F8FB8F1000F1ED0DFF8F4904FF0FF3A0E
:104B400006F00F05C5F1100BA8EB040293452FD812
:104B5000BBF1100F68D11034354639460A1F01F1F8
:104B60000C0052F8043F013330D18242F9D1A04504
:104B70005F445E44E4D82E4A2E4B11886FF38E3189
:104B8000118011886FF3CF3111809A686FF30002A2
:104B90009A60D86810F00100FBD11A6A42F0010255
:104BA0001A629A6842F001029A6007B0BDE8F08F7D
:104BB000444602AB39465819CDE902AACDE904AA08
:104BC0009346751BFCF75EFD02A9C7E74AF2155331
:104BD000A9F80430B9F81230DA07FBD5019100F0DA
:104BE00009FA019905F1100251F8043B45F8043B1C
:104BF0009542F9D14AF20453A9F8043000F0ECF9D7
:104C0000B9F81230DB07FBD5A0455F445E4497D866
:104C1000B1E76FF0020007B0BDE8F08F6FF0010060
:104C2000C3E74FF0FF3070475C445A46C1E700BF0E
:104C300000400041006000410078A0F12300B0FA7C
:104C400080F04009704700BF70B5144D2C680CB15E
:104C5000204670BD4FF400415F20F6F79FF92146D2
:104C600006466020F6F79AF9002818BF0646882005
:104C70000DF0E0FF0A4B0446C6F5002240F8043B65
:104C800021463346FFF7CCF9002242F2107384F834
:104C90008420A4F87A302C60204670BD7403002074
:104CA0002440020038B5FFF7CFFF051D0446284613
:104CB000FFF77AFB28B903461A4628460249FFF750
:104CC000F9FB204638BD00BF4840020070B50546DC
:104CD0000C46FFF7E7FF2B6806461B6A28469847F5
:104CE0006368014604F10802301DBDE87040FFF71B
:104CF000B1BD00BF38B50446FFF7D4FF23680546B1
:104D00001B6A204698470146281DBDE83840FFF73A
:104D100065BE00BF38B50446FFF7C4FF23680546EB
:104D20001B6A20469847002301461A46281DFFF7B4
:104D3000C1FBC043C00F38BD38B50446FFF7B2FF12
:104D40002368051D1B6A20469847002301461A4622
:104D50002846FFF7AFFB011E11DB0020F5F7A6FD8B
:104D60000446F7F72BFE636804F108020021284689
:104D7000FFF7A0FB2046F7F72FFE204638BD0024A2
:104D8000204638BD38B5FFF78DFF0446051D0C4899
:104D900000F0F6FB0B492846FFF74AFDD4F88030B7
:104DA000D4E903125B0803EB4303521AB2EB930FEF
:104DB00000D338BD2846BDE83840FFF76FBA00BFC2
:104DC00034400200394C01002DE9F0470446FFF75A
:104DD00069FF002383610546F6F7A8F88146F7F7D7
:104DE000EDFD236820461B6A9847236806465B6AE8
:104DF0002046984796F800800746043509F1040AD2
:104E00002846FFF77FFB3A46314618B38468B8F16D
:104E1000230F204602D02378232BF1D00DF02EFF54
:104E20004FF0FF310028EBD12046F5F7BBFC0446DC
:104E3000F7F7C4FD2246B9F808105046F7F774FF9B
:104E40002046F7F7C9FD2846FFF75CFB3A46314696
:104E50000028DBD14846F7F7BFFD4846BDE8F0879C
:104E600030B5104D2C6883B014B1204603B030BD6E
:104E700018200DF0DFFE4FF0FF3104460620F6F754
:104E80008DF8F8F7DBFE002302220146019220464E
:104E9000009340F6B83202F06BFD20462C6003B060
:104EA00030BD00BF7803002070B50D460446FFF703
:104EB000D7FF2A46214680881023BDE87040F8F7C6
:104EC00005BC00BF08B5FFF7CBFF02F0ABFC00301C
:104ED00018BF012008BD00BF30B5164D2C6885B045
:104EE00014B1204605B030BD4FF0FF311B20F6F75E
:104EF00055F8F8F7A3FED8B12C200DF09BFE4FF02B
:104F0000FF3104461B20F6F749F8F8F797FE0A4BE5
:104F10000A490B4A039102930146009301922046ED
:104F2000084B082203F018FF20462C6005B030BD66
:104F30002C68D6E77C03002000401C4600C0884354
:104F4000004053450000C8412DE9F04105460C469C
:104F500090461E46FFF7C0FF10B303689B690746E3
:104F60009847B8F1000F0AD004EB840463000D49A0
:104F7000A3F5A07381FB0321DC17C4EBA104012D71
:104F8000A1B2384609D001F037FD32462946B8882B
:104F90001023BDE8F041F8F799BB01F047FDF4E7B5
:104FA000BDE8F081398EE33810B50446FFF794FF71
:104FB00068B101F0ADFC4CB100EBC000054B400006
:104FC00083FB0023C017C0EBA300203010BD1520C9
:104FD000F1E700BF67666666054A1378013B5BB27E
:104FE000002B01DD137070470023137062B6704709
:104FF000FE09002072B6024A13780133137070471D
:10500000FE09002020BF704706480749036808686A
:1050100000224DF804BD42EA000B584619465DF8DF
:1050200004BB704710608000FC6180004FF47A730D
:1050300003FB00F002F082BB02F080BB00F0D6B8A8
:10504000074B084A1A60BFF34F8F0749074BCA68DE
:1050500002F4E0621343CB60BFF34F8F00BFFDE764
:10506000FCFF0220EF6926F000ED00E00400FA05E5
:10507000704700BF00487047000003204020F7F74A
:1050800029BC00BF8163704741637047C1637047AB
:10509000C06B7047EFF30880704700BF406B7047EC
:1050A000C0E9001283607047FEE700BF1C491D4A3B
:1050B000914208B50ED01C4B9A420BD2101D0333FF
:1050C0001B1A23F00303034451F8040B42F8040BAA
:1050D0009A42F9D1154A164B9A420AD2111D03334E
:1050E0005B1A23F003030B44002142F8041B9A428D
:1050F000FBD1104A104B22F07F029A60D3F888202F
:1051000042F47002C3F88820BFF34F8FBFF36F8F54
:1051100000F014F80DF00AF9F9F7C2FBFEE700BF42
:105120007852020000000020140200201802002023
:10513000340A00200040000000ED00E008B504F053
:1051400087FE04F0DBFEFFF793FF034B1A886FF333
:1051500005121A8008BD00BF0040004188B110B59B
:1051600004460DF0DDFD01382044844207D2237847
:10517000027804F8012B00F801398442F7D30020AB
:1051800010BD6FF47A707047F8B549B380EAE074E7
:10519000C4EBE0744F1E0025DFF84CC000E01D4654
:1051A0008CFB0423E217C2EBA30202EB8203C4EBE5
:1051B00043033033564207F8013F14466B1C002E60
:1051C000EDD1002801EB030203DA2D220235CA5487
:1051D0004A19002308461370FFF7C0FF3046F8BD98
:1051E0006FF47A76FAE700BF67666666014B18606F
:1051F00000207047800300200048704716FCFFFF26
:1052000070B584B004AC04E90F00BDF80230012B86
:1052100018D0022B14D1154C154E04F5807501E001
:10522000AC420DD054F8040F0028F9D0C3885B04B9
:10523000F6D503689B68B342F2D09847AC42F1D1EF
:1052400004B070BD094C0B4E04F5807501E0A54219
:10525000F6D054F8040F0028F9D0C3889A04F6D584
:1052600003685B68B342F2D09847F0E78003002000
:10527000CDDC0000399500002DE9F041304C82B0C2
:105280002246002302E00133402B05D052F8041BD4
:105290000029F8D144F823002A4C2378DB070AD4EC
:1052A000294D2B683BB1012310224FF47A60002175
:1052B00002F092F910B102B0BDE8F0812820D5F8D3
:1052C0000080224E0DF0B6FCC02300930122204B3B
:1052D0001021074600F0F8FED8F800305B68B342B2
:1052E00022D1384600F008FF38460DF09AFC2820FD
:1052F0002F680DF09FFCC02300930222144B0F2156
:10530000054600F0E1FE3B685B68B34212D12846D7
:1053100000F0F2FE28460DF084FC237843F00103F0
:10532000237002B0BDE8F081404639469847002816
:10533000DDD0D6E73846294698470028EDD0E6E785
:1053400084030020FF090020B8080020F951010063
:105350000152010010B4084C0023224602E0013340
:10536000402B06D052F8041B8142F8D1002244F8A9
:1053700023205DF8044B70478403002000487047E9
:10538000F43B0200084600F0A5BC00BF0846FFF74A
:1053900055BE00BF0846FEF7C1B800BFFFF734BED8
:1053A0000846FFF743BE00BFFFF74ABE2DE9F047AE
:1053B000DFF870A0DFF870905646074656F8044BA9
:1053C0000AF582780B19B3F5806F0D460FD22A4685
:1053D00039463019FCF756F9DAF800301D440AEB6B
:1053E000050300221A71CAF80050BDE8F087A4F541
:1053F0008074224641460A48CAF800400DF04DFC30
:10540000C4F5806230190021FDF7CEFADAF80040C9
:105410002B19B3F5806F4FF01501D8D34F46D1E764
:1054200088040020840400207840020030B587B052
:1054300062B901AC2146FFF7A7FE20460DF070FCD3
:1054400001462046FFF7B2FF07B030BD05460024F5
:105450001C220CE08BB902B334B10846303006ABE5
:105460002344013403F8140C043A131D0AD025FA1E
:1054700002F303F00F030029ECD0092B58B2EDDD45
:105480003730ECE706AB1C44002304F8143C02213F
:10549000034801ACFFF78AFFCFE71046DEE700BF05
:1054A000744002002DE9F04383B00E460546FFF735
:1054B000A1FDDFF8C8802F4F043E294602E0252ACF
:1054C000194612D00B460C4613F8012B002AF6D1D0
:1054D000491B2846FFF76AFF02212748FFF766FFAE
:1054E000FFF77AFD03B0BDE8F083EB43194428468B
:1054F000FFF75CFF637856F8049FCDF80490642BA7
:1055000004F1020527D00AD8582B19D0632B10D0EC
:10551000252B1BD003214046FFF748FFCDE7732B17
:105520001FD0782B0AD1484601220021FFF77EFFC9
:10553000C3E7012101A8FFF739FFBEE7702BE9D1CE
:10554000012248461146FFF771FFB6E701213846B0
:10555000FFF72CFFB1E7002248461146FFF766FF30
:10556000ABE748460DF0DCFB01464846FFF71EFF5F
:10557000A3E700BF90400200984002009440020060
:105580000FB400B583B004A951F8040B0191FFF7E3
:1055900089FF03B05DF804EB04B070470048704722
:1055A00016FCFFFFB2B1D36970B505460E4614462E
:1055B00013B11E20FDF7B2FF326801322B6813B120
:1055C000181D28601C60A46913460132002CF5D117
:1055D000336070BD704700BF10B50446FFF70AFD89
:1055E000E3696BB1A2699A61A3690BB1E269DA61FF
:1055F0000023C4E906336361BDE81040FFF7ECBC4B
:10560000D4E905321A60EFE710B584B004AC00238A
:1056100044F8043D0190FFF7EDFC0E4B21461A685B
:1056200001A8FFF7BFFF0C4B21461A6801A8FFF73E
:10563000B9FF0A4B21461A6801A8FFF7B3FFFFF72D
:10564000CBFC019B13B1064A12681A600398013023
:1056500004B010BD9808002090080020A408002085
:10566000A008002038B50D460446FFF7C3FC2A68A1
:1056700065610AB90AE01A469369002BFBD194616F
:10568000C4E90632BDE83840FFF7A6BCC4E90622EB
:105690002C60BDE83840FFF79FBC00BF2DE9F0410A
:1056A00084B004AC04E90F00114B1C68DDE9020171
:1056B0004FF47A7200230AF007F9B4B1DFF83480AE
:1056C00006460F46E268A56900239F4208BF96423E
:1056D00008D3636920460BB1FFF77EFF20464146A1
:1056E000FFF7C0FF2C46002DECD104B0BDE8F081DF
:1056F00090080020980800202DE9F04FDFF8E080A6
:1057000093B0D8F8005004AC84E80F00002D32D0DC
:105710002F4BBDF810401A68BDF81260AAB12D4F8A
:105720004FF0000A40F2FE3540F2FF39D368D2F85C
:1057300018B0190CAC429BB288B21FD0002B33D0EA
:105740009C4231D05A46002AF0D1A4F2FE33012BFC
:1057500011D9D8F80050204B10273246214608A80E
:10576000009700F0B1FC2B681C4A9B6893422AD139
:1057700008A800F0C1FC13B0BDE8F08F4B45DDD1A7
:1057800009B1B042DED1BAF1000FDBD1536923B1C8
:1057900010460392FFF720FF039A10463946FFF7A1
:1057A00061FF4FF0010ACDE709B1B042CAD1536998
:1057B00023B110460392FFF70FFF039A10463946B4
:1057C000FFF750FFBEE7284608A99847D0E700BF7B
:1057D000A408002098080020F95601009D550100FA
:1057E0008C08002038B5FFF705FC124B1C6894B1FB
:1057F000636913B12046FFF7EFFEFFF7EDFB0023CF
:10580000236123622568FFF735FC01462846FFF730
:105810003DFC204638BD24200DF00CFA2422002146
:105820000446FDF7C1F8FFF729FC0023C4E9000393
:10583000A360E2E79C0800200A4B10B51C682369AE
:10584000DB0701D4204610BDFFF7CCFF064B1860E4
:105850000028F7D0236A036200232362044620460F
:1058600010BD00BF88080020940800202DE9F041F9
:10587000454D2A7812F0010482B002D002B0BDE892
:10588000F081424E424F3060FFF7ACFF414B42493E
:105890001860FFF7E7FEFFF7A5FF3860D0F800803B
:1058A000FFF7E8FB011F4046FFF7EEFB3B683B4973
:1058B0001868FFF7E7FB3768002F4CD028200DF061
:1058C000B9F9C0232246009340F2FF31344B354CE6
:1058D000804600F0F9FB3B685B68A34242D140463A
:1058E00000F00AFC40460DF09CF92820D6F8008014
:1058F0000DF0A0F9C02300930022294B40F2FE31A5
:10590000074600F0E1FBD8F800305B68A34235D1D0
:10591000384600F0F1FB38460DF083F901230F22E1
:1059200000214FF47A6001F057FE282037680DF00F
:1059300081F9C023009301221B4B0F21064600F082
:10594000C3FB3B685B68A34212D1304600F0D4FB36
:1059500030460DF066F92B7843F001032B7002B04E
:10596000BDE8F0813846414698470028BDD0B6E7EB
:105970003846314698470028EDD0E6E7404639469C
:1059800098470028CAD0C3E7000A00208C080020EE
:10599000A00800208808002098080020D95E010097
:1059A000F9560100F95101009D560100024B18788B
:1059B00000F00100704700BF000A0020F0B51F4F43
:1059C0003B6883B0002B37D01D4B1B78DB0733D5EA
:1059D0000E460446FFF730FF436944EA0642054697
:1059E000C2600BB1FFF7F8FD28461649FFF73AFEF3
:1059F000A4F2FE33012B16D928203F680DF01AF9C6
:105A0000C0233246009321460F4B054600F05CFB55
:105A10003B680E4A5B68934208D1284600F06CFB55
:105A200028460DF0FEF8002003B0F0BD38462946A8
:105A300098470028F7D0F0E70548F5E78C080020E4
:105A4000000A0020A4080020F9560100F9510100C5
:105A500016FCFFFF2DE9F04128B321B30546984617
:105A600017460E46FFF7BEFE0446E0B132463B46FF
:105A700029460068FFF714FB2568FFF7FBFA011FB2
:105A80002846FFF701FB0A4B0A492068B8F1000FCE
:105A900018BF1946FFF7F6FA20460749FFF7E2FD5F
:105AA0002046BDE8F08100242046BDE8F08100BF1B
:105AB000B15E0100DD5D010098080020074B1B78F6
:105AC00013F0010308D010B4144601230A462146FE
:105AD0005DF8044BFFF7BEBF18467047000A002070
:105AE000024B1868B0FA80F040097047980800200F
:105AF00030B50F4D2B789A0785B004D50D4B1B6838
:105B000073B105B030BD43F00204022201230F211E
:105B100068462C7003F068FF064B1B68002BF0D121
:105B20002B7823F002032B70FFF76CFA05B030BD21
:105B3000000A0020980800202DE9F0415A4D2C68F9
:105B40002369D90747D4594E594F32683968002A1A
:105B500031D06069B04200F098802A608A422BD030
:105B600094426FD08C426FD0524B62699A426BD094
:105B70002068FFF78DFA0646FFF78CFAD4E9013169
:105B8000301ACA1A904268D900F120012F682C609F
:105B900021F01F06002B40F082803046F6F79AFE77
:105BA0003118C4E901012F602068BB683A68BDE87C
:105BB000F04104F0ABB929601B0755D52C60FFF705
:105BC00097FF3368002BFAD09C422B603AD039689B
:105BD0008B42C7D14BE0384E2068326843F0020355
:105BE00023611369146843F004031361FFF756FA45
:105BF00001462046FFF74AFA37683868FFF748FA47
:105C00000446FFF747FAD7E90123201A9B1A984266
:105C10000FD92030D5F800802F6020F01F04002A13
:105C200039D12046F6F756FE0444C7E90104C5F809
:105C3000008033689968186804F0A9F92B681A691C
:105C400092070CD4BDE8F0812A680021936812689D
:105C50000846BDE8F04104F059B92F68A4E7186878
:105C6000BDE8F04104F0CDB92B689C42EAD01E6833
:105C7000FFF700FA011F3046FFF706FA3B680F49AD
:105C80001868FFF7FFF939686CE7A069002818BFAA
:105C900002462A6062E71046F6F76CFCC1E7184638
:105CA000F6F768FC79E700BF880800209808002014
:105CB000A00800209C08002094080020D95E010064
:105CC000034B1B78DB0701D5FFF736BF704700BFDA
:105CD000000A002070B5104D2A78D20714D504466A
:105CE000FFF7AAFD064601F057FC73692044F060F7
:105CF00013B13046FFF770FC30460849FFF7B2FC9D
:105D00002B78DB0704D470BDBDE87040FFF78EB977
:105D1000BDE87040FFF710BF000A00209008002087
:105D200000B583B0FFF74AFE18B9074B1B78DB07B5
:105D300002D403B05DF804FB0190FFF7FDFE01986B
:105D400003B05DF804FB00BF000A002038B51B4D0E
:105D50002868436913B1FFF73FFC2868184C2146B7
:105D6000FFF780FC24684CB1A369002223B11C46D4
:105D70000132A369002BFAD1032A0EDC2B68002222
:105D80001A611C68FFF776F901462046FFF77EF995
:105D90000C4B1B78DB070CD438BDE269206893619B
:105DA000F6F7E8FB6068F6F7E5FB2046F6F7E2FB5E
:105DB000E4E7BDE83840FFF7BFBE00BF8808002019
:105DC0009C080020000A0020034B1B78DB0701D54C
:105DD000FFF7BCBF704700BF000A002010B50C469B
:105DE0008047A047044B1B78DB0700D410BDBDE8FB
:105DF0001040FFF7ABBF00BF000A0020034B1B7829
:105E0000DB0700D47047FFF7A1BF00BF000A0020E6
:105E1000002842D02DE9F041DFF8908098F800305A
:105E2000DC0782B032D51E4F3B680A461969490724
:105E3000054601D11C6A44B1284601231949FFF7E0
:105E400009FE002002B0BDE8F0811868019204F05C
:105E5000C0F83968019A0B6913F0020618D143F0B3
:105E6000010310460B61A8473B6818691E6220F0C9
:105E7000010210F004001A61E4D098F8000010F05C
:105E80000100DFD0FFF762FF3046DBE70648D9E7C5
:105E900023F003030B612046D4E76FF47A70704758
:105EA00088080020FD5D010016FCFFFF000A0020AD
:105EB00038B50346144610460D4698472046A84775
:105EC000044B1B78DB0700D438BDBDE83840FFF732
:105ED0003DBF00BF000A002008B5044CFFF708FED4
:105EE0002378DB07FAD5FFF727FEF7E7000A002043
:105EF000F8B50C4C05460E462778FFF77BF80A4AA2
:105F0000731B02EBC7019B0843F0004342F8375074
:105F10004E602B60237801332370FFF75DF800207B
:105F2000F8BD00BF020A0020A8080020064B1B781D
:105F3000834207D9054B03EBC00253F83030506859
:105F4000C01A704700207047020A0020A8080020ED
:105F5000F8B583074FEA90063BD188B10D46FFF7AD
:105F600049F8D5E90045771CA54206D92368002BDE
:105F700007DB04EB8304A542F8D8FFF72DF80020D7
:105F8000F8BD23F00043990054F82320002A04EBC5
:105F900001000DDB0EE022F00042134443F000420A
:105FA000226054F823209900002A04EB010001DA52
:105FB0008542F0D89F4201D90C44D5E702369E4273
:105FC00009D3236823F000432360FFF705F8201D61
:105FD000F8BD0136C2E704EB8606B542F1D9DB1BFA
:105FE00043F0004346F8043C2760EEE738B504462A
:105FF00040B10C4D2B783BB120460B49FFF7A8FF71
:10600000044658B1204638BD0849094A086809497C
:106010001370FFF76DFF01232B70EDE71420FDF7E0
:106020007DFAEFE7010A0020A808002014000020F4
:10603000020A002000D80220A0B10E4B1A6882424A
:106040000DD25B6883420AD950F8043C002B10B58E
:10605000044608DD43F0004344F8043C10BD1E2014
:10606000FDF75CBA70471E20FDF758FA54F8043C5F
:10607000F0E700BFA808002038B501FB00F528466E
:10608000F6F728FC044628B101232A4603600021C4
:10609000FCF78AFC204638BD70B5044608460E461B
:1060A000F6F718FC054664B158B154F8042C920078
:1060B000B242A8BF32462146FBF7E4FA2046F6F783
:1060C00059FA284670BD00BF2DE9F0410446103052
:1060D000884617461E46BDF8185003F0A5FC002060
:1060E000E060C4E90800A4F800806780A660A5808D
:1060F0002046BDE8F08100BF83889B0710B50446A9
:1061000002D580680CF08DFD204610BD82B070B5C0
:1061100086B00AA981E80C00036A4BB31C696CB114
:10612000012200E01C4623690132002BFAD1092A22
:1061300005DD06B0BDE8704002B070471C460AABF2
:106140000FCB02AD85E80F0018200CF073FD06ABF5
:10615000064613E9030095E80C008DE8030030467D
:1061600003F088FC266106B0BDE8704002B07047BD
:1061700004460FC902AD85E80F0018200CF05AFD47
:1061800006AB064613E9030095E80C008DE8030012
:10619000304603F06FFC266206B0BDE8704002B0E6
:1061A000704700BF0020704710B5044B0360002308
:1061B0000446C380FFF7CEF8204610BD9C3C020089
:1061C00010B5064B036000230446C380FFF7C2F8F6
:1061D00020460CF026FD204610BD00BF9C3C02006E
:1061E00038B50446074B036000254560FFF744F8C7
:1061F000E388054A258143F480532260E3802046EA
:1062000038BD00BF9C3C0200A440020003460022AF
:1062100000891A81704700BF00897047807A7047F3
:106220000048704716FCFFFF10B5044B03600023C5
:106230000446C380FFF78EF8204610BD9C3C020048
:1062400010B5064B036000230446C380FFF782F8B5
:1062500020460CF0E6FC204610BD00BF9C3C02002E
:1062600038B5036881720D4D9A6AAA42044608D176
:106270005B6A0B4A0B4D93420AD1A07AA072284662
:1062800038BD90472368064A5B6A93420546F4D0BE
:1062900020469847A072284638BD00BF2162010001
:1062A0001D62010016FCFFFF38B503680D4D9A6AA8
:1062B0000181AA42044608D1DB690B4A0B4D934287
:1062C0000AD120892081284638BD90472368064A94
:1062D000DB6993420546F4D0204698472081284642
:1062E00038BD00BF216201001962010016FCFFFFEA
:1062F000F8B504460025144B036045600E4617466A
:10630000FEF7BAFF94F82A30A6614FF00112C4E9F3
:106310000B22022103F0F90365F3C3030B4E656200
:10632000142084F83450A1722081A581E581258252
:106330006582A582E582A780E5802585E58684F8CB
:106340002A3026602046F8BD9C3C0200C84002006E
:10635000B0F90C1011F5C87FF8B580F2968090F86E
:106360002A3013F0020340F09880B0F90E5015F572
:10637000C87F77DA90F82A2012F004027AD1B0F9B7
:10638000104014F5C87F3CDA90F82A2012F0080279
:106390003FD0B2FA82F390F82A6090F834205B097B
:1063A00063F3C30680F82A60032A09D80132D2B207
:1063B000012A80F8342000F09680042A00F08580BD
:1063C000C38E90F82A6001339BB216F00107C38692
:1063D00072D01D2B23D90023C38680F83430036884
:1063E000444ADB6A6FF30006934280F82A601BD0B0
:1063F00004469847B4F90C10B4F90E50B4F91040A3
:1064000012E0B4F5C87F04DD90F82A2012F00802EB
:10641000BFD090F83420002BC6D1002AD0D1036819
:10642000344ADB6A9342E3D105FB05F3324A01FBB0
:10643000013304FB043393423CD911F5487F4EDB12
:10644000B1F5487F4DDC15F5487F4EDBB5F5487F4B
:1064500039DC14F5487F4ADBB4F5487FD4BF00200F
:106460000620F8BDB5F5C87F89DD90F82A2012F026
:10647000040284D1B2FA82F390F82A205B0963F314
:10648000820280F82A20012379E7B1F5C87F0FDD69
:1064900090F82A3013F002030AD190F82A20B3FAB8
:1064A00083F35B0963F3410280F82A2001235CE750
:1064B00000235AE70720F8BD092BB0D9013A80F82C
:1064C0003420C786ABE70120F8BD90F82A300022BF
:1064D00043F0010380F82A30C2860B20F8BD032068
:1064E000F8BD0420F8BDC28699E70220F8BD05205A
:1064F000F8BD00BF21620100FF70020030B50368E3
:10650000484ADB6A934285B004465ED1B4F90E2056
:10651000B4F90C30B4F9105002FB02F203FB032370
:1065200005FB0535B5F5800F16D9A38D002B4ED090
:10653000B5F5100F24D8012384F825302046FFF745
:1065400007FF0B2814D0238D834230D000232085F1
:1065500084F8243005B030BD94F82530042B5ED982
:106560000023C4E90B332046FFF7F2FE0B28EAD1E3
:10657000024601230D21684603F036FA05B030BD0E
:10658000E38D002B42D0B5F1107FD4D9238EA3B375
:10659000B5F1806FCFD9638E002BCCD101230A22B5
:1065A0000D21684603F020FA01236386C3E794F8BF
:1065B0002430E28C042B16D80133DBB2904284F8ED
:1065C0002430C7D0052B10D0C4E798479EE701239D
:1065D0000C220D21684603F007FA0123B5F5100FD0
:1065E000A385A8D9CCE79042B4D0E0840246012329
:1065F0000D21684603F0F8F9C0E7012309220D21B7
:10660000684603F0F1F901232386C1E7012308223C
:106610000D21684603F0E8F90123E385B3E7013370
:10662000DBB289E72162010010B588B002AB83E8D4
:1066300006009A88C0F812100446C28281690CCB09
:10664000684603F0A7F9E3880098BDF80420228289
:1066500023F00203E060E3802046FFF74FFF0123B1
:10666000A1881A4604A803F0BFF9002008B010BDA5
:106670000368064ADB6A934210B5044602D1B4F9B6
:106680000C0010BD9847B4F90C0010BD2162010048
:106690000368064ADB6A934210B5044602D1B4F996
:1066A0000E0010BD9847B4F90E0010BD2162010024
:1066B0000368064ADB6A934210B5044602D1B4F976
:1066C000100010BD9847B4F9100010BD2162010000
:1066D0002DE9F04F824683B0B0F90C0008F0F2FCCF
:1066E000CDE90001BAF90E0008F0ECFC8046BAF9D9
:1066F0001000894608F0E6FC02460B4606460F46A7
:106700004046494609F0AAFD09F03EF8CAF82000C3
:10671000044609F06BFC0546204609F02BFC834635
:10672000284608F0E1FC42464B4608F035FD80461D
:106730005846894608F0D8FC32463B4608F02CFD06
:10674000DDE9006702460B464046494608F06EFB0D
:10675000344607F1004502460B462046294608F01C
:1067600045FEEEF775FA09F00FF8BAF80630CAF8E8
:106770001C0043F00203AAF8063003B0BDE8F08F16
:106780000368084ADB6A934210B5044607D1E388E0
:106790009B0702D42046FFF79BFFE06910BD984796
:1067A000F5E700BF216201000368084ADB6A9342F3
:1067B00010B5044607D1E3889B0702D42046FFF7B3
:1067C00087FF206A10BD9847F5E700BF21620100EE
:1067D000016882B08DE80C008B6902B0184700BFD9
:1067E00082B070B50C4684B005464968206802AC9A
:1067F00003C4039908AC481084E80C00CB0745BFDC
:106800002A58029B029CD4580AAB2E1893E8030026
:106810008DE8030008AB0CCB3046A04704B0BDE8C0
:10682000704002B0704700BF2DE9F043324D056063
:10683000002683B04660154604460F469846FEF78C
:106840001BFD2E4BA78040F2FF32D3F800902C4B5B
:1068500023609542A8BF15466581B9F1000F2ED07F
:1068600028200CF0E7F90546103003F0DDF803238B
:106870002F806B8018200CF0DDF9224ACDE900262C
:1068800007466A46034603CA47F80C4BDE607E6043
:1068900058609960D9F80020EE6052681A49AB60E0
:1068A000C220A8808A4219485861C5E908661CD1EF
:1068B0002846FFF721FC28460CF0B3F9A788B8F169
:1068C000000F0CD01FFA88F00021A4F808803A4687
:1068D000032300F099FE204603B0BDE8F0834FF497
:1068E000FA7000214FF4FA78EFE7484629469047BE
:1068F0000028E3D0DCE700BF9C3C0200B808002081
:1069000004410200D1670100F9510100E167010073
:10691000008A704710B5C38803F01202102A84B0B1
:10692000044617D003F00C03082B01D004B010BDAF
:10693000228AE3899A42F9D801231A46A188684637
:1069400003F052F8E38823F0020343F00403E380EA
:1069500004B010BD018A82899142E3D3012381886A
:106960000222684603F040F8E38823F0040343F072
:106970000203E380D6E700BF036810B50446DB6975
:106980009847E388DA070FD56189238AC1F57F72BA
:1069900000FB01F0033202FB0300800A2082204644
:1069A000BDE81040FFF7B6BF43F001032082E3804B
:1069B0002046BDE81040FFF7ADBF00BF40F2FF33F7
:1069C0009942A8BF1946418100207047002938B577
:1069D0000BDD89B28CB200250181828829462046D0
:1069E000032300F011FE002038BD4FF4FA714FF47C
:1069F000FA740025F0E700BF08B5C388DA0602D5AF
:106A000082898A420FD023F0020242F010021B0753
:106A10008181C28007D5C38901399942A8BF19462F
:106A200089B200F003F8002008BD00BF08B5C38894
:106A30001A0702D5C2898A420FD023F0040242F01D
:106A40000802DB06C181C28007D5838901319942E2
:106A5000B8BF194689B2FFF7CFFF002008BD00BFBD
:106A600010B5044B036000230446C380FEF772FC9C
:106A7000204610BD9C3C0200C388DB0600D4704752
:106A800010B5044684B0818801230422684602F0D0
:106A9000ABFFE38823F01003E38004B010BD00BF18
:106AA000C3885B073CD52DE9F0410369B3F9027057
:106AB000002F84B00E46054615DD00F110080024B5
:106AC00001E0A7420FD021B2404603F0B3F8B04234
:106AD00004F10104F5D101231A46A988684602F0A1
:106AE00083FFA742EFD1EB8B297F288C5A1C92FBA6
:106AF000F1F301FB13239BB2984212D0EA8BA969F0
:106B000092B28E546A69EB83002A02DBEB8B9A42C5
:106B100010D0EB8843F01003EB8004B0BDE8F081A7
:106B20007047A98801230322684602F05DFF04B084
:106B3000BDE8F0814FF0FF336B6102220123A98889
:106B4000684602F051FFE4E7C3881B0700D4704792
:106B500030B5838D416A02689BB20446C95C926A73
:106B600085B09047A58D94F82820618D6B1C93FB10
:106B7000F2F502FB1535ADB2A94202D0A58505B0EC
:106B800030BD0123022240F2FF31684602F02CFFA3
:106B900023680121DB6920469847EFE7002AF8B512
:106BA000044635DDB0F82AC090F82850878D0CF1E6
:106BB000010696FBF5F005FB106080B2B84227D0C5
:106BC000013900250AE094F82870B4F82CE096FB0F
:106BD000F7F007FB106080B270450BD0676A11F8C0
:106BE00001EF07F80CE00135AA4200F101066085CB
:106BF0008446E8D1012B04D0022140F2FF30FEF799
:106C0000DDFE236820469B69012198472846F8BD90
:106C10000025EFE7C3885A0770B5044607D5036817
:106C20000021DB699847A069F5F7A4FCE388207F81
:106C300023F004039DB2E580F5F74CFEA06160B13E
:106C40002368002645F004059B69E580E6832684D9
:106C5000204631469847304670BD6FF47B7070BD5A
:106C600038B5C3881A07054607D503680121DB69D3
:106C70009847686AF5F77EFCEB8895F8280023F0C2
:106C800008039CB2EC80F5F725FE686230B1002065
:106C900044F00804EC806885A88538BD6FF47B70EB
:106CA00038BD00BF012905D0022900D0704700205F
:106CB000FFF710B8428D06E090F82830818D13441C
:106CC0005B1A002B06DD838D9A42F5D3838DD31A90
:106CD000002BF8DC704700BF2DE9F047164D05602A
:106CE00000250446456091468A461F469DF820606F
:106CF000BDF82480FEF7C0FA104B2360C4E902A956
:106D000004F1100002F080FFE288E58301370136CC
:106D10004FF0FF3342F48042277784F82860A4F8CC
:106D20000480A561656225846585A5856361E2802F
:106D30002046BDE8F08700BF9C3C02002C410200C9
:106D40002DE9F041C488A5072FD4002A2ADD49B3D4
:106D50001D4644F00203C3802307064690460F46B3
:106D600018D5002401E0A0450DDD3919A8EB040277
:106D70002B463046FFF712FF294604443046FFF702
:106D800091FF002DEFD1F38823F00203F38020461A
:106D9000BDE8F081FFF764FF04460028E1D02046FB
:106DA000BDE8F0816FF47A74F1E7014CEFE700BFC2
:106DB0000DFCFFFF38B50446038C61B9C28B9342CA
:106DC00024D0257FA1695A1CC85C92FBF5F305FB12
:106DD0001323238438BD0129057F06D1E28B93421A
:106DE000F0D1E28B9342F9D0ECE70229EAD1C28BD1
:106DF0009342E7D1C38B8088013393FBF5F205FB07
:106E000012336361FEF78CFF238CDAE7004838BD4C
:106E10000CFCFFFFB0F806C01CF0010F2DE9F0419B
:106E20006ED198461CF0040F4CF00103064617463D
:106E30000D46C3802BD0B8F1000F11D1002F5DDDBE
:106E4000013D444604E00134A74205F8010F17D084
:106E500000213046FFF7AEFF10F57D7FF3D10FE044
:106E6000B8F1010F1CD1002F48DD6C1EE51901217E
:106E70003046FFF79FFF04F8010FAC42F7D13C46C4
:106E8000F38823F00103F3802046BDE8F081FFF78B
:106E9000C1FE04460028F7D1B8F1000FCED0DFE7DD
:106EA000B8F1020F2AD1F38B328C9A4285BF337F1F
:106EB000F18BF38B5B189B1A9F4212DDF38B317FB2
:106EC000B0889A42F38B88BF5B189A1AF38B3B44C5
:106ED0009A1A92FBF1F301FB132272610221FEF771
:106EE0001FFF002F0ADD6C1EE51902213046FFF757
:106EF00061FF04F8010FA542F7D1C0E70024BFE706
:106F0000004CC1E70DFCFFFF38B50B1E07DB1D462B
:106F100003681B6A0446984700B9256338BD6FF4BF
:106F20007A7038BDF8B5C3889C074AD1858D448DE9
:106F300043F00303AC42C3803AD3838DE31A174670
:106F40000268002B0E460446D56903DD0121A847DF
:106F50002368DD6900212046A84723683A46314668
:106F60005B6A20469847236800219B692046984722
:106F7000A28D638D934221D294F82820A18D1344D1
:106F80005B1A002B04DD236801219B69204698478A
:106F9000256B002D06DB236829461B6A204698478F
:106FA00000B92563E38823F00303E3800020F8BDE4
:106FB00090F82830858D1C44631BC0E7A28D9B1A76
:106FC000DFE70148F8BD00BF0DFCFFFF012A0FD02D
:106FD00038B514460546103002F01CFE022C01D0D4
:106FE000002038BDA8880121FEF79AFE002038BD98
:106FF0006FF47A70704700BF2DE9F04F87B0CE88EC
:1070000000AFF507C7E9013060D47407894615461B
:1070100040F1D280B9F820A0B9F81E3046F0010640
:107020009A45A9F8066058D02B68D9F81810B3F91A
:1070300002205646731C002A11F80680FB602ADDE8
:107040004FF0000B4FF0FF340FFA8BF1284602F09F
:10705000F1FD2A68B2F902200BF1010B404508BF8F
:1070600034465A45F0DC99F81C30F968B9F81E80AE
:1070700091FBF3F61FFA88F803FB1616B04500F0F3
:10708000A380601C4FD1D9F81810731C002A11F886
:107090000680FB60D4DC99F81C30F868B9F81E80D3
:1070A00090FBF3F61FFA88F803FB1606B045C1D132
:1070B0007B68012B00F08F807B68022B13D0B9F81E
:1070C0000660B86826F00106A9F8066002F09CFD8B
:1070D000B8681C37BD46BDE8F08F7B68012B00F017
:1070E000B580022BEDD1294607F1140002F084FD92
:1070F00007F1140102224846FFF768FF07F1140068
:1071000002F01CFD07F11400B9F81E4002F07CFDEE
:1071100007F1140109F1100002F07CFD07F11400E1
:10712000013C02F00BFD002CB9F80660C9DB99F8B0
:107130001C505445BABFA5EB0A0BA344A4EB0A0BA1
:107140000BF1080323F00703E846ADEB030D002124
:1071500068460BF10102A4B2FBF726FCA245694682
:10716000D9F818000FD00DF1FF320AF1010C9CFB89
:10717000F5F305FB13C310F80AC002F801CF1FFA9C
:1071800083FA5445F1D1B9F82030B86801335B4433
:1071900026F0010693FBF5F205FB1235A9F806600F
:1071A0000FFA8BF2A9F8205002F00CFDC546B86822
:1071B0001C37BD46BDE8F08F0846FFF72BFD0028C1
:1071C00037D1B9F8066025E77B68012B29D1611C0E
:1071D000A9D1D9F81810B9F81E309845FBD008F19C
:1071E0000103002A11F80860FB6027DD4FF0000B57
:1071F0004FF0FF340FFA8BF1284602F01BFD2A688E
:10720000B2F902200BF1010BB04208BF44465A45C7
:10721000F0DC99F81C30F96891FBF3F803FB1818BF
:10722000D5E77B68022B7FF47EAF631C7FF47BAFD6
:1072300059E70146B86802F0A1FCB8E799F81C309C
:10724000F86890FBF3F803FB1808C4E72B68D9F83B
:107250001810B3F90220D046BDE700BFC388DA0793
:107260000DD410B543F0010304460131C38001770A
:10727000FFF7D0FCE38823F00103E38010BD014851
:10728000704700BF0DFCFFFFC3889A070ED410B5EE
:1072900043F0020304460131C38080F82810FFF751
:1072A000DFFCE38823F00203E38010BD0048704751
:1072B0000DFCFFFF007F704710B5074B044640F8F8
:1072C000103B02F03BFC054B236000232046E3808B
:1072D000FEF740F8204610BD2C4102009C3C020005
:1072E000C1600020704700BF08B580680368DB6A92
:1072F0009847002008BD00BF08B5806803685B6A36
:107300009847002008BD00BF2DE9D84704469246A3
:107310009946FDF76FFEA66894F80D8034683046F4
:10732000636CA76B98474B465246002B08BF0A2A4E
:1073300038BF0A22024441463046B847BDE8D84724
:10734000FDF74ABE2DE978480646FDF753FEB068C2
:1073500003685B6C9847B288F38880B2D6E906452B
:10736000821A92B2134414EB020B9BB245F1000C4B
:10737000B3F57A7FB080C6E906BCF3800DD3D6E9B9
:107380000401A3F57A7301309BB241F10001B3F51A
:107390007A7FF6D2C6E90401F380BDE87848FDF7AC
:1073A0001BBE00BF2DE9F84F1646C26ABDF8288003
:1073B000BDF82C909DF830A0002A0EDD446A1F46CF
:1073C000238873B12346002102E01D881C4645B185
:1073D0000131914203F11803F7D16FF47B70BDE8DE
:1073E000F88F0546FFF7AEFFD5E9062312EB060B33
:1073F00043EB070CBAF1000F20D100200146C4E98D
:107400000201C4E904BCA4F80080A4F80290FDF7CE
:10741000F1FDA96A39B1D4E90423D1E904018B4211
:1074200008BF824205D2AC6232463B462846FFF78F
:107430006BFFFDF7D1FD0020BDE8F88F30463946DF
:10744000DDE700BF2DE9F003C56A436A00218D42E4
:1074500081622DDD0A461C88013254B139B1D3E96D
:107460000467D1E904894F4508BF464501D28362CC
:107470001946AA4203F11803EDD1C9B1D0E9068932
:10748000D1E9044518F10A0649F10007BD4208BFD9
:10749000B44207D3B4EB080265EB0903BDE8F0037F
:1074A000FFF732BF0A220023BDE8F003FFF72CBF2D
:1074B000BDE8F003704700BF2DE9F04F82468BB066
:1074C00059B18468067B236820465A6C9D6B9047AF
:1074D000274A314602442046A8475046FFF732FF6C
:1074E000DAF82C20DAF82440002A2EDD0025AB46FD
:1074F000238813B3D4E90401DAE906678F4208BF91
:107500008642CDE9040118D3D4E9028958EA090179
:10751000628820D1DAF828104FF00000A1422080C4
:1075200022D001210291CDE90067194606A802F098
:107530006BFADAF82C200BF1010B0135AA4204F1A9
:107540001804D5DCBBF1000FCCD15046FFF77AFF11
:107550000BB0BDE8F08FDDE9040110EB080041EB52
:107560000901C4E90401DCE70021CAF82810D8E7C2
:1075700080969800074B1B6853B1197B084110F0A7
:107580000101184601D1FFF797BF0121FFF794BF12
:10759000704700BFB4080020064B10B51C682CB122
:1075A0002046FFF7CFFED4E9040110BD00200021E2
:1075B00010BD00BFB4080020064B10B51C682CB1EC
:1075C0002046FFF7BFFED4E9060110BD00200021D0
:1075D00010BD00BFB408002070B5094C266884B007
:1075E00066B11D4614460B4601210246CDE9004511
:1075F00030460291FFF7D6FE04B070BD0148FBE7AC
:10760000B408002016FCFFFF2DE9F04F134C26684C
:1076100085B006B39C4644014B01241A43EAD06569
:1076200065EB01058946A300A900174641EA94715C
:107630001A1841EB0903D90041EA5271D0000B46F8
:1076400001210246CDE9007C30460291FFF7AAFEF7
:1076500005B0BDE8F08F0248FAE700BFB40800208B
:1076600016FCFFFF70B50E4D2C68B4B12046FFF735
:1076700069FE0C4BA66942F2107098472C682046B0
:10768000FFF760FEA3690849053B9B1B42F210729D
:107690000020B2FBF3F30B6070BD044870BD00BF67
:1076A000B408002019000020B008002016FCFFFFDD
:1076B000F8B50D46437316460A231B4A1B49016061
:1076C0000446C362856006730121F0201460FEF752
:1076D000D3FC2B68164F9A69606200210020A162DA
:1076E000BA424FF00001C4E90401C4E9060115D112
:1076F000104AEA603146104A9B6B28469847A068BA
:1077000003681B6A9847A068036800225B6CE280EC
:107710009847A080FFF7A6FF2046F8BD28460549F8
:107720009047A5682B68E5E7B4080020684102008F
:10773000E172010075750100809698002DE9F8430B
:10774000124D2E6806B3124B04461868A8B930468D
:10775000FFF7F8FDD6E9066716EB040847F10009C4
:107760002C682046FFF7EEFDD4E906234B4508BF01
:107770004245F5D30020BDE8F88304FB00F0054B3B
:1077800098470020BDE8F8830348F4E7B4080020D8
:10779000B00800201900002016FCFFFF6FF47D7078
:1077A000704700BF10B5034B03600446FFF758F95C
:1077B000204610BD7841020010B5054B0360044619
:1077C000FFF74EF920460BF02CFA204610BD00BF03
:1077D000784102004069044A03685B69934202D120
:1077E0006FF47D70704718479D77010038B50446E7
:1077F0000D464FF4FA7311464FF45972FFF714F81F
:10780000034B656120462360FFF7B6F8204638BD7C
:10781000784102006FF47D70704700BF6FF47D7097
:10782000704700BFC08800F00100704710B5034BDF
:1078300003600446FEF7B8FC204610BDA0410200DC
:1078400010B5054B03600446FEF7AEFC20460BF076
:10785000E8F9204610BD00BFA0410200C388DB0448
:1078600000D470472DE93048036888B0DB690446CE
:107870009847227CE38878B10B2A04D80132D2B22F
:10788000082A22740ED9D9071ED503F00305012D4D
:107890002CD008B0BDE8308832B1013AD2B2082A03
:1078A0002274F0D8012AF0D8DA07EED523F00103CC
:1078B000E38002220123A188684602F095F8657CE6
:1078C000012D2CD0E388E0E743F001020123E280A0
:1078D000A1881A4604A802F087F82389013323817E
:1078E000FFF75AFE227CE388E060DBE7FFF754FEF7
:1078F000E368B0EB030B61F1000C002340F2DB52B4
:10790000634508BF5A45C4D2E288A18842F002020A
:10791000E2802B46052204A802F066F8B9E7FFF7DB
:107920003BFEE368B0EB030B61F1000CBCF1000F10
:1079300008BFBBF57A7F2B462CBF04220322A18807
:1079400004A802F051F8BDE710B504464069074AA3
:1079500003685B68934207D16FF47D70A37C181AAB
:10796000B0FA80F0400910BD9847F7E7157801009C
:107970002DE9F84304460D46914698469DF820604F
:107980009DF82470FEF72CFC002121742B680C4814
:107990001A6C0C4BA4F804908242656184F8118043
:1079A000A6742360E16006D1E38843F40053E380CA
:1079B0002046BDE8F883394628469047F4E700BFE3
:1079C0001D780100A0410200417470476FF47D7082
:1079D000704700BF10B5044B036000230446C3800A
:1079E000FDF7B8FC204610BD9C3C020010B5064BCC
:1079F000036000230446C380FDF7ACFC20460BF077
:107A000010F9204610BD00BF9C3C020038B504466A
:107A1000C06890B103680F4D1B68AB4216D1206956
:107A200003681B68AB420ED10A20FEF753F92046CB
:107A3000094901F045FD002038BD2069054D036866
:107A40001B68AB42F0D001219847EDE70121984730
:107A5000E5E700BFCD790100C041020010B5044642
:107A600001F0EAF9034B2360012384F82D3020460E
:107A700010BD00BF3C42020070B5056884B00446EA
:107A80006A4628686968134603C34CF2DA039842D1
:107A900019D00021CDE9003192E8030002AB83E860
:107AA000030003CB04F10806A060716060680F4911
:107AB00003685A698A4209D19C690D4B9C420ED1D8
:107AC000002004B070BD019804B070BD29469047F5
:107AD000D4E9005003689C69054B9C42F0D03246C3
:107AE00029464023A047002004B070BD09D90000FA
:107AF00011D9000070B50D4641604FF4807200212D
:107B000004460830FAF750FF2B6811491A688A4278
:107B10000BD19B680F4A93424FF000060DD12660AF
:107B20002046FFF7A9FF204670BD284690472B68E6
:107B3000084A9B6893420646F1D028469847A6EB30
:107B4000001626602046FFF797FF204670BD00BF55
:107B5000F1D80000F9D800000268A0F84210936A3A
:107B6000184700BFB0F84200704700BF026880F8B5
:107B70004410936A184700BF90F84400704700BF54
:107B8000B0F8421038B54FF47A75044605FB01F1A0
:107B9000244802F0CBF8244A94F844100346A2FB90
:107BA00003239B09A4F84230204802F0BFF8B4F840
:107BB000421084F8440005FB01F11A4802F096F8DF
:107BC000A26BB4F84010156840F00703DBB2104612
:107BD000AD692022A84718BBA06BB4F84010036819
:107BE00022229D691023A847D0B994F844100F4869
:107BF00002F07CF8A26BB4F840101568030103F0A2
:107C0000F0031046AD692322A84748B9A06BB4F829
:107C10004010036824229C690823A04700B938BD9E
:107C2000034838BD5C420200D34D6210544202004A
:107C30000EFCFFFF10B5034B03600446FEF7F4FA99
:107C4000204610BDC442020010B5054B0360044637
:107C5000FEF7EAFA20460AF0E4FF204610BD00BF16
:107C6000C4420200034611B903689B6A1847806B3F
:107C7000B3F84010036810B49C692022A446002386
:107C80005DF8044B604700BF2DE9F041BDF81C5082
:107C9000BDF8186004468846174619462A46FEF77E
:107CA00027FB0023142102220C482060C4F83880EE
:107CB000E763A580A4F84060A4F8421084F844204B
:107CC000A4F84630A4F84830A4F84A30E3802046AF
:107CD000FFF756FF2046BDE8F08100BFC442020016
:107CE000C16BC3880A68F0B55268294C43F48043DD
:107CF000A24287B0C38003D10025284607B0F0BD5B
:107D000004460846904701280646F5D1A06BB4F812
:107D1000401003680196062200921D6AA82204AB57
:107D2000A847054688BB0320FDF786F9A06BB4F889
:107D300040100368CDE9006631221E6A0DF10F0381
:107D4000B0479DF915309DF913609DF9111094F815
:107D500044702068DB00F600C90003FB07F306FB54
:107D600007F611FB07F12F0CA4F84860A4F84610A1
:107D70009AB23F04A4F84A303A43036BD4F8461051
:107D800020469847284607B0F0BD024DB5E700BF32
:107D9000157801000EFCFFFF08B5FFF7A1FF0020DA
:107DA00008BD00BFFFF79CBF01893F4AF8B54FF4FB
:107DB0007A7303FB01F39342044668DC3B4A934227
:107DC00065D83B4A934264D844F62062934262D815
:107DD00042F21072934260D841F2883293425ED8E8
:107DE00040F6C41293425CD8324E40F2E24106F1B2
:107DF00008028B4288BF1646A37A042B44D82E4D26
:107E0000032B05F102032ABF1D4602220422336818
:107E10002A49206CA272A1FB03230268218F976973
:107E20009B0923812A220023B84700282AD1206CED
:107E3000218F03682B229F691023B84710BB206C49
:107E4000218F03682D229F690123B847D0B9206C88
:107E5000218F03682E229F690123B84790B9206CB7
:107E60006B780268218F95690E22A84750B9206C63
:107E700033790268218F946943F001032A22A047D5
:107E800000B9F8BD0E48F8BD0E4D0822BFE70E4EF2
:107E9000B2E70E4EB0E70E4EAEE70E4EACE70E4E1A
:107EA000AAE70E4EA8E700BF00C409000071020057
:107EB0008038010000430200F8420200D34D6210F6
:107EC0000EFCFFFFFC420200384302003043020078
:107ED000284302002043020018430200104302001E
:107EE0000368DB6A184700BF10B5034B0360044604
:107EF000FEF79AF9204610BD4843020010B5054B25
:107F000003600446FEF790F920460AF08AFE2046F8
:107F100010BD00BF48430200034611B903689B6AC5
:107F20001847006C198F036810B49C692A22A44674
:107F300000235DF8044B6047C38822495A04C26B92
:107F400058BF43F4804330B558BFC38013685B68A3
:107F50008B4287B003D10025284607B030BD0446C8
:107F6000104698470028F6D1206C218F036806251B
:107F70000122CDE900521D6A04ABA8470546F8B9B5
:107F80009DF912109DF914209DF91030A07AC900B6
:107F9000D200DB0011FB00F112FB00F213FB00F337
:107FA0002068ADF80830ADF80A10ADF80C2002AB2F
:107FB00093E80600036B20469847284607B030BD7B
:107FC000014DC9E7157801000EFCFFFFF8B5044626
:107FD0000E4617461946BDF81C20BDF81850FEF78E
:107FE00087F9074B2587C4E90F7623602046FFF702
:107FF000DBFE18B9E38843F48053E3802046F8BDE4
:108000004843020010B5034B03600446FEF70CF929
:10801000204610BD9443020010B5054B0360044692
:10802000FEF702F920460AF0FCFD204610BD00BF15
:1080300094430200034611B903689B6A1847806B9A
:10804000B3F84010036810B49C696B22A446402327
:108050005DF8044B604700BF10B5836BB0F840106B
:108060001C6884B00122CDE900221846246A0DF173
:108070000F037522A04728B99DF80F00C0F34500F3
:1080800004B010BD4FF6FF7004B010BD38B5044603
:10809000806BB4F840100268802395696B22A84772
:1080A0001420FDF717FEA06BB4F8401003686B2294
:1080B0009D690023A847A06BB4F8401003681A22FA
:1080C0009D690123A847A06BB4F8401003681B22E8
:1080D0009D691823A847A06BB4F8401003681922C3
:1080E0009D692023A847A06BB4F84010036837228D
:1080F0009D693023A847A06BB4F84010036838226C
:108100009D690123A8472046FFF7A6FF01460248C4
:10811000FDF736FA002038BD7C4302002DE9F0411E
:10812000BDF81C60BDF8185004468846174619462D
:108130003246FEF7DDF86D000023142102220B48C1
:108140002060A4F84050C4E90E87A6802181A27265
:10815000A4F84430A4F84630A4F84830E380204620
:10816000FFF794FF2046BDE8F08100BF9443020072
:10817000C16BC3880A68F0B552683D4C43F4804334
:10818000A24287B0C38003D10025284607B0F0BDC6
:1081900004460846904701280346F5D1A06BB4F881
:1081A0004010026801930E230093156A02AB3B2234
:1081B000A8470546002859D19DF80E209DF80F309C
:1081C0002C4E9DF808709DF809009DF811C09DF88F
:1081D0000A109DF80BE043EA02231BB203EB830372
:1081E0005B0086FB0326DB179DF80C20C3EB2613F0
:1081F00040EA07209DF810609DF80D704CEA062CAF
:1082000047EA02229DF812609DF81370A4F844C05A
:1082100003F64563A4F8423000B29DF814304EEAEC
:10822000012147EA06279DF81560A4F8467000284A
:1082300009B246EA0326B8BF0F3013B2002922461E
:10824000B8BF0F31002BB8BF0F330911E181001106
:1082500052F80C1BA0811B112382A4F848600B6B01
:10826000204606CA9847284607B0F0BD024D8CE765
:1082700015780100797878780EFCFFFF08B5FFF7D4
:1082800077FF002008BD00BF0368034ADB6A934202
:1082900001D1FFF76DBF18477D82010082B08DE8E4
:1082A0000C00014802B0704716FCFFFF002940692E
:1082B00005DD08B904E010B10139406AFBD170470F
:1082C000704700BF82B070B50C4684B0054649685F
:1082D000206802AC03C4039908AC481084E80C0081
:1082E000CB0745BF2A58029B029CD4580AAB2E18D4
:1082F00093E803008DE8030008AB0CCB3046A047A1
:1083000004B0BDE8704002B0704700BF00293AD009
:10831000F8B54469002C33D00D461C4E002705E00B
:10832000A268AB689A420DD0646AB4B1AA88A388E7
:1083300053409907F8D49207F2D5A968A06801F0D4
:1083400031FD78B12B888BB96B88ABB9A3883343E7
:10835000A380646A0137002CE8D1002FC8BF2046F3
:108360000EDDF8BDAB889B07DED4D9E722889A42A0
:10837000DAD16B88002BE9D062889A42D4D1E5E744
:108380006FF47A70F8BD6FF47A7070470080FFFF69
:1083900000296BD0F0B5446985B00D4606463CB95E
:1083A00060E0A388980708D5914212D0646ACCB1E6
:1083B000AB8821682A689F07F3D49142F6D1A2685E
:1083C000AB689A42F2D1A3881A0447D4294805B071
:1083D000F0BDA968A06801F0E5FC0028F3D1646A4B
:1083E000002CE5D1D6F814C02A88BCF1000F33D098
:1083F0006446634600E00B461888904211D2596AE1
:108400001C460029F7D163451DD0596A69625D6237
:10841000012340F2FD31684601F0E6FA002005B084
:10842000F0BD21D16F885988B94204D31CE04C8833
:10843000BC42E8D20B46596A0029E4D00C88844239
:10844000F5D06345E1D119888A4204D3DDD158883B
:1084500069888842D9D96B627561D9E7C3F30E0385
:10846000A380B3E70A88F7E72346CCE76FF47A7076
:10847000704700BF16FCFFFF2DE9F04183885F07BE
:1084800082B0064603D59D062DD4DC0638D443F0D1
:108490000403B38006F1100506F1180815E0F3682F
:1084A000009395E80F00A047B388DA0618D5346A20
:1084B000B4B194E80F00276985E80F0020463762C1
:1084C0000AF0AFFBFDF7FCFBB388B46898070DD446
:1084D000D907E4D495E80F00A047B388DA06E6D4BC
:1084E00023F00403B38002B0BDE8F08198E80300F4
:1084F00095E80C008DE80300204601F03BFCD3E733
:1085000000F1180393E803008DE8030006F110035F
:108510000CCB3046FDF7FAFDE5E700BF70B51C4B0C
:108520008CB003F10802283304460260836006A879
:1085300001F07AFA0F23182002930AF07BFB002542
:10854000144A0092064601956A46034603CA46F855
:108550000C4B114ADD60049375605A615860996054
:10856000204602A91223ADF80C300595CDE90A5535
:10857000FFF7CCFE02A8FDF7BFFD084BE58104F133
:108580000800A360FCF7E6FE20460CB070BD00BFFB
:10859000DC43020019880100C58201009C3C0200F6
:1085A000A0F10800FFF7BABF10B50446FFF7B6FF09
:1085B00020460AF036FB204610BD00BFA0F108009F
:1085C000FFF7F2BFF0B5254B254A026000250446AF
:1085D00083B0C0E902350830FCF74EFE214B236022
:1085E00003F12002A2606561C4E906556584282074
:1085F0000AF020FB0646103001F016FA1A4B3360E1
:1086000018200AF017FB194ACDE9002507466A46EB
:10861000034603CA47F80C4B154ADD604FF0C20C05
:108620007D6058609960204631465A61C6E902353E
:10863000C6E90855A6F804C0FFF7AAFE30B90D4BED
:108640001A6802B91C60204603B0F0BD3046FDF741
:1086500053FD30460AF0E5FAF1E700BF9C3C02000A
:10866000D0430200E44302000F0002001988010019
:10867000C5820100B808002038B50446FCF7BAFCF2
:10868000A5692DB12B69A36133B1638C013B638470
:10869000FCF7A2FC284638BDE361F6E72DE9F0417E
:1086A00044690CB3A388656A00271A0480463E46D5
:1086B00006D4264695B12C46A388656A1A04F8D5D7
:1086C0005B07F6D46EB17562656A2046FDF714FD4E
:1086D000204601370AF0A5FA002DECD13846BDE856
:1086E000F081C8F81450F0E727463846BDE8F0811D
:1086F0002DE9F0414469002C44D016460D46DFF8C0
:108700008C8001270CE0A38803F0C003A3F1C00311
:10871000B3FA83F35B09B34215D00027646A4CB304
:1087200023882988994201D0002BF7D163886A8871
:108730009A4201D0002BF1D1FDF738F90028E2D19F
:108740000123B342E9D1B4F804E01EF4004FE4D1B0
:1087500095E80F0004F1100C1EF0400F8CE80F009C
:1087600002D1FDF723F940B92046FFF785FE646A80
:10877000002CD5D13846BDE8F08121464046FDF7B2
:1087800047FBCBE701273846BDE8F081798401003B
:10879000F0B5012287B00446C6690D46FFF7A8FF71
:1087A00010B9638C092B01D907B0F0BD95E80F0013
:1087B00002AD85E80F0018200AF03CFA06AB074628
:1087C00013E9030095E80C008DE80300384601F03A
:1087D00051F9FCF70FFC66B133693B6137613B69C6
:1087E0005BB1638C0133638407B0BDE8F040FCF7F4
:1087F000F3BBA3693B61A761F2E7E761F1E700BF63
:1088000082B008B502A9C1E90023FFF7C1FFBDE8A6
:108810000840002002B0704782B038B5054604A970
:1088200081E80C00FFF73AFF2846FFF725FF90B1DB
:10883000044604E02846FFF71FFF044658B1002213
:1088400021462846FFF754FF20460AF0EAF9FDF7D3
:1088500047F90028EED1BDE8384002B0704700BFAC
:10886000024B1888421C1A80704700BF100200207B
:10887000C08800F00300A0F10300B0FA80F04009C6
:10888000704700BF82B070B50C4684B00546496899
:10889000206802AC03C4039908AC481084E80C00BB
:1088A000CB0745BF2A58029B029CD4580AAB2E180E
:1088B00093E803008DE8030008AB0CCB3046A047DB
:1088C00004B0BDE8704002B0704700BF10B5034B64
:1088D00003600446FDF768FC204610BD24440200F6
:1088E00010B5054B03600446FDF75EFC20460AF018
:1088F00098F9204610BD00BF2444020082B070B534
:1089000088B00CA981E80C004289BDF83050BDF850
:108910003230954204460BD0022B27D0052B00F0B5
:108920008680012B78D008B0BDE8704002B0704757
:108930008189022B0E461AD0052B5AD0012BF2D179
:10894000C3888D4243F00103C38068D0A9426AD036
:1089500003F00203002BE6D001231A46A18804A8E5
:1089600001F042F8238901332381DCE71646B24245
:1089700017D0A189B14265D0954267D0A3899D42A5
:10898000194600F09C80A17B012900F0C1809D4226
:1089900000F0AE809542C6D1E38823F01003E38057
:1089A000C1E7E38803F00103002BE5D00123022295
:1089B000A188684601F018F863899D4200F0908014
:1089C000A289A188AA4250D00123032204A801F061
:1089D0000BF86289B24203D1E38843F01003E380CD
:1089E000A389B34200F08F80954266D09D429AD110
:1089F00068E0C3888D4243F00403C3801AD0A942C3
:108A00001CD003F00803002B8DD0A1880123052280
:108A100004A800F0E9FF86E78689B54203D1E38820
:108A200043F00203E380E38803F0010392E78689C1
:108A3000B54203D1E38843F00803E380E38803F001
:108A40000403E0E7E38803F00203ADE7E088C6062D
:108A50001FD5A38920F0010189B29D42E18028D071
:108A60002A4621F00401E18091E7E28802F0080043
:108A70000028A9D0B34238D0A389B342A4D102F0D0
:108A80000802002AA0D00123042204A800F0ACFFB1
:108A90009FE7A37B012B3ED100F00403002B37D0CE
:108AA00001230422294604A800F09EFF6289A389BD
:108AB0009AE720F0030189B2D2E7E088CAE7E388A9
:108AC00098062BD5E38823F0020189B29542E18014
:108AD0002AD023F00A039BB223F02003E38022E78D
:108AE000E288A18802F00400C2E702F00402C8E7AD
:108AF000E18821F008039BB29542E38004BF21F096
:108B000018039BB2E8E7E18841F02001E1806BE7C0
:108B100001230322C6E7A1890B4665E7A07B012854
:108B2000FAD103F00803B9E72B469AE7817370473F
:108B30002DE9F04F83B0DDE90C9ABDF83870002BB9
:108B400040D0B9F1000F3AD00F2901D1C02F39D14F
:108B5000804628201D460E4693460AF06BF80446D0
:108B6000103000F061FF18202680A4F802B00AF04F
:108B700061F8CDE9009A06466B46024603CB46F8FB
:108B80000C5B0023D8F80050D360E3607360506042
:108B900091606D6811491248A26047F002078D424A
:108BA000A780C4E9083350610FD12046FDF7A4FA2D
:108BB00020460AF036F80B4803B0BDE8F08F1AF0F3
:108BC000010FC1D16FF47A70F6E740462146A847FD
:108BD0000028EAD103B0BDE8F08F00BFF9510100D1
:108BE0008588010016FCFFFF2DE9F0471C4F044665
:108BF00088B0884616461D46FDF7F2FA3A681949CC
:108C0000A5800025A4F80A80A6812160A57312B36F
:108C1000DFF854A0CDE904A504AB93E803004FF0BE
:108C2000C0098DE80300234641461046CDF8089060
:108C30002A46FFF77DFFCDE906A508AB13E903003F
:108C40003F68CDF808908DE803002A462346384651
:108C50003146FFF76DFF204608B0BDE8F08700BF42
:108C6000B808002024440200FD88010010B5036804
:108C7000DFED2C7ADB692DED028B90ED098A04463D
:108C800028EE278A984707EE900AB8EEE76AD4EDF7
:108C9000096A94ED077AC8EE067A77EEE67AC7EEAF
:108CA000877A17EE900A07F0EFFE94ED0A6AD4ED8A
:108CB000066A94ED087AE38876EE266A07EE900A53
:108CC000F7EE005AC7EE877ADA0785EEA67A37EE16
:108CD000277AC5EE877A77EEC67AFCEEE77A14D566
:108CE0006189228A17EE903ABDEC028B9BB2C1F5E6
:108CF0007F70033001FB03F300FB02339B122382DE
:108D00002046BDE81040FDF705BEBDEC028B43F0E8
:108D10000103E38017EE903A20462382BDE810401D
:108D2000FDF7F8BD00C07F4410B5034B0360044657
:108D3000FEF738FD204610BD4844020010B5054B33
:108D400003600446FEF72EFD204609F06AFF204628
:108D500010BD00BF484402002DE9F843044699467F
:108D6000DDF82080099F0A9E0B9DFEF73FFD064A15
:108D7000C4F81890C4F81C8027626662A56222605D
:108D80002046BDE8F88300BF4844020010B5044BFC
:108D9000036000230446C380FCF7DCFA204610BDC4
:108DA0009C3C020010B5064B036000230446C380C0
:108DB000FCF7D0FA204609F034FF204610BD00BF72
:108DC0009C3C020082B000B585B0816A0DF1180CA0
:108DD00000208CE80C0081F80C0201236522072199
:108DE000684600F001FE05B05DF804EB02B0704784
:108DF00082B070B50C4684B005464968206802AC64
:108E000003C4039908AC481084E80C00CB0745BFA5
:108E10002A58029B029CD4580AAB2E1893E80300F0
:108E20008DE8030008AB0CCB3046A04704B0BDE88A
:108E3000704002B0704700BF2DE9F0410B4D056056
:108E4000002504464560884617461E46FCF714FA7E
:108E5000C4E90287064820602661A56284F82D5087
:108E600084F82C502046BDE8F08100BF9C3C0200F5
:108E7000A8440200F0B5044683B00F46002964D030
:108E8000826AD2F80832994228BF1F46DB1BC2F81B
:108E9000083290F82D30781E73B3A36A03F10801ED
:108EA0000FB303F11005D3F8FC21561CC3F8FC6185
:108EB0001378A26A03F00F0684361B1152F826209D
:108EC00045F8082CA26A8433013852F8233045F85B
:108ED000043C421C05F10805A36AE4D101EBC70775
:108EE00003F108017F1AA0681B4B056800943A46FD
:108EF0006C68A04703B0F0BDA56A05F10801002F1A
:108F0000F1D000EB400005F10E0C844405F10B0399
:108F100000E0A56AD5F8FC21561CC5F8FC61127862
:108F20008432033355F8222003F8062C150A120C5C
:108F300003F8055C03F8042C9C45EAD1A36A0330CE
:108F40000F1803F108017F1ACDE740F28D30FAF7D0
:108F5000E5FAA16A0831C6E7899101002DE9F041DF
:108F6000826AD2F808328B4238BF23F0030182B004
:108F70000646002900F08B805B1AC2F80832836A2B
:108F800090F82D50D3F8FC41890803F5047003F1E3
:108F90000802002D4CD0002900F08380283304EB18
:108FA000810554F804CB0CF00F07CCF3031E50F8E6
:108FB000277043F8207C50F82E7043F81C7CCCF3CB
:108FC0000327CCF3033E50F8277043F8187C50F881
:108FD0002E7043F8147CCCF30347CCF3035E50F8B7
:108FE000277043F8107C50F82E7043F80C7CCCF3BB
:108FF00003674FEA1C7C50F8277043F8087C50F850
:109000002C7043F8047CAC4203F12003C9D1B36A4D
:1090100002EB4112C3F8FC51B068B16A03680096D4
:1090200008315C68204B521AA04702B0BDE8F081BD
:10903000B9B3143304EB810554F804CBCCF3072EF9
:109040005FFA8CF750F82E8050F82770CCF3074E5B
:1090500047EA086743F80C7C50F82E704FEA074E39
:109060004FEA1C6C4EEA182E43F808EC50F82CC05E
:109070003F0C47EA0C27AC4243F8047C03F10C0395
:10908000DAD101EB410102EB8102B36AC2E740F29F
:109090008D30FAF743FAB36AD3F8FC5103F10802B2
:1090A000B8E72546B6E700BF89910100836A13B18E
:1090B00093F80C3203B9704765210720FCF730BEE6
:1090C0002DE9F04100F114078F420446154602D005
:1090D0003846F8F7D7FA2069194E03681B68B3427F
:1090E00021D1E06818B103681B68B34221D1A068A0
:1090F000036839461B6801229847206903681B688A
:10910000B34213D16A1E002A05DDA068036804F18A
:1091100015011B689847E06818B103681B68B342E3
:109120000AD1BDE8F08100219847DAE7012198478C
:10913000E8E700219847DAE70121BDE8F041184748
:10914000CD7901000346002908BF2C2170B503F832
:10915000141F044619460122FFF7B2FF2069094D8A
:1091600003681B68AB4206D1E06818B103681B684E
:10917000AB4203D170BD01219847F5E70021BDE85E
:1091800070401847CD790100F0B5846AD4F80472B4
:1091900085B0064687B3002104F108054FF4FA7242
:1091A000C4F804122846F9F7FFFB3B1F07F13C0007
:1091B000E21D53F8041FC1F3854102F8011F19682D
:1091C000C1F3852182F8201019688342C1F385011B
:1091D00082F86010EDD12D213046FFF7B3FFB06863
:1091E000036829461B6880229847F06820B103680D
:1091F000364A1B68934257D1D4F8001200294AD04E
:1092000096F82D20D4F8083292B9D4F8FC11002B2E
:1092100036D1F06820B103682C4A1B68934251D1C3
:10922000012364220721684600F0DEFB05B0F0BD93
:10923000B3B923684A1CB1EB430FC4F80022E8D24B
:109240006368D4F8FC1101335B08D20758BFC91A10
:10925000C4F8083258BFC4F8FC11002BD9D00FE075
:10926000D4F8FC1101F0030171B9032B24D996F84D
:109270002D303046DBB9A421FFF770FE05B0F0BDFC
:1092800001F003010029F0D0C1F104013046FFF7DD
:10929000F1FD05B0F0BD3046FFF754FFD4F80012E1
:1092A0000131C4F80012ABE701219847A4E73E2141
:1092B000FFF754FE05B0F0BD19463046FFF7DAFD62
:1092C00005B0F0BD01219847AAE700BFCD790100A4
:1092D0002DE9F047D0F8289082B004460E46154696
:1092E0001F46B9F1000F32D099F80C32002B40F034
:1092F000A08094F82C30002B40F09B800A9BC9F88A
:109300000432A36A012283F80C22A36AC3F8FC6129
:10931000A36A1D60A36A5F60A36A1744D740C3F8BD
:10932000087294F82D3053B1A36A00252046C3F883
:109330000052FFF729FF284602B0BDE8F087A26A75
:10934000D2F8083205FB03F5C2F80852ECE74FF4F7
:10935000C26009F06FFC4FF4C262A06249468046C9
:10936000F9F722FB94F82D30002B4CD008F503734D
:109370004946CA0042EAE10241EA411042EA0022BB
:1093800092B2013142EA0242102943F8042FF0D18F
:109390002C4B2820D3F8009009F04CFC804610306C
:1093A00000F042FB284BC8F80030182009F042FCBE
:1093B00026490022CDE900128646EC460346BCE869
:1093C00003004EF80C4BDA60CEF804205860996028
:1093D000D9F80010C8F80C20D1F804A01C49C8F82E
:1093E00008301220C8E908228A451A4AA8F8040061
:1093F0005A6120D14046FCF77FFE404609F011FC3F
:10940000D4F8289070E708F5037003F00F021911E3
:1094100002EB022E01EB011C02EB0E1201EB0C2100
:10942000013342EA0122B3F5807F40F8042FECD1EA
:10943000AEE7094880E748464146D0470028DFD0DC
:10944000D8E700BFB808002007006400C58D010000
:10945000F9510100F18D010012FCFFFF90F82C2062
:109460008A422BD030B5044683B00D46B9B1836A29
:10947000102101228DF8071080F82C2033B193F8C9
:109480000C321BB165210720FCF74AFC2046012263
:109490000DF10701FFF714FE002003B030BD02A953
:1094A000112301F8013D0122FFF70AFE7820FCF7A5
:1094B00011FC002084F82C5003B030BD0020704710
:1094C0002DE9F84307460B4600F1150800F1140991
:1094D0000FE03A755C7824F080052A46F8F7D2F858
:1094E0006A1C49463846FFF7EBFD220606EB0503EA
:1094F00007D41A789E1C31464046002AE9D1BDE8BF
:10950000F8835C1C705DFCF7E5FB2346F1E700BFC8
:1095100038B50446C06890B103680F4D1B68AB4274
:1095200016D1206903681B68AB420ED10A20FCF7F4
:10953000D1FB20460949FFF7C3FF002038BD206951
:10954000054D03681B68AB42F0D001219847EDE759
:1095500001219847E5E700BFCD790100684402008A
:1095600070B584B0013B089C8DF802100B44013C9F
:1095700014441D128DF804300B1211128DF8035093
:1095800026128DF801308DF80A202A238DF80C4020
:109590008DF80910044602A92B2505228DF8083004
:1095A0008DF80B608DF80050FFF78AFD20460522EC
:1095B0006946FFF785FD04B070BD00BF30B583B0CC
:1095C000130C150A14468DF805303622B123FF29F5
:1095D0008DF806508DF807408DF801108DF80020A9
:1095E0008DF80430054603D002226946FFF768FD76
:1095F0006FF07F439C4209D09DF80730FF2B28462F
:109600000CBF0322042201A9FFF75AFD03B030BDAD
:1096100010B5406882B0002304680093E468A04756
:1096200002B010BD30B5406885B00468089D019354
:109630000023029500932469A04705B030BD00BF08
:10964000014AC0E900217047C844020010B5054B2B
:10965000054A8360002304460260C380FBF77AFE5C
:10966000204610BDFC4402009C3C020010B5074B94
:10967000074A8360002304460260C380FBF76AFE4A
:10968000204609F0CEFA204610BD00BFFC4402007F
:109690009C3C0200F0B5C1682DED068B0B6887B0CD
:1096A00004461B6801A89847019D6E88761064D017
:1096B000A169B14261DC9FED47AADFED479A9FEDBA
:1096C000479ADFED478A0435B3EE048A05EB410083
:1096D000A8427CD92A46002332F9027B90423B44BF
:1096E000FAD893FBF1F12B4609B233F8022B521A48
:1096F000984223F8022CF8D82A46002132F9023B7E
:10970000002BB8BF5B42994200DA19B29042F5D8FB
:1097100007EE901AF8EEE77A87EEA97AD4ED097A87
:1097200067EE277AC7EE897A17EE900A07F020FADB
:1097300007EE900A67EE887AA269B0EEE77AB4EE97
:10974000687AF1EE10FA84BFA36AE361E38898BFF8
:10975000C4ED077AB61A9A0708D494ED077AD4EDC7
:10976000047AB4EEE77AF1EE10FA0EDC03F00403AB
:10977000BBB116B1A169B142A8DD01A800F0C6F9DC
:10978000002007B0BDEC068BF0BD01230222A188AA
:1097900002A800F029F9E38823F0040343F0020350
:1097A000E38094ED077AD4ED057AB4EEE77AF1EE32
:1097B00010FADED501231A46A18802A800F014F998
:1097C000E38823F0020343F00403E380D1E7B0EE23
:1097D0004A7AA3E70000000000FEFF46ACC5A737A9
:1097E000FFFF7F7FA0F10800FFF754BF2DE9F8438A
:1097F0000446154D0560002646600D4617461E4678
:10980000DDF82080BDF82890FBF736FDE1880F4891
:10981000666141F0010329682761802200F1080791
:1098200000262C30A060E38028464B68E560A4F851
:109830000490C4F824802760E661A26104F1080165
:1098400098472046BDE8F8839C3C0200D0440200C3
:10985000C069704790ED057A07EE901AB4EE677A0A
:10986000F1EE10FA14D090ED047AC3884161F4EE61
:10987000C77A23F00402F1EE10FAC28008DDF7EE99
:10988000006A77EEA67AB4EE677AF1EE10FA01D1AB
:109890000020704723F00603C380C0ED047A002047
:1098A000704700BF90ED047A07EE901AB4EE677A25
:1098B000F1EE10FA0FD090ED057AC28808B5F4EEFB
:1098C000C77A034622F00202F1EE10FA1961C28053
:1098D00003D4002008BD00207047B7EE007A77EE71
:1098E000C77A17EE901AFFF7B5FF002008BD00BF3A
:1098F00010B40170427043605DF8044B704700BFC4
:1099000010B483B06C4684E80C004B78A4880260E5
:1099100084809DF810202BB10488838864425B42C8
:10992000048083804B68022B2CD0032B23D0012B87
:1099300010D0012A15D0022A08D1B0F9002083885E
:109940004188018052425B424280838003B05DF8CF
:10995000044B70470388418801805B42012A4380A1
:10996000E9D10288438852425B420280438003B0BF
:109970005DF8044B70474388B0F9001041805B42AA
:109980000380D6E70188438849425B4201804380D7
:10999000CFE700BF10B584B002AC84E80C000B78B0
:1099A000009394E80C00FFF7ABFF04B010BD00BFBC
:1099B00030B50B4B1C6883B024B12268094B156885
:1099C0009D4201D103B030BD00F10802034692E888
:1099D00003008DE8030020460CCBA84703B030BD40
:1099E000B80800209D82010038B5018042800446FD
:1099F0001D46FDF7E1FDC4E9020115B12046FFF760
:109A0000D7FF204638BD00BFD0B5DDE904679DF81B
:109A1000183001800446C0E9026742800BB1FFF7AD
:109A2000C7FF2046D0BD00BF10B500230360044629
:109A3000FDF7C2FDC4E90201204610BD30B50B4B55
:109A40001C6883B024B12268094B15689D4201D17E
:109A500003B030BD00F10802034692E803008DE830
:109A6000030020460CCBA84703B030BDB808002047
:109A70009D82010082B038B5002504A90560044626
:109A800081E80C00FDF798FD04AB0FCB256184E85D
:109A90000F002046BDE8384002B0704770B505465B
:109AA000101D14460E46F2F715FF286000F01AF953
:109AB0002B685C8028682246043031461EB1BDE820
:109AC0007040F7F7DFBDBDE87040F8F76DBF00BF2D
:109AD000014B0360704700BF004502000A1E10B52D
:109AE000044604DD0021FFF7D9FF204610BD024BDC
:109AF0000360204610BD00BF0045020010B50446BB
:109B00000868206000F0B8F8204610BD10B5044683
:109B1000006800F0C5F8204610BD00BF38B5044607
:109B20000B680068984206D00D4600F0B9F8286826
:109B3000206000F0A1F8204638BD00BF10B50446F3
:109B4000006800F0ADF8204610BD00BF70B50546B6
:109B5000501D14460E46F2F7BDFE286000F0C2F814
:109B60002B685C802868224631460430F7F78AFD6E
:109B70002B681C440023237170BD00BF10B50B4639
:109B800084B0044601A91846FBF7FEFA01A809F0C3
:109B9000C7F801A902462046FFF7D8FF204604B0C7
:109BA00010BD00BF10B582B002AB0022ADF804209A
:109BB00003F8041D012219460446FFF7C7FF20469B
:109BC00002B010BD70B5054649B10B780C4633B1F3
:109BD0000846164609F0A4F8B3B2834203D9054BF0
:109BE0002B60284670BD284632462146FFF7AEFF5F
:109BF000284670BD0445020010B504460868206080
:109C000000F03AF8204610BD014B0360704700BFDA
:109C10000445020038B504460B680068984206D037
:109C20000D4600F03DF82868206000F025F8204639
:109C300038BD00BF002907DB0368B3F902208A4260
:109C400002DD0B44187970470020704710B5064BB1
:109C5000064C1846236000F00FF82046044A0549D8
:109C6000BDE8104008F0E1BF04450200BC08002038
:109C7000000000203D9B010003884FF6FF729342D5
:109C80000CD0012B10B5044601D0DA0703D41E20F6
:109C9000F9F744FC23880233238010BD704700BFCE
:109CA00003884FF6FF72934219D0012B10B504467A
:109CB00007D0DA0705D5023B9BB2012B238009D0E0
:109CC00010BD1E20F9F72AFC2388023B9BB2012B12
:109CD0002380F5D12046BDE8104000F001B8704760
:109CE000F2F748BC03230380704700BFD0E900238C
:109CF00003F10053013B10B402EBC304A24210D89D
:109D000052F8333099420CD8A21A22F007022346A7
:109D1000A21A03E053F8080D814202D893421C4670
:109D2000F8D160685DF8044B704700BFD0E90023AC
:109D300003F10050013802EBC0039A4252F83000A0
:109D400016D8814215D89A1A22F0070210B49A1A2E
:109D500003E053F8080D814206D893421C46F8D11F
:109D600018685DF8044B704720685DF8044B704735
:109D70007047704782B070B582B0044608A906A843
:109D800080E80C0003C9266865698DE8030006AB0E
:109D90000CCB3046211DA84702B0BDE8704002B090
:109DA000704700BF08B502680B689A4201D00020D6
:109DB00008BD04311022043008F060FFB0FA80F0D2
:109DC000400908BD034B083053F82000C0F30020C1
:109DD000704700BF001C004000F00F002031044A13
:109DE00040F0400042F821005368002BFCD170473E
:109DF000001C0040FF2A10B40CD90F2301E0013BE6
:109E000021D042FA03F4E407F9D5013B1AB24FF42A
:109E1000805400E0002401F00F0343F41063234357
:109E20000A4900F1080443EA024341F824300123BF
:109E30000A4603FA00F05368C3F38B030342FAD1D6
:109E40005DF8044B70474FF48054E4E7001C004079
:109E500070B4224A224ED069224B2349234C244D10
:109E600040F00400D061D0696FF34100D061107CF4
:109E70006FF302001074012272711E481E4A1C62A8
:109E80005D621C63452558633B249A6300200222CF
:109E9000C3F884504C630B46886381F8302002E09D
:109EA0001A6C900702D41A6CD407F9D50E4A0D4BE0
:109EB0004525312400200221C3F8885094641346BC
:109EC000D06482F8441002E05A6D920702D45A6DB1
:109ED000D107F9D570BC03F019B900BF00140040D8
:109EE00000080040001C004000100040070901006D
:109EF000060901000609180008090100024A9368D2
:109F000043F001039360704700600041002815D0C2
:109F1000006041608260C360046145618661C76121
:109F2000444604624C464462544684625C46C462C1
:109F3000644604636E46466374468463002906D013
:109F4000C46B043C043925680D60B442F9D1946BAC
:109F5000A646566BB546002B06D0D46B043C043B9A
:109F60001D682560B442F9D1146BA446D46AA34697
:109F7000946AA246546AA146146AA046D7699669B3
:109F800055691469D3685168106892687047006019
:109F900041608260C360046145618661C761444677
:109FA00004624C464462544684625C46C462644621
:109FB00004636E46466374468463C46B043C043990
:109FC00025680D60B442F9D1C7698669456904699D
:109FD0007047006041608260C360046145618661D2
:109FE000C761444604624C464462544684625C46FF
:109FF000C462644604636C464463744684630469C3
:10A000007047846BA646446BA546046BA446C46A9D
:10A01000A346846AA246446AA146046AA046C76968
:10A02000866945690469C368826800684168704749
:10A030000D4B03F1080103F130023C3310B5044627
:10A04000C0E9022301602C30FFF760FD04F1280015
:10A05000FFF75CFD054B236000232046E380FBF700
:10A0600079F9204610BD00BF084502009C3C020063
:10A070000E4B03F1080103F130023C3310B50446E6
:10A08000C0E9022301602C30FFF740FD04F12800F5
:10A09000FFF73CFD064B23600023E3802046FBF7DF
:10A0A00059F9204608F0BDFD204610BD08450200C4
:10A0B0009C3C02008069704738B50446094BC06972
:10A0C00093FBF1F50021B3FBF5F3A36103F0B0F8C6
:10A0D000E369ADB29D83E069012103F0A9F8002096
:10A0E00038BD00BF00127A002DE9F0465C4D0560D6
:10A0F00083B0002545600446894616461F46BDF8D4
:10A1000028A0FBF7B9F8574B236003F1340203F1A1
:10A110002801C4E90212666204F12800FFF7D8FCA6
:10A1200004F12C00FFF7D4FCD9F80030A4F804A007
:10A130001B6825742946C4E90557484698472A46AE
:10A140004846012101F0CCFF99F81030022B02D0D3
:10A150005A20F9F7E3F9444944480A6A444B42F467
:10A1600000720A624422C0F828211A7842F00102E3
:10A170001A701A78D007FCD40B9A4FF08041550022
:10A1800005F006050A224FF4007008629A815D709E
:10A190001978374A41F00201197093689907FCD485
:10A1A000334AD379DB07FCD53249334AE1610023D6
:10A1B00052F8040B8842DDB203F1010306D0062BEE
:10A1C000F6D15A201D46F9F7A9F9E069002103F0FC
:10A1D0002FF804222946012002F0BAFF0021E0698D
:10A1E00003F026F8E06903F061F8E3691A686FF399
:10A1F00083021A60E36901221A73E269136843F06B
:10A2000040031360E3691A686FF30A221A60E26977
:10A21000137943F00103394613712046FFF74CFFD1
:10A2200004F016F92062A8B104F1080104F054F911
:10A23000124B206A009301220023352104F088F993
:10A24000336830465B6804F10C019847204603B040
:10A25000BDE8F0865A20F9F761F9206AE4E700BF0B
:10A260009C3C02001045020000080040001C004019
:10A270000024004300C00141584A0200102400435A
:10A28000436923B370B5416A057C0A68013B4361A9
:10A2900082B00446136800F12C0655B101A8984716
:10A2A00001A93046FFF73AFC01A8FFF72FFC02B0E6
:10A2B00070BD0122027401A8984701A93046FFF73A
:10A2C0002DFC01A8FFF722FC257402B070BD704779
:10A2D00030B5C36A5B8883B00446C3B104F12C0572
:10A2E000294604F12800FFF719FC01A8FFF7F0FB4D
:10A2F00001A92846FFF712FC01A8FFF707FCA16A95
:10A300004B883BB900206361237403B030BDFFF775
:10A31000B7FFE3E704310022206A04F0E1F80123EB
:10A3200020462374FFF7ACFF002003B030BD00BF10
:10A330004269017C013208B5426109B9FFF7C8FFE3
:10A34000002008BDA0F10C00FFF7F2BF42690AB976
:10A3500002747047FFF7BCBFA0F10800FFF7F6BF1B
:10A3600082B070B50C4684B005464968206802ACDE
:10A3700003C4039908AC481084E80C00CB0745BF20
:10A380002A58029B029CD4580AAB2E1893E803006B
:10A390008DE8030008AB0CCB3046A04704B0BDE805
:10A3A000704002B0704700BF10B518310446FFF787
:10A3B000A5FB204610BD00BFA1F10C01FFF7F4BFC3
:10A3C0000D4B03F1080103F13402403310B504468C
:10A3D000C0E90223016000F5107004F0ABFC04F149
:10A3E0001800FFF793FB054B236000232046E38012
:10A3F000FAF7B0FF204610BDD04502009C3C020099
:10A4000010B5012984B013D0D0F828320446A3B186
:10A41000237C5BB14FF48073D4F82C22D4F83C0237
:10A42000002104F05DF80F4B5A6B5A6304B010BD65
:10A430000D4C2046FBF7A4F8FBE7D0F82C32C0F80F
:10A44000283201231A4681886846FFF7CDFAD4F8EE
:10A450002C2204F128039A4208BF04F59473C4F82F
:10A460002C32D5E700280043C8450200A0F10800BF
:10A47000FFF7C6BF0F4B03F1080103F1340240336D
:10A4800010B50446C0E90223016000F5107004F025
:10A4900051FC04F11800FFF739FB074B2360002340
:10A4A000E3802046FAF756FF204608F0BAFB204624
:10A4B00010BD00BFD04502009C3C02002DE9F04FCA
:10A4C0006F4C046085B000244460054688461746FA
:10A4D0009B46BDF83860FAF7CFFE6A4A2A6002F15F
:10A4E0002C0305F1180A3832C5E90232504605F549
:10A4F0001079FFF7EDFA05F10C01484604F0FCFB7A
:10A5000003F0A6FFC5F83C02002800F0AF804FEA38
:10A510000B12002405F128034FF40071C5F8302216
:10A52000C5F82C32E961AE80C5F820B02C74C5F8AE
:10A53000284202A8FFF7D2FA02A95046FFF7EEFA26
:10A5400002A8FFF7E3FAAB690433214648466B6281
:10A5500004F006FCD8F8003040465B6898473B683A
:10A5600021461B683846984722464046062101F09E
:10A57000B7FD22463846062101F0B2FD02F0D6FDB5
:10A580002B210120FFF728FCD5F83C023E4B00941C
:10A5900002224D2103F0DCFF05F10801D5F83C0251
:10A5A00003F09AFFD5F830723848874262D8012309
:10A5B00002E01F2A134655D05A1C90FBF2F1B94213
:10A5C000F7D25A1ED20442F00502304991FBF3F152
:10A5D0002F4BC5F830120024090929621C705A60FB
:10A5E00048F282025A622B483E221A70D0F800804C
:10A5F000B8F1000F01D00F2E03D1284605B0BDE8F9
:10A60000F08F282008F016FB07461030FFF70CFAF1
:10A6100001233E807B80182008F00CFB1E49039428
:10A620000291064602AB024603CB46F80C5BD460AF
:10A63000746050609160D8F800301849FC601220B6
:10A64000B8805161BA60C7E908445B684046394642
:10A6500098470028D1D03846FBF74EFD384608F021
:10A66000E0FACAE7B94208D90D4AB1E75A20F8F72B
:10A6700055FF4CE70B4A2346A7E70B4A1E23A4E7E6
:10A680009C3C0200D845020034280043006CDC02E8
:10A6900000280043B8080020E9A6010061A30100DA
:10A6A0000500F0000500F8FF0500E800017C01B19D
:10A6B000704708B50122032302744361D0F82C22AD
:10A6C000D0F83C024FF4807303F00AFF014B5A6B41
:10A6D0005A6308BD0028004300F5107004F02EBA3C
:10A6E000A0F10C00FFF7F8BF82B02DE9F04182B075
:10A6F00008A981E80C00D0F82832002B00F0EF8088
:10A700001D4603F580739D4204464FF00007824EBC
:10A7100000F5107800F0E080804BC4F83472C4F883
:10A72000386205F1100E2846002250F8045BE90754
:10A7300004D533F8201C0A44C4F834226910A3F16C
:10A740001E0C11F0010FC4F838C204D033F81ECC2F
:10A750006244C4F83422A3F11C0C11F0020FC4F8B7
:10A7600038C204D033F81CCC6244C4F83422A3F1BC
:10A770001A0C11F0040FC4F838C204D033F81ACC04
:10A780006244C4F83422A3F1180C11F0080FC4F885
:10A7900038C204D033F818CC6244C4F83422A3F190
:10A7A000160C11F0100FC4F838C204D033F816CCD0
:10A7B0006244C4F83422A3F1140C11F0200FC4F841
:10A7C00038C204D033F814CC6244C4F83422A3F164
:10A7D000120C11F0400FC4F838C204D033F812CC78
:10A7E0006244C4F83422A3F1100C11F0800FC4F8B5
:10A7F00038C204D033F810CC6244C4F83422A3F138
:10A800000E0C11F4807FC4F838C204D033F80ECC9B
:10A810006244C4F83422A3F10C0C11F4007FC4F894
:10A8200038C204D033F80CCC6244C4F83422A3F10B
:10A830000A0C11F4806FC4F838C204D033F80ACC83
:10A840006244C4F83422A3F1080C11F4006FC4F878
:10A8500038C204D033F808CC6244C4F83422A3F1DF
:10A86000060C11F4805FC4F838C204D033F806CC6B
:10A870006244C4F83422A3F1040C8904C4F838C239
:10A8800004D533F8041C0A44C4F83422991EC4F8D1
:10A890003812290404D533F8021C0A44C4F83422BF
:10A8A0007045C4F8383203F120037FF43EAF616A8B
:10A8B000A3698D1CA2F5004265620A80E169626AA3
:10A8C000043319448A4205460ED0D4F8283203F5E1
:10A8D00080739D427FF420AF0023C4F8283202B079
:10A8E000BDE8F04102B0704762691AB1013A626195
:10A8F0006362EAE7404604F091F9E16901A8FFF7D5
:10A90000EDF801A904F11800FFF708F901A8FFF715
:10A91000FDF8A3690433EBE74845020068450200EF
:10A92000426D137EDB07FCD591620020704700BFAB
:10A93000426D137E5B07FCD5906A704770B582B09C
:10A94000002405460E462346102200940846064978
:10A9500003F05CF8014605F13C0003F079F820466D
:10A960002E6302B070BD00BF00E1F5050A4B10B4C4
:10A9700003F1180453F8042B02F13C010AB1884298
:10A9800004D0A342F6D15DF8044B704710465DF841
:10A99000044BFCF7D9B800BFC0080020F8B5094C3B
:10A9A00006460F4604F1180554F8040B00F13C0369
:10A9B00008B19E4202D0AC42F6D1F8BD3946FCF750
:10A9C0006FF8F8E7C008002010B5034B0360044699
:10A9D000FCF772FC204610BD6046020010B5054B26
:10A9E00003600446FCF768FC204608F01AF920468C
:10A9F00010BD00BF6046020008B551B1012901D069
:10AA0000002008BD0A463C30002103F025F8002054
:10AA100008BD01223C30114603F01EF8002008BD9D
:10AA200008B551B1012901D0002008BD00223C30F9
:10AA3000114603F011F8002008BD0A463C30012100
:10AA400003F00AF8002008BD70B50446087C1546DE
:10AA500002F0FAFB0646287C02F0F6FB327A02F09E
:10AA60003F033F2B05462AD012F0C00227D1022116
:10AA700084F8362084F83510337AC3F3050384F85C
:10AA80003430DBB22A48FAF77BFD2A7A94F8343066
:10AA900002F03F0199423DD06A7A02F03F018B42B9
:10AAA0002BD05A20F8F73AFD94F8371094F8382054
:10AAB00094F834301F48BDE87040FAF761BD727AEF
:10AAC00002F03F033F2B0ED012F0C0020BD1032146
:10AAD00084F8362084F83510737AC3F3050384F8BC
:10AAE0003430DBB2CEE75A20F8F718FD94F8351071
:10AAF00094F8362094F83430C4E7C2F3811203216D
:10AB000084F8382084F83710D2B20A48BDE8704083
:10AB1000FAF736BDC2F38112022184F8382084F896
:10AB20003710D2B20348BDE87040FAF729BD00BF24
:10AB3000184602003846020070B50546164608461B
:10AB4000002295F8351001F0CBFA6B6D1A686FF39F
:10AB500041021A606B6DDC69C4F34004002CFAD129
:10AB60001A6864F34F321A606B6D95F836101A68E4
:10AB700061F311421A606B6D5A6864F302025A6005
:10AB800095F837102246304601F0AAFA6B6D1A6824
:10AB900064F34F321A606B6D95F838101A6861F3E0
:10ABA00015521A606B6D5A6864F302025A606A6D3E
:10ABB000136843F0020313606A6DD3699807FCD4ED
:10ABC000536843F4803353606A6DD3695907FCD4EA
:10ABD000536843F4003353606A6DD3695B07FCD458
:10ABE00070BD00BF2DE9F84F04460E4690F8345072
:10ABF0001746FFF729FF94F834108D422ED01F4BD3
:10AC0000DFF888A053F82190484602F095FBFF2D0D
:10AC100004F13C0815D023684FF0000BDB694AF8BB
:10AC200025B05946204698472368154ADB69934268
:10AC300020D15A465946404602F00EFF404602F0E7
:10AC400077FE4946404602F0F9FD94F834300D4A4B
:10AC50004AF823400C4B6364C4E90F323A4631464C
:10AC60002046FFF769FF216B2046FCF74DF90020D5
:10AC7000BDE8F88F012120469847DFE72400002037
:10AC800021AA01009DA901006DA90100C0080020B2
:10AC90002DE9F041142382B00C24CDE900340446A0
:10ACA0000F469046FCF718F80C4B2360FF26002354
:10ACB0004FF4E13020634246394684F83460E36360
:10ACC000204623646364A364E36423656365FFF73C
:10ACD00089FF204602B0BDE8F08100BF6046020057
:10ACE000007A7047037C03F1604303F56143490137
:10ACF000C9B283F800130020704700BF00207047DE
:10AD0000437A8B4238D3037A012B10B428D013D363
:10AD1000032B21D143698C1D03EB84035A604369E3
:10AD200018690028FCD10431012202FA01F1C9B2EC
:10AD300059725DF8044B704743690B44D2B21A77DD
:10AD4000436918690028FCD10A1D01219140C9B24C
:10AD500059725DF8044B704700205DF8044B704752
:10AD6000436901F10C0403EB440392B29A804369F6
:10AD700018690028FCD1E7E76FF47A70704700BFCC
:10AD8000437A8B423BD3037A012B10B42BD014D3DC
:10AD9000032B24D1436903EB8103DC692244DA618C
:10ADA000436918690028FCD10431012202FA01F13B
:10ADB000C9B259725DF8044B704744690C44237F53
:10ADC0001A44D2B22277436918690028FCD10A1DBF
:10ADD00001219140C9B259725DF8044B70470020BF
:10ADE0005DF8044B7047436903EB41039C8B22449D
:10ADF00092B29A83436918690028FCD1E7E76FF49F
:10AE00007A707047427A8A421FD338B50368044685
:10AE100000229B6B0D469847227A012A0DD003D35E
:10AE2000032A01D0002038BD2B1D0125626905FAD7
:10AE300003F3DBB21372002038BD2B1D02FA03F3BB
:10AE40006269DBB21372002038BD6FF47A7070470C
:10AE500010B403290DD8DFE801F020161102436970
:10AE60001A68022464F383021A6042691369002B92
:10AE7000FCD101725DF8044B002070476FF47A70CA
:10AE80005DF8044B704743691A686FF383021A60D8
:10AE900042691369002BFCD1EBE743691A6801246E
:10AEA00064F383021A6042691369002BFCD1E0E766
:10AEB00010B5044B036000230446C380FAF74AFA36
:10AEC000204610BD9C3C020010B5064B03600023D9
:10AED0000446C380FAF73EFA204607F0A2FE204659
:10AEE00010BD00BF9C3C020038B5037C09495A09DB
:10AEF0006032012503F01F0305FA03F341F8223005
:10AF0000036804465B6A98476069294602F090F935
:10AF1000002038BD00E100E010B503680446DB6A9C
:10AF200098476069002102F083F9002010BD00BF3E
:10AF300010B40346284C1A7C51090120203102F03C
:10AF40001F0200FA02F244F82120BFF34F8FBFF333
:10AF50006F8F1A7A82422ED01DD3032A0ED15A69DE
:10AF60008021517159690A695007FCD480224A71C5
:10AF700059690A695207FCD4486900E000201B7C2B
:10AF8000154903F01F0401225B09A24041F8232068
:10AF90005DF8044B70475A698021517159690A69FB
:10AFA0005407FCD480224A7159690A695007FCD4BD
:10AFB000087DC0B2E3E75A698021517159690A6975
:10AFC0005207FCD480224A7159690A695407FCD49B
:10AFD000888A80B2D3E700BF00E100E070B4104E71
:10AFE000002201234FF4FA54B4FBF3F38B42D5B2A1
:10AFF0000DD8037A012B02D001D3032B04D143696E
:10B000001A6865F30A221A60002070BC704701328A
:10B01000082A02D036F81230E6E71546E9E700BF05
:10B0200094460200B1F5FA5F01D8FFF7D7BF6FF47D
:10B030007A70704770B5264D55F820305BB3DA68EA
:10B040004AB31A682349126D8A423BD1187A012803
:10B0500027D001D303281FD15A69907AC0F300107A
:10B0600048B1507A10F0100005D0917A41F01001EB
:10B0700091725A690120917A8C0608D5517A890615
:10B0800005D5917A41F0200140F002009172DB6811
:10B09000BDE87040184770BD0020DB68BDE8704017
:10B0A00018475A69917AC1F3001149B1517A11F0E8
:10B0B000100105D0917A41F0100191725A69DAE7D6
:10B0C0000846D8E704461846904755F82430BEE7AE
:10B0D000D8080020E1AC0100037C054903F01F0003
:10B0E00001225B09824041F823200020704700BF05
:10B0F00000E100E0037C08485A092032012103F0F6
:10B100001F0301FA03F340F82230BFF34F8FBFF360
:10B110006F8F0020704700BF00E100E010B4037C97
:10B120001B4C5A090121203203F01F0301FA03F3DB
:10B1300044F82230BFF34F8FBFF36F8F037A8B42F7
:10B140001ED015D3032B06D1436900225A614269F0
:10B150001369002BFCD1037C0D4903F01F00012271
:10B160005B09824041F8232000205DF8044B7047C2
:10B17000436900221A7542691369002BFCD1EAE782
:10B18000436900229A8242691369002BFCD1E2E7ED
:10B1900000E100E0062210B511460420FEF72AFE69
:10B1A00000240120E1B20422044401F0D1FF062C66
:10B1B000F7D110BDF8B5324B03600024054644605A
:10B1C0000E461746FAF758F802202E492E4B2F74D8
:10B1D0006E616872296053F8042BB24205D00134C5
:10B1E000062CF8D15A20F8F799F9284F57F824304F
:10B1F00013B15A20F8F792F9042225482146FAF7AC
:10B20000BFF9224B002203F1180053F8041B002958
:10B2100018BF01229842F8D147F8245052B328466B
:10B22000FFF768FF0021686902F002F8304602F07B
:10B230003DF86B691A686FF383021A606A691369D3
:10B24000002BFCD101232B72337943F001033371BE
:10B250003369002BFCD14FF47A712846FFF7BEFE0C
:10B260002B7C03F1604303F56143402283F8002304
:10B270002846F8BD074802F021F8FFF78BFFCEE71C
:10B280009C3C0200C8460200584A0200D808002030
:10B29000A446020035B0010038B500F11004204684
:10B2A0000D4602F0CFF9094AA2FB053292090021AE
:10B2B000204602F0C9F90546204602F0C1F9002DEA
:10B2C000B4BF6FF47A70002038BD00BFD34D621058
:10B2D000F0B585B004AC066804F8012D9DF82C701B
:10B2E000009722461F467669012305460C46B04763
:10B2F00038B92B68009021463A46DC690A9B2846FB
:10B30000A04705B0F0BD00BF2DE9F04100F11006E7
:10B310000746304602F096F9304602F089F93B6B59
:10B320008A4C1A7C530904EBC31302F01F02134426
:10B33000012593F8402002F0FE0283F840207B6B49
:10B340001A7C530904EBC31302F01F0213440A20B2
:10B3500093F8402002F0FE0283F840203B6B1B7CF8
:10B3600003F01F0205FA02F25B1104EBC3131FFA8C
:10B3700082FC110C4CF0804C41F040419A60C3F8C3
:10B3800028C099627B6B1B7C03F01F0205FA02F256
:10B390005B1104EBC3131FFA82FC110C4CF0804CC0
:10B3A00041F040419A60C3F828C099623B6B1B7C16
:10B3B0005A1104EBC21203F01F0305FA03F35361A1
:10B3C0007B6B1B7C5A1104EBC21203F01F0305FABE
:10B3D00003F35361F9F730FE3B6B1B7C5A1104EB0E
:10B3E000C21203F01F0305FA03F393617B6B1B7C0E
:10B3F0005A1104EBC21203F01F0305FA03F3936121
:10B400004FF008087B6B1B7C5A1104EBC21203F04F
:10B410001F0305FA03F393610320F9F70DFE7B6B1D
:10B420001B7C5A1104EBC21203F01F0305FA03F34D
:10B4300053610320F9F700FEB8F10108E2D17B6BFC
:10B44000197C4B0904EBC31401F01F03E0185A10D8
:10B4500090F8403003F0FE03144443F0010380F8F9
:10B46000403094F83030C8074BBF03F00F0303F0AF
:10B47000F00343F0100343F0010384F830303B6BDA
:10B48000187C4309DB0103F1824300F01F0203F53E
:10B4900000439C18511094F8402002F0FE020B4427
:10B4A00042F0010284F8402093F83020C1074BBFDE
:10B4B00002F00F0202F0F00242F0100242F001022C
:10B4C00083F830207B6B21491A7C531101EBC313A5
:10B4D00002F01F021344002293F8400000F0FB002A
:10B4E00083F840003B6B187C431101EBC31100F063
:10B4F0001F030B4493F8401001F0FB0183F8401048
:10B500007968786B00F0ECFD0022B968386B00F0C8
:10B51000E7FD202200213046F7F746FAF968304669
:10B5200002F078F864220021304602F08DF83046AF
:10B5300002F086F8FB685A8B012161F305125A83E9
:10B54000FA68D3695B07FCD4BDE8F0810080004154
:10B550002DE9F04385B000F110089DF83040002C33
:10B560004FEA51070CBF4FF400450025814601A961
:10B57000404614461E46CDE90232ADF80470ADF8DF
:10B58000065002F0CDFA70B101A94046ADF8047042
:10B590000296ADF80650039402F0C2FA18B10530D5
:10B5A000012803D9054805B0BDE8F0834846FFF7F8
:10B5B000ABFE024805B0BDE8F08300BF0EFCFFFF04
:10B5C0002DE9F04385B0194C9DF83050002D18BF7F
:10B5D000012400F110094FEA51080746A4B2484679
:10B5E00001A915461E46CDE90232ADF80480ADF83A
:10B5F000064002F095FA70B101A94846ADF8048002
:10B600000296ADF80640039502F08AFA18B10530AB
:10B61000012803D9064805B0BDE8F0833846FFF796
:10B6200073FE034805B0BDE8F08300BF0180FFFF53
:10B630000EFCFFFF2DE9F04F8846174685B0054602
:10B6400003F076FAC5E90C87B34B2B6098F810002D
:10B6500001F0FAFD8146387C01F0F6FD99F80860AA
:10B6600006F03F033F2B824624D016F0C00F21D1B5
:10B670000223019306F03F0600939AF8083003F086
:10B680003F023F2A06D0B24204D103F0C003402B50
:10B6900000F03E819AF8093003F03F023F2A1CD0A7
:10B6A000B2421AD103F0C003402B16D10323CDE9D7
:10B6B00002331AE099F8096006F03F033F2B03D0EC
:10B6C00016F0C00F00F016814FF0FF331C465A20D1
:10B6D00001932646F7F722FF00944FF0FF331C46F4
:10B6E0005A200393F7F71AFF029499F800208B4C25
:10B6F000DFF834C28A48012302F01F0103FA01F186
:10B70000521104EBC2121FFA81FB4FEA114E4BF0AB
:10B71000804B4EF0404E9160C2F828B0C2F828E04D
:10B720009AF8002002F01F0103FA01F1521104EB14
:10B73000C2121FFA81FB4FEA114E4EF0404E4BF001
:10B74000804B9160C2F828B0C2F828E099F8002038
:10B75000511104EBC11102F01F0203FA02F28A61D7
:10B760009AF80020511104EBC11102F01F0203FAF4
:10B7700002F28A6199F800104A0904EBC21E01F036
:10B780001F02724492F8401001F0FE0182F840104E
:10B790009AF800104A0904EBC21E01F01F0272441D
:10B7A00092F8401001F0FE0182F8401099F8002054
:10B7B00002F01F01521104EBC21203FA01F11FFA49
:10B7C00081FE51604EEA0C0E40EA1141C2F828E0B9
:10B7D00091629AF8002002F01F0103FA01F1521160
:10B7E0001FFA81FE04EBC2124EEA0C0C40EA114033
:10B7F0005160C2F828C0906299F80020511104EB02
:10B80000C11102F01F0201EB020C03FA02F24A60BE
:10B810009CF8400040F004008CF840004A619AF81F
:10B820000000421104EBC21200F01F001118834007
:10B83000536091F8400040F0040081F840005361EB
:10B840000A20F9F7F9FB99F80020531104EBC31310
:10B8500002F01F021344032093F8402002F0FB0281
:10B8600083F840209AF800305A1104EBC21403F018
:10B870001F031C4405F1100994F8403003F0FB034A
:10B8800084F84030F9F7D8FB039B6B60019BAB60F9
:10B8900000994046002200F023FC0022029938461D
:10B8A00000F01EFC1F4B53F82600E860F1B201F0D7
:10B8B00043FD202200214846F7F776F8E96848461C
:10B8C00001F0A8FE48466422002101F0BDFED8B96F
:10B8D000484601F0B5FE98B9EB685A8B012161F337
:10B8E00005125A83EA68D3695B07FCD4284605B081
:10B8F000BDE8F08F0323019306F03F060093BCE6FA
:10B900005A20F7F70BFEE7E75A20F7F707FEDFE7C5
:10B910000223CDE90233E8E624470200008000411B
:10B92000000002C024000020000002406FF47D707F
:10B93000704700BF6FF47D70704700BF6FF47D707B
:10B94000704700BFC1600020704700BF10B503689A
:10B9500004461B6C9847236820465B68BDE810408E
:10B96000184700BFF0B40479A40728D5002922DBCA
:10B97000002A20DD002B1EDDB4294FF47A74A8BF05
:10B98000B42104FB01F10F4F05680F4E2D6E89089D
:10B99000A7FB017102EBD277A3EB670304FB03F370
:10B9A000890802FB013286FB0231D2172B46C2EB1B
:10B9B000A111F0BC18476FF47A70F0BC70470348CF
:10B9C000FBE700BF176CC116D34D621016FCFFFFDA
:10B9D000C08800F00500003018BF0120704700BF8C
:10B9E000037C0A495A11D20103F01F03895801222E
:10B9F00002FA03F30B4206D1C08800F00A000030BF
:10BA000018BF012070470020704700BF0080004130
:10BA1000C08810F0030018BF01207047C08800F0F4
:10BA20000C00003018BF0120704700BF03684FF4BE
:10BA30007A725B6E02FB01F1184700BFC3881B07D7
:10BA400046BF836918680148704700BF16FCFFFFB6
:10BA500008B50368084A9B6B934206D1FFF7EEFFD7
:10BA6000064BA3FB0030800908BD9847034BA3FB9E
:10BA70000030800908BD00BF3DBA0100D34D6210FF
:10BA8000036A21EA0301816081617047036A1940FA
:10BA900081604161704700BFD0B5044684B08AB26E
:10BAA000002321896846FDF79FFFA369D3E90001C0
:10BAB00050EA0102DDE9026708D0321A67EB0103A0
:10BAC0006846CDE90223FDF7B9FFA369C3E9006722
:10BAD00004B0D0BD2DE970438AB0067C054605A8A8
:10BAE00001F0E0FC74111E49E301CA18C958136A39
:10BAF00014695C4005A80C405C4006F01F0601F08C
:10BB0000D9FC0123B340EA881C4014BF012600265B
:10BB1000500608D52B68002C0CBF042105215B6D55
:10BB200028469847EA88910611D5002C4FF001036A
:10BB30004FF000084FF000092989029314BF022238
:10BB40000322CDE9008906A8FDF75EFFEA88130607
:10BB500002D5EB68304698470AB0BDE8708300BF55
:10BB600000800041A0F11400FFF7B4BFC38813F0B8
:10BB7000E00F70B504460D4635D1DE0746D5E069C5
:10BB8000002869D04378D8074CD5A369002B5ED034
:10BB9000236A002B4DD0207C4309DB0103F1824353
:10BBA00000F01F0203F500439E18511096F8402044
:10BBB00002F0FE020B4442F0010286F8402093F8A6
:10BBC0003020C1074CBF02F00F0202F0F00283F8F0
:10BBD000302004F11401206A02F05AFD0321206A8A
:10BBE00002F060FDE38823F0E003022D9BB214D045
:10BBF000032D06D0012D08BF43F08003E380002011
:10BC000070BD43F04003E380002070BD03685B68B3
:10BC10009847E0690028B5D11EE043F02003E38097
:10BC2000002070BD5A20F7F779FCA369002BAFD133
:10BC30000DE002F05DFDE3695978490802F06AFD04
:10BC400020620028A7D15A20F7F768FCA3E7082054
:10BC500006F0F0FFA0619BE7207C01F0F5FAE061BF
:10BC600000288FD15A20F7F759FCE0698AE700BF16
:10BC700000B583B004291BD8DFE801F0110A0A0AD5
:10BC8000030003689B6A9847002003B05DF804FB3B
:10BC900003689B6D9847002003B05DF804FB0368C0
:10BCA0000191DB6D98470199084603B05DF804FBEC
:10BCB0006FF47A70E9E700BFF0B4094E0181002506
:10BCC00006F108077C3607604661C580C56045718E
:10BCD0008561C0E9075502740371F0BC704700BF6D
:10BCE0004847020038B50446006A02F0CBFCA06960
:10BCF0000025256210B106F094FFA56138BD00BF94
:10BD000010B50446F9F776F9E3881A0709D5A06952
:10BD100028B106F086FFA06901F0DAF9E388002275
:10BD2000A26113F0E00F0ED1DB0606D5A06910B1B9
:10BD300003685B6998470023A3610023E380BDE8A3
:10BD40001040F9F749B92046FFF7CCFFE388EBE74D
:10BD500038B5C3889B0704460D4610D5237C03F0F5
:10BD60001F015B11DB0103F1824303F50043012254
:10BD70008A40002DCCBF9A615A61002038BDFFF780
:10BD8000BFFF217C114B4A0903EBC21201F01F01D6
:10BD90000A44012192F8400000F0FE0082F84000C1
:10BDA000227C501102F01F0201FA02F203EBC013D1
:10BDB000110C90B240F0804041F040419A6098628E
:10BDC0009962E38843F00203E380C7E70080004103
:10BDD00038B5C38803F0E10304468BB1227C5311CC
:10BDE000DB0103F1824303F5004302F01F02196AED
:10BDF000012303FA02F20A4214BF1846002038BD9C
:10BE0000FFF77EFF227C5311DB0103F1824303F530
:10BE1000004302F01F029D18012000FA02F195F87C
:10BE2000402059606179D3B211B3217C4A11D2010B
:10BE300002F1824202F5004201F01F0123F00703E4
:10BE40000A4443F0060382F840306379012B20D086
:10BE5000227C5311DB0103F1824303F5004302F01E
:10BE60001F0290409861E38843F00103E380B5E747
:10BE7000217C4A11D20102F1824202F5004201F016
:10BE80001F0123F007030A4443F0020382F8403005
:10BE9000E9E7217C4A11D20102F1824202F5004217
:10BEA00001F01F018B405361DDE700BF03799B0761
:10BEB00074D5F0B50446C06983B0002867D0C57852
:10BEC000FF2D37D0364EE38800225807ADF8062004
:10BED00035D5344C002323603146204601F084FAE6
:10BEE0000321204601F058FB0221204601F05AFBB5
:10BEF0002946204601F022FB2B46294618222046DF
:10BF000001F056FB29460DF106020223204601F0FE
:10BF10001BFB29460DF106020223204601F014FB0B
:10BF20000546204601F004FB002D35DDBDF8060076
:10BF300003B0F0BD0579FF2D2ED01B4EC3E7204680
:10BF4000FFF7DEFE217C4B09DB0103F1824301F0A8
:10BF50001F0703F50043D81903EB570390F840205F
:10BF600002F0FE0242F0010280F8402093F83020F7
:10BF7000C9074BBF02F00F0202F0F00242F01002BC
:10BF800042F0010283F830200423E380A1E7207C03
:10BF900001F05AF9E06192E70448C9E703487047A5
:10BFA000001C0043F00800200020004316FCFFFFA7
:10BFB0000379DB0721D570B5C38813F0100582B073
:10BFC000044607D0866933689B69304602B0BDE8F5
:10BFD00070401847FFF794FE182006F02BFE2289C8
:10BFE0000123CDE9005521460646FBF7C1FCE38855
:10BFF000A66143F01003E380E5E70148704700BF06
:10C0000016FCFFFF42798A420AD010B504464171FE
:10C01000FFF776FE236820465B689847002010BD36
:10C020000020704710B50446F8F7E4FFE38813F0EA
:10C03000F00F10D1DB0603D4F8F7CEFF002010BDBF
:10C040002046FFF75DFE236820465B689847F8F7B7
:10C05000C3FF002010BD2046FFF744FE227C51099B
:10C0600002F01F0303EBC11303F1824303F5004306
:10C07000012193F8402002F0FE0283F84020E18085
:10C08000F8F7AAFF002010BD70B5037C5A11D20149
:10C0900002F1824202F50042012403F01F031568F9
:10C0A0009C40254216D10E4605462146104676B9DB
:10C0B000FFF7ECFC136823420ED02846FFF720FE62
:10C0C0002B6831461B6828469847002070BDFFF753
:10C0D000D7FCEFE7002070BD004870BD12FCFFFFE9
:10C0E00070B505460C46FFF70BFE2B7C294A03F082
:10C0F0001F00012181405B1102EBC3138EB2080CBB
:10C1000040F0404046F0804699609E629862297CEB
:10C110004B1102EBC31301F01F010B4493F84010C5
:10C1200001F0FB0183F840102B7C44EA03415809DD
:10C1300002EBC012481C03F01F0422D01519DB07C4
:10C1400095F8400000F0FE0040F001004FEA640462
:10C15000C9B285F84000224409D492F8303001F089
:10C160000F0103F0F003194382F8301070BD92F80C
:10C17000303003F00F0343EA0111C9B282F83010E6
:10C1800070BD224492F8403003F0FE0382F8403044
:10C1900070BD00BF00800041C388914228BF114696
:10C1A0001B0770B504460E4633D41546FFF7A8FDAD
:10C1B000237C1A4A580902EBC01003F01F031844ED
:10C1C000012390F8401001F0FE0180F84010207C1F
:10C1D000411100F01F0003FA00F002EBC112030C42
:10C1E00081B241F0804143F040439060916214205D
:10C1F000936206F01FFD2B46A0613246217C00F0C1
:10C2000047FF0823E38010B15A20F7F787F9002091
:10C2100070BD806900F05EFFF5E700BF008000415F
:10C22000B1F5806F21D2F8B5C38813F0080317D198
:10C2300044F620621546CF1701FB03F302FB0733D8
:10C240000446A1FB0201194440F2FF32002303F02F
:10C250003BFB2A4601462046BDE8F840FFF79CBF5D
:10C2600083691D6800232A46E5E76FF47A707047FA
:10C2700003799B0708D5002903DB44F62062FFF70A
:10C280008BBF6FF47A7070470048704716FCFFFF51
:10C29000F8B5C38813F0080305D10A461946BDE86E
:10C2A000F840FFF779BF8269D2E900230C460546C2
:10C2B000E717A3FB010103FB0711002303F004FBB5
:10C2C000224601462846BDE8F840FFF765BF00BF9B
:10C2D0000123416180F844300020704708B5082AE6
:10C2E0004FF0010380F8311080F8302080F844309E
:10C2F00002D05A20F7F712F9002008BD00B5836973
:10C3000085B01A7E9107FCD51A7E520703D59A6A2A
:10C310001A7E5207FBD45A8B42F004025A83836977
:10C3200080221A76C36B33B10022C263006C984737
:10C3300005B05DF804FBB0F84820012340F2FE315F
:10C340006846FDF751FBF3E7A0F10400FFF7D6BF05
:10C350002DE9F043044685B00E4640F2FF30B4F8B4
:10C3600048100C9F90469946F9F728FB0021256854
:10C370000097CDE901114B464246314620462C69D3
:10C38000A0470446F9F79CFC204605B0BDE8F083C1
:10C3900010B4019C02B924B101945DF8044BFFF77D
:10C3A000D7BF20465DF8044B704700BF2DE9F04F22
:10C3B0008369002289B0044680F8442000F11C06FD
:10C3C000002B5AD06069DFF8F48200F095FFD4E9C1
:10C3D0000529A8FB02329509074600F0A5FFA8FB36
:10C3E00000239B092A46B14800974946F9F7C8F847
:10C3F0003046E56901F096F8EB6913F0170FFBD1B1
:10C4000094F8313003F00102EB6913F0170FFBD100
:10C410002B6823F0805343EA02732B6094F8313089
:10C42000C3F34002EB6913F0170FFBD12B6823F025
:10C43000005343EA42732B60EB6913F0170FFBD1F3
:10C440002B6843F080032B606A6894F8303022F048
:10C45000070203F0070313436B602B7B2F73EB6919
:10C4600013F0170FFBD1304601F05AF8EB6913F0C7
:10C47000170FFBD109B0BDE8F08F0369002B00F066
:10C480000E81187C00F02CFAE3688146002B00F046
:10C490000481187C00F024FAA3688246002B00F087
:10C4A000FA80187C824F00F01BFA00250494039058
:10C4B000544617F8012B002A40F0BB802946484615
:10C4C00000F034FAB0F1FF3F804600F0B280294618
:10C4D000204600F02BFAB0F1FF3F834600F0A98020
:10C4E0002946039800F022FA431C059000F0A18031
:10C4F000B9F1000F00F0E48009EB0802039B92F809
:10C5000008A04FEA9A1A002B76D0039B059A9A1836
:10C51000127A9109002C00F0138104EB0B02127ABD
:10C52000930907935046069100F058FF069900289A
:10C530007FD0504600F048FF03287ADC079B049C1C
:10C540001F05D94607F440174FEA004A594B584A8D
:10C5500053F82500A0610123E9B2535500F0ECFE29
:10C560000023E3617360B360F3603361A169304617
:10C5700000F0C2FF002840F0DE80A269D36913F00A
:10C58000170FFBD1136823F4403343EA0A03136007
:10C59000A269D36913F0170FFBD11368464823F43F
:10C5A00040131F43176000F0A7FE0146304600F01D
:10C5B000BBFF002840F0BA80206938B1B8F1000F05
:10C5C00014BF032102210022FFF78AFDA06838B1C1
:10C5D000059B002B14BF032102210022FFF780FDE1
:10C5E000E068002851D04B46002B14BF03210221E4
:10C5F0000122FFF775FD21E0002C00F0A58004EB7F
:10C600000B025046127A9309079300F0E7FE80B1BF
:10C610000022CDF8188090465FFA88F1504600F06D
:10C62000D3FE032808F1010840F39C80B8F1040F01
:10C63000F2D10135062D7FF43CAF049CA369002B99
:10C6400061D0E36823B301F003FFA369A063A91CD1
:10C650004900002201F0FE012833009201F078FF2A
:10C66000A768F7B101F0F4FEA3696063690003F104
:10C670002802053100230092C9B21A4601F068FF72
:10C68000211D606B01F028FF9CE6A369002B3AD0C6
:10C690000023A363E4E7762004E77620FAE6762019
:10C6A000F0E65A20F6F73AFF67638BE6C8470200C8
:10C6B000040A00202400002090D00300D34D621013
:10C6C000039B2BB3039B059A9A1892F808A04FEA94
:10C6D0009A130693002C41D004EB0B02127A9309B3
:10C6E00007934FF0000A5346C24698465FFA88F017
:10C6F000069900F069FE032808F1010835DDB8F15C
:10C70000040FF3D195E740F28730F6F707FF98E77B
:10C71000A246D946049CBAF1000F28D00AEB0B03BD
:10C72000DDF80CA01F7ABF093F050FE740F2863005
:10C73000F6F7F4FE40E740F28530F6F7EFFE1CE72F
:10C740004FF0FF330793EDE6504600F047FE002818
:10C750003FF46FAF4FF0FF33079359E74FF0FF33CC
:10C760000793BEE7DDF81880E8E6D046E6E64FF42A
:10C770004017EBE62DE9F0440F4682B090F84410E4
:10C78000089D044616469A4681BB02AB002203F878
:10C79000012D9F4218D29A4516D2099AA369E263E5
:10C7A0000A99216405221A7696B915BB5A20574674
:10C7B000F6F7B4FE606B33463946002201F090FE76
:10C7C000002002B0BDE8F0845A20F6F7A7FEE4E7A7
:10C7D000002DEFD0AE4202D05A20F6F79FFE2B4636
:10C7E00052460021A06B01F07BFEE3E7FFF7DEFD80
:10C7F000CBE72E465746F2E770B50022054680F893
:10C80000461080F8452055F8462B836BD6680E4AB3
:10C8100082B0044683B196424FF0010200F1450315
:10C82000294600920ED1FFF793FD0028ACBF94F883
:10C830004500064802B070BD9642009329464FF06D
:10C840000102F0D0B047F0E791C301000AFCFFFFFE
:10C8500038B5007C00F044F8002405462B7A99098D
:10C8600003F03F033F2BE0B203D000F0ADFD0328FF
:10C870000FD9697A01F03F033F2B05D08909E0B257
:10C8800000F0A2FD032804D90134042CE6D10020D5
:10C8900038BD012038BD00BF70B50F4D044605F10D
:10C8A00008002835C4E902122361C4E90005FBF73A
:10C8B000D7FF08260023094D26860121E361236264
:10C8C0006362A362E362A4F84800656184F84410DF
:10C8D000A361204670BD00BFF847020090D003005E
:10C8E00076281ED010B5104C2378762B0DD09842A8
:10C8F00015D02346002101E082420BD09A7A762A95
:10C9000001F1010103F10A03F6D15A20F6F706FE00
:10C91000002010BD01EB810104EB410010BD204659
:10C9200010BD0020704700BF3C48020078B1037A78
:10C9300003F03F03994208D0407A00F03F00814263
:10C940000CBF01204FF0FF307047002070476FF0A0
:10C9500001007047F8B5836813B3C2681378D9062D
:10C96000044603F00F001CD41E491F4D0B5C1F4FE3
:10C97000013B0B54137803F00F005B092E5C93FB13
:10C98000F6F506FB15363B5C0125B54023EA0503A9
:10C990003B54137803F00F03C95C89B10023A360F3
:10C9A000F8BD134B53F820500021284600F040FCFE
:10C9B0002B6843F001032B60284600F041FCEDE7B3
:10C9C0000C480D4A50F8235042F82310284600F036
:10C9D00065FC2B6843F001032B60AB68DB07FCD4DC
:10C9E000DCE700BF0C0A00202C480200280A0020C7
:10C9F000584A0200704A0200140A0020D0E90232AC
:10CA0000002B3AD070B51478E30604F00F0513D567
:10CA10001B4B1C4853F825201B4B02FB01F2A0FBCB
:10CA2000021253F82530C2F3CF321869C0F3C01098
:10CA30000028FAD15A8670BD144B53F825004FF6E2
:10CA4000FF720023A1FB000102F03EFF104A114BD0
:10CA5000525D53F82510640994FBF2F302FB134472
:10CA600001220646A2408B68C3F3052313EA0200A5
:10CA7000F9D11C3441F8246070BD6FF06300704739
:10CA8000F408002001800080584A02000C090020B0
:10CA90002C480200704A02002DE9F04F4C79816069
:10CAA0008BB004F00F049DF850500395052C0574CD
:10CAB00005D98D7905F00F05042D00F2EB80BB4DF3
:10CAC0005E1EAE4200F2CF819B46039B0592029010
:10CAD0000E46002B00F0C1800025A8464FF0010E45
:10CAE0000023DFF8E4920493771905EB0E037879BD
:10CAF0005BB2C0F30010D9B210B9042C00F2D3809D
:10CB00007A79019212F0100A40F0D78059F8242067
:10CB1000D2F800C01CF0020F40F0C580002840F0A1
:10CB2000C280A34A12F804A0A24A125D0692019A9A
:10CB3000520992FBFAFC0AFB1C2A4FF0010C069AE0
:10CB40000CFA0AFA1AEA020A40F0AD800535022909
:10CB5000354400F26981002D00F0A880BAF1000F81
:10CB600040F0F480944B089310238DF824300AABE6
:10CB70002344012113F8083C9940904ADFF84CC245
:10CB8000002332F8029FBCFBF9F9B9FBFBF909F16C
:10CB9000FF3989455FFA83FA03F1010302D3082BB9
:10CBA000EFD19A462146002200F0D2FA7B7913F0A9
:10CBB000100103F00F0300F00D818149814A41F813
:10CBC000239052F82340236843F001032360236835
:10CBD000D907FCD4002120464FEA0A2A00F028FB9E
:10CBE0001FFA89F903210AF4E0630022236020463A
:10CBF0002173A4F830900121628600F019FB029B9A
:10CC0000DD6030784309DB0103F1824303F5004323
:10CC100000F01F015C1808F1040894F8402002F0AD
:10CC2000FE0242F00102490884F84020C2075FFA80
:10CC300088F80B447CD493F8302008F00F0802F0F9
:10CC4000F00242EA080883F8308005990298FFF75D
:10CC5000D5FE00200BB0BDE8F08FDFF874E15A4F2D
:10CC6000DFF850A1D8469C46A34662465EF82210E3
:10CC7000531C41455FFA83FC34D01A46DBB2052BC6
:10CC8000F4D1C346F479022504F00F04A8464FF00E
:10CC9000FF3E25E7CD7905F00F05042D7FF60FAF98
:10CCA0004FF0FF30D6E7022900F2C180F218884623
:10CCB00054791D4604F00F0416E7052CF3D8414AB9
:10CCC00052F82420D2F800C01CF0020F04D1019ABF
:10CCD00002F0E002202A36D0022900F2B2800122BE
:10CCE0000492E3E75846002319466346DC469B4618
:10CCF000CDB26B1C8242DBB20CD170184079C406F5
:10CD000008D4042A06D857F822402468C4F3400403
:10CD10000194F4B9032B05D033440131587900F064
:10CD20000F00E5E75B46052BE3469C469DD1A8E74F
:10CD300093F8302002F00F0242EA08185FFA88F8F0
:10CD400083F8308081E701220492FFE64FF48031BE
:10CD500013E7C406DED41AF80240049444091448C8
:10CD60000694805C0790069C94FBF0F0814607983F
:10CD700000FB1940019C04FA00F9049C14EA090F15
:10CD80004846C7D15C46E346A446049C05310443AB
:10CD9000032B31440AF8024068D1BCF1050F6CD076
:10CDA00000293FF462AFA8460D4628E77F8D5B005F
:10CDB0002C480200280A002018181010464A0200C9
:10CDC000F4080020584A0200704A0200000E2707AB
:10CDD000140A00202C482D4A50F8234042F8239092
:10CDE000204600F05BFA23686AF30A232360236C71
:10CDF00069F317032364E36B022262F30203E36324
:10CE00002046012100F04AFA7B792149214803F0AC
:10CE10000F03CA5C40F823B00132CA54039A9AB196
:10CE20001D4AFF21D154EAE6002D7FF497AE049B02
:10CE3000002B0CBF6FF003006FF002000BB0BDE8D9
:10CE4000F08F6FF0020005E714497A79CC5C124844
:10CE5000520992FBF4F104FB1121C45C01228A40C7
:10CE60002243C254CBE66FF00100F3E600299AD1C9
:10CE7000F118487900F00F0036E7C346A8460D4682
:10CE800000297FF4BCAEFDE6704A02000C090020C8
:10CE90000C0A0020140A0020280A00202C48020056
:10CEA00038B5C5682B78D90603F00F0424D41E4981
:10CEB0001E4A51F82400155D016B5B09C1F3054161
:10CEC00093FBF5F205FB123341FA03F2D2070FD4BC
:10CED000103300EB83035868154A4FF6FF7352F87E
:10CEE0002420A0FB0301002302F0EEFC80B238BD39
:10CEF0001C3350F82300EFE70E4B53F82440204634
:10CF000000F09EF92B780C495A090C3204EB4204CC
:10CF100003F00F03A08851F82330C0EB0040B0FBB2
:10CF2000F3F080B238BD00BF704A02002C48020006
:10CF30000C090020584A0200F40800204D4B4A1EFC
:10CF40009A4200F293802DE9F047D0F80C804A4BCA
:10CF500098F80020064612F0100F48480CBF4FF01A
:10CF600080724FF48032002533F8024FB0FBF4F4A6
:10CF7000B4FBF1F4013C94425FFA85F957D30135D3
:10CF8000082DF1D13046FFF78BFF98F8003013F0F1
:10CF9000100F824603F00F0325D1394A52F823704F
:10CFA0003B68A9460021384600F078F93B6869F3F0
:10CFB0000A233B600121384600F070F998F80030F0
:10CFC00003F00F032F4A42F82340BB68002BFCD12B
:10CFD000FB6E64F31703FB6651463046FFF70EFD08
:10CFE0000020BDE8F087284A52F823703B680025EE
:10CFF0000021384600F01CF93B6865F30A233B60CA
:10D000000121384600F014F998F8003003F00F03BE
:10D010001E4A42F823403B69002BFCD1A4B23C8657
:10D0200051463046FFF7EAFC0020BDE8F087304665
:10D03000FFF736FF98F8003013F0100F824603F028
:10D040000F030AD0104A52F823703A68C2F3022242
:10D050004A45DDD005F00705CAE7094A52F82370B2
:10D060003A68C2F302224A45ACD09BE76FF0010058
:10D07000704700BF7F8D5B00464A0200000E270705
:10D08000704A02000C090020584A0200F4080020EF
:10D0900070B50446002582B0C4E90032A560E560A1
:10D0A0002561C8B2FFF71CFCD4E9005201260146F5
:10D0B00000962046054BB3FBF5F3C2EB0242B2FBF0
:10D0C000F5F292B2FFF7E8FC02B070BD40420F00EB
:10D0D000FFF740BC38B50368934205460C4607D0BD
:10D0E00009490260B1FBF2F1FFF728FF58B92A683D
:10D0F0006C602846C4EB0444B4FBF2F1BDE8384050
:10D1000089B2FFF77BBC38BD40420F0070B5064EB8
:10D110000024E5B22846FCF755FE013400B1357015
:10D120000C2CF6D170BD00BF030A0020074A08B5D9
:10D13000136A43F4806313622B210520FCF74CFE35
:10D140002C210520BDE80840FCF746BE0008004041
:10D15000A8B1334B5B5C07290AD8DFE801F004373C
:10D160003D43494F555B2F48416941F4804141613E
:10D1700020332D4942F0400241F8232070472B4BC9
:10D180005B5C0429F4D8DFE801F0090F151B0300EC
:10D190002448016A41F010010162E9E721488169F0
:10D1A00041F400618161E3E71E48816941F48051E7
:10D1B0008161DDE71B48C16941F00801C161D7E722
:10D1C0001848C16941F01001C161D1E715484169B2
:10D1D00041F400414161CBE71248816941F40051BB
:10D1E0008161C5E70F48816941F480418161BFE7F2
:10D1F0000C48C16941F02001C161B9E70948C16922
:10D2000041F04001C161B3E70648016A41F02001E5
:10D210000162ADE70348016A41F040010162A7E7FE
:10D220002448020000080040001C0040344802006E
:10D23000036861F34103036003699B07FCD47047F3
:10D240000369002BFCD170470E4B30B41C68002CD6
:10D250000DDD0D4D2B78834212D02A46002303E0CA
:10D2600012F80A1F814205D00133A342F8D10020F1
:10D2700030BC704703EB830305EB430030BC7047C1
:10D280002846F5E7444A02003C480200704700BFC8
:10D29000014B1B68184700BF20000020036861F3A2
:10D2A0004103036083689B07FCD47047036843F025
:10D2B000010303600368DB07FCD47047014B18606F
:10D2C000704700BF200000200020FFF7E1BF00BF33
:10D2D0000120FFF7DDBF00BF0220FFF7D9BF00BF6D
:10D2E0000320FFF7D5BF00BF0420FFF7D1BF00BF69
:10D2F0000520FFF7CDBF00BF400007EE900ADFED2D
:10D30000096AB8EE677AC6EE877AB6EE007A77EEEB
:10D31000C77AFCEEE77A17EE900AFF2828BFFF20B5
:10D32000C0B2704720BCBE4C0130024B400093FBA2
:10D33000F0F0704700E1F5051F4A204B525C5B5C42
:10D340001F482032203330B44625432440F8225071
:10D3500040F82340052909D8DFE801F00A11181F19
:10D360002603184A136A43F00203136230BC704765
:10D37000144A536943F48053536130BC7047114AD7
:10D38000536943F40053536130BC70470D4A9369AD
:10D3900043F40073936130BC70470A4A936943F4C5
:10D3A0008063936130BC7047064A136A43F00103FF
:10D3B000136230BC704700BF844A02008C4A0200EE
:10D3C000001C004000080040012805D129B10329B4
:10D3D00014BFFF2002207047FF207047A0F101001A
:10D3E000B0FA80F04009704738B52A4B99420C4694
:10D3F00039D0294B994202462BD0104621460022B3
:10D4000000F094F84FF080131868C0F3C242C0F3E4
:10D410008255C0F30240B4F8481021F4E0610904D9
:10D42000090C41EA0221A4F84810B4F8482022F07F
:10D4300070021204120C42EA0512A4F84820B4F853
:10D44000483023F007031B041B0C0343A4F84830A7
:10D4500038BD124912480B6A412543F480730B62B0
:10D46000C0F82451C9E70D4A0D4D136A43F08003FB
:10D4700013624123C5F82031002200F057F84FF025
:10D4800080131868C0F34212C0F30225C0F3820073
:10D49000C1E700BF001C004300200043000800401B
:10D4A000001C0040EFF31083036072B6BFF35F8F80
:10D4B000704700BFBFF35F8F036883F31088704726
:10D4C00000B585B000230191083801A9CDE90232E9
:10D4D00000F000FE05B05DF804FB00BF00B585B0AC
:10D4E00000230291083801A90392019300F0F2FD94
:10D4F00005B05DF804FB00BF10B50160044600F004
:10D500003DFD002807DB044A044BC4E902324FF416
:10D5100000412182002010BDDDD40100C1D40100F2
:10D5200000F0AEBD00F0BCBD00F0CABD00F078BE9A
:10D5300008B500F079FE002008BD00BF08B500F076
:10D5400085FE002008BD00BF2DE9F0470D461746B7
:10D550009A46044600F084FE002680461FFA80F9B1
:10D56000204600F08DFE2946204600F083FE00286C
:10D57000F9D02946204600F08FFEB8F1010FB855CA
:10D5800002D9BB19000A58704E44B6B25645E7D3CB
:10D590003046BDE8F08700BF08B500F081FE0020EE
:10D5A00008BD00BF08B500F07FFE002008BD00BF29
:10D5B00008B500F08BFE002008BD00BF10B584B098
:10D5C00014460391028902944FF4004301A91438D0
:10D5D000ADF80420ADF8063000F0A2FA002808BF2C
:10D5E000204604B010BD00BF10B584B014460391AE
:10D5F0000289029448F2010301A91438ADF804200D
:10D60000ADF8063000F08CFA002808BF204604B0C0
:10D6100010BD00BF10B5044600F042FA18B9024A26
:10D62000024BC4E9053210BDE9D50100BDD50100AA
:10D6300010B5044600F038FA08B9C4E9050010BD79
:10D6400000F044BA00F062BAE7F78EB910B5846909
:10D65000227ED107034608D5A27DD20705D5012237
:10D6600003682275BDE810401847227E900709D54F
:10D67000A27D910706D50222227518469A68BDE858
:10D6800010401047227E52070AD5628B02F0370203
:10D6900092B9A16A5A68C9B21846BDE8104010474D
:10D6A000227ED20907D0184680232376C368984784
:10D6B000638B9BB2638310BDFF23638310BD00BFE8
:10D6C00070B5044682B00E46E3699807FCD1256820
:10D6D0006D08E3699907FCD1236823F002032360F6
:10D6E00001A8FFF7DFFEE3699A07FCD4B6B2A68172
:10D6F00001A8FFF7DFFEE3699B07FCD123686D00FB
:10D7000023F0020305F002051D43256002B070BD41
:10D7100070B4104D104E0FCD87B06C460FC495E815
:10D7200003006B4684E80300002053F8042BB24248
:10D7300007D001300628F8D14FF0FF3007B070BC99
:10D740007047C0B210F1FF3018BF4FF0FF3007B084
:10D7500070BC7047944A020000340040F8B505469A
:10D760000C46FFF7D5FFC0B2E369DF07FCD4E369DD
:10D770009E07FCD1236899072CD4E369DA07FCD40F
:10D78000236843F001032360E369DB07FCD4460010
:10D790001249321801EBC202D2E901372360C3F308
:10D7A0000163012BD2686760E26094BF0027012704
:10D7B000AB81E36913F00403FBD1626A304401EBEF
:10D7C000C00122F48042498A42EA873262621846E6
:10D7D000E981F8BD6FF01000F8BD00BFAC4A02004F
:10D7E0000346DA69D207FCD4DA699007FCD11A68DB
:10D7F00091071CD410B4DA69D207FCD41A6842F03D
:10D8000001021A60DA6912F00102FBD109491960BC
:10D81000094C4FF440304FF62E7158609C60104612
:10D8200099819A735DF8044B83F8302070476FF04C
:10D830001000704704001040020070002DE9F04114
:10D84000804686B008460D46FFF7CAFF044600280A
:10D8500051D1324BC8F818509D4257D003F5806320
:10D860009D4250D02E4B9D4252D003F500539D4215
:10D8700051D0B5F1864F08D02A4B9D4208BF4FF0DA
:10D88000050E04D0C0F80080FFDE4FF0040E264FD6
:10D89000DFF898C00FCF6E460FC697E803000CEB79
:10D8A000CE0C86E80300DCF804306A46C3F800803A
:10D8B000002352F8041BA94221D00133062BF8D1D2
:10D8C0002E23181DC0B201255A09920002F16042B0
:10D8D00002F5614203F01F0105FA01F1C2F8801060
:10D8E000BFF34F8FBFF36F8F0133DBB28342C2F8B8
:10D8F00080111160E8D1204606B0BDE8F0819B00A0
:10D900002E33DBB2DDE74FF0010EC0E78646BEE7FF
:10D910004FF0020EBBE74FF0030EB8E700300040B7
:10D920000020014100040043944A0200C44A02005E
:10D9300070B42F4D06460FCD87B06C460FC495E8E6
:10D94000030084E80300B0696A46002352F8041B10
:10D9500081423ED00133062BF8D14FF4804201239F
:10D960002033244941F82320BFF34F8FBFF36F8F3B
:10D97000B269D3699B07FCD1136823F002031360DB
:10D98000D36913F00103FBD111681B4841F0010179
:10D990008242116014D019498A4223D018498A4220
:10D9A00022D001F500518A4220D0B2F1864F06D034
:10D9B00014498A4208BF052302D01B60FFDE0423FE
:10D9C000114A02EBC30300225B681A6007B070BC07
:10D9D00070479B002E335BB203F01E0101225B09EE
:10D9E0008A40BDE70123EBE70223E9E70323E7E7EA
:10D9F000944A020000E100E00030004000340040A2
:10DA00000020014100040043C44A020038B59DF8DB
:10DA100010502BB1012B0DD0022B13D0002038BD9C
:10DA2000144624040A46A4FB000101F04DFF4042C5
:10DA300080B238BDB1FBF0F1B1FBF2F000EB453044
:10DA400080B238BDB1FBF0F04008013880B238BD7B
:10DA50008069FFF735BE00BF11F0FD0F04D001292A
:10DA60000DD0032910D07047836901211AB9022211
:10DA700019751A757047022299759A7570478369EE
:10DA80003AB904221A75704783692AB180229A75BF
:10DA9000E9E704229A75704780221A75704700BF23
:10DAA0000161FFF75BBE00BF0369DA699207FCD131
:10DAB0001A6822F002021A60D86910F00100FBD146
:10DAC0001A6842F001021A60704700BF10B403697F
:10DAD000DA699107FCD11A6842F002021A604FF627
:10DAE000FF711024D86910F00400FBD15A8BC2F3E7
:10DAF0000112012A07D001390029F3DCDA69520743
:10DB0000FCD45C83EEE75DF8044B70470369D86989
:10DB100010F00300FBD11A6822F002021A6070476D
:10DB20004388DB05F0B4046900F19E814B8843F41F
:10DB300080734B8005460E4607C9012985E807001A
:10DB4000236800F02E81E3695907FCD4636823F44D
:10DB50008023636029884A054FEA41033AD46888E4
:10DB6000626ADBB200F00100034302F48042134317
:10DB70006362237EA24ADBB203E0237E013ADBB27A
:10DB800001D09807F9D02068E2695207FCD4628B73
:10DB9000DF0792B230D5970740F10E81012323763B
:10DBA0006B8843F480536B806B8823F480731B0471
:10DBB00012F0010F4FEA13436B800CBF6FF00300AC
:10DBC0006FF004006B8823F480731B041B0C6B80C4
:10DBD000F0BC70476A88D70703D56A8842F4806230
:10DBE0006A80626A40F2FE7002F4804242F40042AF
:10DBF000034013436362BCE79B0721D56B68002B8E
:10DC000000F05481570700F15181013B6B60C0F374
:10DC1000C060002B40F0E280002800F0E5806B88B7
:10DC2000190400F1EF806B8823F480731B041B0C34
:10DC30006B80AB68A16A581C0222A860197022761A
:10DC4000002002274FF0010C6B88DA05C0D5296946
:10DC50006B4A0B7EDBB203E00B7E013ADBB279D07C
:10DC600013F0030FF8D02168E2695207FCD4628BED
:10DC700013F0010F92B216D093074DD584F818C057
:10DC80006B8843F480536B806B8823F480731B0490
:10DC900012F0010F4FEA13436B800CBF6FF00300CB
:10DCA0006FF00400D0E713F00200CDD06B68002BBA
:10DCB00000F0DD80520700F1DA80013B6B60C1F3B8
:10DCC000C0618BB9A1B16B881B041DD46B8823F490
:10DCD00080731B041B0C6B80AB68A26A591CA96083
:10DCE00000201A702776AFE7012BF5D10029F3D079
:10DCF000E2695007FCD4626842F480226260002B23
:10DD0000EAD16B881B04E1D5E3695907FCD4636849
:10DD100043F440336360D9E712F0040040F0AB8075
:10DD20006B8813F480632AD16868002840F08B80E8
:10DD30006B881B0406D46B8823F480731B041B0CB4
:10DD40006B8081E7E3695907FCD4636843F440338F
:10DD50006360F0E773881B0409D46B8823F4807335
:10DD60001B041B0C6B806FF00400F0BC7047E36970
:10DD70005907FCD4636843F440336360EDE7626A9B
:10DD80002B8802F48042DB0942F0F10203F0060323
:10DD9000134363626B8823F480631B041B0C6B804A
:10DDA00052E71F017FF5CFAEE3695807FCD46368E3
:10DDB00043F480236360CDE653077CD46B88580519
:10DDC00030D46B68002B47D16B88190422D46B8840
:10DDD00023F480731B041B0C6B8031E7012B7FF451
:10DDE00028AF00283FF425AFE2695207FCD46268EF
:10DDF00042F480226260002B3FF411AF19E700BFAC
:10DE0000FFFF3F00E3695B07FCD4636843F44033E2
:10DE1000636008E7E3695A07FCD4636843F440335E
:10DE20006360D4E7626ACB0902F4804203F0060320
:10DE300042F0F102134363626B8823F480631B0496
:10DE40001B0C6B80FCE6AA68411E12F8010BA06255
:10DE50001846C5E90112F7E6AA6812F8011BA1628B
:10DE6000013BC5E90132EBE66FF00500B0E627762D
:10DE70006FF00100E8E66B68002B03DD6B8843F46C
:10DE800080536B806B88190408D46B8823F48073EB
:10DE90001B041B0C6B806FF00100D5E6E3695A0789
:10DEA000FCD4636843F440336360EEE702232376D7
:10DEB0006FF0010086E66B68002B03DD6B8843F48E
:10DEC00080536B806B881F0408D46B8823F48073A5
:10DED0001B041B0C6B806FF0010073E6E3695E07A7
:10DEE000FCD4636843F440336360EEE7014B186889
:10DEF000FFF7ACBB20090020FFF7F8BFFFF7F6BF24
:10DF0000FFF7F4BF014B1868FFF7A0BB24090020FE
:10DF1000FFF7F8BFFFF7F6BFFFF7F4BF014B186834
:10DF2000FFF794BB28090020FFF7F8BFFFF7F6BF03
:10DF3000FFF7F4BF014B1868FFF788BB2C090020DE
:10DF4000FFF7F8BFFFF7F6BFFFF7F4BF014B186804
:10DF5000FFF77CBB30090020FFF7F8BFFFF7F6BFE3
:10DF6000FFF7F4BF014B1868FFF770BB34090020BE
:10DF7000FFF7F8BFFFF7F6BFFFF7F4BFF0B53D4F6F
:10DF8000DFF8F8C006460C460FCF87B06D460FC5C8
:10DF900097E8030085E803006A46002352F8041B53
:10DFA000614558D00133062BF8D10022E369DF0721
:10DFB000FCD4E3699D07FCD12368980755D4E36935
:10DFC000D907FCD4236843F001032360E369DB072E
:10DFD000FCD41001284B3460811819448C4691F808
:10DFE0000DE05CF8045B25F4817705F01C05082D35
:10DFF000DCF800C027F001071BD02CF4383525F4DD
:10E000001075097B276045F400356560217384F83D
:10E0100030E0024413441CF0070F9A7BDB7B14BFF3
:10E020000221012142EA0323F3803171002007B06D
:10E03000F0BD2CF4083525F4107545F400358968D9
:10E04000276045F410756560616284F830E0E1692D
:10E050000029FCD1DDE7DAB253B1032A08BF01225F
:10E06000A4D06FF00C0007B0F0BD6FF01000DEE739
:10E070001A469BE7944A0200F44A0200003000402E
:10E080000368DA69D20708D4D86910F00300FBD11D
:10E090001A6842F002021A6070476FF0030070477E
:10E0A0000368DA69D20708D4D86910F00300FBD1FD
:10E0B0001A6822F002021A6070476FF0030070477E
:10E0C0000368D86910F0010006BFC9B219736FF078
:10E0D00003007047F0B50468D1F800E0E3694E68CA
:10E0E00090F804C05A0747D1E26912F00302FBD14D
:10E0F00023689B0743D51546237EDBB25F0720D4F8
:10E10000AA4210D8DF070ED5C788BEF1000F08D08D
:10E11000BCF1010F9EF800708CBF3EF8027B0EF13F
:10E12000010E0132A7621F0619D48B689342E3D80F
:10E13000AB42E1D8237E9B07104617D003232376FA
:10E14000F0BDA76A3EB1BCF1010F377085BF3F0A31
:10E150007770013602361F0605F10105E5D54FF649
:10E16000FF72802362836FF012002376237E9B0769
:10E17000FCD003232376E3E76FF00300F0BD6FF0DC
:10E180001300F0BD10B4036B9B07FCD10288C2F3EF
:10E190004002036B9C07FCD1038823F002031B049D
:10E1A0001B0C0380036BC3F30B03002BFAD1037A20
:10E1B00001F00F0403F0F0012143017232B1036B4F
:10E1C0009B07FCD1038843F0020303805DF8044BF6
:10E1D000704700BF03461A6BD207FCD41A6B900736
:10E1E000FCD11A88910718D41A6BD207FCD41A886C
:10E1F00042F001021A801A6B12F00102FBD1DA80A0
:10E2000010461A729A709A809A72DA729A81DA813A
:10E210001A825A82DA701A8070476FF010007047C5
:10E2200001600846FFF7D6BF03681A6B9107FCD15F
:10E230001A8822F002021204120C1A801A6BD207FA
:10E24000FCD41A8842F001021A8070470268136BEE
:10E250009B07FCD1138843F002031380704700BF73
:10E260000368DB88C3F3C103032B0CBF012002202A
:10E27000704700BF036893F82E0000F0010070475C
:10E280000268136BC3F30B03002BFAD1137D43F029
:10E2900002031375704700BF0368B3F8400070476E
:10E2A0000068FFF76FBF00BF0268136BC3F30B0377
:10E2B000002BFAD1D38823F01803C9001B0401F006
:10E2C00018011B0C0B43D380704700BF0068036B21
:10E2D000C3F30B03002BFAD1838823F01F031B0425
:10E2E00001F01F011B0C0B4392B28380036BC3F33D
:10E2F0000B03002BFAD1838823F4F85312021B047A
:10E3000002F4F8521B0C13438380704738B5174B47
:10E310001A8C02F01F021401234493F84E1011F0DE
:10E32000010112D00121124883F84E1050F822004A
:10E3300018B183680BB100F0BBF804F1824303F518
:10E340002043002283F84E2038BD93F84E0080070A
:10E35000F3D50225064883F84E5050F822000028D5
:10E36000EBD08368002BE6D1E7E700BF00A00041B7
:10E3700038090020FFF7CABFFFF7C8BFFFF7C6BFC5
:10E38000FFF7C4BFFFF7C2BF0207F8B5044602D0CB
:10E3900001300307FCD1C4F810014FF48072002152
:10E3A000F4F702FB194A1A4811881A4B6FF341011E
:10E3B0001180016941F40071016101264FF470651B
:10E3C0000021168015805180D4F8101180315163DE
:10E3D000D4F810119163158845F0020515802021AD
:10E3E0004FF0004720460225042408221F6083F8CE
:10E3F0001F135E6083F820135D6083F821135C6057
:10E4000083F822135A6083F82313F8BD00A000415B
:10E410000008004000E100E010B52022002106487D
:10E42000F4F7C2FA4FF48A7004F004FC0446FFF7D4
:10E43000ABFF024B1C6010BD3809002058090020BA
:10E440000729D0F81001DCBF083100EB011070473C
:10E4500038B5134C2368F3B1D3F81031002480335E
:10E460001A88D20707D50134082C03F11003F7D11D
:10E470000025284638BD1A8842F001021A800C2077
:10E4800004F0D8FB2146054600F00EF8054B28465F
:10E4900043F8245038BDFFF7BFFF2368DCE700BF17
:10E4A00058090020380900200022C0E901127047F5
:10E4B00010B44368074A1B019C586FF341049C50F9
:10E4C000806820B103685DF8044B1B6818475DF84D
:10E4D000044B704740A0004181600020704700BF9E
:10E4E000F8B50D4641680029044616461F4627DB4D
:10E4F000F6F780FD144B61681868FFF7A1FF0188EB
:10E50000C1F3012127FA01F189B241800188C1F3E9
:10E51000012127FA01F121600DB13D4445600EB1A2
:10E520003E4486606368094A1B0199180720887376
:10E53000995841F002019950BDE8F840F6F74CBDFA
:10E540005A20F4F7EBFFD3E75809002040A0004120
:10E550002DE9F84F894641680A9E0029054617466D
:10E5600098466DDBF6F746FD6A68374812011118C8
:10E5700013586FF341031350135843F00103135022
:10E580000C6814F00104FBD1DFF8C0E06B68DEF822
:10E5900010B0DFF8BCC04FF0010A0AFA03F32BEA0F
:10E5A0000303CEF8103013584FF0020E6EF31553DC
:10E5B0001350135869F30E2313504B7BDCF8000003
:10E5C00043EA0A034B734B7B43EA0E034B736968C0
:10E5D000FFF736FF0480038864F34F3303802EB3C4
:10E5E000038864F30C330380038864F3CB23038034
:10E5F00003886AF38A230380038867F3092303806F
:10E6000003886FF3C40303800388002243F00603EA
:10E6100003804280C0F804808660C260038843F0B3
:10E6200001030380BDE8F84FF6F7D6BC038843F436
:10E6300080530380038843F400630380B246D7E726
:10E640005A20F4F76BFF8DE740A0004100A0004185
:10E6500058090020704700BF074B1B6853B1074B98
:10E6600053F8203033B1986820B10368044A1B681E
:10E67000934200D1704718475C09002060090020D0
:10E6800055E6010000210171007800F07BB800BF61
:10E6900038B504460D46F6F7ADFCA560BDE8384038
:10E6A000F6F79ABC38B504460D462171007800F0A3
:10E6B00069F8294620780322BDE8384000F07EB88A
:10E6C00010B54022002104460748F4F76DF900F028
:10E6D00099F8064800F090F800F0CEF8012000F01C
:10E6E000BFF8204610BD00BF6009002059E60100B8
:10E6F00038B5074D2C680CB1204638BD012004F018
:10E7000099FA0446FFF7DCFF2C60204638BD00BFB5
:10E710005C090020F8B50D4E56F821400CB120469A
:10E72000F8BD0D46F6F766FC0C2004F083FA0746A8
:10E73000E8B2BC6000F07EF83D6046F82570F6F760
:10E740004BFC56F825402046F8BD00BF600900206C
:10E7500010B40123084C0949834063610B5C032B0F
:10E7600002D05DF8044B7047054B1B68002BF8D0B6
:10E770005DF8044B184700BF00280040E409002062
:10E78000A009002038B5044600200D4600F068F8C6
:10E79000E3089B0003F1804303F5205304F00704D2
:10E7A000A400DA690F21A140A54022EA01042C430C
:10E7B000DC610120BDE8384000F052B838B541F0C6
:10E7C000080115460446FFF7DDFF0123054AA34073
:10E7D000136105B938BD044B1D552046BDE83840CE
:10E7E00000F028B800280040E4090020014B43F85D
:10E7F00020107047A4090020014B1860704700BF2B
:10E80000A009002008B5094A536943F480635361A5
:10E8100004210120FBF7E0FA054A137843F00203D4
:10E82000137053689B07FCD408BD00BF000800406C
:10E83000002800400C3043099B0003F1604300F0C6
:10E840001F0203F5614301209040C3F88000BFF32D
:10E850004F8FBFF36F8FC3F880011860704700BF00
:10E86000044A137860F34103137053689B07FCD488
:10E87000704700BF002800400F4B1A7842F0010299
:10E8800070B51A705C6814F00104FBD10B4D0126C1
:10E890000021E0B2FFF7AAFF04F10C0306FA03F32C
:10E8A000C5F88030BFF34F8FBFF36F8F0134102C4A
:10E8B000C5F88031ECD170BD0028004000E100E0D7
:10E8C0000020FFF745BF00BF0120FFF741BF00BF99
:10E8D0000220FFF73DBF00BF0320FFF739BF00BF95
:10E8E0000420FFF735BF00BF0520FFF731BF00BF91
:10E8F0000620FFF72DBF00BF0720FFF729BF00BF8D
:10E900000820FFF725BF00BF0920FFF721BF00BF88
:10E910000A20FFF71DBF00BF0B20FFF719BF00BF84
:10E920000C20FFF715BF00BF0D20FFF711BF00BF80
:10E930000E20FFF70DBF00BF0F20FFF709BF00BF7C
:10E940006FF47D70704700BF6FF47D70704700BF3B
:10E950006FF47D70704700BF10B584B004688DF807
:10E960000C20002200928DF80D306469022303AA66
:10E97000A04704B010BD00BF2DE9F04186B0066885
:10E980009DF834508DF80F2004461F46766988465E
:10E9900085B1012300930DF10F02B04738B9236808
:10E9A0000090DD690C9B3A4641462046A84706B0D8
:10E9B000BDE8F08106AA9DF80F3002F8013D0095F0
:10E9C0000123B047EAE700BF2DE9F84F9DF8287012
:10E9D000002A3CD0002B3ADD88460168DFF87490AD
:10E9E0001E464B684B458246144628D1CD68DFF859
:10E9F00068B05D451BD1264405E00134A6420AD02B
:10EA0000DAF80030DD685D45F7D0217850460134F2
:10EA1000A847A642F4D117B10020BDE8F88FDAF874
:10EA200000309B684B450ED13846BDE8F88F5FFA41
:10EA300088F15046A847DAF80030DD68DBE79847F0
:10EA4000DAF80010D2E7504698473846E5E76FF409
:10EA50007A70E2E749E9010051E901002DE9F04F40
:10EA600083B09DF83090002A5AD0002B984657DD8D
:10EA7000056892466B682C4A934206463DD1EB6886
:10EA80002A4FBB4241D1B8F1010F1BD0A8F10208B7
:10EA90000AEB080B0AF1FF3405E00B2004F8010F24
:10EAA000A3450BD035682D69BD42F6D00021304614
:10EAB000A847C0B204F8010FA345F3D108F101083B
:10EAC0003568C2442B69BB4212D10B208AF8000082
:10EAD000B9F1000F03D0002003B0BDE8F08F336818
:10EAE000114A9B68934217D1484603B0BDE8F08FA6
:10EAF000012130469847C0B2E8E701919847356850
:10EB00000A4FEB680199BB42BDD041F00101C9B287
:10EB1000304698473568B6E7304698474846DBE7C1
:10EB20006FF47A70D8E700BF49E9010051E90100AC
:10EB3000014B0360704700BF204B020041627047E9
:10EB4000406A82B08DE80C0018B1036802B01B68FF
:10EB5000184702B0704700BF82B070B50C4684B051
:10EB600005464968206802AC03C4039908AC481004
:10EB700084E80C00CB0745BF2A58029B029CD4585E
:10EB80000AAB2E1893E803008DE8030008AB0CCB0A
:10EB90003046A04704B0BDE8704002B0704700BFE7
:10EBA000F0B50F4601F1080485B021460646FAF794
:10EBB000A5FFFB68002B2CDD012B2CD00025204667
:10EBC00004342146FAF7AAFFF86801350138A84253
:10EBD000F5DC6D46023007EB80042846FAF778FF33
:10EBE00029462046FAF79AFF2846FAF78FFFFA6877
:10EBF00031683B69013AFA604A889B1A3B61BA8BDB
:10EC00002846012340F2FE31FAF7EEFE304605B009
:10EC1000F0BD6D46F3E70020DBE700BF8369C26803
:10EC20001344002B59DD90F82030002B5CD010B538
:10EC3000816A0B68044686B01B6801A89847E068A3
:10EC4000A369C218002A31DC6269002A2CDD21691F
:10EC50008A422BDB53BB8A4200DB4BB10133A361F9
:10EC6000F7F72EF8A369E068013B0028A361E8DC10
:10EC7000023001A904EB8000FAF750FF019B2269E2
:10EC80005988E368606A0A440133C4E9033228B151
:10EC900094F82030CBB103681B68984701A8FAF7B5
:10ECA00035FF002006B010BD002BE1D0A18B40F253
:10ECB000FF30F6F783FEA369E0681A18002ACDDC5E
:10ECC0006269002AC9DD2169C5E7E28B012340F2B0
:10ECD000FF3102A8FAF788FEE0E74369002BA6DDC2
:10ECE00002699342A3DA9EE76FF47B70704700BF1E
:10ECF000A0F10400FFF792BF0D4B70B503F10802BD
:10ED000004461C330025C0E9002308300E46FAF7FC
:10ED1000DFFEC4E903556561E583F9F7A1FD012331
:10ED2000A083A561C4E9095684F82030204670BD4F
:10ED3000444B0200094B03F1140270B5C0E90032E4
:10ED4000064600F1080500F10C04043C2046FAF7E1
:10ED5000DDFEA542F9D1304670BD00BF4C4B02002C
:10ED600080F8201039B92DE9F041C58B82B01DB172
:10ED700002B0BDE8F08170470446F9F771FD1D4B04
:10ED8000E0831F688046002FF2D0282003F052FF56
:10ED900006461030FAF748FE40F2FF331820338061
:10EDA000A6F8028003F046FF134ACDE90025844609
:10EDB0006A46034603CA4CF80C4BDD60CCF804509D
:10EDC000586099603A680D49F56012205961B36046
:10EDD000B080C6E908555368384631469847002840
:10EDE000C6D03046F7F788F9304602B0BDE8F041AA
:10EDF00003F017BFB808002041EB010059EB0100F8
:10EE0000024B1868BFF35B8F704700BFF409002006
:10EE1000024B1868BFF35B8F704700BF3C000020B7
:10EE200081F0004102E000BF83F0004330B54FEABB
:10EE300041044FEA430594EA050F08BF90EA020F28
:10EE40001FBF54EA000C55EA020C7FEA645C7FEABB
:10EE5000655C00F0E2804FEA5454D4EB5555B8BFDE
:10EE60006D420CDD2C4480EA020281EA030382EA4F
:10EE7000000083EA010180EA020281EA0303362DE1
:10EE800088BF30BD11F0004F4FEA01314FF4801CB4
:10EE90004CEA113102D0404261EB410113F0004FC6
:10EEA0004FEA03334CEA133302D0524263EB43037D
:10EEB00094EA050F00F0A780A4F10104D5F1200E1B
:10EEC0000DDB02FA0EFC22FA05F2801841F1000176
:10EED00003FA0EF2801843FA05F359410EE0A5F14A
:10EEE00020050EF1200E012A03FA0EFC28BF4CF07B
:10EEF000020C43FA05F3C01851EBE37101F0004531
:10EF000007D54FF0000EDCF1000C7EEB00006EEB3D
:10EF10000101B1F5801F1BD3B1F5001F0CD34908C7
:10EF20005FEA30004FEA3C0C04F101044FEA44521E
:10EF300012F5800F80F09A80BCF1004F08BF5FEAA5
:10EF4000500C50F1000041EB045141EA050130BD85
:10EF50005FEA4C0C404141EB010111F4801FA4F128
:10EF60000104E9D191F0000F04BF01460020B1FA7D
:10EF700081F308BF2033A3F10B03B3F120020CDAB5
:10EF80000C3208DD02F1140CC2F10C0201FA0CF093
:10EF900021FA02F10CE002F11402D8BFC2F1200CF8
:10EFA00001FA02F120FA0CFCDCBF41EA0C019040AE
:10EFB000E41AA2BF01EB0451294330BD6FEA0404F7
:10EFC0001F3C1CDA0C340EDC04F11404C4F12002E2
:10EFD00020FA04F001FA02F340EA030021FA04F3F4
:10EFE00045EA030130BDC4F10C04C4F1200220FA4B
:10EFF00002F001FA04F340EA0300294630BD21FA89
:10F0000004F0294630BD94F0000F83F4801306BF4E
:10F0100081F480110134013D4EE77FEA645C18BF42
:10F020007FEA655C29D094EA050F08BF90EA020FD9
:10F0300005D054EA000C04BF1946104630BD91EAD1
:10F04000030F1EBF0021002030BD5FEA545C05D1D4
:10F050004000494128BF41F0004130BD14F5800413
:10F060003CBF01F5801130BD01F0004545F0FE4187
:10F0700041F470014FF0000030BD7FEA645C1ABFBC
:10F08000194610467FEA655C1CBF0B46024650EAF3
:10F09000013406BF52EA033591EA030F41F400211F
:10F0A00030BD00BF90F0000F04BF0021704730B5A5
:10F0B0004FF4806404F132044FF000054FF000017A
:10F0C00050E700BF90F0000F04BF0021704730B53B
:10F0D0004FF4806404F1320410F0004548BF404210
:10F0E0004FF000013EE700BF42004FEAE2014FEA65
:10F0F00031014FEA02701FBF12F07F4393F07F4F40
:10F1000081F06051704732F07F4208BF704793F042
:10F110007F4F04BF41F40021704730B54FF4607455
:10F1200001F0004521F000411CE700BF50EA010258
:10F1300008BF704730B54FF000050AE050EA010201
:10F1400008BF704730B511F0004502D5404261EB71
:10F1500041014FF4806404F132045FEA915C3FF4B2
:10F16000D8AE4FF003025FEADC0C18BF03325FEA4F
:10F17000DC0C18BF033202EBDC02C2F1200300FA00
:10F1800003FC20FA02F001FA03FE40EA0E0021FA25
:10F1900002F11444BDE600BF70B54FF0FF0C4CF413
:10F1A000E06C1CEA11541DBF1CEA135594EA0C0FC5
:10F1B00095EA0C0F00F0DEF82C4481EA030621EA00
:10F1C0004C5123EA4C5350EA013518BF52EA03353B
:10F1D00041F4801143F4801338D0A0FB02CE4FF0ED
:10F1E0000005E1FB02E506F00042E0FB03E54FF01D
:10F1F0000006E1FB03569CF0000F18BF4EF0010E15
:10F20000A4F1FF04B6F5007F64F5407404D25FEA10
:10F210004E0E6D4146EB060642EAC62141EA5551C3
:10F220004FEAC52040EA5E504FEACE2EB4F1FD0C05
:10F2300088BFBCF5E06F1ED8BEF1004F08BF5FEA83
:10F24000500E50F1000041EB045170BD06F0004635
:10F2500046EA010140EA020081EA0301B4EB5C04E2
:10F26000C2BFD4EB0C0541EA045170BD41F48011DA
:10F270004FF0000E013C00F3AB8014F1360FDEBFFF
:10F28000002001F0004170BDC4F10004203C35DADB
:10F290000C341BDC04F11404C4F1200500FA05F35E
:10F2A00020FA04F001FA05F240EA020001F00042FF
:10F2B00021F0004110EBD37021FA04F642EB060175
:10F2C0005EEA430E08BF20EAD37070BDC4F10C049F
:10F2D000C4F1200500FA04F320FA05F001FA04F263
:10F2E00040EA020001F0004110EBD37041F100014F
:10F2F0005EEA430E08BF20EAD37070BDC4F120055A
:10F3000000FA05F24EEA020E20FA04F301FA05F2C1
:10F3100043EA020321FA04F001F0004121FA04F269
:10F3200020EA020000EBD3705EEA430E08BF20EA39
:10F33000D37070BD94F0000F0FD101F00046400073
:10F3400041EB010111F4801F08BF013CF7D041EAF5
:10F35000060195F0000F18BF704703F000465200F9
:10F3600043EB030313F4801F08BF013DF7D043EACA
:10F370000603704794EA0C0F0CEA135518BF95EA80
:10F380000C0F0CD050EA410618BF52EA4306D1D107
:10F3900081EA030101F000414FF0000070BD50EA26
:10F3A000410606BF1046194652EA430619D094EAB0
:10F3B0000C0F02D150EA013613D195EA0C0F05D19A
:10F3C00052EA03361CBF104619460AD181EA0301EE
:10F3D00001F0004141F0FE4141F470014FF00000A6
:10F3E00070BD41F0FE4141F4780170BD70B54FF041
:10F3F000FF0C4CF4E06C1CEA11541DBF1CEA1355C1
:10F4000094EA0C0F95EA0C0F00F0A7F8A4EB0504A2
:10F4100081EA030E52EA03354FEA013100F0888099
:10F420004FEA03334FF0805545EA131343EA126362
:10F430004FEA022245EA111545EA10654FEA002617
:10F440000EF000419D4208BF964244F1FD0404F5D0
:10F45000407402D25B084FEA3202B61A65EB03052C
:10F460005B084FEA32024FF480104FF4002CB6EBE9
:10F47000020E75EB030E22BFB61A754640EA0C0069
:10F480005B084FEA3202B6EB020E75EB030E22BFA9
:10F49000B61A754640EA5C005B084FEA3202B6EBEA
:10F4A000020E75EB030E22BFB61A754640EA9C00A9
:10F4B0005B084FEA3202B6EB020E75EB030E22BF79
:10F4C000B61A754640EADC0055EA060E18D04FEA37
:10F4D000051545EA16754FEA06164FEAC30343EAD7
:10F4E00052734FEAC2025FEA1C1CC0D111F4801FA4
:10F4F0000BD141EA00014FF000004FF0004CB6E79D
:10F5000011F4801F04BF01430020B4F1FD0C88BF3B
:10F51000BCF5E06F3FF6AFAEB5EB030C04BFB6EB46
:10F52000020C5FEA500C50F1000041EB045170BD39
:10F530000EF0004E4EEA113114EB5C04C2BFD4EB66
:10F540000C0541EA045170BD41F480114FF0000EEA
:10F55000013C90E645EA060E8DE60CEA135594EA66
:10F560000C0F08BF95EA0C0F3FF43BAF94EA0C0F69
:10F570000AD150EA01347FF434AF95EA0C0F7FF4DE
:10F5800025AF104619462CE795EA0C0F06D152EA32
:10F5900003353FF4FDAE1046194622E750EA410616
:10F5A00018BF52EA43067FF4C5AE50EA41047FF427
:10F5B0000DAF52EA43057FF4EBAE12E74FF0FF3C8C
:10F5C00006E000BF4FF0010C02E000BF4FF0010C5D
:10F5D0004DF804CD4FEA410C7FEA6C5C4FEA430CD6
:10F5E00018BF7FEA6C5C1BD001B050EA410C0CBF25
:10F5F00052EA430C91EA030F02BF90EA020F002087
:10F60000704710F1000F91EA030F58BF994208BFED
:10F6100090422CBFD8176FEAE37040F001007047AA
:10F620004FEA410C7FEA6C5C02D150EA013C07D101
:10F630004FEA430C7FEA6C5CD6D152EA033CD3D04C
:10F640005DF8040B704700BF8446104662468C4646
:10F650001946634600E000BF01B5FFF7B7FF002879
:10F6600048BF10F1000F01BD4DF808EDFFF7F4FFA2
:10F670000CBF012000205DF808FB00BF4DF808ED2D
:10F68000FFF7EAFF34BF012000205DF808FB00BF50
:10F690004DF808EDFFF7E0FF94BF012000205DF872
:10F6A00008FB00BF4DF808EDFFF7CEFF94BF012027
:10F6B00000205DF808FB00BF4DF808EDFFF7C4FF20
:10F6C00034BF012000205DF808FB00BF4FEA410C69
:10F6D0007FEA6C5C02D150EA013C0AD14FEA430C4C
:10F6E0007FEA6C5C02D152EA033C02D14FF0000089
:10F6F00070474FF0010070474FEA410212F50012C7
:10F7000015D211D56FF47873B3EB625212D94FEA68
:10F71000C12343F0004343EA505311F0004F23FA52
:10F7200002F018BF404270474FF00000704750EAA7
:10F73000013005D111F0004008BF6FF00040704764
:10F740004FF00000704700BF4A0011D212F50012BE
:10F7500011D20DD56FF47873B3EB62520ED44FEA29
:10F76000C12343F0004343EA505323FA02F07047A9
:10F770004FF00000704750EA013002D14FF0FF30E7
:10F7800070474FF0000070474FEA4102B2F1E0438A
:10F7900024BFB3F5001CDCF1FE5C0DD901F0004C78
:10F7A0004FEAC0024CEA5070B2F1004F40EB8300C8
:10F7B00008BF20F00100704711F0804F21D113F1F4
:10F7C0003872BCBF01F00040704741F480114FEA2D
:10F7D0005252C2F11802C2F1200C10FA0CF320FAB6
:10F7E00002F018BF40F001004FEAC1234FEAD323D3
:10F7F00003FA0CFC40EA0C0023FA02F34FEA43033D
:10F80000CCE77FEA625307D150EA01331EBF4FF0C5
:10F81000FE4040F44000704701F0004040F0FE40E0
:10F8200040F40000704700BF7BB972B90029BEBF29
:10F8300000204FF0004106E008BF00281CBF6FF019
:10F8400000414FF0FF3000F01BBAADF1080C6DE93C
:10F8500004CE002909DB002B1ADB00F0ABF8DDF841
:10F8600004E0DDE9022304B07047404261EB41014E
:10F87000002B1BDB00F09EF8DDF804E0DDE902233D
:10F8800004B0404261EB4101524263EB43037047D5
:10F89000524263EB430300F08DF8DDF804E0DDE94C
:10F8A000022304B0404261EB41017047524263EBD6
:10F8B000430300F07FF8DDF804E0DDE9022304B043
:10F8C000524263EB4303704753B94AB9002908BF5A
:10F8D00000281CBF4FF0FF314FF0FF3000F0D0B9CF
:10F8E000ADF1080C6DE904CE00F064F8DDF804E039
:10F8F000DDE9022304B070472DE9F84382EAE2749F
:10F90000A4EBE2741546E20758BFDFF860900646A4
:10F910000F4652BF4FF000088046894664083246C1
:10F920003B463046394613D0FFF736FCE307064620
:10F930000F46F3D54046494632463B46FFF72CFC7E
:10F9400064088046894632463B4630463946EBD10C
:10F95000002D07DA42464B4600200449FFF746FDDA
:10F960008046894640464946BDE8F8830000F03F9E
:10F97000D0B500220D4B06460F46FFF70DFCFFF7F2
:10F98000E3FE0446FFF78EFB0022094BFFF704FC61
:10F9900002460B4630463946FFF746FAFFF7D4FEDB
:10F9A0000022234610431946D0BD00BF0000F03DA1
:10F9B0000000F0412DE9F047089E04468846002BE0
:10F9C0004BD18A42154667D9B2FA82F24AB1C2F1E6
:10F9D000200701FA02F320FA07F7954047EA0308E7
:10F9E00094404FEA154E230CB8FBFEF71FFA85FC36
:10F9F0000EFB178843EA084307FB0CF1994209D92B
:10FA0000EB1807F1FF3080F01B81994240F218811A
:10FA1000023F2B445B1AA4B2B3FBFEF00EFB103383
:10FA200044EA034400FB0CFCA44509D92C1900F15D
:10FA3000FF3380F00781A44540F2048102382C4452
:10FA400040EA0740A4EB0C0400271EB1D440002379
:10FA5000C6E900433946BDE8F0878B4209D9002E3C
:10FA600000F0EB800027C6E9000138463946BDE8C2
:10FA7000F087B3FA83F7002F47D18B4202D382423B
:10FA800000F2FA80841A61EB030301209846002EED
:10FA9000E0D0C6E90048DDE702B9FFDEB2FA82F243
:10FAA000002A40F08F80491B4FEA154E1FFA85F857
:10FAB0000127B1FBFEFC230C0EFB1C1143EA0143A2
:10FAC00008FB0CF1994207D9EB180CF1FF3002D278
:10FAD000994200F2CD808446591AA3B2B1FBFEF0E0
:10FAE0000EFB101443EA044408FB00F8A04507D9B4
:10FAF0002C1900F1FF3302D2A04500F2B68018465F
:10FB0000A4EB080440EA0C409FE7C7F1200CBB407F
:10FB100022FA0CFE4EEA030E01FA07F420FA0CF565
:10FB200021FA0CF34FEA1E482543B3FBF8F92C0CDD
:10FB300008FB19331FFA8EFA44EA034309FB0AF45F
:10FB40009C4202FA07F200FA07F10BD91EEB0303FD
:10FB500009F1FF3080F087809C4240F28480A9F157
:10FB6000020973441B1BADB2B3FBF8F008FB103362
:10FB700045EA034400FB0AFAA24508D91EEB040437
:10FB800000F1FF336BD2A24569D90238744440EAD0
:10FB90000940A0FB0289A4EB0A044C45C2464B462F
:10FBA00054D351D0002E69D0B1EB0A0564EB0304A5
:10FBB00004FA0CFCFD40FC404CEA0505C6E9005483
:10FBC000002747E7C2F1200320FA03F7954001FA26
:10FBD00002F021FA03F34FEA154E3843010CB3FB50
:10FBE000FEF71FFA85F80EFB173341EA034107FBC6
:10FBF00008F38B4204FA02F407D9691807F1FF3CB5
:10FC00002FD28B422DD9023F2944CB1A81B2B3FBAC
:10FC1000FEF00EFB103341EA034100FB08F38B4278
:10FC200007D9691800F1FF3C17D28B4215D9023869
:10FC30002944C91A40EA07473BE73746304609E7F7
:10FC40000746E7E61846FBE64145ABD2B8EB020AA9
:10FC500069EB0E0201381346A4E76046E9E718464F
:10FC600095E76746D1E781467CE702382C4447E7B1
:10FC7000ACF1020C2B442FE7384608E73746E9E69B
:10FC8000704700BF30B5224A21F00043934287B04D
:10FC90001BDD204A934205DD02460B46FFF7C4F800
:10FCA00007B030BD02AAE7F7FBFD00F00303012B0C
:10FCB00011D0022B22D0D3B10124DDE90423DDE9E8
:10FCC00002010094E8F714FEEAE700220023E8F7B7
:10FCD000CBF807B030BDDDE904450093DDE9020152
:10FCE00022462B46E8F704FE01F10041D8E7DDE9A2
:10FCF0000423DDE90201E8F7B7F8D1E7DDE90423E1
:10FD0000DDE90201E8F7B0F801F10041C8E700BF02
:10FD1000FB21E93FFFFFEF7F21F0004319467047C9
:10FD200030B51F4A21F00043934287B01BDD1D4AC6
:10FD3000934205DD02460B46FFF776F807B030BD6B
:10FD400002AAE7F7ADFD00F003000128DDE9042376
:10FD500011D002281BD098B1DDE90201E8F784F840
:10FD600001F10041EAE70023009300220023E8F7B5
:10FD7000BFFD07B030BDDDE90201E8F775F8DDE74A
:10FD80000124DDE902010094E8F7B2FDD6E7012481
:10FD9000DDE902010094E8F7ABFD01F10041CDE798
:10FDA000FB21E93FFFFFEF7F30B5144A21F000430C
:10FDB000934287B019DD124A934205DD02460B4695
:10FDC000FFF732F807B030BD02AAE7F769FD44003B
:10FDD00004F00204C4F10104DDE90423DDE90201B9
:10FDE0000094E8F73DFE07B030BD012300930022E8
:10FDF0000023E8F735FE07B030BD00BFFB21E93F27
:10FE0000FFFFEF7F3B4A21F00043934270B50D4660
:10FE10000C46064611DD02460B4600203649FFF728
:10FE2000E5FA002D4FF00002334B35DBFEF7FEFF05
:10FE300002460B461046194670BD304A934208DD13
:10FE40002D4B0022002CB8BF03F100431046194689
:10FE500070BDB3F1725F26DB294A934230DDFFF7B4
:10FE60005BFF02460B46FEF7E1FFE8F7CDFF0022FD
:10FE70004FF08043FEF7DAFF02460B4600204FF0BA
:10FE80008041FFF7B3FA02460B4600201A49FEF7FD
:10FE9000CBFF02460B46D5E7FEF7C6FF02460B46F0
:10FEA0001046194670BD0022134BFEF7BFFF3246C5
:10FEB0002B46FFF771F902460B461046194670BDF6
:10FEC000FFF72AFF00224FF04043FFF765F9E8F7FC
:10FED0009BFF00224FF08043064601F10045FEF7EC
:10FEE000A5FF02460B4630462946FFF77FFA024639
:10FEF0000B46A7E7FFFFEF7F0000F03FFFFF354015
:10FF0000FFFFEF3F70B5C1F30A56A6F2FF34132C82
:10FF10000D460BDC002C1FDB154941FA04F40022CE
:10FF200025EA040316461946304670BD332C0246B6
:10FF300006DDB4F5806F0B4615D00646304670BD21
:10FF40004FF0FF33A6F2134623FA06F622EA060024
:10FF500006462946304670BD002201F00043164691
:10FF60001946304670BDFEF761FF0646DCE700BF6C
:10FF7000FFFF0F0000B51C4A20F00043934283B0FE
:10FF800018DDB3F1FF4F05DB014602F027FA03B09D
:10FF90005DF804FB694601F00BFA00F00302012A48
:10FFA0000ED0022A18D092B101220199009801F0D6
:10FFB000EBFFECE7002101F0C1FB03B05DF804FBAF
:10FFC0000199009801F0E0FF00F10040DFE701999E
:10FFD000009801F0B3FBDAE70199009801F0AEFB5D
:10FFE00000F10040D3E700BFD80F493F00B51D4ADC
:10FFF00020F00043934283B019DDB3F1FF4F05DBDE
:020000040002F8
:10000000014602F0EBF903B05DF804FB694601F02C
:10001000CFF900F00300012810D0022819D090B1C8
:100020000199009801F08AFB00F10040EBE7002203
:10003000002101F0A9FF03B05DF804FB01990098CD
:1000400001F07CFBDFE701220199009801F09CFFA1
:10005000D9E701220199009801F096FF00F10040D4
:10006000D1E700BFD80F493F2DE9F043DFF8988072
:100070008BB004460D46E5F79BFB98F90030013341
:1000800006460F462BD022462B4620462946FFF730
:100090001DFB814618BB20462946FFF73DFE002286
:1000A000164BFFF709FBD0B1154B164801930122FF
:1000B000CDF820900092CDE90445CDE9024501F04C
:1000C000E1FF98F90030022BCDE906010CD068461B
:1000D00001F0D6FF40B1089B5BB9DDE90667304609
:1000E00039460BB0BDE8F08302F01AF92123036012
:1000F000F1E702F015F9089B0360EEE70000F03F1E
:10010000644B02003C3D0200120200202DE9F04346
:100110008BB004460D46E5F79FFD244B93F9008014
:10012000B8F1FF3F06460F460ED022462B4620462A
:100130002946FFF7CBFA814630B900221C4B2046F6
:100140002946FFF79BFA20B9304639460BB0BDE887
:10015000F0830022002301210091164ECDF820905B
:1001600010461946CDE90445CDE902450196FFF751
:100170003DF9B8F1020FCDE906010CD0684601F057
:100180007FFF40B1089B5BB9DDE906673046394621
:100190000BB0BDE8F08302F0C3F821230360F1E760
:1001A00002F0BEF8089B0360EEE700BF12020020D9
:1001B0000000F03F6C4B02002DE9F043DFF898801F
:1001C0008BB004460D46E5F7D3FD98F900300133B6
:1001D00006460F462BD022462B4620462946FFF7DF
:1001E00075FA814618BB20462946FFF795FD002287
:1001F000164BFFF761FAD0B1154B16480193012257
:10020000CDF820900092CDE90445CDE9024501F0FA
:1002100039FF98F90030022BCDE906010CD0684671
:1002200001F02EFF40B1089B5BB9DDE9066730465F
:1002300039460BB0BDE8F08302F072F82123036069
:10024000F1E702F06DF8089B0360EEE70000F03F75
:10025000744B02003C3D020012020020E5F7C4BFCF
:100260002DE9F04FDFF8CCA08BB004460D46E6F741
:1002700097F89AF90030013306460F4637D02246E8
:100280002B4620462946FFF721FA834678BB2046B5
:100290002946FFF741FD0022244B80468946FFF79F
:1002A00001FA20B3404649460022204BFFF704FAEA
:1002B0009AF9006060B3CDE90445CDE9024501211A
:1002C000002200231A4F0091CDF820B010461946A5
:1002D0000197FFF78BF8022ECDE906010CD0684696
:1002E00001F0CEFE40B1089B6BB9DDE906673046F0
:1002F00039460BB0BDE8F08F02F012F821230360FD
:10030000089B002BF1D002F00BF8089B0360ECE790
:10031000022308900093064FCDE90445CDE902453C
:100320002046294600220023D2E700BF0000F03F0C
:100330007C4B0200120200202DE9F04F8BB01D46CD
:1003400006460F46144600F0D9FC294B93F900A04D
:10035000BAF1FF3F8046894635D022462B462046DB
:100360002946FFF7B3F970BB32463B463046394663
:10037000FFF7ACF9834630BB002200232046294614
:10038000FFF772F9F8B11B4BCDF820B00122CDE98F
:100390000267CDE90445CDE90023BAF1000F17D07B
:1003A0000022002310461946FFF720F8BAF1020F89
:1003B000CDE906010ED101F0B3FF21230360089BB4
:1003C00083B9DDE90689404649460BB0BDE8F08FA8
:1003D000CDE90667684601F053FE0028EBD0089B84
:1003E000002BEED001F09CFF089B0360E9E700BF03
:1003F00012020020904B02002DE970438AB004469F
:100400000D46E6F791FA354B93F90060731C804670
:1004100089460DD022462B4620462946FFF756F93D
:1004200030B90022002320462946FFF745F920B1C4
:10043000404649460AB0BDE87083294B0890CDE993
:100440000245CDE90445019320462946CEB9254D04
:100450004FF0604400220023CDE90645FFF704F980
:10046000002833D002230093684601F009FEA8B1AA
:10047000089BC3B9DDE90689404649460AB0BDE894
:100480007083194B0022CDE9062300220023FFF7D9
:10049000EBF868B102239E420093E5D101F040FFE2
:1004A00022230360E4E701F03BFF089B0360E1E7E0
:1004B0000123022E00930BD101F032FF21230360B0
:1004C0000A4801F0DFFDCDE90601D1E701230093E1
:1004D000684601F0D5FD0028F2D1EDE712020020B8
:1004E000984B0200FFFFEFC70000F0FF3C3D020009
:1004F0002DE9F0438BB004460D46E6F7E1FB364BA1
:1005000093F90060731C804689460ED022462B4624
:1005100020462946FFF7DAF8074630B900220023C3
:1005200020462946FFF7B4F820B9404649460BB0AB
:10053000BDE8F083294B0897CDE90245CDE9044594
:10054000019320462946CEB9254D4FF06044002244
:100550000023CDE90645FFF787F8002833D00223B2
:100560000093684601F08CFDA8B1089BC3B9DDE992
:100570000689404649460BB0BDE8F083194B00227E
:10058000CDE9062300220023FFF76EF868B10223AD
:100590009E420093E5D101F0C3FE22230360E4E70D
:1005A00001F0BEFE089B0360E1E70123022E0093E9
:1005B0000BD101F0B5FE212303600B4801F062FD71
:1005C000CDE90601D1E701230093684601F058FD0B
:1005D0000028F2D1EDE700BF120200209C4B020080
:1005E000FFFFEFC70000F0FF3C3D02002DE9F04F98
:1005F000DFF808938DB006460F4614461D46E6F711
:10060000EBFB99F90080B8F1FF3FCDE9000136D04E
:1006100022462B4620462946FFF758F8834670BBF2
:1006200032463B4630463946FFF750F800228246B4
:100630000023002840F0A08030463946FFF714F828
:1006400010B30022002320462946FFF70DF8834609
:10065000002867D00122A24B029200210022CDF88F
:1006600028A0CDE90467CDE90645CDE9081203933A
:10067000B8F1000F41D09B4C0023CDE90034DDE9F7
:1006800000010DB0BDE8F08FDDE9000101F0F2FCE2
:100690008046002800F08B804FF0000A4FF0000BDE
:1006A00052465B46DDE90001FEF7DEFF0028E6D09A
:1006B0003046394601F0DEFC0028E0D020462946CD
:1006C00001F0D8FC0028DAD099F90030844A03926E
:1006D00004210022022BCDE90467CDE90645CDE9CE
:1006E00008AB02910A9203D002A801F0C9FC50B9EC
:1006F00001F016FE2223036005E002A801F0C0FC11
:10070000002800F098800A9B1BB101F009FE0A9BAB
:100710000360DDE90834CDE90034DDE900010DB006
:10072000BDE8F08F2046294601F0A4FC0028A6D0A1
:100730000022002320462946FEF7A0FF00289ED075
:10074000674A99F90030CDF828B00121CDE9046756
:10075000CDE90645CDE90212002B71D06249002097
:10076000022BCDE908016FD101F0DAFD21230360EE
:100770000A9B002BCDD0C8E720462946FEF774FF20
:1007800000283FF47CAF01230293564B5449CDF827
:1007900028B00022B8F1020FCDE90467CDE9064583
:1007A0000391CDE90823A8D1CDE9002367E73046BE
:1007B000394601F05FFC00283FF46EAF2046294621
:1007C00001F058FC00283FF467AFDDE90023104634
:1007D0001946FEF77BFF99F900A0002866D1032394
:1007E000DFF8FCC00A9029462046029300223F4BC6
:1007F000CDF80CC0CDE90645CDE90467FEF7CCFC89
:10080000002204460D46002330463946BAF1000F57
:1008100020D1374F4FF06046CDE90867FEF72EFF35
:1008200018BB02A801F02CFC0028A1D101F078FD32
:10083000222303609CE701F073FD2123036062E73C
:1008400000230024CDE9083402A801F019FC002897
:100850008ED189E7274F0026CDE90867FEF70EFF06
:10086000A0B9BAF1020FE1D0DBE72046294601F03A
:100870000FFC22462B46FEF7F7FEA0B91E4B99F956
:1008800000A04FF06042CDE90823EAE72046294660
:1008900001F0FEFB22462B46FEF7E6FE18B9124B8E
:1008A0000022CDE9082399F900A0DAE701220C4BD8
:1008B000CDF828800292CDE90467CDE9064503937F
:1008C000BAF1000FBCD00022002310461946FEF7F3
:1008D0008DFDBAF1020FCDE908013FF445AFB3E752
:1008E000A44B02000000F03F0000F0FF0000E03FDA
:1008F000FFFFEF470000F07FFFFFEFC7120200206D
:100900002DE9F0432B4E8BB080468946E7F7E8F996
:1009100096F90030013304460D4603D001F0AAFBDE
:10092000074620B1204629460BB0BDE8F08340467B
:10093000494601F09FFB0028F4D01F4B96F9004078
:1009400008970322CDE90023CDE90489CDE9028986
:10095000404649460022002364B9FEF7ADFE4FF041
:100960006042E8B1154BCDE90623684601F088FBEB
:1009700068B908E0FEF7A0FE002298B1104B022CE7
:10098000CDE90623F1D101F0CBFC22230360089BC3
:1009900053B9DDE90645204629460BB0BDE8F08392
:1009A000084BE0E7084BEAE701F0BAFC089B03605C
:1009B000EFE700BF12020020A84B0200FFFFEF4745
:1009C0000000F07FFFFFEFC70000F0FF2DE9F04FC0
:1009D0008BB004460D4600F0A9FA294B93F900A00C
:1009E000BAF1FF3F06460F4612D022462B4620465C
:1009F0002946FEF76BFE834650B94FF000084FF0D2
:100A0000000942464B4620462946FEF737FE20B9EC
:100A1000304639460BB0BDE8F08F0122194BCDF8B6
:100A200020B00092CDE90445CDE902450193BAF129
:100A3000000F17D042464B4640464946FEF7D6FCCB
:100A4000BAF1020FCDE906010ED101F069FC2123B4
:100A50000360089B73B9DDE90667304639460BB081
:100A6000BDE8F08FCDE90689684601F009FB002852
:100A7000EFD1EAE701F054FC089B0360EBE700BF0D
:100A800012020020B04B020070B58AB0044600F09C
:100A90000FFB324B93F900506B1C064609D02146E0
:100AA000204601F06BFF20B90021204601F05CFFD9
:100AB00010B130460AB070BD294B08902046019312
:100AC000FEF712FBCDE90401CDE902012046CDB9C4
:100AD000244B4FF060420021CDE9062301F01CFFBA
:100AE000002833D002230093684601F0C9FAA8B168
:100AF000089BC3B9DDE90601FEF746FE064630460F
:100B00000AB070BD184B00220021CDE9062301F088
:100B100003FF68B102239D420093E5D101F000FC80
:100B200022230360E4E701F0FBFB089B0360E1E79D
:100B30000123022D00930BD101F0F2FB212303606E
:100B40000A4801F09FFACDE90601D1E7012300939D
:100B5000684601F095FA0028F2D1EDE71202002074
:100B6000B84B0200FFFFEFC70000F0FF3C3D020062
:100B7000F0B58BB0044600F0C9FB334B93F900503D
:100B80006B1C06460AD02146204601F0F7FE0746B8
:100B900020B90021204601F0D3FE10B930460BB039
:100BA000F0BD2A4B089720460193FEF79DFACDE948
:100BB0000401CDE902012046CDB9254B4FF060423A
:100BC0000021CDE9062301F0A7FE002833D002233F
:100BD0000093684601F054FAA8B1089BC3B9DDE957
:100BE0000601FEF7D1FD064630460BB0F0BD194BAD
:100BF00000220021CDE9062301F08EFE68B1022318
:100C00009D420093E5D101F08BFB22230360E4E7D2
:100C100001F086FB089B0360E1E70123022D0093AE
:100C20000BD101F07DFB212303600B4801F02AFA70
:100C3000CDE90601D1E701230093684601F020FACF
:100C40000028F2D1EDE700BF12020020C04B0200E5
:100C5000FFFFEFC70000F0FF3C3D0200F0B58BB096
:100C6000044600F017FD234B93F900506B1C064619
:100C70000AD02146204601F081FE074620B9002116
:100C8000204601F053FE10B930460BB0F0BD1A4BB0
:100C9000089701222046CDE90023FEF725FA00221D
:100CA000CDE90401CDE902010023ADB1104619469A
:100CB000FEF79CFB022DCDE906010FD101F030FBC0
:100CC00021230360089B7BB9DDE90601FEF75CFD8B
:100CD000064630460BB0F0BDCDE90623684601F06C
:100CE000CFF90028EED1E9E701F01AFB089B036079
:100CF000EAE700BF12020020C84B02002DE9F047CE
:100D000023F0004E5EEA020620D0814E21F000481A
:100D1000B04589461ADC564216437E4F4EEAD676D7
:100D2000BE42144612D8F0451D46944682460646F9
:100D300001F0004716DC13DB904211D312D1764B41
:100D4000FF0F03EBC703D3E9004106E0FEF724FAE7
:100D500002460B46FEF74AFB04462046BDE8F087F4
:100D60000446FAE7B8F5801F3BDB4FEA2853A3F2AD
:100D7000FF33BEF5801F80F28F80BEF1000F40F080
:100D80009F80002C2246654904DD5200002A01F1B3
:100D9000FF31FADC624A934270DBC9F3130242F47A
:100DA00080125F4881425BDBC5F3130444F4801476
:100DB000581A07E053EA050221D0EA0F02EB43027A
:100DC0006E000138131BA6EB0C05F8B1664538BF61
:100DD00003F1FF33002BEDDAF30F03EB4202760051
:100DE000EFE7B8F1000F5CD1BAF1000F52464B4B60
:100DF000BFDD5200002A03F1FF33FADCB9E7464BAE
:100E0000FF0F03EBC707D7E90041A6E7664538BFE8
:100E100003F1FF33002BBCBF3546134653EA0502EE
:100E2000EDD04048834208DCEA0F02EB43038342E3
:100E300001F1FF314FEA4505F6DD394A91424EDABC
:100E4000521A142A55DC01F21E41D54003FA01F171
:100E500043FA02F2174341EA050339461C467CE790
:100E6000401A1F2826DC01F21E450EFA00FE24FA65
:100E700005F504FA00FC45EA0E0499E7D61A1F2E80
:100E800027DC03F21E4208FA06F82AFA02F20AFAEE
:100E900006F642EA080284E74FEA2E51A1F2FF313A
:100EA00078E71F4B4FEAC8225200002A03F1FF33B4
:100EB000FADC5EE71C4D6D1AAC404FF0000C77E792
:100EC00017494FEACE225200002A01F1FF31FADC25
:100ED00060E7154AD21A0AFA02F2002661E7A3F582
:100EE000801301F2FF311F4347EA01532C46194694
:100EF00033E71F2A07DC01F21E4103FA01F125FA4C
:100F000002F30B43A9E7084A511A0B41A5E700BFBA
:100F1000FFFFEF7F0000F07FF8340200EDFBFFFFE2
:100F200002FCFFFFFFFF0F00E2FBFFFF5F4A8A4367
:100F30002DE9F0410D46074600F0948000290B464C
:100F40000446064654DD0F1500F0A780C3F31303D3
:100F5000A7F2FF3743F48013F20FF80702EB4303C5
:100F60004FEA460503D5ED0F05EB4303B500002618
:100F70007F10B44616224FF400110CEB010098428A
:100F80004FEAD5744FEA450503DC1B1A00EB010C50
:100F90000E44013A04EB43034FEA5101EDD11046F0
:100FA000964620244FF0004209E052D05B00013CFD
:100FB00003EBD5734FEA52024FEA450537D063453C
:100FC00002EB0E01F1DD002901EB020E0ADBE04627
:100FD000A3EB0C03A94288BF03F1FF336D1A104441
:100FE000C446E3E7BEF1000FF1DB0CF10108EFE7C7
:100FF00021F00042024329D0002945D10146CA0A06
:10100000153B4905002AFAD012F4801001D048E0BF
:1010100030465200D40200F10106F9D5C6F1200491
:1010200001FA06F6E1401F1A41EA02038EE72B435C
:1010300024D14408731003F17F53F20703F5001322
:1010400048BF44F0004403EB075127463846BDE84B
:10105000F081A942AAD8002901EB020EC2DB984612
:101060000023BBE702460B46FEF796F83A462B46AE
:10107000FDF7DCFE07463846BDE8F081411C16BF8F
:10108000421C01365408D5E70246FDF7CDFE024664
:101090000B46FEF7ABF90746D8E71A4621463B4612
:1010A000B2E70E4620244FF0FF30BBE70000F07F90
:1010B0002DE9F84F30F000435DD00028014604468A
:1010C00060DBB0F1FF4F75DAB0F5000F80F2DD8024
:1010D0004FF0984101F08CFA6FF0180604467F4AF1
:1010E000C4F316052A4402F40002E41582F07E508F
:1010F0007F3C34444FF07E51284304EBD25401F03E
:101100006DF905F10F03C3F316030F2B064655DCEB
:10111000002101F001FC00283BD17149304601F06B
:1011200067FA01464FF07C5001F058F93146054608
:10113000304601F05DFA0146284601F059FA0546AD
:10114000002C00F0B180204601F0FEF96549074609
:1011500001F04EFA64490446384601F049FA014666
:10116000284601F03BF9314601F038F901462046A6
:1011700001F034F904E000214FF04C4001F0ECFAAA
:10118000BDE8F88F01F02AF9002101F0E5FABDE889
:10119000F88F002C00F09F80204601F0D5F95149CE
:1011A000054601F025FA50490446284601F020FA88
:1011B0000146204601F014F9BDE8F88F4FF0804158
:1011C00001F00EF90146304601F0C6FA804620468D
:1011D00001F0BAF941468146404601F009FA01465C
:1011E000834601F005FA4149DFF81CA1074601F0EA
:1011F000FFF93F4901F0F4F8394601F0F9F93D49AA
:1012000001F0EEF8394601F0F3F93B4901F0E8F856
:10121000594601F0EDF939498346384601F0E8F9BD
:10122000374901F0DDF8394601F0E2F9354901F0BE
:10123000D7F8394601F0DCF90146584601F0D0F8FC
:10124000C5F55713AA4403F5227343EA0A03002B9A
:1012500007462EDD4FF07C51304601F0C9F931468A
:1012600001F0C6F901460546384601F0B9F8414695
:1012700001F0BEF9074654B90146284601F0AEF820
:101280000146304601F0AAF87AE7002627E715491B
:10129000484601F0ADF914490446484601F0A8F962
:1012A000394601F09DF85AE72946304601F096F894
:1012B00066E70146304601F091F8414601F098F9A1
:1012C0000546002CF0D00749484601F091F906493F
:1012D0000446484641E7002052E700BF20FB4A0091
:1012E000ABAAAA3E8071313FD1F717379788173ED6
:1012F00025333A3E2549923EABAA2A3F4FD01C3EA9
:10130000298E633ECDCCCC3E305CCFFF30F0004325
:1013100070B538D00028014604463ADBB0F1FF4FE3
:101320002EDAB0F5000F3ADA4FF0984101F060F98B
:101330006FF018020446E0157F381044C50F2844AA
:1013400001F002F9C4F316040646C5F17F0044EA31
:10135000C050FFF7ADFE13490546304601F048F98D
:1013600011490446284601F043F90146204601F0A0
:1013700037F80E490446304601F03AF90146204656
:1013800001F02EF870BD00214FF04C4001F0E4F95F
:1013900070BD01F023F8002101F0DEF970BD0022DC
:1013A000C9E700BFDB275435D95BDE3E80209A3E7B
:1013B0002DE9F04FAA4A20F00044944289B06FDD35
:1013C000A84A944206460D461CDC002824F00F046F
:1013D000A5496DDD01F002F8A44B9C42064600F0E1
:1013E000E980A34900F0FAFF01462860304600F08A
:1013F000F5FF9F4900F0F2FF01276860384609B009
:10140000BDE8F08F9B4A944268DDB4F1FF4F80F253
:10141000CA80E715863FA4EBC754204601F0C4FA02
:1014200001F092F8034601462046059300F0D6FFEE
:101430004FF0874101F0DCF8804601F0B5FA01F089
:1014400083F8014604464046069400F0C7FF4FF07B
:10145000874101F0CDF80021079001F05DFA0028E6
:1014600000F0DB802046002101F056FA002814BF6E
:1014700001230223804A019202213A46009105A8E5
:10148000294600F01FFA002E07460DDAD5E90023A1
:1014900002F1004203F1004347422A606B6003E01F
:1014A000002208604A600027384609B0BDE8F08F86
:1014B00000F096FF6D4B9C42064600F09B806C4905
:1014C00000F08EFF01462860304600F087FF684933
:1014D00000F086FF4FF0FF376860E5E700F064FE3C
:1014E0006649804601F084F84FF07C5100F078FFA7
:1014F00001F05AFA074601F027F85B49834601F0EC
:1015000077F80146404600F069FF59498146584640
:1015100001F06EF81F2F8246014648465CDD00F060
:101520005DFF8046E215C8F3C753D31A082B5EDD72
:1015300053490392584601F05BF8804601464846FD
:1015400000F04CFF01460446484600F047FF414684
:1015500000F044FF4B498046584601F049F84146A7
:1015600000F03CFF01468246204600F037FF039A18
:10157000C0F3C753D21A192A804650DC2860A1460E
:101580004146484600F02AFF514600F027FF002E52
:10159000686089DA08F1004800F10040C5F8008071
:1015A00068607F4280E7014600F018FF002768600E
:1015B000286079E7324900F011FF3249044600F013
:1015C0000DFF01462860204600F008FF2D4900F07D
:1015D00005FF0127686067E700F000FF2A4A791ECF
:1015E00024F0FF0352F82120934280469AD0C5F898
:1015F0000080C5E7224900F0F3FE2249044600F0CE
:10160000EFFE01462860204600F0E8FE1D4900F08C
:10161000E7FE4FF0FF37686046E703232AE71B49E0
:10162000584600F0E5FF80460146204600F0D6FE11
:1016300001468146204600F0D1FE414600F0CEFE34
:1016400013490446584600F0D3FF214600F0C6FE79
:1016500001468246484600F0C1FE8046C7E700BF0B
:10166000D80F493FE3CB1640800FC93FD00FC93F89
:1016700043443537800F4943D84D020084F9223F57
:101680000044353708A3852E584D020000A3852E4F
:1016900032318D2420F00042B2F1FF4FF8B50446FC
:1016A0003BD2CAB3002803463EDBB2F5000F4FEA37
:1016B000E0500AD214F4000201D03CE00A465B007C
:1016C0001C0202F10101F9D5801AC3F316037F3819
:1016D00043F40002C1074FF000064FEA42034FEA0D
:1016E000600748BF9300314619244FF080728D186F
:1016F0009D4202DC5B1BA9181644013C4FEA4303E0
:101700004FEA5202F3D113B1013626F001067010F0
:1017100000F17C5000EBC750F8BD014600F068FFB7
:10172000214600F05DFEF8BD014600F057FE01467F
:1017300001F012F8F8BD4FF0FF32C5E72DE9F8438C
:1017400020F00045B5F1485F06460F4649DA01F042
:101750002BF9002800F099803146304600F048FF10
:101760004E49044600F044FF4D4900F039FE214641
:1017700000F03EFF4B4900F031FE214600F038FFFB
:10178000494900F02DFE214600F032FF474900F0A4
:1017900025FE214600F02CFF454900F021FE2146A0
:1017A00000F026FF80464FF07C51204600F020FFDD
:1017B00041460546204600F01BFF394604463046A8
:1017C00000F016FF0146204600F008FE01462846BC
:1017D00000F004FE01464FF07E5000F0FFFDBDE832
:1017E000F883014600F004FF2C49044600F000FF96
:1017F0002B4900F0F5FD214600F0FAFE294900F0E2
:10180000EDFD214600F0F4FE274900F0E9FD2146F8
:1018100000F0EEFE254900F0E1FD214600F0E8FE73
:10182000234900F0DDFD214600F0E2FE214B9D4200
:101830008046B8DD204B9D422BDC05F17F452946D3
:101840004FF07E5000F0CAFD81464FF07C5120469B
:1018500000F0CEFE294600F0C1FD41460546204677
:1018600000F0C6FE39460446304600F0C1FE01468F
:10187000204600F0B3FD0146284600F0AFFD0146CA
:10188000484600F0ABFDBDE8F8834FF07E50BDE860
:10189000F883DFF82C90094DD7E700BF4ED747AD4E
:1018A000F6740F317CF29334010DD037610BB63AE8
:1018B000ABAA2A3D9999993E0000483F0000903E0E
:1018C0000000383F2DE9F04FDDB0C64C0793013BD7
:1018D0000193D31E48BF131DDB10669D0B9123EAB5
:1018E000E37154F8254004944B1CA2EBC303059309
:1018F000049A019B0991CF1AD318064618D43B4489
:1019000000255C1C0DF18008DDF89C9108E059F879
:10191000270000F019FE0137A74248F8040B07D052
:10192000002FF4DA01372846A74248F8040BF7D114
:10193000049B002BC0F2FD82079B0499321F9B0081
:10194000D518039220AA89000693D61849AB0291B4
:1019500003EB010848AF4FF00009019B002BC0F2D8
:101960009F81039CB246CB465AF8041D54F8040FDD
:1019700000F03EFE0146584600F032FDAC42834680
:10198000F2D147F804BB474506F10406E5D1029AB7
:1019900006990398049C0DF1300AA2F10803534400
:1019A0000A930BAB014413440D460893A3005CAAB1
:1019B0000293D318002C53F850BC22DD0DF590781B
:1019C00008EB840657464FF06E51584600F010FE63
:1019D00000F0EAFF00F0B8FD4FF08741814600F0CB
:1019E00007FE0146584600F0F9FC00F0DDFF56F80E
:1019F000041D47F8040B484600F0F2FC46458346B8
:101A0000E1D1059F5846394600F016FC4FF0785159
:101A1000064600F0EDFD00F0CBFB4FF0824100F0F8
:101A2000E7FD0146304600F0D9FC064600F0BCFF59
:101A3000834600F089FD0146304600F0CFFC002FC0
:101A4000064640F3D180611EC7F108035AF82120F1
:101A5000384642FA03F707FA03F3D31AC0F107082E
:101A60004AF82130BB4443FA08F8B8F1000F29DDE9
:101A7000002C0BF1010B40F34582DAF80070002FC7
:101A800040F09780012C0AD05146012251F8047F82
:101A9000531C002F40F08F809C421A46F6D1059BC4
:101AA000002B0BDD012B00F09781022B06D1621E6B
:101AB0005AF8223003F03F034AF82230B8F1020FFF
:101AC00000F0D7800021304600F026FF002800F00B
:101AD000A180049B671EBB420FDC04F18043013BE5
:101AE00008980AEB8303002253F80419834242EA60
:101AF0000102F9D1002A40F0DC80049B013B5AF836
:101B00002330002B40F0C9800A9B4FF0010853F8A6
:101B1000042908F10108002AF9D008EB040304F1B4
:101B200001099945069339DC099A079909EB0206E0
:101B300002EB030B06F18046679B013E03EB860632
:101B400048AB03EB8909679B0C4403EB8B0320A98B
:101B500001EB8404029356F8040F00F0F5FC019B9E
:101B60002746002B47F8040B1ADB043CDDF80CB0C9
:101B70004FF0000801E054F804095BF8041F00F07E
:101B800037FD0146404600F02BFCAB458046F2D1C4
:101B9000029B49F8048B9E423C46DCD1069C05E73B
:101BA000029B4FF000089E4249F8048B3C46D2D17C
:101BB000F4E701230022C7F580779C424AF822709F
:101BC0000EDD02995AF82320514489460AEB83031B
:101BD00000E01A68C2F1FF0243F8042B4B45F8D12C
:101BE00001275CE72C51020005D1631E5AF823300F
:101BF0004FEA232839E74FF07C5100F0ABFE002874
:101C000040F0798180460021304600F085FE0028B2
:101C10007FF45FAF059BCDF808805942304600F055
:101C20000BFB4FF08741054600F094FE002800F0C2
:101C30006B814FF06E51284600F0DAFC00F0B4FEE4
:101C400000F082FC4FF08741064600F0D1FC0146CF
:101C5000284600F0C3FB00F0A7FE4AF824003046F7
:101C600000F0A2FE059B671C083305934AF8270085
:101C700033E031464FF07E5000F0B0FB0646002FB7
:101C80003FF420AF05994FF07E5000F0D5FA0146A1
:101C9000304600F0A3FB064614E74FF001083CE78E
:101CA000CB4647F804BB474506F104067FF455AE22
:101CB0006DE6059A5AF82730CDF80880083A059263
:101CC0005BB907F18043013B0AEB830353F8041926
:101CD000013F083A0029F9D0059205994FF07E504E
:101CE00000F0AAFA002F0446C0F22C814FEA8708C0
:101CF00048AA08F10403904406934FF06E560AEB8D
:101D0000030908F1040559F8040D00F01DFC2146F3
:101D100000F06EFC314645F8040D204600F068FCEA
:101D2000D1450446EFD134AB7A1CDDF81090039313
:101D3000A8F10408019200269A46CDF814B0049741
:101D4000B9F1000FC0F2D5808D4D8E48C3460027F3
:101D5000002403E0B4420DDC55F8040F5BF8041FC7
:101D600000F046FC0146384600F03AFB0134A1453C
:101D70000746EFDA019B4AF8047B01369E42A8F140
:101D80000408DDD1669BDDE9047B032B1FD8DFE867
:101D900003F09A87872B029B0020002B40F0BB802A
:101DA0000B9B01461860349800F018FB002F0CDDE7
:101DB00034AD0124013455F8041F00F011FBA74293
:101DC000F8DA029B002B40F0B1800B9B58600BF0BF
:101DD00007005DB0BDE8F08F621E5AF8223003F0B4
:101DE0007F034AF8223069E6002F40F3C680BE0028
:101DF0005CAB334434AA53F8A08C039294199246F6
:101E000054F8049C4146484600F0EAFA054601466B
:101E1000484600F0E3FA414600F0E2FA206044F858
:101E2000045DA245A846EBD1012F40F3A6805CAB30
:101E30003344039A53F8A08C1644344635AF54F813
:101E4000049C4146484600F0CBFA05460146484608
:101E500000F0C4FA414600F0C3FA206044F8045D83
:101E6000A742A846EBD1039D00200436083556F85A
:101E7000041D00F0B5FAB542F9D10299349A359BA8
:101E800029B102F1004203F1004300F100400B9937
:101E900088600BF007000A604B605DB0BDE8F08F12
:101EA000002FFFF678AF34AD05EB87040020043433
:101EB00054F8041D00F094FAA542F9D1029B002BBE
:101EC0003FF46EAF27E0069B039D1C4600202C4488
:101ED00054F8041D00F084FAA542F9D1029B0BB11D
:101EE00000F100400B9B18600BF007005DB0BDE8EF
:101EF000F08F00273EE7002C0BF1010B34DD4FF093
:101F00000208BAE50027CAE5284600F04DFD27463D
:101F10004AF82400E1E60B9A00F100430146136001
:101F2000349800F05BFA002F3FF742AF00F1004019
:101F30004BE7331F0393079B9B000693049B9B0077
:101F4000029324E5669B032B3FF641AF01A252F8B2
:101F500023F000BF651F0200A11E0200A11E0200A7
:101F6000E91D02000020B9E731464FF07E5000F035
:101F700035FA4FF002080646A4E500207DE700BFD1
:101F8000005102000000C93F2DE9F84320F0004352
:101F9000B3F1485F04460F46904603DA00F004FDB3
:101FA000002858D02146204600F022FB0546014675
:101FB000204600F01DFB29490646284600F018FB84
:101FC000274900F00BFA294600F012FB254900F0E2
:101FD00007FA294600F00CFB234900F0FFF92946D7
:101FE00000F006FB214900F0FBF98146B8F1000F33
:101FF00022D04FF07C51384600F0FAFA494680462C
:10200000304600F0F5FA0146404600F0E7F929466F
:1020100000F0EEFA394600F0E1F915490546304680
:1020200000F0E6FA0146284600F0DAF901462046BB
:1020300000F0D4F9BDE8F8830146284600F0D8FA4C
:102040000B4900F0CBF9314600F0D2FA214600F0FE
:10205000C7F9BDE8F8832046BDE8F883D3C92E2F21
:10206000342FD7321BEF3836010D50398988083CA0
:10207000ABAA2A3E41F0004101F58010C00F704725
:102080000020704700200149704700BF0000F87F22
:102090002DE9F041C1F30A57A7F2FF35132D82B0A5
:1020A00002460B460C464FEAD178064633DC002D3B
:1020B0004EDB3B49294103EA0100104326D0490881
:1020C0000B4052EA03060CD04FF48023132D24EA70
:1020D000010143FA05F444EA01040CBF4FF0004645
:1020E0000026304901EBC8082346D8E900453246AE
:1020F00020462946FCF79AFECDE9000122462B46F0
:10210000DDE90001FCF790FE02460B461046194639
:1021100002B0BDE8F081332D07DDB5F5806FF5D154
:10212000FCF784FE02460B46F0E7A7F213474FF098
:10213000FF31F9400842E9D049080842D1D04FF0B8
:10214000804320EA010143FA07F741EA0706C8E79E
:1021500021F000410143D9D0C3F3130101434E42A2
:10216000104D0E43360B05EBC8055C0C06F400233E
:10217000D5E90067640443EA04010B46304639465A
:10218000FCF754FECDE9000132463B46DDE9000193
:10219000FCF74AFE21F00041024641EAC873B5E768
:1021A000FFFF0F004835020020F00040704700BFDD
:1021B0002DE9F04120F00047FC0D7F3C162C054630
:1021C00018DC002C804620DB184F2741384214D001
:1021D000174900F005F9002100F0C6FB68B1002D99
:1021E00004DA4FF4000343FA04F4A04428EA070099
:1021F000BDE8F081B7F1FF4F02D22846BDE8F0817B
:10220000014600F0EDF8BDE8F081094900F0E8F87A
:10221000002100F0A9FB0028EFD0002D01DB0020F9
:10222000ECE7002FE9D00348E8E700BFFFFF7F009D
:10223000CAF24971000080BF10B50C4630F0004171
:10224000034610D0B1F1FF4F0ED2B1F5000F0FD3FE
:102250000246C80D2044FE281EDC002824DD22F0A2
:10226000FF4242EAC05010BD014600F0B9F810BD6F
:102270004FF0984100F0BCF9184A9442034607DB3E
:102280000246C0F3C7501938E4E7154800F034F8A7
:10229000134900F0ADF910BD1946124800F02CF8B2
:1022A000104900F0A5F910BD10F1160F0BDA4CF231
:1022B000503294421946E8DD0A4800F01DF80949F9
:1022C00000F096F910BD22F0FF42193042EAC050EA
:1022D0004FF04C5100F08CF910BD00BFB03CFFFF37
:1022E0006042A20DCAF2497103F0004321F000429E
:1022F00042EA0301704700BF01F0004120F00040B6
:102300000843704710B5054C13462CB10A460146E8
:102310000220AFF3008010BD2046FCE70000000063
:10232000014B1868704700BF4000002070B50D4E8B
:102330000D4CA41BA4100025A54209D10B4E0C4C3A
:1023400002F080FFA41BA4100025A54205D170BD9A
:1023500056F8253098470135EEE756F8253098476E
:102360000135F2E750520200505202005052020072
:1023700060520200024B0146186800F0A7BC00BF83
:102380004000002038B5074C00230546084611469A
:10239000236000F037FB431C02D1236803B12B609C
:1023A00038BD00BF300A0020084B37B51C68084D07
:1023B000236A002B08BF2B46009313460A460146AA
:1023C000204600F0B5FC03B030BD00BF4000002047
:1023D000A400002080F0004002E000BF81F0004136
:1023E00042001FBF5FEA410392EA030F7FEA226CBB
:1023F0007FEA236C6AD04FEA1262D2EB1363C1BF4B
:10240000D218414048404140B8BF5B42192B88BFB9
:10241000704710F0004F40F4000020F07F4018BFDC
:10242000404211F0004F41F4000121F07F4118BFFC
:10243000494292EA030F3FD0A2F1010241FA03FCA4
:1024400010EB0C00C3F1200301FA03F100F000438C
:1024500002D5494260EB4000B0F5000F13D3B0F154
:10246000807F06D340084FEA310102F10102FE2AC3
:1024700051D2B1F1004F40EBC25008BF20F0010033
:1024800040EA03007047490040EB000010F4000FE1
:10249000A2F10102EDD1B0FA80FCACF1080CB2EB74
:1024A0000C0200FA0CF0AABF00EBC25052421843D3
:1024B000BCBFD0401843704792F0000F81F4000178
:1024C00006BF80F400000132013BB5E74FEA41034B
:1024D0007FEA226C18BF7FEA236C21D092EA030FB7
:1024E00004D092F0000F08BF0846704790EA010F31
:1024F0001CBF0020704712F07F4F04D1400028BF5E
:1025000040F00040704712F100723CBF00F500003F
:10251000704700F0004343F0FE4040F40000704775
:102520007FEA226216BF08467FEA23630146420221
:1025300006BF5FEA412390EA010F40F48000704734
:102540004FF0000304E000BF10F0004348BF4042DA
:102550005FEA000C08BF704743F0964301464FF016
:1025600000001CE050EA010208BF70474FF0000372
:102570000AE000BF50EA010208BF704711F00043B3
:1025800002D5404261EB41015FEA010C02BF844683
:102590000146002043F0B64308BFA3F18053A3F5E2
:1025A0000003BCFA8CF2083AA3EBC25310DB01FA29
:1025B00002FC634400FA02FCC2F12002BCF1004FAD
:1025C00020FA02F243EB020008BF20F0010070473E
:1025D00002F1200201FA02FCC2F1200250EA4C0092
:1025E00021FA02F243EB020008BF20EADC707047D8
:1025F0004FF0FF0C1CEAD0521EBF1CEAD15392EAE6
:102600000C0F93EA0C0F6FD01A4480EA010C4002C1
:1026100018BF5FEA41211ED04FF0006343EA50101B
:1026200043EA5111A0FB01310CF00040B1F5000F5D
:102630003EBF490041EAD3715B0040EA010062F10C
:102640007F02FD2A1DD8B3F1004F40EBC25008BFF6
:1026500020F00100704790F0000F0CF0004C08BF14
:1026600049024CEA502040EA51207F3AC2BFD2F1E1
:10267000FF0340EAC250704740F400004FF00003EF
:10268000013A5DDC12F1190FDCBF00F00040704729
:10269000C2F10002410021FA02F1C2F1200200FA67
:1026A00002FC5FEA310040F1000053EA4C0308BF2E
:1026B00020EADC70704792F0000F00F0004C02BF7F
:1026C000400010F4000F013AF9D040EA0C0093F0FA
:1026D000000F01F0004C02BF490011F4000F013B54
:1026E000F9D041EA0C018FE70CEAD15392EA0C0FC2
:1026F00018BF93EA0C0F0AD030F0004C18BF31F02D
:10270000004CD8D180EA010000F00040704790F002
:10271000000F17BF90F0004F084691F0000F91F0A6
:10272000004F14D092EA0C0F01D142020FD193EA6C
:102730000C0F03D14B0218BF084608D180EA0100F4
:1027400000F0004040F0FE4040F40000704740F0D0
:10275000FE4040F4400070474FF0FF0C1CEAD0529E
:102760001EBF1CEAD15392EA0C0F93EA0C0F69D0FA
:10277000A2EB030280EA010C49024FEA402037D065
:102780004FF0805343EA111143EA10130CF000405C
:102790008B4238BF5B0042F17D024FF4000C8B424C
:1027A00024BF5B1A40EA0C00B3EB510F24BFA3EB2C
:1027B000510340EA5C00B3EB910F24BFA3EB9103FC
:1027C00040EA9C00B3EBD10F24BFA3EBD10340EA56
:1027D000DC001B0118BF5FEA1C1CE0D1FD2A3FF69C
:1027E00050AF8B4240EBC25008BF20F00100704751
:1027F0000CF0004C4CEA50207F32C2BFD2F1FF03F4
:1028000040EAC250704740F400004FF00003013A24
:1028100037E792F0000F00F0004C02BF400010F4C8
:10282000000F013AF9D040EA0C0093F0000F01F0DC
:10283000004C02BF490011F4000F013BF9D041EAFE
:102840000C0195E70CEAD15392EA0C0F08D1420231
:102850007FF47DAF93EA0C0F7FF470AF084676E704
:1028600093EA0C0F04D14B023FF44CAF08466EE7DD
:1028700030F0004C18BF31F0004CCAD130F00042AB
:102880007FF45CAF31F000437FF43CAF5FE700BF03
:102890004FF0FF3C06E000BF4FF0010C02E000BF2C
:1028A0004FF0010C4DF804CD4FEA40024FEA4103CE
:1028B0007FEA226C18BF7FEA236C11D001B052EA84
:1028C000530C18BF90EA010F58BFB2EB030088BF4A
:1028D000C81738BF6FEAE17018BF40F001007047B9
:1028E0007FEA226C02D15FEA402C05D17FEA236C9B
:1028F000E4D15FEA412CE1D05DF8040B704700BFE2
:10290000844608466146FFE70FB5FFF7C9FF002878
:1029100048BF10F1000F0FBD4DF808EDFFF7F4FFB1
:102920000CBF012000205DF808FB00BF4DF808ED4A
:10293000FFF7EAFF34BF012000205DF808FB00BF6D
:102940004DF808EDFFF7E0FF94BF012000205DF88F
:1029500008FB00BF4DF808EDFFF7D2FF94BF012040
:1029600000205DF808FB00BF4DF808EDFFF7C8FF39
:1029700034BF012000205DF808FB00BF4FEA400291
:102980004FEA41037FEA226C02D15FEA402C08D172
:102990007FEA236C02D15FEA412C02D14FF00000A4
:1029A00070474FF0010070474FEA4002B2F1FE4F0E
:1029B0000FD34FF09E03B3EB12620DD94FEA002301
:1029C00043F0004310F0004F23FA02F018BF4042DA
:1029D00070474FF00000704712F1610F01D14202C1
:1029E00005D110F0004008BF6FF0004070474FF075
:1029F00000007047024B58221A604FF0FF307047BA
:102A0000300A0020024B58221A604FF0FF30704706
:102A1000300A0020FEE700BF182A70B514460E46A3
:102A2000054602D9F9F714FF30B922463146284647
:102A3000BDE87040EAF794BF224631462846BDE81B
:102A40007040EBF705B802682DE9F0471268089E60
:102A50000C4600210746994690472025236801210E
:102A60001B6820469847236800211B68204698472A
:102A7000013DF3D116B309EB060A0AF1FF3A09F159
:102A8000FF3919F8018F082680253B6818EA050FE1
:102A900014BF012100211B68384698472368012193
:102AA0001B6820469847236800211B6820469847EA
:102AB000013E4FEA5505E8D1CA45E2D13B683846A8
:102AC0001B68012198472025236801211B682046A7
:102AD0009847236800211B6820469847013DF3D1A1
:102AE000BDE8F0872DE9F041069EA0B199B193B100
:102AF0008EB1182E07461D4690460C4602D9F9F7AE
:102B0000A7FE50B906962B46424621463846BDE8F8
:102B1000F041FFF798BFBDE8F08106962B4642468C
:102B200021463846BDE8F041EAF7FCBFA0B19BB1B1
:102B300030B55C6883B06CB1042A03F1080306D099
:102B40002246194603B0BDE83040FFF765BF009448
:102B5000FFF7C8FF03B030BD70472DE9F04182B0E8
:102B60004FF0FF31142002AFE8F718FAEBF766F8E0
:102B700000210546C820E8F711FA0DB1002838DA1F
:102B80004FF0FF310820E8F709FAEBF757F84FF05C
:102B9000FF3105460720E8F701FAEBF74FF800216F
:102BA0000646C920E8F7FAF905B3FEB100281DDD95
:102BB0008400E31D23F00703E846ADEB030D02ABF1
:102BC000184622460021EFF7EFFE002C034605DDF4
:102BD0000022E021995404329442FBDC00943146F7
:102BE00028464FF48072FFF72EFFC546BD46BDE86C
:102BF000F08100EB4004E31D23F007036E46ADEBCC
:102C0000030D02AB184622460021EFF7CDFE0CB9AA
:102C1000B546B5E7014622462846FFF7FDFEB54614
:102C2000AEE7E9F7A7BC00F005B80B460146184629
:102C3000FFF768BB10B5002814BF044601242046E6
:102C4000E9F748FE30B9FCF7DBF808B900F00FF8F7
:102C50008047F4E710BD08B500F004F808B58047D8
:102C600000F005F808B5FCF7D3F8FFF7F7FF08B553
:102C70000620FFF77FFB0120FFF7CCFE30B50024D4
:102C8000A24201D1002007E0035D01340D1915F8BF
:102C9000015CAB42F4D0581B30BD884210B501EB4B
:102CA000020307D8421E99420AD011F8014B02F8DC
:102CB000014FF8E78342F5D98118D21AD34200D1E7
:102CC00010BD13F8014D01F8014DF7E71F2938B584
:102CD00004460D4604D9162303604FF0FF3038BD7B
:102CE000426C12B152F821304BB9204600F016F870
:102CF0002A4601462046BDE83840FFF743BB012B7A
:102D00000AD0591C03D1162303600120E7E70024F1
:102D100042F82540284698470020E0E7FFF76ABEC2
:102D2000034613F8012B002AFBD1181A013870470B
:102D30002DE9F0478046894692461E460F463D469D
:102D4000089815F8014B00F06EF82044437813F012
:102D5000080332D12D2C32D17C78BD1C0122002EEB
:102D60005DD0102E09D1302C07D12B7803F0DF0372
:102D7000582B4FD16C7810260235002A14BF4FF023
:102D800000416FF000410027B1FBF6FC384606FB1E
:102D90001C1EA4F13003092B17D81C46A64223DDC4
:102DA0007B1C07D084451CD301D1A64519DB00FB51
:102DB0000640012715F8014BEBE72F46BFE72B2C08
:102DC00004BFBD1C7C781A46C9E7A4F14103192B46
:102DD00001D8373CE2E7A4F16103192B04D8573C32
:102DE000DCE74FF0FF37E5E77B1C08D12223C8F86A
:102DF00000300846BAF1000F07D1BDE8F08702B1F4
:102E00004042BAF1000FF8D00FB105F1FF39CAF80E
:102E10000090F2E73024002EAFD10826ADE7302C29
:102E2000A3D00A26A9E7D0F8EC00704782B001B918
:102E300001A942B14BB113780B601278101C18BF76
:102E4000012002B070471046FBE76FF00100F8E781
:102E500049B1FF2A85BF8A2303600A704FF0FF3013
:102E600098BF01207047084670470000000000002E
:102E70000000000000000000000000000000000052
:102E80000108010842424242010801083ED8E98D8A
:102E900000000000D593000039940000E994000080
:102EA000199500008DD4000035E3000079CB0000B7
:102EB00069CF000075CF00008DCF000089AF000002
:102EC00081CF0000DDCB000049CF000091BC0000A5
:102ED0009DAF000025B3000051B2000001B2000018
:102EE00055B40000BDAC0000C1AE0000D1AE000082
:102EF000E5AE000001AF0000D9B7000039B700000F
:102F000011BD000069BD000085F2000089F20000DB
:102F1000AC3702007C370200043702004C37020055
:102F2000DC3702004838020078380200903A02008C
:102F300081CA000039CC000029CA000025BF00006A
:102F4000A5F200009DF20000A1F2000041BB0000CC
:102F500075B90000E5B9000085B0000099B0000027
:102F6000B9B0000049B100005DB1000095B10000AA
:102F700019AB00002DAF000041AF000045AF0000CD
:102F80004DAF000059AF000061AF000071AF00000D
:102F900079AF000081AF000029B9000059B90000E5
:102FA0002DCC000039D0000065D00000D1D0000049
:102FB00019BF000031BF00003DC80000F1A80000AB
:102FC000FDA8000055A900005DA9000079AE000031
:102FD00085AE0000CDA9000075AB000069AD000012
:102FE0007DAB0000E9AB0000A5AC0000B5AC000073
:102FF00005B90000A1B40000C9B40000F1B400009C
:1030000049B5000075B5000029B3000021B40000E7
:1030100059B3000089B30000B1B30000D9B3000078
:10302000F9B3000095BA0000B9BA0000DDBA00009B
:1030300001BB000021BB000009B9000019B9000064
:10304000B9B70000C9B70000D5B500000DAF00004A
:10305000FDB50000B5B60000C9B60000DDB6000041
:10306000F1B6000005B7000019B700001DAF000061
:1030700025AF00008DF2000089AF000099AF00007D
:103080009DAF000019B000001DB0000021B000008D
:1030900035B0000069B000006DB000007DB00000E8
:1030A000A9B10000B5B10000B9B1000041BC0000F9
:1030B00085BD00009DBD0000C1BD000015BE000023
:1030C00035BE0000219900003599000049990000A3
:1030D0005D990000719900008599000099990000A0
:1030E000AD99000021D1000049D100005DD1000060
:1030F00071D1000085D1000099D10000ADD1000050
:10310000C1D10000259A0000299A0000419A0000D0
:10311000559A00006D9A0000819A0000FD9D000004
:10312000399F0000E59A0000E99A0000199B000011
:10313000459B0000C59B0000D19B0000159C000032
:10314000899C0000A19C0000C99C0000D19C00004B
:1031500071CA000075CA0000599F00005D9F000001
:10316000699F00006D9F0000719F0000799F000023
:103170007D9F0000819F0000A19F0000BD9F000077
:10318000E59F0000E99F0000F19F000005A00000FE
:1031900011A0000015A00000D5D1000055D20000FC
:1031A000E9D200004DD3000055D300005DD30000EC
:1031B0006DD300007DD300002D2B02002DEE010009
:1031C0007DF60100B9F6010029EE0100EDF30100E2
:1031D00099F101008DD4000015E300009DDB000093
:1031E00009DC00003DDC000051DC0000A5DC000033
:1031F000A9DC0000B1DC0000BDDC0000C5DC000083
:1032000001DE000011DE000019DE000039DE0000E2
:1032100071DE0000EDDE000031E00000D9E00000CA
:10322000E1E00000F9E0000001E1000085D70000C6
:103230009DD70000ADD70000B5D70000CDD7000066
:10324000E9D700008DD80000D5D80000F5D70000E0
:1032500041E200009DE20000B5E20000BDE2000096
:1032600001E3000009E3000049D900004DD9000046
:1032700059D900005DD90000E5E60000E9E600004C
:10328000EDE60000F1E60000F5E60000F9E60000DA
:10329000FDE600000DE500003DE50000D1E6000080
:1032A000D5E60000D9E60000DDE60000E1E600001A
:1032B00001E7000075E70000D9E700003DE80000E5
:1032C000ADE80000C9E8000035E9000079F0000031
:1032D00075F2000065F10000FDF10000B5F000009E
:1032E000B9F00000BDF00000C1F00000C5F0000022
:1032F000C9F00000CDF00000D1F00000D5F00000D2
:10330000D9F00000393B0100653B0100ED3B0100B5
:10331000393C0100853C0100953C0100613E010003
:103320007DF7000085F700008DF700009DF7000095
:10333000B1F70000D5160100BDF70000EDF7000061
:1033400051FB0000F9F700005DF80000D1FB000020
:1033500081FD000099FD0000C1FD00001127010062
:10336000CDFD00002DFE000059250100E5270100DC
:1033700079FE000079FF000071280100F1240100AE
:10338000B5240100DD2401006D290100A501010023
:103390008D02010041050100A10701000D0A010095
:1033A000790E0100410F010091140100391501004F
:1033B00035160100A529010091280100913F010067
:1033C00001400100653E01006D3E0100753E0100B7
:1033D0007D3E0100A53E0100153F0100253F010093
:1033E000513F0100CD4C0100F54C0100154D01008D
:1033F000394D0100854D0100C94D0100A94E010064
:10340000C54E0100494F0100A94F01000000000016
:1034100001000000000000000A00000000000000A1
:103420006400000000000000E8030000000000004D
:103430001027000000000000A0860100000000002E
:1034400040420F000000000080969800000000003D
:1034500000E1F5050000000000CA9A3B00000000F2
:1034600000E40B540200000000E87648170000005A
:103470000010A5D4E800000000A0724E180900005A
:1034800000407A10F35A00004FBB610567ACDD3F86
:10349000182D4454FB21E93F9BF681D20B73EF3F7B
:1034A000182D4454FB21F93FE2652F227F2B7A3CF3
:1034B000075C143326A6813CBDCBF07A8807703CAC
:1034C000075C143326A6913C000000000000E03F9A
:1034D000000000000000E0BF0000E0FE422EE63FDA
:1034E0000000E0FE422EE6BF763C7935EF39EA3D3A
:1034F000763C7935EF39EABD00000000000000009D
:10350000000000000000008000000040FB21F93FA7
:10351000000000002D44743E000000809846F83CF6
:103520000000006051CC783B00000080831BF03924
:103530000000004020257A38000000802282E33617
:10354000000000001DF3693500000000000030435A
:1035500000000000000030C3000000000000000078
:103560003195000039950000E17E0100197F0100CE
:103570003D95000051950000A9620100196201000B
:10358000616201001D620100A97D0100397F010017
:103590002966010075707369646500006E6F726D55
:1035A000616C0000636F6F7264696E617465207393
:1035B000706163653A202564202F2025642C202526
:1035C000730000006163633A206D6F756E74696EFD
:1035D000670000006163633A207573696E6720536A
:1035E00044412C2053434C006163633A206E6F20AA
:1035F00069326320617661696C61626C650000000C
:103600006163633A206E6F742064657465637465EA
:10361000640000006163633A2064657465637465E7
:1036200064202564000000006163633A2064616DDA
:103630006167656420616363656C6572656F6D7455
:103640006572206F7220696E76616C6964204143F7
:1036500043454C45524F4D455445525F5459504592
:10366000000000006163633A20696E76616C6964F2
:1036700020414343454C45524F4D455445525F54BC
:10368000595045006163633A206D6F756E746564CF
:10369000000000003031323334353637383961625A
:1036A00063646566000000006661696C656420748F
:1036B00079706520636865636B20666F7220257082
:1036C00020402570000000005654202570202D2039
:1036D0006F626A7479706520256420636C6173730E
:1036E0004E6F202564000000756E68616E646C6525
:1036F0006420657863657074696F6E2C2076616CE8
:1037000075653A000C0003F900000000010000009C
:103710000000000019A6000091BC00008DA400006C
:1037200001A60000CDA50000C1A50000B5A50000C0
:10373000E1A500006D697373696E672070726F7028
:1037400065727479206F6E20257000000C0003F9FB
:1037500000000000010000000000000019A60000A9
:1037600091BC000081A400006DA3000071A30000C3
:103770007DA3000081A3000085A300000C0003F9D5
:1037800000000000010000000000000019A6000079
:1037900091BC0000F9A50000D5A20000DDA2000048
:1037A000E1A20000E5A2000029A300000C0003F93B
:1037B00000000000010000000000000019A6000049
:1037C00091BC000011A60000B5A20000BDA200003F
:1037D000C1A2000015A60000C5A200000C0003F95C
:1037E00000000000010000000000000019A6000019
:1037F00091BC000009A600008DA300009DA300005D
:103800000DA6000005A60000ADA300005B4E61748C
:103810006976652025705D005B5265664F626A655A
:1038200063742076743D257020636C3D256420739D
:103830007A3D25645D0000005B2573202570203DE6
:103840002025735D00000000080004F9000000005E
:10385000030000000000000019A6000091BC000059
:1038600000000000B5A30000000000000000000000
:1038700000000000000000000C0002F90000000041
:10388000020000000000000019A6000091BC00002A
:1038900000000000FDA50000000000000000000086
:1038A0000000000000000000AC3702000700626F5B
:1038B0006F6C65616E000000AC3702000900756E28
:1038C000646566696E6564004838020000000000A7
:1038D00000000000AC37020000000000AC3702001E
:1038E000080066756E6374696F6E0000AC37020085
:1038F0000900756E646566696E656400AC37020028
:103900000800496E66696E6974790000AC37020080
:1039100003004E614E000000AC37020009002D4943
:103920006E66696E69747900AC37020004006E75CA
:103930006C6C0000AC370200040074727565000006
:10394000AC370200050066616C736500AC3702009D
:1039500008005B4F626A6563745D0000AC3702006B
:103960000A005B46756E6374696F6E5D000000004F
:10397000AC37020006006E756D62657200000000D3
:10398000AC37020006006F626A65637400000000D5
:10399000AC3702000600737472696E6700000000A5
:1039A0006763416C6C6F6328256429202825642F88
:1039B000256420667265653B202564206D61782052
:1039C000626C6F636B29202D3E206E657720626CE0
:1039D0006F636B002D2D4D41524B000052503A2524
:1039E000702F25640000000052473A25702F25648F
:1039F0000000000047432025642F2564206672657F
:103A0000653B202564206D6178426C6F636B00001C
:103A1000686561703A20256420286D696E75732091
:103A2000256420737973206279746573290000001E
:103A3000474320626C6F636B202564622040202521
:103A4000700000005265665265664C6F63616C20C1
:103A5000257020763D257000526566436F6C6C655D
:103A60006374696F6E2025702073697A653D2564E3
:103A7000000000005265665265636F726420257015
:103A80002073697A653D256420627974657300004E
:103A90000C0005F900000000040000000000000018
:103AA00071CB000099CA0000FDC9000045CA0000A2
:103AB0000000000000000000000000000000000006
:103AC00076617269616E74206E6F742073757070A8
:103AD0006F727465643A2025730000005265664D6C
:103AE00061702025702073697A653D2564000000AF
:103AF0005365676D656E743A2025702C206C656E79
:103B00006774683A2025642C2073697A653A202509
:103B1000640000002D3E2025640000004572726F95
:103B2000723A202564205B25645D00005265664181
:103B30006374696F6E2025702070633D2558207373
:103B4000697A653D25640000140004F90000000056
:103B500008000000000000008DCA0000C9CA000073
:103B600011CA000055CA000000000000000000005B
:103B70000000000000000000080004F90000000040
:103B8000070000000000000075CB0000B9CA00006B
:103B900009CA000051CA0000000000000000000037
:103BA00000000000000000000C0004F9000000000C
:103BB000060000000000000085CA000069CE000079
:103BC000F5C9000041CA000000000000000000002C
:103BD0000000000000000000636F6D6D2025642070
:103BE0002D3E202570000000525325643A25702F89
:103BF00025640000756E6B6E6F776E002320257351
:103C000000000000232025733A20257000000000EA
:103C10006932633A206C6F6F6B7570206465666102
:103C2000756C742070696E73000000006932633A2D
:103C300020666F756E64206578697374696E67209D
:103C4000693263006932633A206D6F756E74696E14
:103C500067206F6E206E6577206465766963650006
:103C60000000000000000000F1D80000F5D80000BE
:103C7000F9D80000FDD8000001D9000009D90000E2
:103C800011D900006E6F2070696E206366673A205C
:103C900025640000000000000000000031950000D5
:103CA00039950000CDDC0000D1DC0000D9DC00003B
:103CB000F1DC000000000000000000003195000071
:103CC00049DD0000CDDC0000D1DC000011DD00008A
:103CD00029DD0000616C6C6F6361746520544325BD
:103CE00064000000106B2C0000380040116C2F00A5
:103CF000003C0040126D320000A00141136E3500FF
:103D000000C00141146F38000014004215703B00E0
:103D1000001800422055160000600141215C1D0082
:103D20000080014122612200000C004200000000DE
:103D3000000000000A444D4553473A0A00000000C5
:103D40000A0A000000000000000000003195000099
:103D50005D780100CDDC0000D1DC0000CDE3000087
:103D6000E1E30000257801004979010071E30000DA
:103D70000000000000000000319500005D780100A7
:103D8000CDDC0000D1DC0000FDE3000011E4000008
:103D900025780100CDE4000085E40000000000006B
:103DA0000000000009F0000021EA000081EB0000A3
:103DB000D5EB000047EBF02D935A16C80F1F3F00BC
:103DC000ADF20000F9F200005DF3000000030C0FFB
:103DD00030333C3FC0C3CCCFF0F3FCFF00112233A3
:103DE000445566778899AABBCCDDEEFF52656649DB
:103DF0006D6167652025702073697A653D256420B3
:103E000078202564000000000C0004F90000000088
:103E10000500000000000000A9F20000C1F300004E
:103E2000EDC900003DCA00000000000000000000D5
:103E300000000000000000004A44413A206D616724
:103E40006963206D69736D61746368202578000073
:103E5000696E76616C69642073757065722D667227
:103E6000616D65202564202564000000696E76611F
:103E70006C69642073757065722D6672616D652062
:103E80002564202564202564000000000609090936
:103E900006040604040E070806010F0F08040906AD
:103EA0000C0A091F081F010F100F08040E110E1F26
:103EB000080402010E110E110E0E110E0402110063
:103EC0000E1B110001807811807820003A01031345
:103ED000800A29800A0000002A2A2A20434F4441F0
:103EE0004C2050414E4943203A205B25645D000040
:103EF000373448433A2077616974696E672E2E2EF5
:103F000000000000373448433A206E6F2077616923
:103F10007420726571756573746564003734484345
:103F20003A20257800000000636F6E666967207490
:103F30007970653A2025643B20636667303D2578BB
:103F400020636667313D257800000000636F6E6670
:103F500069677572652073637265656E3A204652B3
:103F60004D435452313D2570204D414443544C3D06
:103F7000257020747970653D256400007363726557
:103F8000656E3A20256420782025642C206F6666B3
:103F90003D25642C2564000072756E6E696E672085
:103FA000666C6173682046532047433B206E65650D
:103FB0006465642025642C206C656674202564008B
:103FC000474320646F6E653A2025642066726565FC
:103FD000000000006F7574206F6620737061636568
:103FE00021206E65656465643D256400666F726DB1
:103FF000617474696E672E2E2E0000006D6F756EF1
:104000007465642C20656E643D2578206D6574614F
:104010003D257820667265653D257800000000002A
:1040200000000000954A0100054A0100B54A010060
:10403000E9490100636C656172696E67207573659B
:10404000722066696C657300666F6F626172000052
:104050000000000000000000A9530100855301008A
:10406000A15301007D5301009D53010095530100B0
:104070008D53010030780000444D455347206C6952
:104080006E6520746F6F206C6F6E67210A000000F0
:10409000250000003F3F3F000D0A00000000000027
:1040A000000000003195000039950000CDDC0000D3
:1040B000D1DC0000A9610100C1610100A56101001E
:1040C000000000000000000031950000399500005C
:1040D000CDDC0000D1DC000029620100416201005A
:1040E000A962010019620100616201001D62010004
:1040F0002162010021620100296601000000000028
:10410000000000003195000039950000CDDC000072
:10411000D1DC00000000000000000000796901000F
:10412000572C020000000000000000003195000044
:1041300039950000796A0100D1DC00000000000020
:1041400000000000572C0200572C0200572C0200E0
:10415000572C0200572C0200572C0200F96F010067
:104160000000000000000000F9720100E972010087
:1041700000000000000000003195000039950000AB
:10418000CDDC0000D1DC0000A5770100B97701008B
:1041900079690100D57701000000000000000000EF
:1041A000319500005D780100CDDC0000D1DC00001D
:1041B0002D7801004178010025780100497901003E
:1041C000EF03038002CF0300C130ED0464031281CA
:1041D000E803850078CB05392C003402F70120EA8A
:1041E000020000C00123C10110C5023E28C701869C
:1041F0003601083701003A0155B1020018B603082C
:104200008227F20100260101E00F0F312B0C0E086E
:104210004EF1370710030E0900E10F000E140311D1
:104220000731C148080F0C31360F1180782980788A
:104230000000000000000000000000000D7A0100F6
:1042400039950000CDDC00005D940100D5790100B6
:10425000ED79010064420200040000008442020083
:104260000700000002000000000000000400000041
:104270000100000008000000020000001000000023
:1042800003000000C4090000700000008813000053
:10429000600000001027000050000000204E0000C9
:1042A00040000000409C000030000000A08601009B
:1042B0002000000040420F0010000000000000003D
:1042C000000000003195000039950000A57D010037
:1042D000657C0100357C0100497C0100597B0100AF
:1042E000657B01006D7B0100797B0100817B010012
:1042F000997D010029660100020004010802000006
:10430000E204000000000000C409000008000000F2
:1043100088130000100000001027000018000000A3
:10432000204E00002000000080380100280000001E
:10433000007102003000000000C4090038000000D5
:1043400000000000000000003195000039950000D9
:10435000E17E0100197F0100E97E0100FD7E010080
:10436000A962010019620100616201001D62010081
:10437000A97D0100397F0100296601004D505536A5
:1043800030353020696E6974202578000000000007
:10439000000000003195000039950000898201007D
:1043A000358001000580010019800100A96201002B
:1043B00019620100616201001D6201008D8001002F
:1043C0007D8201002966010000000000000000005D
:1043D0009D820100F95101009D550100000000007F
:1043E0000000000001880100918301000D8301009D
:1043F000AD8201001D850100A9850100F8FFFFFFC6
:10440000000000003195000039950000CDDC00006F
:10441000D1DC0000A1850100BD8501000000000085
:10442000000000003195000039950000CDDC00004F
:10443000D1DC0000CD880100E18801007188010015
:1044400000000000000000003195000039950000D8
:10445000CDDC0000D1DC0000298D01003D8D010084
:104460006D8C0100D57701000180781180782000E3
:104470003A0103E010021C07123732292D29252B9F
:104480003900010310E110031D07062E2C292D2EE3
:104490002E373F0000021013800A29800A00000016
:1044A0000000000000000000119501003995000097
:1044B000CDDC00005D9401008D8D0100A58D010013
:1044C0000000000000000000119601002596010088
:1044D0000000000000000000319500003995000048
:1044E000CDDC0000D1DC00004D9601006D9601008E
:1044F00095960100F8FFFFFF00000000E59701001E
:10450000FFFF0000FFFF00000000000000000000AF
:104510003195000039950000CDDC0000D1DC0000B1
:1045200031A0010071A0010031A301004DA30100E1
:10453000F8FFFFFF0000000059A30100F4FFFFFF98
:104540000000000045A30100000002000900150062
:1045500027003F005E008400B300EC002E017B01C9
:10456000D3013502A202180398031F04AC043D05D1
:10457000CF056106F0067907FA076F08D7083009FA
:104580007609AA09CA09D409CA09AA09760930090B
:10459000D7086F08FA077907F0066106CF053D05D1
:1045A000AC041F0498031803A2023502D3017B0157
:1045B0002E01EC00B30084005E003F0027001500D0
:1045C0000900020000000000504F4F21212100008F
:1045D0000000000000000000319500003995000047
:1045E000CDDC0000D1DC0000C1A3010075A40100F6
:1045F000A9A30100D9A6010001A40100F8FFFFFF53
:10460000000000006DA40100F4FFFFFF00000000A7
:10461000B9A30100E1A6010054582070696E6D75C0
:10462000783A202564207061643A20256420696E00
:1046300073743A202564000052582070696E6D75BD
:10464000783A202564207061643A20256420696EE0
:1046500073743A2025640000000000000000000090
:104660003195000039950000796A0100D1DC000025
:10467000C9A90100DDA90100F9A9010021AA0100D1
:104680003DA90100E5AB010021A9010031A901000C
:10469000F96F010001000200040008001000400052
:1046A0000001000474635F696E643A20256420632E
:1046B0006C6B5F696E6465783A20256400000000C9
:1046C0000000000000000000319500003995000056
:1046D000CDDC0000D1DC0000B1AE0100C9AE0100AC
:1046E000E1720100E5AC0100E9AE0100D9B00100C2
:1046F00019AF0100F5B001001DB10100FDAC0100D2
:1047000001AD010081AD010005AE010031AF010036
:1047100025B0010051AE0100E1AC01000000000035
:104720000000000099B2010049E9010049E90100D7
:1047300051E9010051E9010051B5010059E90100B9
:10474000C1B50100D1B2010000000000000000006E
:1047500051BD0100D1BD01004DB9010021C20100D0
:1047600065B90100ADBE0100D1B90100E1B9010098
:1047700011BA01001DBA0100B1BF01002DB901003D
:104780002DBA010035B901003DBA010051BA01004E
:1047900005C001003DB9010045B9010071BC01002F
:1047A00089C0010099BA01006DBB010025C001005C
:1047B00071C2010091C20100D5BA0100ECFFFFFFF8
:1047C0000000000065BB010053504920696E7374FE
:1047D000616E6365202570207265712025646B48C9
:1047E0007A2C20676F742025646B487A206261758B
:1047F000643D25640000000000000000000000008F
:10480000D1C20100DDC20100F9C7010091C301005E
:1048100075C70100FDC20100FCFFFFFF00000000A2
:1048200049C3010009091A1A1E1E000006040302EA
:104830000200000019191D1D2600000023072B0F80
:10484000FF0F0F0F3F45000100FFFF120F0F3F0149
:10485000010300FFFF320F0F3F4102050000FF0F71
:104860000F0F3F3F03070101FF0F0F0F3F3F2409C9
:104870002DFF060F0F0F3F3F250B2FFF070F0F0FC9
:104880003F3F260D31FF080F0F0F3F3F270F33FF2C
:10489000090F0F0F3F3F2811030200140F0F3F04B1
:1048A0002913050301340F0F3F4404090704FF10C7
:1048B0000F0F3F00050B0005FF300F0F3F40060DA7
:1048C0000906FF110F0F3F80070F0B07FF310F0F76
:1048D0003FC008000D0802100081004209130F09B3
:1048E000033020A140020A15110AFF1140C1808245
:1048F0000B17130BFF1160E1C0C22A1500FFFF1553
:1049000080013F842B1700FFFF35A0213FC42C19E5
:1049100035FFFF140300043F2D1B37FFFF34232016
:10492000443F2E1D39FFFF150440843F2F1F3BFFDE
:10493000FF352460C43F0C1900FFFF12C041024440
:104940000D1B00FFFF32E06142040E1D00FFFF134C
:10495000024182840F1F00FFFF332261C2C4100195
:1049600015FFFF1201800143110317FFFF3221A041
:104970004103120519FFFF1341C0818313071BFF79
:10498000FF3361E0C1C3300100FFFF0F0380053F2B
:10499000310300FFFF0F23A0453F14091DFFFF0F48
:1049A00081008583150B1FFFFF0FA120C5C3160DC6
:1049B00021FFFF14C1400345170F23FFFF34E160BF
:1049C0004305181100FFFF15420F8385191300FFDF
:1049D000FF350F0FC3C5360D00FFFF0F0F0F818589
:1049E000370F00FFFF0F0F0FC1C51B1725FFFF0F6C
:1049F0000F0F3F3F1E1D27FFFF0F020F3F811F1F9D
:104A000000FFFF0F220F3FC13E1D00FFFF1004C03B
:104A10003F453F1F00FFFF3024E03F0520013D0CD4
:104A2000FF0F0F0F3F8521033F0DFF0F0F0F3FC5F6
:104A30002205290EFF0F420F3F05760000FFFF0FF2
:104A40000F0F3F3F34000000010002000400080087
:104A5000100040000001000400380040003C00400D
:104A600000A0014100C001410014004200180042B2
:104A70000060014100800141000C00420010004232
:104A80000010004307081718222300000303030344
:104A900003030000003000400034004000200141CA
:104AA00000400141000000430004004301000000F9
:104AB0001400200000010000E5E600000000D7001F
:104AC000006CDC020030004020090020003400406F
:104AD0002409002000200141280900200040014154
:104AE0002C0900200000004330090020000400438E
:104AF000340900200C00200000000200000000002B
:104B0000FE00FF01000C0020000000020000000079
:104B100000FE00FF01030000000000000000000094
:104B200041E9010049E9010049E9010051E90100B9
:104B300051E90100C9E9010059E901005DEA0100FC
:104B400079E901000000000000000000A1EB010075
:104B50003DEB01001DEC0100FCFFFFFF0000000029
:104B6000F1EC010061636F730000000061636F731B
:104B7000680000006173696E000000006174616E7E
:104B800068000000636F73680000000065787000C3
:104B9000666D6F64000000006C6F67006C6F6731BA
:104BA00030000000706F770073696E6800000000CD
:104BB00073717274000000006C6F67660000000083
:104BC0006C6F6731306600007371727466000000AC
:104BD000FB21F93FFB2109407CD91240FB21194000
:104BE0007A6A1F407CD92240BBFD2540FB21294029
:104BF0003A462C407A6A2F405C4731407CD932409B
:104C00009C6B3440BBFD3540DB8F3740FB21394086
:104C10001BB43A403A463C405AD83D407A6A3F403D
:104C20004C7E40405C4741406C1042407CD9424041
:104C30008CA243409C6B4440AC344540BBFD454096
:104C4000CBC64640DB8F4740EB584840FB214940EC
:104C500083F9A200444E6E00FC291500D1572700AD
:104C6000DD34F50062DBC0003C99950041904300C3
:104C70006351FE00BBDEAB00B761C5003A6E240095
:104C8000D24D42004906E00009EA2E001C92D100F4
:104C9000EB1DFE0029B11C00E83EA700F53582009F
:104CA00044BB2E009CE98400B4267000417E5F0066
:104CB000D6913900538339009CF439008B5F84000E
:104CC00028F9BD00F81F3B00DEFF97000F98050094
:104CD000112FEF000A5A8B006D1F6D00CF7E36003A
:104CE00009CB2700464FB7009E663F002DEA5F00C4
:104CF000BA277500E5EBC7003D7BF100F7390700E7
:104D000092528A00FB6BEA001FB15F00085D8D00C4
:104D1000300356007BFC4600F0AB6B0020BCCF009C
:104D200036F49A00E3A91D005E619100081BE600BD
:104D300085996500A0145F008D40680080D8FF0051
:104D400027734D0006063100CA561500C9A8730026
:104D50007BE260006B8CC000000FC93F000F494030
:104D600000CB9640000FC9400053FB4000CB1641DA
:104D700000ED2F41000F49410031624100537B415A
:104D8000003A8A4100CB9641005CA34100EDAF415F
:104D9000007EBC41000FC94100A0D5410031E24175
:104DA00000C2EE410053FB4100F20342003A0A42C6
:104DB0000083104200CB164200141D42005C2342C7
:104DC00000A5294200ED2F4200363642007E3C42CB
:104DD00000C74242000F4942A2000000F900000053
:104DE000830000006E0000004E0000004400000040
:104DF0001500000029000000FC0000002700000052
:104E000057000000D1000000F50000003400000051
:104E1000DD000000C0000000DB00000062000000B8
:104E200095000000990000003C00000043000000D5
:104E30009000000041000000FE0000005100000052
:104E400063000000AB000000DE000000BB000000BB
:104E5000C500000061000000B70000002400000051
:104E60006E0000003A000000420000004D0000000B
:104E7000D2000000E0000000060000004900000031
:104E80002E000000EA00000009000000D100000030
:104E9000920000001C000000FE0000001D00000049
:104EA000EB0000001C000000B10000002900000021
:104EB000A70000003E000000E800000082000000A3
:104EC00035000000F50000002E000000BB000000CF
:104ED0004400000084000000E90000009C00000085
:104EE0007000000026000000B40000005F00000019
:104EF0007E00000041000000390000009100000029
:104F0000D6000000390000008300000053000000BC
:104F100039000000F40000009C0000008400000044
:104F20005F0000008B000000BD000000F9000000E1
:104F3000280000003B0000001F000000F8000000F7
:104F400097000000FF000000DE00000005000000E8
:104F5000980000000F000000EF0000002F0000008C
:104F6000110000008B0000005A0000000A00000041
:104F70006D0000001F0000006D0000003600000002
:104F80007E000000CF00000027000000CB000000E2
:104F900009000000B70000004F00000046000000BC
:104FA0003F000000660000009E0000005F0000005F
:104FB000EA0000002D00000075000000270000003E
:104FC000BA000000C7000000EB000000E500000090
:104FD000F10000007B0000003D0000000700000021
:104FE00039000000F70000008A00000052000000B5
:104FF00092000000EA0000006B000000FB000000CF
:105000005F000000B10000001F0000008D000000E4
:105010005D000000080000005600000003000000D2
:105020003000000046000000FC0000007B00000093
:105030006B000000AB000000F0000000CF0000009B
:10504000BC000000200000009A000000F4000000F6
:10505000360000001D000000A9000000E300000071
:1050600091000000610000005E000000E60000000A
:105070001B0000000800000065000000990000000F
:10508000850000005F00000014000000A000000088
:1050900068000000400000008D000000FF000000DC
:1050A000D8000000800000004D00000073000000E8
:1050B000270000003100000006000000060000008C
:1050C0001500000056000000CA0000007300000038
:1050D000A8000000C900000060000000E20000001D
:1050E0007B000000C00000008C0000006B0000008E
:1050F00002000000030000000400000006000000A1
:105100000000C93F0000F0390000DA370000A23388
:105110000000842E0000502B0000C2270000D02287
:105120000000C41F0000C61B00004417040000005C
:1051300007000000090000004300504F5349580089
:105140002E00002020202020202020202828282871
:105150002820202020202020202020202020202047
:105160002020208810101010101010101010101097
:1051700010101004040404040404040404101010A7
:105180001010101041414141414101010101010153
:1051900001010101010101010101010101011010E1
:1051A0001010101042424242424202020202020227
:1051B00002020202020202020202020202021010B3
:1051C000101020000000000000000000000000009F
:1051D00000000000000000000000000000000000CF
:1051E00000000000000000000000000000000000BF
:1051F00000000000000000000000000000000000AF
:10520000000000000000000000000000000000009E
:10521000000000000000000000000000000000008E
:10522000000000000000000000000000000000007E
:10523000000000000000000000000000000000006E
:1052400000000000F8B500BFF8BC08BC9E467047DF
:10525000B993000059CA000091D600004D9C01008E
:10526000F8B500BFF8BC08BC9E4670479593000097
:0852700044A7FF7F01000000CC
:1052780000000000A10D0C000101010180BA010F1E
:1052880080BA010F340A00200138FDD170470000B0
:105298008DD2010000300040003400400020014160
:1052A8000040014100000043000400436F2C02004D
:1052B8004400002000000000000000000000000082
:1052C80000000000000000000000000000000000D6
:1052D80000000000000000000000000000000000C6
:1052E80000000000000000000000000000000000B6
:1052F80000000000000000000000000000000000A6
:105308000000000000000000000000000000000095
:105318000000000043000000000000000000000042
:105328000000000000000000000000000000000075
:105338000000000043000000000000000000000022
:105348000000000000000000000000000000000055
:105358000000000043000000000000000000000002
:105368000000000000000000000000000000000035
:1053780000000000430000000000000000000000E2
:105388000000000000000000000000000000000015
:1053980000000000430000000000000000000000C2
:1053A80000000000000000000000000000000000F5
:1053B80000000000430000000000000000000000A2
:1053C80000000000000000000000000000000000D5
:1053D8000000000043000000000000000000000082
:1053E80000000000000000000000000000000000B5
:1053F80000000000512E02002D2E020000000000C7
:105408004251020040510200415102004151020044
:105418004151020041510200415102004151020034
:10542800415102004151020041510200FFFFFFFFBC
:10543800FFFFFFFFFFFFFFFFFFFF000001004153D9
:10544800434949000000000000000000000000007F
:1054580000000000000000000000000000004153B0
:10546800434949000000000000000000000000005F
:105478000000000000000000000000000000000024
:04548800000401001B
:04548C00000000001C
:0400000300004000B9
:00000001FF
