:020000040002F8
:1060000000000420C1BD0300E9BD0300EBBD030097
:10601000EDBD0300EFBD0300F1BD03000000000073
:10602000000000000000000000000000F3BD0300BD
:10603000F5BD030000000000F7BD0300F9BD03003B
:10604000FBBD0300FBBD030061BC030025BC0300D6
:1060500039BC0300FBBD030051AD030009C30300BD
:10606000FDB7030005B803000DB80300FBBD030036
:10607000FBBD0300FBBD0300FBBD0300FBBD030034
:10608000FBBD0300FBBD0300FBBD0300FBBD030024
:10609000FBBD0300FBBD0300FBBD0300FBBD030014
:1060A000FBBD0300FBBD030015B803001DB80300D2
:1060B000FBBD0300FBBD030000000000000000006A
:1060C000FBBD0300FBBD0300FBBD03004DBC030093
:1060D000FBBD0300FBBD0300FBBD0300FBBD0300D4
:1060E00089BC0300FBBD0300FBBD030000000000F2
:1060F00000000000FBBD03000000000075BC0300B1
:10610000000000000000000000000000000000008F
:10611000000000000000000000000000000000007F
:10612000000000000000000000000000000000006F
:10613000000000000000000000000000000000005F
:10614000000000000000000000000000000000004F
:10615000000000000000000000000000000000003F
:10616000000000000000000000000000000000002F
:10617000000000000000000000000000000000001F
:10618000000000000000000000000000000000000F
:1061900000000000000000000000000000000000FF
:1061A00000000000000000000000000000000000EF
:1061B00000000000000000000000000000000000DF
:1061C00000000000000000000000000000000000CF
:1061D00000000000000000000000000000000000BF
:1061E00000000000000000000000000000000000AF
:1061F000000000000000000000000000000000009F
:106200007CB0EE877CB0EE87FF00FF00FF00FF0050
:10621000FF00FF00FF00FF00FF00FF00FF00FF0086
:10622000FF00FF00FF00FF00FF00FF00FF00FF0076
:10623000FF00FF00FF00FF002DE9F04F85B0039144
:106240000778A7F10903042B044607F07F0200F149
:106250000100F5D9202AF3D02B2F04BF677804461C
:106260002D2F75D09FED427B8DED007B4FF0000808
:106270004FF000099FB34FF0000C25464FF0000A85
:10628000DFF8FCB0644619E018F0EEFF804689465E
:10629000304618F07FFF42464B4618F02FFE52461C
:1062A000804689465B46DDE900013CB319F006F9FA
:1062B000CDE90001A44615F8017F7FB1A7F13006B2
:1062C000092E52465B4640464946DDD9CCB92E2FB1
:1062D00017D115F8017F0124002FEFD12C4642463B
:1062E0004B46DDE9000118F0BFFF80468946039B5D
:1062F000404649461C6005B0BDE8F08F4FF0010CE8
:10630000D9E72C46BCF1000F29D042464B46DDE9C7
:10631000000118F0A9FF07F0DF07452F80468946E6
:10632000E5D10399681C0A2218F0CCFD14490246F5
:10633000002019F049FB02460B464046494618F03A
:1063400093FF804689464046494605B0BDE8F08F38
:106350009FED097B67788DED007B013486E7DFF8E0
:1063600024904FF000084046494605B0BDE8F08F44
:10637000000000000000F03F000000000000F0BF3F
:10638000000024400000F87F2DE9F0470023144668
:1063900000228046894619F0D9F928B109F1004355
:1063A00099462D232370013400220023404649469C
:1063B00019F0C2F928B13022002322706370BDE8C1
:1063C000F0874046494617F03BF919F0FDF973A3F1
:1063D000D3E9002307464946404619F0B7F900289B
:1063E0004ED170A3D3E900234046494619F0CCF9B9
:1063F000002845D10E2F07F1010540F3B980A7F120
:106400000E0632460020624919F0DEFA02460B46BB
:106410004046494619F052F800225E4B18F06EFDD6
:1064200019F00EFB002DA7F10F0E4FF0010C4DDD02
:10643000594FDFF87881012245F6F3294FF02E0AF3
:10644000494508BF40454FF030030AD3B0EB080080
:1064500061EB0901494508BF404503F10103F5D24D
:10646000DBB2237050EA010304F101084AD19542DE
:1064700052DD0132102A4FD0444677E90289DFE726
:10648000002F33DB3A460020414919F09DFA0246BD
:106490000B464046494619F011F83BA3D3E90023C7
:1064A00080468946012500264046494618F0DCFE14
:1064B0000022384B18F022FD19F0C2FA002DBC461C
:1064C0004FF0FF3E37464FF00006B1DC2346302246
:1064D0004FF02E0803F8022B84F80180FC4345D0CE
:1064E0001C4403F8012BA342FBD1A1E77A42002010
:1064F000274919F069FA02460B464046494618F00A
:10650000B3FECAE7954202F1010204BF84F801A07C
:1065100004F10208102AAFD16EB14246302102F8D0
:10652000011BC2F1010373444344002BF7DC2EEA44
:10653000EE7301339844BCF1010F12D0BCF1000F8F
:106540004FF0650388F80030C5BF2B2388F8013071
:1065500008F1010108F102016046BDE8F0470FF0C3
:106560006DBC002388F80030BDE8F0871C465FE76B
:10657000C7F10E020020064919F026FA3E460246EF
:106580000B46012790E700BF0000901EC4BCD64216
:10659000000024400000E03F580504008DEDB5A048
:1065A000F7C6B03E50EFE2D6E41A4B4400407A10F2
:1065B00070B54FF0FF3006F0DDFA04466FF07F4013
:1065C00006F0D8FA0646204618F0D4FD00220C4BFF
:1065D00018F04AFE044630460D4618F0CBFD06A3DF
:1065E000D3E9002318F06AFF02460B4620462946ED
:1065F00018F084FC70BD00BF0000E0DFFFFF6F43B8
:106600000000F03D000000002DE9F04F1D46138909
:10661000AB4288BF536885B004468CBF53F8250051
:10662000002090468A4606F019FF0022904B18F091
:106630001BFE19F0C9F8B8F808206B1C9A4288BFF5
:10664000D8F8042006468CBF52F82300002006F03C
:1066500005FF0022864B18F007FE19F0B5F8B8F8D0
:1066600008300235AB4288BFD8F8043007468CBFEB
:1066700053F82500002006F0F1FE002EC4E9006763
:1066800040F3E280002F40F3DF8071A3D3E90023C1
:10669000002584F8285016F0F5FE002200238046DD
:1066A000894619F053F840B14046494668A3D3E9FA
:1066B000002318F023FC8046894667A3D3E9002312
:1066C0004046494619F060F8C0B165A3D3E90023FC
:1066D0004046494619F044F880B1012340464946F6
:1066E00084F8283060A3D3E9002318F007FC58A3EE
:1066F000D3E9002316F0C6FE8046894600225D4B92
:106700004046494618F0B0FD16F0F0FB01F1004399
:1067100000221946564B18F0A7FD19F055F84946C6
:106720000546404616F09EFB0022514B18F09CFD9A
:1067300019F04AF8DAF804304F49B3F80CB0B3F85E
:106740000AA0A56007FB0BF303EB010806FB0AF6A2
:10675000019388FB05234FEA124C00960E444CEA45
:10676000034C06EA010383FB009A06EB0C0E0EEACB
:10677000010ED346CA468EFB00675246CDE902673A
:10678000120C42EA0B42DDE902AB0CEA010C8CFB75
:1067900000674FEA164956460A40360C46EA0B4651
:1067A00049EA074982FB05AB5F46C144B0445646FF
:1067B000CDE90267039FE060360C09EA010908EAA7
:1067C000010846EA074689FB05AB334488FB0556BA
:1067D000CDE9025655462D0C45EA0B45DDE902ABE5
:1067E0000B40AC4403EAE3770CEA010C554623EA7C
:1067F000E37367454FEA154502EAE276A8BF6746AC
:1068000045EA0B45634522EAE272B8BF6346AE44EF
:106810004E450EEA010EA8BF4E464A45B8BF4A464D
:106820007745A8BF77467345B8BF73464645A8BFAE
:106830004646C4E905634245B8BF424600980199FF
:10684000206261622761E261204605B0BDE8F08FF9
:10685000EA2E4454FB211940F4D64354FB21F93F5E
:10686000320D337F7CD91240EA2E4454FB2109407B
:106870000000F0400000E03F0000FFFF00000000CB
:106880002DE9F04F2DED028B044683B0C06818F05F
:1068900081FC80462069894618F07CFC824660694C
:1068A0008B4618F077FC024601F1004306460F467E
:1068B0004046494616F078FD18F0CEFFE0620546E6
:1068C00016F02AFC0190284616F0DAFB019B0546DB
:1068D000184618F071FC42464B4618F0C5FC80463D
:1068E0002846894618F068FC32463B4618F0BCFC46
:1068F00002460B464046494618F0FEFA02460B4651
:106900005046594616F050FD18F0A6FF002208EE3A
:10691000100A00233046394618F036FF28B3B5EE8A
:10692000C08AF1EE10FA1CDD11A7D7E9006718EE56
:10693000100A18F041FC02460B463046394618F062
:10694000DBFA32463B4618F0D9FA18F085FFA06210
:10695000E38843F00203E38003B0BDEC028BBDE8A3
:10696000F08F05A7D7E90067E1E784ED0A8AEFE732
:10697000EA2E4454FB21F93FEA2E4454FB21F9BF8F
:1069800008B510F021FDDFED0C7A07EE100A67EE76
:10699000277A17EE900A18F00FFC05A3D3E900231D
:1069A00018F08CFD18F010FF08BD00BFAFF3008099
:1069B000EA2E4454FB2119400000B44300000000BB
:1069C00008B510F015FDDFED0C7A07EE100A67EE42
:1069D000277A17EE900A18F0EFFB05A3D3E90023FE
:1069E00018F06CFD18F0F0FE08BD00BFAFF300809A
:1069F000EA2E4454FB2119400000B443000000007B
:106A0000494A21F0004393422DE9704304460D4664
:106A100049DC464A93420E460EDC3FA3D3E90023ED
:106A200018F06CFA0022424B18F0AEFE00284AD053
:106A300020462946BDE870833E4A934239DCB3F1D3
:106A4000804F40DD16F00AFA2246804689462B46E2
:106A50002046294618F008FC0022354B18F04EFA63
:106A600017F012F942464B4618F048FA02460B4618
:106A700000202F4918F022FD424604460D464B46A1
:106A80004046494618F03AFA02460B462046294647
:106A900018F034FA02F040F8002E08DC01F100434F
:106AA0001946BDE8708302460B4618F027FABDE888
:106AB000708316F0D3F902F02FF819A3D3E900235D
:106AC00018F01CFAE8E722462B462046294618F023
:106AD000CBFB804689462046294616F0BFF90022A6
:106AE00004460D46124B4046494618F007FA17F087
:106AF000CBF800220E4B18F001FA02460B46404636
:106B0000494618F0DBFC22462B4618F0F7F900F056
:106B1000A7FAC1E7AFF300809C7500883CE4377E9C
:106B2000EF39FAFE422EE63FFFFFEF7FFFFF2F3ED9
:106B30000000F03F0000B0412DE9F84FBE4B21F0BE
:106B400000469E4204460D468A460EDDBB4B9E42E1
:106B500000F3B18000F0AC80BAF1000F40F3EA809E
:106B600099A1D1E90001BDE8F88FB54B9E4200F331
:106B7000BA80A3F1DE739E4240F3A5804FF0FF3B45
:106B800022462B462046294618F06EFB02460B464D
:106B90008046894618F068FB8DA3D3E9002306469A
:106BA0000F4618F061FB8CA3D3E9002318F0A6F977
:106BB00032463B4618F058FB89A3D3E9002318F06E
:106BC0009DF932463B4618F04FFB87A3D3E90023DB
:106BD00018F094F932463B4618F046FB84A3D3E9FB
:106BE000002318F08BF932463B4618F03DFB82A398
:106BF000D3E9002318F082F942464B4618F034FBE3
:106C00007FA3D3E90023804689463046394618F0F1
:106C10002BFB7DA3D3E9002318F06EF932463B46E7
:106C200018F022FB7AA3D3E9002318F065F9324665
:106C30003B4618F019FB78A3D3E9002318F05CF960
:106C400032463B4618F010FB75A3D3E9002318F039
:106C500053F932463B4618F007FB02460B464046C6
:106C6000494618F04BF922462B4618F0FDFABBF1C5
:106C7000FF3F02460B4661D0724B734E4FEACB0B7F
:106C80005B44D3E9002318F037F922462B4618F06D
:106C900033F9B34402460B46DBE9000118F02CF946
:106CA000BAF1000F0DDA01F100431946BDE8F88F83
:106CB00000283FF451AF22462B462046294618F0C3
:106CC0001DF9BDE8F88F58A3D3E9002318F016F991
:106CD00000225E4B18F058FD00283FF44FAF2046CD
:106CE0002946BDE8F88F16F0B9F8594B9E42044684
:106CF0000D4629DCA3F550239E424EDC02460B468E
:106D000018F0FCF80022514B18F0F6F80022064665
:106D10000F464FF080432046294618F0EFF8024610
:106D20000B463046394618F0C9FB4FF0000B0446BD
:106D30000D4625E73EA1D1E90001C2E720462946DC
:106D400018F0DAF8BDE8F88F424B9E421ADC0022B8
:106D5000414B18F0D1F8002206460F463E4B204624
:106D6000294618F081FA0022384B18F0C7F802467D
:106D70000B463046394618F0A1FB4FF0020B044693
:106D80000D46FDE602460B460020344918F096FBFE
:106D90004FF0030B04460D46F2E600222B4B18F091
:106DA000ABF8002206460F46284B2046294618F02D
:106DB000A5F802460B463046394618F07FFB4FF0E7
:106DC000010B04460D46DBE6182D4454FB21F93F28
:106DD00011DA22E33AAD903FEB0D76244B7BA93FCD
:106DE000513DD0A0660DB13F6E204CC5CD45B73F9B
:106DF000FF8300922449C23F0D5555555555D53F47
:106E00002F6C6A2C44B4A2BF9AFDDE522DDEAD3F3A
:106E10006D9A74AFF2B0B33F711623FEC671BC3FDA
:106E2000C4EB98999999C93F9C7500883CE4377EDA
:106E3000182D4454FB21F9BFFFFF0F440000F07FE1
:106E4000FFFFDB3F80050400600504000000F03F09
:106E5000FFFFF23FFF7F03400000F83F0000F0BF5C
:106E60002DE9F041C1F30A57A7F2FF35132D024671
:106E70000B460C468846064620DC002D4ADB364F82
:106E80002F4101EA070C5CEA000C1CD030A3D3E9C7
:106E9000002318F033F80022002318F075FC48B1E5
:106EA000002C04DD4FF4801343FA05F5A84428EACA
:106EB0000704002621463046BDE8F081332D06DD6B
:106EC000B5F5806F38D010461946BDE8F081A7F2BD
:106ED00013474FF0FF3C2CFA07F70742F3D01CA3EF
:106EE000D3E9002318F00AF80022002318F04CFC24
:106EF0000028DFD0002C09DD142D22D00123C5F19C
:106F0000340503FA05F5AE1928BF984426EA0706AA
:106F10004446CFE70EA3D3E9002317F0EFFF00228A
:106F2000002318F031FC0028C4D0002C0CDB2643D1
:106F300005D00026094CBDE717F0E0FFC5E7344651
:106F4000B8E704F10108E1E700264FF00044B1E79B
:106F50009C7500883CE4377EFFFF0F000000F03F87
:106F60002DE9F041C1F30A57A7F2FF35132D024670
:106F70000B460C46884606461DDC002D3CDB364F92
:106F80002F4101EA070C5CEA000C19D030A3D3E9C9
:106F9000002317F0B3FF0022002318F0F5FBC8B35D
:106FA000002C04DA4FF4801343FA05F5A84428EACC
:106FB000070400262EE0332D06DDB5F5806F2DD0B9
:106FC00010461946BDE8F081A7F213474FF0FF3C89
:106FD0002CFA07F70742F3D01DA3D3E9002317F0DB
:106FE0008DFF0022002318F0CFFB98B1002C21DB8D
:106FF00026EA070644460DE015A3D3E9002317F05F
:107000007DFF0022002318F0BFFB18B1002C08DB25
:107010000026344621463046BDE8F08117F06EFF69
:10702000D0E724F000430D4A1E43002E18BF14463B
:107030000026EFE7142D08D00123C5F1340503FA2B
:1070400005F5AE1928BF9844D2E704F10108CFE74F
:107050009C7500883CE4377EFFFF0F000000F0BF06
:107060002DE9F04FD84B994287B08046894643DDE1
:10707000D64B99420E4600F3F480D54B994240F32B
:107080002D819FEDBB7B8DED047B4FEA215A044699
:10709000AAF2FF3ACF4BC6F313069E4246F07F5545
:1070A00000F3128145F44015204629460022CA4BC0
:1070B00017F022FF002204460D46C84B18F0D4F802
:1070C00022462B4618F0D0F8A046CDE90201A94689
:1070D000CDE90001002E3AD10022002320462946A6
:1070E00018F02AFB002800F01B81BAF1000F40F0D5
:1070F000858100200021B8E0B94B21F000449C427A
:107100000A460FDD0022B74B18F016FB002800F0EE
:10711000AF80002200230020B34918F0CFF907B058
:10712000BDE8F08FB14B9C4240F3AF80B04B1A44A6
:107130009A4240F2D3800022A84B18F095F84246BC
:107140004B4618F091F8CDE900014FF0000A0022FB
:107150004FF080434046494617F0D0FE02460B46AA
:107160004046494618F0AAF902460B4606460F4625
:1071700018F07AF880A3D3E9002304460D4618F0EE
:1071800073F87FA3D3E9002317F0B8FE22462B46FD
:1071900018F06AF87CA3D3E9002317F0AFFE22466B
:1071A0002B4618F061F87AA3D3E9002317F0A6FE66
:1071B00022462B4618F058F877A3D3E9002317F09E
:1071C0009DFE22462B4618F04FF875A3D3E9002305
:1071D00017F094FE22462B4618F046F872A3D3E926
:1071E000002317F08BFE22462B4618F03DF8DDE910
:1071F000002317F083FE32463B4618F035F804466C
:107200000D46BAF1000F00F0A880504617F0C2FFFB
:1072100067A3D3E9002382468B4618F025F866A3BE
:10722000D3E9002306460F465046594618F01CF88D
:10723000DDE9042317F062FE22462B4617F05EFEBE
:1072400002460B46DDE9000117F056FE42464B466A
:1072500017F052FE02460B463046394617F04CFEF8
:1072600003E002460B4617F049FE07B0BDE8F08F79
:1072700042464B464046494617F03EFE02460B4604
:1072800018F01CF907B0BDE8F08F0022594B17F039
:1072900035FE0022002318F077FA10B1564B9C42BD
:1072A00062DD42464B464046494617F0DDFF00226C
:1072B0004A4B17F0D9FF02460B464046494617F0A5
:1072C0001BFE07B0BDE8F08F45F40015C6F580162B
:1072D00020462946B6100AF1010AE7E600223E4B95
:1072E0004046494617F00AFE4FEA215AAAF2FF3AF1
:1072F000BAF1000F04460D460E4640F3BD804246EB
:107300004B4617F0F9FD02460B460020324917F0B4
:10731000F3FD22462B4618F0D1F8CDE90401B9E679
:1073200027A3D3E900232046294617F09DFF0246F4
:107330000B460020284917F0DFFDDDE9022317F096
:1073400093FF06460F46BAF1000F75D102460B4671
:107350002046294617F0D0FD87E702460B46DDE9B7
:10736000000117F0C9FDA6E7404649467DE700BF8A
:10737000000000000000000044523EDF12F1C23F56
:107380009FC678D0099AC33FDE03CB966446C73FB9
:10739000AF788E1DC571CC3F599322942449D23FBA
:1073A00004FA97999999D93F935555555555E53F05
:1073B0000000E0FE422EE63F763C7935EF39EA3DAB
:1073C000555555555555E53F7982DA3FFFFFEF7F1B
:1073D000FFFF3F439DA006000000F03F0000E03F9C
:1073E000FFFFEF3F0000F0BF000050C3FFFF1F3E54
:1073F0003C412D4000005043FFFF8F3C504617F0AA
:10740000C9FE24A3D3E9002306460F4617F02CFF3C
:10741000DDE9042317F072FD20A3D3E9002304461D
:107420000D463046394617F01FFF02460B462046F0
:10743000294617F063FD18E7504617F0ABFE17A377
:10744000D3E9002382468B4617F00EFF11A3D3E940
:107450000023804689465046594617F005FFDDE96E
:10746000042317F04BFD02460B463046394617F011
:1074700043FD22462B4674E70022054B17F03CFDE6
:1074800002460B464046494617F036FD41E700BF2D
:107490000000F03F763C7935EF39EA3D0000E0FE30
:1074A000422EE63F0000000008B516F04BF804A39A
:1074B000D3E9002318F002F808BD00BFAFF3008045
:1074C000EF39FAFE422EE63F2DE9F043DFF8B480B3
:1074D0008BB004460D4601F0F7F898F900300133FF
:1074E00006460F462CD022462B462046294618F049
:1074F00055F9814620BB2046294615F0AFFC1FA355
:10750000D3E9002318F040F9D0B1194A98F90030B6
:10751000CDF820900321CDE90445CDE90245CDE920
:10752000001293B113490020022BCDE9060111D1BD
:1075300017F070FC22230360089B9BB9DDE9066706
:10754000304639460BB0BDE8F0830B4B4FF060423C
:10755000CDE90623684617F0D9FA0028E8D0089B41
:10756000002BEBD017F056FC089B0360E6E700BF4A
:10757000381704000000F07FFFFFEF477DF8B98F58
:10758000CE338640FF8100202DE9F043DFF8E48010
:107590008BB004460D4601F047F998F900300133ED
:1075A00006460F4633D02046294617F0A9FA70B395
:1075B0002CA3D3E900232046294618F0E5F881469C
:1075C00050BB2AA3D3E900232046294618F0BEF871
:1075D000E8B198F90030204ACDF820900020002131
:1075E0000426022BCDE90445CDE902450096CDE9FC
:1075F0000601019229D0684617F088FA28B3089B43
:107600001BB117F007FC089B0360DDE906673046F5
:1076100039460BB0BDE8F0830F4A98F9003001926B
:1076200003210022CDE90445CDE9024500910892ED
:107630002BB90A4B4FF06042CDE90623DBE708493E
:107640000020022BCDE90601D5D117F0E3FB222360
:107650000360D4E7AFF3008040170400FFFFEF475B
:107660000000F07FEF39FAFE422E864051302DD5D2
:10767000104987C0FF8100202DE9F04FDFF82C93DF
:107680008DB006460F4614461D4601F09DFC99F943
:107690000080B8F1FF3FCDE9000136D022462B46ED
:1076A0002046294618F07AF8834670BB32463B469E
:1076B0003046394618F072F88246002840F0A28021
:1076C000304639460022002318F036F810B3002265
:1076D00000232046294618F02FF88346002867D05B
:1076E0009FEDA77B0122AC4BCDF828A00292CDE9FB
:1076F0000467CDE906458DED087B0393B8F1000FD3
:1077000041D09FEDA17B8DED007BDDE900010DB047
:10771000BDE8F08FDDE9000117F0F2F9804600289E
:1077200000F08D804FF0000A4FF0000BDDE9000102
:1077300052465B4618F000F80028E6D0304639463D
:1077400017F0DEF90028E0D02046294617F0D8F9D6
:107750000028DAD099F900308F4A039204210022E0
:10776000022BCDE90467CDE90645CDE908AB0291CE
:107770000A9203D002A817F0C9F950B917F04AFBD2
:107780002223036005E002A817F0C0F9002800F0EA
:107790009B800A9B1BB117F03DFB0A9B03609DED8C
:1077A000087B8DED007BDDE900010DB0BDE8F08FB9
:1077B0002046294617F0A4F90028A6D0002200236D
:1077C0002046294617F0C2FF00289ED0724A99F938
:1077D0000030CDF828B00121CDE90467CDE9064598
:1077E000CDE90212002B74D06C490020022BCDE9A8
:1077F000080172D117F00EFB212303600A9B002BB6
:10780000CDD0C8E7002200232046294617F094FF78
:1078100000283FF47AAF624B5F49CDF828B00022D0
:107820000120B8F1020FCDE904670290CDE90645C9
:10783000CDE908230391A6D1CDE9002365E73046C1
:10784000394617F05DF900283FF46CAF2046294611
:1078500017F056F900283FF465AFDDE90023104624
:10786000194617F09BFF99F900A000286BD103235C
:10787000DFF824C10A902946204602930022494B92
:10788000CDF80CC0CDE90645CDE9046717F0ECFC56
:1078900004460D46BAF1000F25D1DFF814B14FF0C0
:1078A000604A0022002330463946CDE908AB17F084
:1078B0004DFF38BB02A817F029F900289ED117F018
:1078C000A9FA2223036099E717F0A4FA21230360A1
:1078D0005FE79FED2B7B8DED087B02A817F016F973
:1078E00000288BD186E79FED2A7B002200233046BB
:1078F00039468DED087B17F029FFA0B9BAF1020FC8
:10790000DDD0D7E72046294617F008F922462B4656
:1079100017F012FFA0B9244B99F900A04FF0604274
:10792000CDE90823EAE72046294617F0F7F8224672
:107930002B4617F001FF18B9184B0022CDE9082398
:1079400099F900A0DAE70122134BCDF828800292C2
:10795000CDE90467CDE906450393BAF1000FB8D02D
:10796000002200231046194617F0A8FDBAF1020FB5
:10797000CDE908013FF43EAFAFE700BFAFF30080B1
:107980000000000000000000000000000000F03FC8
:10799000000000000000F07F581704000000F0FF16
:1079A0000000F03F0000E03FFFFFEFC7FF81002035
:1079B000FFFFEF47000000002DE9F84FC44E21F013
:1079C0000043B34204460D460DDD03F1404303F589
:1079D0008013034340F0B980002940F34081002028
:1079E0000021BDE8F88FBB4EB34208DCBA4A93428F
:1079F00000F3B5809CA1D1E90001BDE8F88F002912
:107A0000C0F2708102460B460020B44917F074FAA8
:107A10000022B34B17F028FC04460D4616F034F94B
:107A200093A3D3E90023894680462946204617F0D0
:107A30001BFC91A3D3E9002317F060FA22462B46E2
:107A400017F012FC8EA3D3E9002317F055FA224653
:107A50002B4617F009FC8CA3D3E9002317F04EFA4C
:107A600022462B4617F000FC89A3D3E9002317F028
:107A700043FA22462B4617F0F7FB87A3D3E90023EE
:107A800017F03CFA22462B4617F0EEFB84A3D3E90D
:107A9000002382468B462046294617F0E5FB82A349
:107AA000D3E9002317F028FA22462B4617F0DCFB17
:107AB0007FA3D3E9002317F021FA22462B4617F0C3
:107AC000D3FB7DA3D3E9002317F016FA22462B46F9
:107AD00017F0CAFB0022814B17F010FA02460B4642
:107AE0005046594617F0EAFC42464B4617F0BCFB9D
:107AF000002682468B4632464B463046494617F0B2
:107B0000B3FB02460B462046294617F0F5F93246EC
:107B100004460D464B464046494617F0EFF90246EB
:107B20000B462046294617F0C9FC02460B46504634
:107B3000594617F0E3F932464B4617F0DFF9024693
:107B40000B4617F0DBF9BDE8F88F02460B4617F03D
:107B5000D3F902460B4617F0B1FCBDE8F88F024698
:107B60000B4617F081FB42A3D3E9002306460F46DC
:107B700017F07AFB40A3D3E9002317F0BFF9324690
:107B80003B4617F071FB3EA3D3E9002317F0B4F98D
:107B900032463B4617F068FB3BA3D3E9002317F0BE
:107BA000ADF932463B4617F05FFB39A3D3E900231A
:107BB00017F0A2F932463B4617F056FB36A3D3E93D
:107BC000002317F09BF932463B4617F04DFB34A3D8
:107BD000D3E90023804689463046394617F044FBF6
:107BE00031A3D3E9002317F087F932463B4617F05B
:107BF0003BFB2FA3D3E9002317F080F932463B4625
:107C000017F032FB2CA3D3E9002317F075F93246A5
:107C10003B4617F029FB0022304B17F06FF9024664
:107C20000B464046494617F049FC22462B4617F0C2
:107C30001BFB02460B4622A1D1E9000117F05CF9BB
:107C400002460B462046294617F056F902460B46D7
:107C500005A1D1E9000117F04FF9BDE8F88F1AA18D
:107C6000D1E9000179E700BF182D4454FB21F93F09
:107C700009F7FD0DE13D023F88B20175E0EF493F94
:107C80003B8F68B52882A43F5544880E55C1C93F33
:107C90007D6FEB0312D6D43F555555555555C53F0D
:107CA00082922EB1C5B8B33F59018D1B6C06E63FD9
:107CB000C88A599CE52A00404B2D8A1C273A03406C
:107CC000075C143326A6913C182D4454FB2109402F
:107CD000FFFFEF3FFFFFDF3F0000603C0000F03F91
:107CE0000000E03F00225C4B17F008F900225B4BDC
:107CF00017F0BAFA40A3D3E9002304460D4617F063
:107D0000B3FA3FA3D3E9002317F0F8F822462B4635
:107D100017F0AAFA3CA3D3E9002317F0EDF82246A6
:107D20002B4617F0A1FA3AA3D3E9002317F0E6F89F
:107D300022462B4617F098FA37A3D3E9002317F011
:107D4000DBF822462B4617F08FFA35A3D3E9002340
:107D500017F0D4F822462B4617F086FA804689465B
:107D60002046294615F090FF2FA3D3E900230646AD
:107D70000F462046294617F077FA2DA3D3E90023B2
:107D800017F0BAF822462B4617F06EFA2AA3D3E969
:107D9000002317F0B3F822462B4617F065FA28A304
:107DA000D3E9002317F0A8F822462B4617F05CFA17
:107DB0000022294B17F0A2F802460B4640464946DE
:107DC00017F07CFB32463B4617F04EFA1EA3D3E970
:107DD000002317F091F832463B4617F08FF8024621
:107DE0000B4617F08BF802460B4619A1D1E90001AA
:107DF00017F082F8B1E600BF09F7FD0DE13D023F43
:107E000088B20175E0EF493F3B8F68B52882A43FF7
:107E10005544880E55C1C93F7D6FEB0312D6D43F40
:107E2000555555555555C53F82922EB1C5B8B33FEE
:107E300059018D1B6C06E63FC88A599CE52A004013
:107E40004B2D8A1C273A0340075C143326A6913C2D
:107E5000182D4454FB2109400000F03F0000E03F92
:107E6000414A91422DE9F84304460D4637DD3F4A29
:107E700091420B4608DD02F1795291423DDD024606
:107E800017F03CF8BDE8F88301F1404202F580129A
:107E900002432ED0B1F1804F37DC0022344B17F073
:107EA0002BF802460B4604460D4617F027F82246EB
:107EB00006460F462B462046294617F0D5F90246BE
:107EC0000B463046394617F019F815F0DDFE22460C
:107ED0002B4617F013F8BDE8F843FFF7C1B8024688
:107EE0000B4617F009F802460B4617F0E7FABDE813
:107EF000F88300200021BDE8F88300F00DFE18A3F0
:107F0000D3E9002316F0FAFFF1E7024617F0ACF9C7
:107F10000022174B16F0F0FF15F0B6FE2246804601
:107F200089462B462046294616F0E8FF224606469B
:107F30000F462B464046494616F0E0FF02460B46E8
:107F400000200B4917F0BAFA0B4602463946304674
:107F500016F0D2FFBDE8F84300F0DEBDAFF30080BD
:107F6000EF39FAFE422EE63FFFFFEF3FFFFFAF4142
:107F70000000F03F000000002DE9F04FAE4B21F073
:107F800000479F4287B004460D4611DD07F1404788
:107F900007F5801703463B4321D002460B4616F0F7
:107FA000ABFF02460B4617F089FA07B0BDE8F08F29
:107FB000A24B9F420E4629DCB7F1795F80F24681E1
:107FC00081A3D3E9002316F099FF00229C4B17F000
:107FD000DBFBD8B12046294607B0BDE8F08F7CA373
:107FE000D3E9002317F040F97BA3D3E90023064629
:107FF0000F462046294617F037F902460B46304611
:10800000394616F07BFF07B0BDE8F08F20462946C1
:1080100014F024FF02460B460020894916F06CFF3D
:108020000022884B17F020F96DA3D3E90023044602
:108030000D4617F019F96CA3D3E9002316F05EFF83
:1080400022462B4617F010F969A3D3E9002316F056
:1080500053FF22462B4617F007F967A3D3E9002305
:1080600016F04CFF22462B4617F0FEF864A3D3E926
:10807000002316F041FF22462B4617F0F5F862A3C5
:10808000D3E9002316F03AFF22462B4617F0ECF80E
:108090005FA3D3E90023CDE900012046294617F06C
:1080A000E3F85DA3D3E9002316F026FF22462B4612
:1080B00017F0DAF85AA3D3E9002316F01FFF22467F
:1080C0002B4617F0D1F858A3D3E9002316F014FF7C
:1080D00022462B4617F0C8F8594B002216F00EFF27
:1080E00082468B4620462946CDE902AB15F0CCFDF1
:1080F000554B9F428046894600F3198102460B4644
:1081000016F0FCFEDDE90223CDE90401DDE9000102
:1081100017F0D4F902460B46DDE9040117F0A4F884
:108120004FF0000ACDE9000152464B465046494601
:1081300017F09AF802460B462046294616F0DCFE58
:10814000524604460D464B464046494616F0D6FE7A
:1081500002460B462046294617F0B0F902460B4668
:1081600016F0CCFE02460B461BA1D1E9000116F029
:10817000C3FE02460B46DDE9000116F0BDFE524685
:1081800004460D464B465046494616F0B7FE024699
:108190000B4627A1D1E9000116F0AEFE02460B46C0
:1081A0002046294616F0A8FE02460B4620A1D1E93A
:1081B000000116F0A1FE002E3FF7F7AE01F10043DB
:1081C0001946F2E6AFF300809C7500883CE4377EE8
:1081D000182D4454FB21F93F075C143326A6913C2B
:1081E00009F7FD0DE13D023F88B20175E0EF493F1F
:1081F0003B8F68B52882A43F5544880E55C1C93FBE
:108200007D6FEB0312D6D43F555555555555C53F97
:1082100082922EB1C5B8B33F59018D1B6C06E63F63
:10822000C88A599CE52A00404B2D8A1C273A0340F6
:10823000182D4454FB21E93FFFFFEF3FFFFFDF3FD5
:108240000000F03F0000E03F3233EF3F02460B46B4
:1082500017F00AF84BA3D3E9002306460F4617F0A0
:1082600003F84AA3D3E9002316F048FE32463B4602
:1082700016F0FAFF47A3D3E9002316F03DFE32467D
:108280003B4616F0F1FF45A3D3E9002316F036FE76
:1082900032463B4616F0E8FF42A3D3E9002316F02E
:1082A0002BFE32463B4616F0DFFF40A3D3E9002306
:1082B00016F024FE32463B4616F0D6FF3DA3D3E926
:1082C0000023804689463046394616F0CDFF3BA351
:1082D000D3E9002316F010FE32463B4616F0C4FFE9
:1082E00038A3D3E9002316F009FE32463B4616F0C8
:1082F000BBFF36A3D3E9002316F0FEFD32463B4612
:1083000016F0B2FF00221E4B16F0F8FD02460B4697
:108310004046494617F0D2F822462B4616F0A4FFF5
:1083200022462B4616F0EAFD07B0BDE8F08F524614
:108330005B46DDE9000117F0C1F842464B4616F0F6
:1083400093FF42464B4616F0D9FD02460B4616F007
:10835000D5FD07A3D3E9002316F0CEFD02460B4658
:1083600005A1D1E9000116F0C7FD24E7AFF30080B5
:10837000075C143326A6913C182D4454FB21F93F89
:108380000000F03F09F7FD0DE13D023F88B20175A5
:10839000E0EF493F3B8F68B52882A43F5544880EE3
:1083A00055C1C93F7D6FEB0312D6D43F5555555586
:1083B0005555C53F82922EB1C5B8B33F59018D1BAB
:1083C0006C06E63FC88A599CE52A00404B2D8A1C62
:1083D000273A0340000000002DE9F84F1D465342A4
:1083E000134325F00049DFF8C8C149EAD373634558
:1083F000144606460F4626D8C0F1000848EA000891
:1084000021F0004A4AEAD878E04503468B461AD85C
:1084100005F1404808F5801858EA0208AE4643D0F6
:108420004FEAA57808F002085AEA030348EAD1782F
:1084300011D1B8F1020F55D0B8F1030F09D14AA1FB
:10844000D1E9000105E032463B462046294616F0B8
:1084500055FDBDE8F88F59EA020329D0E1452ED039
:10846000E24525D0AAEB09094FEA2959B9F13C0F99
:108470003CDC002D3EDA19F13C0F3BDA00200021F4
:10848000B8F1010F4ED0B8F1020F3ED0B8F1000F95
:10849000DFD037A3D3E9002316F02EFD36A3D3E9AE
:1084A000002316F029FDD4E7BDE8F84FFEF744BBE2
:1084B000BBF1000F12DB32A1D1E90001C9E7CA45C7
:1084C00034D0B8F1020F0DD0B8F1030FB7D0B8F126
:1084D000010F4FF0000036D00021BAE72AA1D1E900
:1084E0000001B6E724A1D1E90001B2E724A1D1E956
:1084F0000001C5E722462B463046394616F0DEFF1E
:1085000014F0ACFCFEF718FBBAE719A3D3E900237B
:1085100016F0F2FC02460B4617A1D1E9000116F055
:10852000EBFC96E701F10043194692E7B8F1020F20
:1085300014D0B8F1030F0DD0B8F1010F06D014A17B
:10854000D1E9000185E74FF0004182E712A1D1E9AE
:1085500000017EE712A1D1E900017AE712A1D1E979
:10856000000176E7AFF30080182D4454FB2109C0C9
:10857000075C143326A6A13C182D4454FB21094066
:10858000182D4454FB21F93F182D4454FB21F9BF09
:10859000182D4454FB21E93F182D4454FB21E9BF19
:1085A000D221337F7CD902C0D221337F7CD90240D3
:1085B0000000F07F0000000043422DE9F047034334
:1085C00021F000463C4A46EAD373934204460D46E6
:1085D0002AD8964240D0394B9E428A462EDD384BEF
:1085E0009E4235463FDD33460246314616F086FC54
:1085F000224606460F462B4600202F4916F07CFCEB
:1086000002460B463046394616F058FFFEF728FD65
:1086100000222C4B16F028FEBAF1000F0CDA01F103
:1086200000431946BDE8F08702460B4616F064FC8D
:1086300002460B4616F042FFBDE8F0871CA3D3E9C3
:10864000002316F05BFC0022002317F09DF848B1D0
:1086500020462946BDE8F0870022002316F02EFFB1
:10866000BDE8F087354622462B462046294616F0BF
:1086700045FC22462B4606460F4616F0F5FD2246DF
:10868000804689462B4600200B4916F035FC0246F1
:108690000B464046494616F011FF32463B4616F05F
:1086A0002DFCFEF7DDFC0022064B16F0DDFDB3E7E6
:1086B0009C7500883CE4377E0000F03FFFFF2F3EB2
:1086C000FFFFDF3F0000E03F2DE9F8434E4B21F074
:1086D00000449C4206460F461BDC4C4B9C4222DD6C
:1086E0004B4B9C4254DD4B4B9C4246DD4A4B9C42DB
:1086F0006FDD01339C4269D041A3D3E900231046CA
:10870000194616F0B1FD06460F4630463946BDE81B
:10871000F88302460B4616F0A7FD06460F46304684
:108720003946BDE8F88314F099FB02F04DFC0022B5
:108730003A4B8046894616F0E1FBB4F1725F06467B
:108740000F46ECDB42464B464046494616F08CFD50
:1087500032463B4604460D463046394616F0CEFBBF
:1087600002460B462046294616F0A8FE00222B4B57
:1087700016F0C4FB06460F46D1E714F06FFB00F07D
:1087800053F80022264B16F06FFD06460F46C6E74B
:1087900014F064FB00F048F80022214B06460F4617
:1087A00016F062FD324604460D463B4600201C4949
:1087B00016F084FE02460B462046294616F09EFB24
:1087C00006460F4630463946BDE8F883154B9842B9
:1087D00092D83046394614F041FB0022104B16F077
:1087E00043FD00F021F8002204460D460C4B16F024
:1087F0003BFD22462B4616F037FD06460F468EE718
:108800009C7500883CE4377EFFFFEF7F422ED63F09
:10881000FFFF3540412E8640CD3386400000F03FBB
:108820000000E03F7DF8B98F2DE9F047B04F21F00F
:108830000042BA4284B004460D464FEAD17610D9C0
:10884000AC4FBA4240F28A80C1F31303034302469D
:1088500040F0F180002E7ED00020002104B0BDE861
:10886000F087A54B9A4200F2B680A44B9A4240F2A0
:10887000D1804FF0000A22462B462046294616F0AA
:10888000F3FC85A3D3E9002306460F4616F0ECFC63
:1088900083A3D3E9002316F02FFB32463B4616F0A4
:1088A000E3FC81A3D3E9002316F028FB32463B46C4
:1088B00016F0DAFC7EA3D3E9002316F01DFB324646
:1088C0003B4616F0D1FC7CA3D3E9002316F016FB3F
:1088D00032463B4616F0C8FC02460B462046294667
:1088E00016F00AFB02460B4606460F46204629466E
:1088F00016F0BAFC80468946BAF1000F00F0AB8052
:1089000032463B4600204FF0804116F0F5FA024611
:108910000B464046494616F0D1FD02460B46DDE9BE
:10892000020116F0E9FADDE9002316F0E5FA0B463C
:1089300002467349002016F0DFFA6FF47F739A4500
:1089400080F2A3800AF57A7A01EB0A5100224FF0F7
:10895000B87316F089FC04B0BDE8F08758A3D3E9DA
:10896000002316F011FF00286BD157A3D3E9002391
:108970002046294616F0EAFE00287FF46DAF6149D3
:1089800053A3D3E9002301EBC6062046294616F07F
:108990006BFCD6E9002316F0B1FA16F015FF8246FB
:1089A00016F0F8FB4CA3D3E9002306460F4616F059
:1089B0005BFC02460B462046294616F09DFA48A36A
:1089C000D3E90023CDE900013046394616F04CFCCE
:1089D000CDE9020115E04C4B9A42D0D84B4BF40044
:1089E0002344D3E9002316F087FA494B234493ED3F
:1089F000007BCDE900018DED027BC6F1010AAAEBF7
:108A0000060ADDE90223DDE9000116F075FA0446E5
:108A10000D4630E734A3D3E9002316F06FFA0022A5
:108A2000374B16F0B1FEA8B3204629460022344B3E
:108A300016F064FA8FE70B4616F060FA04B0BDE852
:108A4000F08729A3D3E900231046194616F00CFC41
:108A500004B0BDE8F0873046394600224FF080432D
:108A600016F04AFA02460B464046494616F026FDE5
:108A700022462B4616F040FA02460B4600202049BB
:108A800016F03AFA04B0BDE8F08701EB0A5104B0E1
:108A9000BDE8F0878246EEE6D0A4BE726937663E36
:108AA000F16BD2C541BDBB3E2CDE25AF6A56113FEE
:108AB00093BDBE166CC1663F3E5555555555C53FD5
:108AC000EF39FAFE422E864051302DD5104987C02D
:108AD000FE822B654715F73F0000E0FE422EE63F81
:108AE000763C7935EF39EA3D9C7500883CE4377E69
:108AF000412E8640FFFFEF7F422ED63FFFFF2F3EE5
:108B00000000F03FA0050400B1A2F03FB005040052
:108B1000C0050400000000002DE9F04FB1F5801FF2
:108B200085B006460F460B4680F2D08021F0004209
:108B3000024300F0DA800029C0F2E9800022D64B1F
:108B400016F092FBD54A0B46934206460F466FF04D
:108B5000350E00F3C180C3F3130505F5152C0CF693
:108B6000647C0CF4801C8CF07F5282F440121C1543
:108B700042EA0507A4F2FF3474440022C84B304691
:108B8000394604EB1C5416F0B7F9AB1CC3F31303BE
:108B9000022B82468B464FF0000240F3AF804FF02D
:108BA000804316F0ABF902460B465046594616F084
:108BB00085FC064620460F4616F0ECFA3246CDE913
:108BC00002013B4630463946CDE9006716F04CFBC2
:108BD00002460B468046894616F046FB9AA3D3E927
:108BE000002306460F4616F03FFB99A3D3E9002366
:108BF00016F084F932463B4616F036FB96A3D3E9CD
:108C0000002316F07BF932463B4616F02DFB94A369
:108C1000D3E9002316F072F942464B4616F024FBC6
:108C200091A3D3E90023804689463046394616F0A1
:108C30001BFB8FA3D3E9002316F060F932463B46B5
:108C400016F012FB8CA3D3E9002316F057F9324635
:108C50003B4616F009FB0B4602464946404616F0D5
:108C60004DF9A5F5C223C5F5D725A3F27A435135B1
:108C70001D43002D06460F4640F387800022894B96
:108C80005046594616F0F0FA52465B4616F0ECFA9A
:108C900002460B46804689463046394616F02EF984
:108CA000DDE9002316F0E0FA06460F46002C40F0FE
:108CB000818002460B464046494616F01DF90246A1
:108CC0000B465046594616F017F90BE0734A93428B
:108CD0004FF0000E7FF73FAF32463B4630463946F5
:108CE00016F00CF905B0BDE8F08F0022002300203B
:108CF0006D4916F0E3FB05B0BDE8F08F002316F0D8
:108D00001BFD60B1002C7CD100200021EAE7024667
:108D100016F0F2F80022002316F0D0FBE2E758A389
:108D2000D3E900235046594616F09EFA02460B46F8
:108D300000205C4916F0E0F8524606460F465B46B6
:108D40005046594616F090FA02460B4630463946D0
:108D500016F08AFA06460F462CB3204616F01AFA89
:108D600049A3D3E900238046894616F07DFA48A33B
:108D7000D3E9002304460D464046494616F074FAEE
:108D800002460B46304639462CE002460B4650461A
:108D9000594616F0B1F8DDE9002316F065FA0646EB
:108DA0000F46002C47D132463B465046594616F0F6
:108DB000A3F897E734A3D3E90023DDE9020116F015
:108DC00053FA33A3D3E9002304460D46DDE902013B
:108DD00016F04AFA32463B4616F090F802460B4629
:108DE0004046494616F088F852465B4616F084F82D
:108DF00002460B462046294616F07EF805B0BDE82F
:108E0000F08F204616F0C6F91FA3D3E900230646CB
:108E10000F4616F029FA1EA3D3E9002304460D4697
:108E20003046394616F020FA02460B4620462946BF
:108E300016F064F856E7DDE9028913A3D3E90023AD
:108E40004046494691E700BF44523EDF12F1C23F1F
:108E5000DE03CB966446C73F599322942449D23F00
:108E6000935555555555E53F9FC678D0099AC33F50
:108E7000AF788E1DC571CC3F04FA97999999D93F67
:108E8000555555555555D53F0000E0FE422EE63F5D
:108E9000763C7935EF39EA3D00005043FFFFEF7F24
:108EA0000000F03F0000E03F000050C30000000061
:108EB000B1F5801F2DE9F84304460D460B4619DA3B
:108EC00021F00042024359D000295FDB00223A4BD7
:108ED00016F0CAF9394A0D462B46934204466FF004
:108EE00035010CDD22462B462046294616F006F8B1
:108EF000BDE8F883314A93424FF00001F2DC1815C7
:108F0000A0F2FF3008444FEAD0794844C3F3130875
:108F100016F040F9C9F57F73033348EA0355064656
:108F20000F4620462946FFF7F7FD1DA3D3E900238E
:108F3000804689463046394616F096F91AA3D3E999
:108F4000002304460D464046494616F08DF9024678
:108F50000B462046294615F0D1FF15A3D3E900237F
:108F600004460D463046394616F07EF902460B4659
:108F70002046294615F0C2FFBDE8F88300220023F1
:108F800000200F4916F09AFABDE8F883024615F062
:108F9000B3FF0022002316F091FAA9E7AFF3008097
:108FA000362BF111F3FE593D0EE526157BCBDB3F49
:108FB00000609F501344D33F00005043FFFFEF7FFA
:108FC000000050C3000000002DE9F04F23F00045E1
:108FD00055EA020493B00DD06B4E21F00044B44228
:108FE0000F4682460BDD04F1404404F5801454EA38
:108FF0000A0350D16549002013B0BDE8F08F9B46AD
:10900000944647D0B542EEDC5F4EB5425DD0002FAE
:1090100080468946CDE900235BDB0026BCF1000FCA
:109020000ED1594B9D423FD0584B9D4200F0888055
:10903000BBF1804F00F09C80554B9B4500F0B883FE
:109040004046494613F00AFFBAF1000F06D1002C42
:1090500059D04E4B27F040429A4254D0FF0F013F67
:1090600056EA070373D04B4B9D4240F39B8003F1BC
:1090700004739D4240F33E84474B9C4272DDBBF13A
:10908000000F72DD3EA3D3E900231046194616F007
:10909000EBF8B1E728B1414813B0BDE8F04F15F047
:1090A00037BDA542F7DCAFE704F1404303F5801379
:1090B00053EA0A039ED0384B9C4240F38383BBF1B2
:1090C000000F52DBDDE9000196E7BCF1000F9ED0F6
:1090D00089E7334B9D4231DCA3F154739D429CDD03
:1090E0002B15A3F2FF33142B40F3A583C3F13403F4
:1090F0002CFA03F202FA03F363458ED102F0010267
:10910000C2F102068AE7BBF1000F05DA02460B4600
:1091100000201E4916F0D2F9002FBFF66DAF04F102
:10912000404404F5801454EA060300F03F84012E05
:109130007FF462AF01F1004319465DE702266DE757
:10914000BBF1000FC0F248834046494654E742460F
:109150004B461046194615F0CFFE02460B4616F058
:10916000ADF949E7BBF1000F8CDB0020002143E79C
:1091700042464B464046494616F076F83CE700BF6B
:109180009C7500883CE4377E0000F07F0000F03FD3
:109190000000E03F0000E041FFFFEF3F040E04004D
:1091A000FFFF3F43B4F5801F80F261830022D24B62
:1091B00016F05AF86FF0340C0C462315CF4DC4F35B
:1091C0001302A3F2FF3342F07F546344AA420B938D
:1091D00044F4401440F33F83C94B9A4240F3048463
:1091E0009FEDAF7B8DED087B8DED107B9FEDAE7B12
:1091F0000B9B8DED067B01330B93A4F580140025AA
:10920000DDE906232146824615F076FEA346DDE918
:1092100006238046894650462146CDE90CAB15F021
:109220006DFE02460B460020B64916F047F90A4685
:109230000146CDE90E12134649460246404616F055
:1092400013F8631043F0005382468B4603F5002366
:109250008C46CDE904AB5919D3460023CDE902BCB5
:109260000293DDE902AB002004460D4602460B46A0
:109270005046594615F0F8FF02460B46404649460F
:1092800015F03AFEDDE90623804689462046294648
:1092900015F032FE02460B46DDE90C0115F02CFEFE
:1092A00052465B4615F0E0FF02460B4640464946F3
:1092B00015F022FEDDE90E2315F0D6FFDDE90445A9
:1092C000CDE9060122462B462046294615F0CCFF63
:1092D00077A3D3E9002304460D4615F0C5FF76A316
:1092E000D3E9002315F00AFE22462B4615F0BCFFF9
:1092F00073A3D3E9002315F001FE22462B4615F097
:10930000B3FF71A3D3E9002315F0F8FD22462B46E5
:1093100015F0AAFF6EA3D3E9002315F0EFFD224656
:109320002B4615F0A1FF6CA3D3E9002315F0E6FD51
:109330002246804689462B462046294615F094FF52
:1093400002460B464046494615F08EFF52460446FB
:109350000D465B46DDE9040115F0D0FDDDE906238D
:1093600015F082FF22462B4615F0C8FD5246804676
:1093700089465B465046594615F076FF0022624BFF
:10938000CDE90C0115F0BAFD42464B4615F0B6FD8D
:1093900002980D46044622462B465046594615F083
:1093A00063FF002282468B46574B2046294615F024
:1093B000A3FDDDE90C2315F09FFD02460B46404658
:1093C000494615F099FDDDE9042315F04DFF2246CD
:1093D000804689462B46DDE9060115F045FF024629
:1093E0000B464046494615F089FD804689460246AF
:1093F0000B465046594615F081FD029838A3D3E933
:10940000002304460D4615F02FFF5246CDE9040116
:109410005B462046294615F06FFD02460B46404646
:10942000494615F069FD30A3D3E9002315F01CFF70
:109430002FA3D3E90023804689462046294615F00C
:1094400013FF02460B464046494615F057FDDDE93D
:10945000102315F053FD80460B98894615F09AFEAF
:10946000424682468B464B46DDE9040115F046FD37
:10947000DDE9082315F042FD52465B4615F03EFD3E
:10948000029852465B4604460D4615F035FDDDE96F
:10949000082315F031FDDDE9042337E0AFF3008048
:1094A0000000000000000000000000000000F03F8D
:1094B000EF4E454A287ECA3F65DBC9934A86CD3FB9
:1094C00001411DA96074D13F4D268F515555D53F9F
:1094D000FFAB6FDBB66DDB3F033333333333E33F37
:1094E000000000E009C7EE3FFD033ADC09C7EE3F8C
:1094F000F5015B14E02F3EBE000040438E98030050
:1095000079B60B000000F03F0000084015F0F4FCB5
:109510000B4602464946404615F0EEFC013E56EA2F
:10952000070382468B4600F05E819FEDD37B8DED75
:10953000047BDDE9001200230E461746CDE90267E1
:109540000293DDE9026708463B461146324615F0B4
:10955000D3FC22462B4615F087FEDDE9002380462A
:1095600089465046594615F07FFE02460B46404656
:10957000494615F0C3FC3246804689463B462046A4
:109580002946CDE9008915F06FFE0B4602460646D6
:109590000F464046494615F0B1FCD14B994204466E
:1095A0000D468A4640F3248101F13F4303F5E00371
:1095B000034340F0FF81B2A3D3E90023DDE90001BA
:1095C00015F09CFC3246804689463B46204629469B
:1095D00015F092FC02460B464046494616F0D4F878
:1095E000002840F0E781A8464FEA2853A3F2FE3254
:1095F0004FF4801313415344C3F30A52B94DA2F2FE
:10960000FF321541C3F3130423EA05010020C2F120
:10961000140B44F48014BAF1000F02460B4644FACE
:109620000BFB30463946B8BFCBF1000B15F064FC9C
:1096300006460F463246DDE900013B4615F05EFC6A
:109640004FEA0B5A0D4600248FA3D3E9002320468E
:10965000294615F009FE3246804689463B4620469B
:10966000294615F049FC02460B46DDE9000115F0DC
:1096700043FC87A3D3E9002315F0F6FD86A3D3E9C5
:10968000002306460F462046294615F0EDFD02460A
:109690000B463046394615F031FC06460F46024669
:1096A0000B464046494615F029FC42464B460446C7
:1096B0000D4615F021FC02460B463046394615F0A2
:1096C0001BFC2246804689462B462046294615F03B
:1096D000CBFD73A3D3E9002306460F4615F0C4FD66
:1096E00071A3D3E9002315F007FC32463B4615F081
:1096F000BBFD6FA3D3E9002315F000FC32463B46C7
:1097000015F0B2FD6CA3D3E9002315F0F5FB32464A
:109710003B4615F0A9FD6AA3D3E9002315F0EEFB43
:1097200032463B4615F0A0FD02460B462046294630
:1097300015F0E2FB06460F4602460B462046294638
:1097400015F092FD0022CDE900014FF08043304634
:10975000394615F0D1FB02460B46DDE9000115F054
:10976000ADFE424606460F464B462046294615F0BA
:109770007BFD42464B4615F0C1FB02460B46304688
:10978000394615F0B9FB22462B4615F0B5FB0246CB
:109790000B460020544915F0AFFB8A44BAF5801FF0
:1097A000C0F232815146DDE9042315F05DFD23E46A
:1097B000002FFFF645AC4046494613B0BDE8F04FD8
:1097C00014F062BABBF1000FBFF6CFACDDE9003494
:1097D000184604F100410FE442464B46002042493E
:1097E00015F06CFE08E49FED387B8DED047BA0E660
:1097F0003E4B21F00048984540F3EA803C4B0B4437
:1098000003430AD132463B4615F076FBDDE90023DF
:1098100015F0B0FF00283FF4E7AEDDE904012CA30A
:10982000D3E9002315F020FD29A3D3E9002315F087
:109830001BFDFFF7E1BBBCF1000F40F0D280C3F18C
:10984000140345FA03F202FA03F3AB4200F0E0809E
:109850006646FFF7E9BB9FED207B8DED087B8DED24
:10986000107B9FED057B00258DED067BC8E44FF056
:10987000000CA2E4AFF30080000000000000F03F05
:10988000FE822B654715973C00000000432EE63F03
:10989000EF39FAFE422EE63F396CA80C615C20BE1F
:1098A000D0A4BE726937663EF16BD2C541BDBB3EE6
:1098B0002CDE25AF6A56113F93BDBE166CC1663FC4
:1098C0003E5555555555C53F000000000000F0BFFE
:1098D00059F3F8C21F6EA50100000000000000004F
:1098E000FFFF8F40FFFF0F000000F03FFFCB9040D5
:1098F00000346F3F5A4B9C427FF734AC594B9C422B
:109900003FF7BDAB0022574B15F0F6FA44A3D3E95D
:10991000002304460D4615F0A7FC43A3D3E900231A
:1099200082468B462046294615F09EFC0022CDE952
:1099300002014D4B2046294615F096FC02460B4687
:109940003BA1D1E9000115F0D7FA22462B4615F0CC
:109950008BFC02460B460020444915F0CDFA224606
:10996000804689462B462046294615F07DFC024656
:109970000B464046494615F077FC2FA3D3E9002358
:1099800015F072FC02460B46DDE9020115F0B4FA4F
:1099900002460B46804689465046594615F0AEFAB7
:1099A000002004460D4652465B46AFE502460B4694
:1099B000FFF7CFBBDDE9040121A3D3E9002315F0B4
:1099C00053FC1FA3D3E9002315F04EFCFFF714BB93
:1099D000264B98453FF708AEDDE9022392469346B1
:1099E00031E60026FFF72CBB9FED177B8DED087B42
:1099F0009FED177B8DED107B9FED177B4FF480253E
:109A00008DED067BFFF7FCBB5A4601F029FDCAE647
:109A100002F00102C2F10206FFF706BBAFF30080BD
:109A2000000000604715F73F44DF5DF80BAE543E81
:109A3000555555555555D53FFE822B654715F73F72
:109A40009C7500883CE4377E0000004003B8E23F8C
:109A500006D0CF43EBFD4C3E000000000000F83F75
:109A6000FEFFEF3F0000F03F0000D03F0000E03F6E
:109A70002DE9F047CA4B21F000479F4290B0804645
:109A8000894640F38F80C74B9F420C46924626DCA6
:109A90000029B9A3D3E9002340F38F8015F02CFAF5
:109AA000C14B9F4204460D4600F04781B4A3D3E961
:109AB000002315F021FA02460B46CAE9002320468E
:109AC000294615F019FAAEA3D3E9002315F014FACC
:109AD0000125CAE90201284610B0BDE8F087B34B62
:109AE0009F4240F38980B24B9F4200F31C813D1599
:109AF000A5F21645A7EB055319461F46064615F075
:109B000063FE15F047FB8046894642464B46304689
:109B10003946CDE90A8915F0EFF90022A54B15F079
:109B2000A3FB8946804615F04FFE15F033FB064631
:109B30000F4632463B4640464946CDE90C6715F094
:109B4000DBF900229B4B15F08FFB00220023CDE9AF
:109B50000E0115F0F1FD002800F060810023304671
:109B60003946002215F0E8FD002814BF0123022326
:109B7000914A019202212A4600910AA8514600F01A
:109B800087FB002C054614DADAF80420DAF80C30EA
:109B900002F1004203F100434542CAF80420CAF82A
:109BA0000C3006E000200021C2E90089C2E9020170
:109BB0000025284610B0BDE8F08715F09FF97A4BD4
:109BC0009F4204460D4600F00B816DA3D3E90023AC
:109BD00015F094F902460B46CAE9002329462046AF
:109BE00015F08AF966A3D3E9002315F087F94FF041
:109BF000FF35CAE90201DCE713F030F962A3D3E9CB
:109C000000238046894615F02FFB00226B4B15F090
:109C100075F915F0D9FD054615F0BCFA56A3D3E940
:109C20000023CDE9060115F01FFB02460B46404616
:109C3000494615F061F952A3D3E9002380468946CD
:109C4000DDE90601CDE9028915F00EFB1F2D024664
:109C50000B46CDE9042340F3B380DDE90423DDE9BD
:109C6000020115F049F9804689463F15C9F30A53A8
:109C7000FB1A102B40F3B18045A3D3E90023DDE9A3
:109C8000060115F0F1FA8046894602460B46DDE9E9
:109C9000020115F031F902460B46DDE90201CDE97A
:109CA000082315F029F942464B4615F025F93AA349
:109CB000D3E9002380468946DDE9060115F0D4FA90
:109CC00042464B4615F018F90B46CDE90401024611
:109CD000DDE9080115F010F9C1F30A53FF1A312F1D
:109CE0008046894600F39C809DED087BCAE9008987
:109CF0008DED027B42464B46DDE9020115F0FCF892
:109D0000DDE9042315F0F8F8002CCAE90201BFF6DA
:109D100050AF09F1004401F100436D42CAE90084EB
:109D2000CAE9020345E702460B4615F0E5F80025AF
:109D3000CAE90201CAE900013BE715A3D3E9002300
:109D400015F0DAF814A3D3E900230D46044615F004
:109D5000D3F802460B46CAE900232946204615F0EF
:109D6000CBF80DA3D3E9002315F0C6F80125CAE905
:109D700002011EE7AFF3008000004054FB21F93FD1
:109D80003163621A61B4D03D83C8C96D305FE43F6E
:109D90000000601A61B4D03D7370032E8A19A33B92
:109DA000FB21E93F7BD90240FB21F93FFB213941EF
:109DB000FFFFEF7F00007041FC1704000000E03F50
:109DC0004046494615F098F8394B6A1E804653F8CC
:109DD0002230BB4289463FF448AFCAE9008989E78F
:109DE0002BA3D3E9002315F089F82BA3D3E9002393
:109DF0000D46044615F082F802460B46CAE90023D8
:109E00002946204615F078F823A3D3E9002315F05E
:109E100075F84FF0FF35CAE90201CAE60323A7E649
:109E20001FA3D3E90023DDE9060115F01DFA06465C
:109E30000F4602460B46DDE9080115F05DF8804645
:109E4000894602460B46DDE90801CDE9028915F095
:109E500053F832463B4615F04FF813A3D3E90023DD
:109E600006460F46DDE9060115F0FEF932463B468F
:109E700015F042F802460B4640464946CDE9042318
:109E800015F03AF880468946A7E700BFAFF3008097
:109E90000000601A61B4D03D7370032E8A19A33B91
:109EA0000000002E8A19A33BC14920259A837B39E3
:109EB0007C17040000000000574A2DE9F84F21F0FC
:109EC0000048904506460F462CDC544B0029B4BF91
:109ED000534D544D98454FF0000411DC524B9845BA
:109EE00026DC4BA3D3E9002315F008F800224F4BE2
:109EF00015F04AFC002840D030463946BDE8F88FBE
:109F00004B4B984530DD4B4B984568DD0133984508
:109F100062D0304639463EA3D3E9002315F0A4F9B8
:109F2000BDE8F88F02460B4614F0E8FFBDE8F88F55
:109F300012F094FF01F048F83F4B984506460F4653
:109F400023DD0022394B14F0D9FF02460B46304680
:109F5000394615F0B3FA32463B4614F0CFFF22469D
:109F60002B4615F081F9E1E712F078FFFEF75CFC73
:109F700022462B4615F078F9D8E73046394612F0DC
:109F80006DFF01F021F806460F4632463B4630464B
:109F9000394614F0B3FF324682468B463B46304684
:109FA000394615F061F90022804689461F4B30463C
:109FB000394614F0A3FF02460B464046494615F0C9
:109FC0007DFA02460B465046594614F095FF22464C
:109FD0002B4615F049F9A9E7184B984299D8304615
:109FE000394612F03BFF00220E4B15F03DF9FEF70B
:109FF0001BFC06460F4602460B462046294615F036
:10A0000033F932463B4615F02FF98FE7AFF3008066
:10A010003374AC3C1F7BAC7FFFFFEF7FFFFF35400D
:10A020000000E0BF0000E03FFFFF2F3E0000F03FD8
:10A03000412E8640CD338640FFFFEF3F7DF8B98F3C
:10A040002DE9F04F21F00048B8F1795F85B0064660
:10A050000F4692469B466BDA15F0B6FB002800F0DF
:10A06000E18032463B463046394615F0FDF874A390
:10A07000D3E9002304460D4615F0F6F872A3D3E9A0
:10A08000002314F03BFF22462B4615F0EDF870A399
:10A09000D3E9002314F030FF22462B4615F0E4F8F4
:10A0A0006DA3D3E9002314F029FF22462B4615F0B7
:10A0B000DBF86BA3D3E9002314F01EFF22462B46E6
:10A0C00015F0D2F868A3D3E9002314F017FF224655
:10A0D0002B4615F0C9F8CDE900010022664B204659
:10A0E000294615F0C1F8DDE900238046894620465F
:10A0F000294615F0B9F8524604460D465B463046EF
:10A10000394615F0B1F802460B462046294614F0B0
:10A11000F3FE02460B464046494614F0EDFE024669
:10A120000B460020554914F0E7FE05B0BDE8F08F5E
:10A1300002460B4615F098F841A3D3E900230446E4
:10A140000D4615F091F840A3D3E9002314F0D6FE94
:10A1500022462B4615F088F83DA3D3E9002314F0DE
:10A16000CBFE22462B4615F07FF83BA3D3E9002314
:10A1700014F0C4FE22462B4615F076F838A3D3E936
:10A18000002314F0B9FE22462B4615F06DF836A3D5
:10A19000D3E9002314F0B2FE2B46224615F064F8F2
:10A1A000374B9845CDE9000197DD364B98453EDCAD
:10A1B000A8F500130022002030499046994614F07B
:10A1C0009BFECDE9020100222B4B2046294615F0CB
:10A1D0004BF842464B4614F08FFEDDE900238046E3
:10A1E00089462046294615F03FF8524604460D465A
:10A1F0005B463046394615F037F802460B46204696
:10A20000294614F079FE02460B464046494614F0B2
:10A2100073FE02460B46DDE9020114F06DFE05B047
:10A22000BDE8F08F1549002005B0BDE8F08F9FED27
:10A23000107B4FF000088DED027BDFF84C90C2E7F9
:10A24000D43888BEE9FAA8BDC4B1B4BD9EEE213EA3
:10A25000AD529C804F7E923E9015CB19A001FA3EE4
:10A260007751C1166CC1563F4C5555555555A53FB4
:10A27000000000000000E73F0000E03F0000F03F6A
:10A280003233D33F0000E93F0000D23F000000001E
:10A290002DE9F04FADF5197DBE4CA29EBE4D54F890
:10A2A00026600793D41E85FB0475E417C4EBA50450
:10A2B00024EAE4741D46631CA3EB8303013D02EB17
:10A2C000C3030593731904960994019503900B91A8
:10A2D000A4EB05071AD43B44002400255E1C0DF1B5
:10A2E0008008DDF88C9208E059F8270014F052FF3E
:10A2F0000137B742E8E8020108D0002FF4DA01374D
:10A3000020462946B742E8E80201F6D1049B002B1B
:10A31000079B4FEAC30302932ADB039A20A902EBAF
:10A32000030801EB0309049B72AA02EBC30B0DF5B2
:10A33000E07A019B002B4FF000064FF0000711DB85
:10A34000039C4D4675E90223F4E8020114F08CFFEA
:10A3500002460B463046394614F0D0FD44450646C9
:10A360000F46EFD1EAE80267DA4509F10809E0D1C2
:10A37000DDE90204049920448B0082460BA8A3F176
:10A380000802C31808930CAB13440A938B4698AB8E
:10A3900003EBCB03BBF1000F53E9284529DD70AB7C
:10A3A00003EBCB080DF1300900227C4B20462946F7
:10A3B00014F05AFF15F008FA14F0ECFE0022784B66
:10A3C00006460F4614F050FF02460B46204629462B
:10A3D00014F092FD15F0F8F978E9022349F8040B1E
:10A3E0003946304614F08AFD70AB984504460D4658
:10A3F000DAD1DDF81490204629464A4601F030F8BB
:10A4000000224FF07F5304460D4614F02DFFFCF759
:10A41000A7FD0022634B14F027FF02460B4620469F
:10A42000294614F069FD0D46044615F0CDF9804625
:10A4300014F0B0FE0B4602462946204614F05CFD9F
:10A440004B46002B06460F4640F3E1800BF1FF32EE
:10A450000CA9C9F1180351F8225045FA03F101FA89
:10A4600003F30CA8EB1A40F82230C9F11705884411
:10A4700043FA05F5002D2CDDBBF1000F08F10108B2
:10A4800040F381820C9C002C40F0A780BBF1010FAF
:10A490000AD00CA9012251F8044F531C002C40F0A3
:10A4A0009E809B451A46F6D1059B002B0EDD012BA5
:10A4B00000F0D980022B09D10BF1FF320CAB0CA9B3
:10A4C00053F82230C3F3150341F82230022D00F077
:10A4D000AF80002200233046394615F02DF90028C0
:10A4E00000F05382049B0BF1FF394B4510DC0BF15C
:10A4F00080430CAA013B089802EB8303002253F827
:10A500000419834242EA0102F9D1002A40F0B680E0
:10A51000049B0CAA013B52F82330002B40F0A18091
:10A520000A9A012352F8041901330029FAD05B4436
:10A530000BF10109994506934CDC099A079909EB3F
:10A54000020801EB0B0508F1804802EB030BA39B0B
:10A5500008F1FF3803EB880870AB03EBC909A39B34
:10A5600020A903EB8B0301EBC505029358F8040FF8
:10A5700014F010FE0B4601990246002905F1080B64
:10A58000C5E900234FF000064FF000071CDB039CD9
:10A590000CE000BF9C1C0400ABAAAA2A0000703E7D
:10A5A000000070410000204075E90223F4E8020138
:10A5B00014F05AFE02460B463046394614F09EFC13
:10A5C000544506460F46EFD1029B9845E9E80267DD
:10A5D0005D46CBD1DDF818B0D9E6012300220CA9E5
:10A5E000C4F180749B4541F822400EDD51F82320D0
:10A5F00001EB8B0001EB83036FF07F4100E01A68F1
:10A600008A1A43F8042B8342F9D101244CE706D17E
:10A610000BF1FF330CAA52F82350ED152AE7002264
:10A620007B4B15F0A7F8002840F0A381054650E7C2
:10A6300032463B460020774914F05EFC06460F4642
:10A64000002C3FF446AF059A7249002000F008FF45
:10A6500002460B463046394614F04EFC06460F467D
:10A6600037E7012363E70BF1FF320CAB0CA953F87A
:10A670002230C3F3160341F8223027E70CAB059ACA
:10A6800053F82930183ACDE9068505926BB909F1DE
:10A690008043013B0CA901EB830353F8041909F132
:10A6A000FF39183A0029F8D00592059A5949002037
:10A6B00000F0D6FEB9F1000F04460D46C0F2C0818D
:10A6C0004FEAC90370AA02EB030808930CAB03EB33
:10A6D0008906DFF844B14FF0000A08F10807043694
:10A6E00056F8040D14F056FD22462B4614F0BCFD1E
:10A6F0005B4667E9020152462046294614F0B4FD44
:10A700000CAB9E4204460D46EAD148AB039301933D
:10A71000CDF8149009F10103DDF810900293C346BF
:10A720004FF0000AB9F1000FC0F22A81DFF8EC8087
:10A730005D4635A3D3E9002300260027002403E06B
:10A74000544510DCF8E80223F5E8020114F08CFD12
:10A7500002460B463046394614F0D0FB0134A14581
:10A7600006460F46ECDA019BE3E802670193029B81
:10A770000AF1010A9A45ABF1080BD3D1A29BDDF88F
:10A780001490032B39D8DFE813F0D9000600060037
:10A790004D0048AB0393B9F1000F4FF000004FF0AC
:10A7A000000109DB039D05EBC904083474E90223A9
:10A7B00014F0A4FBA542F9D1079B002B40F01E81A9
:10A7C0000B9BC3E900010B4603990246D1E9000146
:10A7D00014F092FBB9F1000F0CDD4AAD01240134F5
:10A7E000F5E8022314F08AFBA145F8DA079B002B59
:10A7F00040F014810B9BC3E90201069B03F00700A4
:10A800000DF5197DBDE8F08F00000040FB21F93FF8
:10A810000000E03F0000F03F0000703EE80504004B
:10A8200048AB0393B9F1000F40F32781039ACDF8A9
:10A8300010904FEAC9030193D318D3E900AB09F193
:10A840000053013B02EBC9080293914678E9026785
:10A8500052465B463046394614F050FB04460D46DE
:10A8600002460B463046394614F046FB52465B46DC
:10A8700014F044FBC145A246AB46C8E90201C8E951
:10A880000045E3D1DDF81090B9F1010F40F3F580F8
:10A89000019B039A02991344C900D3E9006701F1AF
:10A8A000080A019192440DF5947B7AE902893246B7
:10A8B0003B464046494614F021FB04460D460246FD
:10A8C0000B464046494614F017FB32463B4614F00F
:10A8D00015FBD34526462F46CAE90201CAE90045C1
:10A8E000E3D1019C039B1034002000211C4403F1A0
:10A8F000100574E9022314F001FBA542F9D1039C71
:10A90000079ED4E90023D4E90245002E00F08A8096
:10A9100003F1004701F100430B99C1E90403069BD1
:10A920002646944605F1004403F00700C1E900C73C
:10A93000C1E902640DF5197DBDE8F08F089C039D07
:10A940000834002000212C4474E9022314F0D6FAC4
:10A95000A542F9D1079B13B101F1004319460B9BA6
:10A96000C3E90001069B03F007000DF5197DBDE862
:10A97000F08FBBF1000F08F1010874DD022581E5BD
:10A9800000260027EFE600248EE5CDE90685059D2B
:10A99000304639466A4200F063FD0022384B0646D5
:10A9A0000F4614F0E7FE00B30022364B304639461E
:10A9B00014F05AFC14F008FF044614F0EBFB0022DC
:10A9C0002F4B14F051FC0B4602463946304614F02A
:10A9D00093FA14F0F9FE0BF101090CAB183543F8AA
:10A9E0002B00059543F829405FE63046394614F0C0
:10A9F000EBFE0CABD94643F82B0056E60B9C01F15D
:10AA00000043C4E900030B4603990246D1E9000163
:10AA100014F072FAB9F1000F3FF7DFAE01F1004315
:10AA20001946E7E60B9EC6E90023069BC6E904012A
:10AA300003F00700C6E902450DF5197DBDE8F08F6A
:10AA4000A29B032B3FF6D9AE01A252F823F000BF20
:10AA500061AA020093A7020093A7020021A80200A6
:10AA60000020002176E732463B460020064914F0DC
:10AA700043FA022506460F462BE5002000213EE75B
:10AA8000000070410000703E0000F03F0000000038
:10AA90002DE9F04F21F00046B6F1795F85B004460C
:10AAA0000D469046994604DA14F08EFE002800F018
:10AAB000858022462B462046294614F0D5FB0646C3
:10AAC0000F4602460B462046294614F0CDFB41A313
:10AAD000D3E9002382468B463046394614F0C4FB46
:10AAE0003EA3D3E9002314F007FA32463B4614F0A4
:10AAF000BBFB3CA3D3E9002314F000FA32463B46EB
:10AB000014F0B2FB39A3D3E9002314F0F5F932466F
:10AB10003B4614F0A9FB37A3D3E9002314F0EEF968
:10AB20000E9BCDE900019BB30022294B40464946CC
:10AB300014F09AFBDDE90023CDE9020150465946A5
:10AB400014F092FB02460B46DDE9020114F0D4F941
:10AB500032463B4614F088FB42464B4614F0CCF993
:10AB600019A3D3E9002306460F465046594614F070
:10AB70007BFB02460B463046394614F0BFF90246CD
:10AB80000B462046294614F0B7F905B0BDE8F08F12
:10AB900002460B463046394614F066FB0AA3D3E959
:10ABA000002314F0A9F952465B4614F05DFB2246DF
:10ABB0002B4614F0A3F905B0BDE8F08F20462946D6
:10ABC00005B0BDE8F08F00BF495555555555C53FF7
:10ABD0000000E03F7CD5CF5A3AD9E53DEB9C2B8A6B
:10ABE000E6E55A3E7DFEB157E31DC73ED561C1196A
:10ABF000A0012A3FA6F810111111813F00000000AA
:10AC00002DE9F04FC04C21F0004687B0A6428246A5
:10AC10008B460F46CDE900231ADC14F0D5FD002841
:10AC20003FD1109B524601331343334300F0B781A9
:10AC3000109B012B00F0C0815B460020B34914F04B
:10AC40003DFC04460D462046294607B0BDE8F08F7E
:10AC5000AF4B9E4225DD002909DADDE90045224699
:10AC600005F10043CDE900230BF100418B4652462C
:10AC70005B4685A1D1E9000114F03EF9DDE900232E
:10AC800004460D4682A1D1E9000114F035F99FED8B
:10AC9000827B22462B468DED007B14F02FF98246F5
:10ACA0008B4652465B465046594614F0DDFA024642
:10ACB0000B468046894614F0D7FA424604460D46B4
:10ACC0004B465046594614F0CFFA75A3D3E90023FA
:10ACD000CDE902012046294614F0C6FA72A3D3E951
:10ACE000002314F00BF922462B4614F0BDFA70A392
:10ACF000D3E9002314F002F922462B4614F0B4FAEB
:10AD00006DA3D3E9002314F0F9F822462B4614F082
:10AD1000ABFA6BA3D3E9002314F0F0F822462B46DC
:10AD200014F0A2FA68A3D3E9002314F0E7F842462E
:10AD30004B4614F099FA66A3D3E90023CDE9040148
:10AD40002046294614F090FA63A3D3E9002314F0B7
:10AD5000D5F822462B4614F087FA61A3D3E90023E5
:10AD600014F0CCF822462B4614F07EFA5EA3D3E909
:10AD7000002314F0C3F822462B4614F075FA5CA3A6
:10AD8000D3E9002314F0BAF822462B4614F06CFAEB
:10AD900059A3D3E9002314F0B1F802460B46DDE9CC
:10ADA000040114F0ABF8DDE9022314F05DFADDE9EB
:10ADB000004522462B4614F0A1F842464B4614F0BB
:10ADC00053FA22462B4614F099F84DA3D3E90023F9
:10ADD00004460D46DDE9020114F046FA22462B46F0
:10ADE00014F08CF80B460246804689465046594678
:10ADF00014F084F8464B9E4204460D4600F38C80C6
:10AE0000109B012B3BD002460B4600203F4914F01B
:10AE100055FB002406460F462046294652465B460F
:10AE2000CDE90067CDE90201009414F065F8DDE991
:10AE300000AB02460B464046494614F05DF85246C8
:10AE40005B4614F011FA524604460D465B46DDE9B6
:10AE5000020114F009FA00222E4B14F04FF80246BA
:10AE60000B462046294614F049F832463B4614F07A
:10AE7000FBF952465B4614F041F804460D46204665
:10AE8000294607B0BDE8F08F182D4454FB21E93F57
:10AE9000075C143326A6813C00000000000000007F
:10AEA000D47ABF74702AFB3EE9A7F0320FB8123F84
:10AEB00068108D1AF726303F1583E0FEC8DB573F38
:10AEC00093846EE9E326823FFE41B31BBAA1AB3FF8
:10AED000735360DBCB75F3BEA69237A0887E143F18
:10AEE0000165F2F2D844433F280356C9226D6D3FF5
:10AEF00037D60684F464963F7AFE10111111C13FD3
:10AF0000635555555555D53FFFFF2F3E0000F0BF07
:10AF10002794E53F0000F03F109814F03BF92246DB
:10AF2000CDE900012B462046294614F09DF9DDE9C4
:10AF30000023CDE902012046294613F0DFFF024637
:10AF40000B46DDE9020114F0B9FA42464B4613F014
:10AF5000D3FF02460B465046594613F0CDFF02463A
:10AF60000B4613F0CBFF02460B46DDE9000113F060
:10AF7000C3FF0446B81700F00200C0F101000D46FF
:10AF800014F008F902460B462046294614F06CF9E5
:10AF900004460D462046294607B0BDE8F08F5046CE
:10AFA000594611F05BFF02460B460020044914F09D
:10AFB00085FA04460D4662E754465D465FE700BFEA
:10AFC0000000F03F000000002DE9F04FCC4A21F0D6
:10AFD0000043934285B082468B460C4620D9C94A2D
:10AFE000934200F2D780002C80F2A481ACA3D3E975
:10AFF00000235046594613F081FF0022002314F02D
:10B00000A5FB002840F0D180A7A3D3E90023504638
:10B01000594614F029F902460B460020BA4994E13A
:10B02000BA4A934200F2E580B94A934240F22E8137
:10B03000002301930022B74B5046594614F014F9EF
:10B0400006460F4602460B465046594614F00CF988
:10B0500097A3D3E9002304460D4614F005F996A3FF
:10B06000D3E9002313F04AFF22462B4614F0FCF8E4
:10B0700093A3D3E9002313F03FFF22462B4614F09D
:10B08000F3F891A3D3E9002313F038FF22462B46AF
:10B0900014F0EAF88EA3D3E9002313F02DFF224623
:10B0A0002B4614F0E1F800229B4B13F027FF80465B
:10B0B000894602460B463046394614F0D5F802461A
:10B0C0000B460020954913F017FF064602460B4633
:10B0D0000F464046494613F00FFF324680468946E8
:10B0E0003B465046594614F0BFF802460B46002036
:10B0F0008B4913F001FF02460B464046494614F0C7
:10B10000DDF922462B4614F0AFF8019E02460B46AD
:10B11000002E4DD0DDE9026732463B4613F0ECFECF
:10B1200052465B4614F0A0F832463B4613F0E4FE6C
:10B130002B46224613F0E0FE019B013306460F46E4
:10B1400000F02381019B012B7BD0019A531C392BEA
:10B150004FEA025500F22881019A132A40F35581E3
:10B16000019BC3F57F7403340022230513F0C6FE50
:10B1700002460B465046594613F0BEFE0022664B6F
:10B1800013F0BCFE824605EB010B5046594605B054
:10B19000BDE8F08F634A93421BD9C1F31303034305
:10B1A000024640F012810029EFDA00205E490DE0EE
:10B1B0005046594614F058F822462B4613F09CFE90
:10B1C00002460B465046594613F096FE05B0BDE8C0
:10B1D000F08F41A3D3E9002314F0D6FA00283FF4FE
:10B1E00002AF3FA3D3E900231046194614F03CF800
:10B1F000ECE74E4A934200F2EC8000293AA3D3E9EF
:10B20000002339DA13F07AFE39A7D7E900674FF047
:10B21000FF3380468946019332463B4640464946C5
:10B2200013F06AFE02460B4682468B46404649466C
:10B2300013F062FE32463B4613F05EFECDE902019A
:10B24000F8E600223A4B5046594614F07FFA00289F
:10B2500000F0CC805046594600222E4B13F04EFE93
:10B2600002460B463046394613F046FE00224FF0A8
:10B27000404313F0F9FFA9E713F03EFE0123804697
:10B28000894601931CA7D7E90067C5E714A3D3E952
:10B29000002313F033FE02460B468FE7AFF3008026
:10B2A00059F3F8C21F6EA501FE822B654715F73FC3
:10B2B0002DC3096EB7FD8ABE3952E686CACFD03E8D
:10B2C000B7DBAA9E19CE143F8555FE19A0015A3F3F
:10B2D000F41011111111A13FEF39FAFE422E8640F0
:10B2E0009C7500883CE4377E0000E0FE422EE63F7D
:10B2F000763C7935EF39EABD763C7935EF39EA3D70
:10B3000079684340412E86400000E0BF422ED63F80
:10B31000FFFF8F3C0000E03F0000F03F00000840CE
:10B3200000001840FFFFEF7F0000F0BFB1A2F03F28
:10B330000000D0BF44A3D3E900235046594613F080
:10B3400093FF02460B460020414913F0D7FD14F04D
:10B350003BFA019013F01EFF37A3D3E90023064602
:10B360000F4613F081FF02460B465046594613F034
:10B37000C3FD33A3D3E900238046894630463946CE
:10B3800013F072FF06460F4646E702460B4650464C
:10B39000594613F0B1FD00222D4B13F065FF00223A
:10B3A0002B4B13F0A9FD11E752465B4613F0A4FDA9
:10B3B00002460B460020274913F09EFD6B181946E4
:10B3C0000022244B13F098FD00E70B4613F096FD86
:10B3D000FCE61DA3D3E9002313F046FF002C024630
:10B3E0000B464FF00000AFDA1B49AEE732463B4652
:10B3F0005046594613F080FD02460B4613F07EFD81
:10B400000022144B13F07AFDE0E64FF4001343FAE8
:10B4100002F452465B4613F06FFDC4F17F570026DD
:10B4200007F5401702460B463046394613F064FDD7
:10B43000A8E600BFAFF300800000E0FE422EE63F2A
:10B44000763C7935EF39EA3DFE822B654715F73FAB
:10B450000000E03F0000F03F0000E0BF00000000FF
:10B46000F8B5C1F30A5304460D460E4617460BBB0A
:10B4700021F00046034633431BD0354B002213F026
:10B48000F3FE344B9F4204460D4635DBC1F30A53AD
:10B490000E46363B3B4440F2FE72934232DC002BB8
:10B4A00011DD26F0FF4626F4E00646EA0355204665
:10B4B0002946F8BD40F2FF729342EBD102460B469B
:10B4C00013F01CFDF8BD13F1350F28DA4CF25033A0
:10B4D0009F4222462B460ADD19A1D1E9000113F053
:10B4E0007DFC17A3D3E9002313F0BEFEF8BD16A11F
:10B4F000D1E9000113F072FC13A3D3E9002313F088
:10B50000B3FEF8BD22462B460DA1D1E9000113F090
:10B5100065FC0BA3D3E9002313F0A6FEF8BD26F0CB
:10B52000FF4626F4E006363346EA03552046294610
:10B530000022094B13F098FEF8BD00BFAFF3008066
:10B540009C7500883CE4377E59F3F8C21F6EA50154
:10B5500000005043B03CFFFF0000903C10B5054C8C
:10B56000237833B9044B13B10448AFF300800123AF
:10B57000237010BD1085002000000000F41D0400A1
:10B5800008B5034B1BB103490348AFF3008008BD66
:10B590000000000014850020F41D0400154B002B52
:10B5A00008BF134B9D46A3F5803A00218B460F46FA
:10B5B0001348144A121A09F0F5F80F4B002B00D06B
:10B5C00098470E4B002B00D0984700200021040024
:10B5D0000D000D48002802D00C48AFF3008013F096
:10B5E00033FC2000290005F00BF913F019FC00BF13
:10B5F000000008000000042000000000000000001F
:10B6000000840020A88C0020000000000000000042
:10B6100070B504460E4600F08DFA88B10368DB6A07
:10B6200005469847082C0CD0A4F10903012B14D926
:10B630003246214610230D20BDE8704004F096B933
:10B6400070BD2B6828465B6A98470228F0DC2B689F
:10B6500028461B6A04219847EAE72B6828465B6A5C
:10B6600098470528E4DC2B6828461B6A0821984780
:10B67000DEE700BF38B52DED028B054600F05AFA23
:10B68000044640B10368DB6A9847032D03D8DFE81E
:10B6900005F02F363D06BDEC028B002038BD20465C
:10B6A0000BF068FE07EE900A2046F8EEE78A0BF0F2
:10B6B0006FFE07EE900A2046B8EEE78A0BF076FEA2
:10B6C00068EE087A07EE100AE8EEA87AB8EEC77AB4
:10B6D000E7EE077AF5EE407AF1EE10FAB1EEE78A7E
:10B6E0001BD4FDEEC87ABDEC028B17EE900A38BD74
:10B6F000BDEC028B2046BDE838400BF03BBEBDECF4
:10B70000028B2046BDE838400BF042BEBDEC028BF8
:10B710002046BDE838400BF049BE17EE900A12F003
:10B720004DF9DEE738B5044600F004FA58B1036875
:10B73000DB6A0546984744B1012C04D12846BDE890
:10B740003840FBF73DB9002038BD2846BDE83840F9
:10B75000FBF716B910B5044600F0ECF928B1036800
:10B7600021461B6ABDE81040184710BD00487047CD
:10B7700016FCFFFF704700BF10B5034B0360044683
:10B780000BF0F4FB204610BDD012040010B5054BA1
:10B79000036004460BF0EAFB204614F0EDFA204665
:10B7A00010BD00BFD01204002DE9F041032184B088
:10B7B0000546512001F020FDDFF838C3C24B044696
:10B7C00004F00F06C4F3031714F4807408BF634633
:10B7D000BE4831463A460AF033FD221C18BF01220A
:10B7E00031463B4628460EF08FF90023AB60B8483F
:10B7F0000AF026FD4FF0FF31032001F0FDFCC0B23E
:10B8000004F0A8FB4FF0FF310446022001F0F4FCE5
:10B81000C0B204F09FFB002C57D0002855D0014641
:10B82000204604F07FF90646002869D04FF0FF312A
:10B83000462001F0E1FC3828044600F0DB801ADDE8
:10B840003A2800F0C180682861D14FF0FF31012013
:10B8500001F0D2FCC0B204F07DFB80465C2014F005
:10B8600094FA052301934246009431462B4607463D
:10B870000CF0D0FE19E0302801D0322847D14FF02B
:10B88000FF31012001F0B8FCC0B204F063FB804638
:10B89000542014F07AFAA4B20746052301934246D5
:10B8A000009431462B460CF05FFCAF603B68384695
:10B8B0009B6A9847A8680368DB6A984785480AF03E
:10B8C000BFFC284604B0BDE8F08183480AF0B8FC0C
:10B8D0004FF0FF31192001F08FFCC0B204F03AFBA9
:10B8E0004FF0FF310446182001F086FCC0B204F08E
:10B8F00031FB0146204604F015F90646002895D193
:10B9000076480AF09DFC284604B0BDE8F081012489
:10B910003268CDE900440023576AAB600F220DF175
:10B920000F0332213046B847002800F0A980336861
:10B93000CDE900440F225F6A30210DF10F0330463C
:10B94000B84700286ED03368CDE900440D225F6A05
:10B9500038210DF10F033046B847002800F09680DB
:10B960003368CDE900440D225F6A3A210DF10F03DF
:10B970003046B847002800F0BF803268CDE9004467
:10B980000DF10F03576A682175223046B847002829
:10B990005BD1682152480AF053FC4FF0FF3120463A
:10B9A00001F02AFCC0B204F0D5FA80465C2014F005
:10B9B000ECF905246823CDE90034424631462B4694
:10B9C00007460CF027FE70E74FF0FF31012001F031
:10B9D00013FCC0B204F0BEFA8046502014F0D5F932
:10B9E000052301934246009431462B4607460CF04E
:10B9F000F1FC5AE74FF0FF31012001F0FDFBC0B22E
:10BA000004F0A8FA8046502014F0BFF90523074639
:10BA1000019342462B46009431460CF0DBFC314B3F
:10BA20003B6042E730212E480AF00AFC30244FF0F8
:10BA3000FF31012001F0E0FBC0B204F08BFA804638
:10BA4000542014F0A2F9074627E727480AF0F8FB2C
:10BA5000AF68002F7FF42AAF4FF0FF31032001F0D1
:10BA6000CBFBC0B204F076FA30B120480AF0E8FB14
:10BA7000284604B0BDE8F0811D480AF0E1FB42E72A
:10BA8000322117480AF0DCFB3224D0E73821144871
:10BA90000AF0D6FB4FF0FF31204601F0ADFBC0B2FB
:10BAA00004F058FA8046502014F06FF9052438232A
:10BAB0000746CDE9003442462B4631460CF08AFC5D
:10BAC000084B3B60F1E600BF6C0604007C060400F6
:10BAD0009C0604005C070400AC060400C0060400D9
:10BAE000EC06040038060400D80604000007040031
:10BAF0003C070400740604003A210D480AF0A0FB3C
:10BB00004FF0FF31204601F077FBC0B204F022FA7B
:10BB10008046502014F039F905243A23CDE9003449
:10BB2000424631462B4607460CF054FCBDE600BFAA
:10BB3000EC06040038B5114C23680BB1986838BD89
:10BB40004FF0FF31012001F057FBC0B204F002FAC0
:10BB500040B10C2014F019F90546FFF725FE2560C9
:10BB6000A86838BD4FF0FF31032001F045FBC0B29B
:10BB700004F0F0F90028ECD138BD00BF2C8500207E
:10BB800008B501F06BFCFBF78FFCBDE8084001F045
:10BB9000C5B900BF08B501F061FCFBF7F5FCBDE8D5
:10BBA000084001F0BBB900BF08B501F057FC11F027
:10BBB000CBF9BDE8084001F0B1B900BF08B501F00C
:10BBC0004DFC11F0BDFDBDE8084001F0A7B900BF74
:10BBD00008B501F043FCFBF777FCBDE8084001F035
:10BBE0009DB900BF08B501F039FC11F0DFFBBDE8DD
:10BBF000084001F093B900BF08B501F02FFCFAF737
:10BC0000FFFEBDE8084001F089B900BF08B501F0AA
:10BC100025FC11F021FBBDE8084001F07FB900BF11
:10BC200070B5049E96420C4624DB15466BB9042A77
:10BC300019D0022A02D110F0010310D001462A4681
:10BC4000204607F01DFC002070BD10440D4410F884
:10BC5000013D01F8013B8D42F9D1002070BD028801
:10BC60000A80184670BD10F00303E7D102680A602D
:10BC7000184670BD0846002108F094FD4FF0FF30D3
:10BC800070BD00BF0830704740B1002905DB436834
:10BC90008B4202DD0844007A70470020704700BFE5
:10BCA00030B1002904DB43688B42C4BF40180272E4
:10BCB000704700BF40B1002905DB4368994202DAB2
:10BCC0000844007A70470020704700BF830704D102
:10BCD000030F0CBF0120002070470120704700BFF8
:10BCE00030B1002904DB43689942BCBF401802729E
:10BCF000704700BFF8B5002B20DB00291EDB46682B
:10BD00008E421BDB5468761AE51AB542A8BF354649
:10BD1000002D13DB824202F108070C4600F10806F1
:10BD20002A4605D0F918301907F0AAFB0020F8BD03
:10BD3000F118381914F05CF80020F8BD4FF0FF300E
:10BD4000F8BD00BF4068704710B4141E10DB426895
:10BD5000A2420DDB33EA230328BF1346121B08302F
:10BD60009A422044A8BF1A465DF8044B08F01ABD59
:10BD70005DF8044B704700BF10B443688B4200F17C
:10BD800008041846A8BF084632EA220128BF19460F
:10BD90001B1A99422044A8BF19465DF8044B00F0D5
:10BDA000B5BE00BF70B5002BBCBF43689B1A002A0C
:10BDB0000E4620DB44689918A1421CDC91421ADB34
:10BDC000CBB136F0004116D05942B14214DAB34239
:10BDD00012DD0830002E00EB020515DB9C1B22460D
:10BDE000A919284614F004F8324628190021BDE8A4
:10BDF000704008F0D7BC70BD002211464FF0FF33F1
:10BE0000BDE87040FFF7A0BF74429A19294628196F
:10BE100013F0EEFF224628460021BDE8704008F0EE
:10BE2000C1BC00BF03460830596800F0EBBD00BF3D
:10BE300070B5054600206968490000F069FD6B682F
:10BE4000002B14DD0A4EEB1D02465C782411991F6D
:10BE5000345D94715C7804F00F04491B345DD47137
:10BE60006C688C4202F1020203F10103EDDC70BD4B
:10BE70006C070400002BBCBF43689B1A002A30DB10
:10BE800070B445689C18AC4229DC944227DB33B37C
:10BE900031F0004423D00029B8BF01EB032191FB0E
:10BEA000F3F403FB1411002900F10800B8BFC9180E
:10BEB000024411448A42134411D00C4604E08A42E1
:10BEC00004460FD094420AD02046157810F8016B32
:10BED00002F8016B83422570F1D10C46F2E770BC89
:10BEE000704770470146EDE700B583B04FF0FF3370
:10BEF00000930023FFF7FEFE03B05DF804FB00BFD4
:10BF000010B50C1E0EDD4168083002F0CFF81F2C72
:10BF100007DC0123A34020FA04F4013B444004EA77
:10BF2000030010BD002010BD0146002000F0EEBD52
:10BF300038B50021054600F093FD0146002000F0D1
:10BF4000E5FD044600F10801284600F089FD204681
:10BF500038BD00BF30B5013A83B004460D460F2A04
:10BF600013D8DFE802F0141408086114141B1B73C3
:10BF70004A2554675A38184601F002FB012D04DDAA
:10BF800080B2E20754BF2080208003B030BD184645
:10BF900001F0F6FA002DF8DD2070F6E7184601F002
:10BFA000EFFA012DF1DDC0F3072360702370ECE799
:10BFB000184601F07BFA032D0090E6DD9DF80000A5
:10BFC0009DF801109DF802209DF803302370E07069
:10BFD000A1706270D9E7184601F040FA072DCDE94B
:10BFE0000001D2DD0DF1FF3204F1080312F8011F48
:10BFF00003F8011D9C42F9D1C7E7184601F056FA33
:10C00000032DC2DDA3070CBF20602060BDE71846EA
:10C0100001F04EFB032DF5DCB7E7184601F048FBB5
:10C02000032D0090CADCB0E7184601F0A9FA032DF1
:10C03000E8DCAAE7184601F011FA072DCDE9000166
:10C04000A3DD6B4603CB206061609EE7184601F0DC
:10C0500097FA032D0090B1DC97E700BF30B4141EAF
:10C0600007DB456808300A462044291B30BCFFF72F
:10C0700071BF30BC704700BF00B5013A85B00F2AD0
:10C0800000F28880DFE802F01623303D4A56595C02
:10C090005F626571748083080091012308220DEBB3
:10C0A0000201FFF7BDFDDDE9020100F037FF05B039
:10C0B0005DF804FB00910023012202A9FFF7B0FD07
:10C0C0009DF9080001F034F805B05DF804FB00911B
:10C0D0000023012202A9FFF7A3FD9DF8080001F04B
:10C0E00027F805B05DF804FB00910023022202A9A5
:10C0F000FFF796FDBDF9080001F01AF805B05DF8EC
:10C1000004FB00910023022202A9FFF789FDBDF87C
:10C11000080001F00DF805B05DF804FB0091002364
:10C12000042202A9FFF77CFD029801F001F805B096
:10C130005DF804FB01230091BEE701230091C8E7ED
:10C1400000910123D2E700910123DCE70091012354
:10C15000E6E700910023042202A9FFF761FD02989F
:10C1600000F0F0FF05B05DF804FB00910123F2E759
:10C1700000910023042202A9FFF752FD029800F06B
:10C18000CFFF05B05DF804FB0091002386E7009126
:10C190000123EFE700208AE7131E09DB10B444688F
:10C1A00008300A461844E11A5DF8044BFFF764BFF3
:10C1B000002000F0BDBF00BF03F0B8BA08B503F01F
:10C1C000B9FA20F0404008BD03F0D0BB0FF0BABB75
:10C1D000C11703F06FBA00BF03F080BA03F090BA42
:10C1E00000B583B003F0A0FA02AB63E902010821B5
:10C1F000184601F05BFF20F0404003B05DF804FBFF
:10C2000000B583B003F090FA02AB63E902010821A4
:10C21000184600F07BFC03B05DF804FB81B138B533
:10C220000B680C4608461B6A9847236805465B6AFC
:10C230002046984701462846BDE8384004F0E8B952
:10C24000704700BF01F052BE012002F0E9B800BF04
:10C2500008B5022002F0E4F840F29330BDE808404F
:10C2600009F060B8014B1860704700BF30850020AE
:10C27000704700BF00207047002A2DE9F04340F3CB
:10C28000B38000252E464FF0ED0CDFF8BCE11CE03A
:10C2900003F0E004C02C2AD003F0F004E02C3FD0DF
:10C2A00003F0F804F02C5AD00135023658B19F093A
:10C2B000044667F03F0704F8027B03F03F0363F096
:10C2C0007F034370204695420EDA4B5D1C06DFD497
:10C2D0007F2B05F10105E8D801360028F3D09542FF
:10C2E000037000F10100F0DB3046BDE8F0836C1C08
:10C2F0009442D1DA4F197F7807F0C008B8F1800F67
:10C30000CAD14FEA831807F03F0708F4F86848EAF3
:10C3100007077F2F6CDC023625460028C7D1D4E7FB
:10C32000AC1C9442BCDA4C19677807F0C008B8F12D
:10C33000800FB5D194F8028008F0C004802CAFD1F2
:10C340001C0308F03F08BF01A4B207F47C6744EA6D
:10C3500008043C43B4F5006FA6DB03352DE0EC1C6C
:10C360009442A1DA4C19677807F0C008B8F1800F41
:10C370009AD194F8028008F0C009B9F1800F93D1E6
:10C3800094F8039009F0C004802C8DD19C0409F02E
:10C390003F093F0304F4E01407F47C374FEA8818A0
:10C3A00044EA09043C4308F47C6844EA0804A4F520
:10C3B000803777453FF678AF0435B4F5803F1AD221
:10C3C000033600283FF47FAF270BC4F3851304F036
:10C3D0003F0467F01F0763F07F0364F07F0407707A
:10C3E0004370847003306EE700263046BDE8F0836A
:10C3F0003B46023559E7063600283FF464AFA4F502
:10C400008034A70AC4F3090407F5584704F55C43D0
:10C41000C7F38518C3F3851407F03F0703F03F0304
:10C4200068F07F0867F07F0764F07F0463F07F03A4
:10C4300080F800C080F803C080F801808770047124
:10C44000437106303FE700BFFFFF0F0003781A0675
:10C4500001D41846704703F0E002C02A10D003F060
:10C46000F002E02AF5D1427881781803930103F4B1
:10C470007C6380B2184301F03F03034318467047C2
:10C4800040789B0100F03F0003F4F8630343184633
:10C49000704700BFC3888B423AD370B41B095B005E
:10C4A0000C0986884ABB8568EA184CB104F1004043
:10C4B000013835F81030F61AB6B21A4401F00F01FF
:10C4C0000024234602E001339E4213DB0134A142E3
:10C4D00002EB0300D55C0EDB2806F4D505F0E00086
:10C4E000C02805F0F00511D0E02D08BF023301335C
:10C4F0009E42EBDA002070BC704700F108021A443B
:10C50000002CDDD000EB4400C388D4E70133DAE728
:10C510000020704780880A308008704706307047D6
:10C520008088704783888B4226BF063040180020E1
:10C53000704700BF80880A30800870470630704717
:10C54000808870478188E1B130B4841D00200346A3
:10C5500002E00133994210DDE25C150600F10100B2
:10C56000F7D502F0E005C02D02F0F00207D0E02A76
:10C5700008BF023301339942EEDC30BC704701330F
:10C58000E7E70846704700BF70B400228688851D23
:10C59000134602E001339E4213DB0132914205EB68
:10C5A0000300EC5C0EDB2006F4D504F0E000C028AC
:10C5B00004F0F00408D0E02C08BF023301339E429F
:10C5C000EBDA002070BC70470133E3E703207047CB
:10C5D000C38880681B0900EB430070478088704760
:10C5E000C08870470022FFF755BF00BFC38880880E
:10C5F0001B0900EB43000C3080087047C38800F132
:10C6000008021B0902EB4300704700BF0122FFF73D
:10C6100041BF00BF40680B30800870472DE9F041F2
:10C62000C4888588240907460B466400002A44D044
:10C6300000F10808444421B12A46204606F020FFB4
:10C6400000236355FE88360986B3A8F1020808EB7B
:10C65000460625442746281B1DD422781021002396
:10C6600007E00133984204EB030C14DB0139E25C70
:10C6700020D012F0800FF4D002F0E00CBCF1C00F1B
:10C6800002F0F00214D0E02A08BF023301339842CE
:10C6900004EB030CEADA4FF45C7008F043FE00236D
:10C6A0001C46DB1B28F8023F4645D4D1BDE8F0818B
:10C6B0000133D6E764466346F3E7164682681444BE
:10C6C00029B96155C6883609D7F80880BCE72A46DB
:10C6D000204606F0D5FE6655FE883609F4E700BF11
:10C6E000806808B101F082BD704700BF10B50446F4
:10C6F000406801F0A7FDA068BDE8104001F0A2BDB0
:10C700002DE9F04F404DA98883B08246002957D1CA
:10C710003D48DFF8F890524600270646B84602F03A
:10C72000C3FB0DE002F0D8FB03684B4504465FD025
:10C730009B6A9847236880445B6A20469847074471
:10C74000AB883046002BEDD14FEA18146400781CFA
:10C75000204402F083F9A98801900444002935D1CE
:10C7600029485246814602F09FFB14E002F0B4FBD8
:10C77000264B02689A4283462ED0526A9047DBF8D5
:10C7800000200646136A584698473246014620461E
:10C7900006F076FE3444AA884846002AE6D101997C
:10C7A0001B4BCAF8081050461146AAF80470AAF8A4
:10C7B0000680CAF8003003B0BDE8F04FFFF72EBF87
:10C7C00040F2713008F0AEFDA988A1E740F2713067
:10C7D00008F0A8FDA988C3E78268A988484602F046
:10C7E00063FBDBF80420A988484602F05DFBD2E732
:10C7F0008268A988304602F057FB6268A9883046F3
:10C8000002F052FB9CE700BF38850020DC070400E3
:10C810002408040010B50446FFF772FFE08810BD3D
:10C8200010B50446FFF76CFFA08810BD10B5044694
:10C83000FFF766FFE388A0681B0900EB430010BD0B
:10C8400038B50D460446FFF75BFF29462046002217
:10C85000BDE83840FFF71EBE704700BF0320704799
:10C8600003207047C0887047704700BF80887047BA
:10C87000704700BF80887047704700BF60B1436851
:10C880008B4200D02BB9531C06D08368934203D04F
:10C8900013B100680028F2D1704700BF084B1B6835
:10C8A0005BB15A68904201D0002AF8D14A1C04D0EA
:10C8B0009A68914201D0002AF1D11846704700BF12
:10C8C000348500202DE9F041104F3B6813B90AE090
:10C8D0001B6843B15C688442FAD19C688C42F7D1F2
:10C8E000DA60BDE8F0810446102090460D4602F063
:10C8F000C7F83B684460064685600360012140F844
:10C900000C8F02F06FF93E60BDE8F08134850020A5
:10C910002DE9F0410C1E07461FDB1CB3A6B22FB356
:10C920007B1E191913F9012F002A27DB9942F9D12F
:10C93000DFF8C880E01D01F0E5FF054608B1C0F84A
:10C940000080AE8039462246A81D06F099FD2C4491
:10C950000023A3712846BDE8F08113F08CFA044649
:10C96000002CDBD1234D2846BDE8F081E01D01F00D
:10C97000C9FF0546002839D1BE80E8E7132C02DC48
:10C98000DFF87C80D6E70020034602E001339C42BA
:10C9900010DDFA5C110600F10100F7D502F0E001AC
:10C9A000C02902F0F0021FD0E02A08BF0233013391
:10C9B0009C42EEDC1FFA80F80028B8BF0F3000114F
:10C9C000093404EB400001F09DFF054608B10A4B15
:10C9D00003602846AE80A5F8068039460122FFF79D
:10C9E0001DFE2846BDE8F0810133CFE7034B86806A
:10C9F0000360ACE7AC090400B40804008408040038
:10CA000054080400F8B50C1E054603DB3CB9134C72
:10CA10002046F8BD13F02FFA0446002CF7D022462A
:10CA200029460020FFF728FC8442064610D002F079
:10CA300027F8224607462946FFF71EFC31463846AE
:10CA4000FFF766FF0446384601F040FF2046F8BD78
:10CA500021462846BDE8F840FFF75ABFAC0904005C
:10CA60002DE9F047036804461B6A88469847236807
:10CA700006465B6A20469847074680B10024254653
:10CA8000335DED2B06EB04000BD0B8F1000F01D0A5
:10CA900008F8053001350134BC42F1D32846BDE821
:10CAA000F08704F10509B945EFD2FFF7CFFC8246C4
:10CAB000E01C3044FFF7CAFCAAF55843B3F5806F79
:10CAC000E9D2A0F55C42B2F5806FE4D2B8F1000F74
:10CAD00019D000F5105000EB8323991461F00F0179
:10CAE00008F8051008EB0502C3F30530C3F3851100
:10CAF00003F03F0360F07F0061F07F0163F07F038C
:10CB000050709170D37004354C46C4E770B50D1E5B
:10CB100012DD064605F1080001F0F4FE044608B1F6
:10CB2000094B0360656004F108002A46314636B1BE
:10CB300006F0A6FC204670BD044C204670BD07F0F0
:10CB400031FE204670BD00BF20090400A00904008A
:10CB5000014B1860704700BF04800020034A044B5B
:10CB6000116803FB00F0484010607047048000200B
:10CB7000CB5725CA30B40E4D2A6804462146002002
:10CB8000930983EAD273534083EA121383EA920330
:10CB90005208534042EAC37202F00103490843EAD3
:10CBA0004000EDD18442E9D32A6030BC704700BF19
:10CBB0000480002000487047AC09040000B583B22F
:10CBC0007F2B83B029DD00F03F00B3F5006F40F00C
:10CBD000800043F3871213DB1B1302F03F0263F064
:10CBE0001F0362F07F028DF80600032101A88DF873
:10CBF00004308DF80520FFF78BFE03B05DF804FBD1
:10CC000062F03F028DF80500022101A88DF8042092
:10CC1000FFF77EFE03B05DF804FB012101A88DF84B
:10CC20000430FFF775FE03B05DF804FB2DE9F04713
:10CC30000E4600286FD004464A4B002942D0984245
:10CC400079D09E426CD02368474DAB4277D05B6A67
:10CC500020469847336880465B6A3046984700EB29
:10CC60000805322D81466DD8236820461B6A9847F7
:10CC7000336882461B6A304698472946064600209C
:10CC8000FFF746FE03681B6A07469847424604467C
:10CC9000514606F0F5FB4A46314604EB080006F023
:10CCA000EFFB65B194F90030002B3DDB2919601CC6
:10CCB00003E010F9013B002B36DB8842F9D13846FE
:10CCC000BDE8F087984234D00368274D274EAB4229
:10CCD000BDD1A0680368AB4234D05B6A9847336823
:10CCE00007465B6A30469847384432282AD80C20D9
:10CCF00001F008FE074600B10560384601F08CFFE0
:10CD000063687B603146A068FFF790FFB8603846E3
:10CD100001F090FFD3E7154C01B3124B9E4292D124
:10CD200027463846BDE8F087114B3B603846BDE8E2
:10CD3000F0870E4FC3E70F463846BDE8F0873368EB
:10CD4000AB42C6D10C2001F0DDFD074608B1064B11
:10CD50000360C7E901463846BDE8F087054B264623
:10CD600075E700BFAC090400DC070400000A0400FA
:10CD70005408040084080400884228D0F8B50368E9
:10CD80000C465B6A05469847236807465B6A20465F
:10CD900098472B6806461B6A28469847236805462D
:10CDA0001B6A20469847BE4228BF3E46401B2B4682
:10CDB0001978C25C914204D02CBF01204FF0FF30A3
:10CDC000F8BD01335A1BB242F2D90020F8BD002051
:10CDD000704700BF03689B6A184700BFF8B5161E6E
:10CDE0002DDD03689B6A0C4605469847002CBCBFA6
:10CDF000241824EAE474001BB04212DD2B6821469B
:10CE0000DB6A284698472B68A1190746DB6A284643
:10CE10009847044648B1E11B3846BDE8F840FFF7A3
:10CE200077BD00280BDD0646E8E740F2723008F0D7
:10CE300079FAE11B3846BDE8F840FFF769BD0148C3
:10CE4000F8BD00BFAC090400002858D0002956D016
:10CE50002DE9F047036805461B6A14460E469847BD
:10CE60002B6824EAE4718046DB6A284698472B68E1
:10CE700004465B6A284698473368A4EB0805451BBF
:10CE80005B6A3046984707469CB3854231D3336886
:10CE900030461B6A9847814690F800A002E0BD42E8
:10CEA000344626D32378534505F1FF3504F10106B6
:10CEB000F5D13A464946204612F08BFF0028EED1C4
:10CEC000A4EB0804002C16DD034602E001339C426B
:10CED00011DD18F80320110600F10100F6D502F06B
:10CEE000E001C02902F0F00207D0E02A08BF0233B7
:10CEF000ECE74FF0FF30BDE8F0870133E6E74FF095
:10CF0000FF30704708B5FFF79FFF013018BF0120C1
:10CF100008BD00BF80F00100704700BF0A1E38B591
:10CF200011D138B302460B4604460D4612F036FCCA
:10CF3000002841D10C2001F0E5FC08B11F4B036033
:10CF4000C0E9014538BDC2F30A54A4F2FF331D2BDA
:10CF500012D8142B054618DC0028E3D1A4F2F334D0
:10CF600012FA04F4DED1D002C3F11F0340F00040F6
:10CF7000D8401AE0012038BD1E2BD3D10028D1D1D2
:10CF80000F4B9A42CED10F4838BDA4F2134410FA89
:10CF900004F4C7D1D002C3F11F0140F00040C3F137
:10CFA0003403C84025FA03F31843002AB8BF4042AF
:10CFB000400040F0010038BD0E2038BD500904008B
:10CFC0000000D0C1010000802DE9F041036882B06B
:10CFD0001B6A984701A9F9F72FF90022002306469A
:10CFE0000F4612F0A9FB60BB27F0004530462946EA
:10CFF0004FF0FF321F4B34464FF0010812F0CEFBCA
:10D0000038B94FF0FF321B4B3046294612F0BCFBBB
:10D01000F0B118F0FF0F1FD100224FF4801320460B
:10D0200029464FF0010812F0B9FB38B920462946CD
:10D0300000224FF4801312F089FBB0B118F0FF0FFB
:10D040000AD130463946FFF769FF02B0BDE8F081EA
:10D05000804618F0FF0FDFD0074F002630463946D4
:10D06000FFF75CFF02B0BDE8F081804618F0FF0FCB
:10D07000E7D0F1E7FFFFEF7F0000F87F08B512F07F
:10D0800089F8BDE80840FFF749BF00BFF8B503685D
:10D09000DB6A04469847A0B10646FFF7D7F9074672
:10D0A00088B9236820461B6A9847236805465B6A4F
:10D0B000204698472844864203D03B4643F001006F
:10D0C000F8BD0E20F8BD4300B0EB630FF6D0BDE80D
:10D0D000F840FFF7D3BF00BF08B1FFF7D7BF0E205E
:10D0E000704700BF70B110B5FFF7D0FF0E2804469F
:10D0F00006D0C30708D56010BDE81040FFF75EBD3D
:10D10000064810BD0548704740F2713008F00AF932
:10D110006010BDE81040FFF751BD00BFAC0904002E
:10D1200008B512F049F8BDE80840FFF7F7BE00BFA8
:10D130004300B0EB630F01D0FFF7A0BF43F0010045
:10D14000704700BFB0F1804F08B503D2400040F0F7
:10D15000010008BD12F00EF8BDE80840FFF7DEBE82
:10D16000002814BF42200A20704700BF08B5F9F715
:10D170001FFABDE80840FFF7D1BE00BF01FB00F079
:10D18000704700BF90FBF1F0704700BF10B50C2056
:10D1900001F0B8FB044608B101F0A2FF204610BD23
:10D1A00000897047043001F00DBF00BF03460A46F6
:10D1B0000430198901F0E6BE043001F013BF00BF4E
:10D1C00003894268994234BF52F821000020704719
:10D1D000043001F0D7BE00BF043001F011BF00BF22
:10D1E000043001F031BF00BF024B1B68588CC000F7
:10D1F000704700BF7885002038B51C4B1B688BB189
:10D200005C6AACB1236898422DD08BB1002300E05A
:10D2100072B1023354F823208242F9D101339B00CA
:10D22000E05838BD124B1C6844F21022944216D0CC
:10D230000D46044603F05CF978B103689C4210D0B7
:10D240005BB1002300E042B1023350F82320A24238
:10D25000F9D101339B00C05838BD284638BD5B6802
:10D26000CEE70423F7E70423DAE700BF7885002040
:10D27000E0FF0300406870474160704710B5082028
:10D2800001F040FB044608B101F032FF204610BD1A
:10D2900070B50C1E054616460EDB83889C420BDAE1
:10D2A00005EB8404E36823B10B2140F2863001F0E2
:10D2B0007BFFE660284670BD0A2140F2863001F00F
:10D2C00073FFEDE708F02EB818B1024B984208BF83
:10D2D00000207047AC090400003018BF01207047DF
:10D2E00010B5142001F00EFB044608B101F008FF50
:10D2F000204610BD10B5044601F00CFF002806DBE7
:10D30000238AE268984202D252F8200010BD002021
:10D3100010BD00BF224B1B682DE9F041DE6AB368E7
:10D320003468834204F1FF3506F104061ED856F82E
:10D33000253083421AD3002D14DD641056F82430B2
:10D34000984210D0012203E056F8243083420AD0DC
:10D3500098428CBF621C04F1FF355419AA424FEA6F
:10D360006404F1DD00242046BDE8F081002DF9DDE4
:10D3700007464FF0010806E0B4BF04F1010804F1CC
:10D38000FF354545EEDB08EB05046410394656F8D9
:10D390002400FFF7F1FC0028EED12046BDE8F08123
:10D3A00078850020034B1B680131DB6A53F821109C
:10D3B000FFF7A0BF78850020F8B504460F46164653
:10D3C00001F0A8FE011E04F10C0505DB32462846DB
:10D3D000BDE8F84001F0D6BD3A462189201D01F094
:10D3E000D1FD3246218A2846BDE8F84001F0CABD89
:10D3F000034B1B680131DB6A53F82110FFF7DCBFD8
:10D4000078850020014B1868704700BF74850020A4
:10D41000704700BF820708B508D130B1036823F018
:10D420000103DA78F92A13D1987808BD0028FCD0D6
:10D43000C3070FD40E280DD042280DD00A280BD0D8
:10D44000062805D040F2213007F06CFF042008BD0B
:10D45000042008BD022008BD012008BD0E281FD0F1
:10D4600010B5044670B915E0FFF7D4FF0346022B50
:10D47000204612D0032B0DD1FFF7A6FD0E2804463F
:10D4800008D03CB1A3072046EED000F00FF811F011
:10D4900081FE10BD0020044910BDD4E9010110BD7A
:10D4A00000200149704700BF0000F87FC107034614
:10D4B00051D4820704D59B0914BF01200020704776
:10D4C00000284AD02DE9F041FFF7C8FF21F00045C0
:10D4D0000F464FF0FF322946274B064604464FF0D1
:10D4E000010812F05BF940B94FF0FF32224B304691
:10D4F000294612F049F900B9804618F0FF0F2ED1E5
:10D5000000224FF48013204629464FF0010812F004
:10D5100045F940B92046294600224FF4801312F005
:10D5200015F900B9804618F0FF0F18D1304639467A
:10D530000FF07AFD0022114B0FF0A4FF0022002310
:10D5400004460D4612F002F960B92046294612F051
:10D5500063F9BDE8F081401070470020704700205B
:10D56000BDE8F081204629460022044B11F0C6FC9C
:10D5700004460D46E9E700BFFFFFEF7F0000F041E2
:10D58000FFF794BF38B50D46FFF790FF04462846D5
:10D59000FFF78CFF00F01F0004FA00F04300B0EB2F
:10D5A000630F03D0BDE83840FFF768BD43F00100CA
:10D5B00038BD00BF38B50D46FFF778FF0446284652
:10D5C000FFF774FF00F01F0044FA00F04300B0EBD7
:10D5D000630F03D0BDE83840FFF750BD43F00100B2
:10D5E00038BD00BF38B50D46FFF760FF044628463A
:10D5F000FFF75CFF60404300B0EB630F03D0BDE872
:10D600003840FFF73BBD43F0010038BD38B50D464B
:10D61000FFF74CFF04462846FFF748FF204343002E
:10D62000B0EB630F03D0BDE83840FFF727BD43F0F0
:10D63000010038BD08B5FFF739FFC0434300B0EB28
:10D64000630F03D0BDE80840FFF718BD43F00100A9
:10D6500008BD00BF38B50D46FFF728FF0446284631
:10D66000FFF724FF20404300B0EB630F03D0BDE879
:10D670003840FFF703BD43F0010038BD38B50D4613
:10D68000FFF714FF04462846FFF710FF00F01F00C5
:10D6900024FA00F0B0F1804F03D2400040F00100C6
:10D6A00038BD11F067FDBDE83840FFF737BC00BF5B
:10D6B0000E2816D008B50346C0B19B0708D0FFF767
:10D6C000F5FE07EE900AF8EEE77A17EE900A08BD2D
:10D6D000FFF7C4FE12F0C0F807EE900A17EE900AAA
:10D6E00008BDDFED057A17EE900A7047DFED027A8C
:10D6F00017EE900A08BD00BF0000C07F70B50E464F
:10D70000FFF7ACFE044630460D46FFF7A7FE024683
:10D710000B462046294611F0F1FBBDE87040FFF7AB
:10D72000FDBB00BF70B50E46FFF798FE04463046BD
:10D730000D46FFF793FE02460B462046294611F0A0
:10D74000DBFBBDE87040FFF7E9BB00BF01F0010360
:10D75000184203D0C3130133012B12D9D0B50C46A4
:10D76000FFF77CFE064620460F46FFF777FE02468F
:10D770000B463046394611F077FDBDE8D040FFF743
:10D78000CDBBCB130133012BE8D84310481000FB6D
:10D7900003F04300B0EB630F02D143F00100704788
:10D7A000FFF76CBC032912D0D0B50C46FFF756FE2C
:10D7B000064620460F46FFF751FE02460B4630460E
:10D7C000394611F07BFEBDE8D040FFF7A7BB70479C
:10D7D000F8B50C46C107034603D5E20701D5620838
:10D7E00011D11846FFF73AFE064620460F46FFF7CE
:10D7F00035FE0B460246394630460FF043FEBDE883
:10D80000F840FFF78BBBFFF751FE05462046FFF7B8
:10D810004DFE95FBF0F303FB10504300B0EB630F9C
:10D8200003D0BDE8F840FFF729BC43F00100F8BD84
:10D8300070B50E46FFF712FE044630460D46FFF760
:10D840000DFE02460B4620462946F9F715FFBDE8B6
:10D850007040FFF763BB00BFC2072DE9F8430C46D9
:10D860000BD5CB0709D540104C10844241DB3DD18C
:10D87000640044F00100BDE8F883FFF7EFFD0646C1
:10D8800020460F46FFF7EAFD04460D4602460B46CA
:10D890003046394611F078FF90B922462B46304683
:10D8A000394611F049FF28B130463946BDE8F84302
:10D8B000FFF734BB22462B4634463D4616461F46EC
:10D8C000F8F776FE2246804689462B463046394692
:10D8D00011F012FB42464B4611F0C6FC22462B4685
:10D8E00011F00CFBBDE8F843FFF718BB23460446D4
:10D8F0001846001BFFF73EF920444400B0EB640FCC
:10D9000002D144F00100B6E7BDE8F843FFF7B6BB2B
:10D9100008B5FFF7A3FD0FF015FEBDE80840FFF7BF
:10D92000FDBA00BF08B5FFF799FD0FF089FEBDE80D
:10D930000840FFF7F3BA00BF08B5FFF78FFDF9F70E
:10D940000FFBBDE80840FFF7E9BA00BF08B5FFF7D5
:10D9500085FDF9F785FABDE80840FFF7DFBA00BF9B
:10D9600008B5FFF77BFD0FF05FFBBDE80840FFF750
:10D97000D5BA00BF08B5FFF771FD054B002211F0C5
:10D98000BDFAF9F7EDFABDE80840FFF7C7BA00BFE6
:10D990000000E03F0E280BD00E2909D08842F8B5D0
:10D9A000044607D001F00102104205D00020F8BD66
:10D9B000002070470120F8BD0D46FFF72BFD0646FD
:10D9C0002846FFF727FD8642F0D144EA05039B076E
:10D9D000ECD1032E15D0022EE8D12046FFF73EFDF4
:10D9E000064628460F46FFF739FD0B4602463946E4
:10D9F000304611F0A1FE4FF0010300B90346D8B242
:10DA0000F8BD29462046FFF7B7F9B0FA80F0400983
:10DA1000F8BD00BF08B5FFF7BDFF002814BF4220C6
:10DA20000A2008BD08B5FFF7B5FF00280CBF42204B
:10DA30000A2008BD0E281AD00E29F8B50C4614D0BD
:10DA40000628054615D042283FD00A281CD00629B2
:10DA5000034600F08380422C11D00A2C37D09C4220
:10DA600010D004F001031D4211D00020F8BD0020A9
:10DA70007047062906D0422C4FF00003EDD1032257
:10DA8000934204D10120F8BD0123062CE3D128469E
:10DA9000FFF7C0FC06462046FFF7BCFC032E22D051
:10DAA00003282FD0012E14D0012821D08642DCD1AA
:10DAB00045EA04039B07D8D1032847D0022828D081
:10DAC000601BB0FA80F04009F8BD0323DDE70122B6
:10DAD000D6E7062D33D0422D4FF0020634D00A2D62
:10DAE000E2D10125E0E7022813D00328DCD1DFE7EB
:10DAF000062C4FF0020020D0422C23D00A2CD5D186
:10DB00000124D3E7022E04D0012EAED1062DE2D19E
:10DB1000ABE72846FFF7A2FC064620460F46FFF774
:10DB20009DFC02460B463046394611F005FE4FF08B
:10DB3000010400B90446E0B2F8BD0024B6E70226AD
:10DB40000025B1E70324B1E70325ADE721462846C8
:10DB5000FFF712F9B0FA80F04009F8BD00228FE714
:10DB6000FFF768BF08B5FFF765FF002814BF422024
:10DB70000A2008BD08B5FFF75DFF00280CBF422052
:10DB80000A2008BDF8B5078945687FB10E46043DF7
:10DB9000002402E00134A74208D0314655F8040FB2
:10DBA000FFF748FF0028F5D02046F8BD4FF0FF30C2
:10DBB000F8BD00BF10B500220446FFF7E3FF011EC9
:10DBC00004DB201D01F01CFA012010BD002010BD57
:10DBD00038B58307044608D148B1FFF71BFC03287A
:10DBE00012D0022814D0012038BD0A2801D100200B
:10DBF00038BD0028FBD00E28F9D00628F7D010F148
:10DC0000FF3018BF012038BD0C4B9C42EBD1EEE732
:10DC10002046FFF723FC02460B4604460D4611F052
:10DC2000BDFD0028E3D1204629460022002311F043
:10DC300083FDB0FA80F0400938BD00BFAC09040094
:10DC4000422805D00A2801D0FFF7C2BF0020704744
:10DC5000012070470E2847D00E2945D0F8B50C4654
:10DC60000546FFF7D7FB06462046FFF7D3FB032EFA
:10DC70002CD0A54228D02846FFF7F0FB06462046C8
:10DC80000F46FFF7EBFB324604460D463B46304657
:10DC9000394611F083FD08BB22462B462046294613
:10DCA00011F07CFDD0B922462B463046394611F0A2
:10DCB0004DFDB0B922462B463046394611F064FD81
:10DCC000003018BF0120F8BD0020F8BD0328D0D1D6
:10DCD00021462846BDE8F840FFF74EB86FF0010036
:10DCE000F8BD4FF0FF30F8BD6FF00100704700BF86
:10DCF00038B501F0010313EA000404D08842ACBF38
:10DD00000020012038BDFFF7A5FF831C14BFC00F02
:10DD1000204638BD10B501F00104204203D08842EE
:10DD200007DC422010BDFFF795FF831C01D00028BF
:10DD3000F7DD0A2010BD00BF10B501F0010420423C
:10DD400003D0884207DA422010BDFFF783FF831C0F
:10DD500001D00028F7DB0A2010BD00BF10B501F08C
:10DD60000104204203D0884205DB422010BDFFF7AA
:10DD700071FF0028F9DA0A2010BD00BF10B501F0CC
:10DD80000104204203D0884205DD422010BDFFF788
:10DD900061FF0028F9DC0A2010BD00BFF0B591B08A
:10DDA0000446FFF737FB03283DD002280FD0052893
:10DDB00048D0002C4CD00A2C42D00E2C45D0422CFE
:10DDC00055D02C4B2C48062C08BF18462CE0E307F6
:10DDD0002CD40E2C39D02046FFF740FB21F0004513
:10DDE0000F464FF0FF322946244B064611F0D6FC71
:10DDF00038B9304629464FF0FF32204B11F0B0FCC5
:10DE000040B332463B463046394611F0C7FCE0B9D4
:10DE1000304639466A46F8F7B7FA68464FF0FF31A0
:10DE2000FEF776FD00E0204611B0F0BD69466010B7
:10DE300008F004F868464FF0FF31FEF769FDF3E79C
:10DE40000F48F1E70F4811B0F0BD0F4811B0F0BD19
:10DE50000E48E9E7002330463946002211F076FCEF
:10DE60000B4C0C4B002814BF20461846DCE70A4830
:10DE7000DAE700BF000A0400240A0400FFFFEF7F76
:10DE8000180A0400340A0400E4090400900904009C
:10DE9000F0090400D40904000C0A040008B5FFF7D7
:10DEA000B9FA052810D8DFE800F0030507090B0DC3
:10DEB000084808BD084808BD084808BD084808BD0E
:10DEC000084808BD084808BD40F2223007F02AFA89
:10DED000002008BDC409040080090400480A0400A9
:10DEE000680A0400580A0400B409040070B5044626
:10DEF000FFF790FA042813D164B1A3070AD121686F
:10DF0000164821F001025369834220D02046BDE823
:10DF10007040184721461248BDE8704008F090B99B
:10DF20002046FFF73BFF05462046FFF7B7FF036893
:10DF30001B6A98472B6806461B6A28469847224664
:10DF4000034631460748BDE8704008F079B91388A8
:10DF500005481289BDE8704008F072B9EDDE020094
:10DF6000E408040010090400F008040010B5044699
:10DF70000A461248214608F063F97CB1A30705D18F
:10DF8000216821F00101CB78F92B10D0062C05D1A6
:10DF900040F2DD30BDE8104007F0C4B92046FFF77D
:10DFA00039FABDE8104000F5757007F0BBB90B8970
:10DFB0008A78034808F044F9E8E700BF80070400C6
:10DFC000A007040008B50146044808F039F94FF4E9
:10DFD0006470BDE8084007F0A5B900BF0C08040054
:10DFE00010B501F0A9FB0446102000F049FD22699C
:10DFF0000260206110BD00BF38B501F09DFB0469CF
:10E00000054634B123682B612046BDE8384000F056
:10E010005DBC40F2533007F085F9F3E7F0B585B009
:10E02000074601F089FB046906468CB194E80F00AD
:10E030006D46306185E80F00204600F047FC0A4B32
:10E0400077611B68284631469B6B984705B0F0BD49
:10E05000064808F0F5F83846FFF748FF40F2E73089
:10E0600007F060F9E2E700BF78850020C0070400F0
:10E0700010B501F061FB446912239C42436101D059
:10E08000204610BD40F2533007F04CF9204610BD39
:10E0900008B501F051FB4369122B05D0FFF7E8FFEB
:10E0A000BDE80840FFF7BABF08BD00BF79B110B4A2
:10E0B000084B094C014410F8012B04FB03F3884280
:10E0C00083EA0203F7D118465DF8044B7047014B11
:10E0D00018467047C59D1C819301000138B504683E
:10E0E00034F00304054611D0A30F14D12846E36988
:10E0F0009847054625B1B5F5004F05D9002C03DB3F
:10E1000040F2493007F00EF9284638BD40F2513050
:10E1100007F008F9EAE7C4F39905EBE738B5144BC3
:10E120009A881B6892B1551E53F8251088421AD060
:10E13000023A03EB82032A4602E0216881420BD0B7
:10E14000013A511C1C46A3F10403F6D14FF452705E
:10E15000BDE8384007F0E6B8954204D0044800F026
:10E16000BBFE206038BD0248BDE8384000F0B4BEB8
:10E170004C85002018210148FEF7C8BC54850020BA
:10E18000036823F0010318888008704730B338B55E
:10E19000C5680446A5B155E901326868A96862609E
:10E1A0005A0F032AC4E9020105D040F2493007F0B2
:10E1B000B9F855F8043C43F0004345F8043C38BD39
:10E1C00050F8043C5A0F032A09D143F0004344F8A5
:10E1D000043C0020BDE8384001F0B6BA704740F278
:10E1E000493007F09FF854F8043CEEE738B550F892
:10E1F000043CDB070546A0F104041CD4104B1B684B
:10E2000073B103F108029442F9D359680A44944265
:10E21000F5D255F8043C43F0010345F8043C38BD01
:10E2200040F24A3007F07EF855F8043C43F0010311
:10E2300045F8043C38BD40F24F3007F073F8DDE795
:10E2400040850020830709D140B1030F06D0016843
:10E25000114B194202D1CB78F92B00D070470F4BEC
:10E2600010B504461B688BB103F108029442F9D340
:10E27000586802449442F5D2094841F001012160F6
:10E2800022468188BDE8104000F00EBE40F24A30C0
:10E2900007F048F82168EFE70300004040850020C0
:10E2A0003885002000294DD02DE9F84F0F468046D3
:10E2B000DFF89CB0DFF89CA0DFF88C90061F0025EB
:10E2C00002E00135AF423BD056F8044FA307F8D126
:10E2D000002CF6D0230FF4D0206810EA0B0FF0D1F9
:10E2E000C378F92BEDD1DAF8003053B103F108010E
:10E2F0008C4203D35A680A44944207D31B68002B0C
:10E30000F4D140F24A3007F00DF82068B9F8041053
:10E3100040F00100206022460B4800F0C5FDB9F82E
:10E320000430642BCDD90C2008F0FCFC0135074AE1
:10E3300008EB85037D1BC0E90135116801601060A1
:10E34000BDE8F88F704700BF388500204485002065
:10E35000030000404085002038B505684DB10446F3
:10E360002846FFF743FFA1882846BDE83840FFF75D
:10E3700099BF38BD830709D140B1030F06D00168AA
:10E38000234B194202D1CB78F92B00D07047214B97
:10E390002DE9F04104461B68002B33D003F108023D
:10E3A0009442F8D3586802449442F4D221F0030313
:10E3B00041F001019B6921600BB120469847164D41
:10E3C000164C2F46AB8883B923681846C3B1D3E9EE
:10E3D0000026D3F80880226008F0CAFC4146304687
:10E3E000FFF760FFAB88002BEED0384600F074FDDD
:10E3F000036823F003039B69002BE3D09847E1E710
:10E40000BDE8F08140F24A3006F08CFF2168CDE78C
:10E41000030000404085002038850020448500200E
:10E420002DE9F04F904B85B01B780390980705D5E8
:10E430004FF4527006F076FF8B4B1B788A498B4A5B
:10E4400043F002030B70039B1468958813F00206D7
:10E4500040F0ED806DB104EB850554F8040B20F01D
:10E46000010310F0010F18BF1868FFF783FFA542E2
:10E47000F3D17F4C039801F06DF92368B3B17D4B64
:10E480001B68B3F82A8000F0A9FE2568A0EB0807F6
:10E4900005EB8805002E40F0DA803FB100240134FE
:10E4A00055F8040BFFF766FFA742F8D1724A734B89
:10E4B00016781D683EB10024013455F8040BFFF7AF
:10E4C00059FFA642F8D16E496E4A0B6817680133AE
:10E4D0000B606D4B00221A60002F00F0C180CDE967
:10E4E0000122904691467B68029A07F108059B0835
:10E4F00005EB83061A44B542029248D22B6813F00A
:10E5000001017CD11A0F062A79D0AE4240F28780F1
:10E51000AA4601E0DAF80030002B4FEA13720FDB55
:10E52000D90714D4062A12D05C0009D4DB78F92B61
:10E5300040F2493001D006F0F5FE504600F09EFC56
:10E540005046FFF7CBFD0AEB800A5645E2D8AAEB0E
:10E5500005044FEAA40CE0454FEA8C024FF0FF019E
:10E56000284642F0004BB8BFE046E14406F01AF9F5
:10E57000042CC5F800B04BDD00236B60019B002B21
:10E5800048D0019B01955D605546AE42B6D83F68C4
:10E59000002FA8D13D4D029B28689A004FEA8901BF
:10E5A0004FEA880398B1384800684FEA590970B1BA
:10E5B0000468C4F39906B14506D241E00468C4F387
:10E5C00099042644B1453CD340680028F6D12C4C30
:10E5D0006069C4E9031378B188420DD80398C00775
:10E5E00002D52B4807F02CFE1F4A137823F00203B4
:10E5F000137005B0BDE8F08F21484161EEE723F0CC
:10E6000001032B602846FFF769FD05EB8005BCE799
:10E610005546BAE71C4B01951D605546B5E74FF0CE
:10E620000043B8F1000F2B60AFDA8846ADE7194818
:10E6300007F006FE2A462146174807F001FE09E7C3
:10E6400034464C44A41B00EB84002860BFE73A46E4
:10E650002946124807F0F4FD002F7FF41FAF25E78D
:10E660003B463A463946B2E7988C00204C8500205C
:10E670007485002078850020998C00206C8500200E
:10E6800054850020408500207085002048850020AA
:10E69000CC0A0400AC0A0400B40A0400C00A040056
:10E6A000F8B5444D2B6843B1196800296CD002209D
:10E6B000FFF7B6FE152006F035FE0021CF20FEF74D
:10E6C0009BFD4FF480510746CE20FEF795FD064690
:10E6D000002008F0C7FA3246044601463648A61B19
:10E6E00007F0AEFD002F3CD1304608F01BFBA6F131
:10E6F00008010446876141602246304807F0A0FDCA
:10E70000626893073AD12E4B2E4F2F4ED3E901105A
:10E7100010440131C3E90110D31C23F0004323F05E
:10E72000030343F00043A3603B68E360296804F1FE
:10E73000080303EB92023B60326079B1A1420DD82D
:10E740000A68A2B3944203D231E0A34203D81A4626
:10E750001368002BF9D123601460F8BD21602C6090
:10E76000F8BD04F5FF447F3424F4FF4424F07F0413
:10E77000A4EB8720002815DC0027B5E74FF4527082
:10E7800006F0D0FD6268BEE7CD20FEF735FDA0F1B2
:10E790000410A0F58063002B89DD0C4CA0F581618D
:10E7A0006160A9E7361A08F0BDFA07469CE71346F0
:10E7B0000A46D0E740850020E80A0400080B040060
:10E7C0005485002070850020488500200004042026
:10E7D000F0B1104B1B68CBB103F108029042F9D3A2
:10E7E00059680A449042F5D250F8043C5A0F032A63
:10E7F00010B5044605D040F2493006F093FD54F8B8
:10E80000043C43F0004344F8043C10BD08F0B0BAA7
:10E81000704700BF40850020072953DD002851D0F4
:10E820002DE9F04107460020CE1CFFF7F9FD264BED
:10E8300026F003061D680736043F4FEA9608F5B137
:10E8400015F0030F40F2513001D12B0F01D106F02A
:10E8500069FD2C68002C40F24B3001DB06F062FDB4
:10E860007A1B9310C4F39904A4EB0804072BA4EBC0
:10E87000030401DD072C05DC6D68002DE0D10020CC
:10E88000BDE8F081984426F0C04605EB8801A4005D
:10E8900026F0030622F00302686842F0004244F0CA
:10E8A000004446F0C04645F82840486005EB830424
:10E8B000C5E90021002045F82360FFF7B1FD201DC8
:10E8C000BDE8F081002070477085002050F8043CBE
:10E8D0005A0F032A10B5044605D040F2493006F01D
:10E8E00021FD54F8043C43F0004344F8043C204626
:10E8F00010BD00BF024A137843F004031370704741
:10E90000988C00202DE9F04F85B0C51CB0F5003F74
:10E9100003904FEA950500F389804A4BDFF8348174
:10E920005B68C3F30803002B61D198F800301A0725
:10E930005DD143F0010388F8003000F0FDFE10B116
:10E940004368002B79D0DFF810913F4F0024D9F8AD
:10E9500000B0BBF1000F51D0002603E05E468B46AD
:10E9600000294BD040F2513014B93A685A454DD382
:10E970001BF0030F02D15FEA1B7301D106F0D2FC3A
:10E98000DBF800A0BAF1000F40F24B3001DB06F0DB
:10E99000C9FCCAF39902521B002ADBF80410DDDB24
:10E9A0000AD0900040F000404BF825000BEB8505A5
:10E9B000012A1CBF69602946002E3BD071600022ED
:10E9C000CBF8002049B14A683AB1930701D1130F3F
:10E9D00003D14FF4547006F0A5FC98F80020584677
:10E9E00022F0010288F8002005B0BDE8F08F40F267
:10E9F000923006F097FC98F800309AE734B1012C79
:10EA000008D0152006F08EFC0134A0E70020FFF7A7
:10EA100007FDF9E70D490E48D1E902320969009175
:10EA2000039907F00DFCFFF73BFEEDE7162006F01B
:10EA300079FC72E7C9F80010C1E740F24E3006F0E9
:10EA400071FC80E700ED00E048850020548500203F
:10EA5000780A0400988C002070850020033010B5DF
:10EA600020F00304201DFFF74DFFE31D23F080433A
:10EA700023F0030343F0804340F8043B10BD00BF84
:10EA800008B538B1FFF7EAFF50F8043C43F00053F3
:10EA900040F8043C08BD00BFF8B5214B5B68C3F3E8
:10EAA000080306460F46002B34D100F045FE1D4DED
:10EAB0001D4AF31B9B102B7004461760A8B10C2055
:10EAC000FFF7CCFF50F8043C6268026043F000534B
:10EAD000A26840F8043CE368C0E90123E060002339
:10EAE000A6602B7063602046F8BD1820FFF7B6FFC4
:10EAF0000E4A50F8043C1268026043F000531222A0
:10EB000040F8043C00234261C0E90333044600F0AE
:10EB10001BFEE4E740F2923006F004FCC5E700BFBC
:10EB200000ED00E0998C00206C85002074850020A9
:10EB300008B50C4B5B68C3F30803024663B90A4B84
:10EB40001B784BB938B1FFF789FF50F8043C43F00C
:10EB5000005340F8043C08BD1046BDE8084008F0EA
:10EB6000E1B800BF00ED00E0988C00201C4B1B6852
:10EB70009BB370B503F10804A04203D35D682C4435
:10EB8000A04206D31B68002BF4D1BDE8704008F00A
:10EB90001FB9044608460D46FFF7CAFF06469CB15A
:10EBA00096B154F8042C530F032B0FD122F070426E
:10EBB00022F00302AA4228BF2A462146304604F02A
:10EBC0005FFC2046FFF704FE304670BD40F249303E
:10EBD00006F0A8FB54F8042CE8E708F0F9B800BFE9
:10EBE0004085002061B1012938B50ADD4C1E013C89
:10EBF0000121051DFFF7F6FF631C2846F7D138BD3C
:10EC00007047044B40F0010299881846BDE838402F
:10EC100000F04AB94C850020830702D108B1030FE8
:10EC200000D17047024B02469988184600F03CB963
:10EC30004C8500208207034602D108B11B0F00D18A
:10EC40007047FFF76BBA00BF4068FFF7FBBA00BF21
:10EC50000430FFF781BB00BF03460C309988FFF7F3
:10EC600021BB00BF4068FFF7EDBA00BF10B50446F6
:10EC70000430FFF771FB04F10C00BDE81040FFF712
:10EC80006BBB00BF50F8043B23F001031988043923
:10EC90008908FFF707BB00BF0320704703207047B8
:10ECA000808880000F308008704700BF02207047C6
:10ECB000052070470349044A0023C1E90033C2E933
:10ECC000003370474C8500203885002000F0F4BCEC
:10ECD000002801DB00F0ECBC704700BF704700BFAC
:10ECE0000023C0E9013370470023C0E90133C0E9C4
:10ECF00003337047054B10B41A6884688388014653
:10ED0000A21A03485DF8044B07F09ABA78850020F0
:10ED1000040C040001464268014807F091BA00BFA4
:10ED20001C0B040001460289014807F089BA00BFA4
:10ED3000B40B0400F8B5C3888B4205460E4625D2B5
:10ED40009BB33F2B2FDDB3F5007F36DB03F58073DC
:10ED50004FF6FE724FF6FF74934298BF1C46B442C2
:10ED6000B8BF3446A00007F0DDFFEB880746F3B9D3
:10ED7000E21A920007EB8300002105F013FD2868DA
:10ED800007F0F6FF2F60EC80AE80F8BD82889142DC
:10ED9000FAD20068521A00EB81009200002105F0BF
:10EDA00001FDAE80F8BD5C00D9E70424D7E79A00E6
:10EDB000296804F065FBEB88DAE7034C03EB830377
:10EDC000A4FB03346408CAE7ABAAAAAA704700BF31
:10EDD000704700BF0B6823F0010370B51B89042B3B
:10EDE0000C46054602D16DB9204670BD104801227F
:10EDF00040F2853107F024FA40F2853006F092FAAD
:10EE0000002DF1D0E81C8000FFF77CFD064608B11C
:10EE1000084B0360A368B360AAB2B58092000021DA
:10EE200006F10C00344605F0BDFC204670BD00BF65
:10EE3000F40B0400680B040038B502690D4B9A42CC
:10EE4000054609D00C4803224FF4627107F0F8F927
:10EE50004FF4627006F066FA2888FFF753FD044607
:10EE600000B105602A880021043A201D05F09AFCB3
:10EE7000204638BDDDEC0200F40B0400036823F0EB
:10EE800001031B69184700BF036823F001031B69D6
:10EE9000184700BF036823F0010301461A880148A0
:10EEA00007F0CEB94C0B04004FF6FE7399420AD816
:10EEB00083888B4270B5054616460C4604D92B68EC
:10EEC00043F8246070BD70470131FFF733FF2B68B2
:10EED00043F8246070BD00BF83884BB1013B9BB2F7
:10EEE00002688380002152F8230042F82310704703
:10EEF00018467047C38870B54BB33F2B0FDDB3F591
:10EF0000007F2CDB03F580744FF6FE72944223D809
:10EF1000A4B28C4238BF0C46A34207D370BD5C003C
:10EF2000A4B28C4238BF0C46A342F7D20546A000DB
:10EF3000FFF794FDEB880646E3B9E21A920006EB70
:10EF40008300002105F02EFC2E60EC8070BD0429AA
:10EF500038BF04210C46E7E74FF6FF74E4E7084AA0
:10EF600003EB8304A2FB0424C4F34F048C4238BF98
:10EF70000C46D9E79A00296804F082FAEB88DCE7AE
:10EF8000ABAAAAAA30B5C3888B4283B005460C460B
:10EF900009D9036843F82120AB889C4224BF01347F
:10EFA000AC8003B030BD4FF6FE739942F9D8013101
:10EFB00089B20192FFF79EFF2B68019A43F8242043
:10EFC000EAE700BF38B5C3888B4204468DB201D250
:10EFD000AB4201D9A58038BD2946FFF78BFFA5803C
:10EFE00038BD00BF83884BB1013B9BB20268838070
:10EFF000002152F8230042F823107047184670474A
:10F00000F8B583888B421DD905684A1C8F0093424E
:10F01000044655F8216005EB070007D8013B9BB279
:10F020000022A38045F823203046F8BD5A1A02F189
:10F030008042013A391D2944920010F0D9FEA3887C
:10F040002568EBE70026EFE783888B421CD970B573
:10F050000E461546591CC28889B28A4204460FD909
:10F06000701C216880009B1B061F9A0008443144D5
:10F0700010F0BEFEA388226801339551A38070BDB5
:10F08000FFF738FFA388EBE7FFF77CBF70B50546B5
:10F090000A48EB88AA88296807F0D2F8EB885BB1A8
:10F0A000074E00242B68304653F8241007F0C8F8A8
:10F0B000EB880134A342F5D870BD00BFC80B040033
:10F0C000EC0B040010B5014604460289034807F022
:10F0D000B7F8201DBDE81040FFF7D8BF300B040083
:10F0E000024A02600022C0E901227047800C04003D
:10F0F000024A026000224260704700BF500C0400C8
:10F10000034A02600022C0E90122C0E903227047DD
:10F11000200C04002DE9F843068947680C46002EB0
:10F1200034D03B6899423AD03B46002003E053F884
:10F13000042FA24225D00130B042F8D123682046E6
:10F140005B6A9847236880461B6A20469847043FBD
:10F150008146002457F8045F2B6828465B6A98476D
:10F160008045284608D12B681B6A984742460146CD
:10F17000484610F02EFE30B10134B442EAD14FF0CF
:10F18000FF30BDE8F8832046BDE8F8830B680846E9
:10F190005B6A9847236820461B6A9847EFE7002080
:10F1A000EFE700BF704700BF10B504460A460448A9
:10F1B000214607F045F82046BDE8104006F0B2B8F9
:10F1C000F40B0400014B1B68186970477885002018
:10F1D000014B1B689869704778850020014B1B68BC
:10F1E000188C704778850020014B1B68D86B7047DE
:10F1F000788500200268F8B544F210239A4200D0C6
:10F20000FEE741681B4B0A681B4F9A42044639606F
:10F2100013D0088C194E8000FFF732FC3B68306039
:10F220001A8C0021920005F0BDFA3D68144B2A6843
:10F2300031689A420E600AD0FEE71248103106F09B
:10F24000FFFF40F29F30BDE8F84006F06BB8A368BE
:10F250002A699A42F0D100F01FFB3A680023146B30
:10F2600005F140001A461946A047BDE8F84000F0F5
:10F270001DBA00BF718E3B927885002074850020F6
:10F28000708E3B92980B04000148FFF7B3BF00BF9C
:10F29000E0FF030048B110F0030207D1036823F038
:10F2A0000103D978F92903D0104670470020704730
:10F2B0001889A0F10600B0FA80F04009704700BF3D
:10F2C00070B505460C20FFF71DFB044620B1154B19
:10F2D00003600023C0E901333DB1AB0705D12B68C2
:10F2E00023F00103DA78F92A01D0204670BD0E4AD6
:10F2F0009342FAD12E89002EF7D02046FFF78CFCDE
:10F3000063899E4203D93146201DFFF7F3FDB20009
:10F3100069682681606804F0B3F82046FFF78AFC2C
:10F32000204670BD800C0400200C040038B50D464A
:10F33000044608B1830714D040F29B3005F0F2FF79
:10F3400029462046FFF7E6FE051E08DB2946201D5C
:10F35000FFF756FE294604F10C00FFF751FE42204C
:10F3600038BD036823F00103DA78F92AE4D1024AB0
:10F370009342E5D0E0E700BF200C040070B50E46D4
:10F38000FEF76CF8044630460D46FEF767F8024675
:10F390000B46204629460EF007F8BDE87040FDF701
:10F3A000BDBD00BF08B5FEF759F80DF09FFDBDE8E3
:10F3B0000840FDF7B3BD00BF08B5FEF74FF80DF0EC
:10F3C00051FDBDE80840FDF7A9BD00BF08B5FEF737
:10F3D00045F80DF0FBFCBDE80840FDF79FBD00BF00
:10F3E00008B5FEF73BF8F7F7A7FBBDE80840FDF7C7
:10F3F00095BD00BF08B5FEF731F80DF083FFBDE8FD
:10F400000840FDF78BBD00BF08B5FEF727F80DF0EB
:10F41000D1FEBDE80840FDF781BD00BF08B5FEF78D
:10F420001DF80EF0F3F9BDE80840FDF777BD00BF09
:10F430002DE9F04187B207F57A66C0F3074382B041
:10F440003046002B14BF1C460C4600F09DFD0546BF
:10F4500018B1284602B0BDE8F08104F0F003102B8B
:10F4600020D0202B1BD0302B1FD040F22330A846B9
:10F4700005F058FF384600F06DFD0746182010F0E3
:10F4800084FC04F00F043946CDE90048B2B20123F0
:10F49000054608F04FFC284602B0BDE8F0814FF069
:10F4A0000208E7E74FF00108E4E78046E2E700BF23
:10F4B00038B50D464FF0FF31FDF79EFE0446013092
:10F4C00005D029462046BDE83840FFF7B1BF40F2DD
:10F4D0008B3005F027FF29462046BDE83840FFF76E
:10F4E000A7BF00BF2DE9F041884617461D460646D6
:10F4F00000F04AFD18B104462046BDE8F0812946D7
:10F500004046FFF795FF294680463846FFF790FFB3
:10F510000546102010F039FCB3B2AA88B8F80410E0
:10F52000044609F04DFD4046002108F02FFC284616
:10F53000002108F02BFC2046012109F0E3FC2046C5
:10F54000BDE8F08170B54FF0FF3104460420FDF7AF
:10F5500053FE4FF0FF3105460520FDF74DFE2021FB
:10F560000646CA20FDF748FE5CB1012C15D0022CDE
:10F570000DD10346324629460320BDE87040FFF70F
:10F58000B1BF01462846BDE87040FFF751BF40F2C9
:10F590008D3005F0C7FE002070BD01463046BDE845
:10F5A0007040FFF745BF00BF007C2021FFF740BF40
:10F5B0008088102300F0DAB908B503689B69984782
:10F5C000003018BF012008BD08B507F0C1FC0030AD
:10F5D00018BF012008BD00BF80887047054B1A681E
:10F5E00010B4146B0023A4461A4619465DF8044B68
:10F5F000604700BF788500202DE9F04385B06C4658
:10F6000084E80F0094E80F00BDF80260114CBDF8CB
:10F61000007084E80F0038463146FDF73FF9044694
:10F620003046FDF785FD94B1DFF82C908046D9F87F
:10F630000030E0681D6B00231A464146A847206849
:10F6400032463946FDF71AF904460028EFD105B0D5
:10F65000BDE8F083008500207885002008B5FFF71D
:10F66000E9FABDE8084007F0F7B900BF08B5064E53
:10F67000054632680023146B19461A462846A047EF
:10F68000142007F053F9F4E77885002010B50446FC
:10F6900006F0C2FE034638B100200CB144F8203019
:10F6A0001B6A0130002BF8D110BD00BF07F0D4B9A0
:10F6B00007F03CB907F014BC50B110B50446FFF791
:10F6C000ABFA2146034A0448BDE8104007F020B8D1
:10F6D000704700BF8D6A03006DF6020050B110B58F
:10F6E0000446FFF799FA2146034A0448BDE8104052
:10F6F00007F00EB8704700BF5DF60200DDF50200AE
:10F7000089B280B207F038B9064B10B51C68FDF716
:10F710006BFD04F6FF74204420F47F6020F00F009E
:10F7200010BD00BF788500200CF0FEB808B508F0C9
:10F730000FF908BD08F01CB9024B186800B1406A07
:10F74000704700BF148B0020014B1B685862704744
:10F75000148B00202DE9F04FDFF81C91D9F8003010
:10F7600087B0002B70D0824606F056FE0346002874
:10F7700074D000241B6A0134002BFBD1A50028465D
:10F7800007F0D0FA0390FFF781FFA04257D1002C79
:10F7900041DD039BA3F1040B0AF0020302930BEB80
:10F7A000050300934FF000085BF8047F7E6A7EB388
:10F7B0007069FEF7DFFDDDF808A0CDF804B004366F
:10F7C000D9F8003034689F422BD03868BD680CF0FF
:10F7D000F5F8D9F80030281A9F420444756807D01C
:10F7E0003868D7F808B00CF0E9F8ABEB0000054436
:10F7F000BAF1000F19D1A54205D954F8040BFEF750
:10F80000B9FDAC42F9D3B668002ED9D1DDF804B009
:10F81000009B5B45C8D1039807B0BDE8F04F07F0E7
:10F82000A7BA7568BAF1000FE5D02B1B41469B10B3
:10F830002246104806F004FD08F10108DBE74FF40A
:10F840004B7005F06FFDA2E7012007F06BFA059001
:10F85000059807B0BDE8F04F07F08ABA07F062FAE2
:10F860000390FFF713FF0028D5D04FF44B7005F03D
:10F8700059FDD0E7C00C0400148B002010B500F037
:10F880008BFD0446302010F080FA2146012300222F
:10F89000BDE8104008F0E8B870B5FFF7EFFF00F0E2
:10F8A00043FE1E4B1B681C8D3CBB1D4C1D481E4E51
:10F8B00006F006FE04F5807501E0AC420AD054F86B
:10F8C000040F0028F9D003681B68B342F5D09847AD
:10F8D000AC42F4D100F098FE4FF0FF310D20FDF75F
:10F8E0008BFCC0B200F036FB18B1036800211B6826
:10F8F0009847BDE8704000F0A9BD21464FF0202098
:10F90000FEF78AFF214605460246084806F098FCA5
:10F91000002DCAD1142005F005FDC6E7788500202A
:10F920000C8600207C8500206DB70200B00C04001E
:10F9300010B5084C08480AF08BF9204609F02EF85B
:10F94000064A0749204610F01BFA064B064A1A6081
:10F9500010BD00BF7C8500200085002000800020B5
:10F96000F5880300A48500201C1004002DE9F04F49
:10F970008DB016461F4604460D46FCF78FFF38B182
:10F98000324629462046FCF79DFF0DB0BDE8F08FBA
:10F990000F2CBFB201D1C02F0ED1282010F0F5F9E5
:10F9A000A1B2804600971D4BAAB207F029FA414642
:10F9B0001B4808F0D9FE50BB002DE1D14FF0FF31BC
:10F9C0002046FCF76BFF07460028D9D0DFF84CB083
:10F9D000DFF84CA01FFA84F94FF010083A89CDF8EF
:10F9E00000805B46494602A807F00AFA02A9504681
:10F9F00008F06EFE02A807F01BFA38684FF0FF32DD
:10FA00002146FCF73BFF07460028E7D1B8E7404610
:10FA100007F00EFA404610F0AFF9CDE7F9F5020015
:10FA20007C85002000B585B08AB2012381B268468A
:10FA30000AF0EEF805B05DF804FB00BF4FF0FF31AF
:10FA40000148FCF7DFBF00BFCC0C040008B509F08B
:10FA5000F3F808BD08B503681B6A9847BDE808407D
:10FA60000146014806F0ECBBD40C040010B5036855
:10FA70001B6A0C46984722460146BDE810400148E3
:10FA800006F0DEBBDC0C0400014820F0604070474B
:10FA900000000420F8B538B30E46054621B31D4FCB
:10FAA0003C6814B90CE0A46954B123689D42FAD1B2
:10FAB00063689E42F7D1184806F0C2FB2046F8BDA5
:10FAC000164806F0BDFB1C2010F05FF932460446D4
:10FAD000C0E900562946002308300AF09FFA3B6827
:10FAE000A3613C602046F8BD0D4806F0A9FB4FF02D
:10FAF000FF311920FDF780FBC0B200F02BFA4FF068
:10FB0000FF3105461820FDF777FBC0B200F022FA5E
:10FB10000646C4E7A8850020040D04001C0D04005F
:10FB2000E80C040008B5FFF7B5FF083008BD00BFBA
:10FB30002DE9F041074682B00C46002011461646DA
:10FB40009846FCF7E3FF0546FFF766F8610089B2C7
:10FB5000334605F10802CDF8008007F108000AF0ED
:10FB600013FB04462846FFF765F8002C0CBF284617
:10FB7000002002B0BDE8F08110B582B05468009357
:10FB8000490089B22346083208300AF0B5FA02B0BB
:10FB900010BD00BF00207047002070470020704754
:10FBA000002070476FF47D70704700BF6FF47D7068
:10FBB000704700BF6FF47D70704700BF38B50A4DC5
:10FBC0002C680CB1204638BD102010F0DEF8074B31
:10FBD0000446214640F8043B6FF0030208F092F916
:10FBE0002C60204638BD00BFAC850020400D0400CD
:10FBF000FFF7E4BF08B5FFF7E1FF002008BD00BF35
:10FC0000FFF7DCBFFFF7DABF2DE9F04F02EB820709
:10FC1000F03783B08046384615460E4610F0AEF8F1
:10FC20003A460021044604F0BDFD802211467823A7
:10FC30004FF0000CAC4528DAE05C5FEA620940EA6C
:10FC40000200E05404EB030E39D016F80CB0921009
:10FC500011EA0B0F5FFA82FA5FFA89F055D09EF82D
:10FC600000B040EA0B008EF80000002A43D10133B7
:10FC70001022E05C60F07F00E05449101DD10CF1CF
:10FC8000010CAC454FF08001D6DB00221146404606
:10FC900000F086FC036822491B68054698472968DE
:10FCA000002300933A462846CD682146A8472046BF
:10FCB00003B0BDE8F04F10F05FB8C9B2BAE716F86C
:10FCC0000C20114203F101030BD14FF0200A4FEA3F
:10FCD0006A0A5FFA8AF2BAF1000FCED101338022AC
:10FCE000CBE7E05C40F08000E05404EB030E4FF003
:10FCF000400A4FF0800940EA0A005FEAA9098EF83D
:10FD0000000005D101332022B7E7002AFAD001E034
:10FD10005FFA89FA5FEA6A0AD9D101334022ACE777
:10FD200000093D00182A01D9FFF76EBF0BF06CBE29
:10FD300002682DE9F0471268089E0C46002107462C
:10FD4000994690472025236801211B682046984743
:10FD5000236800211B6820469847013DF3D116B364
:10FD600009EB060A0AF1FF3A09F1FF3919F8018F88
:10FD7000082680253B6818EA050F14BF01210021E1
:10FD80001B6838469847236801211B68204698471E
:10FD9000236800211B6820469847013E4FEA55051D
:10FDA000E8D1CA45E2D13B6838461B680121984733
:10FDB0002025236801211B682046984723680021DD
:10FDC0001B6820469847013DF3D1BDE8F08700BF8E
:10FDD0002DE9F04383B00A4600211E460A9F00F039
:10FDE000DFFB0024036800940546D3F80C80144917
:10FDF00023460422C0472B68009431463A46DE6809
:10FE000028462346B0472B680094DE680C492346F9
:10FE100028460422B047FF080ED0DFF82890A046FD
:10FE20002B68CDF80080DE68203400230422494688
:10FE30002846B047BC42F3D303B0BDE8F08300BF0F
:10FE4000B08500200880002070B4039D38B131B126
:10FE50002BB125B1182D04D970BCFFF7B9BF70BC08
:10FE6000704770BCFFF764BFA0B19BB130B55C6850
:10FE700083B06CB1042A03F1080306D02246194668
:10FE800003B0BDE83040FFF74DBF0094FFF7DCFF43
:10FE900003B030BD704700BF2DE9F04B85B22F2D68
:10FEA00033DC1C4F1C4E7C5D30683CBBDFF86C8043
:10FEB00098F8001001318900FEF758FE30601820D4
:10FEC0000FF063FF4FF0FF3121FA05FB00230BF029
:10FED000010213430CBF01230323EAB205F16401BD
:10FEE00081460AF059FE98F800203068531CDBB2B6
:10FEF00040F822907B551C4688F8003004F180447D
:10FF0000013C50F82400BDE8F08B4FF4637005F01D
:10FF100009FAC6E7B4850020E48500209A8C002009
:10FF200038B54FF0FF310546FDF766F9044601305C
:10FF300004D02046BDE83840FFF7AEBF294604484C
:10FF400006F07EF92046BDE83840FFF7A5BF00BFA8
:10FF50005C0D0400002804DBFF2802D080B2FFF70C
:10FF60009BBF0020704700BF08B54FF0FF31FDF781
:10FF700043F9002806DBFF2804D080B2BDE8084022
:10FF8000FFF78ABF002008BD0B4B10B403F5807447
:10FF900001E0A3420AD053F8042B002AF9D091883B
:10FFA0008142F6D110465DF8044B7047002210469E
:10FFB0005DF8044B704700BF10860020FFF7D4BFE8
:10FFC00001460020FCF7A2BD014B9868704700BFB6
:10FFD0000085002003685B69184700BF0368DB6881
:10FFE000184700BF704700BF0048704716FCFFFF6E
:10FFF00010B5044B036000230446C38006F004F8E8
:020000040003F7
:10000000204610BD740D040010B5064B036000239C
:100010000446C38005F0F8FF20460FF0ADFE2046F1
:1000200010BD00BF740D040010B5044B0360002325
:100030000446C38005F0E8FF204610BD740D04009F
:1000400010B5064B036000230446C38005F0DCFFB7
:1000500020460FF091FE204610BD00BF740D040035
:1000600090F82C3003B970472DE9F04706468068B8
:10007000036884B01B6800219847B06803680121B9
:100080001B689847082400253069036801219B6894
:100090008D409847002108B145F00105F0680368DC
:1000A0001B689847F068036801211B689847013C6A
:1000B000EAD1D6E905376F409F4229D006F11C05E9
:1000C00006F12C094FF0010811E061B940F6020A6F
:1000D00001235146684609F09BFD51460123002249
:1000E000684609F095FDA94504F101040FD035F8E3
:1000F000022B08FA04F307EA0301002AF3D070691F
:100100000342E2D10029EED040F6030AE0E777612E
:1001100004B0BDE8F08700BF08B503685B68984786
:10012000003018BF012008BD03681B68184700BFD6
:1001300070B5036804460D4616461B6D03219847AB
:100140003246294620891023BDE87040FFF70EBCD7
:100150008B1E70B50D4604461646032B13D8DFE8F8
:1001600003F00F0F0202036803211B6D204698471E
:100170003246294620891023BDE87040FFF7F6BBC0
:1001800003680221F1E770BD2DE9F047A1F1040AEF
:1001900004461646D71707F0EBFBBAFA8AFA4FEA7D
:1001A0005A1A8046894609E007F0E2FBB0EB0802E4
:1001B00061EB09039F4208BF964220D32368204683
:1001C0005B68984750450546EED107F0D1FB824663
:1001D00009E007F0CDFBB0EB080261EB09039F4299
:1001E00008BF96420BD3236820465B689847854238
:1001F000EFD007F0BDFBA0EB0A00BDE8F0870020C0
:10020000BDE8F08731B1036801290CBF022100214C
:100210001B6C1847036801211B6C1847F8B5264D65
:100220002C680CB12046F8BD30200FF0AEFD002642
:10023000224B03600446466005F078FE204B2360A5
:100240004FF0FF314720FCF7D7FFC0B2FFF782FE27
:100250004FF0FF31A0604820FCF7CEFFC0B2FFF79F
:1002600079FE4FF0FF31E0604920FCF7C5FFC0B2D6
:10027000FFF770FEE288E66126626662A6624FF4CE
:100280007A670368A78042F400520127E28039466A
:100290006661A661206184F82C709B689847A0680D
:1002A000036839461B689847E068036839461B684D
:1002B00098472C602046F8BDE8850020740D0400A6
:1002C000940D0400F8B54FF0FF3107464820FCF7C5
:1002D00093FFC0B2FFF73EFE002428B3FFF79EFF56
:1002E00005468068036800211B689847A868036872
:1002F00001211B689847002F16DD264628690368F0
:1003000001219B688C4098470136002108B144F0D8
:100310000104E86803681B689847E86803680121DE
:100320001B689847B742E9D12046F8BD10B54FF099
:10033000FF314820FCF760FFC0B2FFF70BFEA0B111
:10034000FFF76CFF04460069036800219B6898472B
:10035000A068036800219B689847E0680368002153
:100360009B689847002384F82C3010BD03685B6BB2
:10037000184700BF026810B4146940F2DC53A44669
:100380004FF4FA625DF8044B604700BF0368DB6A14
:10039000184700BF704700BF2DE9F0412449254DA3
:1003A000DA20FCF729FFDFF894C0DCF8007018268B
:1003B0004FF0010E20FA06F1C9B2102935D0012400
:1003C000112304E0994211D015F832301446621C12
:1003D000002BF7D1083E16F1080FEBD14FF46770F0
:1003E000002504F09FFF2846BDE8F0810EFA04F3D3
:1003F0001F42EFD105EBC404D4F80480D8F80423DD
:10040000002AE7D11F4310390B48CCF8007005F0E3
:1004100017FF18200FF0B9FC94F90120054641465A
:100420000BF000FA2846BDE8F08100240123DFE745
:1004300013101211CC0D0400AC0D0400EC8500204B
:100440004FF080430122C3F80025704708B52348C8
:10045000FCF77EFB4FF01023D3F80C2232B9D3F80F
:10046000043303F00703052B00D108BD1C4805F039
:10047000E7FE1C4B0122C3F80425D3F80024002A10
:10048000FBD04FF01023D3F80C2212B10022C3F896
:100490000C224FF01022D2F8043303F00703052B8F
:1004A00007D0D2F8043323F0070343F00503C2F862
:1004B00004330C4B0022C3F80425D3F80024002A8F
:1004C000FBD0BFF34F8F0849084BCA6802F4E062C3
:1004D0001343CB60BFF34F8F00BFFDE7A10D0C00AE
:1004E000C00D040000E0014000ED00E00400FA054A
:1004F000094A0A4B12689A420BD1094A0948126804
:1005000003F1C27303F5D34308339A4218BF0020A6
:1005100070470020704700BF00D80F00F1109E1EEA
:1005200004D80F0010D80F00704700BF2DE9F0412C
:10053000174F3C6882B014B90EE0646B64B1256853
:10054000A842FAD16568A942F7D1A3689A42F4D1CA
:10055000204602B0BDE8F0810546382090460E46A0
:100560000FF013FC4FF0000C0446C0E90056C0F831
:100570000880434632462946CDF800C00C300AF0C8
:10058000EFFE3B68636320463C6002B0BDE8F0814B
:10059000F085002008B55A2004F0C4FE002008BDF4
:1005A00008B5FFF7C3FF0C3008BD00BF0C300AF0E0
:1005B00091BF00BF70B50D4682B014460646A8B183
:1005C0007DB105F108016A684CB104F10803646863
:1005D000009406F10C000AF039FF02B070BD23460A
:1005E000F6E7002CF9D02A462946EEE740F2DD3046
:1005F00004F098FEE4E700BF0C300AF09BBD00BF9A
:100600000C3008220AF084BD704700BF00207047FC
:10061000024B1B6803B11847704700BFF4850020E8
:1006200010B50A4C23687BB108210948984709484E
:100630002368016843B104309847236823B102213D
:100640000548BDE81040184710BD00BFF4850020E4
:10065000FC0D040010870020080E0400704700BF46
:1006600038B51B4D2C680CB1204638BD4FF0FF311A
:100670000E20FCF7C1FDC0B2FFF76CFC28B31820B8
:100680000FF083FB4FF0FF3104460E20FCF7B4FD62
:10069000C0B2FFF75FFC11220146204607F088FA3E
:1006A0002046322106F0B6FF20464FF4597106F07D
:1006B000A9FF2046802106F0DDFF20464FF460713F
:1006C00006F0BEFF2C60204638BD2C68CCE700BF8A
:1006D000F885002070B586B004460D46FFF7C0FFD0
:1006E00030B3034668469A88D988ADF804201A8941
:1006F000ADF80610ADF8082059899A89DE89ADF861
:100700000A10ADF80C20198A5A690A4BADF810107E
:1007100005920093ADF80E6006F052FFBDF804009C
:100720002A4621461023FFF721F9684607F01CFAF4
:1007300006B070BD0011040030B587B0FFF790FF20
:1007400030B3034668469A88DC881989ADF80420DE
:100750005A899D89ADF80640ADF80810DC89198AE0
:10076000ADF80A205A690C4BADF80E40ADF81010E8
:1007700005920093ADF80C5006F0EEFE041E68469C
:10078000B8BF033407F0F0F9A410204607B030BD1D
:100790007F24204607B030BD0011040070B586B03C
:1007A00005460C46FFF75CFF18B38288C388ADF896
:1007B0000420A10004894289ADF80630ADF8084054
:1007C0008389048AC689ADF80A20ADF80C304269E5
:1007D0000A4BADF81040012D6C46ADF80E6089B2A1
:1007E00005920093204606D006F02AFF204607F027
:1007F000BBF906B070BD06F03DFFF7E7001104003D
:1008000008B5FEF741FD002008BD00BF41607047FC
:10081000064A136883EA433383EA534383EA431364
:1008200098B2A0F5FF4013607F3870471080002019
:10083000B1F5007F0846A8BFA1F50070B0F5807F34
:10084000C8BFC0F5007000FB00F240F63B1303FB8D
:1008500002F31B14A3F5A4433A3B02FB03F34CF64B
:10086000FE0202EB234300FB03F00012B1F5007F10
:1008700028BF4042704700BF8901A1F5FF407F3883
:10088000704700BFB1F5007F07D3C1F57F71033119
:10089000C901A1F5FF407F387047C801A0F5FF40AE
:1008A0007F38704710B4036A064A1C7806486623EE
:1008B00013FB042347F6FF728B42D8BF10465DF846
:1008C000044B704704FCFFFF0180FFFF836930B4D5
:1008D00003F03F0494421BD00F4D2C6884EA44344B
:1008E00084EA544484EA441402F03F0204F40043CE
:1008F0001A432C60826143B1084B47F6FF70B1F593
:10090000007F38BF184630BC7047184630BC70476F
:1009100003F40043EFE700BF0C8000200180FFFFDD
:1009200010B4036A0D481B780D4C1844012310F8CD
:10093000100C0240501102F01F0254F8200003FA7C
:1009400002F2104006D0074847F6FF72B1F5007F6B
:1009500028BF10465DF8044B704700BF380E0400F6
:10096000300E04000180FFFF00207047F8B5104BE7
:100970001049016003F124020546C0F85831C0F85F
:10098000602100F5AC7700F5BE7600F5C274043C3A
:10099000204609F0CFF9A642F9D1074BC5F85831E6
:1009A00000233846A5F85E3105F02EFB2846F8BD39
:1009B000B4140400140E0400740D0400F8B5124BB6
:1009C0001249016003F124020546C0F85831C0F80D
:1009D000602100F5AC7700F5BE7600F5C274043CEA
:1009E000204609F0A7F9A642F9D1094BC5F85831BC
:1009F00000233846A5F85E3105F006FB28460FF0C7
:100A0000BBF92846F8BD00BFB4140400140E04005E
:100A1000740D04002DE9F04FD0F85051DFF8BCC040
:100A20004FF0FF374FF0020E4FF0010B002D4AD070
:100A30002B466FF07F481A793AB984681968091B08
:100A4000002908DD8845A8BF88469B68002BF2D1A5
:100A50004046BDE8F08F81464FF0FF3808EB880133
:100A600000EBC10AD9F82C1091B3B8F1FF3F05D0C3
:100A7000DAF81010D9F81060B14200D29046013275
:100A8000082A09F12809E9D108EB880200EBC20223
:100A90001032D16909B181F804E0D3F80C80D36138
:100AA00008F1080183F804B014601162D8F804302A
:100AB000D760ACFB0343DB0803EB430301EB830389
:100AC0005362002DB4D16FF07F484046BDE8F08FEF
:100AD00002EB820200EBC2021032DAE7ABAAAAAA4A
:100AE000002A01DD00F002B8012070472DE9F04F27
:100AF0002DED028B04468BB0174609900E460592E9
:100B0000FFF788FFD4F85041003418BF0124B842E1
:100B1000C0F23581059B5D0000212A46304603F076
:100B200041FE099FA74AF868030282FB0312DB1704
:100B3000C3EBA21307930EF02DFB02460B460020D9
:100B4000A1490EF0BBFCB31E1E4608930EF084FEB6
:100B500033462B44049308EE100A07F5A87307F1F7
:100B6000100B0693DBF81C20002A41D0DBF8203064
:100B70000599DBF808500C3B0029CBF8203040F3F6
:100B8000F3800027CDE90277089E0197B8463C46DE
:100B9000BA46002C53D0DDF80C90019BAA0EC5F389
:100BA000094158469847029B36F8022F39141F44D2
:100BB000049B00FB01F002EB20429E42454404F1FD
:100BC000FF340AF1010AC8443280E2D1DBE908238C
:100BD0009A4280F0AA80002C08BF0124CBF808506C
:100BE000039BCBF80440CBE90483CBF80C700124C1
:100BF000069B0BF1280B9B45B4D1099A0599936884
:100C000000290B44936014DD089B049D4FF601609E
:100C100040F2FF1102E09D4219800AD033F9022F01
:100C2000B2F5007FF7DA12F5007FD8BF18809D4239
:100C3000F4D120460BB0BDEC028BBDE8F08FDBE9B0
:100C4000083103F10C028A42CBF820206DD2D989F9
:100C5000DF8AB3F91220B3F914901C8A187B44F68A
:100C60002063994228BF1946BB4228BF3B4640F249
:100C7000FF37BA42A8BF3A46B945A8BFB9461429BA
:100C800038BF1421142B38BF142322EAE27229EA58
:100C9000E979002C47D04EF66027BC4228BF3C467D
:100CA000079F07FB04F4471E042F4CD8DFE807F02A
:100CB0002F033532380045480190A9EB02094FEA6D
:100CC0000949240A99FBF4F00290BAF1000F6BD0A5
:100CD00007EE901AF8EEE77A8B4267EE887A4FEAD1
:100CE0000247FCEEE77A17EE908A27D007EE903A9B
:100CF000F8EEE77A67EE887AFCEEE77A17EE903A3C
:100D0000A3EB080393FBF4F30393994645E73048BC
:100D10000190D2E72F480190CFE72F480190CCE710
:100D20002E480190C9E7079CBDE7DBF81C20022391
:100D3000137100230124CBF81C3059E74FF0000950
:100D4000CDF80C9029E7A0F10B07042F09D9DFF8A3
:100D500098C0234F1038022898BFBC46CDF804C075
:100D6000ABE720480190A8E7DBF824108B42DED2E5
:100D70004FF00008CDF80C804746012430E7099C6D
:100D80000546024631462046FFF7AAFE059B06EBC4
:100D900045015A1B2046FFF7A3FE012420460BB055
:100DA000BDEC028BBDE8F08FDBF80C70781C8FD0A7
:100DB000DBF814300393DBF80440DBF8108099462D
:100DC000EBE600BFD34D62100000904179080300AC
:100DD00085080300CD080300310803001108030053
:100DE00021090300A5080300690903002DE9F0416A
:100DF0004B6882B00646002B38D00F4601A84FF44E
:100E0000007108F07FFF019D2C1D4FF48072214678
:100E10003846FFF76BFE804607F5AC7009F004FB1F
:100E200005F50172B4F90030C3F5007300FB03F35C
:100E30009B1224F8023B9442F4D1B8F1000F0FD07A
:100E4000786810B103681B68984701A9304608F01C
:100E500069FF01A808F06EFF304602B0BDE8F081DE
:100E600087F85481304608F047FFF2E708F044FF66
:100E7000304602B0BDE8F08170B54FF0FF31054655
:100E80001A20FCF7B9F9C0B2FFF764F860B1044664
:100E90004FF0FF311A20FCF7AFF9236829462046AE
:100EA0001B68BDE87040184770BD00BF70B5184B97
:100EB000036082B00446002500F5AC761323224679
:100EC00065603046009313494FF47A5309F0DAF91C
:100ED0004FF0FF314120FCF78FF9C0B2FFF73AF82D
:100EE0002A460146304609F0B7FB3046A56084F833
:100EF000545109F097FA2946E0604FF4A07204F1CA
:100F0000100003F04FFC2046C4F8505102B070BDF1
:100F1000140E040000C0014038B5074D2C680CB118
:100F2000204638BD4FF4C4700EF02FFF0446FFF783
:100F3000BDFF2C60204638BDFC850020FFF7ECBFCC
:100F40002DE9F0410C460746FFF7E6FF064620462E
:100F5000FDF762FE10200EF018FF0546F0681D4AEE
:100F6000B168EC6000FB07F082FB0032C317C3EBF3
:100F7000A2130B4400222A712B600AF0CBFCD6F896
:100F80005041AC60C6F8505154B910E0A368E06815
:100F9000AB60FDF74FFE20460EF0EEFEAC6834B1BC
:100FA0002379022BF2D02546A468002CF8D10AF050
:100FB000A3FC96F854310BB1BDE8F08170680123B1
:100FC00086F854310028F7D00368BDE8F0411B686B
:100FD000184700BFD34D621038B5FFF79DFF054697
:100FE0000AF098FCD5F850410023C5F85031EB6267
:100FF0006B65EB67C5F8A430C5F8CC30C5F8F430A4
:10100000C5F81C31C5F844314CB1D4E90250FDF7A4
:1010100011FE20460EF0B0FE2C46002DF5D1BDE8A5
:1010200038400AF069BC00BF0020704700207047BC
:1010300000207047704700BF704700BF704700BF77
:10104000704700BF704700BF704700BF704700BFC8
:1010500070B50C4615460646FFF75EFF00218C4230
:10106000C560416005DD22463146BDE87040FFF7AE
:101070003DBD012070BD00BF704700BF704700BF7D
:10108000024B1B6803EB4000704700BF78850020CF
:10109000704700BF704700BF704700BFC1600020AD
:1010A000704700BF704700BF0B68984221D10B69A1
:1010B00098421EDC8B6998421BDA002830B408DBAA
:1010C0004B681468A3425468B8BF1360A342C8BFFA
:1010D00053600B6B002B05DD4A688D6A0C6A2A444D
:1010E0004A601B1B4A6A0130134408600B6330BC22
:1010F000704770470B6898422DD1F0B44B684F6928
:10110000BB4226DB8C69A04223DA0C6BD1F820C0ED
:101110000BE0CD6A4E6A05443444A8420D60644435
:1011200003F1FF3313D1BB4211DB002807DB156845
:101130009D425568C8BF13609D42B8BF5360002CE4
:10114000E7DC0D68A842644403F1FF33EBD00C6385
:101150004B60F0BC704770470B6898422DD1F0B4DB
:101160004B684F69BB4226DC8C69A04223DA0C6BCA
:10117000D1F820C00BE0CD6A4E6A0544A41BA842FA
:101180000D60644403F1010313D1BB4211DC00285C
:1011900007DB15689D425568C8BF13609D42B8BF04
:1011A0005360002CE7DC0D68A842644403F101039E
:1011B000EBD00C634B60F0BC70477047426801464F
:1011C00093890248528905F03BB800BF680E0400BD
:1011D00043685889884207DD002A05DB98898242E6
:1011E000ACBF0020012070470020704770B5064654
:1011F0004068457A012D82B000F110040ED0042D14
:1012000027D183899B001F335B119B0001FB0344A3
:10121000C2B9207800F00F0002B070BD8389073397
:10122000DB1001FB03440AB104EBE2040123217843
:1012300002F0070203FA02F20A4214BF1846002025
:1012400002B070BD5310E05CD307E3D5001102B0CB
:1012500070BD40F23530CDE9001204F063F800991A
:101260007368019A5B7A641A32B1012BDCD0042BCB
:10127000E8D0002002B070BD042BCAD0012BF8D1F9
:10128000D4E700BF70B50446FFF7A2FF00B970BDF8
:101290002046BDE87040FFF7A9BF00BF70B5064605
:1012A0004068447A012C84B000F1100513D0042C5E
:1012B00029D1808980001F304011800001FB00513E
:1012C0009ABB91F9000020F00F0003F00F030343D5
:1012D0000B7004B070BD80890730C01001FB005155
:1012E0000AB101EBE201012002F0070200FA02F26A
:1012F000087823B920EA0200087004B070BD1043DA
:10130000087004B070BD40F23530CDE90223019180
:1013100004F008F8DDE9022301997068691A407A3F
:1013200082B10128DDD00428D3D101EB6201D207BC
:1013300091F90000C7D500F00F0040EA03130B70CD
:1013400004B070BD0428BCD00128CCD004B070BD5E
:101350002DE9F84F0A9FBF1A48BF7F42A3EB01094E
:101360004CBF4FF0FF3B4FF0010B7F008B42A7EBD0
:1013700009050C469846164682464FEA49090EDB97
:10138000324621460B9B50460134FFF787FF002D64
:10139000C4BFA5EB09055E44A0453D44F0DABDE8B5
:1013A000F88F00BF2DE9F84FDDF828805B1A48BFA1
:1013B0005B42A8EB02094CBF4FF0FF3B4FF0010B23
:1013C0005F009045A7EB090514460E4682464FEA9A
:1013D00049090EDB224631460B9B50460134FFF78C
:1013E0005DFF002DC4BFA5EB09055E44A0453D444B
:1013F000F0DABDE8F88F00BFD0E901320132826037
:101400009A0701D11A0F08D110B50446596803F1A3
:101410000800FBF77BFB606010BD704730B4456887
:101420000B68688923EAE374431EA342A8BF2346DE
:101430000B60AB891168013B21EAE1718B42A8BFC7
:101440000B46136030BC704738B5FBF75FFB0546B1
:10145000FDF7E2FB0C20FDF755FA044628B10A4AD5
:10146000456000230260836025B12846FDF7E2FB5A
:10147000204638BD40F2353003F054FF2846FDF7D2
:10148000D9FB204638BD00BF840E0400B0F5FA6FCA
:1014900024D8B1F5FA6F21D8012A70B518D0042AE2
:1014A0001ED18B001F335C11830003FB04F3083350
:1014B0000D460446194600201646FFF7C5FF43684F
:1014C000872100225E725C819D811972DA8170BD74
:1014D000CB1DDB1000FB03F30833E9E70020704766
:1014E000002070BD38B14368082B02DD027A872ADC
:1014F00002D0002070477047427A012A0FD0042A98
:10150000F7D18289408992001F325211800000FB7E
:1015100002F00830181AB0FA80F04009704782894A
:1015200040890732D21000FB02F00830F2E700BF1A
:1015300048B14268042A04DD037AE12B14D0E42B7D
:1015400002D0002070477047817A437A1F2000EB59
:1015500081009B00401103FB00F30833181F801A21
:10156000B0FA80F040097047817A437AC81DC010F4
:1015700003FB00F30833F1E743685889704700BF65
:1015800043689889704700BF4368587AA0F101000A
:10159000B0FA80F04009704743689A0704D11B0FE6
:1015A0000CBF012000207047012070478068003088
:1015B00018BF0120704700BF2DE9F0410D1E04DB6C
:1015C00004461F46FFF704FE08B9BDE8F081164641
:1015D0002046FFF711FF3B46324629462046BDE82C
:1015E000F041FFF75BBE00BF002901DBFFF74ABEF9
:1015F000002070474068437A042B00D0704743892D
:101600008B42FBD970B4848955685E1AA30004FB31
:1016100006F4AC4203F11F034FEA6313A8BF2C4644
:101620009B001030641001FB030112D0013C08192B
:101630000A32013911F8013F03F00F0302F8023CAE
:101640000B7881424FEA231302F8013C02F10202B7
:10165000F0D170BC704700BF2DE9F04143685D7A5E
:10166000042D01D0BDE8F081B3F80A808845F9D98E
:10167000044617469D890E46FFF7BEFE63685A7AF8
:10168000012A03F1100424D0042A26D19989890063
:101690001F31491189007B68A8EB060805FB08F09B
:1016A0009842A8BF1846401001FB0641DAD007F166
:1016B0000A02084412F8023C12F8014C03F00F032E
:1016C00043EA041301F8013B814202F10202F1D125
:1016D000C8E799890731C910DDE740F2353003F0DA
:1016E00021FE4FF0FF31D6E72DE9F04786B0CDE976
:1016F00002210BB10E9D15B906B0BDE8F087456813
:101700006E89B1420446F7DAAD89AA42F4DA0139AA
:101710000B440E99013A0A44002BCDE90432EBDB6D
:10172000002AE9DB05AA04A9FFF778FE02AA03A9AB
:101730002046FFF773FE6168DDE90475DDE90223E9
:101740008889013701354607A7EB0307A5EB02059A
:1017500005D123B91AB94B899F4200F0CA802046AF
:10176000FFF74AFE61684B7A012B00F09380042B4F
:1017700040F0C780B1F80CE00F984FEA8E0E0EF1E2
:101780001F0E00F00F06DDE902324FEA6E1E06EB77
:1017900006164FEA8E0E5FFA86FA01F11008B1F8CC
:1017A0000CC04FEA8C0C0CF11F0C4FEA6C1C4FEA7A
:1017B0008C0C02FB0C8C002B40F09880002F07F162
:1017C000FF3106DC98E7042B2FD001394B1CF44481
:1017D00092D063685B7A012BF5D1029A002D02F05A
:1017E000070203FA02F3F0DDE046002205E0384389
:1017F00088F8000001329542E7DDB3F5807F0BD019
:10180000DFB25B000F9E98F80000002EEFD120EAB7
:10181000070088F80000EDE708F10100AB1A072B7C
:1018200080462FDC02230127ECE7029B13F0010F17
:1018300014BFF0270F27002DC7DDE04600200DE084
:10184000FAB23F0198F8003083EA0A0902EA090275
:1018500001305340854288F80030B6DDB7F5706F2F
:10186000EED108F101022B1A012B9046A3F10203DD
:1018700002DCF0270F22E5E70230854202F801ABD7
:10188000F2DCA2E70832954200F801ABA3F10803AD
:10189000C5DC9AE7B1F80CE00EF1070E4FEAEE0E48
:1018A000F446DDE9023201F110080CFB028C0F9ABC
:1018B00042F300065FFA86FA002B3FF47FAF0CEB91
:1018C000E30C7BE740F23530CDE9003203F02AFD2E
:1018D000019A009BA8EB020CA3B36268527A012A1A
:1018E0004FF0FF3EEBD0042A7FF468AF0CEB630CA3
:1018F00064E785427FF433AF20460F9900F026F865
:10190000FAE640F2353003F00DFD6168487A0128AF
:1019100008D1B1F80CC00CF1070C4FEAEC0C4FF0F9
:10192000FF3EBEE70F9B03F00F0606EB06160428EA
:101930005FFA86FADDE9023201F11008C2D14FF0F8
:10194000FF3E2CE74FF0FF3E38E700BF30B50546BD
:1019500083B00C4619B1436899894A072DD12846AE
:10196000FFF74AFD69684A7A01F110034968012AC4
:10197000E4B218BF04F00F04A1F108010CBF44F356
:10198000000404EB04140329E2B20ED998070DD128
:1019900002EB022021F0030400EB00401C4443F85A
:1019A000040BA342FBD101F0030121B119441A70C9
:1019B00001339942FBD103B030BD00225B89009115
:1019C00001941146FFF790FE03B030BD10B514141A
:1019D00082B0CDE9004313B20A1409B2FFF784FEC6
:1019E00002B010BD2DE9F04784B0CDE900210BB164
:1019F0000C9C14B904B0BDE8F08745686E89B1420B
:101A00008246F7DAAE89B242F4DA6D7A042DF1D16A
:101A10000D9C65680F2DEDDD01390B440C99013AE1
:101A20000A44002BCDE90232E4DB002AE2DB03AA00
:101A300002A9FFF7F3FC6A4601A95046FFF7EEFC46
:101A4000DDE90223DDE90061013201335046A2EBFA
:101A500001089E1BFFF7D0FCDAF804700D9A7B7A20
:101A6000012B02F1080544D0042B53D1B7F80CC068
:101A70004FEA8C0C0CF11F0C4FEA6C1CDDE900499D
:101A80004FEA8C0C1037634603FB0977002C61D1B9
:101A9000B8F1000F08F1FF34ACDD009B002E03F01D
:101AA00001021FDD3B7838460AB301220EE043787D
:101AB0000132084603F00F0103F0F003695C01F006
:101AC0000F010B43964203700CDD0132191103F034
:101AD0000F0315F801E0014643EA0E13964201F8A0
:101AE000013BE4DC013C631C6744D6D182E7012260
:101AF000E0E7B7F80CC0DDE900490CF1070C4FEA4C
:101B0000EC0C1037634603FB0977002CC0D007EBC1
:101B1000E407BDE740F2353003F004FCDAF80430A6
:101B2000DDF804905A7A009C012A03F1100714D0C2
:101B3000042A1BD040F2353003F0F4FBA7EB090771
:101B40008CB1DAF804305B7A012B4FF0FF3CDED029
:101B5000042B9DD107EB64079AE79B890733DB10C1
:101B60004FF0FF3CCFE74FF0FF3C91E79B899B0094
:101B70001F335B119B004FF0FF3C85E710B5141439
:101B800082B0CDE9004313B20A1409B2FFF72AFF6D
:101B900002B010BD81B108B54068496842684B6821
:101BA0009A4201D0002008BD083108300EF011F92A
:101BB000B0FA80F0400908BD0846704740684168A7
:101BC0000830FFF741BC00BF2DE9F0410746FFF7A1
:101BD00013FC7B685A892AB300269C89013C002C9F
:101BE0001CDD00252A4631463846FFF7FFFA22461B
:101BF000804631463846FFF7F9FA2A460346314611
:101C00003846FFF74BFB01352246434631463846FE
:101C1000013CFFF743FBA542E4DB7B685A890136B0
:101C20009642DADBBDE8F081F8B5436806465A7A99
:101C300059899889FFF72AFC73685A890746BAB10F
:101C400000259A8982B10024224629463046FFF7B2
:101C5000CDFA2A46034621463846FFF71FFB736834
:101C60009A8901349442EFDB5A8901359542E8DBC9
:101C70003846F8BD2DE9F043436899897E2983B041
:101C80005ADC81465A7A58894900FFF7FFFBD9F898
:101C900004304268597A5F890129804602F11004B4
:101CA0003FD0042957D19E89B6001F367611B60061
:101CB000517A01293CD0042944D19589AD001F35C2
:101CC0006D11AD00D9F804202848517A284A01291D
:101CD00008BF10460FB303F10F0E4FF0000905F1D6
:101CE000FF3C002D14DD7146002311F8012F02F096
:101CF0000F026345825C227008BF013405D00A7868
:101D000012110234825C04F8012C0233AB42ECDB8A
:101D100009F10109B945B644E3D1404603B0BDE835
:101D2000F0839E89517A073601294FEAE606C2D12F
:101D300095890735ED10C5E74FF00008404603B020
:101D4000BDE8F08340F2353001934FF0FF3503F0EA
:101D5000E9FA019BB6E740F2353001934FF0FF36C8
:101D600003F0E0FAD8F80420019BA1E7580E040024
:101D7000480E0400F8B543685B7A042B00D0F8BD28
:101D800002F00F068E42FAD005460F46FFF734FBED
:101D90006B6817B99A89520721D15A68082A03F14A
:101DA0001001ECD01144340109390F3364B213F837
:101DB000010F00F00F02BA4204BF20F00F003043C1
:101DC000B7EB101F03D100F00F002043C0B29942BF
:101DD0001870ECD1F8BD9A8901379742CFDA5A8949
:101DE000002AF8D0002404E06B685A890134944238
:101DF000F1DA3A4621462846FFF7F8F90028F3D1F0
:101E000033463A4621462846FFF748FAECE700BF3A
:101E10002DE9F0411C4684B08C420746DDE90A53A7
:101E200006DB8BE02E46204615460C463246014620
:101E3000A142F7DBB2EB0508A1EB040610D1002E9E
:101E40006CD04FF0010C0B932A4606EB0C03214695
:101E50003846CDF828C004B0BDE8F041FFF744BCD7
:101E60007EB9B8F1000F64DD08F10102CDE90A2363
:101E70002A4621463846012304B0BDE8F041FFF769
:101E800033BC002952DBD7F804C0BCF80A00A042DA
:101E90004CDD002C05DA04FB08F494FBF6F42D1B52
:101EA0000024884207DC0138411A08FB01FE014684
:101EB0009EFBF6F002449542BCF80C0045DB8242E2
:101EC00034DA002D32DB002A05DA06FB02F292FB3F
:101ED000F8F2891A0022854207DB0138451B06FB10
:101EE00005FC05469CFBF8F004443846CDE9022386
:101EF0000191FFF781FAB8F1000FDDE90112039BB0
:101F00003ADB4645CDE90A2338460B462A462146A8
:101F10003CDC04B0BDE8F041FFF744BA2A46214654
:101F2000384604B0BDE8F041FFF746BB04B0BDE859
:101F3000F081C8F10101CDE90A139AE71646084677
:101F40002A4621463546044674E78542EEDA002AE1
:101F5000ECDB002D05DA06FB05F595FBF8F5641BB7
:101F600000258242C1DB0138821A06FB02FC0246D0
:101F70009CFBF8F00144B8E7C8F1000846450B9314
:101F800009DD0A920B462A462146384604B0BDE8D0
:101F9000F041FFF7DDB90A9523463846B9E700BF9F
:101FA00010B5141482B0CDE9004313B20A1409B27B
:101FB000FFF72EFF02B010BDF8B50F1E16DB14465A
:101FC00000221E460546FFF703F978B1069B002B59
:101FD0000CDB002219462846FFF7FAF830B1079BC0
:101FE000002B03DD6B685A7A042A00D0F8BD7268B2
:101FF000517A0429FAD19889558981001F314911F4
:102000001033890007FB0137079B1E198642A8BFC2
:102010000646002C4FEA054595FBF3F52FDB01D072
:1020200007EB64070021938906989B001F335B111F
:102030009B00A64200FB03F302F11002D6DD02EB87
:10204000030C4B14CA031CF803304CBF1A1103F0E5
:102050000F0297F9003014F0010F03F00F0004BFD6
:1020600023F00F03134340EA021004F1010414BFEC
:1020700007F8010B3B70B4422944E2D1F8BD05FBDF
:1020800004F149420024CEE730B51D1483B01CB2E0
:10209000CDE9004513460A1409B2FFF78DFF03B0DE
:1020A00030BD00BF2DE9F04F8BB0914601901089F3
:1020B000059108B153681868FBF762FAB9F808305F
:1020C000012B88BFD9F8043004468CBF5868002023
:1020D000FBF756FAB9F80830022B88BFD9F804305C
:1020E00080468CBF98680020FBF74AFAB9F80830A0
:1020F000032B88BFD9F8043007468CBFD86800206E
:10210000FBF73EFAB9F80830042B88BFD9F8043041
:1021100082468CBF18690020FBF732FAB9F8083004
:10212000052B88BFD9F8043005468CBF58690020BC
:10213000FBF726FAB9F80830062B88BFD9F8043027
:1021400083468CBF98690020FBF71AFAB9F808306B
:10215000072B064640F2B980D9F80430D869FBF75E
:102160000FFAB9F80820D9F80410082A034640F2FB
:10217000BE80086A422800F0BE800A2840F0CB806A
:1021800000200290092A09D9486A422800F0C0803C
:102190000A2803D010B1062840F0B0804FF00009A3
:1021A000059A0199526848685189B0F80AC0B0F898
:1021B0000CE0928930042E448E42A8BF0E4603EBF9
:1021C0000B019142A8BF11461B0493FBFAF306933F
:1021D0000B4690FBF7F004EAE47127441B04C24469
:1021E0006745089301FB00F30090A8BF6746C3EB67
:1021F0000540F245069B08EAE872A8BFF246CDF812
:102200001CA002FB03FA631ACAEB0B4A049320EAF0
:10221000E07336040993A8EB02082AEAEA7AB9F1D6
:10222000000F60D0079B984549DA089B534546DD6F
:10223000DDF814B0CDF80CA0039B4FEA234A049BB1
:10224000BB422FDA099CA6422CDD52464B46C246C1
:10225000B146049D1E4690460AE0002837D1029BF5
:102260008BB10135009BBD421C4417D0A14515DD43
:10227000424621145846FEF7B9FF002EEDD1029BCD
:102280000BB10028EDD00346294652460198FFF7CE
:1022900005F80135009BBD421C44E7D13346D046CA
:1022A0004E469946039B069A13440393079B08F1F5
:1022B0000108984503D0089B039A9342BCDC4FF079
:1022C000000948460BB0BDE8F08F002047E75246B2
:1022D00029460198FEF78AFF0028C2D0B146484639
:1022E0000BB0BDE8F08F0198FFF786F89AE700225F
:1022F0000292914654E70120029043E70093FBF7D6
:1023000067FC10F1000918BF4FF00109009B47E777
:102310004FF0010944E700283FF433AF06283FF4AB
:102320002FAF0093FBF754FC031C18BF012302934B
:10233000D9F80410B9F80820009B23E72DE9F04FE5
:10234000054610899DB01646894608B1536818683D
:10235000FBF716F93389012B88BF736804468CBFDD
:1023600058680020FBF70CF96B685A8994420746BD
:1023700002DA9B89984202DB1DB0BDE8F08F022390
:102380003246494611A8F4F73FF9119B0793002BF9
:10239000F2DDDDF84880B8F1000FEDDD159B00930C
:1023A0001A46179B9B1A14EB2343E5D4169E189BE1
:1023B0009B1B17EB2343DFD4139B0693149B0193C2
:1023C000199B029328461A9B0B93FFF715F89DF86B
:1023D0006C30002B73D00B9B002BCDDD4246D31706
:1023E000CDE90E23CDE908470C95DFF8ACA1029D9D
:1023F0000A964FF0000B002D5BDD0B9BA3F58030A0
:10240000A0EB0B00C317190441EA1041DDE90E23CC
:1024100000040DF071FA069B8BFB03234FEA124870
:1024200048EA0348079B1946DA17CDE90412071456
:102430000024A5F58036301BC317190441EA10416A
:10244000DDE9042300040DF057FA01143A4648462A
:102450002BD4FEF717FF04EB0801019B01EA0A01E8
:1024600081FB03234FEA124C4CEA034CDC44069BED
:102470000CEA0A0C8CFB0323CDE90223039B120C0C
:1024800042EA03420A9B1144ACEB0302009B01EABF
:102490000A01C91A0346099800EB2242089800EB8A
:1024A000214113B10C98FFF787F804F58034A54259
:1024B000C1DC0B9B0BF5803B5B459CDC5CE70B9A1E
:1024C000002A7FF759AF42469A46D317CDE90C232D
:1024D000CDE908760A95DFF8C0B0029DDDF81880D6
:1024E0000694002D51DD5246D317190441EA1A41D2
:1024F000DDE90C234FEA0A400DF0FEF98AFB0823C0
:10250000170C47EA0347079B1946DA17CDE904126F
:1025100006140024E317190441EA1441DDE90423F9
:1025200020040DF0E9F901143246484629D4FEF79B
:10253000A9FEE119019B01EA0B0181FB03234FEA8C
:10254000124C4CEA034CD4440CEA0B0C8CFB0823D1
:10255000CDE90223039B120C42EA0342099B11447A
:10256000ACEB0302009B01EA0B01C91A0346089871
:1025700000EB2242069800EB214113B10A98FFF7C5
:102580001BF804F58034A542C4DC0B9B0AF5803AA5
:102590005345A6DCF0E600BF0000FFFF2DE9F04F39
:1025A000064610899DB014460D4608B15368186858
:1025B000FAF7E6FF2389012B88BF636882468CBF48
:1025C00058680020FAF7DCFF73685A899245834601
:1025D00002DA9B89984203DB00201DB0BDE8F08F32
:1025E00002232246294611A8F4F70EF8119B0C93FA
:1025F000002BF1DD129B002BEEDD159A00921146A7
:10260000179A521A1AEB2242E6D4169A06921146EB
:10261000189A521A1BEB2242DED41399079114998F
:102620000191DDE919919DF86C200D91002A77D078
:102630000029D1DD1846D917CDE90E010022DFF8B7
:10264000C4810A96CDE908AB9246B9F1000F61DD6D
:102650000D9BA3F58030A0EB0A00C317190441EAD3
:102660001041DDE90E2300040DF046F9079B8AFBBB
:1026700003234FEA124B4BEA034B0C9B1946DA1724
:102680000714CDE904120024A9F5803603E004F50F
:102690008034A1453EDD301BC317190441EA1041C7
:1026A000DDE9042300040DF027F901143A46284619
:1026B000EDD4FEF7E7FD04EB0B03019A03EA0803F0
:1026C00083FB02124FEA114C4CEA024CD444079AA5
:1026D0000CEA080C8CFB0212CDE90212039A090CD9
:1026E00041EA02411944009B01EA0801C91A002885
:1026F000CDD0069B0A98ACEB0302099B03EB224268
:10270000089B13EB2141C2D4FEF7BCFD0028BED0CC
:10271000012062E70D9B0AF5803A534595DC5BE7A3
:102720000D9900297FF758AF10461946DA17CDE901
:102730000A12DFF8D080CDE908ABDDF81CB00796AF
:102740000646B9F1000F56DDF317190441EA1641A8
:10275000DDE90A2330040DF0CFF886FB0B234FEAA6
:10276000124A4AEA034A0C9B1946DA170714CDE9C4
:102770000412002403E004F58034A1453BDDE31797
:10278000190441EA1441DDE9042320040DF0B4F8F2
:1027900001143A462846EED4FEF774FD04EB0A0312
:1027A000019A03EA080383FB02124FEA114C4CEA38
:1027B000024CB4440CEA080C8CFB0B12CDE902125B
:1027C000039A090C41EA02411944009B01EA0801FD
:1027D000C91A0028CFD0069BACEB0302099B03EB80
:1027E0002242DDE9070313EB2141C4D4FEF74AFD81
:1027F0000028C0D08CE70D9B06F58036B342A0DCE4
:10280000EAE600BF0000FFFF2DE9F04FB7B0164623
:10281000009010898A4608B153681868FAF7B0FE2C
:102820003389012B88BF736880468CBF58680020AD
:10283000FAF7A6FE022307463246009920A8F3F7CE
:10284000E3FE209C002C15DD219D002D12DD249A35
:10285000269B0F924FEA08419B1A8B4201910B93E2
:1028600008DD259A279B119239049B1A8B4204910B
:10287000109303DC002037B0BDE8F08F3246229E73
:102880000E96239E1296289E1596299E1E96052327
:102890009DF8A860139651462BA8F3F7B5FE2B9B25
:1028A000002BE7DD2C990029E4DD2F9A06921046D3
:1028B000319A121A0198C242DCD4309A079210461B
:1028C000329A121A0498C242D4D42D9805902E98A8
:1028D0000A90DDE933B09DF8D4201490002A00F06E
:1028E000E8800028C6DD00220E46CF170C9219465C
:1028F000DA17CDE90212EB172A46CDE91A23224650
:10290000E317CDE91C67CDE91623CDF87CA0BBF118
:10291000000F40F3AF80149B0C9C7F4EA3F58030DA
:10292000001BC317190441EA1041DDE91C23000410
:102930000CF0E2FF059BDDF87C8083FB0423110C87
:1029400041EA03434FEA204A00250BEB060799466C
:1029500014E0159BA3F58030401AC317190441EA0F
:102960001041DDE9162300040CF0C6FF03140893A0
:1029700040F1898005F58035AB457BDD781BC317B9
:10298000190441EA1041DDE9022300040CF0B4FF10
:102990000114EFD452464046FEF774FC0028E9D0FB
:1029A0000A9A05EB0903334082FB0301040C0C9ADD
:1029B00044EA01441444059904EA060281FB020139
:1029C000CDE908010999000C40EA0140034404994B
:1029D00007980C1A019906983340091A5B18144499
:1029E000C8D4002CC6DB0B9A9A42C3DD109AA242CF
:1029F000C0DD119A14440E9A84FB0201020C42EAD3
:102A000001420F999B1A5918129B314081FB0323F5
:102A1000100C40EA0340241A0E9A344084FB02232F
:102A2000100C40EA03402246E317CDE90823139B2C
:102A3000091A3140002B8CD1CB171B0443EA1141FA
:102A40000020DDE916230CF057FF0314189391D4EE
:102A5000099A110441EA1441DDE91A2300200CF01F
:102A60004BFF189902140098FEF70CFC002881D047
:102A7000012000E70C9B149A03F5803393420C93DA
:102A8000FFF645AFF6E61E9AA2F58030001BC3178D
:102A9000190441EA1041DDE91A2300040CF02CFF6F
:102AA000089902140098FEF7EDFB00283FF462AF8E
:102AB000DEE7149A002A7FF7DDAEDA1788464FEA80
:102AC000E1791946CDE90212EB172A46CDE9182320
:102AD0002246E317CDE91A89CDE90C230027CDF86A
:102AE00070A0BBF1000F40F3A780FB17190441EA67
:102AF0001741DDE91A2338040CF0FEFE059B064E53
:102B0000DDF8708087FB0323110C41EA03434FEA91
:102B1000204A0025994616E00000FFFF159BA3F50B
:102B20008030401AC317190441EA1041DDE90C2333
:102B300000040CF0E1FE0314089340F1848005F5D5
:102B40008035AB4578DDEB17190441EA1541DDE925
:102B5000022328040CF0D0FE0114F0D45246404663
:102B6000FEF790FB0028EAD00A9A05EB09033340F0
:102B700083FB0201040C44EA01443C44059904EA45
:102B8000060282FB0101CDE908010999000C40EA27
:102B900001400344049907980C1A019906983340A0
:102BA000091A5B181444CAD4002CC8DB0B9A9A4249
:102BB000C5DD109AA242C2DD119A14440E9A84FB1C
:102BC0000201020C42EA01420F999B1A5918129B0A
:102BD000314081FB0323100C40EA0340241A0E9A73
:102BE000344084FB0223100C40EA03402246E317E2
:102BF000CDE90823139B091A3140002B8ED1CB1746
:102C00001B0443EA11410020DDE90C230CF074FEA3
:102C10000314169393D4099A110441EA1441DDE98F
:102C2000182300200CF068FE169902140098FEF795
:102C300029FB002883D01BE7149B07F580379F42B0
:102C4000FFF64FAF16E61E9AA2F58030001BC317A1
:102C5000190441EA1041DDE9182300040CF04CFE90
:102C6000089902140098FEF70DFB00283FF467AFA7
:102C7000FEE600BFFFF716BA2DE9F04F89B05C0001
:102C80000594C4F1010403945C1E53D401230692FD
:102C90008B46824607930493002507E0049A013C83
:102CA00002321344A5420492039343DC069E129B16
:102CB0004FEA4509A6EB050809F10109CDE90093A2
:102CC000424601230BEB04015046FEF70DFD670061
:102CD000129B0137361BCDE90073324601230BEB03
:102CE00005015046FEF700FD129B01934246012369
:102CF000ABEB04015046CDF80090FEF7F5FC129BBB
:102D00000193324601230097ABEB05015046FEF7D5
:102D1000EBFC039B059A002BA3EB0203BEDC039A9A
:102D2000079B114601351944A54203F102030391A3
:102D30000793BBDD09B0BDE8F08F00BF10B582B0CE
:102D40000C46009309B213462214FFF795FF02B018
:102D500010BD00BF70B4BDF90C500361AC1A84EA19
:102D6000E4765B1AA6EBE476B342C0E90212426055
:102D7000036201604FEA43024462456111DD002CA9
:102D8000B8BF64424FEA4404ACBF01214FF0FF31A9
:102D9000E31A81620021C0E908240363416370BC27
:102DA00070470123002C04FA03F1C362B2BFA418D8
:102DB000141B02230463C0E90821436370BC7047FD
:102DC000F0B505464068467A85B0012E9DF828701A
:102DD00000F110042ED0042E3BD1808980001F30DA
:102DE0004011800001FB0041002A45D10F25002B36
:102DF0001EDD00240AE0E8B22D010A7882EA070607
:102E0000304001344240A3420A7011DDB5F5706FC5
:102E1000F1D1481C1A1B012A0146A2F1020202DC70
:102E2000F0250F20E9E70234A34200F8017BF2DC31
:102E300005B0F0BD80890730C01001FB0041002AB9
:102E4000D4D001EBE20112F0010F14BFF0250F25E1
:102E5000CDE740F23530CDE90223019102F062FA6C
:102E6000DDE902230199611A002ABFD06868407A1F
:102E70000128E6D00428E6D101EB6201E3E700BFB8
:102E80002DE9F04FB9B08B42049198460746439C18
:102E900080F2DE80A142084640F3EB80444506DB29
:102EA0002146449B42984490444642938846449B22
:102EB000DDF808C1BDF910B015B21EB224B20FFA88
:102EC0008CF90FFA88FA2146324600955B460EA827
:102ED000FFF740FF324621465346CDF800901CA82C
:102EE000FFF738FF4A46514600955B462AA8FFF790
:102EF00031FF634A379B7D68299C07CA0BAE86E881
:102F0000070038A91B9A6E89AD89319501EB8303BF
:102F100001EB820201EB840453F8B43C059338467C
:102F20004FF0FF3352F8B49C54F8B4AC309622966C
:102F30001496CDE9095323951595FEF75DFA7B6844
:102F40001E9C5A7A459B012ADBB216BF03F00F0381
:102F500043F3000303EB0313DBB20393731E9845A3
:102F6000A8BF98464445079309AE2EDC4FF0FF3BBF
:102F700005EB0B0306930297204632460EA9CDE9D6
:102F8000095BC84720461CA93246D047002C214681
:102F9000029804F1010415DB099AAA4212DA0A9B8D
:102FA000002B0FDB002ABCBF00220992AB42A8BF56
:102FB000069B039FA8BF0A93C2F1010C00976344CC
:102FC000FFF7FEFE4445D7DD029F2C98059B324655
:102FD0002AA99847049A07992C9C8A42A8BF0A46B6
:102FE00001349442904630DC4FF0FF3A05EB0A0B77
:102FF000CDF810B0DDF814B00297204632460EA985
:10300000CDE9095AC84720462AA93246D847002C9C
:103010002146029804F1010415DB099AAA4212DA4A
:103020000A9B002B0FDB002ABCBF00220992AB4297
:10303000A8BF049B039FA8BF0A93C2F1010C00978D
:103040006344FFF7BDFE4445D7DD39B0BDE8F08FDE
:10305000A34207DD049BCDF8108011469846429AA2
:1030600042911BE7449B449221461A46049C0491DA
:103070001DE7449B44922146049104461A460DE7FD
:103080003C0E04002DE9F04FC7B01D461EB20B46A2
:10309000079112B209B2AB420EAB8246519CDDF8E9
:1030A0004C91BDF9408102920391049380F2E28039
:1030B0001846CDF800803346FFF74CFE529BA542E0
:1030C0001FB20FFA84FB1CAB80F2CA80069318462D
:1030D0000097424631465B46FFF73CFE549B4C4509
:1030E0001EB20FFA89F82AAB80F2B1800593184618
:1030F00000963A4659464346FFF72CFE079B4B4540
:103100000DF1E00B80F29A8000964346DDE9022142
:103110005846FFF71FFE5C4ADAF80430379F07CAAB
:103120000BAE86E807001B9845995A899E893F9601
:103130000DF58C7C0CEB800E29983E924C45234675
:103140000CEB800CB8BF4B4646A8AB4200EB8707A0
:1031500000EB810107983092B8BF2B464C45A8BFC1
:103160004C46834202F1FF38B8BF0346A542A8BFD0
:1031700025469845A8BF9846079B5EF8EC4C0294FC
:103180009D42A8BF1D465CF8EC4C03944FF0FF3302
:10319000504657F8EC9C229214920A9351F8EC7C1A
:1031A0003196239615960996FEF726F9DAF804303B
:1031B0005A7A559B012ADBB216BF03F00F0343F383
:1031C000000303EB0313DBB245451C4633DC731EDF
:1031D00007934FF0FF3328460A9309AA0499029BEC
:1031E000099698472846039B069909AA98472846B6
:1031F00009AA0599C8472846594609AAB847002D83
:103200002946504605F1010513DB099AB24210DA4E
:103210000A9B002B0DDB002ABCBF00220992B3429F
:10322000A4BF079B0A93C2F1010C00946344FFF70B
:10323000C7FD4545CDDD47B0BDE8F08F029B00934B
:103240003246039B41465846FFF784FD63E7184624
:10325000059300975B4632464146FFF77BFD4DE7FD
:1032600018460693CDF8008033463A465946FFF794
:1032700071FD33E7029A009218464246039B31469D
:10328000FFF768FD1AE700BF3C0E04002DE9F04F80
:103290000546088985B00C4608B14B681868FAF7EE
:1032A0006FF92389012B88BF636806468CBF586875
:1032B0000020FAF765F92389022B88BF6368074667
:1032C0008CBF98680020FAF75BF92389032B88BF2D
:1032D000636880468CBFD8680020FAF751F92389CB
:1032E000042B88BF636881468CBF18690020FAF7F9
:1032F00047F92389052B88BF636882468CBF5869CC
:103300000020FAF73DF92389062B88BF63688346BE
:103310008CBF98690020FAF733F9CDE9009ACDE91E
:1033200002B043463A4631462846FFF7A9FD05B0AC
:10333000BDE8F08F2DE9F04F0446088989B0884632
:1033400008B14B681868FAF71BF9B8F80830012B78
:1033500088BFD8F8043005468CBF58680020FAF7BB
:103360000FF9B8F80830022B88BFD8F804300646A9
:103370008CBF98680020FAF703F9B8F80830032BDF
:1033800088BFD8F8043007468CBFD8680020FAF709
:10339000F7F8B8F808300690042B8ABFD8F8043044
:1033A00000201869FAF7ECF8B8F80830052B88BF48
:1033B000D8F8043081468CBF58690020FAF7E0F84D
:1033C000B8F80830062B88BFD8F8043082468CBF86
:1033D00098690020FAF7D4F8B8F80830072B88BFAE
:1033E000D8F8043083468CBFD8690020FAF7C8F8B3
:1033F000B8F80820082A88BFD8F80420034688BFF8
:10340000106A079398BF0020FAF7BAF8079BCDF827
:103410000490CDE90430069B0093CDE902AB3B4616
:10342000324629462046FFF72DFE09B0BDE8F08F51
:1034300010B50422FEF72AF80446D8B143685A684A
:10344000083A032A03F110030BD913F0030009D142
:1034500022F00301194443F8040B8B42FBD102F024
:1034600003022AB11A440021197001339342FBD19F
:10347000204610BD40F2913001F054FF204610BDAF
:10348000032A70B40FD940EA01039B0710D003460A
:103490001A440C78E4B21C700133934201F101012B
:1034A000F7D170BC70470346002AF1D170BC704759
:1034B00022F00303CE18041F51F8045B44F8045FA4
:1034C000B142F9D102F003020344002AE0D1EDE752
:1034D00070B54A68436855895E89AE4200D070BDB8
:1034E00096899D89AE42FAD1527A5B7A9A42F6D198
:1034F0000D460446FDF780FF696860684A68103031
:10350000083A1031BDE87040FFF7BABF2DE9F04F1F
:10351000D1F804C0BCF80A5005EB0209B9F1000F5C
:103520008BB058DD4468B4F80AB05A45074652DA01
:10353000BCF80C001E18002E03964CDDB4F80C806D
:10354000434548DA002BC0F2C880A8EB030E86453D
:103550007646A8BF06460696667A0296149E9CF8A2
:1035600009A016F1020F02D1002A00F09980BAF1E9
:10357000010F00F03281BAF1040F40F01C86800088
:103580001F304011800004900298012800F019813A
:10359000042840F02186B4F80CC048684FEA8C0C2F
:1035A0000CF11F0C4FEA6C1C4FEA8C061030019690
:1035B0001034059043B17868407A012800F08A8081
:1035C000042801D104EB63040298042800F08A80E7
:1035D0000299012903D000200BB0BDE8F08FBAF1A9
:1035E000010FF8D17968487AB1F80CA001F1100800
:1035F000A8EB040101280AF1FF3A069100F0CC85FE
:10360000042840F01786BAF1000F40F0268606998C
:103610000791002DDFD003990198059ECDF8089001
:1036200003F0070A5144089100FB0244A1F1080885
:10363000059307E0049B1E44019B1C44029B01323E
:103640009A42C8D05A45F5D2069B059F03EB040E5B
:10365000079B4745B446254603EB040980F2A7853E
:103660000021039207E001432970474505F1010558
:10367000194680F2C0801CF8013BAE4507F10807EF
:1036800003FA0AF3F1D843EA2121A945C9B2ECD3E0
:10369000149A28780132E6D10142E6D001209BE756
:1036A000002B7FF464AF029EB2457FF460AF5D45AE
:1036B0007FF45DAF40457FF45AAF38460193FFF782
:1036C00007FF019B184687E7002B00F0EC854FF0C1
:1036D000FF30019004EBE30476E74645A8BF464679
:1036E000069639E7BAF1040F00F0A880BAF1010F8D
:1036F0007FF471AF002B51DB002D3FF46CAF059DC3
:10370000594203F00100002B01F007014FF00103C3
:1037100005F1010A019D03FA01F3149905FB024426
:10372000069DB4BF002001230901054406934BB256
:103730000390AE46029307E0049B01329A44019B3A
:103740004A451C443FF447AF5A45F5D2039B1AF84B
:1037500001CC73452546D046EEDA0699059210E075
:1037600095F90000029A00F00F071743149A20F011
:103770000F001043002E3CD02F70013501337345EC
:103780005AD0B1F5807F2DD0084649001CEA000FC1
:1037900003F00106E4D1002EF0D0EEE74868467A47
:1037A0001030012E0590C3F1000400F05D85042E59
:1037B00040F06085059901EB640105917C68103447
:1037C0009AE7B4F80CC048680CF1070C4FEAEC0615
:1037D0001030019610340590ECE60730C0100490CC
:1037E0000298D2E698F800C0022108F101080120F1
:1037F000CCE72870C2E7039A0899CF1B002F7FF708
:1038000019AFAE453FF616AFA945FFF413AF9CF8CC
:103810000010287801FA0AF141EA2323C7F10807CA
:10382000FF2141FA07F714993B400131DBB200F068
:10383000FC8403432B70FDE6059A7DE7049989100B
:10384000002D3FF4C8AE0398DDF814A0CDF80C901D
:103850004045A8BF404606460198059300FB024438
:10386000A6F1080006908800029003F00100A8F17C
:10387000080704908C465A4580F0EA801498002886
:1038800051462346C0F2FB80DDE90430251DE646A3
:10389000002B40F0AE81904667E0B84203F00F0283
:1038A00000F3E0803AB115F8049C29F00F0949EAC9
:1038B000020205F8042C13F0F00F09D015F8049C4F
:1038C00023F00F0209F00F0949EA020205F8042C5F
:1038D000C3F30329B9F1000F07D015F8032C22F028
:1038E0000F0242EA090205F8032C4FEA133919F0D6
:1038F0000F0F07D015F8032C02F00F0242EA09124D
:1039000005F8032CC3F30349B9F1000F07D015F8EC
:10391000022C22F00F0242EA090205F8022C4FEABB
:10392000135919F00F0F07D015F8022C02F00F02EF
:1039300042EA091205F8022CC3F30369B9F1000F3A
:1039400007D015F8012C22F00F0242EA090205F80F
:10395000012C1B0F07D015F8012C02F00F0242EAD0
:10396000031305F8013C083004351EF1FF3EC0F09A
:103970002682002851F8043B8FDA13F0F00F0DD0A7
:10398000421C0BD4964209DD15F8049C23F00F026B
:1039900009F00F0949EA020205F8042CC3F30322D7
:1039A00062B110F1020909D44E4507DD15F8039CF8
:1039B00029F00F0949EA020205F8032C1A0B12F04C
:1039C0000F0F0CD010F1030909D44E4507DD15F88F
:1039D000039C09F00F0949EA021205F8032CC3F30E
:1039E000034262B110F1040909D44E4507DD15F810
:1039F000029C29F00F0949EA020205F8022C1A0D6F
:103A000012F00F0F0CD010F1050909D44E4507DD57
:103A100015F8029C09F00F0949EA021205F8022C78
:103A2000C3F3036262B110F1060909D44E4507DD04
:103A300015F8019C29F00F0949EA020205F8012C4A
:103A40001B0F90D0C21D8ED496428CDD83E74A4670
:103A5000029B9A44019B1C44039B01329A427FF4CF
:103A60000AAFB8E5002A88D0B04286DA15F8049C7F
:103A700029F00F0949EA020205F8042C7DE71498A1
:103A80000230049800F09D81059B251D002840F020
:103A900031828646914649E09F4200F00F02C0F213
:103AA0009E8022B115F8042C12077FF4F7AD10F0B8
:103AB000F00F05D015F8042C12F0F00F7FF4EEADE6
:103AC00010F4706F04D015F8032C12077FF4E6ADE4
:103AD00010F4704F05D015F8032C12F0F00F7FF49E
:103AE000DDAD10F4702F04D015F8022C12077FF40E
:103AF000D5AD10F4700F05D015F8022C12F0F00FB0
:103B00007FF4CCAD10F0706F04D015F8012C1207C3
:103B10007FF4C4AD020F05D015F8012C12F0F00FA0
:103B20007FF4BCAD0EF1010E08330435E6458ED0AE
:103B3000002B51F8040BAFDA10F0F00F09D05A1C2B
:103B400007D4964205DD15F8042C12F0F00F7FF42F
:103B5000A5AD10F4706F08D09A1C06D4964204DD0F
:103B600015F8032C12077FF499AD10F4704F09D0AB
:103B7000DA1C07D4964205DD15F8032C12F0F00F7D
:103B80007FF48CAD10F4702F09D013F1040806D423
:103B9000464504DD15F8022C12077FF47FAD10F4C2
:103BA000700F09D05A1D07D4964205DD15F8022C76
:103BB00012F0F00F7FF472AD10F0706F08D09A1D04
:103BC00006D4964204DD15F8012C12077FF466AD89
:103BD000020FA7D0DA1DA5D49642A3DD9CE7002AE8
:103BE000AAD09E42A8DD15F8042C12077FF456AD2A
:103BF000A2E7914664E0874203F00F02C0F2D28050
:103C00003AB115F8042C02F00F0242EA031205F84B
:103C1000042CC3F30318B8F1000F07D015F8032CD8
:103C200022F00F0242EA080205F8032C4FEA13289B
:103C300018F00F0F07D015F8032C02F00F0242EA1C
:103C4000081205F8032CC3F30338B8F1000F07D0AE
:103C500015F8022C22F00F0242EA080205F8022CA5
:103C60004FEA134818F00F0F07D015F8022C02F096
:103C70000F0242EA081205F8022CC3F30358B8F108
:103C8000000F07D015F8012C22F00F0242EA0802BB
:103C900005F8012C4FEA136818F00F0F07D015F83C
:103CA000012C02F00F0242EA081205F8012C1B0F4A
:103CB00004D02A7822F00F0213432B700830043509
:103CC0001EF1FF3EFFF4C3AE002851F8043B92DA28
:103CD000C3F3031262B110F1010809D4464507DDB0
:103CE00015F8038C28F00F0848EA020205F8032CA7
:103CF0001A0A12F00F0F0CD010F1020809D4B045C7
:103D000007DA15F8038C08F00F0848EA021205F8E4
:103D1000032CC3F3033262B110F1030809D4B04598
:103D200007DA15F8028C28F00F0848EA020205F8B5
:103D3000022C1A0C12F00F0F0CD010F1040809D449
:103D4000B04507DA15F8028C08F00F0848EA0212AD
:103D500005F8022CC3F3035262B110F1050809D42F
:103D6000464507DD15F8018C28F00F0848EA0202E5
:103D700005F8012C4FEA136818F00F0F0BD0821DC5
:103D800009D4964207DD15F8012C02F00F0242EA31
:103D9000081805F8018C1B0F90D0C21D8ED49642D6
:103DA0008CDD86E7002A93D0864291DD15F8042C3D
:103DB00002F00F0242EA031205F8042C88E742469B
:103DC00046E6002840F0488105980792E64610E054
:103DD000069A82427FDB4FEA15294FEA154803F81D
:103DE000045C2D0E03F8039C03F8028C03F8015CBD
:103DF00008301EF1FF3E7BD3002803F1040351F885
:103E0000045BE5DA10F101080BD4464509DD13F82F
:103E1000048C25F00F0908F00F0848EA090803F898
:103E2000048C10F102080BD4464509DD13F8038C0D
:103E3000C5F3032928F00F0848EA090803F8038CA2
:103E400010F103080BD4464509DD13F8038C4FEA43
:103E5000153908F00F0848EA091803F8038C10F127
:103E600004080BD4464509DD13F8028CC5F3034959
:103E700028F00F0848EA090803F8028C10F1050839
:103E80000BD4464509DD13F8028C4FEA155908F0AA
:103E90000F0848EA091803F8028C10F106080BD441
:103EA000464509DD13F8018CC5F3036928F00F08B6
:103EB00048EA090803F8018C10F1070898D4464530
:103EC00096DD13F8018C2D0F08F00F0848EA051550
:103ED00003F8015C8CE7864294DD13F8048C05F04E
:103EE0000F0928F00F0848EA090803F8048C89E74D
:103EF000079AADE54FF0000E914648E09F4200F072
:103F00000F02C0F29E802AB115F8042C12F0F00FB7
:103F10007FF4C4AB10F0F00F04D015F8032C120797
:103F20007FF4BCAB10F4706F05D015F8032C12F0C1
:103F3000F00F7FF4B3AB10F4704F04D015F8022CDF
:103F400012077FF4ABAB10F4702F05D015F8022CDC
:103F500012F0F00F7FF4A2AB10F4700F04D015F83C
:103F6000012C12077FF49AAB10F0706F05D015F892
:103F7000012C12F0F00F7FF491AB020F03D02A78DE
:103F800010077FF48BAB0EF1010E08330435E645C4
:103F90003FF45DAD002B51F8040BAFDA10F0F00FD9
:103FA00008D05A1C06D4964204DD15F8032C1207DB
:103FB0007FF474AB10F4706F09D09A1C07D496424A
:103FC00005DD15F8032C12F0F00F7FF467AB10F449
:103FD000704F08D0DA1C06D4964204DD15F8022C86
:103FE00012077FF45BAB10F4702F0AD013F10408B2
:103FF00007D4464505DD15F8022C12F0F00F7FF4CA
:104000004DAB10F4700F08D05A1D06D4964204DD53
:1040100015F8012C12077FF441AB10F0706F09D036
:104020009A1D07D4964205DD15F8012C12F0F00F09
:104030007FF434AB020FA6D0DA1DA4D49642A2DDE1
:104040009DE7002AAAD09E42A8DD15F8042C12F0A4
:10405000F00FA3D0FFF722BB05980792E6461FE0BA
:10406000069A8242C0F28D8013F8049C93F8008077
:1040700009F00F0928F00F0849EA051948EA1578F0
:1040800003F8049C83F800804FEA15194FEA1538AD
:104090002D0D03F8039C03F8028C03F8015C083033
:1040A0001EF1FF3EFFF424AF002803F1040351F892
:1040B000045BD5DA10F101080BD4464509DD13F88D
:1040C000038CC5F3031928F00F0848EA090803F820
:1040D000038C10F102080BD4464509DD13F8038C5C
:1040E0004FEA152908F00F0848EA091803F8038C6D
:1040F00010F103080BD4464509DD13F8028CC5F313
:10410000033928F00F0848EA090803F8028C10F177
:1041100004080BD4464509DD13F8028C4FEA154913
:1041200008F00F0848EA091803F8028C10F1050896
:104130000BD4464509DD13F8018CC5F3035928F06B
:104140000F0848EA090803F8018C10F106080BD49F
:10415000464509DD13F8018C4FEA156908F00F0890
:1041600048EA091803F8018C10F1070897D446456E
:1041700095DD93F8008028F00F0848EA15751D704A
:104180008DE7864296DD13F8048C08F00F0848EAA4
:10419000051803F8048C8DE7BAF1000F3FF437AA35
:1041A00008EBEA08A8EB04010791FFF732BA059F74
:1041B0000023FFF721BB40F23530079305920191B0
:1041C00001F0B0F87C68059A607A01994FF0FF33EE
:1041D0000493079BFFF7D9B940F23530CDE90723A7
:1041E000019101F09FF87C68019994F809C0486832
:1041F000BCF1010F00F11003059304F11004DDE997
:1042000007233FF461AABCF1040F46D040F23530D9
:10421000CDE90823079101F085F84FF0FF330193B2
:104220000799DDE90823FFF7C5B903423FF402AA65
:10423000FFF734BA40F235300793029201F072F87A
:10424000029A079BBAF1000F3FF4E1A97968497A15
:104250000129A5D004297FF4DAA908EB6A08A8EBA4
:1042600004010791FFF7D5B9059901EBE401059128
:10427000FFF7A4BA40F23530CDE90212079301F0FE
:1042800051F80299039A4968079B497A0129EBD0B2
:1042900004297FF493AAFFF78DBA23B14FF0FF30C2
:1042A0000190FFF78FB94FF0FF300190FFF78CB905
:1042B0002DE9F04182B00E46174698460546002487
:1042C000FDF79AF843463A46314628460094FFF7F0
:1042D0001DF902B0BDE8F08110B582B04FF0FF3497
:1042E0000094FFF713F902B010BD00BF2DE9F041B3
:1042F000044682B00D4616461F46FDF77DF86368FA
:104300006A685B7A042B02D1537A042B16D04FF0E3
:1043100000085389CDF804809289009231463A46CC
:104320002046FDF7E1F9CDF800803B4632462946AC
:104330002046FFF7EBF802B0BDE8F0816FF0010C0A
:104340003B46324629462046CDF800C0FFF7DEF84E
:10435000F1E700BF2DE9F047814688461546FDF795
:104360004BF8D9F80400437A012B58D0042B40F0C5
:10437000AD808489A4001F346411A400002D53D1A2
:10438000B8F1000F47891DDB1AD0B84500F11005C0
:1043900079DB04FB07F4032C0BD915F0030209D1D8
:1043A00024F003032B4445F8042B9D42FBD104F079
:1043B00003042CB12C4400232B700135A542FBD102
:1043C000BDE8F087C8F1000ABA4500F11006437A4B
:1043D0003BDB012B53D0042B40F08180828992007B
:1043E0001F325211920004FB07F4032C05FB0263F9
:1043F0000BD913F003010AD124F003021A4443F845
:10440000041B9342FBD104F00304002CD8D01C44BD
:1044100000221A700133A342FBD1BDE8F0878489E2
:104420000734E410002DABD041680830FDF70CF8DC
:10443000002104464846FDF789FA2B4642462146AC
:104440004846BDE8F047FFF751BF012B38D0042B99
:1044500056D1818989001F31491189000AFB01F178
:1044600008EB07053144304604FB05F20BF0C0FCB5
:10447000D9F804005746437A00F11006A9E782896B
:104480000732D210AFE7437A012B14D0042B2DD181
:10449000808980001F30401180002946A7EB080268
:1044A00000FB085004FB02F20BF0A2FCD9F8045008
:1044B000474610356DE780890730C0102946EDE783
:1044C00081890731C9100AFB01F1C9E740F2353093
:1044D00000F028FF4FF0FF34D9F804004EE740F217
:1044E000353000F01FFF4FF0FF327CE740F23530EF
:1044F00000F018FFD9F804104FF0FF301031CDE76D
:1045000040F2353000F00EFF4146A9E72DE9F843AF
:10451000054600AFFCF770FF6C68637A012B2FD063
:10452000042B37D1A589B4F80A80AD001F356D1171
:10453000AD002E4608F1FF3810342B46073308FB38
:10454000064623F00703ADEB030DA642E84614D957
:10455000C5F1000921462A464046FEF791FF314643
:104560002A462046FEF78CFF2C4430462A46414618
:104570004E44FEF785FFB442ECD3BD46BDE8F88358
:10458000A589B4F80A800735ED102E4608F1FF38EA
:104590001034D2E740F2353000F0C4FE6B685A7A2E
:1045A0005E89012A06F1FF3803F110040AD0042ABB
:1045B0000ED040F2353000F0B5FE4FF0FF331D460F
:1045C0001E46BBE79B890733DE104FF0FF35B4E78B
:1045D0009B899B001F335B119E004FF0FF35ACE7BA
:1045E0002DE9F04743685A897E2A33DC04469989CD
:1045F00050005A7AFCF74AFF636845685A7A5E8928
:10460000012A074605F1100503F110081ED0042AFF
:1046100024D19C89A4001F346411A4009EB14FEAE8
:10462000440A4FF00009414622462846FEF728FF7B
:1046300009F10109414628192246FEF721FF4E459E
:10464000A0445544EFD13846BDE8F0879C89073433
:10465000E410E3E700273846BDE8F08740F2353044
:1046600000F060FE4FF0FF34D8E700BF38B5FFF729
:10467000B7FF0446FAF7D0FA2046FDF7FBFA0546E5
:104680002046FAF7D7FA284638BD00BF38B50546A8
:10469000FCF728FFA8B10C20FAF734F9044628B13A
:1046A0000B4A45600023026083605DB12046FAF743
:1046B000B3FA2046FFF7DAFF05462046FAF7BAFAC2
:1046C000686838BD40F2353000F02CFEEEE700BFE0
:1046D000840E0400F8B50446FCF704FF70BB0746DF
:1046E0002046FCF725FF002839D0616838460431A0
:1046F000F8F70CFA87230372237A03F00F0343724F
:10470000637A4381A37A8381C781626804F10C01D3
:10471000043A05461030FEF7B3FE2846FAF77CFA55
:104720000C20FAF7EFF8064618B1C0E901570D4B17
:1047300003602846FAF77EFA3046F8BD0C20FAF7F7
:10474000E1F8064658B1074A4460002302608360DE
:10475000002CF1D140F2353000F0E4FDECE700260A
:104760003046F8BD840E0400F0B50C4683B0064612
:1047700015461F46FCF740FE2046FFF7ABFF18B179
:1047800043685B7A012B01D003B0F0BD014600976E
:1047900030462B142AB2FEF7B9FE03B0F0BD00BFBD
:1047A000FFF798BF032A19D9830721D130B422F02B
:1047B000030301EB012505EB05450344044644F8DA
:1047C000045B9C42FBD102F003022AB1C9B21A4435
:1047D000197001339A42FBD130BC7047034632B1A5
:1047E000C9B21A44197001339A42FBD1704770471D
:1047F0000346F5E782B070B50C4684B005464968BB
:10480000206802AC03C4039908AC481084E80C008B
:10481000CB0745BF2A58029B029CD4580AAB2E18DE
:1048200093E803008DE8030008AB0CCB3046A047AB
:1048300004B0BDE8704002B0704700BF82B000B560
:1048400085B00DF1180C00218CE80C0080F81912CD
:10485000012341F292020721684605F0D9F905B01B
:104860005DF804EB02B07047F8B51C460B0A0F4622
:10487000054616461AD1330C1ED1AA7805F10C0153
:10488000881805F1FC031B1A04F1040C9C4518D888
:10489000E4B28C54330A47708670C370AB78073427
:1048A00024F003041C44AC700430F8BD40F28F3097
:1048B00000F038FD330CE0D040F28F3000F032FDD4
:1048C000DBE70020F8BD00BF90F8193203B970474C
:1048D00041F29201072002F04FB800BF10B520301E
:1048E000FFF7C2FF044608B1204610BD40F28F30EA
:1048F00000F018FD204610BD30B50446C06885B0F4
:1049000018B1036800211B689847A068064903682E
:104910000294FC22CDE9002104F120011D6904F577
:104920008E73A84705B030BDAD4D03002DE9F047AB
:10493000CB6833F0FF0384B021D10C7BA410012C91
:1049400001F1100118DD5B4D5B4E5C4F012309E066
:10495000B24267D0BA4208BF80F81E320133DBB2E0
:10496000A34209DA51F82320AA42F1D180F81B3280
:104970000133DBB2A342F5DB04B0BDE8F087B3F549
:10498000000FF9D04B7B90F81E229A425FD090F82E
:104990001B229A424ED090F81C229A42ECD890F8F2
:1049A0001D229A42E8D3CA8941F201139A42E3D107
:1049B00091F80C8001F11004A044A04506468946F8
:1049C0004FF000054FF0010A0FD9637827781F2BAD
:1049D00049D9082F55D0A7F10903012B64D97B1EB3
:1049E000062B4FD90234A045EFD8D6F82432AB427B
:1049F000C2D00024012705E0B3B30134202C56D0E7
:104A0000D6F8243207FA04F22A4203EA0203F3D169
:104A1000002BF2D0012340F60201A2B2684605F055
:104A2000F7F8EAE790F81C220AB980F81C3280F8FF
:104A30001D3293E7CB8941F28112934230D041F28B
:104A40008212934298D10B8AA0F8223294E7CB8944
:104A5000B3F5845F10D041F2811293428CD10B697F
:104A6000C0F8343288E7FEE70123A2B240F6030122
:104A7000684605F0CDF8C0E70B699B0AA0F838320C
:104A80007AE7072799F80D3096F81C229B1AC3EB9A
:104A9000C3033B44002BC4BF0AFA03F31D43A1E741
:104AA0000B8AA0F8203267E706F04CFF97E7C6F8BC
:104AB000245261E7E536FA166EA0EA1D0636C61FD7
:104AC000F0B50446C06885B018B1036801211B68C1
:104AD000984706F01FFF206903685B689847002825
:104AE00000F0BA80002584F81A5247F6CD2606F069
:104AF00003FFC4F82250C4F82650C4F82A50E585B4
:104B00002684FAF711FEB4F81C3160624BF2CD3204
:104B10009342A16249D0B34243D194F81E31002B95
:104B200043D004F58E76FF2731462046FFF7FEFE80
:104B300094F8280194F81E31C11D21F003018B4225
:104B400033DD021DA51895F82851FF2D00F0B08027
:104B500094F81F01621820F0020084F81F0192F8F7
:104B600028E10EF1040288188342C0F2DB8001F1D3
:104B70000C0CB444634604F5927053F8045B40F89F
:104B8000045FA3EB0C05AA42F7DC0EF107032244F5
:104B900023F00303A644194482F828718EF82D11DE
:104BA000C2E719467D4801F04BFB94F81B1200291F
:104BB00059D0E36904F12006002B5ED040234FF466
:104BC00002523046FFF750FE0546002800F0C9802B
:104BD000E369284603F140021F685D689968D3F8CD
:104BE0000CC0C0F80CC01033934207604560816070
:104BF00000F11000F0D10023E3618122082394F832
:104C00001B123046FFF730FE054618B940F28F30D0
:104C100000F088FB234603CB28606960304694F897
:104C20001B12012342F20102FFF71EFE0546002877
:104C300000F09C8094F83A32594AC3EB0323A2FB5C
:104C400003235B092B7094F81E32002B6ED1204693
:104C5000FFF752FE05B0F0BD012384F81A3206F0CA
:104C60004BFE05B0F0BD0B460A462046FFF736FE68
:104C70002046FFF741FE05B0F0BD63692BB394F801
:104C800018529D4228BF1D4630462B468322FFF70F
:104C9000EBFD064600286ED02A463046A169FEF795
:104CA000EFFBD4E905322A445B1BC4E90532CEE7A9
:104CB000204490F82D118B427FF777AF8A42FFF6A0
:104CC00047AF384801F0BCFA6FE794F81E1209B3F9
:104CD000D4F83432D4F8300283421BD294F81852FC
:104CE000C01A8542A8BF05462B4630468022FFF7F2
:104CF000BBFD064600284BD0B4F838226910304678
:104D0000FCF7A6F90746D8B3D4F834022844C4F80F
:104D100034029CE7012341F293020721684604F024
:104D200077FF9EE7204801F08BFA3EE7FAF702FD95
:104D3000D4F82C22D4F8283232B1C3EB03139B1AD7
:104D400003441B09C4F82832B4F83822C4F82C02F2
:104D5000C3F3552302FB03F39B0A9B00C4F83032D4
:104D600075E740F28F3000F0DDFA31E740F28F3026
:104D700000F0D8FA5EE740F28F3000F0D3FA8BE70C
:104D80002A4630463946FFF70DFDC4F830725EE71B
:104D900040F28F3000F0C6FAAEE700BFB40E040058
:104DA0001F85EB51CC0E0400E80E0400FFF788BE0F
:104DB00082B08DE80C0090F81A320BB902B070473F
:104DC00002B0FFF77DBE00BFF8B51D46DB07044605
:104DD0000F46164600D495BB40F28F3000F0A2FA81
:104DE000A388B34202D1E388AB4203D040F28F30B4
:104DF00000F098FA94F8193223BB63881BB1B4F819
:104E000022229A4219D96D08069AE26106FB05F63C
:104E1000EC23B3FBF5F313FB05F50123C4E90567A8
:104E200084F8185284F81932FC22002104F1200081
:104E3000FFF7B8FC2046FFF743FE0020F8BD002A2C
:104E4000CED1C9E740F28F3000F06CFAD5E700BF51
:104E50002DE9F04F83B0DDE90C9ABDF83880002BC6
:104E60003BD0B9F1000F35D00F2902D1B8F1C00FF6
:104E700033D1074628201D460E4693460AF085FF8B
:104E80000446103004F0E4FE18202680A4F802B096
:104E90000AF07BFFCDE9009A06466B46024603CB3B
:104EA00046F80C5B00233D68D36048F0020873604D
:104EB000E360506091600E495161C4E90833A4F881
:104EC0000480A2606B6838462146984740B903B019
:104ED000BDE8F08F1AF0010FC6D16FF47A70F6E7D3
:104EE000204601F0A5FF20460AF046FF0148EEE704
:104EF000F547030016FCFFFFF0B504462948A16002
:104F000089B00025CDE9040504A803C81E46642322
:104F1000E26084F83A324AF6444246F2BC63A4F8AE
:104F20003822C4F8283284F8195284F81A5284F8C6
:104F30001B5284F81C5284F81D5284F81E52C4F887
:104F40002452C4F83452C4F82C5226618DE8030070
:104F5000154F1022234638680292072141F293022E
:104F6000FFF776FF336830469B68012198470F4B67
:104F70003F68CDE9063508AB13E903003589C02247
:104F80008DE8030023462946029238460222FFF7A5
:104F90005FFF336830461B6D02219847204609B0F9
:104FA000F0BD00BF3D480300488B0020B14D030019
:104FB0002DE9F041002480460E461546CCB121462D
:104FC0006408D8F8040039400368C9B2003118BF3A
:104FD00001211B689847D8F80000036801211B686D
:104FE0009847D8F80000036800211B689847002CF8
:104FF000E5D12DB13778013D402401368021E0E72D
:10500000BDE8F08170B50446806803680E461B68F1
:10501000002115469847E06818B1036800211B6815
:105020009847012231462046FFF7C2FFA068036877
:1050300001211B6898476A1E002A03DD711C204667
:10504000FFF7B6FFE06828B1036801211B68BDE8DF
:105050007040184770BD00BFF0B5054687B0002608
:105060002C230F46144601A90122CDE90166CDE9A2
:1050700003668DF804300596FFF7C4FFA86803683F
:1050800001211B689847E86818B1036831461B681E
:105090009847621C3B12521043EA071339118DF8EE
:1050A0000670541E8DF805308DF804103AB1013C9D
:1050B000032201A92846FFF77BFF631CF7D1E868AC
:1050C00018B1036801211B68984707B0F0BD00BF05
:1050D000F0B50B4689B0074610E05E788DF80020E9
:1050E00026F080042246FEF7CBF9621C694638465A
:1050F000FFF788FF320605EB040308D41A789D1CDD
:1051000029460DF10100002AE7D109B0F0BD2A5D62
:105110004FF47A705C1C00FB02F001F0E1FE2346C4
:10512000ECE700BFF0B585B0013B0A9C8DF802109A
:105130000B44013C14441D128DF804302712002347
:105140008DF803508DF80A208DF80C4002A9044612
:105150002B262A250522ADF80030ADF808308DF851
:105160000B708DF800608DF80850FFF74BFF20465C
:1051700069460522FFF746FF05B0F0BD30B583B0A4
:10518000150A8DF80110110CB1238DF807208DF848
:1051900005100222694636248DF800408DF804304F
:1051A00004468DF80650FFF72DFF9DF80730FF2BC2
:1051B00020460CBF0322042201A9FFF723FF03B0FE
:1051C00030BD00BF70B54FF0FF3104462220F8F724
:1051D00013F8C0B2FAF7BEFE4FF0FF316060202036
:1051E000F8F70AF8C0B2FAF7B5FE4FF0FF312060C9
:1051F0002320F8F701F8C0B2FAF7ACFE4FF0FF3108
:10520000E0602420F7F7F8FFC0B2FAF7A3FE4FF0F2
:10521000FF31A0602C20F7F7EFFFC0B2FAF79AFE3B
:105220004FF0FF3106462B20F7F7E6FFC0B2FAF742
:1052300091FE0546E06818B1036801211B68984794
:10524000A068036801211B68984726B1336830467F
:105250001B68012198478DB12B6800211B682846E7
:10526000984744F6206001F03BFE2B6828461B68F7
:105270000121984744F6206001F032FE40212720AA
:10528000F7F7BAFF40F2036105462820F7F7B4FFAD
:105290000A4906462046FFF71BFF3246E9B2204680
:1052A000FFF76CFFA0212520F7F7A6FF80212082C1
:1052B0002620F7F7A1FF608270BD00BF400F0400F9
:1052C0002DE9F04F154F01EB81010F4483B080466B
:1052D00092461E4607F1050B4FF0030917F8015BD4
:1052E000002445FA04F3DB0709D40134052CF8D176
:1052F0005F4506F10406F1D103B0BDE8F08F3246F8
:105300000AEB84014046CDF800900323FFF70AFF23
:1053100009220C994046FFF79FFEE6E7080F0400BC
:10532000704700BF2DE9F041054688B072B606F01F
:10533000F1FA2946604800F083FF72B65F4E347878
:1053400004B1FEE7F9F7D6FA01234FF0FF3122202E
:105350003370F7F751FFC0B2FAF7FCFD002854D0C4
:1053600003A8FFF72FFFBDF81E20BDF81C300092E8
:105370002146224603A8FFF7D5FEBDF81C30BDF834
:105380001E204F4F214602FB03F203A8FFF764FEE5
:105390004FF4706346220A2103A800931423FFF7F9
:1053A0008FFF484BEC1783FB0523C4EB631387FB8C
:1053B0000312D917C1EBA2014FF47F6601EB810103
:1053C000A3EB4101322203A83C230096FFF778FFAC
:1053D00087FB0523C4EBA30487FB0437E117C1EB6C
:1053E000A70101EB8101A4EB410103A83C234A2260
:1053F000009604EB8404FFF763FFA5EB44010096DD
:1054000003A83C236222FFF75BFF2846FFF788FFD3
:105410004FF0FF310D20F7F7EFFEC0B2FAF79AFD1B
:105420000446294DDFF8AC80284F04B9FEE7032677
:10543000236801211B6820469847284601F050FD4B
:10544000236800211B6820469847284601F048FD44
:10545000013EEDD1404601F043FD032623680121C2
:105460001B6820469847384601F03AFD2368002122
:105470001B6820469847284601F032FD013EEDD1D9
:10548000404601F02DFD0326236801211B682046BC
:105490009847284601F024FD236800211B68204618
:1054A0009847284601F01CFD013EEDD1084801F067
:1054B00017FD002CBAD0BAE7540F04009B8C0020D3
:1054C000676666661F85EB51A0860100E0930400C5
:1054D000C0270900400D03002DE9F04F002187B0DF
:1054E00004462920F7F788FE402180462720F7F759
:1054F00083FE40F2036105462820F7F77DFE41F662
:10550000376181464E20F7F777FE002607464FF0B9
:10551000FF3184F86060A6602120F7F76DFEC0B20D
:10552000FAF718FD41F292039F424FEA186A00F021
:10553000548105F08073B3460393BAF1000F00F075
:10554000028140F28F30FFF7EDFE41F637639F4254
:105550004FF0000600F0238142F27D439F4200F0AD
:105560009D8141F292039F4200F0B78040F28F305C
:10557000FFF7D8FE039B002B14BF6FF07F40002085
:10558000290A2A0CEDB2606684F85E1084F85F2068
:105590003B462A464946B94800F052FE26B318F069
:1055A000FF0818BFB649336808BFB6491B6818BF63
:1055B00001FB08F130469847336808225B680021F8
:1055C000304698474FF0FF312320F7F715FEC0B261
:1055D000FAF7C0FC18B1036801211B6898473368CB
:1055E00030469B68002198474FF0FF312B20F7F79A
:1055F00003FEC0B2FAF7AEFC064670B103680021A4
:105600001B689847142001F091F9336830461B68F5
:1056100001219847142001F089F96368ABB14FF07C
:10562000FF312C20F7F7E8FDC0B2FAF793FC18B170
:10563000036801211B689847606803681B689847E6
:105640004A462946606804F0A5F9A0212520F7F70D
:10565000D3FD8021A4F858002620F7F7CDFD666819
:1056600083B2A4F85A30A4F85C30002E56D080B231
:10567000B4F8583094F85F2094F85E1000903046EB
:1056800004F05AF994F85F0094F85E30B4F85A20A8
:10569000B4F8581000907C4800F0D2FD94F86030C7
:1056A000002B47D1B4F85830B4F85A0000FB03F08F
:1056B00000EBD07040101430F9F7E2F923460025D2
:1056C000206543F8545F01211846F9F78BFA20460C
:1056D00084F84D5007B0BDE8F08F002363604FF0B1
:1056E000FF312320F7F788FDC0B2FAF733FC4FF003
:1056F000FF3183462420F7F77FFDC0B2FAF72AFC7A
:1057000004904FF40F700AF040FB049B82465A4607
:105710003146FFF7F1FBC4F808A02BE7A26894F824
:105720005F00B4F8581094F85E5015805080918056
:10573000D380A7E7B4F85830B4F85A005B10401093
:1057400000FB03F0B4E74FF0FF312220F7F754FDE0
:10575000C0B2FAF7FFFB4FF0FF3105902020F7F7BA
:105760004BFDC0B2FAF7F6FB049028200AF00DFBBF
:10577000DDE90432CDF800A011465A46064605F090
:10578000EFFD08200AF001FB3146824604F044F99F
:1057900041F637639F42C4F800A07FF4DDAE4FF0BE
:1057A000FF312320F7F728FDC0B2FAF7D3FB4FF003
:1057B000FF3183462420F7F71FFDC0B2FAF7CAFB7A
:1057C000049030200AF0E1FA049B216882465A4690
:1057D00003F01EFDC4F804A0CCE683462B4800F07D
:1057E0002FFD04E0642001F0A1F8AA0177D44FF066
:1057F000FF312B20F7F700FDC0B2FAF7ABFB002119
:10580000064668B103681B6898470A2001F068FBE8
:10581000336830461B6801219847032001F086F861
:105820001120FAF74FFD06460028DBD00146184844
:1058300000F006FD174B9E4272D0B30625F0C0055E
:10584000C6F382164CBF45F0800545F04005022E98
:105850005ED0032E4ED0012E54D040F28F30FFF791
:1058600061FD05F08073039331464B462A460A4892
:1058700000F0E6FC4FF0200837E000BFC80F04003E
:1058800040420F00C0E1E400F80F04006C0F040078
:10589000980F0400FFFF0100A40F04004FF0FF3138
:1058A0002320F7F7A9FCC0B2FAF754FB4FF0FF3101
:1058B00083462420F7F7A0FCC0B2FAF74BFB049014
:1058C00030200AF062FA049B21685A46824602F0B0
:1058D000A7FA0123C4F804A084F860304AE613480C
:1058E00000F0AEFC05F08073039341F637674FF08C
:1058F000000B22E64FF0807345F08075039340F271
:105900000369B1E705F08073039340F20369ABE7E5
:1059100005F080730393DFF8189045F00805A3E7BE
:10592000FAF704FD05F08073039306E6800F040088
:10593000FF140E0038B50C4D2C680CB1204638BD54
:105940004FF0FF312220F7F757FCC0B2FAF702FB05
:1059500040B168200AF019FA0446FFF7BDFD2C603B
:10596000204638BD2C68E9E70086002008B5FFF71F
:10597000E1FF18B183680BB1012008BD4FF0FF3182
:105980002C20F7F739FCC0B2FAF7E4FA002008BD82
:10599000642870B50346A8BF6423054623EAE37470
:1059A000FFF7C8FF20B1836813B183F83A4270BD96
:1059B0004FF0FF312C20F7F71FFCC0B2FAF7CAFAFC
:1059C00006460028F3D0002D1FDD632D17DCFFF7FE
:1059D000CDFF0028EBD033684FF47A715B6B304613
:1059E000984704FB04F30C493268C3EB8323A1FB03
:1059F00003313046490BD368BDE87040184703684F
:105A000001211B68BDE870401847036800211B682E
:105A1000BDE87040184700BF5917B7D1F8B5044624
:105A2000FFF788FFC8B16368302B054616D16F6E4B
:105A3000204604F1300605F10802437A047A817A9F
:105A40001B0243EA04430B4303307B40864242F887
:105A5000043FF2D1012385F84C30F8BD40F28F307D
:105A6000FFF760FCE3E700BF70B582B00546FFF7C3
:105A700061FF10B190F860300BB102B070BDB0F8AA
:105A80005A40466890F85E1090F85F20B0F85830A1
:105A9000641BA4B2A0F85C4036B9806801804280E3
:105AA0008380C48002B070BD0094304603F044FF90
:105AB00002B070BD10B50446FFF73CFF08B104B159
:105AC000446510BDF0B583B00546FFF733FF0028ED
:105AD00000F0998090F84D300446002B40F0938000
:105AE00090F860200123002A0CBF1A46022280F899
:105AF0004D30002D2ED06B68597A042907D1598971
:105B0000B0F8580002FB01F1814200F0A48040F29D
:105B10008F30FFF707FC6068002876D003F0B2FCF6
:105B200094F84C3004F10C06002B72D0002384F85A
:105B30004C306968206D4A681031083AFDF7A0FCC6
:105B40006B6860685A89216D9B89002866D0009631
:105B500003F0AAFD636D002B52D094F86030002B47
:105B60004ED16068002800F08B8003F08BFC656DDF
:105B700069684B7A042B07D1B4F85A30B4F85C004A
:105B80008A891B1A93426FD040F28F30FFF7CAFB0D
:105B900069684A68206D083A1031FDF771FC606849
:105BA000002846D0B4F85C20B4F85A6094F85F70CE
:105BB000B4F8583094F85E10B61A00963A4403F0E0
:105BC000BBFE6B6860685A89216D9B89002851D0A3
:105BD0000025009503F068FD6068002854D003F0AC
:105BE00051FC606894F85E1094F85F20B4F8583067
:105BF000B4F85C50B8B1009503F09EFE00236365D5
:105C0000002384F84D3003B0F0BDA068FEF75CFEC1
:105C100086E7A368002B08BF00268AE7A0680096E5
:105C2000FFF7D2F896E7A068018042808380C580A4
:105C3000E4E7B4F85C0094F85F10B4F85A20A36865
:105C4000B4F8586094F85E701F800144121A5980AD
:105C5000DA809E80B5E79989B4F85C3002FB01F2E6
:105C60009A427FF454AF56E7B4F858204B899A42D1
:105C70008AD18EE7A56800902846FFF7A5F8ABE724
:105C8000A068FEF721FE72E7A068FEF71DFEA8E7F8
:105C9000704700BF30B5104D2C6883B014B120465A
:105CA00003B030BD18200AF070F84FF0FF31044601
:105CB0000620F7F7A1FAC0B2FAF74CF90023022246
:105CC000014601922046009340F6B83202F032F8C5
:105CD00020462C6003B030BD0486002070B50D4610
:105CE0000446FFF7D7FF2A46214680881023BDE8E7
:105CF0007040F9F73BBE00BF08B5FFF7CBFF01F0DE
:105D000073FF003018BF012008BD00BF30B5174D2C
:105D10002C6885B014B1204605B030BD4FF0FF317E
:105D20001B20F7F769FAC0B2FAF714F9E0B12C209A
:105D30000AF02BF84FF0FF3104461B20F7F75CFA0E
:105D4000C0B2FAF707F90A4B0A490B4A03910293CA
:105D50000146009301922046084B082203F0E8F91F
:105D600020462C6005B030BD2C68D4E708860020A2
:105D700000401C4600C08843004053450000C84115
:105D80002DE9F04105460C4690461E46FFF7BEFF42
:105D900010B303689B6907469847B8F1000F0AD013
:105DA00004EB840463000D49A3F5A07381FB032178
:105DB000DC17C4EBA104012DA1B2384609D001F0D3
:105DC0003FFC32462946B8881023BDE8F041F9F778
:105DD000CDBD01F04FFCF4E7BDE8F081398EE3382A
:105DE00010B50446FFF792FF68B101F0B5FB4CB166
:105DF00000EBC000054B400083FB0023C017C0EB45
:105E0000A300203010BD1520F1E700BF676666666D
:105E100088B110B504460AF02EF8013820448442B7
:105E200007D22378027804F8012B00F80139844264
:105E3000F7D3002010BD6FF47A707047F8B549B3FE
:105E400080EAE074C4EBE0744F1E0025DFF84CC01C
:105E500000E01D468CFB0423E217C2EBA30202EB19
:105E60008203C4EB43033033564207F8013F144624
:105E70006B1C002EEDD1002801EB030203DA2D226A
:105E80000235CA544A19002308461370FFF7C0FFB1
:105E90003046F8BD6FF47A76FAE700BF676666664B
:105EA000014B1860002070470C86002000487047A6
:105EB00016FCFFFF70B584B004AC04E90F00BDF818
:105EC0000230012B18D0022B14D1154C154E04F5BD
:105ED000807501E0AC420DD054F8040F0028F9D0D1
:105EE000C3885B04F6D503689B68B342F2D0984739
:105EF000AC42F1D104B070BD094C0B4E04F5807575
:105F000001E0A542F6D054F8040F0028F9D0C38868
:105F10009A04F6D503685B68B342F2D09847F0E77D
:105F20000C860020E5FF020075B702002DE9F04164
:105F3000304C82B02246002302E00133402B05D0D2
:105F400052F8041B0029F8D144F823002A4C237886
:105F5000DB070AD4294D2B683BB1012310224FF4F3
:105F60007A60002101F014FD10B102B0BDE8F081AB
:105F70002820D5F80080224E09F007FFC0230093A7
:105F80000122204B1021074600F03AFFD8F80030DC
:105F90005B68B34222D1384600F04AFF384609F028
:105FA000EBFE28202F6809F0F0FEC02300930222A8
:105FB000144B0F21054600F023FF3B685B68B3429A
:105FC00012D1284600F034FF284609F0D5FE237888
:105FD00043F00103237002B0BDE8F081404639462A
:105FE00098470028DDD0D6E738462946984700284C
:105FF000EDD0E6E7108600209C8C0020488B002026
:10600000AD5E0300B55E030010B4084C00232246C9
:1060100002E00133402B06D052F8041B8142F8D134
:10602000002244F823205DF8044B704710860020BE
:1060300000487047CC0C0400084600F077BC00BF55
:10604000084600F04FBF00BF0846FFF76BB900BF1E
:1060500005F06ABC084600F041BF00BF05F072BC05
:106060002DE9F047DFF870A0DFF87090564607463C
:1060700056F8044B0AF582780B19B3F5806F0D467C
:106080000FD22A4639463019FDF7FAF9DAF800300E
:106090001D440AEB050300221A71CAF80050BDE83E
:1060A000F087A4F58074224641460A48CAF80040A9
:1060B00009F09EFEC4F5806230190021FEF772FBE4
:1060C000DAF800402B19B3F5806F4FF01501D8D3E3
:1060D0004F46D1E714870020108700203C100400B1
:1060E00030B587B062B901AC2146FFF7A7FE204664
:1060F00009F0C1FE01462046FFF7B2FF07B030BDF0
:10610000054600241C220CE08BB902B334B10846CA
:10611000303006AB2344013403F8140C043A131D49
:106120000AD025FA02F303F00F030029ECD0092B63
:1061300058B2EDDD3730ECE706AB1C44002304F821
:10614000143C0221034801ACFFF78AFFCFE7104659
:10615000DEE700BF381004002DE9F04782B0154695
:1061600081460E4605F0D6FBDFF8D080314F043D66
:10617000494602E02528194614D00B460C4613F870
:10618000010B0028F6D1A1EB09014846FFF768FF93
:106190001EB102212848FFF763FF05F0ADFB02B0F6
:1061A000BDE8F0876FEA090319444846FFF758FF36
:1061B000637855F804AFCDF804A0642B04F102090C
:1061C0001DD00CD9732B28D01FD9752B17D0782B45
:1061D0000BD1504601220021FFF782FFC8E7582B60
:1061E00015D0632B06D0252B1FD003214046FFF787
:1061F00037FFBDE7012101A8FFF732FFB8E7002212
:1062000050461146FFF76CFFB2E7702BEDD101222B
:1062100050461146FFF764FFAAE7504609F02BFEEF
:1062200001465046FFF71CFFA2E701213846FFF761
:1062300017FF9DE7541004005C1004005810040080
:106240000FB400B583B004AA012152F8040B0192E7
:10625000FFF782FF03B05DF804EB04B0704700BFA6
:106260000048704716FCFFFF10B5044605F052FBCE
:10627000E3696BB1A2699A61A3690BB1E269DA6162
:106280000023C4E906336361BDE8104005F034BB68
:10629000D4E905321A60EFE738B50D46044605F03B
:1062A00039FB2A6865610AB90AE01A469369002B2E
:1062B000FBD19461C4E90632BDE8384005F01CBB4F
:1062C000C4E906222C60BDE8384005F015BB00BFCC
:1062D0002DE9F04184B004AC04E90F00114B1C68B7
:1062E000DDE902014FF47A72002309F055FBB4B1E5
:1062F000DFF8348006460F46E268A56900239F4216
:1063000008BF964208D3636920460BB1FFF7ACFF84
:1063100020464146FFF7C0FF2C46002DECD104B0CB
:10632000BDE8F0811C8B0020248B00202DE9F04F6C
:10633000DFF8E08093B0D8F8005004AC84E80F0098
:10634000002D32D02F4BBDF810401A68BDF81260F6
:10635000AAB12D4F4FF0000A40F2FE3540F2FF394E
:10636000D368D2F818B0190CAC429BB288B21FD0D7
:10637000002B33D09C4231D05A46002AF0D1A4F2EF
:10638000FE33012B11D9D8F80050204B102732468C
:10639000214608A8009700F033FD2B681C4A9B6833
:1063A00093422AD108A800F043FD13B0BDE8F08F56
:1063B0004B45DDD109B1B042DED1BAF1000FDBD1DE
:1063C000536923B110460392FFF74EFF039A10461C
:1063D0003946FFF761FF4FF0010ACDE709B1B0423E
:1063E000CAD1536923B110460392FFF73DFF039AC8
:1063F00010463946FFF750FFBEE7284608A99847E0
:10640000D0E700BF348B0020248B00202D630300D5
:1064100061620300188B0020014B1868704700BFB1
:10642000288B002038B505F075FA164B1C68D4B1DE
:10643000636913B12046FFF717FF05F05DFA0023EB
:1064400023616362256805F0ABFA0146284605F032
:10645000B3FA05F05FFA0C4B1A6822621C6005F073
:106460004BFA204638BD282009F08FFC2822002155
:106470000446FEF797F905F097FA0023C4E90003F4
:10648000A360DAE72C8B0020288B002038B50A4B5C
:106490001C682369DB0707D5084D286830B1636A9B
:1064A0004362002363620446204638BDFFF7BAFF0B
:1064B00028600028F8D0F2E7148B0020208B002001
:1064C0002DE9F041454D2A7812F0010482B002D046
:1064D00002B0BDE8F081424E424F3060FFF7A2FFAC
:1064E000414B42491860FFF7D7FEFFF79BFF38602A
:1064F000D0F8008005F054FA011F404605F05AFA22
:106500003B683B49186805F053FA3768002F4CD0B8
:10651000282009F03AFCC0232246009340F2FF31C4
:10652000344B354C804600F06BFC3B685B68A34203
:1065300042D1404600F07CFC404609F01DFC28207A
:10654000D6F8008009F021FCC02300930022294BDB
:1065500040F2FE31074600F053FCD8F800305B688B
:10656000A34235D1384600F063FC384609F004FCFC
:1065700001230F2200214FF47A6001F009FA28204C
:10658000376809F002FCC023009301221B4B0F2146
:10659000064600F035FC3B685B68A34212D13046EA
:1065A00000F046FC304609F0E7FB2B7843F001038E
:1065B0002B7002B0BDE8F08138464146984700286C
:1065C000BDD0B6E73846314698470028EDD0E6E71B
:1065D0004046394698470028CAD0C3E79D8C002022
:1065E000188B0020308B0020148B0020248B00207F
:1065F000696B03002D630300AD5E0300D1620300ED
:10660000024B187800F00100704700BF9D8C0020FD
:10661000F0B51F4F3B6883B0002B37D01D4B1B7864
:10662000DB0733D50E460446FFF730FF436944EAE3
:1066300006420546C2600BB1FFF716FE2846164912
:10664000FFF72AFEA4F2FE33012B16D928203F685B
:1066500009F09BFBC0233246009321460F4B0546B1
:1066600000F0CEFB3B680E4A5B68934208D1284697
:1066700000F0DEFB284609F07FFB002003B0F0BDF0
:106680003846294698470028F7D0F0E70548F5E74F
:10669000188B00209D8C0020348B00202D6303007C
:1066A000AD5E030016FCFFFF2DE9F04128B321B3D6
:1066B0000546984617460E46FFF7B4FE0446E0B17D
:1066C00032463B462946006805F080F9256805F00A
:1066D00067F9011F284605F06DF90A4B0A49206841
:1066E000B8F1000F18BF194605F062F920460749B6
:1066F000FFF7D2FD2046BDE8F08100242046BDE82A
:10670000F08100BF416B03006D6A0300248B002001
:10671000074B1B7813F0010308D010B41446012373
:106720000A4621465DF8044BFFF7BEBF1846704786
:106730009D8C0020024B1868B0FA80F04009704729
:10674000248B002030B50F4D2B789A0785B004D5E7
:106750000D4B1B6873B105B030BD43F0020402223B
:1067600001230F2168462C7003F052FA064B1B6878
:10677000002BF0D12B7823F002032B7005F0D2F818
:1067800005B030BD9D8C0020248B00202DE9F04108
:106790005B4D2C682369D90747D45A4E5A4F32684B
:1067A0003968002A31D06069B04200F09A802A60CE
:1067B0008A422BD0944271D08C4271D0534B626983
:1067C0009A426DD0206805F0F9F8064605F0F8F811
:1067D000D4E90131301ACA1A90426AD900F1200175
:1067E0002F682C6021F01F06002B40F0848030467B
:1067F000F8F79EF93118C4E901012F602068BB68E1
:106800003A68BDE8F04105F049BA29601B0757D541
:106810002C60FFF797FF3368002BFAD09C422B6067
:106820003CD039688B42C7D14DE0394E2068326880
:1068300043F0020323611369146843F004031361F6
:1068400005F0C2F80146204605F0B6F8376838680A
:1068500005F0B4F8044605F0B3F8D7E90123201A8F
:106860009B1A98420FD92030D5F800802F6020F075
:106870001F04002A3BD12046F8F75AF90444C7E91F
:106880000104C5F8008033689968186805F047FA74
:106890002B681A690021920731600CD4BDE8F081A1
:1068A0002A680021936812680846BDE8F04105F0A7
:1068B000F5B92F68A2E71868BDE8F04105F069BA9C
:1068C0002B689C42EAD01E6805F06AF8011F30462A
:1068D00005F070F83B680F49186805F069F83968E9
:1068E0006AE7A069002818BF02462A6060E71046E0
:1068F000F7F76EFFBFE71846F7F76AFF77E700BFC5
:10690000148B0020248B0020308B00202C8B002047
:10691000208B0020696B0300034B1B78DB0701D53C
:10692000FFF734BF704700BF9D8C002070B5104D3D
:106930002A78D20714D50446FFF7A8FD064601F0D1
:1069400007F873692044F06013B13046FFF78CFC00
:1069500030460849FFF7A0FC2B78DB0704D470BD54
:10696000BDE8704000F0BABABDE87040FFF70EBF56
:106970009D8C00201C8B002000B583B0FFF748FEE3
:1069800018B9074B1B78DB0702D403B05DF804FB92
:106990000190FFF7FBFE019803B05DF804FB00BF18
:1069A0009D8C002038B5284D2868436913B1FFF746
:1069B0005BFC2868254C2146FFF76EFC24684CB12F
:1069C000A369002223B11C460132A369002BFAD12E
:1069D000032A22DC2B6800221A611C6804F0E0FF05
:1069E0000146204604F0E8FF04F094FF184B2968A4
:1069F0001A688A4225D04AB1136A99421DD02BB138
:106A00001A6A91421AD01346002BF9D104F074FF90
:106A1000104B1B78DB070CD438BDE269206893610A
:106A2000F7F7D6FE6068F7F7D3FE2046F7F7D0FEFB
:106A3000D0E7BDE83840FFF7A9BE13460A6A1A62DC
:106A4000E4E7126A1A60E1E7148B00202C8B002027
:106A5000288B00209D8C0020034B1B78DB0701D581
:106A6000FFF7A0BF704700BF9D8C002010B50C46FB
:106A70008047A047044B1B78DB0700D410BDBDE85E
:106A80001040FFF78FBF00BF9D8C0020034B1B7889
:106A9000DB0700D47047FFF785BF00BF9D8C002047
:106AA000002842D02DE9F041DFF8908098F80030BE
:106AB000DC0782B032D51E4F3B680A461969490788
:106AC000054601D15C6A44B1284601231949FFF704
:106AD000EBFD002002B0BDE8F0811868019205F0DE
:106AE00040F93968019A0B6913F0020618D143F096
:106AF000010310460B61A8473B6818695E6220F0ED
:106B0000010210F004001A61E4D098F8000010F0BF
:106B10000100DFD0FFF746FF3046DBE70648D9E744
:106B200023F003030B612046D4E76FF47A707047BB
:106B3000148B00208D6A030016FCFFFF9D8C002043
:106B400038B50346144610460D4698472046A847D8
:106B5000044B1B78DB0700D438BDBDE83840FFF795
:106B600021BF00BF9D8C002008B5044CFFF7EAFD53
:106B70002378DB07FAD5FFF709FEF7E79D8C0020A5
:106B8000002242600270704770B50D4D2B78DA0715
:106B900004D50378044613B90123237070BDFFF7B1
:106BA00075FC436906460BB1FFF75EFB3046211DBD
:106BB000FFF772FB2B78DB07EED5FFF7E7FDEBE77E
:106BC0009D8C002038B54468054644B1636913B113
:106BD0002046FFF749FB20460249FFF75DFB0023F3
:106BE0002B7038BD248B002070B54468054664B115
:106BF000074E636920460BB1FFF736FB204631464E
:106C0000FFF74AFB6C68002CF3D100232B7070BD9A
:106C1000248B002043682BB100209B690130002B9E
:106C2000FBD1704718467047F8B50C4C05460E4628
:106C3000277804F06FFE0A4A731B02EBC7019B081A
:106C400043F0004342F837504E602B602378013305
:106C5000237004F051FE0020F8BD00BF9F8C00207F
:106C6000388B0020064B1B78834207D9054B03EB7A
:106C7000C00253F830305068C01A70470020704787
:106C80009F8C0020388B0020F8B583074FEA9006D0
:106C90003BD188B10D4604F03DFED5E90045771C97
:106CA000A54206D92368002B07DB04EB8304A54229
:106CB000F8D804F021FE0020F8BD23F0004399002D
:106CC00054F82320002A04EB01000DDB0EE022F033
:106CD0000042134443F00042226054F823209900FC
:106CE000002A04EB010001DA8542F0D89F4201D965
:106CF0000C44D5E702369E4209D3236823F00043B3
:106D0000236004F0F9FD201DF8BD0136C2E704EB55
:106D10008606B542F1D9DB1B43F0004346F8043C3C
:106D20002760EEE738B5044640B10C4D2B783BB1F7
:106D300020460B49FFF7A8FF044658B1204638BD4E
:106D40000849094A086809491370FFF76DFF0123D4
:106D50002B70EDE71420FEF7E5FAEFE79E8C00209C
:106D6000388B0020208000209F8C002000F803201A
:106D7000A0B10E4B1A6882420DD25B6883420AD9D9
:106D800050F8043C002B10B5044608DD43F00043E6
:106D900044F8043C10BD1E20FEF7C4BA70471E2004
:106DA000FEF7C0FA54F8043CF0E700BF388B00202F
:106DB00038B501FB00F52846F7F7BAFE044628B1BE
:106DC00001232A4603600021FDF7ECFC204638BD74
:106DD00070B5044608460E46F7F7AAFE054664B1AC
:106DE00058B154F8042C9200B242A8BF3246214652
:106DF000FCF746FB2046F7F7EBFC284670BD00BFCA
:106E00002DE9F04104461030884617461E46BDF86D
:106E1000185002F01DFF0020E060C4E90800A4F84B
:106E200000806780A660A5802046BDE8F08100BF95
:106E300083889B0710B5044602D5806808F09CFF44
:106E4000204610BD82B070B586B00AA981E80C005A
:106E5000036A4BB31C696CB1012200E01C46236934
:106E60000132002BFAD1092A05DD06B0BDE87040D9
:106E700002B070471C460AAB0FCB02AD85E80F008D
:106E8000182008F082FF06AB064613E9030095E8D8
:106E90000C008DE80300304602F000FF266106B0CA
:106EA000BDE8704002B0704704460FC902AD85E8E6
:106EB0000F00182008F069FF06AB064613E903002F
:106EC00095E80C008DE80300304602F0E7FE2662EC
:106ED00006B0BDE8704002B0704700BF00F03ABE97
:106EE00000F008BEFEF7DCBF0020704710B5044B71
:106EF000036000230446C380FFF786F8204610BDD8
:106F0000740D040010B5064B036000230446C380D3
:106F1000FFF77AF8204608F02FFF204610BD00BF8B
:106F2000740D040038B50446074B03600025456026
:106F3000FEF7FCFFE388054A258143F48053226075
:106F4000E380204638BD00BF740D040068100400C3
:106F50000346002200891A81704700BF00897047EC
:106F6000807A70470048704716FCFFFF10B5044B4D
:106F7000036000230446C380FFF746F8204610BD97
:106F8000740D040010B5064B036000230446C38053
:106F9000FFF73AF8204608F0EFFE204610BD00BF8C
:106FA000740D040038B5036881720D4D9A6AAA42C7
:106FB000044608D15B6A0B4A0B4D93420AD1A07A72
:106FC000A072284638BD90472368064A5B6A934200
:106FD0000546F4D020469847A072284638BD00BF29
:106FE000656F0300616F030016FCFFFF38B503688F
:106FF0000D4D9A6A0181AA42044608D1DB690B4A09
:107000000B4D93420AD120892081284638BD9047F4
:107010002368064ADB6993420546F4D02046984728
:107020002081284638BD00BF656F03005D6F0300F7
:1070300016FCFFFFF8B504460025154B03604560BC
:107040000E461746FEF772FF94F8363066624FF030
:107050000112C4E90E22022103F0F90365F3C30310
:107060000C4E2563142084F84050A1722081E56005
:10707000C4E90455C4E906552562A780E580A586C4
:10708000A4F8425084F8363026602046F8BD00BF90
:10709000740D04008C100400C16811F5C87FF0B4B1
:1070A00080F2848090F8363013F0020340F086803E
:1070B000046914F5C87F66DA90F8362012F00402ED
:1070C00069D1456915F5C87F31DA90F8362012F09C
:1070D000080234D0B2FA82F390F8366090F840207B
:1070E0005B0963F3C30680F83660032A08D80132CF
:1070F000D2B2012A80F8402000F08B80042A77D099
:10710000B0F8423090F8366001339BB216F00107B8
:10711000A0F8423062D01D2B17D900236FF3000670
:1071200080F83660A0F8423080F840300DE0B5F5C8
:10713000C87F04DD90F8362012F00802CAD090F81B
:107140004020002BD1D1002ADAD104FB04F301FB4B
:107150000133334A05FB053393423CD911F5487F8F
:1071600051DBB1F5487F51DC14F5487F54DBB4F5B1
:10717000487F3BDC15F5487F50DBB5F5487FD4BF31
:107180000020062028E0B4F5C87F9ADD90F836206C
:1071900012F0040295D1B2FA82F390F836205B091E
:1071A00063F3820280F8362001238AE7B1F5C87FB5
:1071B0000FDD90F8363013F002030AD190F8362034
:1071C000B3FA83F35B0963F3410280F836200123AD
:1071D0006EE700236CE70720F0BC7047092BB4D999
:1071E000013A80F84020A0F84270AEE70120F3E7B2
:1071F00090F83630002243F0010380F83630A0F8D2
:1072000042200B20E8E70320F0BC70470420F0BCCC
:107210007047A0F8422098E70220DDE70520DBE771
:10722000FF700200D0E9033230B502FB02F245697B
:1072300003FB032305FB0535B5F5800F85B0044638
:1072400016D9038F002B4DD0B5F5100F25D801238B
:1072500084F831302046FFF71FFF0B2814D0A38E8F
:10726000834231D00023A08684F8303005B030BD91
:1072700090F83130042B56D90023C0E90E33204654
:10728000FFF70AFF0B28EAD16086024601230D2191
:10729000684602F0BDFC05B030BD638F002B39D0CD
:1072A000B5F1107FD3D9A38F5BB3B5F1806FCED981
:1072B000E38F002BCBD101230A220D21684602F077
:1072C000A7FC0123E387C2E794F83030628E042BD9
:1072D00014D80133DBB2904284F83030C6D0052B8D
:1072E000D2D0C3E701230C220D21684602F090FCA6
:1072F0000123B5F5100F2387A9D9CEE79042C3D15A
:10730000B4E7012309220D21684602F081FC012324
:10731000A387CAE7012308220D21684602F078FC02
:1073200001236387BCE70133DBB291E730B5D0E9D5
:1073300008218BB002AD009200F1180304460CCB7B
:10734000284602F033FC95E80700E38804F10C05B9
:1073500023F0020385E80700E3802046FFF762FF81
:107360000123A1881A4606A802F052FC00200BB0A7
:1073700030BD00BF0368054ADB6A934210B504467E
:1073800001D1E06810BD9847E06810BD656F03004B
:107390000368054ADB6A934210B5044601D12069AF
:1073A00010BD9847206910BD656F03000368054A4A
:1073B000DB6A934210B5044601D1606910BD98475D
:1073C000606910BD656F03000368084ADB6A934279
:1073D00010B5044607D1E3889B0702D42046EFF797
:1073E0004FFAA06A10BD9847F5E700BF656F03002C
:1073F0000368084ADB6A934210B5044607D1E38864
:107400009B0702D42046EFF73BFAE06A10BD98478D
:10741000F5E700BF656F0300016882B08DE80C00DE
:107420008B6902B0184700BF82B070B50C4684B0BB
:1074300005464968206802AC03C4039908AC4810AB
:1074400084E80C00CB0745BF2A58029B029CD45805
:107450000AAB2E1893E803008DE8030008AB0CCBB1
:107460003046A04704B0BDE8704002B0704700BF8E
:107470002DE9F043324D0560002683B04660154685
:1074800004460F469846FEF751FD2E4BA78040F26A
:10749000FF32D3F800902C4B23609542A8BF1546CD
:1074A0006581B9F1000F2ED0282008F06EFC05464A
:1074B000103002F0CDFB03232F806B80182008F0E2
:1074C00064FC224ACDE9002607466A46034603CA01
:1074D00047F80C4BDE607E6058609960D9F8002058
:1074E000EE6052681A49AB60C220A8808A421948EF
:1074F0005861C5E908661CD12846FFF799FC284663
:1075000008F03AFCA788B8F1000F0CD01FFA88F0F9
:107510000021A4F808803A46032300F051FA2046DF
:1075200003B0BDE8F0834FF4FA7000214FF4FA780D
:10753000EFE74846294690470028E3D0DCE700BF44
:10754000740D0400488B0020C81004001974030057
:10755000AD5E030029740300008A704710B5C3882C
:1075600003F01202102A84B0044617D003F00C0373
:10757000082B01D004B010BD228AE3899A42F9D8C1
:1075800001231A46A188684602F042FBE38823F0F3
:10759000020343F00403E38004B010BD018A828932
:1075A0009142E3D3012381880222684602F030FB36
:1075B000E38823F0040343F00203E380D6E700BF2F
:1075C000036810B50446DB699847E388DA070FD5EE
:1075D0006189238AC1F57F7200FB01F0033202FB4F
:1075E0000300800A20822046BDE81040FFF7B6BFA6
:1075F00043F001032082E3802046BDE81040FFF7FE
:10760000ADBF00BF40F2FF339942A8BF1946418188
:1076100000207047002938B50BDD89B28CB20025F7
:107620000181828829462046032300F0C9F9002001
:1076300038BD4FF4FA714FF4FA740025F0E700BF3B
:1076400008B5C388DA0602D582898A420FD023F0B2
:10765000020242F010021B078181C28007D5C38954
:1076600001399942A8BF194689B200F003F80020F9
:1076700008BD00BF08B5C3881A0702D5C2898A426F
:107680000FD023F0040242F00802DB06C181C28061
:1076900007D5838901319942B8BF194689B2FFF7EE
:1076A000CFFF002008BD00BF10B5044B03600023CE
:1076B0000446C380FEF7A8FC204610BD740D0400EC
:1076C00008B580680368DB6A9847002008BD00BFE2
:1076D00008B5806803685B6A9847002008BD00BF52
:1076E0002DE9D84704469246994604F013F9A66856
:1076F00094F80D8034683046636CA76B98474B460E
:107700005246002B08BF0A2A38BF0A2202444146CB
:107710003046B847BDE8D84704F0EEB82DE97848C0
:10772000064604F0F7F8B06803685B6C9847B288C7
:10773000F38880B2D6E90645821A92B2134414EB5C
:10774000020B9BB245F1000CB3F57A7FB080C6E91D
:1077500006BCF3800DD3D6E90401A3F57A7301309A
:107760009BB241F10001B3F57A7FF6D2C6E904017C
:10777000F380BDE8784804F0BFB800BF2DE9F84FAA
:107780001646C26ABDF82880BDF82C909DF830A03E
:10779000002A0EDD446A1F46238873B12346002168
:1077A00002E01D881C4645B10131914203F11803E6
:1077B000F7D16FF47B70BDE8F88F0546FFF7AEFF99
:1077C000D5E9062312EB060B43EB070CBAF1000FC9
:1077D00020D100200146C4E90201C4E904BCA4F898
:1077E0000080A4F8029004F095F8A96A39B1D4E9B0
:1077F0000423D1E904018B4208BF824205D2AC6266
:1078000032463B462846FFF76BFF04F075F8002030
:10781000BDE8F88F30463946DDE700BF2DE9F003BB
:10782000C56A436A00218D4281621EDD0A461C88BA
:10783000013254B139B1D3E90467D1E904894F4524
:1078400008BF464501D283621946AA4203F11803D4
:10785000EDD151B183690A69D21A0A2AB8BF0A2246
:10786000D317BDE8F003FFF73BBFBDE8F003704757
:107870002DE9F04F82468BB059B18468067B2368AE
:1078800020465A6C9D6B9047274A31460244204659
:10789000A8475046FFF742FFDAF82C20DAF82440D8
:1078A000002A2EDD0025AB46238813B3D4E904015A
:1078B000DAE906678F4208BF8642CDE9040118D392
:1078C000D4E9028958EA0901628820D1DAF828103F
:1078D0004FF00000A142208022D001210291CDE989
:1078E0000067194606A802F0A3F9DAF82C200BF17C
:1078F000010B0135AA4204F11804D5DCBBF1000FDD
:10790000CCD15046FFF78AFF0BB0BDE8F08FDDE920
:10791000040110EB080041EB0901C4E90401DCE7B4
:107920000021CAF82810D8E780969800074B1B68FA
:1079300053B1197B084110F00101184601D1FFF73E
:1079400097BF0121FFF794BF704700BF448B002011
:10795000064B10B51C682CB12046FFF7DFFED4E9BA
:10796000040110BD0020002110BD00BF448B002089
:10797000064B10B51C682CB12046FFF7CFFED4E9AA
:10798000060110BD0020002110BD00BF448B002067
:1079900070B5094C266884B066B11D4614460B4686
:1079A00001210246CDE9004530460291FFF7E6FE8F
:1079B00004B070BD0148FBE7448B002016FCFFFFBC
:1079C0002DE9F04F134C266885B006B39C46440160
:1079D0004B01241A43EAD06565EB01058946A300F3
:1079E000A900174641EA94711A1841EB0903D9001E
:1079F00041EA5271D0000B4601210246CDE9007CDC
:107A000030460291FFF7BAFE05B0BDE8F08F02489C
:107A1000FAE700BF448B002016FCFFFF70B50E4D47
:107A20002C68B4B12046FFF779FE0C4BA66942F2F0
:107A3000107098472C682046FFF770FEA36908492C
:107A4000053B9B1B42F210720020B2FBF3F30B606C
:107A500070BD044870BD00BF448B0020158000201D
:107A6000408B002016FCFFFFF8B50D464373164609
:107A70000A231B4A1B4901600446C36285600673E2
:107A80000121F0201460FFF793F92B68164F9A69D3
:107A9000606200210020A162BA424FF00001C4E9F7
:107AA0000401C4E9060115D1104AEA603146104AC2
:107AB0009B6B28469847A06803681B6A9847A06894
:107AC000036800225B6CE2809847A080FFF7A6FF66
:107AD0002046F8BD284605499047A5682B68E5E78C
:107AE000448B0020F01004009D1003002D7903004A
:107AF000809698002DE9F843124D2E6806B3124B7C
:107B000004461868A8B93046FFF708FED6E90667AC
:107B100016EB040847F100092C682046FFF7FEFD2C
:107B2000D4E906234B4508BF4245F5D30020BDE804
:107B3000F88304FB00F0054B98470020BDE8F8836C
:107B40000348F4E7448B0020408B00201580002080
:107B500016FCFFFF4FF47A7303FB00F0FFF7CABF78
:107B60006FF47D70704700BF10B5034B036004468F
:107B7000FFF79AFD204610BD0011040010B5054B1B
:107B800003600446FFF790FD204608F0F5F8204614
:107B900010BD00BF001104004069044A03685B691E
:107BA000934202D16FF47D7070471847617B0300E8
:107BB00038B504460D464FF4FA7311464FF4597226
:107BC000FFF756FC034B656120462360FFF7F8FC86
:107BD000204638BD001104006FF47D70704700BF6F
:107BE0006FF47D70704700BFC08800F001007047DF
:107BF00010B5034B03600446FFF778F9204610BD2B
:107C00002811040010B5054B03600446FFF76EF918
:107C1000204608F0B1F8204610BD00BF281104002E
:107C2000C388DB0400D470472DE93048036888B06E
:107C3000DB6904469847227CE38878B10B2A04D894
:107C40000132D2B2082A22740ED9D9071ED503F008
:107C50000305012D2CD008B0BDE8308832B1013ABF
:107C6000D2B2082A2274F0D8012AF0D8DA07EED569
:107C700023F00103E38002220123A188684601F07A
:107C8000C7FF657C012D2CD0E388E0E743F00102BB
:107C90000123E280A1881A4604A801F0B9FF2389D4
:107CA00001332381FFF754FE227CE388E060DBE7A9
:107CB000FFF74EFEE368B0EB030B61F1000C00230D
:107CC00040F2DB52634508BF5A45C4D2E288A1881E
:107CD00042F00202E2802B46052204A801F098FF40
:107CE000B9E7FFF735FEE368B0EB030B61F1000C79
:107CF000BCF1000F08BFBBF57A7F2B462CBF0422D6
:107D00000322A18804A801F083FFBDE710B5044653
:107D10004069074A03685B68934207D16FF47D703E
:107D2000A37C181AB0FA80F0400910BD9847F7E715
:107D3000D97B03002DE9F84304460D469146984649
:107D40009DF820609DF82470FFF7ECF80021217465
:107D50002B680C481A6C0C4BA4F8049082426561A5
:107D600084F81180A6742360E16006D1E38843F4AF
:107D70000053E3802046BDE8F88339462846904703
:107D8000F4E700BFE17B0300281104004174704751
:107D90006FF47D70704700BF10B5044B0360002383
:107DA0000446C380FEF730F9204610BD740D040070
:107DB00010B5064B036000230446C380FEF724F988
:107DC000204607F0D9FF204610BD00BF740D040007
:107DD00038B50446C06890B103680F4D1B68AB42CC
:107DE00016D1206903681B68AB420ED10A20FEF74A
:107DF0009DFD2046094901F04FFD002038BD206956
:107E0000054D03681B68AB42F0D001219847EDE7B0
:107E100001219847E5E700BF917D03004811040068
:107E200010B5044601F0F4F9034B2360012384F8F4
:107E30002D30204610BD00BFC411040010B504460B
:107E4000806830B14FF480720021BDE81040FCF72B
:107E5000A9BC4FF48070F6F76BFE4FF48072A060FF
:107E60000021BDE81040FCF79DBC00BF70B5044682
:107E70004068204A03681E6984B000239642CDE919
:107E800000336D461DD11C4B009320460023019307
:107E9000FFF7D4FF95E8030002AB83E8030003CBB0
:107EA000A368164D18605960D4E9001003689A69F8
:107EB000AA4211D15D69124B9D4215D1019804B0BF
:107EC00070BD022322682946B0470B4B009A9A42A4
:107ED000D9D1019804B070BD9047D4E9001003686F
:107EE0005D69074B9D42E9D0A2684023A8470198ED
:107EF00004B070BDA5FB0200A10D0C00B5FB020093
:107F0000ADFB0200F8B50446171E4FF000000E4608
:107F1000C4E901100B680EDB1968194DA94218D18C
:107F20009B6818498B4205461BD125602046FFF708
:107F30009DFF2046F8BD5A6813498A421BD1054669
:107F40009B68104A9342F0D03046984700FB175583
:107F5000EBE73046884733680A499B688B42054601
:107F6000E3D03046984700FB075525602046FFF7D1
:107F70007DFF2046F8BD3046904733680546DFE771
:107F800095FB02009DFB020099FB0200018938B5B8
:107F90004FF47A75044605FB01F1224801F048FFD1
:107FA000214AA17A0346A2FB03239B0923811F4890
:107FB00001F03EFF2189A07205FB01F1194801F093
:107FC00017FF626CB4F84C10156840F00703DBB281
:107FD0001046ED692022A84710BB606CB4F84C1025
:107FE00003682222DD691023A847C8B9A17A0F4887
:107FF00001F0FEFE626CB4F84C101568030103F04A
:10800000F0031046ED692322A84748B9606CB4F824
:108010004C1003682422DC690823A04700B938BD4E
:10802000034838BDE4110400D34D6210DC11040094
:108030000EFCFFFF836C10B504462BB1236820466D
:10804000DB6ABDE810401847FFF782FC236D1BB1C7
:108050002289C31A9342F1D9E388206523F04003B3
:10806000E380EBE710B5034B03600446FEF77EFFA9
:10807000204610BD4C12040010B5054B03600446A9
:10808000FEF774FF204607F077FE204610BD00BFC4
:108090004C120400034611B903689B6A1847406CF0
:1080A000B3F84C10036810B4DC692022A446002306
:1080B0005DF8044B604700BF70B5C3880446806C10
:1080C00043F4804386B0E38020B1026824495268BB
:1080D0008A423ED15A0638D4606CB4F84C1002681B
:1080E00006250126CDE9005643F04003556AE3809A
:1080F000A82204ABA847054680BB0320FEF7F0FE8C
:10810000606CB4F84C100368CDE9006631225E6AF9
:108110000DF10F03B0479DF913009DF915209DF94E
:108120001160A37A2168C000D200F60003FB00F0C2
:1081300003FB02F203FB06F3C4E90702A361204636
:108140000B6B9847284606B070BD0025284606B040
:1081500070BD90470128E388BED0BBE7014DF1E731
:10816000D97B03000EFCFFFF2DE9F041BDF81C5048
:10817000BDF8186004468846174619462A46FEF799
:1081800059FF084AC4F844800023A764A580A4F8D6
:108190004C602260E3802046FFF7F8FE2046BDE8F1
:1081A000F08100BF4C1204000189424AF8B54FF437
:1081B0007A7303FB01F3934204466EDC3E4A93421A
:1081C0006BD83E4A93426AD844F62062934268D8FC
:1081D00042F21072934266D841F28832934264D8D8
:1081E00040F6C412934262D8354E40F2E24106F1A5
:1081F00008028B4288BF1646A37A042B4AD8314D19
:10820000032B05F102032ABF1D4602220422336814
:108210002D49E06CA272A1FB03230268B4F844105C
:10822000D7699B0923812A220023B84700282FD130
:10823000E06CB4F8441003682B22DF691023B847C0
:1082400030BBE06CB4F8441003682D22DF690123D1
:10825000B847E8B9E06CB4F8441003682E22DF692F
:108260000123B847A0B9E06C6B780268B4F84410F9
:10827000D5690E22A84758B9E06C33790268B4F882
:108280004410D46943F001032A22A04700B9F8BD85
:108290000E48F8BD0E4D0822B9E70E4EACE70E4E63
:1082A000AAE70E4EA8E70E4EA6E70E4EA4E70E4E26
:1082B000A2E700BF00C4090000710200803801007D
:1082C0008812040080120400D34D62100EFCFFFFE0
:1082D00084120400C0120400B8120400B01204009A
:1082E000A8120400A0120400981204000368DB6ABC
:1082F000184700BF10B5034B03600446FEF736FE77
:10830000204610BDD012040010B5054B0360044692
:10831000FEF72CFE204607F02FFD204610BD00BFC3
:10832000D0120400034611B903689B6A1847C06C59
:10833000B3F84410036810B4DC692A22A446002371
:108340005DF8044B604700BFC38820495A04826C23
:1083500058BF43F4804370B558BFC38013685B684F
:108360008B4284B003D10025284604B070BD04467A
:10837000104698470028F6D1E06CB4F84410036822
:1083800006250122CDE900525D6A02ABA8470546E9
:10839000C8B99DF90A009DF90C209DF90860A37ADF
:1083A0002168F600C000D20003FB02F203FB00F0DC
:1083B00003FB06F3C4E90702A36120460B6B984751
:1083C000284604B070BD024DCEE700BFD97B030044
:1083D0000EFCFFFFF8B504460E4617461946BDF8D9
:1083E0001C20BDF81850FEF725FE084BA4F8445099
:1083F000C4E9127623602046FFF7D6FE18B9E38859
:1084000043F48053E3802046F8BD00BFD01204003F
:108410000368DB6A184700BF10B5034B03600446CE
:10842000FEF7A4FD204610BD1C13040010B5054B3B
:1084300003600446FEF79AFD204607F09DFC2046A7
:1084400010BD00BF1C130400034611B903689B6AEA
:108450001847406CB3F84C10036810B4DC696B2209
:10846000A44640235DF8044B604700BF816CC3887D
:108470000A68F0B55268334C43F48043A24287B097
:10848000C38003D10025284607B0F0BD0446084646
:10849000904701280346F5D1606CB4F84C1002688F
:1084A00001930E230093556A02AB3B22A847054671
:1084B000002844D19DF80E609DF80F30BDF80800EB
:1084C000BDF80A10BDF80C20BDF810C0BDF8127040
:1084D00043EA062340BA49BAC0F30B10C1F30B11AB
:1084E0001BB2C4E90301184EBDF8140052BA03EBE5
:1084F0008303C2F30B125B00626186FB036104F12C
:108500000C02DB17C3EB211346BA9CFA9CFC07CA8A
:108510007FBA1FFA8CFCBFB2C4E914C703F64563E7
:108520002768A4F84E30B6B204F11803A66583E8B4
:1085300007003B6B20469847284607B0F0BD034D27
:10854000A1E700BFD97B0300797878780EFCFFFFA4
:1085500010B5436CB0F84C101C6884B00122CDE912
:1085600000221846646A0DF10F037522A04728B94E
:108570009DF80F00C0F3450004B010BD4FF6FF702A
:1085800004B010BD38B50446406CB4F84C10026815
:108590008023D5696B22A8471420FEF7C7F9606CC9
:1085A000B4F84C1003686B22DD690023A847606CA7
:1085B000B4F84C1003681A22DD690123A847606CE7
:1085C000B4F84C1003681B22DD691823A847606CBF
:1085D000B4F84C1003681922DD692023A847606CA9
:1085E000B4F84C1003683722DD693023A847606C6B
:1085F000B4F84C1003683822DD690123A8472046EF
:10860000FFF7A6FF01460248FDF71AFE002038BD1D
:10861000041304002DE9F041BDF81C60BDF81850AA
:1086200004468846174619463246FEF703FD6D009C
:1086300000231421022209482060A4F84C50C4E908
:108640001187A6802181A272C4E91433A365E38057
:108650002046FFF797FF2046BDE8F0811C13040079
:1086600082B08DE80C00014802B0704716FCFFFF95
:108670000029806905DD08B904E010B10139406ABC
:10868000FBD17047704700BF82B070B50C4684B014
:1086900005464968206802AC03C4039908AC481039
:1086A00084E80C00CB0745BF2A58029B029CD45893
:1086B0000AAB2E1893E803008DE8030008AB0CCB3F
:1086C0003046A04704B0BDE8704002B0704700BF1C
:1086D000002943D02DE9F0418469002C3BD00D46A0
:1086E0000646DFF88080002705E0A268AB689A4262
:1086F0000DD0646ADCB1AA88A38853409907F8D4E6
:108700009207F2D5A968A06801F0FEFBA8B12B88FA
:10871000BBB96B88DBB9B3680BB120469847A38817
:1087200043EA0803A380646A0137002CE3D1002FD9
:10873000C8BF20460FDDBDE8F081AB889B07D8D4C9
:10874000D3E722889A42D4D16B88002BE3D0628889
:108750009A42CED1DFE76FF47A70ECE76FF47A706B
:10876000704700BF0080FFFF00296BD0F0B584691F
:1087700085B00D4606463CB960E0A388980708D549
:10878000914212D0646ACCB1AB8821682A689F07F5
:10879000F3D49142F6D1A268AB689A42F2D1A38891
:1087A0001A0447D4294805B0F0BDA968A06801F0B3
:1087B000ABFB0028F3D1646A002CE5D1D6F818C0D1
:1087C0002A88BCF1000F33D06446634600E00B46B4
:1087D0001888904211D2596A1C460029F7D1634586
:1087E0001DD0596A69625D62012340F2FD3168461D
:1087F00001F00EFA002005B0F0BD21D16F88598834
:10880000B94204D31CE04C88BC42E8D20B46596AFA
:108810000029E4D00C888442F5D06345E1D1198861
:108820008A4204D3DDD1588869888842D9D96B62DD
:10883000B561D9E7C3F30E03A380B3E70A88F7E76E
:108840002346CCE76FF47A70704700BF16FCFFFF39
:108850002DE9F04183885F0782B0064603D59D0667
:108860002DD4DC0638D443F00403B38006F11005A0
:1088700006F1180815E0F368009395E80F00A0478B
:10888000B388DA0618D5346AB4B194E80F002769C2
:1088900085E80F002046376207F06EFAFEF73CF8D5
:1088A000B388B46898070DD4D907E4D495E80F00CD
:1088B000A047B388DA06E6D423F00403B38002B0FD
:1088C000BDE8F08198E8030095E80C008DE803000E
:1088D000204601F001FBD3E700F1180393E8030001
:1088E0008DE8030006F110030CCB3046FEF7AAFA20
:1088F000E5E700BF70B51C4B8CB003F108022833CC
:1089000004460260C36006A801F0A2F90F231820F4
:10891000029307F03AFA0025144A009206460195A0
:108920006A46034603CA46F80C4B114ADD600493BD
:1089300075605A6158609960204602A91223ADF80B
:108940000C300595CDE90A55FFF7C2FE02A8FEF7E7
:108950006FFA084B658204F10C00E360FDF754FBED
:1089600020460CB070BD00BF64130400F18B0300FF
:1089700089860300740D0400A0F10C00FFF7BABF54
:1089800010B50446FFF7B6FF204607F0F5F920467C
:1089900010BD00BFA0F10C00FFF7F2BFF0B5254BF2
:1089A000254A02600025044683B0C0E902530561F0
:1089B0000C30FDF7BBFA214B236003F12002E2608B
:1089C000A561C4E90755E584282007F0DEF90646CD
:1089D000103001F03DF91A4B3360182007F0D5F93B
:1089E000184ACDE9002507466A46034603CA47F8F8
:1089F0000C4B154ADD604FF0C20C7D6058609960E9
:108A0000204631465A61C6E90235C6E90855A6F83E
:108A100004C0FFF7A9FE30B90C4B1A6802B91C60FC
:108A2000204603B0F0BD3046FEF702FA304607F0AC
:108A3000A3F9F1E7740D0400581304006C1304004B
:108A40000F000200F18B030089860300488B002091
:108A500038B5044602F05EFFE5692DB12B69E3618C
:108A600033B1E38C013BE38402F046FF284638BD76
:108A70002362F6E72DE9F04184690CB3A388656AA7
:108A800000271A0480463E4606D4264695B12C4659
:108A9000A388656A1A04F8D55B07F6D46EB17562CF
:108AA000656A2046FEF7C4F92046013707F064F9ED
:108AB000002DECD13846BDE8F081C8F81850F0E739
:108AC00027463846BDE8F0812DE9F0418469002C45
:108AD00044D016460D46DFF88C8001270CE0A388B1
:108AE00003F0C003A3F1C003B3FA83F35B09B342FD
:108AF00015D00027646A4CB323882988994201D095
:108B0000002BF7D163886A889A4201D0002BF1D1FB
:108B1000FDF776FD0028E2D10123B342E9D1B4F894
:108B200004E01EF4004FE4D195E80F0004F1100CAE
:108B30001EF0400F8CE80F0002D1FDF761FD40B937
:108B40002046FFF785FE646A002CD5D13846BDE883
:108B5000F08121464046FDF7A3FFCBE701273846C9
:108B6000BDE8F08151880300F0B5012287B00446CA
:108B7000066A0D46FFF7A8FF10B9E38C092B01D94F
:108B800007B0F0BD95E80F0002AD85E80F00182092
:108B900007F0FBF806AB074613E9030095E80C0065
:108BA0008DE80300384601F079F802F0B3FE66B1B3
:108BB00033693B6137613B695BB1E38C0133E3842B
:108BC00007B0BDE8F04002F097BEE3693B61E761A2
:108BD000F2E72762F1E700BF82B008B502A9C1E958
:108BE0000023FFF7C1FFBDE80840002002B0704736
:108BF00082B038B5054604A981E80C00FFF73AFFBA
:108C00002846FFF725FF90B1044604E02846FFF709
:108C10001FFF044658B1002221462846FFF754FFA3
:108C2000204607F0A9F8FDF785FD0028EED1BDE844
:108C3000384002B0704700BF024B1888421C1A80AF
:108C4000704700BFFC810020C08800F00300A0F145
:108C50000300B0FA80F04009704700BF82B070B5E1
:108C60000C4684B005464968206802AC03C40399E9
:108C700008AC481084E80C00CB0745BF2A58029B7B
:108C8000029CD4580AAB2E1893E803008DE8030029
:108C900008AB0CCB3046A04704B0BDE8704002B032
:108CA000704700BF10B5034B03600446FEF71EF982
:108CB000204610BDAC13040010B5054B03600446FC
:108CC000FEF714F9204607F057F8204610BD00BF04
:108CD000AC13040082B070B588B00CA981E80C0018
:108CE0004289BDF83050BDF83230954204460BD071
:108CF000022B27D0052B00F08680012B78D008B0FE
:108D0000BDE8704002B070478189022B0E461AD030
:108D1000052B5AD0012BF2D1C3888D4243F00103B9
:108D2000C38068D0A9426AD003F00203002BE6D0CA
:108D300001231A46A18804A800F06AFF23890133A1
:108D40002381DCE71646B24217D0A189B14265D033
:108D5000954267D0A3899D42194600F09C80A17B73
:108D6000012900F0C1809D4200F0AE809542C6D13D
:108D7000E38823F01003E380C1E7E38803F00103F5
:108D8000002BE5D001230222A188684600F040FFB5
:108D900063899D4200F09080A289A188AA4250D0A8
:108DA0000123032204A800F033FF6289B24203D1F9
:108DB000E38843F01003E380A389B34200F08F807F
:108DC000954266D09D429AD168E0C3888D4243F0B7
:108DD0000403C3801AD0A9421CD003F00803002B5F
:108DE0008DD0A1880123052204A800F011FF86E799
:108DF0008689B54203D1E38843F00203E380E38828
:108E000003F0010392E78689B54203D1E38843F07A
:108E10000803E380E38803F00403E0E7E38803F05A
:108E20000203ADE7E088C6061FD5A38920F0010143
:108E300089B29D42E18028D02A4621F00401E180D8
:108E400091E7E28802F008000028A9D0B34238D0A8
:108E5000A389B342A4D102F00802002AA0D00123C2
:108E6000042204A800F0D4FE9FE7A37B012B3ED18F
:108E700000F00403002B37D001230422294604A864
:108E800000F0C6FE6289A3899AE720F0030189B247
:108E9000D2E7E088CAE7E38898062BD5E38823F079
:108EA000020189B29542E1802AD023F00A039BB2E5
:108EB00023F02003E38022E7E288A18802F0040087
:108EC000C2E702F00402C8E7E18821F008039BB280
:108ED0009542E38004BF21F018039BB2E8E7E188E4
:108EE00041F02001E1806BE701230322C6E7A1895D
:108EF0000B4665E7A07B0128FAD103F00803B9E728
:108F00002B469AE7817370472DE9F04F83B0DDE976
:108F10000C9ABDF83870002B40D0B9F1000F3AD050
:108F20000F2901D1C02F39D1804628201D460E4679
:108F3000934606F02AFF0446103000F089FE182000
:108F40002680A4F802B006F020FFCDE9009A06467C
:108F50006B46024603CB46F80C5B0023D8F8005062
:108F6000D360E3607360506091606D68114912488E
:108F7000A26047F002078D42A780C4E90833506120
:108F80000FD12046FDF754FF204606F0F5FE0B48B2
:108F900003B0BDE8F08F1AF0010FC1D16FF47A7001
:108FA000F6E740462146A8470028EAD103B0BDE8CD
:108FB000F08F00BFAD5E03005D8C030016FCFFFF69
:108FC0002DE9F0471C4F044688B0884616461D46DA
:108FD000FDF7A8FF3A681949A5800025A4F80A8082
:108FE000A6812160A57312B3DFF854A0CDE904A5D2
:108FF00004AB93E803004FF0C0098DE8030023465B
:1090000041461046CDF808902A46FFF77DFFCDE98E
:1090100006A508AB13E903003F68CDF808908DE87A
:1090200003002A46234638463146FFF76DFF2046A7
:1090300008B0BDE8F08700BF488B0020AC130400E7
:10904000D58C030010B50368DFED2C7ADB692DEDBC
:10905000028B90ED098A044628EE278A984707EE8E
:10906000900AB8EEE76AD4ED096A94ED077AC8EE83
:10907000067A77EEE67AC7EE877A17EE900A04F062
:1090800023FC94ED0A6AD4ED066A94ED087AE3882D
:1090900076EE266A07EE900AF7EE005AC7EE877A58
:1090A000DA0785EEA67A37EE277AC5EE877A77EE6D
:1090B000C67AFCEEE77A14D56189228A17EE903AD7
:1090C000BDEC028B9BB2C1F57F70033001FB03F353
:1090D00000FB02339B1223822046BDE81040FEF7BE
:1090E0003DBABDEC028B43F00103E38017EE903AEA
:1090F00020462382BDE81040FEF730BA00C07F440E
:1091000010B5034B03600446FEF72EFD204610BD4C
:10911000D013040010B5054B03600446FEF724FD90
:10912000204606F029FE204610BD00BFD0130400E3
:109130002DE9F84304469946DDF82080099F0A9EF0
:109140000B9DFEF735FD064AC4F81890C4F81C8044
:1091500027626662A56222602046BDE8F88300BFF0
:10916000D013040010B5044B036000230446C380F1
:10917000FCF74AFF204610BD740D040010B5064BE5
:10918000036000230446C380FCF73EFF204606F040
:10919000F3FD204610BD00BF740D040082B000B581
:1091A00085B0816A0DF1180C00208CE80C0081F864
:1091B0000C02012365220721684600F029FD05B055
:1091C0005DF804EB02B0704782B070B50C4684B015
:1091D00005464968206802AC03C4039908AC4810EE
:1091E00084E80C00CB0745BF2A58029B029CD45848
:1091F0000AAB2E1893E803008DE8030008AB0CCBF4
:109200003046A04704B0BDE8704002B0704700BFD0
:109210002DE9F0410B4D0560002504464560884668
:1092200017461E46FCF782FEC4E902870648206006
:109230002661A56284F82D5084F82C502046BDE8A4
:10924000F08100BF740D040030140400F0B5044632
:1092500083B00F46002964D0826AD2F8083299425E
:1092600028BF1F46DB1BC2F8083290F82D30781E4D
:1092700073B3A36A03F108010FB303F11005D3F828
:10928000FC21561CC3F8FC611378A26A03F00F0698
:1092900084361B1152F8262045F8082CA26A843324
:1092A000013852F8233045F8043C421C05F108050A
:1092B000A36AE4D101EBC70703F108017F1AA06894
:1092C0001B4B056800943A466C68A04703B0F0BD9C
:1092D000A56A05F10801002FF1D000EB400005F16F
:1092E0000E0C844405F10B0300E0A56AD5F8FC21BF
:1092F000561CC5F8FC6112788432033355F82220DD
:1093000003F8062C150A120C03F8055C03F8042C6C
:109310009C45EAD1A36A03300F1803F108017F1AB4
:10932000CDE740F28D30FBF7FDFFA16A0831C6E7BB
:10933000619503002DE9F041826AD2F808328B4230
:1093400038BF23F0030182B00646002900F08B806D
:109350005B1AC2F80832836A90F82D50D3F8FC41AA
:10936000890803F5047003F10802002D4CD0002990
:1093700000F08380283304EB810554F804CB0CF013
:109380000F07CCF3031E50F8277043F8207C50F8E9
:109390002E7043F81C7CCCF30327CCF3033E50F82B
:1093A000277043F8187C50F82E7043F8147CCCF3E7
:1093B0000347CCF3035E50F8277043F8107C50F855
:1093C0002E7043F80C7CCCF303674FEA1C7C50F8FA
:1093D000277043F8087C50F82C7043F8047CAC42AA
:1093E00003F12003C9D1B36A02EB4112C3F8FC5167
:1093F000B068B16A0368009608315C68204B521A65
:10940000A04702B0BDE8F081B9B3143304EB810585
:1094100054F804CBCCF3072E5FFA8CF750F82E806B
:1094200050F82770CCF3074E47EA086743F80C7CE6
:1094300050F82E704FEA074E4FEA1C6C4EEA182E79
:1094400043F808EC50F82CC03F0C47EA0C27AC421C
:1094500043F8047C03F10C03DAD101EB410102EB88
:109460008102B36AC2E740F28D30FBF75BFFB36A5B
:10947000D3F8FC5103F10802B8E72546B6E700BF70
:1094800061950300836A13B193F80C3203B97047F6
:1094900065210720FDF770BA2DE9F04100F11407AE
:1094A0008F420446154602D03846F9F7E9FF206995
:1094B000194E03681B68B34221D1E06818B10368F4
:1094C0001B68B34221D1A068036839461B6801229A
:1094D0009847206903681B68B34213D16A1E002AAB
:1094E00005DDA068036804F115011B689847E06872
:1094F00018B103681B68B3420AD1BDE8F0810021AE
:109500009847DAE701219847E8E700219847DAE72A
:109510000121BDE8F0411847917D03000346002971
:1095200008BF2C2170B503F8141F04461946012208
:10953000FFF7B2FF2069094D03681B68AB4206D1F3
:10954000E06818B103681B68AB4203D170BD01210C
:109550009847F5E70021BDE870401847917D03006A
:10956000F0B5846AD4F8047285B0064687B300214A
:1095700004F108054FF4FA72C4F804122846FBF708
:1095800011F93B1F07F13C00E21D53F8041FC1F322
:10959000854102F8011F1968C1F3852182F8201066
:1095A00019688342C1F3850182F86010EDD12D2145
:1095B0003046FFF7B3FFB068036829461B68802276
:1095C0009847F06820B10368364A1B68934257D128
:1095D000D4F8001200294AD096F82D20D4F8083289
:1095E00092B9D4F8FC11002B36D1F06820B1036891
:1095F0002C4A1B68934251D10123642207216846FB
:1096000000F006FB05B0F0BDB3B923684A1CB1EB0E
:10961000430FC4F80022E8D26368D4F8FC11013388
:109620005B08D20758BFC91AC4F8083258BFC4F83B
:10963000FC11002BD9D00FE0D4F8FC1101F003018C
:1096400071B9032B24D996F82D303046DBB9A4210B
:10965000FFF770FE05B0F0BD01F003010029F0D066
:10966000C1F104013046FFF7F1FD05B0F0BD304611
:10967000FFF754FFD4F800120131C4F80012ABE731
:1096800001219847A4E73E21FFF754FE05B0F0BD45
:1096900019463046FFF7DAFD05B0F0BD01219847C5
:1096A000AAE700BF917D03002DE9F047D0F828908C
:1096B00082B004460E4615461F46B9F1000F32D05F
:1096C00099F80C32002B40F0A08094F82C30002B3D
:1096D00040F09B800A9BC9F80432A36A012283F8F8
:1096E0000C22A36AC3F8FC61A36A1D60A36A5F60D1
:1096F000A36A1744D740C3F8087294F82D3053B1C9
:10970000A36A00252046C3F80052FFF729FF284628
:1097100002B0BDE8F087A26AD2F8083205FB03F573
:10972000C2F80852ECE74FF4C26006F02EFB4FF48B
:10973000C262A06249468046FBF734F894F82D30A7
:10974000002B4CD008F503734946CA0042EAE102F7
:1097500041EA411042EA002292B2013142EA024259
:10976000102943F8042FF0D12C4B2820D3F8009077
:1097700006F00BFB8046103000F06AFA284BC8F860
:109780000030182006F001FB26490022CDE9001226
:109790008646EC460346BCE803004EF80C4BDA6004
:1097A000CEF8042058609960D9F80010C8F80C2051
:1097B000D1F804A01C49C8F808301220C8E90822D2
:1097C0008A451A4AA8F804005A6120D14046FDF79C
:1097D0002FFB404606F0D0FAD4F8289070E708F541
:1097E000037003F00F02191102EB022E01EB011CB2
:1097F00002EB0E1201EB0C21013342EA0122B3F518
:10980000807F40F8042FECD1AEE7094880E7484656
:109810004146D0470028DFD0D8E700BF488B002062
:10982000070064009D910300AD5E0300C991030031
:1098300012FCFFFF90F82C208A422BD030B5044652
:1098400083B00D46B9B1836A102101228DF807104B
:1098500080F82C2033B193F80C321BB1652107201E
:10986000FDF78AF8204601220DF10701FFF714FEEB
:10987000002003B030BD02A9112301F8013D0122EF
:10988000FFF70AFE7820FDF751F8002084F82C50ED
:1098900003B030BD002070472DE9F84307460B4662
:1098A00000F1150800F114090FE03A755C7824F016
:1098B00080052A46F9F7E4FD6A1C49463846FFF759
:1098C000EBFD220606EB050307D41A789E1C3146F1
:1098D0004046002AE9D1BDE8F8835C1C705DFDF7C5
:1098E00025F82346F1E700BF38B50446C06890B1BB
:1098F00003680F4D1B68AB4216D1206903681B68D3
:10990000AB420ED10A20FDF711F820460949FFF7B6
:10991000C3FF002038BD2069054D03681B68AB42BA
:10992000F0D001219847EDE701219847E5E700BF16
:10993000917D0300F013040070B584B0013B089CD6
:109940008DF802100B44013C14441D128DF80430B4
:109950000B1211128DF8035026128DF801308DF87C
:109960000A202A238DF80C408DF80910044602A91C
:109970002B2505228DF808308DF80B608DF80050EE
:10998000FFF78AFD204605226946FFF785FD04B0F2
:1099900070BD00BF30B583B0130C150A14468DF8A6
:1099A00005303622B123FF298DF806508DF8074087
:1099B0008DF801108DF800208DF80430054603D095
:1099C00002226946FFF768FD6FF07F439C4209D091
:1099D0009DF80730FF2B28460CBF0322042201A963
:1099E000FFF75AFD03B030BD10B5406882B00023C8
:1099F00004680093E468A04702B010BD30B5406829
:109A000085B00468089D01930023029500932469A2
:109A1000A04705B030BD00BF014AC0E90021704732
:109A200050140400704700BF002070470048704782
:109A300016FCFFFF8369C2681344002B59DD90F8C0
:109A40002030002B5CD010B5816A0B68044686B0CC
:109A50001B6801A89847E068A369C218002A31DC96
:109A60006269002A2CDD21698A422BDB53BB8A42C2
:109A700000DB4BB10133A361FCF74EFFA369E06843
:109A8000013B0028A361E8DC023001A904EB80005F
:109A900000F058F9019B22695988E368606A0A441A
:109AA0000133C4E9033228B194F82030CBB1036804
:109AB0001B68984701A800F03DF9002006B010BDD2
:109AC000002BE1D0A18B40F2FF30FCF7A1FDA36990
:109AD000E0681A18002ACDDC6269002AC9DD216914
:109AE000C5E7E28B012340F2FF3102A800F090F8B5
:109AF000E0E74369002BA6DD02699342A3DA9EE703
:109B00006FF47B70704700BF10B401704270436007
:109B10005DF8044B704700BF82B030B402AC84E8FB
:109B20000C000D46034694E807009DF8144083E8B6
:109B30000700B4B1687818B149425242C3E9011232
:109B40006A68022A11D0032A2AD0012A22D0012CC5
:109B500015D0022C05D1D3E9011249425242C3E982
:109B6000011230BC184602B07047D3E90012012C34
:109B7000C1F10001C2F10002C3E90012E9D130BC19
:109B8000D3E900109A68186052421846C3E90112DE
:109B900002B07047D3E90021524219605A60D6E7FB
:109BA000D3E90012524259601A60D0E782B010B572
:109BB00082B004AC84E80C000B78069C019304ABE3
:109BC0000CCB00940446FFF7A7FF204602B0BDE887
:109BD000104002B0704700BF30B50B4B1C6883B01B
:109BE00024B12268094B15689D4201D103B030BDF4
:109BF00000F10802034692E803008DE803002046C6
:109C00000CCBA84703B030BD488B00206186030011
:109C100038B50180428004461D46FDF7A9FEC4E91F
:109C2000020115B12046FFF7D7FF204638BD00BF1F
:109C3000D0B5DDE904679DF8183001800446C0E91D
:109C4000026742800BB1FFF7C7FF2046D0BD00BFBF
:109C500010B5002303600446FDF78AFEC4E9020143
:109C6000204610BD30B50B4B1C6883B024B1226870
:109C7000094B15689D4201D103B030BD00F10802C7
:109C8000034692E803008DE8030020460CCBA8476A
:109C900003B030BD488B00206186030082B038B528
:109CA000002504A90560044681E80C00FDF760FE6C
:109CB00004AB0FCB256184E80F002046BDE8384097
:109CC00002B0704770B50546101D14460E46F4F7F5
:109CD0002FFF286000F088F82B685C8028682246F7
:109CE000043031461EB1BDE87040F9F7C9BBBDE88C
:109CF0007040FAF757BD00BF014B0360704700BFCB
:109D0000581404000A1E10B5044604DD0021FFF7B4
:109D1000D9FF204610BD024B0360204610BD00BF96
:109D20005814040010B504460868206000F026F8B6
:109D3000204610BD10B50446006800F033F82046F8
:109D400010BD00BF38B504460B680068984206D0C5
:109D50000D4600F027F82868206000F00FF8204634
:109D600038BD00BF002906DB03685A888A4202DB3F
:109D70005980002070476FF47A70704703884FF65F
:109D8000FF7293420CD0012B10B5044601D0DA07C4
:109D900003D41E20FBF7C6FA23880233238010BDAC
:109DA000704700BF03884FF6FF72934219D0012B12
:109DB00010B5044607D0DA0705D5023B9BB2012B4C
:109DC000238009D010BD1E20FBF7ACFA2388023B8C
:109DD0009BB2012B2380F5D12046BDE8104000F056
:109DE00001B87047F4F7F4BC03230380704700BF49
:109DF000D0E9002303F10053013B10B402EBC3048C
:109E0000A24210D852F8333099420CD8A21A22F04C
:109E100007022346A21A03E053F8080D814202D834
:109E200093421C46F8D160685DF8044B704700BF50
:109E3000D0E9002303F10050013802EBC0039A423D
:109E400052F8300016D8814215D89A1A22F007022B
:109E500010B49A1A03E053F8080D814206D89342D1
:109E60001C46F8D118685DF8044B704720685DF80F
:109E7000044B704770477047D0E9002303F100504E
:109E8000013802EBC0039A4252F830001FD88142D9
:109E90001DD89A1A22F007029A1A9342184615D032
:109EA00010B453F8084DA14206D8934218460BD07F
:109EB00053F8084DA142F8D900685DF8044B081A20
:109EC000B0FA80F0400970471868F6E71868081A79
:109ED000B0FA80F04009704782B070B582B0044695
:109EE00008A906A880E80C0003C9266865698DE802
:109EF000030006AB0CCB3046211DA84702B0BDE8DD
:109F0000704002B0704700BF08B502680B689A4203
:109F100001D0002008BD04311022043005F059FFA3
:109F2000B0FA80F0400908BD38B50D4B994214D9FC
:109F30000C4A914294BF4FF080624FF0C862C368F0
:109F4000094800240625C3F80045C3F82425C3F8B2
:109F50000055FCF775F9204638BD4FF0CC72EEE79E
:109F60008FD003007F1A060068140400F0B585B096
:109F700004AC066804F8012D9DF82C700097224669
:109F80001F46B669012305460C46B04738B92B6811
:109F9000009021463A461C6A0A9B2846A04705B015
:109FA000F0BD00BF70B504468068036801211B68DE
:109FB00098476068036801211B6898470420FCF7F4
:109FC0008FFF00256068036802219B68984701465F
:109FD00000BBA06803681B6898470420FCF780FF5B
:109FE000A068036801211B680D4498470420FCF712
:109FF00077FF092DE6D16068036800211B68984748
:10A000000420FCF76DFF6068036801211B68BDE850
:10A0100070401847002DEED170BD00BFF8B5044662
:10A020001F460D46164602F0BDFB1B4B2360C4E9DC
:10A0300001563FB3384601F043FDE06040B320468F
:10A04000FFF7B0FF2B6802219B68284698473368CA
:10A0500002219B68304698470A20FCF741FFE368DD
:10A06000327C287CC3F808254FF0CC710622C3F857
:10A070000C05C3F824150A20C3F80025FCF730FFAF
:10A080002046F8BD012001F03DFDE0600028D6D15A
:10A090005A20FBF747F9D2E7801404002DE9F0417C
:10A0A000DFF85080124FC268054682B000200126BA
:10A0B00012FA81F102E0D2F824312BB90C68002C9D
:10A0C000F9D002B0BDE8F081D2F8C414C2F8C414CB
:10A0D0004046FCF7B5F8EA68C2F82441D2F82431CA
:10A0E0000193019B16624FF4827156613846DFE797
:10A0F0000EFCFFFF5C14040070B4C468C1F3470198
:10A10000C4F888150021C4F8041187B0D4F804619C
:10A110000496049EC4F82411D4F824610396039E87
:10A12000C4F86011D4F860610296029EC4F8501120
:10A13000D4F850619DF828500196019EC4F844253A
:10A14000C4F8483595B14FF48073C4F80032C4F8B0
:10A150004811D4F848310593059A01234FF4A471AE
:10A160002362A36007B070BCFFF798BF01234FF4D0
:10A1700000724FF48271C4F800222362A36007B01A
:10A1800070BCFFF78BBF00BFF0B5C468C1F34701D7
:10A19000C4F888150021C4F8041183B0D4F8047100
:10A1A0000197019FC4F82411D4F824119DF8206070
:10A1B00000910099C4F83425C4F838356EB90123EC
:10A1C0004FF480524FF48271C4F80022236223605E
:10A1D00003B0BDE8F040FFF761BF012626624FF4EF
:10A1E000AE7126600546FFF759FF08B103B0F0BD18
:10A1F000EB6828464FF4A471DE6103B0BDE8F0407F
:10A20000FFF74CBF0C4B03F1240270B50546036009
:10A21000826000F1240600F12C04043C2046FFF784
:10A2200089FDA642F9D1054B2B6000232846EB801F
:10A23000FBF7EAFE284670BDB4140400740D040058
:10A240000E4B03F1240270B505460360826000F1F5
:10A25000240600F12C04043C2046FFF76BFDA642C7
:10A26000F9D1074B2B600023EB802846FBF7CCFE8F
:10A27000284605F081FD284670BD00BFB4140400D7
:10A28000740D04002DE9F843594C04600024446027
:10A2900005460E4690469946BDF82070FBF746FEEF
:10A2A0005448EE6000F12403AB60286005F12400FF
:10A2B000FFF722FD05F12800FFF71EFD4E4EE9686D
:10A2C0004E4890FBF9F000014FF0802301224FF43B
:10A2D0007F4CB0F5004FAF80C5F82C806C616C747A
:10A2E0002C74A5F820C0AA74EA743360C1F8004544
:10A2F000C6E90133F36077DB2346013340FA03F20A
:10A30000B2F5004FF9DA072B30DD3D480023022477
:10A31000C1F804350122C1F810458142C1F8483521
:10A320004FF00404C1F82835C1F84C35C1F82C357C
:10A330004FF03003AA74EA74C1F81425C1F8004242
:10A34000C1F8043330D02F4B99423FD02E4B994265
:10A350001CD0E86A0268012352682B74C1F80035EA
:10A3600005F1080190472846BDE8F8831C4612FA1B
:10A3700003F348BF0F331B11C1F80C45C1F8082582
:10A38000EB611E4A92FBF3F3AB61BEE71F4A204B21
:10A3900092682049C2F8C8101F480422C3F88421DB
:10A3A0005A60E9688560D4E71B4A184B15609A68C3
:10A3B0001A49C2F8B010A3F540634FF08052C3F8B9
:10A3C00080211A60E9680F4B9942BFD10F4A104BA8
:10A3D00092681349C2F8C4100F480222C3F88421BE
:10A3E0005A60E9684560B1E702462346BFE700BF0F
:10A3F000740D0400B41404004C8B002040420F0084
:10A4000000C00140001002400020024000ED00E0CA
:10A4100000E100E049A603005C8B002029A60300B0
:10A4200039A6030080697047C368D3F808057047F0
:10A430000901B1F5004F10B41DDB0023013341FACF
:10A4400003F2B2F5004FF9DA072B18DC1C4612FABA
:10A4500003F3C16848BF0F331B11C1F80C45C1F8A5
:10A460000825084AC36192FBF3F30022836110467A
:10A470005DF8044B704700240A462346E7E76FF473
:10A480007A72F4E740420F00C0697047C274817469
:10A49000C36839B93022C3F81415C3F80012C3F8E1
:10A4A00008237047012004213022C3F81405C3F8A3
:10A4B0000012C3F80423704770B590F921308B4225
:10A4C00082B03ED04369B3B9827C002A36D0427C48
:10A4D000002A33D0C27C8ABBC268204D02EB4112F5
:10A4E000B1FA81F149090824C2F82055C2F824457F
:10A4F00080F8211022E00D46C16A0B6805F10906BB
:10A5000004461B6800EB860601A8984701A930465F
:10A51000FFF718FC01A8FFF70DFC04EB8503E168C9
:10A520005B6A626901EB4511181DC1F820055B8863
:10A53000013A5B10C1F8243501236261184602B06C
:10A5400070BDC368002201245C604FF47F41134654
:10A5500042740184184602B070BD00BF4C8B0020CD
:10A5600038B54369817C01330446436119B1637C8A
:10A5700063B1002038BDFFF79FFFC8B1E368012237
:10A580009A60A37C002BF2D1002038BD01256574B0
:10A5900094F820102046FFF78FFF94F820302B44CA
:10A5A0002B4084F820303BB9E36801229A60E0E751
:10A5B000E37C002BE5D0E1E763691BB900236374FA
:10A5C000002038BD29462046FFF776FF94F820305A
:10A5D000013303F0010384F82030002BEED1E3E7D0
:10A5E000A0F10800FFF7BCBF38B5C368D3F810214D
:10A5F000044672B9D3F8143103B938BD002584F884
:10A60000205001212046FFF757FFE368C3F814519B
:10A6100038BD012380F820300021FFF74DFFE368AB
:10A620000022C3F81021E5E7024B186808B1FFF7D4
:10A63000DBBF70475C8B0020024B586808B1FFF706
:10A64000D3BF70475C8B0020024B986808B1FFF7BE
:10A65000CBBF70475C8B0020032A23DC70B502F56A
:10A66000AC76C2680B7C52F826209A4218D00B6850
:10A670000C4605469B6D08469847236800211B68D9
:10A68000204698472368EA68217C42F82610204635
:10A690009B6D9847E38843F00803E380002070BD7A
:10A6A000002070BD6FF47A70704700BF70B4C56849
:10A6B0000C7C00234FF0FF3605EB83020133D2F808
:10A6C0006005A04208BFC2F86065042BF4D1CB88B6
:10A6D00023F008030020CB8070BC70476FF47D70BE
:10A6E000704700BFC1600020704700BF0279D207E9
:10A6F0002ED5C28802F0E10238B5044682B1017C51
:10A7000001F01F002029134A38BF4FF0A042012357
:10A71000D2F810258340134214BF0120002038BD19
:10A7200003689B6D9847217C0A4AE3881F2998BFDC
:10A730004FF0A04201F01F0002EB800243F0010342
:10A74000D2F8005725F00305C2F80057E380D9E797
:10A75000014870470003005016FCFFFF10B5036866
:10A7600004461B6C9847236820465B68BDE8104090
:10A77000184700BFF0B40479A40728D5002922DBCC
:10A78000002A20DD002B1EDDB4294FF47A74A8BF07
:10A79000B42104FB01F10F4F05680F4EED6A8908E3
:10A7A000A7FB017102EBD277A3EB670304FB03F372
:10A7B000890802FB013286FB0231D2172B46C2EB1D
:10A7C000A111F0BC18476FF47A70F0BC70470348D1
:10A7D000FBE700BF176CC116D34D621016FCFFFFDC
:10A7E000C08800F00500003018BF0120704700BF8E
:10A7F000037C0B4A1F2B98BF4FF0A04203F01F03AE
:10A80000D2F81415012202FA03F30B4206D1C088D4
:10A8100000F00A00003018BF012070471046704752
:10A8200000030050C08810F0030018BF01207047DB
:10A83000C08800F00C00003018BF0120704700BF36
:10A8400003684FF47A725B6B02FB01F1184700BF9B
:10A8500008B503689B6B9847024BA3FB0030800947
:10A8600008BD00BFD34D6210027C0F4B202A38BFB9
:10A870004FF0A04302F01F0203EB82030129D3F83B
:10A880000027417122F00C0207D0022908BF42F0D4
:10A890000C02C3F800270020704742F00402C3F8FE
:10A8A00000270020704700BF00030050D0F810358B
:10A8B00021EA0301C0F81815704700BFD0F8103521
:10A8C0001940C0F818157047704700BF10B504460E
:10A8D00005F052FA204610BDC3882DE9F041044628
:10A8E000180714D52B4DDFF8BC8005F10C06FF27A7
:10A8F00055F8040B40B12146FFF7D8FE55F8042C5B
:10A90000D8F800309A4238D0B542F1D1E388D90660
:10A9100005D5606928B1026852699047E3885A06F4
:10A9200020D413F0E00F16D0207C1B4A1B4D1F28AB
:10A9300000F01F0198BF4FF0A04202EB8102D2F855
:10A94000001721F44031C2F800172A680121814024
:10A9500022EA01022A6003F410630022E3806261AC
:10A96000BDE8F0816569002DDBD0284602F0CAF809
:10A97000284605F001FAE388D3E7094B207C191D2E
:10A9800013F9012B824208BF03F8017C9942F7D1E9
:10A99000BAE700BF5C8B002000030050408C002011
:10A9A0001C800020308C002003799A0719D5C388B9
:10A9B0005B0710B5044606D403689B6D9847E3888F
:10A9C00043F00403E380084B186840B1214601F0CE
:10A9D000F9FA20B101F0E2FAC0F30F1010BD0348FC
:10A9E00010BD0248704700BF2C8C002016FCFFFFF2
:10A9F000C3881B0735D570B51B4D1C4C28682DED41
:10AA0000028B0E46FFF710FD08EE900A31462868CB
:10AA1000FFF70EFDF8EEE88A04F10806238828689F
:10AA200007EE103AB8EE478AFFF7FEFC07EE900AF1
:10AA3000B8EEE77A27EE087AC7EE287AFCEEE77AD6
:10AA400017EE903A24F8023BB442E7D1084B07498D
:10AA500018680822012302F0A1F9BDEC028B002046
:10AA600070BD0448704700BF308C0020348C00203B
:10AA70003C8C002016FCFFFF38B50379DB0739D585
:10AA8000027C012302F01F04A34069B91A491F2A5E
:10AA90008CBF0A464FF0A042C2F80C35C38813F0B1
:10AAA00002050DD0002038BD13491F2A8CBF0A466D
:10AAB0004FF0A042C2F80835C38813F00205F1D167
:10AAC000036804469B6D9847227C0B4BE1881F2A44
:10AAD00098BF4FF0A04302F01F0203EB820341F046
:10AAE0000202D3F8001741F00101C3F8001728460D
:10AAF000E28038BD014838BD0003005016FCFFFF5E
:10AB000038B5027C1B4B202A38BF4FF0A04302F01F
:10AB10001F020125D3F8144505FA02F2144224D18C
:10AB20000D460446D1B9C3F80C2518461146FFF767
:10AB3000C5FE217C0F4B202938BF4FF0A043D3F82E
:10AB40001435134213D0236820469B6D9847236821
:10AB500029461B6820469847002038BDC3F80825C1
:10AB600018461146FFF7A2FEE3E7002038BD024871
:10AB700038BD00BF0003005012FCFFFFC3881B0755
:10AB800003D5034B1868FFF77FBC0248704700BF2E
:10AB9000308C002016FCFFFF70B5044615464FF4BC
:10ABA000807600220D4821812F2D23712574E680A7
:10ABB0002060E260627102D93220FAF7B3FB084AE2
:10ABC0000849094B42F8254000204FF0004540223B
:10ABD0006061C1F804531A60204670BDE41404009B
:10ABE000688B00200060004000E100E00379DB0793
:10ABF00041D570B5C388DA0682B00D46044603D548
:10AC0000C3F3C023994234D0236820469B6D9847F4
:10AC1000012D1ED0236820465B689847182005F058
:10AC2000B4F8002322892146CDE9003301230646EA
:10AC3000FDF780F8E388666123F400639BB243F07C
:10AC40001003E38033689B69304602B0BDE8704072
:10AC50001847282005F099F8084A4FF0FF3312688A
:10AC60002146064601F0E0FFE388666143F4006395
:10AC7000E5E74669E6E70248704700BF288C0020F8
:10AC800016FCFFFFC188C1F3C021FFF7AFBF00BFB3
:10AC900010B5044684B00A46002368462189FEF7B1
:10ACA000B7FF63694BB1029A99699A616846521A73
:10ACB0000023CDE90223FEF7D5FF04B010BD00BF8D
:10ACC00010B5C388590688B0044609D49A060DD435
:10ACD0001B0603D5E3680BB10120984708B010BDEF
:10ACE0000521FFF7D5FFE3889A06F1D5002301205F
:10ACF000002221890290CDE9002304A80222FEF758
:10AD000097FFE388E4E700BF10B5C388590688B011
:10AD1000044609D49A060DD41B0603D5E3680BB18B
:10AD20000020984708B010BD0421FFF7B1FFE38869
:10AD30009A06F1D500230120002221890290CDE955
:10AD4000002304A80322FEF773FFE388E4E700BFB3
:10AD5000234BD3F87C21002A41D02DE9F041002477
:10AD6000204E214FC3F87C4101254FF0A04806E05A
:10AD7000C2F800C7FFF7C8FF0134202C24D0326886
:10AD800005FA04F31342F7D057F82410A200002963
:10AD9000F2D0D8F82005034202F1A042ECD0D2F85C
:10ADA0000037C3F3014E23F44030BEF1020F40F4EC
:10ADB000003C0846DCD143F44033C2F8003701348C
:10ADC000FFF77EFF202CDAD14FF0A041074A4FF069
:10ADD000FF33C1F82035C2F82035BDE8F081704757
:10ADE00000600040408C0020688B00200003005071
:10ADF000F8B5C38813F0E00F04460D461ED023F0CB
:10AE0000E003022D4FF000019BB243D0032D06D08A
:10AE1000012D08BF43F08003E3800020F8BD43F01C
:10AE20004003E3800029F8D0202004F0AEFF214643
:10AE3000054601F001FE65610020F8BD0368417917
:10AE40009B689847227C194B1F2A98BF4FF0A0435C
:10AE500002F01F0603EB8601D1F8007727F4403794
:10AE6000C1F80077D8B1D1F8000740F44030C1F8FC
:10AE70000007012101FA06F60D48C3F820650668AF
:10AE8000E38801FA02F2324323F0E003022D02606C
:10AE90009BB2BBD143F02003E3800020F8BDD1F882
:10AEA000000740F40030C1F80007E2E7000300505B
:10AEB000408C002000B583B0042920D8DFE801F0E1
:10AEC000100A0A0A030003689B6A9847002003B02F
:10AED0005DF804FBFFF78CFF002003B05DF804FB76
:10AEE000C38803F0F0031BB9084603B05DF804FB08
:10AEF000036801919B6D984701990846E7E76FF455
:10AF00007A70E4E738B5C3885B0604460D4605D57C
:10AF100029466069BDE8384001F0FCBC0368084A76
:10AF20001B6D93424FF0030107D1FFF761FF2946E4
:10AF30006069BDE8384001F0EDBC9847E8E700BF24
:10AF4000B5AE0300027C0A4B202A38BF4FF0A04365
:10AF500002F01F0203EB8203D3F8002722F4E06221
:10AF600009B142F44072C3F800270020704700BFC7
:10AF700000030050F0B5154C236883B0CBB1144DDD
:10AF80002E6816B1002003B0F0BD302004F0FDFEA5
:10AF900013230746226800930E493223FFF772F904
:10AFA0003846314601222F60FFF770FA002003B0C7
:10AFB000F0BD382004F0E9FE054601F0B5FE284654
:10AFC0000321256001F05AFED9E700BF3C8C002028
:10AFD000308C002000C0014003799A0754D5B1F5A8
:10AFE000806F53D22DE9F0412A4F067C3A464FF04C
:10AFF000FF34002312F9015BB54208BF1C46013340
:10B00000042BF7D1631C0D4606462AD0DFF89C803E
:10B01000F388D8F8000043F00803F380FFF704FA40
:10B0200007EE905ADFED1C6A1C4D1D4AB8EEE77A18
:10B03000F7EE007AE7EE667A2946012307EE100A5A
:10B04000B8EEC77A106867EE877A0822FDEEE77AD5
:10B0500017EE906A25F8146001F0A0FE0020BDE80C
:10B06000F081FFF787FF0F4BDFF840801C78317CC1
:10B07000D8F80000013404F0030422463955314663
:10B080001C70FFF7E9FAC3E7074870476FF47A705E
:10B09000704700BF1C8000200000803A348C0020E4
:10B0A0003C8C0020FE81002016FCFFFF308C00202D
:10B0B00070B5144D2DED028B044608EE101AFFF703
:10B0C00059FF2868FFF7E0F944F62061884202D072
:10B0D0002868FFF7ADF9DFED0C7A9FED0C7A236855
:10B0E000B8EE488A204628EE278ADB68C8EE077A41
:10B0F000BDEC028BBDE87040FDEEE77A17EE901ACA
:10B10000184700BF308C00200000804400409C465F
:10B11000082A4FF000034175837514BF6FF47A70ED
:10B1200018467047704700BF10B5044604F024FE6F
:10B13000204610BD264BC26910B49A424FF000045D
:10B1400084751ED0234B994214D8234B994230D892
:10B15000224B994229D8224B994231D8214B99420E
:10B1600032D8214B99428CBF4FF080634FF000736F
:10B17000036102E04FF00043036100205DF8044BDF
:10B1800070471A4B994209D8194B9942DAD94FF0B6
:10B19000206303615DF8044B002070474FF0A0531B
:10B1A00003615DF8044B002070474FF000530361CA
:10B1B000E3E74FF0804303615DF8044B00207047E4
:10B1C0004FF080530361D8E74FF000630361D4E789
:10B1D00000F00240FF117A00FF083D007F841E004E
:10B1E0003F420F001FA107008FD00300FF47E80177
:10B1F000FF23F400C369D3F8182182B100B50022FF
:10B20000C3F8182187B0D3F81811036A0191019986
:10B2100033B10262406A984707B05DF804FB70479B
:10B2200001230322182102A8FEF7F2FCF4E700BF75
:10B23000F8B50446C0680121A17508B1FFF782FE88
:10B24000606800286ED00121FFF77CFE606800284E
:10B2500068D0036800211B6898476368A0681D7C5C
:10B26000002864D003685B689847A368E0681E7C88
:10B27000617D002861D00368012994BF002101216C
:10B280001B689847E368617D1F7CE3692069013989
:10B29000C9B200220229C3F8002598BF2C4AC3F87E
:10B2A000087598BF52F82110C3F80C5588BF114695
:10B2B00094F91420C3F810650025C3F82405AA42A8
:10B2C000C3F854154FF042004FF00701C3F8C055C2
:10B2D000C3F80403C3F8001532DB02F1604202F543
:10B2E0006142E02382F8003394F91430002B13DB21
:10B2F0005909603103F01F030122164802FA03F3D3
:10B3000040F8213094F91430002B05DB03F01F01C5
:10B310005B098A4040F8232021690F48BDE8F840C6
:10B32000FAF78EBFA0684FF0FF3500289AD1E06889
:10B33000617D4FF0FF3600289DD14FF0FF37A4E725
:10B34000064B02F00F021344E0221A76CCE700BF4E
:10B350004815040000E100E054150400FCEC00E096
:10B3600038B504460498134DE360C4E90112256022
:10B37000A8B100F0A5FBE061B8B100F0E7FBE1691E
:10B38000207500234FF0805208462261A375637533
:10B3900023622246084900F00DFC204638BD0420F7
:10B3A00000F0B0FBE0610028E7D15A20F9F7BAFFBE
:10B3B000E069E2E774150400F5B103002DE9F047F8
:10B3C000847D82B005468A46DDE90A87164699469D
:10B3D0002CB3B6F5803F35D2B8F5803F32D2EC6958
:10B3E0000020C4F844A5C4F84865C4F83495C4F8EE
:10B3F0003885C4F81801D4F818310193019BC4F8BA
:10B400005005C4F840056FB1012240230C992F620A
:10B4100069622261C4F8043302B0BDE8F087FFF727
:10B4200007FFD6E703211820FBF7F2F8EB690121AB
:10B4300040221961C3F80423FBF76EFA384602B0C4
:10B44000BDE8F0876FF47A70E6E700BFF0B585B02D
:10B45000B2F5803F144606460F469C460A9D02D22E
:10B46000B5F5803F09D363462246394630460A95F2
:10B4700005B0BDE8F04001F09BB900240095CDE98E
:10B480000144FFF79BFF05B0F0BD00BF2DE9F0417F
:10B49000DDE90664DDF82080C4B1B2F5803F0746DF
:10B4A0008C4615469E4602D2B6F5803F0AD3CDE9BA
:10B4B0000748069673462A4638466146BDE8F0417D
:10B4C00001F0A2B9BDE8F041FFF778BF6FF47A70E0
:10B4D000BDE8F08130B585B000250122C17500F1CD
:10B4E000180300F11701CDE9015500920446FFF75A
:10B4F00065FFA842ACBF207E014805B030BD00BF4B
:10B500000AFCFFFF007A704790F910304901002BC8
:10B51000C9B207DB03F1604303F56143002083F800
:10B5200000137047034A03F00F031A4400201176FA
:10B53000704700BFFCEC00E090F91030002B11DBED
:10B540005A0910B460320A4C03F01F03012101FABA
:10B5500003F344F8223043695DF8044B01220020D4
:10B560001A607047436901221A600020704700BFCB
:10B5700000E100E090F91030002B07DB03F01F0022
:10B5800001225B090249824041F8232000207047D4
:10B5900000E100E010B503680446DB6A9847636980
:10B5A00001225A60002010BD90F91030002B0DDBF5
:10B5B0005A0920320121064803F01F0301FA03F360
:10B5C00040F82230BFF34F8FBFF36F8F00207047DA
:10B5D00000E100E038B503680546DB6A98476B690F
:10B5E0000122DA60DC68002CFCD12B6828465B6AFB
:10B5F0009847204638BD00BF012902D006D3022952
:10B6000002D14369C3F80415002070474369002242
:10B61000C3F8042500207047437A013B99420FDCB0
:10B6200010B44FF48033446901F5A87003FA01F1B6
:10B6300044F820200020C4F804135DF8044B704740
:10B640006FF47A70704700BF437A013B994211DC76
:10B6500030B4446904EB81054FF48033D5F84005DC
:10B6600003FA01F10244C5F840250020C4F8041390
:10B6700030BC70476FF47A70704700BF437A013B6B
:10B68000994208DC42694FF4803303FA01F1C2F8B1
:10B690000813002070476FF47A70704738B503685C
:10B6A0000446DB6A9847636922680121D964D3F8AC
:10B6B0004C55536A20469847284638BD032907D879
:10B6C000DFE801F01009020243690222C3F80825ED
:10B6D00001720020704743690022C3F808250172F7
:10B6E0000020704743690122C3F808250172002039
:10B6F000704700BF10B5044B036000230446C380AD
:10B70000FAF782FC204610BD740D040010B5064BFC
:10B71000036000230446C380FAF776FC204604F059
:10B720002BFB204610BD00BF740D040038B5024647
:10B73000B1B190F91030002B1BDB5D090F49104CA3
:10B7400051F8251003F01F0321FA03F303F0010160
:10B75000DB07217002D50368DB6A9847002038BDFB
:10B76000074B1B78002BF9D013685B6A98470020C1
:10B7700038BD034B00221A70002038BD00E100E004
:10B78000A08C0020B1F57A5F14D830B400220125D6
:10B790004FF47A5405FA02F3B4FBF3F3994205D35C
:10B7A000436930BC0020C3F8102570470132092AD4
:10B7B000F0D1F5E76FF47A70704700BF0E4BF0B42C
:10B7C00053F82070B7B100237E6918469C460125C6
:10B7D00006EB830205FA03F4D2F84011013319B1E4
:10B7E0002043C0B2C2F840C1042BF1D1FB680BB1B9
:10B7F000F0BC1847F0BC7047448C00200020FFF7D5
:10B80000DDBF00BF0120FFF7D9BF00BF0220FFF757
:10B81000D5BF00BF0320FFF7D1BF00BF0420FFF753
:10B82000CDBF00BFF8B52D4B03600026466004462F
:10B830000D461746FAF77AFB29492A48277403234D
:10B840008D42E6606561206063723CD0264A954275
:10B8500030D002F58032954237D1244A204642F852
:10B860002340FFF7A1FE94F9103062690121002BFB
:10B87000516021DB03F1604303F56143402283F80B
:10B88000002301231A464FF47A51092B02FA03F0E0
:10B8900003F1010504D0B1FBF0F0B0F57A7F1BD8BD
:10B8A000626902250321C2F810352046C2F8085506
:10B8B0002172F8BD0223D0E70D4A03F00F031A44AA
:10B8C00040231376DDE70123C7E70A4B9D4208BFFB
:10B8D0000423C2D03346C0E72B46D6E7740D0400DC
:10B8E000009000409815040000A00040448C002007
:10B8F000FCEC00E000B00140054A1378013B5BB26C
:10B90000002B01DD137070470023137062B670477F
:10B91000A18C002072B6024A13780133137070476D
:10B92000A18C002020BF70474FF0805130B44C6E86
:10B93000086E0022234642EA00042046194630BC25
:10B94000704700BFBFF34F8F0549064BCA6802F42A
:10B95000E0621343CB60BFF34F8F00BFFDE700BF32
:10B9600000ED00E00400FA05704700BF08B50B4B7E
:10B970000122C3F8402502210022930003F1A043D5
:10B980000132202AC3F80017C3F8001AF5D1FFF7D7
:10B99000EBFFBDE80840EFF701BE00BF00E001404B
:10B9A00000487047000004204020F3F7C1B800BFF2
:10B9B0008163704741637047C1637047C06B7047D4
:10B9C000EFF30880704700BF406B7047C0E900127A
:10B9D0008360704770B5094D094CAE68204631460A
:10B9E0004FF48072F7F74CFDAC60AB680548314608
:10B9F0002246BDE87040FAF723BC00BF00ED00E02E
:10BA000000840020EC1504002DE9F0410368044691
:10BA10001B6882B00E460021174698472549227CB4
:10BA200025480B68202A4FF0010402F01F0234BFA2
:10BA30004FF0A0488046234004FA02F209D11F4C7F
:10BA4000E06840F08070E0604B600B6843F00103F9
:10BA50000B60184C616863685B1AB3F5C85FFAD372
:10BA60000192FFF757FF60681249019A4FF0000CEE
:10BA70008025C8F8082516F80C302B4214BF00F1B9
:10BA8000340400F119046D0800F1500004BF0CF1FA
:10BA9000010C80254B68A342FCD36745C8F80C25F0
:10BAA00003DD4B688342FCD3E3E702B0BDE8F0411D
:10BAB000FFF722BF001000E000030050F0ED00E0AF
:10BAC000F0B40E4F0E4E3C680523012505FA03F233
:10BAD000224203EB430103F1FF3303D156F8211057
:10BAE000814205D05A1CF1D100210846F0BC7047B4
:10BAF00022433A600846F0BC704700BF5C8C0020CF
:10BB00000C160400F0B40F4FDFF83CC03C686246EE
:10BB10000523012505FA03F1214202D1566C30427A
:10BB200007D1013B591CA2F10C02F3D10020F0BC5B
:10BB3000704703EB430321435CF823003960F0BCFA
:10BB4000704700BF5C8C00200C16040008B5174B32
:10BB5000984218D0B0F1402F1ED003F50033984220
:10BB60001CD0A3F5043398421AD003F5343398421D
:10BB700018D0A3F5E043984216D05A20F9F7D2FB2B
:10BB80004FF0FF3008BD0023094A03EB430302EBEB
:10BB9000830393F9040008BD0123F5E70223F3E7CB
:10BBA0000323F1E70423EFE70523EDE7003000402E
:10BBB0000C16040038B5184B98420D46144620D098
:10BBC000B0F1402F1FD003F5003398421DD0A3F5EC
:10BBD000043398421BD003F53433984219D0A3F5AF
:10BBE000E043984208BF052304D05A20F9F79AFB96
:10BBF0004FF0FF33094A0A4842F8235040F82340E7
:10BC000038BD0023F6E70123F4E70223F2E703231C
:10BC1000F0E70423EEE700BF00300040608C002016
:10BC2000788C0020024A034B10681B68184700BF3D
:10BC3000788C0020608C0020024A034B50685B68BF
:10BC4000184700BF788C0020608C0020024A034B0C
:10BC500090689B68184700BF788C0020608C00209B
:10BC6000024A034BD068DB68184700BF788C00207D
:10BC7000608C0020024A034B10691B69184700BF03
:10BC8000788C0020608C0020024A034B50695B696D
:10BC9000184700BF788C0020608C0020002815D049
:10BCA000006041608260C360046145618661C76174
:10BCB000444604624C464462544684625C46C46214
:10BCC000644604636E46466374468463002906D066
:10BCD000C46B043C043925680D60B442F9D1946BFF
:10BCE000A646566BB546002B06D0D46B043C043BED
:10BCF0001D682560B442F9D1146BA446D46AA346EA
:10BD0000946AA246546AA146146AA046D769966905
:10BD100055691469D368516810689268704700606B
:10BD200041608260C360046145618661C7614446C9
:10BD300004624C464462544684625C46C462644673
:10BD400004636E46466374468463C46B043C0439E2
:10BD500025680D60B442F9D1C769866945690469EF
:10BD60007047006041608260C36004614561866124
:10BD7000C761444604624C464462544684625C4651
:10BD8000C462644604636C46446374468463046915
:10BD90007047846BA646446BA546046BA446C46AF0
:10BDA000A346846AA246446AA146046AA046C769BB
:10BDB000866945690469C36882680068416870479C
:10BDC0000649074A074B9B1A03DD043BC858D0506D
:10BDD000FBDC00F0B3FAFFF7C9FD0000001E040011
:10BDE0000080002000840020FEE7FEE7FEE7FEE77B
:10BDF000FEE7FEE7FEE7FEE7FEE7FEE730B5C57BC0
:10BE0000818983B07D35044600EB850501A8FDF7E7
:10BE100079FF01A92846FDF795FF01A8FDF78AFFE4
:10BE2000E57BD4F8FC110E4AA38904EB8505480094
:10BE3000D5F8F4110431C2F82C16A17B01FB00F1F6
:10BE400093FBF1F001FB10315B1A03EBD37301217B
:10BE50005B10C2F83036C2F80015116003B030BD77
:10BE60000070004038B50546006903680C465B6BFE
:10BE700000219847286903684FF47A519B6C9847D2
:10BE8000A97B01290B46B8BF012303EB830394FB75
:10BE9000F3F3FF2B2FDC5B103ED000225B1002F18E
:10BEA0000102FBD107EE904AF8EEE77AB3EE007A92
:10BEB000012967EE877A20D9184B0022C3F8F425B0
:10BEC0002869174C0368FDEEE77A9B6B17EE902A02
:10BED000002198472B69134A5B69012103F5A0757E
:10BEE0000220C3F80012C2F81855C2F81C45C2F867
:10BEF0000405D96038BD8023CFE7012303FA02F19E
:10BF000007EE101A0549B8EEC77AC1F8F425C7EE56
:10BF1000877AC5F8FC31D3E71A46C3E700700040C2
:10BF20000470004000F001400346807B10F00100E7
:10BF300014D0D97B0A0102F1804202F5E0420020D0
:10BF40000131C2F81015C2F814059A7B02F0FE0206
:10BF50009A739A7B42F010029A7301209A7B9107A0
:10BF600013D5DA7B120102F1804202F5E042002192
:10BF7000C2F81015C2F814159A7B02F0FD029A73EC
:10BF80009A7B02F0EF029A7301209A7B120704D584
:10BF90009A7B02F0F7029A7301207047837B084A6C
:10BFA000082143F004038373C2F80413837B13F066
:10BFB0000403FBD10289120448BF03810089704742
:10BFC0000070004070B50D460446097C1D48FDF721
:10BFD00053FF20B3297C1B48FDF70AFF461E35019D
:10BFE000AB1B04EB830393F82220D10612D493F801
:10BFF0002220D20605D493F8222042F0010283F8D1
:10C000002220A37B0133DBB2012BA37308D00E4B9C
:10C0100001229A60AD1B04EB850404F1140070BD8D
:10C02000A81B04EB80001430FFF77EFF064BD3F80B
:10C030000035002BEED1A37B002BEBD02046FFF781
:10C04000DDFEE7E754160400007000402DE9F04FD4
:10C05000847BE40685B05AD50C68857BB4F80280F1
:10C060004FEA680805F0FB05904585734FDD043401
:10C0700004EB480804EB420700E0A846A8F10205DB
:10C08000EC1B641094FBF3F603FB1644002CF4D174
:10C09000B5F900200281827B920638D5012B064635
:10C0A0004DD0B0F90A1040680A1DB84500EB020BEC
:10C0B000B0F802902BD95D00331DA246019307E032
:10C0C000B6F90A1049451CD0B84520D9B6F90A106E
:10C0D000494504F101041DD00E9BB7F900109C42A4
:10C0E0002F448A44ECD19AFBF4F4ABF800407189F8
:10C0F000023109B2002449450BF1020B7181A246BD
:10C10000E2D106F11000FDF795FCB845DED805B088
:10C11000BDE8F08FB6F90C1003A8FDF7F3FD03A9F5
:10C120000198FDF70FFE03A8FDF704FE72684FF0BB
:10C1300000037381B2F8029002F1040BCCE70430E3
:10C14000FDF700FE73685B88738106F11000FDF750
:10C1500071FCDCE72DE9F0476A4BD3F8042184B089
:10C1600007461AB9D3F81431002B5ED097F80FA008
:10C17000644D0AF1010303F00103FB73D5F8341693
:10C180000AF17D0A07EB8A0A002449005046A946B5
:10C19000FDF7E8FD2646A04607F1140507E028460E
:10C1A000FFF7C2FE082C05F13C05064421D004F13E
:10C1B00051031B01013459F80330002BEFD05146D5
:10C1C00003A8FDF7AFFDD7F8FC21BB7B009203A9C4
:10C1D00042462846FFF73AFF03A8FDF7ABFD284685
:10C1E000FFF7A2FE082C08F1010805F13C05064402
:10C1F000DDD1444BD3F8042112B10022C3F804214D
:10C20000404BB97BD3F81421002A4CD0FA88002087
:10C21000D407C3F8140120D4864244DDE9B9C3F839
:10C220000C11384B0022C3F80025364DD5F80031EB
:10C23000002B43D1334BD3F80C215AB1D3F804234C
:10C24000120707D5082000210122C3F80803C3F80C
:10C250000C119A6004B0BDE8F087D7F8FC01BB89E7
:10C26000284C400001FB00F093FBF0F500FB15307B
:10C270001B1A22F0010203EBD3735B1092B2002071
:10C28000FA80C4F80005C4F83036D4F80035002B25
:10C2900032D042F001020123FA80A360194B01223F
:10C2A000C3F800251A60174B0022C3F80C2100299F
:10C2B000B7D0144DD5F80031002BBBD0FC7BB98929
:10C2C000013404F0010404F17D0607EB860603A89F
:10C2D0007C34FDF717FD07EB840703A93046FDF713
:10C2E00031FD03A8FDF726FD7B6800220433C5F865
:10C2F0002C36C5F800219DE7B9683846FFF7B2FD36
:10C30000B97BCBE700700040024B186808B1FFF71B
:10C3100021BF7047908C0020BFF34F8F0549064B1B
:10C32000CA6802F4E0621343CB60BFF34F8F00BFD3
:10C33000FDE700BF00ED00E00400FA05804B1B683C
:10C34000082B10B574D14FF080414FF0805200207F
:10C35000C1F80C017B4BC1F81001C1F83805D2F8C7
:10C360000414C3F82015D2F80814C3F82415D2F821
:10C370000C14C3F82815D2F81014C3F82C15D2F8F1
:10C380001414C3F83015D2F81814C3F83415D2F8C1
:10C390001C14C3F84015D2F82014C3F84415D2F881
:10C3A0002414C3F84815D2F82814C3F84C15D2F851
:10C3B0002C14C3F85015D2F83014C3F85415D2F821
:10C3C0003414C3F86015D2F83814C3F86415D2F8E1
:10C3D0003C04C3F868055C49D2F84004C3F86C0516
:10C3E0000968D2F84424C3F8702503293DD9564B77
:10C3F0001B68032B03D8554AD35C002B4AD1524B00
:10C400001B68032B0AD8524AD35C3BB14C4B514AB0
:10C410001B684FF40071082B116009D14FF0804365
:10C42000D3F80024D10744BF6FF00102C3F8002401
:10C43000494AD2F8883043F47003C2F88830BFF319
:10C440004F8FBFF36F8F4FF01023D3F80C22D2071A
:10C4500058D4D3F80022002A2EDBD3F80432002B64
:10C460002ADB3E4B3E4A1A6010BD3E4B5B5C13B16B
:10C470003D4B3E4A1A603E4B5B5C002BB7D0304BC5
:10C480003C491A68FB200433C1F81805082A1B68C8
:10C49000AFD0CDE73848394B294C1A680168246879
:10C4A000A3F5927321F00F0102F00F020A43082C4A
:10C4B0001B680260A5D0BBE7314A0123C2F80435EE
:10C4C000D2F80034002BFBD04FF0102312212C4A5D
:10C4D000C3F80012D2F80034002BFBD04FF0102329
:10C4E0001221274AC3F80412D2F80034002BFBD0E3
:10C4F00000232349C2F80435D1F80034002BFBD0C7
:10C50000FFF70AFF1E4B0122C3F80425D3F80024CD
:10C51000002AFBD04FF01021194BD1F80C2222F049
:10C520000102C1F80C22D3F80024002AFBD000211C
:10C53000134AC3F80415D2F80034002BFBD0DFE710
:10C540003001001000C00040340100109C160400AF
:10C550009C1604004096024000ED00E0248000207C
:10C560000090D0039C1604008C56004048810300C4
:10C570009C16040000F00040E40E00405802001039
:10C5800000E001406FF47D70704700BF6FF47D7074
:10C59000704700BF6FF47D70704700BF10B584B066
:10C5A00004AB046803F8012D00220092A4691A4626
:10C5B0000123A04704B010BD10B584B004688DF805
:10C5C0000C20002200928DF80D30A469022303AAEA
:10C5D000A04704B010BD00BF10B5012384B00468AB
:10C5E000CDE900330DF10F03646AA04708B99DF847
:10C5F0000F0004B010BD00BFF0B585B004469DF833
:10C600002C508DF80F201F4602680E4685B101237D
:10C61000009395690DF10F02A84738B9236800907F
:10C620001D6A0A9B3A4631462046A84705B0F0BD30
:10C6300053699DF80F209847EFE700BF2DE9F84FA9
:10C640009DF82870002A3CD0002B3ADD884601680E
:10C65000DFF874901E464B684B458246144628D13D
:10C66000CD68DFF868B05D451BD1264405E0013494
:10C67000A6420AD0DAF80030DD685D45F7D02178AF
:10C6800050460134A847A642F4D117B10020BDE8B6
:10C69000F88FDAF800309B684B450ED13846BDE87C
:10C6A000F88F5FFA88F15046A847DAF80030DD6865
:10C6B000DBE79847DAF80010D2E75046984738464B
:10C6C000E5E76FF47A70E2E78DC5030095C50300D6
:10C6D0002DE9F04F83B09DF83090002A5AD0002BFE
:10C6E000984657DD056892466B682C4A9342064689
:10C6F0003DD1EB682A4FBB4241D1B8F1010F1BD0AD
:10C70000A8F102080AEB080B0AF1FF3405E00B2040
:10C7100004F8010FA3450BD035682D69BD42F6D052
:10C7200000213046A847C0B204F8010FA345F3D159
:10C7300008F101083568C2442B69BB4212D10B20B5
:10C740008AF80000B9F1000F03D0002003B0BDE863
:10C75000F08F3368114A9B68934217D1484603B063
:10C76000BDE8F08F012130469847C0B2E8E701915B
:10C77000984735680A4FEB680199BB42BDD041F03C
:10C780000101C9B2304698473568B6E73046984748
:10C790004846DBE76FF47A70D8E700BF8DC5030029
:10C7A00095C50300014B0360704700BFA816040045
:10C7B0002DE9F84FDDF828904A45904638BFC84625
:10C7C000B8F1000F1BD09B468A4605461746002449
:10C7D00006E0A14588BF0BF80400013444450ED0A3
:10C7E0002B68A74288BF1AF804109E6898BF0021E2
:10C7F0002846B0470028ECDA0248BDE8F88F002050
:10C80000BDE8F88F0AFCFFFF30B583B00468069DD1
:10C810000095E468A047044A0446DDE90701F9F7FA
:10C8200077FF204603B030BD8D6A03006FF47D7042
:10C83000704700BF82B070B50C4684B005464968A9
:10C84000206802AC03C4039908AC481084E80C00CB
:10C85000CB0745BF2A58029B029CD4580AAB2E181E
:10C8600093E803008DE8030008AB0CCB3046A047EB
:10C8700004B0BDE8704002B0704700BF82B0D0B5D0
:10C88000069941600026002700F10804C0E904670A
:10C8900004A9204681E80C00FAF7BCF918B9BDE8F4
:10C8A000D04002B070472046FAF78CF92046BDE828
:10C8B000D04002B0FAF768B982B038B5D0E9044583
:10C8C00004A981E80C0054EA050303D1BDE838400F
:10C8D00002B070470446FBF74BF8D4E904238B42BF
:10C8E00008BF8242F2D200200021002304F1080593
:10C8F000C4E9040163602846FAF78CF90028E5D002
:10C900002846FAF75FF92846BDE8384002B0FAF742
:10C910003BB900BF38B5044679B900220023C0E90D
:10C9200004230023636004F10800FAF72DF960681E
:10C93000064B002808BF184638BD0D46FBF718F80F
:10C94000421941EBE573C4E90423EAE711FCFFFF58
:10C950002DE9F041044682B00E4615461030984647
:10C96000BDF82870FDF774F926806580182003F063
:10C970000CFA08AB054693E803006A4682E8030018
:10C980002E4603CA46F80C8B0023084AEB6047F09A
:10C990000207736068602046A780A560E360C4E971
:10C9A0000833A9606A6102B0BDE8F08135C80300B0
:10C9B0002DE9F04385B0BDF838806BB30C9C44B3CF
:10C9C0000F2902D1B8F1C00F26D1064628201C46F7
:10C9D0000D46174603F0D9F90CAB814693E80300E6
:10C9E0003A468DE803002346CDF80880294648469C
:10C9F000FFF7AEFF33680E4A5B6893420FD148469B
:10CA0000FAF716FA484603F0B7F90A4805B0BDE848
:10CA1000F0830D9CE407D3D46FF47A70F6E73046C8
:10CA2000494698470028EAD105B0BDE8F08300BF29
:10CA3000AD5E030016FCFFFF2DE9F04305460446FA
:10CA400045F8081B89B02846FAF79AF82068284963
:10CA500003681A6D00238A426360A36144D1254BA9
:10CA600004934FF0000804AACDF81480224FC68822
:10CA7000B0F808C03B68DFF8889092E8030016F42D
:10CA8000807F4FF010068DE803000CBF05220422C2
:10CA90006146184602962346FFF78AFF174B3A680D
:10CAA000CDE9063808AB13E9030023468DE80300FF
:10CAB00002961046232142F21072FFF779FF99F88F
:10CAC000003053B942F21073232242F21070002159
:10CAD000FAF75EFF012389F800302846FAF754F888
:10CAE000204609B0BDE8F083032190472068B6E7EF
:10CAF0002DC803007DC80300488B0020B9C803007F
:10CB0000A28C0020F0B593B02F4B0268069300234F
:10CB1000079306ABB2F806C02C4EB2F808E03768AF
:10CB20002B4D044693E803001CF4807F4FF0100C5B
:10CB30008DE8030014BF042205222346714608A88D
:10CB4000CDF808C0FFF704FF3B689B68AB4236D1C5
:10CB500008A8FAF76DF91F4B04930023059304AB63
:10CB600093E80300366810238DE80300029342F235
:10CB700010722346232108A8FFF7EAFE33689B685A
:10CB8000AB4218D108A8FAF753F92068124A036893
:10CB90001B6D93420CD1002100230020C4E9040145
:10CBA000636004F10800FAF71FF8204613B0F0BDE7
:10CBB00000219847EFE7304608A99847E2E7384652
:10CBC00008A99847C4E700BF7DC80300488B002030
:10CBD00061620300B9C803002DC80300C388DB06E7
:10CBE00006D4D0E907038342B4BF00200120704778
:10CBF0000020704710B504468069054B2360036828
:10CC00002146DB6998472046FAF7F2FF204610BD1F
:10CC1000DC16040010B50446FFF7ECFF204603F0D5
:10CC2000ABF8204610BD00BFF0B50C89164683B0A6
:10CC300000251F4622460123CDE900550446FBF797
:10CC400079F833680A4A2562C4E9066722609B695D
:10CC5000304621469847AF4206DAE388E56143F063
:10CC600010030A22E3802262204603B0F0BD00BF19
:10CC7000DC16040041627047406870474160002044
:10CC8000704700BFF0B58B68CD699D42A8BF1D46B7
:10CC90000C4683B02946064604F10C0701A8FDF7AF
:10CCA00031F801A93846FDF74DF801A8FDF742F823
:10CCB000E06861692A460430F6F7E2FB6269E369DD
:10CCC0002A445D1B002D6261E5612BD1236A002B94
:10CCD000C4BF03F1FF33236293B1A3692269E36107
:10CCE000002B626104DD606A03681B689847E36992
:10CCF00033B139463046FDF715F8304603B0F0BD84
:10CD0000236A002BF5D194F82830002BF1D004F1E0
:10CD10002C00F9F757FF39463046FDF703F8304647
:10CD200003B0F0BDDFDCE4E738B504460B4B40F858
:10CD30000C3B04F12C05FCF7DFFF2846F9F720FF38
:10CD4000002101224FF48073284664636162C4E9C4
:10CD50000123F9F719FF204638BD00BF041704006E
:10CD600070B5456A9DF810608DB1002A0FDD73B172
:10CD7000044628682362C4E90411036884F8286023
:10CD8000C4E906222846984794F8283003B970BDB4
:10CD900004F12C00BDE87040F9F7F6BE10B582B082
:10CDA00000240094FFF7DCFF02B010BD024B1868AE
:10CDB000BFF35B8F704700BF948C0020024B186854
:10CDC000BFF35B8F704700BF2880002030B5214A39
:10CDD00021F00043934287B01BDD1F4A934205DDDB
:10CDE00002460B4602F088F807B030BD02AAECF705
:10CDF0003FFE00F00303012B11D0022B23D0DBB147
:10CE00000124DDE90423DDE902010094EDF740FE91
:10CE1000EAE700220023EDF713F907B030BDDDE9A2
:10CE200004450093DDE9020122462B46EDF730FE72
:10CE300001F1004107B030BDDDE90423DDE9020165
:10CE4000EDF7FEF8D0E7DDE90423DDE90201EDF7B7
:10CE5000F7F8EDE7FB21E93FFFFFEF7F21F000430B
:10CE60001946704730B51F4A21F00043934287B0FE
:10CE70001CDD1D4A934205DD02460B4602F03CF8DC
:10CE800007B030BD02AAECF7F3FD00F00300012863
:10CE9000DDE9042312D002281CD0A0B1DDE9020193
:10CEA000EDF7CEF801F1004107B030BD002300934B
:10CEB00000220023EDF7ECFD07B030BDDDE90201F3
:10CEC000EDF7BEF8DCE70124DDE902010094EDF79F
:10CED000DFFDD5E70124DDE902010094EDF7D8FD7F
:10CEE000E0E700BFFB21E93FFFFFEF7F30B5144AC9
:10CEF00021F00043934287B019DD124A934205DDC9
:10CF000002460B4601F0F8FF07B030BD02AAECF76D
:10CF1000AFFD440004F00204C4F10104DDE9042380
:10CF2000DDE902010094EDF76BFE07B030BD01238F
:10CF3000009300220023EDF763FE07B030BD00BF71
:10CF4000FB21E93FFFFFEF7F334A21F0004393428B
:10CF5000D0B506460F460C460DDD02460B460020B6
:10CF60002E4902F0ABFA002F4FF000022B4B2EDBC4
:10CF700001F0C4FFD0BD2A4A934207DD27490020B3
:10CF8000002CF7DA01F100431946D0BDB3F1725F0E
:10CF900020DB244A934226DDFFF760FF02460B4662
:10CFA00001F0ACFFEEF710F800224FF0804301F0E3
:10CFB000A5FF02460B4600204FF0804102F07EFAAA
:10CFC00002460B460020154901F096FFD8E701F014
:10CFD00093FFD0BD0022114B01F090FF32463B463B
:10CFE00002F042F9D0BDFFF739FF00224FF0404375
:10CFF00002F03AF9EDF7E8FF00224FF080430646D1
:10D0000001F1004701F07AFF02460B4630463946EF
:10D0100002F054FAB4E700BFFFFFEF7F0000F03FDB
:10D02000FFFF3540FFFFEF3F70B5C1F30A56A6F290
:10D03000FF33132B0A4608DC002B1BDB0F4C44FA92
:10D0400003F3002022EA030170BD332B044607DD01
:10D05000B3F5806FF8D102460B4601F04FFF70BD6B
:10D060004FF0FF33A6F2134623FA06F6114624EAE0
:10D07000060070BD002002F0004170BDFFFF0F00F0
:10D0800000B585B0234A0190019B23F000439342F1
:10D090001DDDB3F1FF4F08DBDDED017A77EEE77AB6
:10D0A00017EE900A05B05DF804FB02A900F0B8FF86
:10D0B00000F00302012A14D0022A22D0D2B10122A8
:10D0C0000399029801F0CEFC07EE900AE8E70021F0
:10D0D00001F0FEF807EE900A17EE900A05B05DF831
:10D0E00004FB0399029801F0BDFC07EE900AF1EEF3
:10D0F000677AD5E70399029801F0EAF807EE900AFB
:10D10000CEE70399029801F0E3F807EE900AF1EEFA
:10D11000677AC5E7D80F493F00B585B0244A01902A
:10D12000019B23F0004393421EDDB3F1FF4F08DB68
:10D13000DDED017A77EEE77A17EE900A05B05DF83B
:10D1400004FB02A900F06CFF00F00300012816D0D8
:10D15000022823D0D0B10399029801F0B9F807EE64
:10D16000900AF1EE677AE7E70022002101F07AFCED
:10D1700007EE900A17EE900A05B05DF804FB0399DC
:10D18000029801F0A5F807EE900AD5E7012203996D
:10D19000029801F067FC07EE900ACDE7012203999F
:10D1A000029801F05FFC07EE900AF1EE677AC3E7A0
:10D1B000D80F493F2DE9F043DFF898808BB0044643
:10D1C0000D46EAF7F9FB98F90030013306460F46A1
:10D1D0002BD022462B462046294602F0DFFA814614
:10D1E00018BB20462946FFF739FE0022164B02F0F5
:10D1F000CBFAD0B1154B164801930122CDF82090FF
:10D200000092CDE90445CDE9024501F081FC98F991
:10D210000030022BCDE906010CD0684601F076FC07
:10D2200040B1089B5BB9DDE90667304639460BB073
:10D23000BDE8F08301F0EEFD21230360F1E701F08A
:10D24000E9FD089B0360EEE70000F03F18170400BB
:10D25000040E0400FF8100202DE9F0438BB004464A
:10D260000D46EAF7FDFD244B93F90080B8F1FF3F2E
:10D2700006460F460ED022462B462046294602F08F
:10D280008DFA814630B900221C4B2046294602F017
:10D290005DFA20B9304639460BB0BDE8F083002274
:10D2A000002301210091164ECDF82090104619461A
:10D2B000CDE90445CDE90245019602F0FFF8B8F149
:10D2C000020FCDE906010CD0684601F01FFC40B109
:10D2D000089B5BB9DDE90667304639460BB0BDE80F
:10D2E000F08301F097FD21230360F1E701F092FD47
:10D2F000089B0360EEE700BFFF8100200000F03FC5
:10D30000201704002DE9F043DFF898808BB0044625
:10D310000D46EAF731FE98F90030013306460F4614
:10D320002BD022462B462046294602F037FA81466A
:10D3300018BB20462946FFF791FD0022164B02F04C
:10D3400023FAD0B1154B164801930122CDF8209055
:10D350000092CDE90445CDE9024501F0D9FB98F9E9
:10D360000030022BCDE906010CD0684601F0CEFB5F
:10D3700040B1089B5BB9DDE90667304639460BB022
:10D38000BDE8F08301F046FD21230360F1E701F0E1
:10D3900041FD089B0360EEE70000F03F2817040002
:10D3A000040E0400FF810020EBF716B82DE9F04FC2
:10D3B000DFF8CCA08BB004460D46EBF7FDF89AF9E8
:10D3C0000030013306460F4637D022462B46204612
:10D3D000294602F0E3F9834678BB20462946FFF749
:10D3E0003DFD0022244B8046894602F0C3F920B35C
:10D3F000404649460022204B02F0C6F99AF90060E7
:10D4000060B3CDE90445CDE90245012100220023A6
:10D410001A4F0091CDF820B010461946019702F03E
:10D420004DF8022ECDE906010CD0684601F06EFBE6
:10D4300040B1089B6BB9DDE90667304639460BB051
:10D44000BDE8F08F01F0E6FC21230360089B002B70
:10D45000F1D001F0DFFC089B0360ECE702230890A9
:10D460000093064FCDE90445CDE902452046294603
:10D4700000220023D2E700BF0000F03F3017040075
:10D48000FF8100202DE9F04F8BB01D4606460F4668
:10D49000144600F0E7FA294B93F900A0BAF1FF3FD8
:10D4A0008046894635D022462B462046294602F042
:10D4B00075F970BB32463B463046394602F06EF98C
:10D4C000834630BB002200232046294602F034F96F
:10D4D000F8B11B4BCDF820B00122CDE90267CDE9B0
:10D4E0000445CDE90023BAF1000F17D00022002334
:10D4F0001046194601F0E2FFBAF1020FCDE906012C
:10D500000ED101F087FC21230360089B83B9DDE97C
:10D510000689404649460BB0BDE8F08FCDE9066765
:10D52000684601F0F3FA0028EBD0089B002BEED000
:10D5300001F070FC089B0360E9E700BFFF81002059
:10D54000441704002DE9F0438BB004460D46EBF779
:10D55000E3FA364B93F90060731C804689460DD080
:10D5600022462B462046294602F018F930B90022FF
:10D5700000232046294602F007F920B140464946DB
:10D580000BB0BDE8F0832A4B0890CDE90245CDE908
:10D5900004450193DEB9274F4FF0604620462946E7
:10D5A00000220023CDE9066702F0C6F8002835D036
:10D5B00002230093684601F0A9FAB8B1089BD3B9D9
:10D5C000DDE90689404649460BB0BDE8F0831A4BB9
:10D5D0000022CDE90623204629460022002302F03E
:10D5E000ABF868B102239E420093E3D101F012FC34
:10D5F00022230360E2E701F00DFC089B0360DFE7F4
:10D600000123022E00930BD101F004FC21230360BF
:10D610000A4801F07DFACDE90601CFE70123009326
:10D62000684601F073FA0028F2D1EDE7FF8100208F
:10D630004C170400FFFFEFC70000F0FF040E0400CA
:10D640002DE9F0438BB004460D46EBF731FC374B28
:10D6500093F90060731C804689460ED022462B4603
:10D660002046294602F09AF8074630B900220023E6
:10D670002046294602F074F820B9404649460BB0CE
:10D68000BDE8F0832A4B0897CDE90245CDE9044572
:10D690000193DEB9274F4FF060462046294600220D
:10D6A0000023CDE9066702F047F8002835D00223B1
:10D6B0000093684601F02AFAB8B1089BD3B9DDE9B6
:10D6C0000689404649460BB0BDE8F0831A4B00225C
:10D6D000CDE90623204629460022002302F02CF83B
:10D6E00068B102239E420093E3D101F093FB222311
:10D6F0000360E2E701F08EFB089B0360DFE7012394
:10D70000022E00930BD101F085FB212303600B480F
:10D7100001F0FEF9CDE90601CFE701230093684649
:10D7200001F0F4F90028F2D1EDE700BFFF810020FD
:10D7300050170400FFFFEFC70000F0FF040E0400C5
:10D740002DE9F0432B4E8BB080468946ECF7B4FBB5
:10D7500096F90030013304460D4603D001F0D0F9AC
:10D76000074620B1204629460BB0BDE8F08340466D
:10D77000494601F0C5F90028F4D01F4B96F9004046
:10D7800008970322CDE90023CDE90489CDE9028978
:10D79000404649460022002364B901F0F5FF4FF0EE
:10D7A0006042E8B1154BCDE90623684601F0AEF9B9
:10D7B00068B908E001F0E8FF002298B1104B022C94
:10D7C000CDE90623F1D101F025FB22230360089B5C
:10D7D00053B9DDE90645204629460BB0BDE8F08384
:10D7E000084BE0E7084BEAE701F014FB089B0360F5
:10D7F000EFE700BFFF8100205C170400FFFFEF4749
:10D800000000F07FFFFFEFC70000F0FF2DE9F04FB1
:10D810008BB004460D4600F037FA294B93F900A06F
:10D82000BAF1FF3F06460F4612D022462B4620464D
:10D83000294601F0B3FF834650B94FF000084FF07E
:10D8400000092046294642464B4601F07FFF20B999
:10D85000304639460BB0BDE8F08F0122194BCDF8A8
:10D8600020B00092CDE90445CDE902450193BAF11B
:10D87000000F17D042464B464046494601F01EFE77
:10D88000BAF1020FCDE906010ED101F0C3FA21234E
:10D890000360089B73B9DDE90667304639460BB073
:10D8A000BDE8F08FCDE90689684601F02FF9002820
:10D8B000EFD1EAE701F0AEFA089B0360EBE700BFA7
:10D8C000FF8100206417040010B52DED028B8AB093
:10D8D00008EE100A00F098FA334B93F90040631CED
:10D8E00009D0B4EE488AF1EE10FA04D6B5EEC08A3B
:10D8F000F1EE10FA03DD0AB0BDEC028B10BD2B4B2C
:10D90000019318EE100A0023089301F055FCCDE9AD
:10D910000401CDE90201CCB9254BB5EE408A4FF0A8
:10D920006042F1EE10FACDE9062334D102230093D0
:10D93000684601F0EBF8B0B1089BCBB9DDE9060110
:10D9400001F08AFF0AB0BDEC028B10BD194BB5EE99
:10D95000408A0022F1EE10FACDE906230DD1022310
:10D960009C420093E4D101F055FA22230360E3E7DF
:10D9700001F050FA089B0360E0E70123022C0093BA
:10D980000BD101F047FA212303600B4801F0C0F8E6
:10D99000CDE90601D0E701230093684601F0B6F80F
:10D9A0000028F2D1EDE700BFFF8100206C170400D2
:10D9B000FFFFEFC70000F0FF040E040010B52DEDCF
:10D9C000028B8AB008EE100A00F07AFC234B93F920
:10D9D0000040631C09D0B4EE488AF1EE10FA04D678
:10D9E000B5EEC08AF1EE10FA03D40AB0BDEC028B9A
:10D9F00010BD01231A4A009318EE100A0023019269
:10DA0000089301F0D9FB0022CDE90401CDE9020120
:10DA10000023ACB11046194601F050FD022CCDE9AF
:10DA200006010FD101F0F6F921230360089B7BB9B1
:10DA3000DDE9060101F010FF0AB0BDEC028B10BD5C
:10DA4000CDE90623684601F061F80028EED1E9E748
:10DA500001F0E0F9089B0360EAE700BFFF810020C6
:10DA6000741704002DE9F04723F0004E5EEA020629
:10DA700020D07E4E21F00048B04589461ADC56423F
:10DA800016437B4F4EEAD676BE42144612D8F04576
:10DA90001D4694468246074601F0004612DC0FDB25
:10DAA00090420DD30ED1734BF60F03EBC603D3E9AF
:10DAB000000105E001F0D8FB02460B4601F0FEFC38
:10DAC000BDE8F087B8F5801F3BDB4FEA2852A2F291
:10DAD000FF32BEF5801F80F28F80BEF1000F40F054
:10DAE0009F80002C2346644904DD5B00002B01F17C
:10DAF000FF31FADC614B9A4270DBC9F3130343F444
:10DB000080135E4881425BDBC5F3130444F4801448
:10DB1000501A07E052EA050321D0EB0F03EB420352
:10DB20006F0001381A1BA7EB0C05F8B1674538BF29
:10DB300002F1FF32002AEDDAFA0F02EB43037F0015
:10DB4000EFE7B8F1000F5CD1BAF1000F53464A4A33
:10DB5000BFDD5B00002B02F1FF32FADCB9E7454B79
:10DB6000F60F03EBC606D6E90001A9E7674538BF03
:10DB700002F1FF32002ABCBF3D461A4652EA0503B5
:10DB8000EDD03F48824208DCEB0F03EB42028242B9
:10DB900001F1FF314FEA4505F6DD384B99424EDA87
:10DBA0005B1A142B54DC01F21E41DD4002FA01F134
:10DBB00042FA03F31E4341EA0502314610467FE76D
:10DBC000401A1F2826DC01F21E450EFA00FE24FA38
:10DBD00005F504FA00FC45EA0E0499E79F1A1F2F89
:10DBE00027DC02F21E4308FA07F82AFA03F30AFABE
:10DBF00007F743EA080384E74FEA2E51A1F2FF3109
:10DC000078E71E4A4FEAC8235B00002B02F1FF327F
:10DC1000FADC5EE71B4D6D1AAC404FF0000C77E765
:10DC200016494FEACE235B00002B01F1FF31FADCED
:10DC300060E7144B9B1A0AFA03F3002761E7A2F589
:10DC40008012164301F2FF3346EA0351284637E7B4
:10DC50001F2B07DC01F21E4102FA01F125FA03F243
:10DC60000A43AAE7074B591A0A41A6E7FFFFEF7FCD
:10DC70000000F07FD0050400EDFBFFFF02FCFFFF7A
:10DC8000FFFF0F00E2FBFFFF5E4A8A432DE9F041F0
:10DC900004460D4600F0958000290B460646844652
:10DCA00056DD0F1500F0A580C3F31303A7F2FF376D
:10DCB00043F480134FEADC72F80702EB43034FEAA8
:10DCC0004C0504D5ED0F05EB43034FEA8C05002608
:10DCD0007F10B44616224FF400110CEB010098425D
:10DCE0004FEAD5744FEA450503DC1B1A00EB010C23
:10DCF0000E44013A04EB43034FEA5101EDD11046C3
:10DD0000964620244FF0004209E051D05B00013CD0
:10DD100003EBD5734FEA52024FEA450537D063450E
:10DD200002EB0E01F1DD002901EB020E0ADBE046F9
:10DD3000A3EB0C03A94288BF03F1FF336D1A104413
:10DD4000C446E3E7BEF1000FF1DB0CF10108EFE799
:10DD500021F00042024329D0002942D10146CA0ADB
:10DD6000153B4905002AFAD012F4801001D044E096
:10DD700060465200D40200F1010CF9D5CCF1200428
:10DD800001FA0CFCE1401F1A41EA02038CE72B4325
:10DD900021D14408731003F17F53F20703F50013F8
:10DDA00048BF44F0004403EB07512046BDE8F08132
:10DDB000A942ABD8002901EB020EC3DB9846002331
:10DDC000BCE702460B4601F04FFA22462B4601F013
:10DDD00095F8BDE8F081411C16BF421C013654087D
:10DDE000D8E7024601F088F802460B4601F066FBD0
:10DDF000DCE71A4631463B46B6E78C4620244FF016
:10DE0000FF30BFE70000F07F30B482B00190019B8B
:10DE100033F0004241D0002B4ADBB3F1FF4F54DA1C
:10DE2000B3F5000F80F29D80DFED6E7A9DED017AF3
:10DE300067EE277A6FF0180517EE903A6A4AC3F337
:10DE40001604224402F4000282F07E50DB1504F135
:10DE50000F0120437F3B07EE900AC1F316012B44CC
:10DE6000B7EE007A0F2903EBD25337EEC77A35DCD1
:10DE7000B5EE407AF1EE10FA75D1002B00F0AE80CD
:10DE800007EE903AB8EEE77ADFED587ADFED586AA0
:10DE900067EE277AE7EE267A05E0DFED566A9FED1A
:10DEA000567AC6EE877A17EE900A02B030BC7047F9
:10DEB000DDED017A9FED507A77EEE76AC6EE877A5C
:10DEC00017EE900A02B030BC7047DDED017A77EEB4
:10DED000A77A17EE900A02B030BC7047B0EE006A25
:10DEE00037EE066A9FED452ADFED453ADFED454AFC
:10DEF000DFED452A9FED454ADFED456ADFED457AC6
:10DF00004549C7EE065AC4F55712214402F522725C
:10DF10000A43002A06EE103A25EEA55AB8EEC63A94
:10DF200025EE056AE6EE023AA6EE224AE3EE864ABE
:10DF3000E4EE067AE4EE866A66EE856AE7EE866AC5
:10DF40003BDDB6EE006A27EE066A26EE076A76EE3D
:10DF5000866A66EEA56A03BB76EE666A77EE667A37
:10DF6000A1E700256AE7DFED2D6AF6EE007AE7EE1D
:10DF7000667A67EE076A67EEA67ADBB106EE903A3C
:10DF8000DFED1A5A9FED1A6AF8EEE66AE6EEE57AD8
:10DF900077EEC77AD6EE867A85E7DFED147ADFED85
:10DFA000145AE3EE276A76EE667A77EEC77AD3EEF6
:10DFB000257A78E777EE677A75E777EE667A67EE27
:10DFC000A57A002BF6D09FED096ADFED096AE3EE32
:10DFD000467A77EEC77AD3EE267A64E7DFED067AE3
:10DFE00061E700BF0000004C20FB4A00D1F7173763
:10DFF0008071313F000000CC000000009788173E80
:10E0000025333A3E2549923E4FD01C3E298E633E31
:10E01000ABAA2A3FCDCCCC3E305CCFFFABAAAA3E08
:10E0200070B5994A20F00044944286B06BDD974A5F
:10E03000944206461CDC002824F00F04DFED947A9D
:10E04000944A07EE100A64DD944277EE677A00F096
:10E05000D5809FED917A77EEC76A012077EEE67A58
:10E06000C1ED006A77EEC77AC1ED017A06B070BDE6
:10E070008A4A94420D4660DDB4F1FF4F80F2B480CD
:10E08000E215863AA4EBC25307EE903ABDEEE77A6A
:10E09000DFED836AB8EEC77A77EEC77A8DED037A43
:10E0A00067EEA67ABDEEE77AB8EEC77A77EEC77A62
:10E0B0008DED047A67EEA67AF5EE407AF1EE10FA6D
:10E0C000CDED057A40F0CC80B5EE407AF1EE10FA55
:10E0D0000CBF01230223734901910221009103A87F
:10E0E000294600F07FF9002E11DA95ED007AD5ED82
:10E0F000017AB1EE477AF1EE677A404285ED007A17
:10E10000C5ED017A03E0002208604A60002006B0F5
:10E1100070BD944277EE277A00F08F809FED5E7A93
:10E1200077EE876A4FF0FF3077EEE67AC1ED006A4E
:10E1300077EE877AC1ED017AE9E700F07DFD9FED8A
:10E140005A6A9FED535ADFED546A07EE100AF6EE55
:10E15000007AE7EE067AFDEEE77AB8EEE76A17EEA8
:10E16000900AF1EE465AF0EE477A1F28E5EE857ADE
:10E1700026EE267A54DD77EEC76A16EE903AE4155D
:10E18000C3F3C753E31A082B54DD9FED487ADFED44
:10E19000486AB0EE675AA5EE875A77EEC57AE5EE83
:10E1A000877AD6EE267A75EE676AB0EE677A16EE53
:10E1B000903AC3F3C753E41A192C53DCC5ED006A37
:10E1C000F0EE457A77EEE67A002E77EEC77AC5ED67
:10E1D000017A9CDAF1EE666AF1EE677AC5ED006AC3
:10E1E000C5ED017A404292E707EE900A77EEE77AB2
:10E1F0000020C1ED017AC1ED007A88E7DFED2B6ADE
:10E200009FED2B7A77EEE67A012077EEC76A77EEFC
:10E21000E67AC1ED006A77EEC77AC1ED017A76E75A
:10E22000421E244B53F8223024F0FF029A4277EE2C
:10E23000C76AA2D0C5ED006AC4E7DFED1C6A9FED96
:10E240001C7A77EEA67A4FF0FF3077EE876A77EE8A
:10E25000E67AC1ED006A77EE877AC1ED017A56E77A
:10E26000032338E7DFED146ADFED144AF0EE457A58
:10E27000E5EEA67A35EE677AA5EEA67A96EE247AD2
:10E2800077EEC76AD6E700BFD80F493FE3CB164009
:10E29000800FC93FD00FC93F43443537800F4943F2
:10E2A000000080438419040084F9223F004435377C
:10E2B00008A3852E0419040000A3852E32318D2475
:10E2C00007EE900AF1EEE77A17EE900A704700BF6A
:10E2D00020F00043B3F1485F06EE100A06EE901AF4
:10E2E0002EDAFDEEC67A17EE903A002B5FD026EEBE
:10E2F000067ADFED343A9FED344ADFED344A9FED84
:10E30000345ADFED347ADFED345AA7EE234AE7EED4
:10E31000044AA7EE245AE7EE057AE7EE275A65EE9F
:10E32000875A66EEC66AB6EE006AE7EE256AF7EE31
:10E33000007AD7EE066A77EEE67A17EE900A704713
:10E3400026EE067ADFED1F3A9FED1F4ADFED1F4AEA
:10E350009FED1F5ADFED1F7ADFED1F5A1F4AA7EE10
:10E36000234A9342E4EE074AA4EE875AE5EE077A81
:10E37000E7EE875A65EE875AD3DD194A93421BDCD4
:10E3800003F17F4307EE903AB7EE005A35EE675A35
:10E3900066EEC66AB6EE006AE7EE256AD7EE067A42
:10E3A00077EEE67A75EE677A17EE900A7047F7EE29
:10E3B000007A17EE900A7047B6EE075AF5EE027A29
:10E3C000E6E700BF4ED747ADF6740F317CF293B449
:10E3D000010DD037610BB6BAABAA2A3D9999993E87
:10E3E0000000483F2DE9F04F2DED048BD7B003F12D
:10E3F000FF390293D31E48BF131DBA4C649D05918B
:10E40000DB1023EAE37354F82560039303F101085A
:10E41000A2EBC80816EB09028646A3EB090316D443
:10E420001A449FEDB17A6598511C1AAA002BA4BF1B
:10E4300050F8234007EE904A03F10103ACBFF8EE19
:10E44000E77AF0EE477A8B42E2EC017AEED1029B5A
:10E45000002E4FEA83044FEA860A1DDB1AAB181917
:10E4600043AA7346191902EB0A0742ADF446B9F103
:10E47000000FDFED9D7A09DB02466346F3EC016A8B
:10E4800032ED017A8B42E6EE877AF7D1E5EC017A3C
:10E49000BD4200F10400EAD1AAF1080306ADEB1871
:10E4A00004939FED939ADFED918A009605ABB346F6
:10E4B00074449A4442AF76464FEA8B0356AA1A44F4
:10E4C000BBF1000F52ED146A16DD07EB8B022946F3
:10E4D00066EE897AB0EE667AFDEEE77A32ED016A91
:10E4E000F8EEE77ABA42A7EEE87A77EE866ABDEEF2
:10E4F000C77AA1EC017AEBD1414616EE900A01935E
:10E5000000F0F8FB08EE100AF4EE007A68EE277AC5
:10E5100017EE900A00F094FB07EE100AF2EE007A74
:10E52000A7EE678AB8F1000F019BFDEEC89AF0EEE6
:10E53000487AB8EEE98A37EEC88A40F3C6800BF114
:10E54000FF3CC8F1080255F82C1041FA02F000FA1D
:10E5500002F2891A45F82C1019EE90CA8444C8F1C9
:10E56000070209EE90CA41FA02F2002A48DD19EECC
:10E57000901ABBF1000F01F1010109EE901A40F36E
:10E580003682D5F800C0BCF1000F40F09B80BBF193
:10E59000010F20D0AE4601205EF8041F00F1010CEF
:10E5A000002900F09980E6468C467146CCF5807CC7
:10E5B0008B4545F820C00CDD55F821002B4405EBB8
:10E5C000810100E00868C0F1FF0041F8040B9942A6
:10E5D000F8D14FF0010CB8F1000F0EDDB8F1010FCA
:10E5E00000F02E81B8F1020F07D10BF1FF3155F881
:10E5F000213003F03F0345F82130022A00F0098161
:10E60000B5EE408AF1EE10FA40F08680009B0BF1E7
:10E61000FF3C63450EDC0BF18041013905EB8101C4
:10E62000002051F80439514540EA0300F9D100288F
:10E6300040F00F81009B013B55F82330002B40F048
:10E64000FC80049B4FF0010C53F804290CF1010CE1
:10E65000002AF9D0DC440BF1010EE64530DC039BC7
:10E66000029A0EEB03015A4403EB0C0B1AAB01F1B7
:10E67000804103EB8202659B013903EB810107EBCB
:10E680008E0E03EB8B0B51F8043F9FED177A07EECC
:10E69000903AF8EEE77A1046B9F1000FE0EC017A13
:10E6A00009DB334601E072ED017AF3EC016AA34223
:10E6B000A6EEA77AF7D15945AEEC017A0246E2D12F
:10E6C000E346F9E60121002070E715D10BF1FF3296
:10E6D00055F82220121248E7E34560467FF45CAF0C
:10E6E0008C4678E7D81C040000000000000080433E
:10E6F0000000803B0000C93FF6EE007AB4EEE78AE6
:10E70000F1EE10FA80F25D81B5EE408AF1EE10FA7A
:10E710004FF000023FF47AAFC8F1000118EE100A82
:10E720000192009E00F0E6FA5FED106A019A07EE92
:10E73000100AB4EEE67AF1EE10FAC0F25B815FEDFA
:10E74000147A67EE277A0BF10103FDEEE77A08F100
:10E750000808F8EEE77AA7EEE67AFDEEE77ABDEE76
:10E76000C77A17EE101A45F82B1017EE901A45F8D5
:10E77000231041464FF07E50CDE9002300F0BAFA55
:10E78000019B009A002B07EE100AC0F24A819F00FD
:10E7900042A907F1040E5FED2A6A0F44381D05EB0C
:10E7A0000E0171ED017AF8EEE77AA94267EE877AF9
:10E7B00027EE267A60ED017AF3D10DF1B8081FED4E
:10E7C000336AC44603F101090025002EC0F204811A
:10E7D000A24CDFEDA37A3846B0EE467A002103E082
:10E7E000A94208DCB4EC017AF0EC016A01318E42F6
:10E7F000E6EE877AF4DA01354D45ECEC017AA7F1C3
:10E800000407E2D16499032955D8DFE801F0CAB7BB
:10E81000B75DF7EE007A37EEC88ABCF1000F3FF41F
:10E82000EFAE17EE900A4146019200F063FA07EE50
:10E83000900A019A38EE678AE2E64FF0010C09E788
:10E840000BF1FF3155F8213003F07F0345F82130FB
:10E85000D3E655F82C10009E6346A8F1080800295D
:10E8600087D10CF18041013905EB810151F8040990
:10E87000013BA8F108080028F8D07AE7DFED787AA4
:10E88000002A40F0BF809DED2E7A0599002BC1ED46
:10E89000007A77EE677A0BDD2FA80121B0EC017AC0
:10E8A00001318B4277EE877AF8DA002A40F0B680A1
:10E8B000059BC3ED017A19EE903A03F0070057B0BB
:10E8C000BDEC048BBDE8F08F002B40F3C4809C00AE
:10E8D00056A921440DF1B80803F1804051ED286A92
:10E8E000013808EB830171ED017A37EEA67A88458D
:10E8F00077EEC77A81ED007A77EEA67AF0EE476A76
:10E90000C1ED017AEFD1012B40F3A58056AB1C4439
:10E910008000031D54ED286A43442FA973ED017A4A
:10E9200037EEA67A994277EEC77A83ED007A77EED2
:10E93000A67AF0EE476AC3ED017AEFD10830DFED39
:10E94000487A08EB000308F1080833ED017A98458E
:10E9500077EE877AF9D1DDED2E6A9DED2F7A2AB117
:10E96000F1EE666AB1EE477AF1EE677A059BC3ED88
:10E97000006A83ED017AC3ED027A9CE7002BFFF673
:10E980007DAF2EA800EB8301DFED357A043131ED48
:10E99000017A884277EE877AF9D1002A3FF473AF83
:10E9A00030E0DFED2F7AC6443EED017AF04577EE98
:10E9B000877AF9D10AB1F1EE677A059BC3ED007A47
:10E9C00079E719EE902ABBF1000F02F1010209EE7E
:10E9D000902A3ADD0222D4E5DFED217A01354D455A
:10E9E000ECEC017AA7F104077FF4EFAE0AE74FF0F1
:10E9F000000CF0E5BDEEC77A5B4617EE101A45F83D
:10EA00002B10B6E6DDED2E6A0599B1EE677A002B84
:10EA100076EEE77A81ED007A3FF73EAFF1EE677A66
:10EA200046E7649903293FF646AF01A050F821F06C
:10EA300041EA03007DE903007DE90300C9E8030022
:10EA4000DFED077A002AB6D1B7E7F7EE007A37EEA6
:10EA5000C88A0222D4E5DFED027A7CE7B01C04000C
:10EA60000000000020F00043B3F1485F07EE900A79
:10EA700006EE101A04DABDEEE77A17EE103A23B369
:10EA800027EEA77A9FED174ADFED174A9FED175A39
:10EA9000DFED175ADFED176AE7EE044A27EE874AE3
:10EAA000A4EE875AE5EE075AE5EE876A82B166EE74
:10EAB000C46AF6EE005AE6EE256ADFED0F5A96EECE
:10EAC000876AA4EE256A77EEC67A17EE900A704739
:10EAD0009FED0A6AA7EE266AE6EE047A17EE900A20
:10EAE000704700BFD3C92E2F342FD7B21BEF383653
:10EAF000010D50B98988083CABAA2A3EABAA2ABEB0
:10EB000041F0004101F58010C00F704700207047B0
:10EB100000200149704700BF0000F87F2DE9F04157
:10EB2000C1F30A57A7F2FF35132D82B002460B46F8
:10EB30000C464FEAD178064633DC002D4EDB3C49CB
:10EB4000294103EA0100104326D049080B4052EA4C
:10EB500003060CD04FF48023132D24EA010143FA5D
:10EB600005F444EA01040CBF4FF000460026314989
:10EB700001EBC8082346D8E900453246204629461D
:10EB800000F0BCF9CDE9000122462B46DDE9000189
:10EB900000F0B2F902460B461046194602B0BDE835
:10EBA000F081332D07DDB5F5806FF5D100F0A6F9C2
:10EBB00002460B46F0E7A7F213474FF0FF31F9404A
:10EBC0000842E9D049080842D1D04FF0804320EAFA
:10EBD000010143FA07F741EA0706C8E721F00041BF
:10EBE0000143D9D0C3F3130101434E420E43114DEB
:10EBF0005C0C360B640406F4002305EBC80243EA00
:10EC00000401D2E900450B4602462946204600F0A1
:10EC100075F9CDE9000122462B46DDE9000100F03F
:10EC20006BF921F00041024641EAC873B4E700BF26
:10EC3000FFFF0F002006040020F00040704700BFD7
:10EC400082B00190019A22F00041CB0D7F3B162B40
:10EC500020DC002B10462EDB234919410A4224D028
:10EC6000DFED227A9DED017A77EE277AF5EEC07A14
:10EC7000F1EE10FA19DD002A04DA4FF4000242FA2C
:10EC800003F3184420EA010307EE903A17EE900AC6
:10EC900002B07047B1F1FF4FDDED017AF6D377EEA8
:10ECA000A77A17EE900A02B07047DDED017A17EEF1
:10ECB000900A02B07047DFED0D7A9DED017A77EE94
:10ECC000277AF5EEC07AF1EE10FAEEDD002A02DBCB
:10ECD000DFED077ADAE7FFEE007A002918BFB0EE21
:10ECE000677AF0EE477AD1E7FFFF7F00CAF24971F9
:10ECF0000000000000B52DED028B83B00190019B58
:10ED000033F000421DD0B2F1FF4F0FD2B2F5000F29
:10ED100020D3D20D0A44FE2A2CDC002A3DDD23F04C
:10ED2000FF4343EAC25307EE903A03E007EE900A2E
:10ED300077EEA77A17EE900A03B0BDEC028B5DF870
:10ED400004FBDDED017A17EE900A03B0BDEC028BF7
:10ED50005DF804FB9DED017ADFED1B7A1B4B67EE3E
:10ED6000277A9942CDED017A10DB019BC3F3C7529C
:10ED7000193ACFE79FED168A019918EE100A00F0B4
:10ED800035F807EE900A67EE887AD3E7DFED117A5F
:10ED90009DED017A67EE277ACCE712F1160F06DABD
:10EDA0004CF250339942E5DC9FED0A8AE4E71932D0
:10EDB00023F0FF4343EAC2539FED077A07EE903AF0
:10EDC00067EE877AB6E700BF0000004CB03CFFFF5B
:10EDD000CAF249716042A20D0000003303F0004303
:10EDE00021F0004242EA0301704700BF01F00041F8
:10EDF00020F000400843704710B5054C13462CB175
:10EE00000A4601460220AFF3008010BD2046FCE711
:10EE100000000000014B1868704700BF2C800020E4
:10EE200008B5074B044613B10021AFF30080054B32
:10EE30001868836A03B19847204600F09BFF00BF23
:10EE400000000000E41C040070B50D4E0D4CA41B26
:10EE5000A4100025A54209D10B4E0C4C01F0B0F8CE
:10EE6000A41BA4100025A54205D170BD56F825307D
:10EE700098470135EEE756F8253098470135F2E717
:10EE800000820020008200200082002010820020EA
:10EE9000024B0146186800F0C4BF00BF2C80002060
:10EEA00038B5074C0023054608461146236000F09C
:10EEB00059FF431C02D1236803B12B6038BD00BF4A
:10EEC000A48C0020084B37B51C68084D236A002B22
:10EED00008BF2B46009313460A460146204600F021
:10EEE000D2FF03B030BD00BF2C80002090800020F6
:10EEF00081F0004102E000BF83F0004330B54FEAEB
:10EF000041044FEA430594EA050F08BF90EA020F57
:10EF10001FBF54EA000C55EA020C7FEA645C7FEAEA
:10EF2000655C00F0E2804FEA5454D4EB5555B8BF0D
:10EF30006D420CDD2C4480EA020281EA030382EA7E
:10EF4000000083EA010180EA020281EA0303362D10
:10EF500088BF30BD11F0004F4FEA01314FF4801CE3
:10EF60004CEA113102D0404261EB410113F0004FF5
:10EF70004FEA03334CEA133302D0524263EB4303AC
:10EF800094EA050F00F0A780A4F10104D5F1200E4A
:10EF90000DDB02FA0EFC22FA05F2801841F10001A5
:10EFA00003FA0EF2801843FA05F359410EE0A5F179
:10EFB00020050EF1200E012A03FA0EFC28BF4CF0AA
:10EFC000020C43FA05F3C01851EBE37101F0004560
:10EFD00007D54FF0000EDCF1000C7EEB00006EEB6D
:10EFE0000101B1F5801F1BD3B1F5001F0CD34908F7
:10EFF0005FEA30004FEA3C0C04F101044FEA44524E
:10F0000012F5800F80F09A80BCF1004F08BF5FEAD4
:10F01000500C50F1000041EB045141EA050130BDB4
:10F020005FEA4C0C404141EB010111F4801FA4F157
:10F030000104E9D191F0000F04BF01460020B1FAAC
:10F0400081F308BF2033A3F10B03B3F120020CDAE4
:10F050000C3208DD02F1140CC2F10C0201FA0CF0C2
:10F0600021FA02F10CE002F11402D8BFC2F1200C27
:10F0700001FA02F120FA0CFCDCBF41EA0C019040DD
:10F08000E41AA2BF01EB0451294330BD6FEA040426
:10F090001F3C1CDA0C340EDC04F11404C4F1200211
:10F0A00020FA04F001FA02F340EA030021FA04F323
:10F0B00045EA030130BDC4F10C04C4F1200220FA7A
:10F0C00002F001FA04F340EA0300294630BD21FAB8
:10F0D00004F0294630BD94F0000F83F4801306BF7E
:10F0E00081F480110134013D4EE77FEA645C18BF72
:10F0F0007FEA655C29D094EA050F08BF90EA020F09
:10F1000005D054EA000C04BF1946104630BD91EA00
:10F11000030F1EBF0021002030BD5FEA545C05D103
:10F120004000494128BF41F0004130BD14F5800442
:10F130003CBF01F5801130BD01F0004545F0FE41B6
:10F1400041F470014FF0000030BD7FEA645C1ABFEB
:10F15000194610467FEA655C1CBF0B46024650EA22
:10F16000013406BF52EA033591EA030F41F400214E
:10F1700030BD00BF90F0000F04BF0021704730B5D4
:10F180004FF4806404F132044FF000054FF00001A9
:10F1900050E700BF90F0000F04BF0021704730B56A
:10F1A0004FF4806404F1320410F0004548BF40423F
:10F1B0004FF000013EE700BF42004FEAE2014FEA94
:10F1C00031014FEA02701FBF12F07F4393F07F4F6F
:10F1D00081F06051704732F07F4208BF704793F072
:10F1E0007F4F04BF41F40021704730B54FF4607485
:10F1F00001F0004521F000411CE700BF50EA010288
:10F2000008BF704730B54FF000050AE050EA010230
:10F2100008BF704730B511F0004502D5404261EBA0
:10F2200041014FF4806404F132045FEA915C3FF4E1
:10F23000D8AE4FF003025FEADC0C18BF03325FEA7E
:10F24000DC0C18BF033202EBDC02C2F1200300FA2F
:10F2500003FC20FA02F001FA03FE40EA0E0021FA54
:10F2600002F11444BDE600BF70B54FF0FF0C4CF442
:10F27000E06C1CEA11541DBF1CEA135594EA0C0FF4
:10F2800095EA0C0F00F0DEF82C4481EA030621EA2F
:10F290004C5123EA4C5350EA013518BF52EA03356A
:10F2A00041F4801143F4801338D0A0FB02CE4FF01C
:10F2B0000005E1FB02E506F00042E0FB03E54FF04C
:10F2C0000006E1FB03569CF0000F18BF4EF0010E44
:10F2D000A4F1FF04B6F5007F64F5407404D25FEA40
:10F2E0004E0E6D4146EB060642EAC62141EA5551F3
:10F2F0004FEAC52040EA5E504FEACE2EB4F1FD0C35
:10F3000088BFBCF5E06F1ED8BEF1004F08BF5FEAB2
:10F31000500E50F1000041EB045170BD06F0004664
:10F3200046EA010140EA020081EA0301B4EB5C0411
:10F33000C2BFD4EB0C0541EA045170BD41F4801109
:10F340004FF0000E013C00F3AB8014F1360FDEBF2E
:10F35000002001F0004170BDC4F10004203C35DA0A
:10F360000C341BDC04F11404C4F1200500FA05F38D
:10F3700020FA04F001FA05F240EA020001F000422E
:10F3800021F0004110EBD37021FA04F642EB0601A4
:10F390005EEA430E08BF20EAD37070BDC4F10C04CE
:10F3A000C4F1200500FA04F320FA05F001FA04F292
:10F3B00040EA020001F0004110EBD37041F100017E
:10F3C0005EEA430E08BF20EAD37070BDC4F1200589
:10F3D00000FA05F24EEA020E20FA04F301FA05F2F1
:10F3E00043EA020321FA04F001F0004121FA04F299
:10F3F00020EA020000EBD3705EEA430E08BF20EA69
:10F40000D37070BD94F0000F0FD101F000464000A2
:10F4100041EB010111F4801F08BF013CF7D041EA24
:10F42000060195F0000F18BF704703F00046520028
:10F4300043EB030313F4801F08BF013DF7D043EAF9
:10F440000603704794EA0C0F0CEA135518BF95EAAF
:10F450000C0F0CD050EA410618BF52EA4306D1D136
:10F4600081EA030101F000414FF0000070BD50EA55
:10F47000410606BF1046194652EA430619D094EADF
:10F480000C0F02D150EA013613D195EA0C0F05D1C9
:10F4900052EA03361CBF104619460AD181EA03011D
:10F4A00001F0004141F0FE4141F470014FF00000D5
:10F4B00070BD41F0FE4141F4780170BD70B54FF070
:10F4C000FF0C4CF4E06C1CEA11541DBF1CEA1355F0
:10F4D00094EA0C0F95EA0C0F00F0A7F8A4EB0504D2
:10F4E00081EA030E52EA03354FEA013100F08880C9
:10F4F0004FEA03334FF0805545EA131343EA126392
:10F500004FEA022245EA111545EA10654FEA002646
:10F510000EF000419D4208BF964244F1FD0404F5FF
:10F52000407402D25B084FEA3202B61A65EB03055B
:10F530005B084FEA32024FF480104FF4002CB6EB18
:10F54000020E75EB030E22BFB61A754640EA0C0098
:10F550005B084FEA3202B6EB020E75EB030E22BFD8
:10F56000B61A754640EA5C005B084FEA3202B6EB19
:10F57000020E75EB030E22BFB61A754640EA9C00D8
:10F580005B084FEA3202B6EB020E75EB030E22BFA8
:10F59000B61A754640EADC0055EA060E18D04FEA66
:10F5A000051545EA16754FEA06164FEAC30343EA06
:10F5B00052734FEAC2025FEA1C1CC0D111F4801FD3
:10F5C0000BD141EA00014FF000004FF0004CB6E7CC
:10F5D00011F4801F04BF01430020B4F1FD0C88BF6B
:10F5E000BCF5E06F3FF6AFAEB5EB030C04BFB6EB76
:10F5F000020C5FEA500C50F1000041EB045170BD69
:10F600000EF0004E4EEA113114EB5C04C2BFD4EB95
:10F610000C0541EA045170BD41F480114FF0000E19
:10F62000013C90E645EA060E8DE60CEA135594EA95
:10F630000C0F08BF95EA0C0F3FF43BAF94EA0C0F98
:10F640000AD150EA01347FF434AF95EA0C0F7FF40D
:10F6500025AF104619462CE795EA0C0F06D152EA61
:10F6600003353FF4FDAE1046194622E750EA410645
:10F6700018BF52EA43067FF4C5AE50EA41047FF456
:10F680000DAF52EA43057FF4EBAE12E74FF0FF3CBB
:10F6900006E000BF4FF0010C02E000BF4FF0010C8C
:10F6A0004DF804CD4FEA410C7FEA6C5C4FEA430C05
:10F6B00018BF7FEA6C5C1BD001B050EA410C0CBF54
:10F6C00052EA430C91EA030F02BF90EA020F0020B6
:10F6D000704710F1000F91EA030F58BF994208BF1D
:10F6E00090422CBFD8176FEAE37040F001007047DA
:10F6F0004FEA410C7FEA6C5C02D150EA013C07D131
:10F700004FEA430C7FEA6C5CD6D152EA033CD3D07B
:10F710005DF8040B704700BF8446104662468C4675
:10F720001946634600E000BF01B5FFF7B7FF0028A8
:10F7300048BF10F1000F01BD4DF808EDFFF7F4FFD1
:10F740000CBF012000205DF808FB00BF4DF808ED5C
:10F75000FFF7EAFF34BF012000205DF808FB00BF7F
:10F760004DF808EDFFF7E0FF94BF012000205DF8A1
:10F7700008FB00BF4DF808EDFFF7CEFF94BF012056
:10F7800000205DF808FB00BF4DF808EDFFF7C4FF4F
:10F7900034BF012000205DF808FB00BF4FEA410C98
:10F7A0007FEA6C5C02D150EA013C0AD14FEA430C7B
:10F7B0007FEA6C5C02D152EA033C02D14FF00000B8
:10F7C00070474FF0010070474FEA410212F50012F6
:10F7D00015D211D56FF47873B3EB625212D94FEA98
:10F7E000C12343F0004343EA505311F0004F23FA82
:10F7F00002F018BF404270474FF00000704750EAD7
:10F80000013005D111F0004008BF6FF00040704793
:10F810004FF00000704700BF4A0011D212F50012ED
:10F8200011D20DD56FF47873B3EB62520ED44FEA58
:10F83000C12343F0004343EA505323FA02F07047D8
:10F840004FF00000704750EA013002D14FF0FF3016
:10F8500070474FF0000070474FEA4102B2F1E043B9
:10F8600024BFB3F5001CDCF1FE5C0DD901F0004CA7
:10F870004FEAC0024CEA5070B2F1004F40EB8300F7
:10F8800008BF20F00100704711F0804F21D113F123
:10F890003872BCBF01F00040704741F480114FEA5C
:10F8A0005252C2F11802C2F1200C10FA0CF320FAE5
:10F8B00002F018BF40F001004FEAC1234FEAD32302
:10F8C00003FA0CFC40EA0C0023FA02F34FEA43036C
:10F8D000CCE77FEA625307D150EA01331EBF4FF0F5
:10F8E000FE4040F44000704701F0004040F0FE4010
:10F8F00040F40000704700BF7BB972B90029BEBF59
:10F9000000204FF0004106E008BF00281CBF6FF048
:10F9100000414FF0FF3000F01BBAADF1080C6DE96B
:10F9200004CE002909DB002B1ADB00F0ABF8DDF870
:10F9300004E0DDE9022304B07047404261EB41017D
:10F94000002B1BDB00F09EF8DDF804E0DDE902236C
:10F9500004B0404261EB4101524263EB4303704704
:10F96000524263EB430300F08DF8DDF804E0DDE97B
:10F97000022304B0404261EB41017047524263EB05
:10F98000430300F07FF8DDF804E0DDE9022304B072
:10F99000524263EB4303704753B94AB9002908BF89
:10F9A00000281CBF4FF0FF314FF0FF3000F0D0B9FE
:10F9B000ADF1080C6DE904CE00F064F8DDF804E068
:10F9C000DDE9022304B070472DE9F84382EAE274CE
:10F9D000A4EBE2741546E20758BFDFF860900646D4
:10F9E0000F4652BF4FF000088046894664083246F1
:10F9F0003B463046394613D0FFF736FCE307064650
:10FA00000F46F3D54046494632463B46FFF72CFCAD
:10FA100064088046894632463B4630463946EBD13B
:10FA2000002D07DA42464B4600200449FFF746FD09
:10FA30008046894640464946BDE8F8830000F03FCD
:10FA4000D0B500220D4B06460F46FFF70DFCFFF721
:10FA5000E3FE0446FFF78EFB0022094BFFF704FC90
:10FA600002460B4630463946FFF746FAFFF7D4FE0A
:10FA70000022234610431946D0BD00BF0000F03DD0
:10FA80000000F0412DE9F047089E04468846002B0F
:10FA90004BD18A42154667D9B2FA82F24AB1C2F115
:10FAA000200701FA02F320FA07F7954047EA030816
:10FAB00094404FEA154E230CB8FBFEF71FFA85FC65
:10FAC0000EFB178843EA084307FB0CF1994209D95A
:10FAD000EB1807F1FF3080F01B81994240F218814A
:10FAE000023F2B445B1AA4B2B3FBFEF00EFB1033B3
:10FAF00044EA034400FB0CFCA44509D92C1900F18D
:10FB0000FF3380F00781A44540F2048102382C4481
:10FB100040EA0740A4EB0C0400271EB1D4400023A8
:10FB2000C6E900433946BDE8F0878B4209D9002E6B
:10FB300000F0EB800027C6E9000138463946BDE8F1
:10FB4000F087B3FA83F7002F47D18B4202D382426A
:10FB500000F2FA80841A61EB030301209846002E1C
:10FB6000E0D0C6E90048DDE702B9FFDEB2FA82F272
:10FB7000002A40F08F80491B4FEA154E1FFA85F886
:10FB80000127B1FBFEFC230C0EFB1C1143EA0143D1
:10FB900008FB0CF1994207D9EB180CF1FF3002D2A7
:10FBA000994200F2CD808446591AA3B2B1FBFEF00F
:10FBB0000EFB101443EA044408FB00F8A04507D9E3
:10FBC0002C1900F1FF3302D2A04500F2B68018468E
:10FBD000A4EB080440EA0C409FE7C7F1200CBB40AF
:10FBE00022FA0CFE4EEA030E01FA07F420FA0CF595
:10FBF00021FA0CF34FEA1E482543B3FBF8F92C0C0D
:10FC000008FB19331FFA8EFA44EA034309FB0AF48E
:10FC10009C4202FA07F200FA07F10BD91EEB03032C
:10FC200009F1FF3080F087809C4240F28480A9F186
:10FC3000020973441B1BADB2B3FBF8F008FB103391
:10FC400045EA034400FB0AFAA24508D91EEB040466
:10FC500000F1FF336BD2A24569D90238744440EAFF
:10FC60000940A0FB0289A4EB0A044C45C2464B465E
:10FC700054D351D0002E69D0B1EB0A0564EB0304D4
:10FC800004FA0CFCFD40FC404CEA0505C6E90054B2
:10FC9000002747E7C2F1200320FA03F7954001FA55
:10FCA00002F021FA03F34FEA154E3843010CB3FB7F
:10FCB000FEF71FFA85F80EFB173341EA034107FBF5
:10FCC00008F38B4204FA02F407D9691807F1FF3CE4
:10FCD0002FD28B422DD9023F2944CB1A81B2B3FBDC
:10FCE000FEF00EFB103341EA034100FB08F38B42A8
:10FCF00007D9691800F1FF3C17D28B4215D9023899
:10FD00002944C91A40EA07473BE73746304609E726
:10FD10000746E7E61846FBE64145ABD2B8EB020AD8
:10FD200069EB0E0201381346A4E76046E9E718467E
:10FD300095E76746D1E781467CE702382C4447E7E0
:10FD4000ACF1020C2B442FE7384608E73746E9E6CA
:10FD5000704700BF024B58221A604FF0FF307047C7
:10FD6000A48C0020024B58221A604FF0FF307047DD
:10FD7000A48C0020FEE700BFEEF72ABD00F005B816
:10FD80000B4601461846FFF737B810B5002814BFD8
:10FD9000044601242046EEF7CBFE30B9FDF706F805
:10FDA00008B900F00FF88047F4E710BD08B500F07F
:10FDB00004F808B5804700F005F808B5FCF7FEFF29
:10FDC000FFF7F7FF08B50620FFF762F80120FFF7FD
:10FDD000D1FF30B50024A24201D1002007E0035D2D
:10FDE00001340D1915F8015CAB42F4D0581B30BD3D
:10FDF000884210B501EB020307D8421E99420AD08F
:10FE000011F8014B02F8014FF8E78342F5D9811848
:10FE1000D21AD34200D110BD13F8014D01F8014DA3
:10FE2000F7E71F2938B504460D4604D916230360A9
:10FE30004FF0FF3038BD426C12B152F821304BB94F
:10FE4000204600F016F82A4601462046BDE8384014
:10FE5000FFF726B8012B0AD0591C03D116230360E3
:10FE60000120E7E7002442F8254028469847002073
:10FE7000E0E7FFF76FBF034613F8012B002AFBD121
:10FE8000181A013870472DE9F04780468946924696
:10FE90001E460F463D46089815F8014B00F06EF8D7
:10FEA0002044437813F0080332D12D2C32D17C78D2
:10FEB000BD1C0122002E5DD0102E09D1302C07D19F
:10FEC0002B7803F0DF03582B4FD16C7810260235C6
:10FED000002A14BF4FF000416FF000410027B1FB32
:10FEE000F6FC384606FB1C1EA4F13003092B17D87C
:10FEF0001C46A64223DD7B1C07D084451CD301D1C0
:10FF0000A64519DB00FB0640012715F8014BEBE77E
:10FF10002F46BFE72B2C04BFBD1C7C781A46C9E7CF
:10FF2000A4F14103192B01D8373CE2E7A4F16103A6
:10FF3000192B04D8573CDCE74FF0FF37E5E77B1C73
:10FF400008D12223C8F800300846BAF1000F07D1C3
:10FF5000BDE8F08702B14042BAF1000FF8D00FB10E
:10FF600005F1FF39CAF80090F2E73024002EAFD136
:10FF70000826ADE7302CA3D00A26A9E7D0F8EC007C
:10FF8000704782B001B901A942B14BB113780B603F
:10FF90001278101C18BF012002B070471046FBE712
:10FFA0006FF00100F8E749B1FF2A85BF8A2303609B
:10FFB0000A704FF0FF3098BF012070470846704725
:10FFC000F8B500BFF8BC08BC9E467047F8B500BF46
:10FFD000F8BC08BC9E46704700000000000000000E
:10FFE0000108010842424242010801083ED8E98D59
:10FFF0000000000011B6020075B6020025B702002D
:020000040004F6
:1000000055B7020009F7020021060300D5ED0200F2
:10001000C5F10200D1F10200E9F10200E9D10200CC
:10002000DDF1020039EE0200A5F10200EDDE020072
:10003000F9D1020081D50200ADD402005DD40200E6
:10004000B1D602001DCF020021D1020031D1020041
:1000500045D1020061D1020035DA020095D90200D3
:100060006DDF0200C5DF0200791003007D10030080
:100070008408040054080400DC0704002408040079
:10008000B40804002009040050090400680B0400AF
:10009000DDEC020095EE020085EC020081E1020039
:1000A0009910030091100300951003009DDD0200DC
:1000B000D1DB020041DC0200E1D20200F5D20200F5
:1000C00015D30200A5D30200B9D30200F1D3020078
:1000D00079CD02008DD10200A1D10200A5D102008C
:1000E000ADD10200B9D10200C1D10200D1D10200CC
:1000F000D9D10200E1D1020085DB0200B5DB0200AC
:1001000089EE020095F20200C1F202002DF3020016
:1001100075E102008DE1020099EA020051CB020074
:100120005DCB0200B5CB0200BDCB0200D9D00200EE
:10013000E5D002002DCC0200D5CD0200C9CF0200CF
:10014000DDCD020049CE020005CF020015CF02002E
:1001500061DB0200FDD6020025D702004DD7020068
:10016000A5D70200D1D7020085D502007DD60200B6
:10017000B5D50200E5D502000DD6020035D6020045
:1001800055D60200F1DC020015DD020039DD020067
:100190005DDD02007DDD020065DB020075DB020033
:1001A00015DA020025DA020031D802006DD1020012
:1001B00059D8020011D9020025D9020039D902000C
:1001C0004DD9020061D9020075D902007DD102002B
:1001D00085D1020081100300E9D10200410403002F
:1001E000F9D1020075D2020079D202007DD202005C
:1001F00091D20200C5D20200C9D20200D9D20200B7
:1002000005D4020011D4020015D402009DDE0200C4
:10021000E1DF0200F9DF02001DE0020071E00200F0
:1002200091E0020081BB020095BB0200A9BB020065
:10023000BDBB0200D1BB0200E5BB0200F9BB02005E
:100240000DBC02007DF30200A5F30200B9F3020029
:10025000CDF30200E1F30200F5F3020009F402001D
:100260001DF4020085BC020089BC0200A1BC020092
:10027000B5BC0200CDBC0200E1BC02005DC00200C2
:1002800099C1020045BD020049BD020079BD0200CE
:10029000A5BD020025BE020031BE020075BE0200EF
:1002A000E9BE020001BF020029BF020031BF020007
:1002B000CDEC0200D1EC0200B9C10200BDC10200C8
:1002C000C9C10200CDC10200D1C10200D9C10200E2
:1002D000DDC10200E1C1020001C202001DC2020034
:1002E00045C2020049C2020051C2020065C20200BA
:1002F00071C2020075C2020031F40200B1F40200C2
:1003000045F50200A9F50200B1F50200B9F50200B9
:10031000C9F50200D9F5020069FE0200FDEE0300F6
:100320004DF7030089F70300F9EE0300BDF4030065
:1003300069F2030009F702000D06030099FE0200AE
:1003400021FF020055FF020069FF0200BDFF02000D
:10035000C1FF0200C9FF0200D5FF0200DDFF02005D
:1003600019010300290103003101030051010300B9
:100370008901030005020300C50203006D030300A9
:10038000750303008D0303009503030025FA0200A3
:100390003DFA02004DFA020055FA02006DFA020021
:1003A00089FA020031FB020079FB020095FA020093
:1003B0002D05030095050300AD050300B5050300F9
:1003C000F905030001060300F1FB0200F5FB020042
:1003D00001FC020005FC02005D060300D5060300D7
:1003E000390703009D070300790E03003D0F03004A
:1003F000410F0300D90F0300291003002D10030043
:100400003110030035100300391003003D100300C4
:100410004110030045100300491003004D10030074
:100420006D590300915903001D5A0300695A0300D6
:10043000B55A0300C55A0300915C03007915030007
:10044000811503008915030099150300AD150300FC
:10045000D1340300B9150300E91503004D19030059
:10046000F515030059160300CD1903007D1B030089
:10047000951B0300BD1B03000D450300C91B0300B2
:10048000291C030055430300E1450300751C0300CC
:10049000751D03006D460300ED420300B1420300E9
:1004A000D942030069470300A11F0300892003000C
:1004B0003D2303009D25030009280300752C03003C
:1004C0003D2D03008D32030035330300313403002A
:1004D000A14703008D460300DD5C0300F95C0300C7
:1004E000815D0300E15D03000100000000000000E9
:1004F0000A0000000000000064000000000000008E
:10050000E8030000000000001027000000000000C9
:10051000A08601000000000040420F000000000023
:10052000809698000000000000E1F5050000000042
:1005300000CA9A3B0000000000E40B5402000000D7
:1005400000E87648170000000010A5D4E80000007D
:1005500000A0724E1809000000407A10F35A000003
:100560004FBB610567ACDD3F182D4454FB21E93FCB
:100570009BF681D20B73EF3F182D4454FB21F93FBA
:10058000E2652F227F2B7A3C075C143326A6813C40
:10059000BDCBF07A8807703C075C143326A6913CEB
:1005A000000000000000E03F000000000000E0BF8D
:1005B0000000E0FE422EE63F0000E0FE422EE6BFD5
:1005C000763C7935EF39EA3D763C7935EF39EABD4D
:1005D000000000000000000000000000000000809B
:1005E00000000040FB21F93F000000002D44743E54
:1005F000000000809846F83C0000006051CC783B39
:1006000000000080831BF0390000004020257A386C
:10061000000000802282E336000000001DF36935EF
:10062000000000000000304300000000000030C364
:1006300000000000000000006DB7020075B7020066
:10064000ED8203002583030079B702008DB7020015
:10065000ED6F03005D6F0300A56F0300616F030082
:10066000A9810300498303002D730300757073692A
:10067000646500006E6F726D616C0000636F6F7275
:1006800064696E6174652073706163653A202564E6
:10069000202F2025642C2025730000006163633A1D
:1006A000206D6F756E74696E670000006163633A58
:1006B000207573696E67205344412C2053434C00CE
:1006C0006163633A206E6F206932632061766169ED
:1006D0006C61626C650000006163633A206E6F7448
:1006E0002064657465637465640000006163633A47
:1006F00020646574656374656420256400000000EF
:100700006163633A2064616D61676564206163635E
:10071000656C6572656F6D746572206F7220696EAD
:1007200076616C696420414343454C45524F4D45C9
:100730005445525F54595045000000006163633ACC
:1007400020696E76616C696420414343454C455293
:100750004F4D455445525F54595045006163633ACB
:10076000206D6F756E7465640000000030313233A7
:1007700034353637383961626364656600000000DD
:100780006661696C6564207479706520636865636F
:100790006B20666F722025702040257000000000DD
:1007A0005654202570202D206F626A747970652060
:1007B000256420636C6173734E6F20256400000014
:1007C000756E68616E646C656420657863657074CD
:1007D000696F6E2C2076616C75653A000C0003F928
:1007E00000000000010000000000000079C80200C5
:1007F000EDDE0200EDC6020061C802002DC8020055
:1008000021C8020015C8020041C802006D69737357
:10081000696E672070726F7065727479206F6E20D8
:10082000257000000C0003F900000000010000002A
:100830000000000079C80200EDDE0200E1C60200FF
:10084000CDC50200D1C50200DDC50200E1C5020030
:10085000E5C502000C0003F90000000001000000E3
:100860000000000079C80200EDDE020059C8020055
:1008700035C502003DC5020041C5020045C5020064
:1008800089C502000C0003F900000000010000000F
:100890000000000079C80200EDDE020071C802000D
:1008A00015C502001DC5020021C5020075C8020061
:1008B00025C502000C0003F9000000000100000043
:1008C0000000000079C80200EDDE020069C80200E5
:1008D000EDC50200FDC502006DC8020065C802003A
:1008E0000DC602005B4E61746976652025705D005F
:1008F0005B5265664F626A6563742076743D25704D
:1009000020636C3D256420737A3D25645D00000002
:100910005B2573202570203D2025735D00000000BD
:10092000080004F9000000000300000000000000BF
:1009300079C80200EDDE02000000000015C60200CA
:1009400000000000000000000000000000000000A7
:100950000C0002F90000000002000000000000008E
:1009600079C80200EDDE0200000000005DC8020050
:100970000000000000000000000000000000000077
:10098000840804000700626F6F6C65616E000000F0
:10099000840804000900756E646566696E6564000C
:1009A000200904000000000000000000840804008A
:1009B0000000000084080400080066756E63746916
:1009C0006F6E0000840804000900756E6465666936
:1009D0006E656400840804000800496E66696E69EB
:1009E000747900008408040003004E614E0000008A
:1009F0008408040009002D496E66696E69747900E7
:100A00008408040004006E756C6C00008408040007
:100A100004007472756500008408040005006661B6
:100A20006C7365008408040008005B4F626A6563AC
:100A3000745D0000840804000A005B46756E6374F0
:100A4000696F6E5D000000008408040006006E758A
:100A50006D626572000000008408040006006F6289
:100A60006A65637400000000840804000600737463
:100A700072696E67000000006763416C6C6F6328E9
:100A8000256429202825642F256420667265653B2E
:100A9000202564206D617820626C6F636B29202DA6
:100AA0003E206E657720626C6F636B002D2D4D418B
:100AB000524B000052503A25702F25640000000070
:100AC00052473A25702F2564000000004743202537
:100AD000642F256420667265653B202564206D6166
:100AE00078426C6F636B0000686561703A20256422
:100AF00020286D696E7573202564207379732062D8
:100B00007974657329000000474320626C6F636B42
:100B10002025646220402025700000005265665246
:100B200065664C6F63616C20257020763D257000F2
:100B3000526566436F6C6C656374696F6E202570D7
:100B40002073697A653D2564000000005265665295
:100B500065636F72642025702073697A653D256432
:100B600020627974657300000C0005F90000000034
:100B70000400000000000000CDED0200F5EC0200D2
:100B800059EC0200A1EC020000000000000000008F
:100B9000000000000000000076617269616E742040
:100BA0006E6F7420737570706F727465643A20256F
:100BB000730000005265664D6170202570207369D6
:100BC0007A653D25640000005365676D656E743A73
:100BD0002025702C206C656E6774683A2025642C83
:100BE0002073697A653A2025640000002D3E202597
:100BF000640000004572726F723A202564205B2504
:100C0000645D0000526566416374696F6E202570F3
:100C10002070633D25582073697A653D2564000086
:100C2000140004F9000000000800000000000000AB
:100C3000E9EC020025ED02006DEC0200B1EC0200CF
:100C400000000000000000000000000000000000A4
:100C5000080004F900000000070000000000000088
:100C6000D1ED020015ED020065EC0200ADEC0200D2
:100C70000000000000000000000000000000000074
:100C80000C0004F900000000060000000000000055
:100C9000E1EC0200C5F0020051EC02009DEC020004
:100CA0000000000000000000000000000000000044
:100CB000636F6D6D202564202D3E2025700000009F
:100CC000525325643A25702F25640000756E6B6EB3
:100CD0006F776E002320257300000000232025730A
:100CE0003A202570000000006932633A206C6F6F73
:100CF0006B75702064656661756C742070696E73C5
:100D0000000000006932633A20666F756E642065EA
:100D100078697374696E6720693263006932633A77
:100D2000206D6F756E74696E67206F6E206E6577CB
:100D30002064657669636500000000000000000023
:100D400095FB020099FB02009DFB0200A1FB020043
:100D5000A5FB0200ADFB0200B5FB02006E6F207028
:100D6000696E206366673A20256400000000000079
:100D7000000000006DB7020075B70200E5FF020039
:100D8000E9FF0200F1FF020009000300000000007B
:100D9000000000006DB7020061000300E5FF0200E3
:100DA000E9FF02002900030041000300616C6C6F41
:100DB000636174652054494D45522564000000006C
:100DC000524553455420554943520A00100800002B
:100DD000008000401109000000900040120A00004D
:100DE00000A00040131A000000A00140141B0000E6
:100DF00000B0014000000000000000000A444D4522
:100E000053473A0A000000000A0A000000000000F0
:100E100000000000ED0D03000D080300259A0300FB
:100E2000299A03002D9A03006D090300BD090300F0
:100E300047EBF02D935A16C80F1F3F00A91003006F
:100E4000F51003005911030000030C0F30333C3F31
:100E5000C0C3CCCFF0F3FCFF0011223344556677BA
:100E60008899AABBCCDDEEFF526566496D61676566
:100E70002025702073697A653D25642078202564DB
:100E8000000000000C0004F9000000000500000054
:100E900000000000A5100300BD11030049EC020092
:100EA00099EC0200000000000000000000000000BB
:100EB000000000004A44413A206D61676963206D7B
:100EC00069736D617463682025780000696E7661CE
:100ED0006C69642073757065722D6672616D652032
:100EE0002564202564000000696E76616C696420C9
:100EF00073757065722D6672616D6520256420259D
:100F0000642025640000000006090909060406049F
:100F1000040E070806010F0F080409060C0A091F32
:100F2000081F010F100F08040E110E1F0804020104
:100F30000E110E110E0E110E040211000E1B1100E7
:100F400001807811807820003A010313800A2980FB
:100F50000A0000002A2A2A20434F44414C205041D5
:100F60004E4943203A205B25645D000037344843F6
:100F70003A2077616974696E672E2E2E000000009A
:100F8000373448433A206E6F207761697420726568
:100F90007175657374656400373448433A20257869
:100FA00000000000636F6E66696720747970653AAF
:100FB0002025643B20636667303D257820636667A3
:100FC000313D257800000000636F6E6669677572B9
:100FD000652073637265656E3A2046524D435452E4
:100FE000313D2570204D414443544C3D25702074C3
:100FF0007970653D2564000073637265656E3A2003
:10100000256420782025642C206F66663D25642C9D
:101010002564000000000000000000005D60030087
:101020003960030055600300316003005160030024
:10103000496003004160030030780000444D45538F
:1010400047206C696E6520746F6F206C6F6E67212E
:101050000A000000250000003F3F3F000D0A00008D
:1010600000000000000000006DB7020075B702002C
:10107000E5FF0200E9FF0200ED6E0300056F0300CB
:10108000E96E030000000000000000006DB70200E0
:1010900075B70200E5FF0200E9FF02006D6F030073
:1010A000856F0300ED6F03005D6F0300A56F030004
:1010B000616F0300656F0300656F03002D7303000C
:1010C00000000000000000006DB7020075B70200CC
:1010D000E5FF0200E9FF0200000000000000000040
:1010E000C1750300ADFD030000000000000000001A
:1010F000D1760300C176030000000000000000006C
:101100006DB7020075B70200E5FF0200E9FF0200BB
:10111000697B03007D7B0300C1750300997B03009D
:1011200000000000000000006DB70200217C0300F9
:10113000E5FF0200E9FF0200F17B0300057C0300EC
:10114000E97B03000D7D0300EF03038002CF030062
:10115000C130ED0464031281E803850078CB0539C2
:101160002C003402F70120EA020000C00123C10173
:1011700010C5023E28C701863601083701003A0132
:1011800055B1020018B603088227F20100260101BA
:10119000E00F0F312B0C0E084EF1370710030E092C
:1011A00000E10F000E1403110731C148080F0C3184
:1011B000360F1180782980780000000000000000C0
:1011C00000000000D17D030075B70200E5FF0200BA
:1011D00035980300997D0300B17D0300EC110400F4
:1011E000040000000C1204000700000002000000D0
:1011F00000000000040000000100000008000000E2
:10120000020000001000000003000000C4090000FC
:10121000700000008813000060000000102700002C
:1012200050000000204E000040000000409C0000E4
:1012300030000000A08601002000000040420F00A6
:101240001000000000000000000000006DB7020068
:1012500075B70200358003009580030065800300A8
:1012600079800300ED6F03005D6F0300A56F03003D
:10127000616F03008D7F0300B98003002D730300AD
:101280000200040108020000E20400000000000067
:10129000C4090000080000008813000010000000CE
:1012A0001027000018000000204E00002000000061
:1012B00080380100280000000071020030000000AA
:1012C00000C4090038000000000000000000000019
:1012D0006DB7020075B70200ED820300258303009D
:1012E000F582030009830300ED6F03005D6F0300C7
:1012F000A56F0300616F0300A98103004983030008
:101300002D7303004D50553630353020696E6974A9
:101310002025780000000000000000006DB70200EA
:1013200075B7020011840300498403001984030087
:101330002D840300ED6F03005D6F0300A56F0300B4
:10134000616F0300858503006D8403002D73030026
:10135000000000000000000061860300AD5E030095
:10136000616203000000000000000000D98B030050
:1013700069870300D186030071860300F5880300A6
:1013800081890300F4FFFFFF000000006DB7020039
:1013900075B70200E5FF0200E9FF0200798903004A
:1013A0009589030000000000000000006DB70200F6
:1013B00075B70200E5FF0200E9FF0200A58C0300FB
:1013C000B98C0300498C03000000000000000000FD
:1013D0006DB7020075B70200E5FF0200E9FF0200E9
:1013E000019103001591030045900300997B0300D0
:1013F00001807811807820003A0103E010021C0778
:10140000123732292D29252B3900010310E1100351
:101410001D07062E2C292D2E2E373F0000021013FB
:10142000800A29800A00000000000000000000007F
:10143000E998030075B70200E5FF02003598030044
:10144000659103007D910300000000000000000092
:10145000E9990300FD990300FFFF00004932432092
:10146000657272202578000049324320465245516A
:101470003A20256400000000000000000000000089
:10148000299F03008DC503008DC5030095C503008A
:1014900095C503009DC50300F9A00300B9C503006D
:1014A00089A103006D9F0300D9C50300000000005F
:1014B000000000006DB7020075B70200E5FF0200F2
:1014C000E9FF020005A2030041A2030061A5030099
:1014D000F8FFFFFF00000000E1A50300000000008E
:1014E0000000000079AA0300EDA603005DA7030039
:1014F000D9AF030075A70300A9A90300E1A7030062
:10150000F1A7030025A8030031A8030085AC030060
:10151000B1B0030041A80300F1A903007DAB0300B3
:1015200051A8030069A80300DDA60300E5A6030097
:1015300005AF0300B5AE030001AB0300D9A803005B
:10154000C9A80300CDA803000200000004000000A9
:101550000600000053504920636F6E66696720647F
:101560006F6E6520663D25700000000000000000E1
:101570000000000035B1030011B10300D5B4030031
:101580004DB403008DB4030025B1030029B103005D
:1015900000000000000000006DB7020075B70200F7
:1015A000E5FF02002DB70300F5B603000DB70300F9
:1015B0009D10030009B5030039B5030075B503009C
:1015C00095B50300A9B50300D5B50300F9B503002F
:1015D00019B6030049B603007DB603009DB60300AB
:1015E00085B70300BDB6030005B5030072656C6FD7
:1015F000636174652076746F7220746F2025782083
:101600002D3E202578202578000000000030004085
:10161000030000000F000000004000400400000034
:101620000F00000000300240230000000C0000000A
:1016300000200040020000001000000000F0024006
:101640002F0000000400000000800240280000007D
:10165000100000005C1604000800000002000000FA
:101660000100000003000000020000000400000070
:101670000300000005000000040000001C00000042
:10168000050000001D000000060000001E00000014
:10169000070000001F00000008000000010000001B
:1016A000000000000000000085C503008DC5030098
:1016B0008DC5030095C5030095C503009DC50300B6
:1016C0003DC60300B9C50300D1C60300F9C5030038
:1016D000D9C5030000000000000000006DB7020043
:1016E000217C0300E5FF0200E9FF0200F5CB0300C7
:1016F00015CC0300E97B0300DDCB030000000000F4
:101700000000000085CC030075CC0300259A03007F
:1017100079CC03007DCC030061636F73000000008F
:1017200061636F73680000006173696E0000000000
:101730006174616E68000000636F736800000000F0
:1017400065787000666D6F64000000006C6F670064
:101750006C6F673130000000706F770073696E68DE
:101760000000000073717274000000006C6F676607
:10177000000000007371727466000000FB21F93FE5
:10178000FB2109407CD91240FB2119407A6A1F4095
:101790007CD92240BBFD2540FB2129403A462C4004
:1017A0007A6A2F405C4731407CD932409C6B344090
:1017B000BBFD3540DB8F3740FB2139401BB43A403D
:1017C0003A463C405AD83D407A6A3F404C7E4040C1
:1017D0005C4741406C1042407CD942408CA243405F
:1017E0009C6B4440AC344540BBFD4540CBC64640B5
:1017F000DB8F4740EB584840FB21494083F9A2006A
:10180000444E6E00FC291500D1572700DD34F50049
:1018100062DBC0003C999500419043006351FE009B
:10182000BBDEAB00B761C5003A6E2400D24D42006A
:101830004906E00009EA2E001C92D100EB1DFE00D3
:1018400029B11C00E83EA700F535820044BB2E00FC
:101850009CE98400B4267000417E5F00D691390077
:10186000538339009CF439008B5F840028F9BD0054
:10187000F81F3B00DEFF97000F980500112FEF00C7
:101880000A5A8B006D1F6D00CF7E360009CB2700F2
:10189000464FB7009E663F002DEA5F00BA277500ED
:1018A000E5EBC7003D7BF100F739070092528A0053
:1018B000FB6BEA001FB15F00085D8D00300356002E
:1018C0007BFC4600F0AB6B0020BCCF0036F49A00E6
:1018D000E3A91D005E619100081BE6008599650083
:1018E000A0145F008D40680080D8FF0027734D0072
:1018F00006063100CA561500C9A873007BE26000D5
:101900006B8CC000000FC93F000F494000CB9640D0
:10191000000FC9400053FB4000CB164100ED2F41A2
:10192000000F49410031624100537B41003A8A4136
:1019300000CB9641005CA34100EDAF41007EBC416D
:10194000000FC94100A0D5410031E24100C2EE4183
:101950000053FB4100F20342003A0A420083104266
:1019600000CB164200141D42005C234200A5294210
:1019700000ED2F4200363642007E3C4200C7424214
:10198000000F4942A2000000F9000000830000009F
:101990006E0000004E000000440000001500000032
:1019A00029000000FC000000270000005700000094
:1019B000D1000000F500000034000000DD00000050
:1019C000C0000000DB000000620000009500000085
:1019D000990000003C00000043000000900000005F
:1019E00041000000FE000000510000006300000004
:1019F000AB000000DE000000BB000000C5000000DE
:101A000061000000B7000000240000006E0000002C
:101A10003A000000420000004D000000D20000002B
:101A2000E000000006000000490000002E00000059
:101A3000EA00000009000000D10000009200000050
:101A40001C000000FE0000001D000000EB00000074
:101A50001C000000B100000029000000A7000000E9
:101A60003E000000E8000000820000003500000099
:101A7000F50000002E000000BB0000004400000044
:101A800084000000E90000009C00000070000000DD
:101A900026000000B40000005F0000007E0000008F
:101AA000410000003900000091000000D600000055
:101AB00039000000830000005300000039000000DE
:101AC000F40000009C000000840000005F000000A3
:101AD0008B000000BD000000F9000000280000009D
:101AE0003B0000001F000000F8000000970000000D
:101AF000FF000000DE00000005000000980000006C
:101B00000F000000EF0000002F0000001100000097
:101B10008B0000005A0000000A0000006D00000069
:101B20001F0000006D000000360000007E00000075
:101B3000CF00000027000000CB00000009000000DB
:101B4000B70000004F000000460000003F0000000A
:101B5000660000009E0000005F000000EA00000038
:101B60002D0000007500000027000000BA000000F2
:101B7000C7000000EB000000E5000000F1000000DD
:101B80007B0000003D00000007000000390000005D
:101B9000F70000008A0000005200000092000000E0
:101BA000EA0000006B000000FB0000005F00000086
:101BB000B10000001F0000008D0000005D0000006B
:101BC0000800000056000000030000003000000084
:101BD00046000000FC0000007B0000006B000000DD
:101BE000AB000000F0000000CF000000BC000000CF
:101BF000200000009A000000F40000003600000001
:101C00001D000000A9000000E3000000910000009A
:101C1000610000005E000000E60000001B00000004
:101C20000800000065000000990000008500000029
:101C30005F00000014000000A00000006800000029
:101C4000400000008D000000FF000000D8000000F0
:101C5000800000004D00000073000000270000001D
:101C60003100000006000000060000001500000022
:101C700056000000CA00000073000000A800000029
:101C8000C900000060000000E20000007B000000CE
:101C9000C00000008C0000006B000000020000008B
:101CA0000300000004000000060000000000C93F1F
:101CB0000000F0390000DA370000A2330000842E63
:101CC0000000502B0000C2270000D0220000C41FDB
:101CD0000000C61B000044170400000007000000BD
:101CE00009000000308000204300504F5349580045
:101CF0002E000020202020202020202028282828F6
:101D000028202020202020202020202020202020CB
:101D1000202020881010101010101010101010101B
:101D2000101010040404040404040404041010102B
:101D300010101010414141414141010101010101D7
:101D40000101010101010101010101010101101065
:101D500010101010424242424242020202020202AB
:101D60000202020202020202020202020202101037
:101D70001010200000000000000000000000000023
:101D80000000000000000000000000000000000053
:101D90000000000000000000000000000000000043
:101DA0000000000000000000000000000000000033
:101DB0000000000000000000000000000000000023
:101DC0000000000000000000000000000000000013
:101DD0000000000000000000000000000000000003
:101DE00000000000000000000000000000000000F3
:081DF0000000000000000000EB
:081DF800A497FE7F010000002A
:101E000000000000A10D0C000101010180BA010FCA
:101E100080BA010F0138FDD170470000FFFFFFFFBE
:101E2000A88C00200090D003C5FD03003080002066
:101E300000000000000000000000000000000000A2
:101E40000000000000000000000000000000000092
:101E50000000000000000000000000000000000082
:101E60000000000000000000000000000000000072
:101E70000000000000000000000000000000000062
:101E80000000000000000000000000000000000052
:101E900043000000000000000000000000000000FF
:101EA0000000000000000000000000000000000032
:101EB00043000000000000000000000000000000DF
:101EC0000000000000000000000000000000000012
:101ED00043000000000000000000000000000000BF
:101EE00000000000000000000000000000000000F2
:101EF000430000000000000000000000000000009F
:101F000000000000000000000000000000000000D1
:101F1000430000000000000000000000000000007E
:101F200000000000000000000000000000000000B1
:101F3000430000000000000000000000000000005E
:101F40000000000000000000000000000000000091
:101F5000430000000000000000000000000000003E
:101F60000000000000000000000000000000000071
:101F7000A7FF030083FF030000000000F21C040021
:101F8000F01C0400F11C0400F11C0400F11C04000E
:101F9000F11C0400F11C0400F11C0400F11C0400FD
:101FA000F11C0400F11C0400FFFFFFFFFFFFFFFF17
:101FB000FFFFFFFFFFFF00000100415343494900BD
:101FC0000000000000000000000000000000000011
:101FD0000000000000000000000041534349490098
:101FE00000000000000000000000000000000000F1
:101FF00000000000000000000000000000040301D9
:1020000081B50200B5EC020031F90200D5B9030038
:102010005DB50200000000000000000000000000AC
:040000033000BDC14B
:00000001FF
