:020000040002F8
:106000000000042035D003005DD003005FD0030002
:1060100061D0030063D0030065D0030000000000DE
:1060200000000000000000000000000067D0030036
:1060300069D00300000000006BD003006DD00300A6
:106040006FD003006FD00300D5CE030099CE0300BC
:10605000ADCE03006FD0030079B903007DD50300F6
:1060600009CA030011CA030019CA03006FD0030054
:106070006FD003006FD003006FD003006FD0030018
:106080006FD003006FD003006FD003006FD0030008
:106090006FD003006FD003006FD003006FD00300F8
:1060A0006FD003006FD0030021CA030029CA030088
:1060B0006FD003006FD0030000000000000000005C
:1060C0006FD003006FD003006FD00300C1CE030078
:1060D0006FD003006FD003006FD003006FD00300B8
:1060E000FDCE03006FD003006FD00300000000005E
:1060F000000000006FD0030000000000E9CE0300A4
:10610000000000000000000000000000000000008F
:10611000000000000000000000000000000000007F
:10612000000000000000000000000000000000006F
:10613000000000000000000000000000000000005F
:10614000000000000000000000000000000000004F
:10615000000000000000000000000000000000003F
:10616000000000000000000000000000000000002F
:10617000000000000000000000000000000000001F
:10618000000000000000000000000000000000000F
:1061900000000000000000000000000000000000FF
:1061A00000000000000000000000000000000000EF
:1061B00000000000000000000000000000000000DF
:1061C00000000000000000000000000000000000CF
:1061D00000000000000000000000000000000000BF
:1061E00000000000000000000000000000000000AF
:1061F000000000000000000000000000000000009F
:106200007CB0EE877CB0EE87FF00FF00FF00FF0050
:10621000FF00FF00FF00FF00FF00FF00FF00FF0086
:10622000FF00FF00FF00FF00FF00FF00FF00FF0076
:10623000FF00FF00FF00FF002DE9F04F85B0039144
:106240000778A7F10903042B044607F07F0200F149
:106250000100F5D9202AF3D02B2F04BF677804461C
:106260002D2F75D09FED427B8DED007B4FF0000808
:106270004FF000099FB34FF0000C25464FF0000A85
:10628000DFF8FCB0644619E01AF028F98046894628
:1062900030461AF0B9F842464B4619F069FF5246AB
:1062A000804689465B46DDE900013CB31AF040FABE
:1062B000CDE90001A44615F8017F7FB1A7F13006B2
:1062C000092E52465B4640464946DDD9CCB92E2FB1
:1062D00017D115F8017F0124002FEFD12C4642463B
:1062E0004B46DDE900011AF0F9F880468946039B28
:1062F000404649461C6005B0BDE8F08F4FF0010CE8
:10630000D9E72C46BCF1000F29D042464B46DDE9C7
:1063100000011AF0E3F807F0DF07452F80468946B1
:10632000E5D10399681C0A2219F006FF14490246B8
:1063300000201AF083FC02460B46404649461AF0FC
:10634000CDF8804689464046494605B0BDE8F08F05
:106350009FED097B67788DED007B013486E7DFF8E0
:1063600024904FF000084046494605B0BDE8F08F44
:10637000000000000000F03F000000000000F0BF3F
:10638000000024400000F87F2DE9F0470023144668
:106390000022804689461AF013FB28B109F1004318
:1063A00099462D232370013400220023404649469C
:1063B0001AF0FCFA28B13022002322706370BDE885
:1063C000F0874046494618F075FA1AF037FB73A378
:1063D000D3E900230746494640461AF0F1FA00285F
:1063E0004ED170A3D3E90023404649461AF006FB7C
:1063F000002845D10E2F07F1010540F3B980A7F120
:106400000E063246002062491AF018FC02460B467E
:10641000404649461AF08CF900225E4B19F0A8FE5E
:106420001AF048FC002DA7F10F0E4FF0010C4DDDC6
:10643000594FDFF87881012245F6F3294FF02E0AF3
:10644000494508BF40454FF030030AD3B0EB080080
:1064500061EB0901494508BF404503F10103F5D24D
:10646000DBB2237050EA010304F101084AD19542DE
:1064700052DD0132102A4FD0444677E90289DFE726
:10648000002F33DB3A46002041491AF0D7FB024681
:106490000B46404649461AF04BF93BA3D3E900238B
:1064A0008046894601250026404649461AF016F8DE
:1064B0000022384B19F05CFE1AF0FCFB002DBC46A4
:1064C0004FF0FF3E37464FF00006B1DC2346302246
:1064D0004FF02E0803F8022B84F80180FC4345D0CE
:1064E0001C4403F8012BA342FBD1A1E77A42002010
:1064F00027491AF0A3FB02460B464046494619F0CD
:10650000EDFFCAE7954202F1010204BF84F801A041
:1065100004F10208102AAFD16EB14246302102F8D0
:10652000011BC2F1010373444344002BF7DC2EEA44
:10653000EE7301339844BCF1010F12D0BCF1000F8F
:106540004FF0650388F80030C5BF2B2388F8013071
:1065500008F1010108F102016046BDE8F0470FF0C3
:1065600049BD002388F80030BDE8F0871C465FE78E
:10657000C7F10E02002006491AF060FB3E460246B3
:106580000B46012790E700BF0000901EC4BCD64216
:10659000000024400000E03F001804008DEDB5A08D
:1065A000F7C6B03E50EFE2D6E41A4B4400407A10F2
:1065B00070B54FF0FF3006F0DDFA04466FF07F4013
:1065C00006F0D8FA0646204619F00EFF00220C4BC2
:1065D00019F084FF044630460D4619F005FF06A366
:1065E000D3E900231AF0A4F802460B4620462946B8
:1065F00019F0BEFD70BD00BF0000E0DFFFFF6F437C
:106600000000F03D000000002DE9F04F1D46138909
:10661000AB4288BF536885B004468CBF53F8250051
:10662000002090468A4606F019FF0022904B19F090
:1066300055FF1AF003FAB8F808206B1C9A4288BF7D
:10664000D8F8042006468CBF52F82300002006F03C
:1066500005FF0022864B19F041FF1AF0EFF9B8F858
:1066600008300235AB4288BFD8F8043007468CBFEB
:1066700053F82500002006F0F1FE002EC4E9006763
:1066800040F3E280002F40F3DF8071A3D3E90023C1
:10669000002584F8285018F02FF8002200238046A7
:1066A00089461AF08DF940B14046494668A3D3E9BE
:1066B000002319F05DFD8046894667A3D3E90023D6
:1066C000404649461AF09AF9C0B165A3D3E90023C0
:1066D000404649461AF07EF980B1012340464946BA
:1066E00084F8283060A3D3E9002319F041FD58A3B2
:1066F000D3E9002318F000F88046894600225D4B5C
:106700004046494619F0EAFE17F02AFD01F1004320
:1067100000221946564B19F0E1FE1AF08FF949464E
:106720000546404617F0D8FC0022514B19F0D6FE22
:106730001AF084F9DAF804304F49B3F80CB0B3F822
:106740000AA0A56007FB0BF303EB010806FB0AF6A2
:10675000019388FB05234FEA124C00960E444CEA45
:10676000034C06EA010383FB009A06EB0C0E0EEACB
:10677000010ED346CA468EFB00675246CDE902673A
:10678000120C42EA0B42DDE902AB0CEA010C8CFB75
:1067900000674FEA164956460A40360C46EA0B4651
:1067A00049EA074982FB05AB5F46C144B0445646FF
:1067B000CDE90267039FE060360C09EA010908EAA7
:1067C000010846EA074689FB05AB334488FB0556BA
:1067D000CDE9025655462D0C45EA0B45DDE902ABE5
:1067E0000B40AC4403EAE3770CEA010C554623EA7C
:1067F000E37367454FEA154502EAE276A8BF6746AC
:1068000045EA0B45634522EAE272B8BF6346AE44EF
:106810004E450EEA010EA8BF4E464A45B8BF4A464D
:106820007745A8BF77467345B8BF73464645A8BFAE
:106830004646C4E905634245B8BF424600980199FF
:10684000206261622761E261204605B0BDE8F08FF9
:10685000EA2E4454FB211940F4D64354FB21F93F5E
:10686000320D337F7CD91240EA2E4454FB2109407B
:106870000000F0400000E03F0000FFFF00000000CB
:106880002DE9F04F2DED028B044683B0C06819F05E
:10689000BBFD80462069894619F0B6FD82466069D5
:1068A0008B4619F0B1FD024601F1004306460F4642
:1068B0004046494617F0B2FE1AF008F9E062054674
:1068C00017F064FD0190284617F014FD019B054662
:1068D000184619F0ABFD42464B4619F0FFFD8046C5
:1068E0002846894619F0A2FD32463B4619F0F6FDCE
:1068F00002460B464046494619F038FC02460B4614
:106900005046594617F08AFE1AF0E0F8002208EEC9
:10691000100A0023304639461AF070F828B3B5EE55
:10692000C08AF1EE10FA1CDD11A7D7E9006718EE56
:10693000100A19F07BFD02460B463046394619F025
:1069400015FC32463B4619F013FC1AF0BFF8A06262
:10695000E38843F00203E38003B0BDEC028BBDE8A3
:10696000F08F05A7D7E90067E1E784ED0A8AEFE732
:10697000EA2E4454FB21F93FEA2E4454FB21F9BF8F
:1069800008B510F0FDFDDFED0C7A07EE100A67EE9A
:10699000277A17EE900A19F049FD05A3D3E90023E1
:1069A00019F0C6FE1AF04AF808BD00BFAFF3008028
:1069B000EA2E4454FB2119400000B44300000000BB
:1069C00008B510F0F1FDDFED0C7A07EE100A67EE66
:1069D000277A17EE900A19F029FD05A3D3E90023C1
:1069E00019F0A6FE1AF02AF808BD00BFAFF3008028
:1069F000EA2E4454FB2119400000B443000000007B
:106A0000494A21F0004393422DE9704304460D4664
:106A100049DC464A93420E460EDC3FA3D3E90023ED
:106A200019F0A6FB0022424B19F0E8FF00284AD0DB
:106A300020462946BDE870833E4A934239DCB3F1D3
:106A4000804F40DD17F044FB2246804689462B46A6
:106A50002046294619F042FD0022354B19F088FBEB
:106A600018F04CFA42464B4619F082FB02460B46A0
:106A700000202F4919F05CFE424604460D464B4665
:106A80004046494619F074FB02460B46204629460B
:106A900019F06EFB02F040F8002E08DC01F1004313
:106AA0001946BDE8708302460B4619F061FBBDE84C
:106AB000708317F00DFB02F02FF819A3D3E9002320
:106AC00019F056FBE8E722462B462046294619F0E6
:106AD00005FD804689462046294617F0F9FA00222E
:106AE00004460D46124B4046494619F041FB18F04A
:106AF00005FA00220E4B19F03BFB02460B464046BE
:106B0000494619F015FE22462B4619F031FB00F0DC
:106B1000A7FAC1E7AFF300809C7500883CE4377E9C
:106B2000EF39FAFE422EE63FFFFFEF7FFFFF2F3ED9
:106B30000000F03F0000B0412DE9F84FBE4B21F0BE
:106B400000469E4204460D468A460EDDBB4B9E42E1
:106B500000F3B18000F0AC80BAF1000F40F3EA809E
:106B600099A1D1E90001BDE8F88FB54B9E4200F331
:106B7000BA80A3F1DE739E4240F3A5804FF0FF3B45
:106B800022462B462046294619F0A8FC02460B4611
:106B90008046894619F0A2FC8DA3D3E9002306465E
:106BA0000F4619F09BFC8CA3D3E9002319F0E0FAFF
:106BB00032463B4619F092FC89A3D3E9002319F031
:106BC000D7FA32463B4619F089FC87A3D3E9002364
:106BD00019F0CEFA32463B4619F080FC84A3D3E983
:106BE000002319F0C5FA32463B4619F077FC82A320
:106BF000D3E9002319F0BCFA42464B4619F06EFC6B
:106C00007FA3D3E90023804689463046394619F0F0
:106C100065FC7DA3D3E9002319F0A8FA32463B4670
:106C200019F05CFC7AA3D3E9002319F09FFA3246ED
:106C30003B4619F053FC78A3D3E9002319F096FAE8
:106C400032463B4619F04AFC75A3D3E9002319F0FC
:106C50008DFA32463B4619F041FC02460B4640464F
:106C6000494619F085FA22462B4619F037FCBBF14C
:106C7000FF3F02460B4661D0724B734E4FEACB0B7F
:106C80005B44D3E9002319F071FA22462B4619F030
:106C90006DFAB34402460B46DBE9000119F066FACF
:106CA000BAF1000F0DDA01F100431946BDE8F88F83
:106CB00000283FF451AF22462B462046294619F0C2
:106CC00057FABDE8F88F58A3D3E9002319F050FA1A
:106CD00000225E4B19F092FE00283FF44FAF204691
:106CE0002946BDE8F88F17F0F3F9594B9E42044648
:106CF0000D4629DCA3F550239E424EDC02460B468E
:106D000019F036FA0022514B19F030FA00220646EB
:106D10000F464FF080432046294619F029FA0246D3
:106D20000B463046394619F003FD4FF0000B044680
:106D30000D4625E73EA1D1E90001C2E720462946DC
:106D400019F014FABDE8F88F424B9E421ADC00227B
:106D5000414B19F00BFA002206460F463E4B2046E7
:106D6000294619F0BBFB0022384B19F001FA024604
:106D70000B463046394619F0DBFC4FF0020B044657
:106D80000D46FDE602460B460020344919F0D0FCC2
:106D90004FF0030B04460D46F2E600222B4B19F090
:106DA000E5F9002206460F46284B2046294619F0F1
:106DB000DFF902460B463046394619F0B9FC4FF070
:106DC000010B04460D46DBE6182D4454FB21F93F28
:106DD00011DA22E33AAD903FEB0D76244B7BA93FCD
:106DE000513DD0A0660DB13F6E204CC5CD45B73F9B
:106DF000FF8300922449C23F0D5555555555D53F47
:106E00002F6C6A2C44B4A2BF9AFDDE522DDEAD3F3A
:106E10006D9A74AFF2B0B33F711623FEC671BC3FDA
:106E2000C4EB98999999C93F9C7500883CE4377EDA
:106E3000182D4454FB21F9BFFFFF0F440000F07FE1
:106E4000FFFFDB3F28180400081804000000F03F93
:106E5000FFFFF23FFF7F03400000F83F0000F0BF5C
:106E60002DE9F041C1F30A57A7F2FF35132D024671
:106E70000B460C468846064620DC002D4ADB364F82
:106E80002F4101EA070C5CEA000C1CD030A3D3E9C7
:106E9000002319F06DF90022002319F0AFFD48B16D
:106EA000002C04DD4FF4801343FA05F5A84428EACA
:106EB0000704002621463046BDE8F081332D06DD6B
:106EC000B5F5806F38D010461946BDE8F081A7F2BD
:106ED00013474FF0FF3C2CFA07F70742F3D01CA3EF
:106EE000D3E9002319F044F90022002319F086FDAC
:106EF0000028DFD0002C09DD142D22D00123C5F19C
:106F0000340503FA05F5AE1928BF984426EA0706AA
:106F10004446CFE70EA3D3E9002319F029F9002254
:106F2000002319F06BFD0028C4D0002C0CDB264395
:106F300005D00026094CBDE719F01AF9C5E734461B
:106F4000B8E704F10108E1E700264FF00044B1E79B
:106F50009C7500883CE4377EFFFF0F000000F03F87
:106F60002DE9F041C1F30A57A7F2FF35132D024670
:106F70000B460C46884606461DDC002D3CDB364F92
:106F80002F4101EA070C5CEA000C19D030A3D3E9C9
:106F9000002319F0EDF80022002319F02FFDC8B3EB
:106FA000002C04DA4FF4801343FA05F5A84428EACC
:106FB000070400262EE0332D06DDB5F5806F2DD0B9
:106FC00010461946BDE8F081A7F213474FF0FF3C89
:106FD0002CFA07F70742F3D01DA3D3E9002319F0D9
:106FE000C7F80022002319F009FD98B1002C21DB1D
:106FF00026EA070644460DE015A3D3E9002319F05D
:10700000B7F80022002319F0F9FC18B1002C08DBB6
:107010000026344621463046BDE8F08119F0A8F834
:10702000D0E724F000430D4A1E43002E18BF14463B
:107030000026EFE7142D08D00123C5F1340503FA2B
:1070400005F5AE1928BF9844D2E704F10108CFE74F
:107050009C7500883CE4377EFFFF0F000000F0BF06
:107060002DE9F04FD84B994287B08046894643DDE1
:10707000D64B99420E4600F3F480D54B994240F32B
:107080002D819FEDBB7B8DED047B4FEA215A044699
:10709000AAF2FF3ACF4BC6F313069E4246F07F5545
:1070A00000F3128145F44015204629460022CA4BC0
:1070B00019F05CF8002204460D46C84B19F00EFA90
:1070C00022462B4619F00AFAA046CDE90201A9464C
:1070D000CDE90001002E3AD10022002320462946A6
:1070E00019F064FC002800F01B81BAF1000F40F099
:1070F000858100200021B8E0B94B21F000449C427A
:107100000A460FDD0022B74B19F050FC002800F0B2
:10711000AF80002200230020B34919F009FB07B01B
:10712000BDE8F08FB14B9C4240F3AF80B04B1A44A6
:107130009A4240F2D3800022A84B19F0CFF9424680
:107140004B4619F0CBF9CDE900014FF0000A0022BF
:107150004FF080434046494619F00AF802460B4674
:107160004046494619F0E4FA02460B4606460F46E9
:1071700019F0B4F980A3D3E9002304460D4619F0B1
:10718000ADF97FA3D3E9002318F0F2FF22462B4686
:1071900019F0A4F97CA3D3E9002318F0E9FF2246F3
:1071A0002B4619F09BF97AA3D3E9002318F0E0FFEE
:1071B00022462B4619F092F977A3D3E9002318F061
:1071C000D7FF22462B4619F089F975A3D3E900238E
:1071D00018F0CEFF22462B4619F080F972A3D3E9AE
:1071E000002318F0C5FF22462B4619F077F9DDE998
:1071F000002318F0BDFF32463B4619F06FF90446F4
:107200000D46BAF1000F00F0A880504619F0FCF8C6
:1072100067A3D3E9002382468B4619F05FF966A382
:10722000D3E9002306460F465046594619F056F951
:10723000DDE9042318F09CFF22462B4618F098FF46
:1072400002460B46DDE9000118F090FF42464B462E
:1072500018F08CFF02460B463046394618F086FF80
:1072600003E002460B4618F083FF07B0BDE8F08F3D
:1072700042464B464046494618F078FF02460B46C8
:1072800019F056FA07B0BDE8F08F0022594B18F0FC
:107290006FFF0022002319F0B1FB10B1564B9C4246
:1072A00062DD42464B464046494619F017F9002236
:1072B0004A4B19F013F902460B464046494618F06E
:1072C00055FF07B0BDE8F08F45F40015C6F58016F0
:1072D00020462946B6100AF1010AE7E600223E4B95
:1072E0004046494618F044FF4FEA215AAAF2FF3AB5
:1072F000BAF1000F04460D460E4640F3BD804246EB
:107300004B4618F033FF02460B460020324918F076
:107310002DFF22462B4619F00BFACDE90401B9E600
:1073200027A3D3E900232046294619F0D7F80246BF
:107330000B460020284918F019FFDDE9022319F057
:10734000CDF806460F46BAF1000F75D102460B463E
:107350002046294618F00AFF87E702460B46DDE97A
:10736000000118F003FFA6E7404649467DE700BF4D
:10737000000000000000000044523EDF12F1C23F56
:107380009FC678D0099AC33FDE03CB966446C73FB9
:10739000AF788E1DC571CC3F599322942449D23FBA
:1073A00004FA97999999D93F935555555555E53F05
:1073B0000000E0FE422EE63F763C7935EF39EA3DAB
:1073C000555555555555E53F7982DA3FFFFFEF7F1B
:1073D000FFFF3F439DA006000000F03F0000E03F9C
:1073E000FFFFEF3F0000F0BF000050C3FFFF1F3E54
:1073F0003C412D4000005043FFFF8F3C504619F0A8
:1074000003F824A3D3E9002306460F4619F066F8D3
:10741000DDE9042318F0ACFE20A3D3E900230446E1
:107420000D463046394619F059F802460B462046BB
:10743000294618F09DFE18E7504618F0E5FF17A3FF
:10744000D3E9002382468B4619F048F811A3D3E90B
:107450000023804689465046594619F03FF8DDE939
:10746000042318F085FE02460B463046394618F0D4
:107470007DFE22462B4674E70022054B18F076FE6F
:1074800002460B464046494618F070FE41E700BFF1
:107490000000F03F763C7935EF39EA3D0000E0FE30
:1074A000422EE63F0000000008B517F085F904A35E
:1074B000D3E9002319F03CF908BD00BFAFF3008009
:1074C000EF39FAFE422EE63F2DE9F043DFF8B480B3
:1074D0008BB004460D4601F0F7F898F900300133FF
:1074E00006460F462CD022462B462046294619F048
:1074F0008FFA814620BB2046294616F0E9FD1FA3DE
:10750000D3E9002319F07AFAD0B1194A98F900307A
:10751000CDF820900321CDE90445CDE90245CDE920
:10752000001293B113490020022BCDE9060111D1BD
:1075300018F0AAFD22230360089B9BB9DDE90667CA
:10754000304639460BB0BDE8F0830B4B4FF060423C
:10755000CDE90623684618F013FC0028E8D0089B04
:10756000002BEBD018F090FD089B0360E6E700BF0E
:10757000642A04000000F07FFFFFEF477DF8B98F19
:10758000CE338640FF8100202DE9F043DFF8E48010
:107590008BB004460D4601F047F998F900300133ED
:1075A00006460F4633D02046294618F0E3FB70B359
:1075B0002CA3D3E900232046294619F01FFA81465F
:1075C00050BB2AA3D3E900232046294619F0F8F935
:1075D000E8B198F90030204ACDF820900020002131
:1075E0000426022BCDE90445CDE902450096CDE9FC
:1075F0000601019229D0684618F0C2FB28B3089B07
:107600001BB118F041FD089B0360DDE906673046B9
:1076100039460BB0BDE8F0830F4A98F9003001926B
:1076200003210022CDE90445CDE9024500910892ED
:107630002BB90A4B4FF06042CDE90623DBE708493E
:107640000020022BCDE90601D5D118F01DFD222323
:107650000360D4E7AFF300806C2A0400FFFFEF471C
:107660000000F07FEF39FAFE422E864051302DD5D2
:10767000104987C0FF8100202DE9F04FDFF82C93DF
:107680008DB006460F4614461D4601F09DFC99F943
:107690000080B8F1FF3FCDE9000136D022462B46ED
:1076A0002046294619F0B4F9834670BB32463B4662
:1076B0003046394619F0ACF98246002840F0A280E5
:1076C000304639460022002319F070F910B3002229
:1076D00000232046294619F069F98346002867D01F
:1076E0009FEDA77B0122AC4BCDF828A00292CDE9FB
:1076F0000467CDE906458DED087B0393B8F1000FD3
:1077000041D09FEDA17B8DED007BDDE900010DB047
:10771000BDE8F08FDDE9000118F02CFB8046002861
:1077200000F08D804FF0000A4FF0000BDDE9000102
:1077300052465B4619F03AF90028E6D03046394601
:1077400018F018FB0028E0D02046294618F012FB5C
:107750000028DAD099F900308F4A039204210022E0
:10776000022BCDE90467CDE90645CDE908AB0291CE
:107770000A9203D002A818F003FB50B918F084FC59
:107780002223036005E002A818F0FAFA002800F0AE
:107790009B800A9B1BB118F077FC0A9B03609DED50
:1077A000087B8DED007BDDE900010DB0BDE8F08FB9
:1077B0002046294618F0DEFA0028A6D00022002331
:1077C0002046294619F0FCF800289ED0724A99F903
:1077D0000030CDF828B00121CDE90467CDE9064598
:1077E000CDE90212002B74D06C490020022BCDE9A8
:1077F000080172D118F048FC212303600A9B002B7A
:10780000CDD0C8E7002200232046294619F0CEF843
:1078100000283FF47AAF624B5F49CDF828B00022D0
:107820000120B8F1020FCDE904670290CDE90645C9
:10783000CDE908230391A6D1CDE9002365E73046C1
:10784000394618F097FA00283FF46CAF20462946D5
:1078500018F090FA00283FF465AFDDE900231046E8
:10786000194619F0D5F899F900A000286BD1032327
:10787000DFF824C10A902946204602930022494B92
:10788000CDF80CC0CDE90645CDE9046718F026FE19
:1078900004460D46BAF1000F25D1DFF814B14FF0C0
:1078A000604A0022002330463946CDE908AB19F082
:1078B00087F838BB02A818F063FA00289ED118F0A8
:1078C000E3FB2223036099E718F0DEFB212303602A
:1078D0005FE79FED2B7B8DED087B02A818F050FA37
:1078E00000288BD186E79FED2A7B002200233046BB
:1078F00039468DED087B19F063F8A0B9BAF1020F93
:10790000DDD0D7E72046294618F042FA22462B461A
:1079100019F04CF8A0B9244B99F900A04FF060423F
:10792000CDE90823EAE72046294618F031FA224635
:107930002B4619F03BF818B9184B0022CDE9082363
:1079400099F900A0DAE70122134BCDF828800292C2
:10795000CDE90467CDE906450393BAF1000FB8D02D
:10796000002200231046194618F0E2FEBAF1020F79
:10797000CDE908013FF43EAFAFE700BFAFF30080B1
:107980000000000000000000000000000000F03FC8
:10799000000000000000F07F842A04000000F0FFD7
:1079A0000000F03F0000E03FFFFFEFC7FF81002035
:1079B000FFFFEF47000000002DE9F84FC44E21F013
:1079C0000043B34204460D460DDD03F1404303F589
:1079D0008013034340F0B980002940F34081002028
:1079E0000021BDE8F88FBB4EB34208DCBA4A93428F
:1079F00000F3B5809CA1D1E90001BDE8F88F002912
:107A0000C0F2708102460B460020B44918F0AEFB6C
:107A10000022B34B18F062FD04460D4617F06EFAD3
:107A200093A3D3E90023894680462946204618F0CF
:107A300055FD91A3D3E9002318F09AFB22462B466B
:107A400018F04CFD8EA3D3E9002318F08FFB2246DB
:107A50002B4618F043FD8CA3D3E9002318F088FBD4
:107A600022462B4618F03AFD89A3D3E9002318F0EB
:107A70007DFB22462B4618F031FD87A3D3E9002376
:107A800018F076FB22462B4618F028FD84A3D3E994
:107A9000002382468B462046294618F01FFD82A30C
:107AA000D3E9002318F062FB22462B4618F016FD9E
:107AB0007FA3D3E9002318F05BFB22462B4618F086
:107AC0000DFD7DA3D3E9002318F050FB22462B4681
:107AD00018F004FD0022814B18F04AFB02460B46C9
:107AE0005046594618F024FE42464B4618F0F6FC24
:107AF000002682468B4632464B463046494618F0B1
:107B0000EDFC02460B462046294618F02FFB324674
:107B100004460D464B464046494618F029FB0246AE
:107B20000B462046294618F003FE02460B465046F7
:107B3000594618F01DFB32464B4618F019FB024619
:107B40000B4618F015FBBDE8F88F02460B4618F0FF
:107B50000DFB02460B4618F0EBFDBDE8F88F024620
:107B60000B4618F0BBFC42A3D3E9002306460F46A0
:107B700018F0B4FC40A3D3E9002318F0F9FA324618
:107B80003B4618F0ABFC3EA3D3E9002318F0EEFA15
:107B900032463B4618F0A2FC3BA3D3E9002318F081
:107BA000E7FA32463B4618F099FC39A3D3E90023A3
:107BB00018F0DCFA32463B4618F090FC36A3D3E9C5
:107BC000002318F0D5FA32463B4618F087FC34A360
:107BD000D3E90023804689463046394618F07EFCBA
:107BE00031A3D3E9002318F0C1FA32463B4618F01E
:107BF00075FC2FA3D3E9002318F0BAFA32463B46AE
:107C000018F06CFC2CA3D3E9002318F0AFFA32462D
:107C10003B4618F063FC0022304B18F0A9FA0246EC
:107C20000B464046494618F083FD22462B4618F085
:107C300055FC02460B4622A1D1E9000118F096FA44
:107C400002460B462046294618F090FA02460B469B
:107C500005A1D1E9000118F089FABDE8F88F1AA151
:107C6000D1E9000179E700BF182D4454FB21F93F09
:107C700009F7FD0DE13D023F88B20175E0EF493F94
:107C80003B8F68B52882A43F5544880E55C1C93F33
:107C90007D6FEB0312D6D43F555555555555C53F0D
:107CA00082922EB1C5B8B33F59018D1B6C06E63FD9
:107CB000C88A599CE52A00404B2D8A1C273A03406C
:107CC000075C143326A6913C182D4454FB2109402F
:107CD000FFFFEF3FFFFFDF3F0000603C0000F03F91
:107CE0000000E03F00225C4B18F042FA00225B4BA0
:107CF00018F0F4FB40A3D3E9002304460D4618F026
:107D0000EDFB3FA3D3E9002318F032FA22462B46BD
:107D100018F0E4FB3CA3D3E9002318F027FA22462D
:107D20002B4618F0DBFB3AA3D3E9002318F020FA26
:107D300022462B4618F0D2FB37A3D3E9002318F0D4
:107D400015FA22462B4618F0C9FB35A3D3E90023C8
:107D500018F00EFA22462B4618F0C0FB80468946E2
:107D60002046294617F0CAF82FA3D3E90023064678
:107D70000F462046294618F0B1FB2DA3D3E9002376
:107D800018F0F4F922462B4618F0A8FB2AA3D3E9F1
:107D9000002318F0EDF922462B4618F09FFB28A38C
:107DA000D3E9002318F0E2F922462B4618F096FB9F
:107DB0000022294B18F0DCF902460B4640464946A2
:107DC00018F0B6FC32463B4618F088FB1EA3D3E9F8
:107DD000002318F0CBF932463B4618F0C9F90246A9
:107DE0000B4618F0C5F902460B4619A1D1E900016E
:107DF00018F0BCF9B1E600BF09F7FD0DE13D023F07
:107E000088B20175E0EF493F3B8F68B52882A43FF7
:107E10005544880E55C1C93F7D6FEB0312D6D43F40
:107E2000555555555555C53F82922EB1C5B8B33FEE
:107E300059018D1B6C06E63FC88A599CE52A004013
:107E40004B2D8A1C273A0340075C143326A6913C2D
:107E5000182D4454FB2109400000F03F0000E03F92
:107E6000414A91422DE9F84304460D4637DD3F4A29
:107E700091420B4608DD02F1795291423DDD024606
:107E800018F076F9BDE8F88301F1404202F580125E
:107E900002432ED0B1F1804F37DC0022344B18F072
:107EA00065F902460B4604460D4618F061F9224674
:107EB00006460F462B462046294618F00FFB024681
:107EC0000B463046394618F053F917F017F822469A
:107ED0002B4618F04DF9BDE8F843FFF7C1B802464C
:107EE0000B4618F043F902460B4618F021FCBDE89A
:107EF000F88300200021BDE8F88300F00DFE18A3F0
:107F0000D3E9002318F034F9F1E7024618F0E6FA55
:107F10000022174B18F02AF916F0F0FF224680468F
:107F200089462B462046294618F022F92246064665
:107F30000F462B464046494618F01AF902460B46B2
:107F400000200B4918F0F4FB0B4602463946304638
:107F500018F00CF9BDE8F84300F0DEBDAFF3008087
:107F6000EF39FAFE422EE63FFFFFEF3FFFFFAF4142
:107F70000000F03F000000002DE9F04FAE4B21F073
:107F800000479F4287B004460D4611DD07F1404788
:107F900007F5801703463B4321D002460B4618F0F5
:107FA000E5F802460B4618F0C3FB07B0BDE8F08FBA
:107FB000A24B9F420E4629DCB7F1795F80F24681E1
:107FC00081A3D3E9002318F0D3F800229C4B18F0CA
:107FD00015FDD8B12046294607B0BDE8F08F7CA337
:107FE000D3E9002318F07AFA7BA3D3E900230646ED
:107FF0000F462046294618F071FA02460B463046D5
:10800000394618F0B5F807B0BDE8F08F204629468C
:1080100016F05EF802460B460020894918F0A6F8D3
:108020000022884B18F05AFA6DA3D3E900230446C6
:108030000D4618F053FA6CA3D3E9002318F098F812
:1080400022462B4618F04AFA69A3D3E9002318F018
:108050008DF822462B4618F041FA67A3D3E9002396
:1080600018F086F822462B4618F038FA64A3D3E9B4
:10807000002318F07BF822462B4618F02FFA62A353
:10808000D3E9002318F074F822462B4618F026FA9C
:108090005FA3D3E90023CDE900012046294618F06B
:1080A0001DFA5DA3D3E9002318F060F822462B46A1
:1080B00018F014FA5AA3D3E9002318F059F822460D
:1080C0002B4618F00BFA58A3D3E9002318F04EF80A
:1080D00022462B4618F002FA594B002218F048F8B5
:1080E00082468B4620462946CDE902AB16F006FFB4
:1080F000554B9F428046894600F3198102460B4644
:1081000018F036F8DDE90223CDE90401DDE90001CC
:1081100018F00EFB02460B46DDE9040118F0DEF90B
:108120004FF0000ACDE9000152464B465046494601
:1081300018F0D4F902460B462046294618F016F8E6
:10814000524604460D464B464046494618F010F844
:1081500002460B462046294618F0EAFA02460B462C
:1081600018F006F802460B461BA1D1E9000117F0F2
:10817000FDFF02460B46DDE9000117F0F7FF52460E
:1081800004460D464B465046494617F0F1FF02465D
:108190000B4627A1D1E9000117F0E8FF02460B4684
:1081A0002046294617F0E2FF02460B4620A1D1E9FE
:1081B000000117F0DBFF002E3FF7F7AE01F100439F
:1081C0001946F2E6AFF300809C7500883CE4377EE8
:1081D000182D4454FB21F93F075C143326A6913C2B
:1081E00009F7FD0DE13D023F88B20175E0EF493F1F
:1081F0003B8F68B52882A43F5544880E55C1C93FBE
:108200007D6FEB0312D6D43F555555555555C53F97
:1082100082922EB1C5B8B33F59018D1B6C06E63F63
:10822000C88A599CE52A00404B2D8A1C273A0340F6
:10823000182D4454FB21E93FFFFFEF3FFFFFDF3FD5
:108240000000F03F0000E03F3233EF3F02460B46B4
:1082500018F044F94BA3D3E9002306460F4618F063
:108260003DF94AA3D3E9002317F082FF32463B468B
:1082700018F034F947A3D3E9002317F077FF32460B
:108280003B4618F02BF945A3D3E9002317F070FF04
:1082900032463B4618F022F942A3D3E9002317F0F7
:1082A00065FF32463B4618F019F940A3D3E9002395
:1082B00017F05EFF32463B4618F010F93DA3D3E9B4
:1082C0000023804689463046394618F007F93BA31B
:1082D000D3E9002317F04AFF32463B4618F0FEF878
:1082E00038A3D3E9002317F043FF32463B4618F08A
:1082F000F5F836A3D3E9002317F038FF32463B46A2
:1083000018F0ECF800221E4B17F032FF02460B4625
:108310004046494618F00CFA22462B4618F0DEF883
:1083200022462B4617F024FF07B0BDE8F08F5246D7
:108330005B46DDE9000118F0FBF942464B4618F0B8
:10834000CDF842464B4617F013FF02460B4617F096
:108350000FFF07A3D3E9002317F008FF02460B46DF
:1083600005A1D1E9000117F001FF24E7AFF3008078
:10837000075C143326A6913C182D4454FB21F93F89
:108380000000F03F09F7FD0DE13D023F88B20175A5
:10839000E0EF493F3B8F68B52882A43F5544880EE3
:1083A00055C1C93F7D6FEB0312D6D43F5555555586
:1083B0005555C53F82922EB1C5B8B33F59018D1BAB
:1083C0006C06E63FC88A599CE52A00404B2D8A1C62
:1083D000273A0340000000002DE9F84F1D465342A4
:1083E000134325F00049DFF8C8C149EAD373634558
:1083F000144606460F4626D8C0F1000848EA000891
:1084000021F0004A4AEAD878E04503468B461AD85C
:1084100005F1404808F5801858EA0208AE4643D0F6
:108420004FEAA57808F002085AEA030348EAD1782F
:1084300011D1B8F1020F55D0B8F1030F09D14AA1FB
:10844000D1E9000105E032463B462046294617F0B7
:108450008FFEBDE8F88F59EA020329D0E1452ED0FE
:10846000E24525D0AAEB09094FEA2959B9F13C0F99
:108470003CDC002D3EDA19F13C0F3BDA00200021F4
:10848000B8F1010F4ED0B8F1020F3ED0B8F1000F95
:10849000DFD037A3D3E9002317F068FE36A3D3E972
:1084A000002317F063FED4E7BDE8F84FFEF744BBA6
:1084B000BBF1000F12DB32A1D1E90001C9E7CA45C7
:1084C00034D0B8F1020F0DD0B8F1030FB7D0B8F126
:1084D000010F4FF0000036D00021BAE72AA1D1E900
:1084E0000001B6E724A1D1E90001B2E724A1D1E956
:1084F0000001C5E722462B463046394618F018F9E8
:1085000015F0E6FDFEF718FBBAE719A3D3E900233F
:1085100017F02CFE02460B4617A1D1E9000117F017
:1085200025FE96E701F10043194692E7B8F1020FE4
:1085300014D0B8F1030F0DD0B8F1010F06D014A17B
:10854000D1E9000185E74FF0004182E712A1D1E9AE
:1085500000017EE712A1D1E900017AE712A1D1E979
:10856000000176E7AFF30080182D4454FB2109C0C9
:10857000075C143326A6A13C182D4454FB21094066
:10858000182D4454FB21F93F182D4454FB21F9BF09
:10859000182D4454FB21E93F182D4454FB21E9BF19
:1085A000D221337F7CD902C0D221337F7CD90240D3
:1085B0000000F07F0000000043422DE9F047034334
:1085C00021F000463C4A46EAD373934204460D46E6
:1085D0002AD8964240D0394B9E428A462EDD384BEF
:1085E0009E4235463FDD33460246314617F0C0FD18
:1085F000224606460F462B4600202F4917F0B6FDAF
:1086000002460B463046394618F092F8FEF728FD30
:1086100000222C4B17F062FFBAF1000F0CDA01F1C7
:1086200000431946BDE8F08702460B4617F09EFD51
:1086300002460B4618F07CF8BDE8F0871CA3D3E98E
:10864000002317F095FD0022002318F0D7F948B158
:1086500020462946BDE8F0870022002318F068F87C
:10866000BDE8F087354622462B462046294617F0BE
:108670007FFD22462B4606460F4617F02FFF224667
:10868000804689462B4600200B4917F06FFD0246B5
:108690000B464046494618F04BF832463B4617F029
:1086A00067FDFEF7DDFC0022064B17F017FFB3E76E
:1086B0009C7500883CE4377E0000F03FFFFF2F3EB2
:1086C000FFFFDF3F0000E03F2DE9F8434E4B21F074
:1086D00000449C4206460F461BDC4C4B9C4222DD6C
:1086E0004B4B9C4254DD4B4B9C4246DD4A4B9C42DB
:1086F0006FDD01339C4269D041A3D3E900231046CA
:10870000194617F0EBFE06460F4630463946BDE8DF
:10871000F88302460B4617F0E1FE06460F46304648
:108720003946BDE8F88315F0D3FC02F04DFC002279
:108730003A4B8046894617F01BFDB4F1725F06463E
:108740000F46ECDB42464B464046494617F0C6FE14
:1087500032463B4604460D463046394617F008FD82
:1087600002460B462046294617F0E2FF00222B4B1B
:1087700017F0FEFC06460F46D1E715F0A9FC00F005
:1087800053F80022264B17F0A9FE06460F46C6E70F
:1087900015F09EFC00F048F80022214B06460F46DB
:1087A00017F09CFE324604460D463B4600201C490D
:1087B00017F0BEFF02460B462046294617F0D8FCAC
:1087C00006460F4630463946BDE8F883154B9842B9
:1087D00092D83046394615F07BFC0022104B17F03A
:1087E0007DFE00F021F8002204460D460C4B17F0E8
:1087F00075FE22462B4617F071FE06460F468EE7A1
:108800009C7500883CE4377EFFFFEF7F422ED63F09
:10881000FFFF3540412E8640CD3386400000F03FBB
:108820000000E03F7DF8B98F2DE9F047B04F21F00F
:108830000042BA4284B004460D464FEAD17610D9C0
:10884000AC4FBA4240F28A80C1F31303034302469D
:1088500040F0F180002E7ED00020002104B0BDE861
:10886000F087A54B9A4200F2B680A44B9A4240F2A0
:10887000D1804FF0000A22462B462046294617F0A9
:108880002DFE85A3D3E9002306460F4617F026FEEA
:1088900083A3D3E9002317F069FC32463B4617F067
:1088A0001DFE81A3D3E9002317F062FC32463B464C
:1088B00017F014FE7EA3D3E9002317F057FC3246CD
:1088C0003B4617F00BFE7CA3D3E9002317F050FCC6
:1088D00032463B4617F002FE02460B46204629462A
:1088E00017F044FC02460B4606460F462046294632
:1088F00017F0F4FD80468946BAF1000F00F0AB8016
:1089000032463B4600204FF0804117F02FFC0246D4
:108910000B464046494617F00BFF02460B46DDE981
:10892000020117F023FCDDE9002317F01FFC0B46C2
:1089300002467349002017F019FC6FF47F739A45C3
:1089400080F2A3800AF57A7A01EB0A5100224FF0F7
:10895000B87317F0C3FD04B0BDE8F08758A3D3E99E
:10896000002318F04BF800286BD157A3D3E900235C
:108970002046294618F024F800287FF46DAF61499D
:1089800053A3D3E9002301EBC6062046294617F07E
:10899000A5FDD6E9002317F0EBFB18F04FF882464F
:1089A00017F032FD4CA3D3E9002306460F4617F01B
:1089B00095FD02460B462046294617F0D7FB48A3F3
:1089C000D3E90023CDE900013046394617F086FD92
:1089D000CDE9020115E04C4B9A42D0D84B4BF40044
:1089E0002344D3E9002317F0C1FB494B234493ED03
:1089F000007BCDE900018DED027BC6F1010AAAEBF7
:108A0000060ADDE90223DDE9000117F0AFFB0446A9
:108A10000D4630E734A3D3E9002317F0A9FB002269
:108A2000374B17F0EBFFA8B3204629460022344B02
:108A300017F09EFB8FE70B4617F09AFB04B0BDE8DA
:108A4000F08729A3D3E900231046194617F046FD05
:108A500004B0BDE8F0873046394600224FF080432D
:108A600017F084FB02460B464046494617F060FE6D
:108A700022462B4617F07AFB02460B46002020497F
:108A800017F074FB04B0BDE8F08701EB0A5104B0A5
:108A9000BDE8F0878246EEE6D0A4BE726937663E36
:108AA000F16BD2C541BDBB3E2CDE25AF6A56113FEE
:108AB00093BDBE166CC1663F3E5555555555C53FD5
:108AC000EF39FAFE422E864051302DD5104987C02D
:108AD000FE822B654715F73F0000E0FE422EE63F81
:108AE000763C7935EF39EA3D9C7500883CE4377E69
:108AF000412E8640FFFFEF7F422ED63FFFFF2F3EE5
:108B00000000F03F48180400B1A2F03F58180400DC
:108B100068180400000000002DE9F04FB1F5801F37
:108B200085B006460F460B4680F2D08021F0004209
:108B3000024300F0DA800029C0F2E9800022D64B1F
:108B400017F0CCFCD54A0B46934206460F466FF011
:108B5000350E00F3C180C3F3130505F5152C0CF693
:108B6000647C0CF4801C8CF07F5282F440121C1543
:108B700042EA0507A4F2FF3474440022C84B304691
:108B8000394604EB1C5417F0F1FAAB1CC3F3130382
:108B9000022B82468B464FF0000240F3AF804FF02D
:108BA000804317F0E5FA02460B465046594617F047
:108BB000BFFD064620460F4617F026FC3246CDE99B
:108BC00002013B4630463946CDE9006717F086FC86
:108BD00002460B468046894617F080FC9AA3D3E9EB
:108BE000002306460F4617F079FC99A3D3E900232A
:108BF00017F0BEFA32463B4617F070FC96A3D3E955
:108C0000002317F0B5FA32463B4617F067FC94A3F1
:108C1000D3E9002317F0ACFA42464B4617F05EFC4E
:108C200091A3D3E90023804689463046394617F0A0
:108C300055FC8FA3D3E9002317F09AFA32463B463E
:108C400017F04CFC8CA3D3E9002317F091FA3246BD
:108C50003B4617F043FC0B4602464946404617F098
:108C600087FAA5F5C223C5F5D725A3F27A43513576
:108C70001D43002D06460F4640F387800022894B96
:108C80005046594617F02AFC52465B4617F026FC20
:108C900002460B46804689463046394617F068FA48
:108CA000DDE9002317F01AFC06460F46002C40F0C1
:108CB000818002460B464046494617F057FA024665
:108CC0000B465046594617F051FA0BE0734A93424F
:108CD0004FF0000E7FF73FAF32463B4630463946F5
:108CE00017F046FA05B0BDE8F08F002200230020FF
:108CF0006D4917F01DFD05B0BDE8F08F002317F09A
:108D000055FE60B1002C7CD100200021EAE702462C
:108D100017F02CFA0022002317F00AFDE2E758A30F
:108D2000D3E900235046594617F0D8FB02460B46BC
:108D300000205C4917F01AFA524606460F465B4679
:108D40005046594617F0CAFB02460B463046394694
:108D500017F0C4FB06460F462CB3204617F054FB11
:108D600049A3D3E900238046894617F0B7FB48A3FF
:108D7000D3E9002304460D464046494617F0AEFBB2
:108D800002460B46304639462CE002460B4650461A
:108D9000594617F0EBF9DDE9002317F09FFB064673
:108DA0000F46002C47D132463B465046594617F0F5
:108DB000DDF997E734A3D3E90023DDE9020117F0D9
:108DC0008DFB33A3D3E9002304460D46DDE9020100
:108DD00017F084FB32463B4617F0CAF902460B46B1
:108DE0004046494617F0C2F952465B4617F0BEF9B5
:108DF00002460B462046294617F0B8F905B0BDE8F3
:108E0000F08F204617F000FB1FA3D3E9002306468E
:108E10000F4617F063FB1EA3D3E9002304460D465B
:108E20003046394617F05AFB02460B462046294683
:108E300017F09EF956E7DDE9028913A3D3E9002371
:108E40004046494691E700BF44523EDF12F1C23F1F
:108E5000DE03CB966446C73F599322942449D23F00
:108E6000935555555555E53F9FC678D0099AC33F50
:108E7000AF788E1DC571CC3F04FA97999999D93F67
:108E8000555555555555D53F0000E0FE422EE63F5D
:108E9000763C7935EF39EA3D00005043FFFFEF7F24
:108EA0000000F03F0000E03F000050C30000000061
:108EB000B1F5801F2DE9F84304460D460B4619DA3B
:108EC00021F00042024359D000295FDB00223A4BD7
:108ED00017F004FB394A0D462B46934204466FF0C7
:108EE00035010CDD22462B462046294617F040F975
:108EF000BDE8F883314A93424FF00001F2DC1815C7
:108F0000A0F2FF3008444FEAD0794844C3F3130875
:108F100017F07AFAC9F57F73033348EA035506461A
:108F20000F4620462946FFF7F7FD1DA3D3E900238E
:108F3000804689463046394617F0D0FA1AA3D3E95D
:108F4000002304460D464046494617F0C7FA02463C
:108F50000B462046294617F00BF915A3D3E9002349
:108F600004460D463046394617F0B8FA02460B461D
:108F70002046294617F0FCF8BDE8F88300220023BC
:108F800000200F4917F0D4FBBDE8F883024617F024
:108F9000EDF80022002317F0CBFBA9E7AFF3008028
:108FA000362BF111F3FE593D0EE526157BCBDB3F49
:108FB00000609F501344D33F00005043FFFFEF7FFA
:108FC000000050C3000000002DE9F04F23F00045E1
:108FD00055EA020493B00DD06B4E21F00044B44228
:108FE0000F4682460BDD04F1404404F5801454EA38
:108FF0000A0350D16549002013B0BDE8F08F9B46AD
:10900000944647D0B542EEDC5F4EB5425DD0002FAE
:1090100080468946CDE900235BDB0026BCF1000FCA
:109020000ED1594B9D423FD0584B9D4200F0888055
:10903000BBF1804F00F09C80554B9B4500F0B883FE
:109040004046494615F044F8BAF1000F06D1002C0D
:1090500059D04E4B27F040429A4254D0FF0F013F67
:1090600056EA070373D04B4B9D4240F39B8003F1BC
:1090700004739D4240F33E84474B9C4272DDBBF13A
:10908000000F72DD3EA3D3E900231046194617F006
:1090900025FAB1E728B1414813B0BDE8F04F16F00A
:1090A00071BEA542F7DCAFE704F1404303F580133E
:1090B00053EA0A039ED0384B9C4240F38383BBF1B2
:1090C000000F52DBDDE9000196E7BCF1000F9ED0F6
:1090D00089E7334B9D4231DCA3F154739D429CDD03
:1090E0002B15A3F2FF33142B40F3A583C3F13403F4
:1090F0002CFA03F202FA03F363458ED102F0010267
:10910000C2F102068AE7BBF1000F05DA02460B4600
:1091100000201E4917F00CFB002FBFF66DAF04F1C5
:10912000404404F5801454EA060300F03F84012E05
:109130007FF462AF01F1004319465DE702266DE757
:10914000BBF1000FC0F248834046494654E742460F
:109150004B461046194617F009F802460B4617F021
:10916000E7FA49E7BBF1000F8CDB0020002143E761
:1091700042464B464046494617F0B0F93CE700BF2F
:109180009C7500883CE4377E0000F07F0000F03FD3
:109190000000E03F0000E041FFFFEF3FAC20040093
:1091A000FFFF3F43B4F5801F80F261830022D24B62
:1091B00017F094F96FF0340C0C462315CF4DC4F31F
:1091C0001302A3F2FF3342F07F546344AA420B938D
:1091D00044F4401440F33F83C94B9A4240F3048463
:1091E0009FEDAF7B8DED087B8DED107B9FEDAE7B12
:1091F0000B9B8DED067B01330B93A4F580140025AA
:10920000DDE906232146824616F0B0FFA346DDE9DC
:1092100006238046894650462146CDE90CAB16F020
:10922000A7FF02460B460020B64917F081FA0A460E
:109230000146CDE90E12134649460246404617F054
:109240004DF9631043F0005382468B4603F500232B
:109250008C46CDE904AB5919D3460023CDE902BCB5
:109260000293DDE902AB002004460D4602460B46A0
:109270005046594617F032F902460B4640464946D9
:1092800016F074FFDDE9062380468946204629460C
:1092900016F06CFF02460B46DDE90C0116F066FF86
:1092A00052465B4617F01AF902460B4640464946BD
:1092B00016F05CFFDDE90E2317F010F9DDE9044537
:1092C000CDE9060122462B462046294617F006F92D
:1092D00077A3D3E9002304460D4617F0FFF876A3E1
:1092E000D3E9002316F044FF22462B4617F0F6F888
:1092F00073A3D3E9002316F03BFF22462B4617F059
:10930000EDF871A3D3E9002316F032FF22462B4675
:1093100017F0E4F86EA3D3E9002316F029FF2246E4
:109320002B4617F0DBF86CA3D3E9002316F020FFDF
:109330002246804689462B462046294617F0CEF81D
:1093400002460B464046494617F0C8F852460446C6
:109350000D465B46DDE9040116F00AFFDDE9062350
:1093600017F0BCF822462B4616F002FF5246804604
:1093700089465B465046594617F0B0F80022624BCA
:10938000CDE90C0116F0F4FE42464B4616F0F0FE15
:1093900002980D46044622462B465046594617F081
:1093A0009DF8002282468B46574B2046294616F0F0
:1093B000DDFEDDE90C2316F0D9FE02460B464046E1
:1093C000494616F0D3FEDDE9042317F087F822465C
:1093D000804689462B46DDE9060117F07FF80246F4
:1093E0000B464046494616F0C3FE80468946024673
:1093F0000B465046594616F0BBFE029838A3D3E9F7
:10940000002304460D4617F069F85246CDE90401E1
:109410005B462046294616F0A9FE02460B4640460A
:10942000494616F0A3FE30A3D3E9002317F056F8FF
:109430002FA3D3E90023804689462046294617F00A
:109440004DF802460B464046494616F091FEDDE9CE
:10945000102316F08DFE80460B98894616F0D4FF37
:10946000424682468B464B46DDE9040116F080FEFB
:10947000DDE9082316F07CFE52465B4616F078FEC6
:10948000029852465B4604460D4616F06FFEDDE933
:10949000082316F06BFEDDE9042337E0AFF300800C
:1094A0000000000000000000000000000000F03F8D
:1094B000EF4E454A287ECA3F65DBC9934A86CD3FB9
:1094C00001411DA96074D13F4D268F515555D53F9F
:1094D000FFAB6FDBB66DDB3F033333333333E33F37
:1094E000000000E009C7EE3FFD033ADC09C7EE3F8C
:1094F000F5015B14E02F3EBE000040438E98030050
:1095000079B60B000000F03F0000084016F02EFE78
:109510000B4602464946404616F028FE013E56EAF2
:10952000070382468B4600F05E819FEDD37B8DED75
:10953000047BDDE9001200230E461746CDE90267E1
:109540000293DDE9026708463B461146324616F0B3
:109550000DFE22462B4616F0C1FFDDE900238046B2
:1095600089465046594616F0B9FF02460B4640461A
:10957000494616F0FDFD3246804689463B46204668
:109580002946CDE9008916F0A9FF0B46024606469A
:109590000F464046494616F0EBFDD14B9942044632
:1095A0000D468A4640F3248101F13F4303F5E00371
:1095B000034340F0FF81B2A3D3E90023DDE90001BA
:1095C00016F0D6FD3246804689463B46204629465F
:1095D00016F0CCFD02460B464046494617F00EFAFF
:1095E000002840F0E781A8464FEA2853A3F2FE3254
:1095F0004FF4801313415344C3F30A52B94DA2F2FE
:10960000FF321541C3F3130423EA05010020C2F120
:10961000140B44F48014BAF1000F02460B4644FACE
:109620000BFB30463946B8BFCBF1000B16F09EFD60
:1096300006460F463246DDE900013B4616F098FD2E
:109640004FEA0B5A0D4600248FA3D3E9002320468E
:10965000294616F043FF3246804689463B4620465F
:10966000294616F083FD02460B46DDE9000116F09F
:109670007DFD87A3D3E9002316F030FF86A3D3E94D
:10968000002306460F462046294616F027FF0246CD
:109690000B463046394616F06BFD06460F4602462D
:1096A0000B464046494616F063FD42464B4604468B
:1096B0000D4616F05BFD02460B463046394616F065
:1096C00055FD2246804689462B462046294616F0FF
:1096D00005FF73A3D3E9002306460F4616F0FEFEEE
:1096E00071A3D3E9002316F041FD32463B4616F044
:1096F000F5FE6FA3D3E9002316F03AFD32463B4650
:1097000016F0ECFE6CA3D3E9002316F02FFD3246D1
:109710003B4616F0E3FE6AA3D3E9002316F028FDCA
:1097200032463B4616F0DAFE02460B4620462946F4
:1097300016F01CFD06460F4602460B4620462946FB
:1097400016F0CCFE0022CDE900014FF080433046F8
:10975000394616F00BFD02460B46DDE9000116F016
:10976000E7FF424606460F464B462046294616F07E
:10977000B5FE42464B4616F0FBFC02460B46304611
:10978000394616F0F3FC22462B4616F0EFFC024653
:109790000B460020544916F0E9FC8A44BAF5801FB4
:1097A000C0F232815146DDE9042316F097FE23E42E
:1097B000002FFFF645AC4046494613B0BDE8F04FD8
:1097C00015F09CBBBBF1000FBFF6CFACDDE9003458
:1097D000184604F100410FE442464B46002042493E
:1097E00016F0A6FF08E49FED387B8DED047BA0E624
:1097F0003E4B21F00048984540F3EA803C4B0B4437
:1098000003430AD132463B4616F0B0FCDDE90023A3
:1098100017F0EAF800283FF4E7AEDDE904012CA3D5
:10982000D3E9002316F05AFE29A3D3E9002316F04A
:1098300055FEFFF7E1BBBCF1000F40F0D280C3F151
:10984000140345FA03F202FA03F3AB4200F0E0809E
:109850006646FFF7E9BB9FED207B8DED087B8DED24
:10986000107B9FED057B00258DED067BC8E44FF056
:10987000000CA2E4AFF30080000000000000F03F05
:10988000FE822B654715973C00000000432EE63F03
:10989000EF39FAFE422EE63F396CA80C615C20BE1F
:1098A000D0A4BE726937663EF16BD2C541BDBB3EE6
:1098B0002CDE25AF6A56113F93BDBE166CC1663FC4
:1098C0003E5555555555C53F000000000000F0BFFE
:1098D00059F3F8C21F6EA50100000000000000004F
:1098E000FFFF8F40FFFF0F000000F03FFFCB9040D5
:1098F00000346F3F5A4B9C427FF734AC594B9C422B
:109900003FF7BDAB0022574B16F030FC44A3D3E920
:10991000002304460D4616F0E1FD43A3D3E90023DE
:1099200082468B462046294616F0D8FD0022CDE916
:1099300002014D4B2046294616F0D0FD02460B464B
:109940003BA1D1E9000116F011FC22462B4616F08E
:10995000C5FD02460B460020444916F007FC22468E
:10996000804689462B462046294616F0B7FD02461A
:109970000B464046494616F0B1FD2FA3D3E900231C
:1099800016F0ACFD02460B46DDE9020116F0EEFBD7
:1099900002460B46804689465046594616F0E8FB7B
:1099A000002004460D4652465B46AFE502460B4694
:1099B000FFF7CFBBDDE9040121A3D3E9002316F0B3
:1099C0008DFD1FA3D3E9002316F088FDFFF714BB1C
:1099D000264B98453FF708AEDDE9022392469346B1
:1099E00031E60026FFF72CBB9FED177B8DED087B42
:1099F0009FED177B8DED107B9FED177B4FF480253E
:109A00008DED067BFFF7FCBB5A4601F029FDCAE647
:109A100002F00102C2F10206FFF706BBAFF30080BD
:109A2000000000604715F73F44DF5DF80BAE543E81
:109A3000555555555555D53FFE822B654715F73F72
:109A40009C7500883CE4377E0000004003B8E23F8C
:109A500006D0CF43EBFD4C3E000000000000F83F75
:109A6000FEFFEF3F0000F03F0000D03F0000E03F6E
:109A70002DE9F047CA4B21F000479F4290B0804645
:109A8000894640F38F80C74B9F420C46924626DCA6
:109A90000029B9A3D3E9002340F38F8016F066FBB9
:109AA000C14B9F4204460D4600F04781B4A3D3E961
:109AB000002316F05BFB02460B46CAE90023204652
:109AC000294616F053FBAEA3D3E9002316F04EFB54
:109AD0000125CAE90201284610B0BDE8F087B34B62
:109AE0009F4240F38980B24B9F4200F31C813D1599
:109AF000A5F21645A7EB055319461F46064616F074
:109B00009DFF16F081FC8046894642464B46304612
:109B10003946CDE90A8916F029FB0022A54B16F03B
:109B2000DDFC8946804616F089FF16F06DFC06467E
:109B30000F4632463B4640464946CDE90C6716F093
:109B400015FB00229B4B16F0C9FC00220023CDE937
:109B50000E0116F02BFF002800F060810023304634
:109B60003946002216F022FF002814BF01230223E9
:109B7000914A019202212A4600910AA8514600F01A
:109B800087FB002C054614DADAF80420DAF80C30EA
:109B900002F1004203F100434542CAF80420CAF82A
:109BA0000C3006E000200021C2E90089C2E9020170
:109BB0000025284610B0BDE8F08716F0D9FA7A4B98
:109BC0009F4204460D4600F00B816DA3D3E90023AC
:109BD00016F0CEFA02460B46CAE900232946204673
:109BE00016F0C4FA66A3D3E9002316F0C1FA4FF0C9
:109BF000FF35CAE90201DCE714F06AFA62A3D3E98F
:109C000000238046894616F069FC00226B4B16F053
:109C1000AFFA16F013FF054616F0F6FB56A3D3E98C
:109C20000023CDE9060116F059FC02460B464046DA
:109C3000494616F09BFA52A3D3E900238046894691
:109C4000DDE90601CDE9028916F048FC1F2D024628
:109C50000B46CDE9042340F3B380DDE90423DDE9BD
:109C6000020116F083FA804689463F15C9F30A536C
:109C7000FB1A102B40F3B18045A3D3E90023DDE9A3
:109C8000060116F02BFC8046894602460B46DDE9AC
:109C9000020116F06BFA02460B46DDE90201CDE93E
:109CA000082316F063FA42464B4616F05FFA3AA3D1
:109CB000D3E9002380468946DDE9060116F00EFC53
:109CC00042464B4616F052FA0B46CDE904010246D5
:109CD000DDE9080116F04AFAC1F30A53FF1A312FE1
:109CE0008046894600F39C809DED087BCAE9008987
:109CF0008DED027B42464B46DDE9020116F036FA55
:109D0000DDE9042316F032FA002CCAE90201BFF69D
:109D100050AF09F1004401F100436D42CAE90084EB
:109D2000CAE9020345E702460B4616F01FFA002572
:109D3000CAE90201CAE900013BE715A3D3E9002300
:109D400016F014FA14A3D3E900230D46044616F0C6
:109D50000DFA02460B46CAE900232946204616F0B2
:109D600005FA0DA3D3E9002316F000FA0125CAE98C
:109D700002011EE7AFF3008000004054FB21F93FD1
:109D80003163621A61B4D03D83C8C96D305FE43F6E
:109D90000000601A61B4D03D7370032E8A19A33B92
:109DA000FB21E93F7BD90240FB21F93FFB213941EF
:109DB000FFFFEF7F00007041282B04000000E03F10
:109DC0004046494616F0D2F9394B6A1E804653F890
:109DD0002230BB4289463FF448AFCAE9008989E78F
:109DE0002BA3D3E9002316F0C3F92BA3D3E9002357
:109DF0000D46044616F0BCF902460B46CAE900239C
:109E00002946204616F0B2F923A3D3E9002316F021
:109E1000AFF94FF0FF35CAE90201CAE60323A7E60E
:109E20001FA3D3E90023DDE9060116F057FB064620
:109E30000F4602460B46DDE9080116F097F9804609
:109E4000894602460B46DDE90801CDE9028916F094
:109E50008DF932463B4616F089F913A3D3E9002366
:109E600006460F46DDE9060116F038FB32463B4652
:109E700016F07CF902460B4640464946CDE90423DC
:109E800016F074F980468946A7E700BFAFF300805B
:109E90000000601A61B4D03D7370032E8A19A33B91
:109EA0000000002E8A19A33BC14920259A837B39E3
:109EB000A82A040000000000574A2DE9F84F21F0BD
:109EC0000048904506460F462CDC544B0029B4BF91
:109ED000534D544D98454FF0000411DC524B9845BA
:109EE00026DC4BA3D3E9002316F042F900224F4BA6
:109EF00016F084FD002840D030463946BDE8F88F82
:109F00004B4B984530DD4B4B984568DD0133984508
:109F100062D0304639463EA3D3E9002316F0DEFA7C
:109F2000BDE8F88F02460B4616F022F9BDE8F88F1F
:109F300014F0CEF801F048F83F4B984506460F461E
:109F400023DD0022394B16F013F902460B4630464A
:109F5000394616F0EDFB32463B4616F009F922462B
:109F60002B4616F0BBFAE1E714F0B2F8FEF75CFC02
:109F700022462B4616F0B2FAD8E73046394614F09E
:109F8000A7F801F021F806460F4632463B46304618
:109F9000394616F0EDF8324682468B463B4630464F
:109FA000394616F09BFA0022804689461F4B304600
:109FB000394616F0DDF802460B464046494616F093
:109FC000B7FB02460B465046594616F0CFF82246DC
:109FD0002B4616F083FAA9E7184B984299D83046D9
:109FE000394614F075F800220E4B16F077FAFEF79A
:109FF0001BFC06460F4602460B462046294616F035
:10A000006DFA32463B4616F069FA8FE7AFF30080EF
:10A010003374AC3C1F7BAC7FFFFFEF7FFFFF35400D
:10A020000000E0BF0000E03FFFFF2F3E0000F03FD8
:10A03000412E8640CD338640FFFFEF3F7DF8B98F3C
:10A040002DE9F04F21F00048B8F1795F85B0064660
:10A050000F4692469B466BDA16F0F0FC002800F0A3
:10A06000E18032463B463046394616F037FA74A353
:10A07000D3E9002304460D4616F030FA72A3D3E963
:10A08000002316F075F822462B4616F027FA70A327
:10A09000D3E9002316F06AF822462B4616F01EFA82
:10A0A0006DA3D3E9002316F063F822462B4616F081
:10A0B00015FA6BA3D3E9002316F058F822462B4675
:10A0C00016F00CFA68A3D3E9002316F051F82246E3
:10A0D0002B4616F003FACDE900010022664B20461C
:10A0E000294616F0FBF9DDE9002380468946204623
:10A0F000294616F0F3F9524604460D465B463046B3
:10A10000394616F0EBF902460B462046294616F072
:10A110002DF802460B464046494616F027F80246FF
:10A120000B460020554916F021F805B0BDE8F08F28
:10A1300002460B4616F0D2F941A3D3E900230446A8
:10A140000D4616F0CBF940A3D3E9002316F010F822
:10A1500022462B4616F0C2F93DA3D3E9002316F0A0
:10A1600005F822462B4616F0B9F93BA3D3E90023A4
:10A1700015F0FEFF22462B4616F0B0F938A3D3E9BE
:10A18000002315F0F3FF22462B4616F0A7F936A35D
:10A19000D3E9002315F0ECFF2B46224616F09EF97A
:10A1A000374B9845CDE9000197DD364B98453EDCAD
:10A1B000A8F500130022002030499046994615F07A
:10A1C000D5FFCDE9020100222B4B2046294616F08F
:10A1D00085F942464B4615F0C9FFDDE9002380466C
:10A1E00089462046294616F079F9524604460D461E
:10A1F0005B463046394616F071F902460B4620465A
:10A20000294615F0B3FF02460B464046494615F075
:10A21000ADFF02460B46DDE9020115F0A7FF05B0D0
:10A22000BDE8F08F1549002005B0BDE8F08F9FED27
:10A23000107B4FF000088DED027BDFF84C90C2E7F9
:10A24000D43888BEE9FAA8BDC4B1B4BD9EEE213EA3
:10A25000AD529C804F7E923E9015CB19A001FA3EE4
:10A260007751C1166CC1563F4C5555555555A53FB4
:10A27000000000000000E73F0000E03F0000F03F6A
:10A280003233D33F0000E93F0000D23F000000001E
:10A290002DE9F04FADF5197DBE4CA29EBE4D54F890
:10A2A00026600793D41E85FB0475E417C4EBA50450
:10A2B00024EAE4741D46631CA3EB8303013D02EB17
:10A2C000C3030593731904960994019503900B91A8
:10A2D000A4EB05071AD43B44002400255E1C0DF1B5
:10A2E0008008DDF88C9208E059F8270016F08CF809
:10A2F0000137B742E8E8020108D0002FF4DA01374D
:10A3000020462946B742E8E80201F6D1049B002B1B
:10A31000079B4FEAC30302932ADB039A20A902EBAF
:10A32000030801EB0309049B72AA02EBC30B0DF5B2
:10A33000E07A019B002B4FF000064FF0000711DB85
:10A34000039C4D4675E90223F4E8020116F0C6F8B5
:10A3500002460B463046394615F00AFF444506468C
:10A360000F46EFD1EAE80267DA4509F10809E0D1C2
:10A37000DDE90204049920448B0082460BA8A3F176
:10A380000802C31808930CAB13440A938B4698AB8E
:10A3900003EBCB03BBF1000F53E9284529DD70AB7C
:10A3A00003EBCB080DF1300900227C4B20462946F7
:10A3B00016F094F816F042FB16F026F80022784BBF
:10A3C00006460F4616F08AF802460B4620462946F6
:10A3D00015F0CCFE16F032FB78E9022349F8040BA5
:10A3E0003946304615F0C4FE70AB984504460D461C
:10A3F000DAD1DDF81490204629464A4601F030F8BB
:10A4000000224FF07F5304460D4616F067F8FCF724
:10A41000A7FD0022634B16F061F802460B4620466A
:10A42000294615F0A3FE0D46044616F007FB8046AC
:10A4300015F0EAFF0B4602462946204615F096FE27
:10A440004B46002B06460F4640F3E1800BF1FF32EE
:10A450000CA9C9F1180351F8225045FA03F101FA89
:10A4600003F30CA8EB1A40F82230C9F11705884411
:10A4700043FA05F5002D2CDDBBF1000F08F10108B2
:10A4800040F381820C9C002C40F0A780BBF1010FAF
:10A490000AD00CA9012251F8044F531C002C40F0A3
:10A4A0009E809B451A46F6D1059B002B0EDD012BA5
:10A4B00000F0D980022B09D10BF1FF320CAB0CA9B3
:10A4C00053F82230C3F3150341F82230022D00F077
:10A4D000AF80002200233046394616F067FA002884
:10A4E00000F05382049B0BF1FF394B4510DC0BF15C
:10A4F00080430CAA013B089802EB8303002253F827
:10A500000419834242EA0102F9D1002A40F0B680E0
:10A51000049B0CAA013B52F82330002B40F0A18091
:10A520000A9A012352F8041901330029FAD05B4436
:10A530000BF10109994506934CDC099A079909EB3F
:10A54000020801EB0B0508F1804802EB030BA39B0B
:10A5500008F1FF3803EB880870AB03EBC909A39B34
:10A5600020A903EB8B0301EBC505029358F8040FF8
:10A5700015F04AFF0B4601990246002905F1080B28
:10A58000C5E900234FF000064FF000071CDB039CD9
:10A590000CE000BFC82F0400ABAAAA2A0000703E3E
:10A5A000000070410000204075E90223F4E8020138
:10A5B00015F094FF02460B463046394615F0D8FD9B
:10A5C000544506460F46EFD1029B9845E9E80267DD
:10A5D0005D46CBD1DDF818B0D9E6012300220CA9E5
:10A5E000C4F180749B4541F822400EDD51F82320D0
:10A5F00001EB8B0001EB83036FF07F4100E01A68F1
:10A600008A1A43F8042B8342F9D101244CE706D17E
:10A610000BF1FF330CAA52F82350ED152AE7002264
:10A620007B4B16F0E1F9002840F0A381054650E786
:10A6300032463B460020774915F098FD06460F4606
:10A64000002C3FF446AF059A7249002000F008FF45
:10A6500002460B463046394615F088FD06460F4641
:10A6600037E7012363E70BF1FF320CAB0CA953F87A
:10A670002230C3F3160341F8223027E70CAB059ACA
:10A6800053F82930183ACDE9068505926BB909F1DE
:10A690008043013B0CA901EB830353F8041909F132
:10A6A000FF39183A0029F8D00592059A5949002037
:10A6B00000F0D6FEB9F1000F04460D46C0F2C0818D
:10A6C0004FEAC90370AA02EB030808930CAB03EB33
:10A6D0008906DFF844B14FF0000A08F10807043694
:10A6E00056F8040D15F090FE22462B4615F0F6FEA6
:10A6F0005B4667E9020152462046294615F0EEFE08
:10A700000CAB9E4204460D46EAD148AB039301933D
:10A71000CDF8149009F10103DDF810900293C346BF
:10A720004FF0000AB9F1000FC0F22A81DFF8EC8087
:10A730005D4635A3D3E9002300260027002403E06B
:10A74000544510DCF8E80223F5E8020115F0C6FED6
:10A7500002460B463046394615F00AFD0134A14544
:10A7600006460F46ECDA019BE3E802670193029B81
:10A770000AF1010A9A45ABF1080BD3D1A29BDDF88F
:10A780001490032B39D8DFE813F0D9000600060037
:10A790004D0048AB0393B9F1000F4FF000004FF0AC
:10A7A000000109DB039D05EBC904083474E90223A9
:10A7B00015F0DEFCA542F9D1079B002B40F01E816D
:10A7C0000B9BC3E900010B4603990246D1E9000146
:10A7D00015F0CCFCB9F1000F0CDD4AAD01240134B9
:10A7E000F5E8022315F0C4FCA145F8DA079B002B1D
:10A7F00040F014810B9BC3E90201069B03F00700A4
:10A800000DF5197DBDE8F08F00000040FB21F93FF8
:10A810000000E03F0000F03F0000703E9018040090
:10A8200048AB0393B9F1000F40F32781039ACDF8A9
:10A8300010904FEAC9030193D318D3E900AB09F193
:10A840000053013B02EBC9080293914678E9026785
:10A8500052465B463046394615F08AFC04460D46A2
:10A8600002460B463046394615F080FC52465B46A0
:10A8700015F07EFCC145A246AB46C8E90201C8E915
:10A880000045E3D1DDF81090B9F1010F40F3F580F8
:10A89000019B039A02991344C900D3E9006701F1AF
:10A8A000080A019192440DF5947B7AE902893246B7
:10A8B0003B464046494615F05BFC04460D460246C1
:10A8C0000B464046494615F051FC32463B4615F0D2
:10A8D0004FFCD34526462F46CAE90201CAE9004586
:10A8E000E3D1019C039B1034002000211C4403F1A0
:10A8F000100574E9022315F03BFCA542F9D1039C35
:10A90000079ED4E90023D4E90245002E00F08A8096
:10A9100003F1004701F100430B99C1E90403069BD1
:10A920002646944605F1004403F00700C1E900C73C
:10A93000C1E902640DF5197DBDE8F08F089C039D07
:10A940000834002000212C4474E9022315F010FC87
:10A95000A542F9D1079B13B101F1004319460B9BA6
:10A96000C3E90001069B03F007000DF5197DBDE862
:10A97000F08FBBF1000F08F1010874DD022581E5BD
:10A9800000260027EFE600248EE5CDE90685059D2B
:10A99000304639466A4200F063FD0022384B0646D5
:10A9A0000F4616F021F800B30022364B30463946E8
:10A9B00015F094FD16F042F8044615F025FD00222E
:10A9C0002F4B15F08BFD0B4602463946304615F0ED
:10A9D000CDFB16F033F80BF101090CAB183543F839
:10A9E0002B00059543F829405FE63046394616F0BE
:10A9F00025F80CABD94643F82B0056E60B9C01F129
:10AA00000043C4E900030B4603990246D1E9000163
:10AA100015F0ACFBB9F1000F3FF7DFAE01F10043D9
:10AA20001946E7E60B9EC6E90023069BC6E904012A
:10AA300003F00700C6E902450DF5197DBDE8F08F6A
:10AA4000A29B032B3FF6D9AE01A252F823F000BF20
:10AA500061AA020093A7020093A7020021A80200A6
:10AA60000020002176E732463B460020064915F0DB
:10AA70007DFB022506460F462BE5002000213EE720
:10AA8000000070410000703E0000F03F0000000038
:10AA90002DE9F04F21F00046B6F1795F85B004460C
:10AAA0000D469046994604DA15F0C8FF002800F0DC
:10AAB000858022462B462046294615F00FFD064686
:10AAC0000F4602460B462046294615F007FD41A3D6
:10AAD000D3E9002382468B463046394615F0FEFC0A
:10AAE0003EA3D3E9002315F041FB32463B4615F067
:10AAF000F5FC3CA3D3E9002315F03AFB32463B4674
:10AB000015F0ECFC39A3D3E9002315F02FFB3246F6
:10AB10003B4615F0E3FC37A3D3E9002315F028FBEF
:10AB20000E9BCDE900019BB30022294B40464946CC
:10AB300015F0D4FCDDE90023CDE902015046594669
:10AB400015F0CCFC02460B46DDE9020115F00EFBC8
:10AB500032463B4615F0C2FC42464B4615F006FB1A
:10AB600019A3D3E9002306460F465046594615F06F
:10AB7000B5FC02460B463046394615F0F9FA024656
:10AB80000B462046294615F0F1FA05B0BDE8F08FD6
:10AB900002460B463046394615F0A0FC0AA3D3E91D
:10ABA000002315F0E3FA52465B4615F097FC224667
:10ABB0002B4615F0DDFA05B0BDE8F08F204629469A
:10ABC00005B0BDE8F08F00BF495555555555C53FF7
:10ABD0000000E03F7CD5CF5A3AD9E53DEB9C2B8A6B
:10ABE000E6E55A3E7DFEB157E31DC73ED561C1196A
:10ABF000A0012A3FA6F810111111813F00000000AA
:10AC00002DE9F04FC04C21F0004687B0A6428246A5
:10AC10008B460F46CDE900231ADC15F00FFF002804
:10AC20003FD1109B524601331343334300F0B781A9
:10AC3000109B012B00F0C0815B460020B34915F04A
:10AC400077FD04460D462046294607B0BDE8F08F43
:10AC5000AF4B9E4225DD002909DADDE90045224699
:10AC600005F10043CDE900230BF100418B4652462C
:10AC70005B4685A1D1E9000115F078FADDE90023F2
:10AC800004460D4682A1D1E9000115F06FFA9FED4F
:10AC9000827B22462B468DED007B15F069FA8246B9
:10ACA0008B4652465B465046594615F017FC024605
:10ACB0000B468046894615F011FC424604460D4677
:10ACC0004B465046594615F009FC75A3D3E90023BD
:10ACD000CDE902012046294615F000FC72A3D3E914
:10ACE000002315F045FA22462B4615F0F7FB70A31A
:10ACF000D3E9002315F03CFA22462B4615F0EEFB73
:10AD00006DA3D3E9002315F033FA22462B4615F044
:10AD1000E5FB6BA3D3E9002315F02AFA22462B4664
:10AD200015F0DCFB68A3D3E9002315F021FA4246B5
:10AD30004B4615F0D3FB66A3D3E90023CDE904010C
:10AD40002046294615F0CAFB63A3D3E9002315F07A
:10AD50000FFA22462B4615F0C1FB61A3D3E900236D
:10AD600015F006FA22462B4615F0B8FB5EA3D3E990
:10AD7000002315F0FDF922462B4615F0AFFB5CA32E
:10AD8000D3E9002315F0F4F922462B4615F0A6FB73
:10AD900059A3D3E9002315F0EBF902460B46DDE990
:10ADA000040115F0E5F9DDE9022315F097FBDDE973
:10ADB000004522462B4615F0DBF942464B4615F07E
:10ADC0008DFB22462B4615F0D3F94DA3D3E9002382
:10ADD00004460D46DDE9020115F080FB22462B46B4
:10ADE00015F0C6F90B46024680468946504659463C
:10ADF00015F0BEF9464B9E4204460D4600F38C808A
:10AE0000109B012B3BD002460B4600203F4915F01A
:10AE10008FFC002406460F462046294652465B46D4
:10AE2000CDE90067CDE90201009415F09FF9DDE955
:10AE300000AB02460B464046494615F097F952468C
:10AE40005B4615F04BFB524604460D465B46DDE97A
:10AE5000020115F043FB00222E4B15F089F9024642
:10AE60000B462046294615F083F932463B4615F03D
:10AE700035FB52465B4615F07BF904460D462046ED
:10AE8000294607B0BDE8F08F182D4454FB21E93F57
:10AE9000075C143326A6813C00000000000000007F
:10AEA000D47ABF74702AFB3EE9A7F0320FB8123F84
:10AEB00068108D1AF726303F1583E0FEC8DB573F38
:10AEC00093846EE9E326823FFE41B31BBAA1AB3FF8
:10AED000735360DBCB75F3BEA69237A0887E143F18
:10AEE0000165F2F2D844433F280356C9226D6D3FF5
:10AEF00037D60684F464963F7AFE10111111C13FD3
:10AF0000635555555555D53FFFFF2F3E0000F0BF07
:10AF10002794E53F0000F03F109815F075FA22469F
:10AF2000CDE900012B462046294615F0D7FADDE988
:10AF30000023CDE902012046294615F019F9024601
:10AF40000B46DDE9020115F0F3FB42464B4615F0D6
:10AF50000DF902460B465046594615F007F90246D0
:10AF60000B4615F005F902460B46DDE9000115F028
:10AF7000FDF80446B81700F00200C0F101000D46CC
:10AF800015F042FA02460B462046294615F0A6FA6D
:10AF900004460D462046294607B0BDE8F08F5046CE
:10AFA000594613F095F802460B460020044915F067
:10AFB000BFFB04460D4662E754465D465FE700BFAF
:10AFC0000000F03F000000002DE9F04FCC4A21F0D6
:10AFD0000043934285B082468B460C4620D9C94A2D
:10AFE000934200F2D780002C80F2A481ACA3D3E975
:10AFF00000235046594615F0BBF80022002315F0F7
:10B00000DFFC002840F0D180A7A3D3E900235046FD
:10B01000594615F063FA02460B460020BA4994E1FE
:10B02000BA4A934200F2E580B94A934240F22E8137
:10B03000002301930022B74B5046594615F04EFAB3
:10B0400006460F4602460B465046594615F046FA4C
:10B0500097A3D3E9002304460D4615F03FFA96A3C3
:10B06000D3E9002315F084F822462B4615F036FA72
:10B0700093A3D3E9002315F079F822462B4615F067
:10B080002DFA91A3D3E9002315F072F822462B463E
:10B0900015F024FA8EA3D3E9002315F067F82246B1
:10B0A0002B4615F01BFA00229B4B15F061F88046E9
:10B0B000894602460B463046394615F00FFA0246DD
:10B0C0000B460020954915F051F8064602460B46FE
:10B0D0000F464046494615F049F8324680468946B3
:10B0E0003B465046594615F0F9F902460B460020FA
:10B0F0008B4915F03BF802460B464046494615F091
:10B1000017FB22462B4615F0E9F9019E02460B4635
:10B11000002E4DD0DDE9026732463B4615F026F899
:10B1200052465B4615F0DAF932463B4615F01EF8FA
:10B130002B46224615F01AF8019B013306460F46AE
:10B1400000F02381019B012B7BD0019A531C392BEA
:10B150004FEA025500F22881019A132A40F35581E3
:10B16000019BC3F57F7403340022230515F000F81A
:10B1700002460B465046594614F0F8FF0022664B33
:10B1800014F0F6FF824605EB010B5046594605B018
:10B19000BDE8F08F634A93421BD9C1F31303034305
:10B1A000024640F012810029EFDA00205E490DE0EE
:10B1B0005046594615F092F922462B4614F0D6FF18
:10B1C00002460B465046594614F0D0FF05B0BDE884
:10B1D000F08F41A3D3E9002315F010FC00283FF4C1
:10B1E00002AF3FA3D3E900231046194615F076F9C4
:10B1F000ECE74E4A934200F2EC8000293AA3D3E9EF
:10B20000002339DA14F0B4FF39A7D7E900674FF00B
:10B21000FF3380468946019332463B4640464946C5
:10B2200014F0A4FF02460B4682468B464046494630
:10B2300014F09CFF32463B4614F098FFCDE9020122
:10B24000F8E600223A4B5046594615F0B9FB002863
:10B2500000F0CC805046594600222E4B14F088FF57
:10B2600002460B463046394614F080FF00224FF06C
:10B27000404315F033F9A9E714F078FF0123804625
:10B28000894601931CA7D7E90067C5E714A3D3E952
:10B29000002314F06DFF02460B468FE7AFF30080EA
:10B2A00059F3F8C21F6EA501FE822B654715F73FC3
:10B2B0002DC3096EB7FD8ABE3952E686CACFD03E8D
:10B2C000B7DBAA9E19CE143F8555FE19A0015A3F3F
:10B2D000F41011111111A13FEF39FAFE422E8640F0
:10B2E0009C7500883CE4377E0000E0FE422EE63F7D
:10B2F000763C7935EF39EABD763C7935EF39EA3D70
:10B3000079684340412E86400000E0BF422ED63F80
:10B31000FFFF8F3C0000E03F0000F03F00000840CE
:10B3200000001840FFFFEF7F0000F0BFB1A2F03F28
:10B330000000D0BF44A3D3E900235046594615F07E
:10B34000CDF802460B460020414914F011FF15F0DC
:10B3500075FB019015F058F837A3D3E90023064692
:10B360000F4615F0BBF802460B465046594614F0FE
:10B37000FDFE33A3D3E90023804689463046394693
:10B3800015F0ACF806460F4646E702460B46504617
:10B39000594614F0EBFE00222D4B15F09FF80022C9
:10B3A0002B4B14F0E3FE11E752465B4614F0DEFE31
:10B3B00002460B460020274914F0D8FE6B181946A8
:10B3C0000022244B14F0D2FE00E70B4614F0D0FE0E
:10B3D000FCE61DA3D3E9002315F080F8002C0246FB
:10B3E0000B464FF00000AFDA1B49AEE732463B4652
:10B3F0005046594614F0BAFE02460B4614F0B8FE09
:10B400000022144B14F0B4FEE0E64FF4001343FAAC
:10B4100002F452465B4614F0A9FEC4F17F570026A1
:10B4200007F5401702460B463046394614F09EFE9B
:10B43000A8E600BFAFF300800000E0FE422EE63F2A
:10B44000763C7935EF39EA3DFE822B654715F73FAB
:10B450000000E03F0000F03F0000E0BF00000000FF
:10B46000F8B5C1F30A5304460D460E4617460BBB0A
:10B4700021F00046034633431BD0354B002215F024
:10B480002DF8344B9F4204460D4635DBC1F30A5379
:10B490000E46363B3B4440F2FE72934232DC002BB8
:10B4A00011DD26F0FF4626F4E00646EA0355204665
:10B4B0002946F8BD40F2FF729342EBD102460B469B
:10B4C00014F056FEF8BD13F1350F28DA4CF2503364
:10B4D0009F4222462B460ADD19A1D1E9000114F052
:10B4E000B7FD17A3D3E9002314F0F8FFF8BD16A1A8
:10B4F000D1E9000114F0ACFD13A3D3E9002314F04B
:10B50000EDFFF8BD22462B460DA1D1E9000114F054
:10B510009FFD0BA3D3E9002314F0E0FFF8BD26F054
:10B52000FF4626F4E006363346EA03552046294610
:10B530000022094B14F0D2FFF8BD00BFAFF300802A
:10B540009C7500883CE4377E59F3F8C21F6EA50154
:10B5500000005043B03CFFFF0000903C10B5054C8C
:10B56000237833B9044B13B10448AFF300800123AF
:10B57000237010BD10850020000000002031040061
:10B5800008B5034B1BB103490348AFF3008008BD66
:10B59000000000001485002020310400154B002B12
:10B5A00008BF134B9D46A3F5803A00218B460F46FA
:10B5B0001348144A121A09F0F1F80F4B002B00D06F
:10B5C00098470E4B002B00D0984700200021040024
:10B5D0000D000D48002802D00C48AFF3008014F095
:10B5E0006DFD2000290005F00BF914F053FD00BF9C
:10B5F000000008000000042000000000000000001F
:10B6000000840020B08C002000000000000000003A
:10B6100070B504460E4600F08DFA88B10368DB6A07
:10B6200005469847082C0CD0A4F10903012B14D926
:10B630003246214610230D20BDE8704004F096B933
:10B6400070BD2B6828465B6A98470228F0DC2B689F
:10B6500028461B6A04219847EAE72B6828465B6A5C
:10B6600098470528E4DC2B6828461B6A0821984780
:10B67000DEE700BF38B52DED028B054600F05AFA23
:10B68000044640B10368DB6A9847032D03D8DFE81E
:10B6900005F02F363D06BDEC028B002038BD20465C
:10B6A0000BF044FF07EE900A2046F8EEE78A0BF015
:10B6B0004BFF07EE900A2046B8EEE78A0BF052FFE8
:10B6C00068EE087A07EE100AE8EEA87AB8EEC77AB4
:10B6D000E7EE077AF5EE407AF1EE10FAB1EEE78A7E
:10B6E0001BD4FDEEC87ABDEC028B17EE900A38BD74
:10B6F000BDEC028B2046BDE838400BF017BFBDEC17
:10B70000028B2046BDE838400BF01EBFBDEC028B1B
:10B710002046BDE838400BF025BF17EE900A13F025
:10B7200087FADEE738B5044600F004FA58B103683A
:10B73000DB6A0546984744B1012C04D12846BDE890
:10B740003840FBF73DB9002038BD2846BDE83840F9
:10B75000FBF716B910B5044600F0ECF928B1036800
:10B7600021461B6ABDE81040184710BD00487047CD
:10B7700016FCFFFF704700BF10B5034B0360044683
:10B780000BF0D0FC204610BDB825040010B5054BC9
:10B79000036004460BF0C6FC204615F027FC20464B
:10B7A00010BD00BFB82504002DE9F041032184B08D
:10B7B0000546512001F020FDDFF838C3C24B044696
:10B7C00004F00F06C4F3031714F4807408BF634633
:10B7D000BE4831463A460AF00FFE221C18BF01222D
:10B7E00031463B4628460EF005FF0023AB60B848C3
:10B7F0000AF002FE4FF0FF31032001F0FDFCC0B261
:10B8000004F0A8FB4FF0FF310446022001F0F4FCE5
:10B81000C0B204F09FFB002C57D0002855D0014641
:10B82000204604F07FF90646002869D04FF0FF312A
:10B83000462001F0E1FC3828044600F0DB801ADDE8
:10B840003A2800F0C180682861D14FF0FF31012013
:10B8500001F0D2FCC0B204F07DFB80465C2015F004
:10B86000CEFB052301934246009431462B46074602
:10B870000DF046FC19E0302801D0322847D14FF0B6
:10B88000FF31012001F0B8FCC0B204F063FB804638
:10B89000542015F0B4FBA4B2074605230193424699
:10B8A000009431462B460DF0D5F9AF603B68384621
:10B8B0009B6A9847A8680368DB6A984785480AF03E
:10B8C0009BFD284604B0BDE8F08183480AF094FD52
:10B8D0004FF0FF31192001F08FFCC0B204F03AFBA9
:10B8E0004FF0FF310446182001F086FCC0B204F08E
:10B8F00031FB0146204604F015F90646002895D193
:10B9000076480AF079FD284604B0BDE8F0810124AC
:10B910003268CDE900440023576AAB600F220DF175
:10B920000F0332213046B847002800F0A980336861
:10B93000CDE900440F225F6A30210DF10F0330463C
:10B94000B84700286ED03368CDE900440D225F6A05
:10B9500038210DF10F033046B847002800F09680DB
:10B960003368CDE900440D225F6A3A210DF10F03DF
:10B970003046B847002800F0BF803268CDE9004467
:10B980000DF10F03576A682175223046B847002829
:10B990005BD1682152480AF02FFD4FF0FF3120465D
:10B9A00001F02AFCC0B204F0D5FA80465C2015F004
:10B9B00026FB05246823CDE90034424631462B4658
:10B9C00007460DF09DFB70E74FF0FF31012001F0BD
:10B9D00013FCC0B204F0BEFA8046502015F00FFBF5
:10B9E000052301934246009431462B4607460DF04D
:10B9F00067FA5AE74FF0FF31012001F0FDFBC0B2BA
:10BA000004F0A8FA8046502015F0F9FA05230746FD
:10BA1000019342462B46009431460DF051FA314BCA
:10BA20003B6042E730212E480AF0E6FC30244FF01C
:10BA3000FF31012001F0E0FBC0B204F08BFA804638
:10BA4000542015F0DCFA074627E727480AF0D4FC13
:10BA5000AF68002F7FF42AAF4FF0FF31032001F0D1
:10BA6000CBFBC0B204F076FA30B120480AF0C4FC37
:10BA7000284604B0BDE8F0811D480AF0BDFC42E74D
:10BA8000322117480AF0B8FC3224D0E73821144894
:10BA90000AF0B2FC4FF0FF31204601F0ADFBC0B21E
:10BAA00004F058FA8046502015F0A9FA05243823EE
:10BAB0000746CDE9003442462B4631460DF000FAE8
:10BAC000084B3B60F1E600BF141904002419040080
:10BAD00044190400041A04005419040068190400ED
:10BAE00094190400E018040080190400A819040047
:10BAF000E41904001C1904003A210D480AF07CFCEA
:10BB00004FF0FF31204601F077FBC0B204F022FA7B
:10BB10008046502015F073FA05243A23CDE900340D
:10BB2000424631462B4607460DF0CAF9BDE600BF36
:10BB30009419040038B5114C23680BB1986838BDCE
:10BB40004FF0FF31012001F057FBC0B204F002FAC0
:10BB500040B10C2015F053FA0546FFF725FE25608D
:10BB6000A86838BD4FF0FF31032001F045FBC0B29B
:10BB700004F0F0F90028ECD138BD00BF2C8500207E
:10BB800008B501F06BFCFBF78FFCBDE8084001F045
:10BB9000C5B900BF08B501F061FCFBF7F5FCBDE8D5
:10BBA000084001F0BBB900BF08B501F057FC12F026
:10BBB00005FBBDE8084001F0B1B900BF08B501F0D0
:10BBC0004DFC12F0F7FEBDE8084001F0A7B900BF38
:10BBD00008B501F043FCFBF777FCBDE8084001F035
:10BBE0009DB900BF08B501F039FC12F019FDBDE8A0
:10BBF000084001F093B900BF08B501F02FFCFAF737
:10BC0000FFFEBDE8084001F089B900BF08B501F0AA
:10BC100025FC12F05BFCBDE8084001F07FB900BFD5
:10BC200070B5049E96420C4624DB15466BB9042A77
:10BC300019D0022A02D110F0010310D001462A4681
:10BC4000204607F019FC002070BD10440D4410F888
:10BC5000013D01F8013B8D42F9D1002070BD028801
:10BC60000A80184670BD10F00303E7D102680A602D
:10BC7000184670BD0846002108F090FD4FF0FF30D7
:10BC800070BD00BF0830704740B1002905DB436834
:10BC90008B4202DD0844007A70470020704700BFE5
:10BCA00030B1002904DB43688B42C4BF40180272E4
:10BCB000704700BF40B1002905DB4368994202DAB2
:10BCC0000844007A70470020704700BF830704D102
:10BCD000030F0CBF0120002070470120704700BFF8
:10BCE00030B1002904DB43689942BCBF401802729E
:10BCF000704700BFF8B5002B20DB00291EDB46682B
:10BD00008E421BDB5468761AE51AB542A8BF354649
:10BD1000002D13DB824202F108070C4600F10806F1
:10BD20002A4605D0F918301907F0A6FB0020F8BD07
:10BD3000F118381915F096F90020F8BD4FF0FF30D2
:10BD4000F8BD00BF4068704710B4141E10DB426895
:10BD5000A2420DDB33EA230328BF1346121B08302F
:10BD60009A422044A8BF1A465DF8044B08F016BD5D
:10BD70005DF8044B704700BF10B443688B4200F17C
:10BD800008041846A8BF084632EA220128BF19460F
:10BD90001B1A99422044A8BF19465DF8044B00F0D5
:10BDA000B5BE00BF70B5002BBCBF43689B1A002A0C
:10BDB0000E4620DB44689918A1421CDC91421ADB34
:10BDC000CBB136F0004116D05942B14214DAB34239
:10BDD00012DD0830002E00EB020515DB9C1B22460D
:10BDE000A919284615F03EF9324628190021BDE868
:10BDF000704008F0D3BC70BD002211464FF0FF33F5
:10BE0000BDE87040FFF7A0BF74429A19294628196F
:10BE100015F028F9224628460021BDE8704008F0B8
:10BE2000BDBC00BF03460830596800F0EBBD00BF41
:10BE300070B5054600206968490000F069FD6B682F
:10BE4000002B14DD0A4EEB1D02465C782411991F6D
:10BE5000345D94715C7804F00F04491B345DD47137
:10BE60006C688C4202F1020203F10103EDDC70BD4B
:10BE7000141A0400002BBCBF43689B1A002A30DB55
:10BE800070B445689C18AC4229DC944227DB33B37C
:10BE900031F0004423D00029B8BF01EB032191FB0E
:10BEA000F3F403FB1411002900F10800B8BFC9180E
:10BEB000024411448A42134411D00C4604E08A42E1
:10BEC00004460FD094420AD02046157810F8016B32
:10BED00002F8016B83422570F1D10C46F2E770BC89
:10BEE000704770470146EDE700B583B04FF0FF3370
:10BEF00000930023FFF7FEFE03B05DF804FB00BFD4
:10BF000010B50C1E0EDD4168083002F0CFF81F2C72
:10BF100007DC0123A34020FA04F4013B444004EA77
:10BF2000030010BD002010BD0146002000F0EEBD52
:10BF300038B50021054600F093FD0146002000F0D1
:10BF4000E5FD044600F10801284600F089FD204681
:10BF500038BD00BF30B5013A83B004460D460F2A04
:10BF600013D8DFE802F0141408086114141B1B73C3
:10BF70004A2554675A38184601F002FB012D04DDAA
:10BF800080B2E20754BF2080208003B030BD184645
:10BF900001F0F6FA002DF8DD2070F6E7184601F002
:10BFA000EFFA012DF1DDC0F3072360702370ECE799
:10BFB000184601F07BFA032D0090E6DD9DF80000A5
:10BFC0009DF801109DF802209DF803302370E07069
:10BFD000A1706270D9E7184601F040FA072DCDE94B
:10BFE0000001D2DD0DF1FF3204F1080312F8011F48
:10BFF00003F8011D9C42F9D1C7E7184601F056FA33
:10C00000032DC2DDA3070CBF20602060BDE71846EA
:10C0100001F04EFB032DF5DCB7E7184601F048FBB5
:10C02000032D0090CADCB0E7184601F0A9FA032DF1
:10C03000E8DCAAE7184601F011FA072DCDE9000166
:10C04000A3DD6B4603CB206061609EE7184601F0DC
:10C0500097FA032D0090B1DC97E700BF30B4141EAF
:10C0600007DB456808300A462044291B30BCFFF72F
:10C0700071BF30BC704700BF00B5013A85B00F2AD0
:10C0800000F28880DFE802F01623303D4A56595C02
:10C090005F626571748083080091012308220DEBB3
:10C0A0000201FFF7BDFDDDE9020100F037FF05B039
:10C0B0005DF804FB00910023012202A9FFF7B0FD07
:10C0C0009DF9080001F034F805B05DF804FB00911B
:10C0D0000023012202A9FFF7A3FD9DF8080001F04B
:10C0E00027F805B05DF804FB00910023022202A9A5
:10C0F000FFF796FDBDF9080001F01AF805B05DF8EC
:10C1000004FB00910023022202A9FFF789FDBDF87C
:10C11000080001F00DF805B05DF804FB0091002364
:10C12000042202A9FFF77CFD029801F001F805B096
:10C130005DF804FB01230091BEE701230091C8E7ED
:10C1400000910123D2E700910123DCE70091012354
:10C15000E6E700910023042202A9FFF761FD02989F
:10C1600000F0F0FF05B05DF804FB00910123F2E759
:10C1700000910023042202A9FFF752FD029800F06B
:10C18000CFFF05B05DF804FB0091002386E7009126
:10C190000123EFE700208AE7131E09DB10B444688F
:10C1A00008300A461844E11A5DF8044BFFF764BFF3
:10C1B000002000F0BDBF00BF03F0B8BA08B503F01F
:10C1C000B9FA20F0404008BD03F0D0BB10F0C6BC67
:10C1D000C11703F06FBA00BF03F080BA03F090BA42
:10C1E00000B583B003F0A0FA02AB63E902010821B5
:10C1F000184601F05BFF20F0404003B05DF804FBFF
:10C2000000B583B003F090FA02AB63E902010821A4
:10C21000184600F07BFC03B05DF804FB81B138B533
:10C220000B680C4608461B6A9847236805465B6AFC
:10C230002046984701462846BDE8384004F0E8B952
:10C24000704700BF01F052BE012002F0E9B800BF04
:10C2500008B5022002F0E4F840F29330BDE808404F
:10C2600009F05CB8014B1860704700BF30850020B2
:10C27000704700BF00207047002A2DE9F04340F3CB
:10C28000B38000252E464FF0ED0CDFF8BCE11CE03A
:10C2900003F0E004C02C2AD003F0F004E02C3FD0DF
:10C2A00003F0F804F02C5AD00135023658B19F093A
:10C2B000044667F03F0704F8027B03F03F0363F096
:10C2C0007F034370204695420EDA4B5D1C06DFD497
:10C2D0007F2B05F10105E8D801360028F3D09542FF
:10C2E000037000F10100F0DB3046BDE8F0836C1C08
:10C2F0009442D1DA4F197F7807F0C008B8F1800F67
:10C30000CAD14FEA831807F03F0708F4F86848EAF3
:10C3100007077F2F6CDC023625460028C7D1D4E7FB
:10C32000AC1C9442BCDA4C19677807F0C008B8F12D
:10C33000800FB5D194F8028008F0C004802CAFD1F2
:10C340001C0308F03F08BF01A4B207F47C6744EA6D
:10C3500008043C43B4F5006FA6DB03352DE0EC1C6C
:10C360009442A1DA4C19677807F0C008B8F1800F41
:10C370009AD194F8028008F0C009B9F1800F93D1E6
:10C3800094F8039009F0C004802C8DD19C0409F02E
:10C390003F093F0304F4E01407F47C374FEA8818A0
:10C3A00044EA09043C4308F47C6844EA0804A4F520
:10C3B000803777453FF678AF0435B4F5803F1AD221
:10C3C000033600283FF47FAF270BC4F3851304F036
:10C3D0003F0467F01F0763F07F0364F07F0407707A
:10C3E0004370847003306EE700263046BDE8F0836A
:10C3F0003B46023559E7063600283FF464AFA4F502
:10C400008034A70AC4F3090407F5584704F55C43D0
:10C41000C7F38518C3F3851407F03F0703F03F0304
:10C4200068F07F0867F07F0764F07F0463F07F03A4
:10C4300080F800C080F803C080F801808770047124
:10C44000437106303FE700BFFFFF0F0003781A0675
:10C4500001D41846704703F0E002C02A10D003F060
:10C46000F002E02AF5D1427881781803930103F4B1
:10C470007C6380B2184301F03F03034318467047C2
:10C4800040789B0100F03F0003F4F8630343184633
:10C49000704700BFC3888B423AD370B41B095B005E
:10C4A0000C0986884ABB8568EA184CB104F1004043
:10C4B000013835F81030F61AB6B21A4401F00F01FF
:10C4C0000024234602E001339E4213DB0134A142E3
:10C4D00002EB0300D55C0EDB2806F4D505F0E00086
:10C4E000C02805F0F00511D0E02D08BF023301335C
:10C4F0009E42EBDA002070BC704700F108021A443B
:10C50000002CDDD000EB4400C388D4E70133DAE728
:10C510000020704780880A308008704706307047D6
:10C520008088704783888B4226BF063040180020E1
:10C53000704700BF80880A30800870470630704717
:10C54000808870478188E1B130B4841D00200346A3
:10C5500002E00133994210DDE25C150600F10100B2
:10C56000F7D502F0E005C02D02F0F00207D0E02A76
:10C5700008BF023301339942EEDC30BC704701330F
:10C58000E7E70846704700BF70B400228688851D23
:10C59000134602E001339E4213DB0132914205EB68
:10C5A0000300EC5C0EDB2006F4D504F0E000C028AC
:10C5B00004F0F00408D0E02C08BF023301339E429F
:10C5C000EBDA002070BC70470133E3E703207047CB
:10C5D000C38880681B0900EB430070478088704760
:10C5E000C08870470022FFF755BF00BFC38880880E
:10C5F0001B0900EB43000C3080087047C38800F132
:10C6000008021B0902EB4300704700BF0122FFF73D
:10C6100041BF00BF40680B30800870472DE9F041F2
:10C62000C4888588240907460B466400002A44D044
:10C6300000F10808444421B12A46204606F01CFFB8
:10C6400000236355FE88360986B3A8F1020808EB7B
:10C65000460625442746281B1DD422781021002396
:10C6600007E00133984204EB030C14DB0139E25C70
:10C6700020D012F0800FF4D002F0E00CBCF1C00F1B
:10C6800002F0F00214D0E02A08BF023301339842CE
:10C6900004EB030CEADA4FF45C7008F03FFE002371
:10C6A0001C46DB1B28F8023F4645D4D1BDE8F0818B
:10C6B0000133D6E764466346F3E7164682681444BE
:10C6C00029B96155C6883609D7F80880BCE72A46DB
:10C6D000204606F0D1FE6655FE883609F4E700BF15
:10C6E000806808B101F082BD704700BF10B50446F4
:10C6F000406801F0A7FDA068BDE8104001F0A2BDB0
:10C700002DE9F04F404DA98883B08246002957D1CA
:10C710003D48DFF8F890524600270646B84602F03A
:10C72000C3FB0DE002F0D8FB03684B4504465FD025
:10C730009B6A9847236880445B6A20469847074471
:10C74000AB883046002BEDD14FEA18146400781CFA
:10C75000204402F083F9A98801900444002935D1CE
:10C7600029485246814602F09FFB14E002F0B4FBD8
:10C77000264B02689A4283462ED0526A9047DBF8D5
:10C7800000200646136A584698473246014620461E
:10C7900006F072FE3444AA884846002AE6D1019980
:10C7A0001B4BCAF8081050461146AAF80470AAF8A4
:10C7B0000680CAF8003003B0BDE8F04FFFF72EBF87
:10C7C00040F2713008F0AAFDA988A1E740F271306B
:10C7D00008F0A4FDA988C3E78268A988484602F04A
:10C7E00063FBDBF80420A988484602F05DFBD2E732
:10C7F0008268A988304602F057FB6268A9883046F3
:10C8000002F052FB9CE700BF38850020841A040028
:10C81000CC1A040010B50446FFF772FFE08810BD83
:10C8200010B50446FFF76CFFA08810BD10B5044694
:10C83000FFF766FFE388A0681B0900EB430010BD0B
:10C8400038B50D460446FFF75BFF29462046002217
:10C85000BDE83840FFF71EBE704700BF0320704799
:10C8600003207047C0887047704700BF80887047BA
:10C87000704700BF80887047704700BF60B1436851
:10C880008B4200D02BB9531C06D08368934203D04F
:10C8900013B100680028F2D1704700BF084B1B6835
:10C8A0005BB15A68904201D0002AF8D14A1C04D0EA
:10C8B0009A68914201D0002AF1D11846704700BF12
:10C8C000348500202DE9F041104F3B6813B90AE090
:10C8D0001B6843B15C688442FAD19C688C42F7D1F2
:10C8E000DA60BDE8F0810446102090460D4602F063
:10C8F000C7F83B684460064685600360012140F844
:10C900000C8F02F06FF93E60BDE8F08134850020A5
:10C910002DE9F0410C1E07461FDB1CB3A6B22FB356
:10C920007B1E191913F9012F002A27DB9942F9D12F
:10C93000DFF8C880E01D01F0E5FF054608B1C0F84A
:10C940000080AE8039462246A81D06F095FD2C4495
:10C950000023A3712846BDE8F08114F0C6FB04460D
:10C96000002CDBD1234D2846BDE8F081E01D01F00D
:10C97000C9FF0546002839D1BE80E8E7132C02DC48
:10C98000DFF87C80D6E70020034602E001339C42BA
:10C9900010DDFA5C110600F10100F7D502F0E001AC
:10C9A000C02902F0F0021FD0E02A08BF0233013391
:10C9B0009C42EEDC1FFA80F80028B8BF0F3000114F
:10C9C000093404EB400001F09DFF054608B10A4B15
:10C9D00003602846AE80A5F8068039460122FFF79D
:10C9E0001DFE2846BDE8F0810133CFE7034B86806A
:10C9F0000360ACE7541C04005C1B04002C1B040007
:10CA0000FC1A0400F8B50C1E054603DB3CB9134CB8
:10CA10002046F8BD14F069FB0446002CF7D02246EE
:10CA200029460020FFF728FC8442064610D002F079
:10CA300027F8224607462946FFF71EFC31463846AE
:10CA4000FFF766FF0446384601F040FF2046F8BD78
:10CA500021462846BDE8F840FFF75ABF541C0400A1
:10CA60002DE9F047036804461B6A88469847236807
:10CA700006465B6A20469847074680B10024254653
:10CA8000335DED2B06EB04000BD0B8F1000F01D0A5
:10CA900008F8053001350134BC42F1D32846BDE821
:10CAA000F08704F10509B945EFD2FFF7CFFC8246C4
:10CAB000E01C3044FFF7CAFCAAF55843B3F5806F79
:10CAC000E9D2A0F55C42B2F5806FE4D2B8F1000F74
:10CAD00019D000F5105000EB8323991461F00F0179
:10CAE00008F8051008EB0502C3F30530C3F3851100
:10CAF00003F03F0360F07F0061F07F0163F07F038C
:10CB000050709170D37004354C46C4E770B50D1E5B
:10CB100012DD064605F1080001F0F4FE044608B1F6
:10CB2000094B0360656004F108002A46314636B1BE
:10CB300006F0A2FC204670BD044C204670BD07F0F4
:10CB40002DFE204670BD00BFC81B0400481C040019
:10CB5000014B1860704700BF04800020034A044B5B
:10CB6000116803FB00F0484010607047048000200B
:10CB7000CB5725CA30B40E4D2A6804462146002002
:10CB8000930983EAD273534083EA121383EA920330
:10CB90005208534042EAC37202F00103490843EAD3
:10CBA0004000EDD18442E9D32A6030BC704700BF19
:10CBB0000480002000487047541C040000B583B274
:10CBC0007F2B83B029DD00F03F00B3F5006F40F00C
:10CBD000800043F3871213DB1B1302F03F0263F064
:10CBE0001F0362F07F028DF80600032101A88DF873
:10CBF00004308DF80520FFF78BFE03B05DF804FBD1
:10CC000062F03F028DF80500022101A88DF8042092
:10CC1000FFF77EFE03B05DF804FB012101A88DF84B
:10CC20000430FFF775FE03B05DF804FB2DE9F04713
:10CC30000E4600286FD004464A4B002942D0984245
:10CC400079D09E426CD02368474DAB4277D05B6A67
:10CC500020469847336880465B6A3046984700EB29
:10CC60000805322D81466DD8236820461B6A9847F7
:10CC7000336882461B6A304698472946064600209C
:10CC8000FFF746FE03681B6A07469847424604467C
:10CC9000514606F0F1FB4A46314604EB080006F027
:10CCA000EBFB65B194F90030002B3DDB2919601CCA
:10CCB00003E010F9013B002B36DB8842F9D13846FE
:10CCC000BDE8F087984234D00368274D274EAB4229
:10CCD000BDD1A0680368AB4234D05B6A9847336823
:10CCE00007465B6A30469847384432282AD80C20D9
:10CCF00001F008FE074600B10560384601F08CFFE0
:10CD000063687B603146A068FFF790FFB8603846E3
:10CD100001F090FFD3E7154C01B3124B9E4292D124
:10CD200027463846BDE8F087114B3B603846BDE8E2
:10CD3000F0870E4FC3E70F463846BDE8F0873368EB
:10CD4000AB42C6D10C2001F0DDFD074608B1064B11
:10CD50000360C7E901463846BDE8F087054B264623
:10CD600075E700BF541C0400841A0400A81C0400CA
:10CD7000FC1A04002C1B0400884228D0F8B5036874
:10CD80000C465B6A05469847236807465B6A20465F
:10CD900098472B6806461B6A28469847236805462D
:10CDA0001B6A20469847BE4228BF3E46401B2B4682
:10CDB0001978C25C914204D02CBF01204FF0FF30A3
:10CDC000F8BD01335A1BB242F2D90020F8BD002051
:10CDD000704700BF03689B6A184700BFF8B5161E6E
:10CDE0002DDD03689B6A0C4605469847002CBCBFA6
:10CDF000241824EAE474001BB04212DD2B6821469B
:10CE0000DB6A284698472B68A1190746DB6A284643
:10CE10009847044648B1E11B3846BDE8F840FFF7A3
:10CE200077BD00280BDD0646E8E740F2723008F0D7
:10CE300075FAE11B3846BDE8F840FFF769BD0148C7
:10CE4000F8BD00BF541C0400002858D0002956D05B
:10CE50002DE9F047036805461B6A14460E469847BD
:10CE60002B6824EAE4718046DB6A284698472B68E1
:10CE700004465B6A284698473368A4EB0805451BBF
:10CE80005B6A3046984707469CB3854231D3336886
:10CE900030461B6A9847814690F800A002E0BD42E8
:10CEA000344626D32378534505F1FF3504F10106B6
:10CEB000F5D13A464946204614F0C5F80028EED18F
:10CEC000A4EB0804002C16DD034602E001339C426B
:10CED00011DD18F80320110600F10100F6D502F06B
:10CEE000E001C02902F0F00207D0E02A08BF0233B7
:10CEF000ECE74FF0FF30BDE8F0870133E6E74FF095
:10CF0000FF30704708B5FFF79FFF013018BF0120C1
:10CF100008BD00BF80F00100704700BF0A1E38B591
:10CF200011D138B302460B4604460D4613F070FD8E
:10CF3000002841D10C2001F0E5FC08B11F4B036033
:10CF4000C0E9014538BDC2F30A54A4F2FF331D2BDA
:10CF500012D8142B054618DC0028E3D1A4F2F334D0
:10CF600012FA04F4DED1D002C3F11F0340F00040F6
:10CF7000D8401AE0012038BD1E2BD3D10028D1D1D2
:10CF80000F4B9A42CED10F4838BDA4F2134410FA89
:10CF900004F4C7D1D002C3F11F0140F00040C3F137
:10CFA0003403C84025FA03F31843002AB8BF4042AF
:10CFB000400040F0010038BD0E2038BDF81B0400D1
:10CFC0000000D0C1010000802DE9F041036882B06B
:10CFD0001B6A984701A9F9F72FF90022002306469A
:10CFE0000F4613F0E3FC60BB27F0004530462946AE
:10CFF0004FF0FF321F4B34464FF0010813F008FD8D
:10D0000038B94FF0FF321B4B3046294613F0F6FC7F
:10D01000F0B118F0FF0F1FD100224FF4801320460B
:10D0200029464FF0010813F0F3FC38B92046294691
:10D0300000224FF4801313F0C3FCB0B118F0FF0FBF
:10D040000AD130463946FFF769FF02B0BDE8F081EA
:10D05000804618F0FF0FDFD0074F002630463946D4
:10D06000FFF75CFF02B0BDE8F081804618F0FF0FCB
:10D07000E7D0F1E7FFFFEF7F0000F87F08B513F07E
:10D08000C3F9BDE80840FFF749BF00BFF8B5036822
:10D09000DB6A04469847A0B10646FFF7D7F9074672
:10D0A00088B9236820461B6A9847236805465B6A4F
:10D0B000204698472844864203D03B4643F001006F
:10D0C000F8BD0E20F8BD4300B0EB630FF6D0BDE80D
:10D0D000F840FFF7D3BF00BF08B1FFF7D7BF0E205E
:10D0E000704700BF70B110B5FFF7D0FF0E2804469F
:10D0F00006D0C30708D56010BDE81040FFF75EBD3D
:10D10000064810BD0548704740F2713008F006F936
:10D110006010BDE81040FFF751BD00BF541C040073
:10D1200008B513F083F9BDE80840FFF7F7BE00BF6C
:10D130004300B0EB630F01D0FFF7A0BF43F0010045
:10D14000704700BFB0F1804F08B503D2400040F0F7
:10D15000010008BD13F048F9BDE80840FFF7DEBE46
:10D16000002814BF42200A20704700BF08B5F9F715
:10D170001FFABDE80840FFF7D1BE00BF01FB00F079
:10D18000704700BF90FBF1F0704700BF10B50C2056
:10D1900001F0B8FB044608B101F0A2FF204610BD23
:10D1A00000897047043001F00DBF00BF03460A46F6
:10D1B0000430198901F0E6BE043001F013BF00BF4E
:10D1C00003894268994234BF52F821000020704719
:10D1D000043001F0D7BE00BF043001F011BF00BF22
:10D1E000043001F031BF00BF024B1B68588CC000F7
:10D1F000704700BF7885002038B51C4B1B688BB189
:10D200005C6AACB1236898422DD08BB1002300E05A
:10D2100072B1023354F823208242F9D101339B00CA
:10D22000E05838BD124B1C6844F21022944216D0CC
:10D230000D46044603F05CF978B103689C4210D0B7
:10D240005BB1002300E042B1023350F82320A24238
:10D25000F9D101339B00C05838BD284638BD5B6802
:10D26000CEE70423F7E70423DAE700BF7885002040
:10D2700060120400406870474160704710B5082094
:10D2800001F040FB044608B101F032FF204610BD1A
:10D2900070B50C1E054616460EDB83889C420BDAE1
:10D2A00005EB8404E36823B10B2140F2863001F0E2
:10D2B0007BFFE660284670BD0A2140F2863001F00F
:10D2C00073FFEDE708F02AB818B1024B984208BF87
:10D2D00000207047541C0400003018BF0120704724
:10D2E00010B5142001F00EFB044608B101F008FF50
:10D2F000204610BD10B5044601F00CFF002806DBE7
:10D30000238AE268984202D252F8200010BD002021
:10D3100010BD00BF224B1B682DE9F041DE6AB368E7
:10D320003468834204F1FF3506F104061ED856F82E
:10D33000253083421AD3002D14DD641056F82430B2
:10D34000984210D0012203E056F8243083420AD0DC
:10D3500098428CBF621C04F1FF355419AA424FEA6F
:10D360006404F1DD00242046BDE8F081002DF9DDE4
:10D3700007464FF0010806E0B4BF04F1010804F1CC
:10D38000FF354545EEDB08EB05046410394656F8D9
:10D390002400FFF7F1FC0028EED12046BDE8F08123
:10D3A00078850020034B1B680131DB6A53F821109C
:10D3B000FFF7A0BF78850020F8B504460F46164653
:10D3C00001F0A8FE011E04F10C0505DB32462846DB
:10D3D000BDE8F84001F0D6BD3A462189201D01F094
:10D3E000D1FD3246218A2846BDE8F84001F0CABD89
:10D3F000034B1B680131DB6A53F82110FFF7DCBFD8
:10D4000078850020014B1868704700BF74850020A4
:10D41000704700BF820708B508D130B1036823F018
:10D420000103DA78F92A13D1987808BD0028FCD0D6
:10D43000C3070FD40E280DD042280DD00A280BD0D8
:10D44000062805D040F2213007F068FF042008BD0F
:10D45000042008BD022008BD012008BD0E281FD0F1
:10D4600010B5044670B915E0FFF7D4FF0346022B50
:10D47000204612D0032B0DD1FFF7A6FD0E2804463F
:10D4800008D03CB1A3072046EED000F00FF812F010
:10D49000BBFF10BD0020044910BDD4E9010110BD3F
:10D4A00000200149704700BF0000F87FC107034614
:10D4B00051D4820704D59B0914BF01200020704776
:10D4C00000284AD02DE9F041FFF7C8FF21F00045C0
:10D4D0000F464FF0FF322946274B064604464FF0D1
:10D4E000010813F095FA40B94FF0FF32224B304655
:10D4F000294613F083FA00B9804618F0FF0F2ED1A9
:10D5000000224FF48013204629464FF0010813F003
:10D510007FFA40B92046294600224FF4801313F0C9
:10D520004FFA00B9804618F0FF0F18D1304639463F
:10D5300010F0B4FE0022114B11F0DEF8002200239F
:10D5400004460D4613F03CFA60B92046294613F014
:10D550009DFABDE8F0814010704700207047002020
:10D56000BDE8F081204629460022044B12F000FE5F
:10D5700004460D46E9E700BFFFFFEF7F0000F041E2
:10D58000FFF794BF38B50D46FFF790FF04462846D5
:10D59000FFF78CFF00F01F0004FA00F04300B0EB2F
:10D5A000630F03D0BDE83840FFF768BD43F00100CA
:10D5B00038BD00BF38B50D46FFF778FF0446284652
:10D5C000FFF774FF00F01F0044FA00F04300B0EBD7
:10D5D000630F03D0BDE83840FFF750BD43F00100B2
:10D5E00038BD00BF38B50D46FFF760FF044628463A
:10D5F000FFF75CFF60404300B0EB630F03D0BDE872
:10D600003840FFF73BBD43F0010038BD38B50D464B
:10D61000FFF74CFF04462846FFF748FF204343002E
:10D62000B0EB630F03D0BDE83840FFF727BD43F0F0
:10D63000010038BD08B5FFF739FFC0434300B0EB28
:10D64000630F03D0BDE80840FFF718BD43F00100A9
:10D6500008BD00BF38B50D46FFF728FF0446284631
:10D66000FFF724FF20404300B0EB630F03D0BDE879
:10D670003840FFF703BD43F0010038BD38B50D4613
:10D68000FFF714FF04462846FFF710FF00F01F00C5
:10D6900024FA00F0B0F1804F03D2400040F00100C6
:10D6A00038BD12F0A1FEBDE83840FFF737BC00BF1F
:10D6B0000E2816D008B50346C0B19B0708D0FFF767
:10D6C000F5FE07EE900AF8EEE77A17EE900A08BD2D
:10D6D000FFF7C4FE13F0FAF907EE900A17EE900A6E
:10D6E00008BDDFED057A17EE900A7047DFED027A8C
:10D6F00017EE900A08BD00BF0000C07F70B50E464F
:10D70000FFF7ACFE044630460D46FFF7A7FE024683
:10D710000B462046294612F02BFDBDE87040FFF76E
:10D72000FDBB00BF70B50E46FFF798FE04463046BD
:10D730000D46FFF793FE02460B462046294612F09F
:10D7400015FDBDE87040FFF7E9BB00BF01F0010324
:10D75000184203D0C3130133012B12D9D0B50C46A4
:10D76000FFF77CFE064620460F46FFF777FE02468F
:10D770000B463046394612F0B1FEBDE8D040FFF707
:10D78000CDBBCB130133012BE8D84310481000FB6D
:10D7900003F04300B0EB630F02D143F00100704788
:10D7A000FFF76CBC032912D0D0B50C46FFF756FE2C
:10D7B000064620460F46FFF751FE02460B4630460E
:10D7C000394612F0B5FFBDE8D040FFF7A7BB704760
:10D7D000F8B50C46C107034603D5E20701D5620838
:10D7E00011D11846FFF73AFE064620460F46FFF7CE
:10D7F00035FE0B4602463946304610F07DFFBDE847
:10D80000F840FFF78BBBFFF751FE05462046FFF7B8
:10D810004DFE95FBF0F303FB10504300B0EB630F9C
:10D8200003D0BDE8F840FFF729BC43F00100F8BD84
:10D8300070B50E46FFF712FE044630460D46FFF760
:10D840000DFE02460B4620462946F9F715FFBDE8B6
:10D850007040FFF763BB00BFC2072DE9F8430C46D9
:10D860000BD5CB0709D540104C10844241DB3DD18C
:10D87000640044F00100BDE8F883FFF7EFFD0646C1
:10D8800020460F46FFF7EAFD04460D4602460B46CA
:10D890003046394613F0B2F890B922462B4630464E
:10D8A000394613F083F828B130463946BDE8F843CD
:10D8B000FFF734BB22462B4634463D4616461F46EC
:10D8C000F8F776FE2246804689462B463046394692
:10D8D00012F04CFC42464B4612F000FE22462B460C
:10D8E00012F046FCBDE8F843FFF718BB2346044698
:10D8F0001846001BFFF73EF920444400B0EB640FCC
:10D9000002D144F00100B6E7BDE8F843FFF7B6BB2B
:10D9100008B5FFF7A3FD10F04FFFBDE80840FFF783
:10D92000FDBA00BF08B5FFF799FD10F0C3FFBDE8D1
:10D930000840FFF7F3BA00BF08B5FFF78FFDF9F70E
:10D940000FFBBDE80840FFF7E9BA00BF08B5FFF7D5
:10D9500085FDF9F785FABDE80840FFF7DFBA00BF9B
:10D9600008B5FFF77BFD10F099FCBDE80840FFF714
:10D97000D5BA00BF08B5FFF771FD054B002212F0C4
:10D98000F7FBF9F7EDFABDE80840FFF7C7BA00BFAB
:10D990000000E03F0E280BD00E2909D08842F8B5D0
:10D9A000044607D001F00102104205D00020F8BD66
:10D9B000002070470120F8BD0D46FFF72BFD0646FD
:10D9C0002846FFF727FD8642F0D144EA05039B076E
:10D9D000ECD1032E15D0022EE8D12046FFF73EFDF4
:10D9E000064628460F46FFF739FD0B4602463946E4
:10D9F000304612F0DBFF4FF0010300B90346D8B206
:10DA0000F8BD29462046FFF7B7F9B0FA80F0400983
:10DA1000F8BD00BF08B5FFF7BDFF002814BF4220C6
:10DA20000A2008BD08B5FFF7B5FF00280CBF42204B
:10DA30000A2008BD0E281AD00E29F8B50C4614D0BD
:10DA40000628054615D042283FD00A281CD00629B2
:10DA5000034600F08380422C11D00A2C37D09C4220
:10DA600010D004F001031D4211D00020F8BD0020A9
:10DA70007047062906D0422C4FF00003EDD1032257
:10DA8000934204D10120F8BD0123062CE3D128469E
:10DA9000FFF7C0FC06462046FFF7BCFC032E22D051
:10DAA00003282FD0012E14D0012821D08642DCD1AA
:10DAB00045EA04039B07D8D1032847D0022828D081
:10DAC000601BB0FA80F04009F8BD0323DDE70122B6
:10DAD000D6E7062D33D0422D4FF0020634D00A2D62
:10DAE000E2D10125E0E7022813D00328DCD1DFE7EB
:10DAF000062C4FF0020020D0422C23D00A2CD5D186
:10DB00000124D3E7022E04D0012EAED1062DE2D19E
:10DB1000ABE72846FFF7A2FC064620460F46FFF774
:10DB20009DFC02460B463046394612F03FFF4FF04F
:10DB3000010400B90446E0B2F8BD0024B6E70226AD
:10DB40000025B1E70324B1E70325ADE721462846C8
:10DB5000FFF712F9B0FA80F04009F8BD00228FE714
:10DB6000FFF768BF08B5FFF765FF002814BF422024
:10DB70000A2008BD08B5FFF75DFF00280CBF422052
:10DB80000A2008BDF8B5078945687FB10E46043DF7
:10DB9000002402E00134A74208D0314655F8040FB2
:10DBA000FFF748FF0028F5D02046F8BD4FF0FF30C2
:10DBB000F8BD00BF10B500220446FFF7E3FF011EC9
:10DBC00004DB201D01F01CFA012010BD002010BD57
:10DBD00038B58307044608D148B1FFF71BFC03287A
:10DBE00012D0022814D0012038BD0A2801D100200B
:10DBF00038BD0028FBD00E28F9D00628F7D010F148
:10DC0000FF3018BF012038BD0C4B9C42EBD1EEE732
:10DC10002046FFF723FC02460B4604460D4612F051
:10DC2000F7FE0028E3D1204629460022002312F007
:10DC3000BDFEB0FA80F0400938BD00BF541C04009E
:10DC4000422805D00A2801D0FFF7C2BF0020704744
:10DC5000012070470E2847D00E2945D0F8B50C4654
:10DC60000546FFF7D7FB06462046FFF7D3FB032EFA
:10DC70002CD0A54228D02846FFF7F0FB06462046C8
:10DC80000F46FFF7EBFB324604460D463B46304657
:10DC9000394612F0BDFE08BB22462B4620462946D7
:10DCA00012F0B6FED0B922462B463046394612F065
:10DCB00087FEB0B922462B463046394612F09EFE0A
:10DCC000003018BF0120F8BD0020F8BD0328D0D1D6
:10DCD00021462846BDE8F840FFF74EB86FF0010036
:10DCE000F8BD4FF0FF30F8BD6FF00100704700BF86
:10DCF00038B501F0010313EA000404D08842ACBF38
:10DD00000020012038BDFFF7A5FF831C14BFC00F02
:10DD1000204638BD10B501F00104204203D08842EE
:10DD200007DC422010BDFFF795FF831C01D00028BF
:10DD3000F7DD0A2010BD00BF10B501F0010420423C
:10DD400003D0884207DA422010BDFFF783FF831C0F
:10DD500001D00028F7DB0A2010BD00BF10B501F08C
:10DD60000104204203D0884205DB422010BDFFF7AA
:10DD700071FF0028F9DA0A2010BD00BF10B501F0CC
:10DD80000104204203D0884205DD422010BDFFF788
:10DD900061FF0028F9DC0A2010BD00BFF0B591B08A
:10DDA0000446FFF737FB03283DD002280FD0052893
:10DDB00048D0002C4CD00A2C42D00E2C45D0422CFE
:10DDC00055D02C4B2C48062C08BF18462CE0E307F6
:10DDD0002CD40E2C39D02046FFF740FB21F0004513
:10DDE0000F464FF0FF322946244B064612F010FE34
:10DDF00038B9304629464FF0FF32204B12F0EAFD89
:10DE000040B332463B463046394612F001FEE0B997
:10DE1000304639466A46F8F7B7FA68464FF0FF31A0
:10DE2000FEF776FD00E0204611B0F0BD69466010B7
:10DE300008F0E0F868464FF0FF31FEF769FDF3E7C0
:10DE40000F48F1E70F4811B0F0BD0F4811B0F0BD19
:10DE50000E48E9E7002330463946002212F0B0FDB3
:10DE60000B4C0C4B002814BF20461846DCE70A4830
:10DE7000DAE700BFA81C0400CC1C0400FFFFEF7F02
:10DE8000C01C0400DC1C04008C1C0400381C0400B2
:10DE9000981C04007C1C0400B41C040008B5FFF7A7
:10DEA000B9FA052810D8DFE800F0030507090B0DC3
:10DEB000084808BD084808BD084808BD084808BD0E
:10DEC000084808BD084808BD40F2223007F026FA8D
:10DED000002008BD6C1C0400281C0400F01C040079
:10DEE000101D0400001D04005C1C040070B50446F5
:10DEF000FFF790FA042813D164B1A3070AD121686F
:10DF0000164821F001025369834220D02046BDE823
:10DF10007040184721461248BDE8704008F06CBABE
:10DF20002046FFF73BFF05462046FFF7B7FF036893
:10DF30001B6A98472B6806461B6A28469847224664
:10DF4000034631460748BDE8704008F055BA1388CB
:10DF500005481289BDE8704008F04EBAEDDE0200B7
:10DF60008C1B0400B81B0400981B040010B5044669
:10DF70000A461248214608F03FFA7CB1A30705D1B2
:10DF8000216821F00101CB78F92B10D0062C05D1A6
:10DF900040F2DD30BDE8104007F0C0B92046FFF781
:10DFA00039FABDE8104000F5757007F0B7B90B8974
:10DFB0008A78034808F020FAE8E700BF281A04002E
:10DFC000481A040008B50146044808F015FA4FF451
:10DFD0006470BDE8084007F0A1B900BFB41A04009E
:10DFE00010B501F0A9FB0446102000F049FD22699C
:10DFF0000260206110BD00BF38B501F09DFB0469CF
:10E00000054634B123682B612046BDE8384000F056
:10E010005DBC40F2533007F081F9F3E7F0B585B00D
:10E02000074601F089FB046906468CB194E80F00AD
:10E030006D46306185E80F00204600F047FC0A4B32
:10E0400077611B68284631469B6B984705B0F0BD49
:10E05000064808F0D1F93846FFF748FF40F2E730AC
:10E0600007F05CF9E2E700BF78850020681A040039
:10E0700010B501F061FB446912239C42436101D059
:10E08000204610BD40F2533007F048F9204610BD3D
:10E0900008B501F051FB4369122B05D0FFF7E8FFEB
:10E0A000BDE80840FFF7BABF08BD00BF79B110B4A2
:10E0B000084B094C014410F8012B04FB03F3884280
:10E0C00083EA0203F7D118465DF8044B7047014B11
:10E0D00018467047C59D1C819301000138B504683E
:10E0E00034F00304054611D0A30F14D12846E36988
:10E0F0009847054625B1B5F5004F05D9002C03DB3F
:10E1000040F2493007F00AF9284638BD40F2513054
:10E1100007F004F9EAE7C4F39905EBE738B5144BC7
:10E120009A881B6892B1551E53F8251088421AD060
:10E13000023A03EB82032A4602E0216881420BD0B7
:10E14000013A511C1C46A3F10403F6D14FF452705E
:10E15000BDE8384007F0E2B8954204D0044800F02A
:10E16000BBFE206038BD0248BDE8384000F0B4BEB8
:10E170004C85002018210148FEF7C8BC54850020BA
:10E18000036823F0010318888008704730B338B55E
:10E19000C5680446A5B155E901326868A96862609E
:10E1A0005A0F032AC4E9020105D040F2493007F0B2
:10E1B000B5F855F8043C43F0004345F8043C38BD3D
:10E1C00050F8043C5A0F032A09D143F0004344F8A5
:10E1D000043C0020BDE8384001F0B6BA704740F278
:10E1E000493007F09BF854F8043CEEE738B550F896
:10E1F000043CDB070546A0F104041CD4104B1B684B
:10E2000073B103F108029442F9D359680A44944265
:10E21000F5D255F8043C43F0010345F8043C38BD01
:10E2200040F24A3007F07AF855F8043C43F0010315
:10E2300045F8043C38BD40F24F3007F06FF8DDE799
:10E2400040850020830709D140B1030F06D0016843
:10E25000114B194202D1CB78F92B00D070470F4BEC
:10E2600010B504461B688BB103F108029442F9D340
:10E27000586802449442F5D2094841F001012160F6
:10E2800022468188BDE8104000F00EBE40F24A30C0
:10E2900007F044F82168EFE70300004040850020C4
:10E2A0003885002000294DD02DE9F84F0F468046D3
:10E2B000DFF89CB0DFF89CA0DFF88C90061F0025EB
:10E2C00002E00135AF423BD056F8044FA307F8D126
:10E2D000002CF6D0230FF4D0206810EA0B0FF0D1F9
:10E2E000C378F92BEDD1DAF8003053B103F108010E
:10E2F0008C4203D35A680A44944207D31B68002B0C
:10E30000F4D140F24A3007F009F82068B9F8041057
:10E3100040F00100206022460B4800F0C5FDB9F82E
:10E320000430642BCDD90C2008F0D8FD0135074A04
:10E3300008EB85037D1BC0E90135116801601060A1
:10E34000BDE8F88F704700BF388500204485002065
:10E35000030000404085002038B505684DB10446F3
:10E360002846FFF743FFA1882846BDE83840FFF75D
:10E3700099BF38BD830709D140B1030F06D00168AA
:10E38000234B194202D1CB78F92B00D07047214B97
:10E390002DE9F04104461B68002B33D003F108023D
:10E3A0009442F8D3586802449442F4D221F0030313
:10E3B00041F001019B6921600BB120469847164D41
:10E3C000164C2F46AB8883B923681846C3B1D3E9EE
:10E3D0000026D3F80880226008F0A6FD41463046AA
:10E3E000FFF760FFAB88002BEED0384600F074FDDD
:10E3F000036823F003039B69002BE3D09847E1E710
:10E40000BDE8F08140F24A3006F088FF2168CDE790
:10E41000030000404085002038850020448500200E
:10E420002DE9F04F904B85B01B780390980705D5E8
:10E430004FF4527006F072FF8B4B1B788A498B4A5F
:10E4400043F002030B70039B1468958813F00206D7
:10E4500040F0ED806DB104EB850554F8040B20F01D
:10E46000010310F0010F18BF1868FFF783FFA542E2
:10E47000F3D17F4C039801F06DF92368B3B17D4B64
:10E480001B68B3F82A8000F0A9FE2568A0EB0807F6
:10E4900005EB8805002E40F0DA803FB100240134FE
:10E4A00055F8040BFFF766FFA742F8D1724A734B89
:10E4B00016781D683EB10024013455F8040BFFF7AF
:10E4C00059FFA642F8D16E496E4A0B6817680133AE
:10E4D0000B606D4B00221A60002F00F0C180CDE967
:10E4E0000122904691467B68029A07F108059B0835
:10E4F00005EB83061A44B542029248D22B6813F00A
:10E5000001017CD11A0F062A79D0AE4240F28780F1
:10E51000AA4601E0DAF80030002B4FEA13720FDB55
:10E52000D90714D4062A12D05C0009D4DB78F92B61
:10E5300040F2493001D006F0F1FE504600F09EFC5A
:10E540005046FFF7CBFD0AEB800A5645E2D8AAEB0E
:10E5500005044FEAA40CE0454FEA8C024FF0FF019E
:10E56000284642F0004BB8BFE046E14406F016F9F9
:10E57000042CC5F800B04BDD00236B60019B002B21
:10E5800048D0019B01955D605546AE42B6D83F68C4
:10E59000002FA8D13D4D029B28689A004FEA8901BF
:10E5A0004FEA880398B1384800684FEA590970B1BA
:10E5B0000468C4F39906B14506D241E00468C4F387
:10E5C00099042644B1453CD340680028F6D12C4C30
:10E5D0006069C4E9031378B188420DD80398C00775
:10E5E00002D52B4807F008FF1F4A137823F00203D7
:10E5F000137005B0BDE8F08F21484161EEE723F0CC
:10E6000001032B602846FFF769FD05EB8005BCE799
:10E610005546BAE71C4B01951D605546B5E74FF0CE
:10E620000043B8F1000F2B60AFDA8846ADE7194818
:10E6300007F0E2FE2A462146174807F0DDFE09E70B
:10E6400034464C44A41B00EB84002860BFE73A46E4
:10E650002946124807F0D0FE002F7FF41FAF25E7B0
:10E660003B463A463946B2E7A08C00204C85002054
:10E670007485002078850020A18C00206C85002006
:10E6800054850020408500207085002048850020AA
:10E69000741D0400541D04005C1D0400681D04006A
:10E6A000F8B5444D2B6843B1196800296CD002209D
:10E6B000FFF7B6FE152006F031FE0021CF20FEF751
:10E6C0009BFD4FF480510746CE20FEF795FD064690
:10E6D000002008F0A3FB3246044601463648A61B3C
:10E6E00007F08AFE002F3CD1304608F0F7FBA6F178
:10E6F00008010446876141602246304807F07CFEED
:10E70000626893073AD12E4B2E4F2F4ED3E901105A
:10E7100010440131C3E90110D31C23F0004323F05E
:10E72000030343F00043A3603B68E360296804F1FE
:10E73000080303EB92023B60326079B1A1420DD82D
:10E740000A68A2B3944203D231E0A34203D81A4626
:10E750001368002BF9D123601460F8BD21602C6090
:10E76000F8BD04F5FF447F3424F4FF4424F07F0413
:10E77000A4EB8720002815DC0027B5E74FF4527082
:10E7800006F0CCFD6268BEE7CD20FEF735FDA0F1B6
:10E790000410A0F58063002B89DD0C4CA0F581618D
:10E7A0006160A9E7361A08F099FB07469CE7134613
:10E7B0000A46D0E740850020901D0400B01D0400EB
:10E7C0005485002070850020488500200004042026
:10E7D000F0B1104B1B68CBB103F108029042F9D3A2
:10E7E00059680A449042F5D250F8043C5A0F032A63
:10E7F00010B5044605D040F2493006F08FFD54F8BC
:10E80000043C43F0004344F8043C10BD08F08CBBCA
:10E81000704700BF40850020072953DD002851D0F4
:10E820002DE9F04107460020CE1CFFF7F9FD264BED
:10E8300026F003061D680736043F4FEA9608F5B137
:10E8400015F0030F40F2513001D12B0F01D106F02A
:10E8500065FD2C68002C40F24B3001DB06F05EFDBC
:10E860007A1B9310C4F39904A4EB0804072BA4EBC0
:10E87000030401DD072C05DC6D68002DE0D10020CC
:10E88000BDE8F081984426F0C04605EB8801A4005D
:10E8900026F0030622F00302686842F0004244F0CA
:10E8A000004446F0C04645F82840486005EB830424
:10E8B000C5E90021002045F82360FFF7B1FD201DC8
:10E8C000BDE8F081002070477085002050F8043CBE
:10E8D0005A0F032A10B5044605D040F2493006F01D
:10E8E0001DFD54F8043C43F0004344F8043C20462A
:10E8F00010BD00BF024A137843F004031370704741
:10E90000A08C00202DE9F04F85B0C51CB0F5003F6C
:10E9100003904FEA950500F389804A4BDFF8348174
:10E920005B68C3F30803002B61D198F800301A0725
:10E930005DD143F0010388F8003000F0FDFE10B116
:10E940004368002B79D0DFF810913F4F0024D9F8AD
:10E9500000B0BBF1000F51D0002603E05E468B46AD
:10E9600000294BD040F2513014B93A685A454DD382
:10E970001BF0030F02D15FEA1B7301D106F0CEFC3E
:10E98000DBF800A0BAF1000F40F24B3001DB06F0DB
:10E99000C5FCCAF39902521B002ADBF80410DDDB28
:10E9A0000AD0900040F000404BF825000BEB8505A5
:10E9B000012A1CBF69602946002E3BD071600022ED
:10E9C000CBF8002049B14A683AB1930701D1130F3F
:10E9D00003D14FF4547006F0A1FC98F8002058467B
:10E9E00022F0010288F8002005B0BDE8F08F40F267
:10E9F000923006F093FC98F800309AE734B1012C7D
:10EA000008D0152006F08AFC0134A0E70020FFF7AB
:10EA100007FDF9E70D490E48D1E902320969009175
:10EA2000039907F0E9FCFFF73BFEEDE7162006F03F
:10EA300075FC72E7C9F80010C1E740F24E3006F0ED
:10EA40006DFC80E700ED00E0488500205485002043
:10EA5000201D0400A08C002070850020033010B51C
:10EA600020F00304201DFFF74DFFE31D23F080433A
:10EA700023F0030343F0804340F8043B10BD00BF84
:10EA800008B538B1FFF7EAFF50F8043C43F00053F3
:10EA900040F8043C08BD00BFF8B5214B5B68C3F3E8
:10EAA000080306460F46002B34D100F045FE1D4DED
:10EAB0001D4AF31B9B102B7004461760A8B10C2055
:10EAC000FFF7CCFF50F8043C6268026043F000534B
:10EAD000A26840F8043CE368C0E90123E060002339
:10EAE000A6602B7063602046F8BD1820FFF7B6FFC4
:10EAF0000E4A50F8043C1268026043F000531222A0
:10EB000040F8043C00234261C0E90333044600F0AE
:10EB10001BFEE4E740F2923006F000FCC5E700BFC0
:10EB200000ED00E0A18C00206C85002074850020A1
:10EB300008B50C4B5B68C3F30803024663B90A4B84
:10EB40001B784BB938B1FFF789FF50F8043C43F00C
:10EB5000005340F8043C08BD1046BDE8084008F0EA
:10EB6000BDB900BF00ED00E0A08C00201C4B1B686D
:10EB70009BB370B503F10804A04203D35D682C4435
:10EB8000A04206D31B68002BF4D1BDE8704008F00A
:10EB9000FBB9044608460D46FFF7CAFF06469CB17E
:10EBA00096B154F8042C530F032B0FD122F070426E
:10EBB00022F00302AA4228BF2A462146304604F02A
:10EBC0005BFC2046FFF704FE304670BD40F2493042
:10EBD00006F0A4FB54F8042CE8E708F0D5B900BF10
:10EBE0004085002061B1012938B50ADD4C1E013C89
:10EBF0000121051DFFF7F6FF631C2846F7D138BD3C
:10EC00007047044B40F0010299881846BDE838402F
:10EC100000F04AB94C850020830702D108B1030FE8
:10EC200000D17047024B02469988184600F03CB963
:10EC30004C8500208207034602D108B11B0F00D18A
:10EC40007047FFF76BBA00BF4068FFF7FBBA00BF21
:10EC50000430FFF781BB00BF03460C309988FFF7F3
:10EC600021BB00BF4068FFF7EDBA00BF10B50446F6
:10EC70000430FFF771FB04F10C00BDE81040FFF712
:10EC80006BBB00BF50F8043B23F001031988043923
:10EC90008908FFF707BB00BF0320704703207047B8
:10ECA000808880000F308008704700BF02207047C6
:10ECB000052070470349044A0023C1E90033C2E933
:10ECC000003370474C8500203885002000F0F4BCEC
:10ECD000002801DB00F0ECBC704700BF704700BFAC
:10ECE0000023C0E9013370470023C0E90133C0E9C4
:10ECF00003337047054B10B41A6884688388014653
:10ED0000A21A03485DF8044B07F076BB7885002013
:10ED1000AC1E040001464268014807F06DBB00BF0D
:10ED2000C41D040001460289014807F065BB00BF0D
:10ED30005C1E0400F8B5C3888B4205460E4625D2FA
:10ED40009BB33F2B2FDDB3F5007F36DB03F58073DC
:10ED50004FF6FE724FF6FF74934298BF1C46B442C2
:10ED6000B8BF3446A00008F0B9F8EB880746F3B9FD
:10ED7000E21A920007EB8300002105F00FFD2868DE
:10ED800008F0D2F82F60EC80AE80F8BD8288914206
:10ED9000FAD20068521A00EB81009200002105F0BF
:10EDA000FDFCAE80F8BD5C00D9E70424D7E79A00EB
:10EDB000296804F061FBEB88DAE7034C03EB83037B
:10EDC000A4FB03346408CAE7ABAAAAAA704700BF31
:10EDD000704700BF0B6823F0010370B51B89042B3B
:10EDE0000C46054602D16DB9204670BD104801227F
:10EDF00040F2853107F000FB40F2853006F08EFAD4
:10EE0000002DF1D0E81C8000FFF77CFD064608B11C
:10EE1000084B0360A368B360AAB2B58092000021DA
:10EE200006F10C00344605F0B9FC204670BD00BF69
:10EE30009C1E0400101E040038B502690D4B9A4256
:10EE4000054609D00C4803224FF4627107F0D4FA4A
:10EE50004FF4627006F062FA2888FFF753FD04460B
:10EE600000B105602A880021043A201D05F096FCB7
:10EE7000204638BDDDEC02009C1E0400036823F030
:10EE800001031B69184700BF036823F001031B69D6
:10EE9000184700BF036823F0010301461A880148A0
:10EEA00007F0AABAF41D04004FF6FE7399420AD87F
:10EEB00083888B4270B5054616460C4604D92B68EC
:10EEC00043F8246070BD70470131FFF733FF2B68B2
:10EED00043F8246070BD00BF83884BB1013B9BB2F7
:10EEE00002688380002152F8230042F82310704703
:10EEF00018467047C38870B54BB33F2B0FDDB3F591
:10EF0000007F2CDB03F580744FF6FE72944223D809
:10EF1000A4B28C4238BF0C46A34207D370BD5C003C
:10EF2000A4B28C4238BF0C46A342F7D20546A000DB
:10EF3000FFF794FDEB880646E3B9E21A920006EB70
:10EF40008300002105F02AFC2E60EC8070BD0429AE
:10EF500038BF04210C46E7E74FF6FF74E4E7084AA0
:10EF600003EB8304A2FB0424C4F34F048C4238BF98
:10EF70000C46D9E79A00296804F07EFAEB88DCE7B2
:10EF8000ABAAAAAA30B5C3888B4283B005460C460B
:10EF900009D9036843F82120AB889C4224BF01347F
:10EFA000AC8003B030BD4FF6FE739942F9D8013101
:10EFB00089B20192FFF79EFF2B68019A43F8242043
:10EFC000EAE700BF38B5C3888B4204468DB201D250
:10EFD000AB4201D9A58038BD2946FFF78BFFA5803C
:10EFE00038BD00BF83884BB1013B9BB20268838070
:10EFF000002152F8230042F823107047184670474A
:10F00000F8B583888B421DD905684A1C8F0093424E
:10F01000044655F8216005EB070007D8013B9BB279
:10F020000022A38045F823203046F8BD5A1A02F189
:10F030008042013A391D2944920012F013F8A38846
:10F040002568EBE70026EFE783888B421CD970B573
:10F050000E461546591CC28889B28A4204460FD909
:10F06000701C216880009B1B061F9A0008443144D5
:10F0700011F0F8FFA388226801339551A38070BD79
:10F08000FFF738FFA388EBE7FFF77CBF70B50546B5
:10F090000A48EB88AA88296807F0AEF9EB885BB1CB
:10F0A000074E00242B68304653F8241007F0A4F9CB
:10F0B000EB880134A342F5D870BD00BF701E040078
:10F0C000941E040010B5014604460289034807F067
:10F0D00093F9201DBDE81040FFF7D8BFD81D0400EC
:10F0E000024A02600022C0E901227047281F040082
:10F0F000024A026000224260704700BFF81E04000E
:10F10000034A02600022C0E90122C0E903227047DD
:10F11000C81E04002DE9F843068947680C46002EF6
:10F1200034D03B6899423AD03B46002003E053F884
:10F13000042FA24225D00130B042F8D123682046E6
:10F140005B6A9847236880461B6A20469847043FBD
:10F150008146002457F8045F2B6828465B6A98476D
:10F160008045284608D12B681B6A984742460146CD
:10F17000484611F068FF30B10134B442EAD14FF093
:10F18000FF30BDE8F8832046BDE8F8830B680846E9
:10F190005B6A9847236820461B6A9847EFE7002080
:10F1A000EFE700BF704700BF10B504460A460448A9
:10F1B000214607F021F92046BDE8104006F0AEB820
:10F1C0009C1E0400014B1B6818697047788500205D
:10F1D000014B1B689869704778850020014B1B68BC
:10F1E000188C704778850020014B1B68D86B7047DE
:10F1F000788500200268F8B544F210239A4200D0C6
:10F20000FEE741681B4B0A681B4F9A42044639606F
:10F2100013D0088C194E8000FFF732FC3B68306039
:10F220001A8C0021920005F0B9FA3D68144B2A6847
:10F2300031689A420E600AD0FEE71248103107F09A
:10F24000DBF840F29F30BDE8F84006F067B8A368ED
:10F250002A699A42F0D100F01FFB3A680023146B30
:10F2600005F140001A461946A047BDE8F84000F0F5
:10F270001DBA00BF718E3B927885002074850020F6
:10F28000708E3B92401E04000148FFF7B3BF00BFE1
:10F290006012040048B110F0030207D1036823F0A4
:10F2A0000103D978F92903D0104670470020704730
:10F2B0001889A0F10600B0FA80F04009704700BF3D
:10F2C00070B505460C20FFF71DFB044620B1154B19
:10F2D00003600023C0E901333DB1AB0705D12B68C2
:10F2E00023F00103DA78F92A01D0204670BD0E4AD6
:10F2F0009342FAD12E89002EF7D02046FFF78CFCDE
:10F3000063899E4203D93146201DFFF7F3FDB20009
:10F3100069682681606804F0AFF82046FFF78AFC30
:10F32000204670BD281F0400C81E040038B50D46D5
:10F33000044608B1830714D040F29B3005F0EEFF7D
:10F3400029462046FFF7E6FE051E08DB2946201D5C
:10F35000FFF756FE294604F10C00FFF751FE42204C
:10F3600038BD036823F00103DA78F92AE4D1024AB0
:10F370009342E5D0E0E700BFC81E040070B50E461A
:10F38000FEF76CF8044630460D46FEF767F8024675
:10F390000B46204629460FF041F9BDE87040FDF7C5
:10F3A000BDBD00BF08B5FEF759F80EF0D9FEBDE8A7
:10F3B0000840FDF7B3BD00BF08B5FEF74FF80EF0EB
:10F3C0008BFEBDE80840FDF7A9BD00BF08B5FEF7FC
:10F3D00045F80EF035FEBDE80840FDF79FBD00BFC3
:10F3E00008B5FEF73BF8F7F7A7FBBDE80840FDF7C7
:10F3F00095BD00BF08B5FEF731F80FF0BDF8BDE8C8
:10F400000840FDF78BBD00BF08B5FEF727F80FF0E9
:10F410000BF8BDE80840FDF781BD00BF08B5FEF759
:10F420001DF80FF02DFBBDE80840FDF777BD00BFCC
:10F430002DE9F04187B207F57A66C0F3074382B041
:10F440003046002B14BF1C460C4600F09DFD0546BF
:10F4500018B1284602B0BDE8F08104F0F003102B8B
:10F4600020D0202B1BD0302B1FD040F22330A846B9
:10F4700005F054FF384600F06DFD0746182011F0E6
:10F48000BEFD04F00F043946CDE90048B2B20123B5
:10F49000054609F0C5F9284602B0BDE8F0814FF0F5
:10F4A0000208E7E74FF00108E4E78046E2E700BF23
:10F4B00038B50D464FF0FF31FDF79EFE0446013092
:10F4C00005D029462046BDE83840FFF7B1BF40F2DD
:10F4D0008B3005F023FF29462046BDE83840FFF772
:10F4E000A7BF00BF2DE9F041884617461D460646D6
:10F4F00000F04AFD18B104462046BDE8F0812946D7
:10F500004046FFF795FF294680463846FFF790FFB3
:10F510000546102011F073FDB3B2AA88B8F80410A4
:10F5200004460AF0C3FA4046002109F0A5F928462E
:10F53000002109F0A1F9204601210AF059FA2046DC
:10F54000BDE8F08170B54FF0FF3104460420FDF7AF
:10F5500053FE4FF0FF3105460520FDF74DFE2021FB
:10F560000646CA20FDF748FE5CB1012C15D0022CDE
:10F570000DD10346324629460320BDE87040FFF70F
:10F58000B1BF01462846BDE87040FFF751BF40F2C9
:10F590008D3005F0C3FE002070BD01463046BDE849
:10F5A0007040FFF745BF00BF007C2021FFF740BF40
:10F5B0008088102300F0DAB908B503689B69984782
:10F5C000003018BF012008BD08B507F09DFD0030D0
:10F5D00018BF012008BD00BF80887047054B1A681E
:10F5E00010B4146B0023A4461A4619465DF8044B68
:10F5F000604700BF788500202DE9F04385B06C4658
:10F6000084E80F0094E80F00BDF80260114CBDF8CB
:10F61000007084E80F0038463146FDF73FF9044694
:10F620003046FDF785FD94B1DFF82C908046D9F87F
:10F630000030E0681D6B00231A464146A847206849
:10F6400032463946FDF71AF904460028EFD105B0D5
:10F65000BDE8F083008500207885002008B5FFF71D
:10F66000E9FABDE8084007F0D3BA00BF08B5064E76
:10F67000054632680023146B19461A462846A047EF
:10F68000142007F02FFAF4E77885002010B504461F
:10F6900006F09EFF034638B100200CB144F820303C
:10F6A0001B6A0130002BF8D110BD00BF07F0B0BAC3
:10F6B00007F018BA07F0F0BC50B110B50446FFF7D8
:10F6C000ABFA2146034A0448BDE8104007F0FCB8F5
:10F6D000704700BF456C03006DF6020050B110B5D5
:10F6E0000446FFF799FA2146034A0448BDE8104052
:10F6F00007F0EAB8704700BF5DF60200DDF50200D2
:10F7000089B280B207F014BA064B10B51C68FDF739
:10F710006BFD04F6FF74204420F47F6020F00F009E
:10F7200010BD00BF788500200DF00ABA08B508F0BA
:10F7300085FE08BD08F092BE024B186800B1406A11
:10F74000704700BF188B0020014B1B685862704740
:10F75000188B00202DE9F04FDFF81C91D9F800300C
:10F7600087B0002B70D0824606F032FF0346002897
:10F7700074D000241B6A0134002BFBD1A50028465D
:10F7800007F0ACFB0390FFF781FFA04257D1002C9C
:10F7900041DD039BA3F1040B0AF0020302930BEB80
:10F7A000050300934FF000085BF8047F7E6A7EB388
:10F7B0007069FEF7DFFDDDF808A0CDF804B004366F
:10F7C000D9F8003034689F422BD03868BD680DF0FE
:10F7D00001FAD9F80030281A9F420444756807D00E
:10F7E0003868D7F808B00DF0F5F9ABEB0000054428
:10F7F000BAF1000F19D1A54205D954F8040BFEF750
:10F80000B9FDAC42F9D3B668002ED9D1DDF804B009
:10F81000009B5B45C8D1039807B0BDE8F04F07F0E7
:10F8200083BB7568BAF1000FE5D02B1B41469B10D6
:10F830002246104806F0E0FD08F10108DBE74FF42E
:10F840004B7005F06BFDA2E7012007F047FB059028
:10F85000059807B0BDE8F04F07F066BB07F03EFB28
:10F860000390FFF713FF0028D5D04FF44B7005F03D
:10F8700055FDD0E7681F0400188B002010B500F07C
:10F880008BFD0446302011F0BAFB214601230022F3
:10F89000BDE8104008F05EBE70B5FFF7EFFF00F066
:10F8A00043FE1E4B1B681C8D3CBB1D4C1D481E4E51
:10F8B00006F0E2FE04F5807501E0AC420AD054F88F
:10F8C000040F0028F9D003681B68B342F5D09847AD
:10F8D000AC42F4D100F098FE4FF0FF310D20FDF75F
:10F8E0008BFCC0B200F036FB18B1036800211B6826
:10F8F0009847BDE8704000F0A9BD21464FF0202098
:10F90000FEF78AFF214605460246084806F074FDC8
:10F91000002DCAD1142005F001FDC6E7788500202E
:10F92000108600207C8500206DB70200581F04005F
:10F9300010B5084C08480AF001FF204609F0A4FD64
:10F94000064A0749204611F055FB064B064A1A6045
:10F9500010BD00BF7C8500200085002000800020B5
:10F96000E1930300A4850020C42204002DE9F04F98
:10F970008DB016461F4604460D46FCF78FFF38B182
:10F98000324629462046FCF79DFF0DB0BDE8F08FBA
:10F990000F2CBFB201D1C02F0ED1282011F02FFBA8
:10F9A000A1B2804600971D4BAAB207F005FB414665
:10F9B0001B4809F04FFC50BB002DE1D14FF0FF3147
:10F9C0002046FCF76BFF07460028D9D0DFF84CB083
:10F9D000DFF84CA01FFA84F94FF010083A89CDF8EF
:10F9E00000805B46494602A807F0E6FA02A95046A5
:10F9F00009F0E4FB02A807F0F7FA38684FF0FF328D
:10FA00002146FCF73BFF07460028E7D1B8E7404610
:10FA100007F0EAFA404611F0E9FACDE7F9F50200FD
:10FA20007C85002000B585B08AB2012381B268468A
:10FA30000AF064FE05B05DF804FB00BF4FF0FF3133
:10FA40000148FCF7DFBF00BF741F040008B509F0D0
:10FA500069FE08BD08B503681B6A9847BDE8084001
:10FA60000146014806F0C8BC7C1F040010B50368BD
:10FA70001B6A0C46984722460146BDE810400148E3
:10FA800006F0BABC841F0400014820F060407047B3
:10FA900000000420F8B538B30E46054621B31D4FCB
:10FAA0003C6814B90CE0A46954B123689D42FAD1B2
:10FAB00063689E42F7D1184806F09EFC2046F8BDC8
:10FAC000164806F099FC1C2011F099FA32460446BB
:10FAD000C0E900562946002308300BF0B3F83B6814
:10FAE000A3613C602046F8BD0D4806F085FC4FF050
:10FAF000FF311920FDF780FBC0B200F02BFA4FF068
:10FB0000FF3105461820FDF777FBC0B200F022FA5E
:10FB10000646C4E7A8850020AC1F0400C41F0400EB
:10FB2000901F040008B5FFF7B5FF083008BD00BFFF
:10FB30002DE9F041074682B00C46002011461646DA
:10FB40009846FCF7E3FF0546FFF766F8610089B2C7
:10FB5000334605F10802CDF8008007F108000BF0EC
:10FB600027F904462846FFF765F8002C0CBF284605
:10FB7000002002B0BDE8F08110B582B05468009357
:10FB8000490089B22346083208300BF0C9F802B0A8
:10FB900010BD00BF00207047002070470020704754
:10FBA000002070476FF47D70704700BF6FF47D7068
:10FBB000704700BF6FF47D70704700BF38B50A4DC5
:10FBC0002C680CB1204638BD102011F018FA074BF4
:10FBD0000446214640F8043B6FF0030208F008FF9A
:10FBE0002C60204638BD00BFAC850020E81F040013
:10FBF000FFF7E4BF08B5FFF7E1FF002008BD00BF35
:10FC0000FFF7DCBFFFF7DABF2DE9F04F02EB820709
:10FC1000F03783B08046384615460E4611F0E8F9B5
:10FC20003A460021044604F0B9FD802211467823AB
:10FC30004FF0000CAC4528DAE05C5FEA620940EA6C
:10FC40000200E05404EB030E39D016F80CB0921009
:10FC500011EA0B0F5FFA82FA5FFA89F055D09EF82D
:10FC600000B040EA0B008EF80000002A43D10133B7
:10FC70001022E05C60F07F00E05449101DD10CF1CF
:10FC8000010CAC454FF08001D6DB00221146404606
:10FC900000F086FC036822491B68054698472968DE
:10FCA000002300933A462846CD682146A8472046BF
:10FCB00003B0BDE8F04F11F099B9C9B2BAE716F830
:10FCC0000C20114203F101030BD14FF0200A4FEA3F
:10FCD0006A0A5FFA8AF2BAF1000FCED101338022AC
:10FCE000CBE7E05C40F08000E05404EB030E4FF003
:10FCF000400A4FF0800940EA0A005FEAA9098EF83D
:10FD0000000005D101332022B7E7002AFAD001E034
:10FD10005FFA89FA5FEA6A0AD9D101334022ACE777
:10FD200000093D00182A01D9FFF76EBF0CF078BF1B
:10FD300002682DE9F0471268089E0C46002107462C
:10FD4000994690472025236801211B682046984743
:10FD5000236800211B6820469847013DF3D116B364
:10FD600009EB060A0AF1FF3A09F1FF3919F8018F88
:10FD7000082680253B6818EA050F14BF01210021E1
:10FD80001B6838469847236801211B68204698471E
:10FD9000236800211B6820469847013E4FEA55051D
:10FDA000E8D1CA45E2D13B6838461B680121984733
:10FDB0002025236801211B682046984723680021DD
:10FDC0001B6820469847013DF3D1BDE8F08700BF8E
:10FDD0002DE9F04383B00A4600211E460A9F00F039
:10FDE000DFFB0024036800940546D3F80C80144917
:10FDF00023460422C0472B68009431463A46DE6809
:10FE000028462346B0472B680094DE680C492346F9
:10FE100028460422B047FF080ED0DFF82890A046FD
:10FE20002B68CDF80080DE68203400230422494688
:10FE30002846B047BC42F3D303B0BDE8F08300BF0F
:10FE4000B08500200880002070B4039D38B131B126
:10FE50002BB125B1182D04D970BCFFF7B9BF70BC08
:10FE6000704770BCFFF764BFA0B19BB130B55C6850
:10FE700083B06CB1042A03F1080306D02246194668
:10FE800003B0BDE83040FFF74DBF0094FFF7DCFF43
:10FE900003B030BD704700BF2DE9F04B85B22F2D68
:10FEA00033DC1C4F1C4E7C5D30683CBBDFF86C8043
:10FEB00098F8001001318900FEF758FE30601820D4
:10FEC00011F09DF84FF0FF3121FA05FB00230BF0F4
:10FED000010213430CBF01230323EAB205F16401BD
:10FEE00081460BF06DFC98F800203068531CDBB2A3
:10FEF00040F822907B551C4688F8003004F180447D
:10FF0000013C50F82400BDE8F08B4FF4637005F01D
:10FF100005FAC6E7B4850020E4850020A28C002005
:10FF200038B54FF0FF310546FDF766F9044601305C
:10FF300004D02046BDE83840FFF7AEBF294604484C
:10FF400006F05AFA2046BDE83840FFF7A5BF00BFCB
:10FF500004200400002804DBFF2802D080B2FFF751
:10FF60009BBF0020704700BF08B54FF0FF31FDF781
:10FF700043F9002806DBFF2804D080B2BDE8084022
:10FF8000FFF78ABF002008BD0B4B10B403F5807447
:10FF900001E0A3420AD053F8042B002AF9D091883B
:10FFA0008142F6D110465DF8044B7047002210469E
:10FFB0005DF8044B704700BF14860020FFF7D4BFE4
:10FFC00001460020FCF7A2BD014B9868704700BFB6
:10FFD0000085002003685B69184700BF0368DB6881
:10FFE000184700BF704700BF0048704716FCFFFF6E
:10FFF00010B5044B036000230446C38006F0E0F80C
:020000040003F7
:10000000204610BD1C20040010B5064B03600023E1
:100010000446C38006F0D4F8204610F0E7FF2046DF
:1000200010BD00BF1C20040010B5044B036000236A
:100030000446C38006F0C4F8204610BD1C2004000E
:1000400010B5064B036000230446C38006F0B8F8E1
:10005000204610F0CBFF204610BD00BF1C2004003E
:1000600090F82C3003B970472DE9F04706468068B8
:10007000036884B01B6800219847B06803680121B9
:100080001B689847082400253069036801219B6894
:100090008D409847002108B145F00105F0680368DC
:1000A0001B689847F068036801211B689847013C6A
:1000B000EAD1D6E905376F409F4229D006F11C05E9
:1000C00006F12C094FF0010811E061B940F6020A6F
:1000D0000123514668460AF011FB514601230022D4
:1000E00068460AF00BFBA94504F101040FD035F86E
:1000F000022B08FA04F307EA0301002AF3D070691F
:100100000342E2D10029EED040F6030AE0E777612E
:1001100004B0BDE8F08700BF08B503685B68984786
:10012000003018BF012008BD03681B68184700BFD6
:1001300070B5036804460D4616461B6D03219847AB
:100140003246294620891023BDE87040FFF70EBCD7
:100150008B1E70B50D4604461646032B13D8DFE8F8
:1001600003F00F0F0202036803211B6D204698471E
:100170003246294620891023BDE87040FFF7F6BBC0
:1001800003680221F1E770BD2DE9F047A1F1040AEF
:1001900004461646D71708F061F9BAFA8AFA4FEA08
:1001A0005A1A8046894609E008F058F9B0EB08026F
:1001B00061EB09039F4208BF964220D32368204683
:1001C0005B68984750450546EED108F047F98246EE
:1001D00009E008F043F9B0EB080261EB09039F4224
:1001E00008BF96420BD3236820465B689847854238
:1001F000EFD008F033F9A0EB0A00BDE8F08700204B
:10020000BDE8F08731B1036801290CBF022100214C
:100210001B6C1847036801211B6C1847F8B5264D65
:100220002C680CB12046F8BD302010F0E8FE002606
:10023000224B03600446466005F054FF204B2360C8
:100240004FF0FF314720FCF7D7FFC0B2FFF782FE27
:100250004FF0FF31A0604820FCF7CEFFC0B2FFF79F
:1002600079FE4FF0FF31E0604920FCF7C5FFC0B2D6
:10027000FFF770FEE288E66126626662A6624FF4CE
:100280007A670368A78042F400520127E28039466A
:100290006661A661206184F82C709B689847A0680D
:1002A000036839461B689847E068036839461B684D
:1002B00098472C602046F8BDE88500201C200400EB
:1002C0003C200400F8B54FF0FF3107464820FCF70A
:1002D00093FFC0B2FFF73EFE002428B3FFF79EFF56
:1002E00005468068036800211B689847A868036872
:1002F00001211B689847002F16DD264628690368F0
:1003000001219B688C4098470136002108B144F0D8
:100310000104E86803681B689847E86803680121DE
:100320001B689847B742E9D12046F8BD10B54FF099
:10033000FF314820FCF760FFC0B2FFF70BFEA0B111
:10034000FFF76CFF04460069036800219B6898472B
:10035000A068036800219B689847E0680368002153
:100360009B689847002384F82C3010BD03685B6BB2
:10037000184700BF026810B4146940F2DC53A44669
:100380004FF4FA625DF8044B604700BF0368DB6A14
:10039000184700BF704700BF2DE9F0412449254DA3
:1003A000DA20FCF729FFDFF894C0DCF8007018268B
:1003B0004FF0010E20FA06F1C9B2102935D0012400
:1003C000112304E0994211D015F832301446621C12
:1003D000002BF7D1083E16F1080FEBD14FF46770F0
:1003E000002504F09BFF2846BDE8F0810EFA04F3D7
:1003F0001F42EFD105EBC404D4F80480D8F80423DD
:10040000002AE7D11F4310390B48CCF8007005F0E3
:10041000F3FF182010F0F3FD94F901200546414642
:100420000CF006FB2846BDE8F08100240123DFE73D
:10043000131012117420040054200400EC850020D5
:100440004FF080430122C3F80025704708B52348C8
:10045000FCF77EFB4FF01023D3F80C2232B9D3F80F
:10046000043303F00703052B00D108BD1C4805F039
:10047000C3FF1C4B0122C3F80425D3F80024002A33
:10048000FBD04FF01023D3F80C2212B10022C3F896
:100490000C224FF01022D2F8043303F00703052B8F
:1004A00007D0D2F8043323F0070343F00503C2F862
:1004B00004330C4B0022C3F80425D3F80024002A8F
:1004C000FBD0BFF34F8F0849084BCA6802F4E062C3
:1004D0001343CB60BFF34F8F00BFFDE7A10D0C00AE
:1004E0006820040000E0014000ED00E00400FA058F
:1004F000094A0A4B12689A420BD1094A0948126804
:1005000003F1C27303F5D34308339A4218BF0020A6
:1005100070470020704700BF00D80F00F1109E1EEA
:1005200004D80F0010D80F00704700BF2DE9F0412C
:10053000174F3C6882B014B90EE0646B64B1256853
:10054000A842FAD16568A942F7D1A3689A42F4D1CA
:10055000204602B0BDE8F0810546382090460E46A0
:1005600010F04DFD4FF0000C0446C0E90056C0F8F5
:100570000880434632462946CDF800C00C300BF0C7
:1005800003FD3B68636320463C6002B0BDE8F08138
:10059000F085002008B55A2004F0C0FE002008BDF8
:1005A00008B5FFF7C3FF0C3008BD00BF0C300BF0DF
:1005B000A5BD00BF70B50D4682B014460646A8B171
:1005C0007DB105F108016A684CB104F10803646863
:1005D000009406F10C000BF04DFD02B070BD2346F7
:1005E000F6E7002CF9D02A462946EEE740F2DD3046
:1005F00004F094FEE4E700BF0C300BF0AFBB00BF8B
:100600000C3008220BF098BB704700BF00207047E9
:10061000024B1B6803B11847704700BFF4850020E8
:1006200010B50A4C23687BB108210948984709484E
:100630002368016843B104309847236823B102213D
:100640000548BDE81040184710BD00BFF4850020E4
:10065000A420040014870020B0200400704700BFCD
:1006600038B51B4D2C680CB1204638BD4FF0FF311A
:100670000E20FCF7C1FDC0B2FFF76CFC28B31820B8
:1006800010F0BDFC4FF0FF3104460E20FCF7B4FD26
:10069000C0B2FFF75FFC11220146204607F0FEFFC3
:1006A0002046322107F092F820464FF4597107F0A6
:1006B00085F82046802107F0B9F820464FF4607194
:1006C00007F09AF82C60204638BD2C68CCE700BFB4
:1006D000F885002070B586B004460D46FFF7C0FFD0
:1006E00030B3034668469A88D988ADF804201A8941
:1006F000ADF80610ADF8082059899A89DE89ADF861
:100700000A10ADF80C20198A5A690A4BADF810107E
:1007100005920093ADF80E6007F02EF8BDF80400C6
:100720002A4621461023FFF721F9684607F092FF79
:1007300006B070BDE823040030B587B0FFF790FF26
:1007400030B3034668469A88DC881989ADF80420DE
:100750005A899D89ADF80640ADF80810DC89198AE0
:10076000ADF80A205A690C4BADF80E40ADF81010E8
:1007700005920093ADF80C5006F0CAFF041E6846BF
:10078000B8BF033407F066FFA410204607B030BDA1
:100790007F24204607B030BDE823040070B586B042
:1007A00005460C46FFF75CFF18B38288C388ADF896
:1007B0000420A10004894289ADF80630ADF8084054
:1007C0008389048AC689ADF80A20ADF80C304269E5
:1007D0000A4BADF81040012D6C46ADF80E6089B2A1
:1007E00005920093204606D007F006F8204607F051
:1007F00031FF06B070BD07F019F8F7E7E8230400F1
:1008000008B5FEF741FD002008BD00BF41607047FC
:10081000064A136883EA433383EA534383EA431364
:1008200098B2A0F5FF4013607F3870471080002019
:10083000B1F5007F0846A8BFA1F50070B0F5807F34
:10084000C8BFC0F5007000FB00F240F63B1303FB8D
:1008500002F31B14A3F5A4433A3B02FB03F34CF64B
:10086000FE0202EB234300FB03F00012B1F5007F10
:1008700028BF4042704700BF8901A1F5FF407F3883
:10088000704700BFB1F5007F07D3C1F57F71033119
:10089000C901A1F5FF407F387047C801A0F5FF40AE
:1008A0007F38704710B4036A064A1C7806486623EE
:1008B00013FB042347F6FF728B42D8BF10465DF846
:1008C000044B704704FCFFFF0180FFFF836930B4D5
:1008D00003F03F0494421BD00F4D2C6884EA44344B
:1008E00084EA544484EA441402F03F0204F40043CE
:1008F0001A432C60826143B1084B47F6FF70B1F593
:10090000007F38BF184630BC7047184630BC70476F
:1009100003F40043EFE700BF0C8000200180FFFFDD
:1009200010B4036A0D481B780D4C1844012310F8CD
:10093000100C0240501102F01F0254F8200003FA7C
:1009400002F2104006D0074847F6FF72B1F5007F6B
:1009500028BF10465DF8044B704700BFE02004003C
:10096000D82004000180FFFF00207047F8B5104B2D
:100970001049016003F124020546C0F85831C0F85F
:10098000602100F5AC7700F5BE7600F5C274043C3A
:10099000204609F045FFA642F9D1074BC5F858316A
:1009A00000233846A5F85E3105F00AFC2846F8BD5C
:1009B000A0270400BC2004001C200400F8B5124B42
:1009C0001249016003F124020546C0F85831C0F80D
:1009D000602100F5AC7700F5BE7600F5C274043CEA
:1009E000204609F01DFFA642F9D1094BC5F8583140
:1009F00000233846A5F85E3105F0E2FB284610F0EA
:100A0000F5FA2846F8BD00BFA0270400BC2004006A
:100A10001C2004002DE9F04FD0F85051DFF8BCC085
:100A20004FF0FF374FF0020E4FF0010B002D4AD070
:100A30002B466FF07F481A793AB984681968091B08
:100A4000002908DD8845A8BF88469B68002BF2D1A5
:100A50004046BDE8F08F81464FF0FF3808EB880133
:100A600000EBC10AD9F82C1091B3B8F1FF3F05D0C3
:100A7000DAF81010D9F81060B14200D29046013275
:100A8000082A09F12809E9D108EB880200EBC20223
:100A90001032D16909B181F804E0D3F80C80D36138
:100AA00008F1080183F804B014601162D8F804302A
:100AB000D760ACFB0343DB0803EB430301EB830389
:100AC0005362002DB4D16FF07F484046BDE8F08FEF
:100AD00002EB820200EBC2021032DAE7ABAAAAAA4A
:100AE000002A01DD00F002B8012070472DE9F04F27
:100AF0002DED028B04468BB0174609900E460592E9
:100B0000FFF788FFD4F85041003418BF0124B842E1
:100B1000C0F23581059B5D0000212A46304603F076
:100B20003DFE099FA74AF868030282FB0312DB1708
:100B3000C3EBA21307930FF067FC02460B4600209D
:100B4000A1490FF0F5FDB31E1E4608930FF0BEFF3E
:100B500033462B44049308EE100A07F5A87307F1F7
:100B6000100B0693DBF81C20002A41D0DBF8203064
:100B70000599DBF808500C3B0029CBF8203040F3F6
:100B8000F3800027CDE90277089E0197B8463C46DE
:100B9000BA46002C53D0DDF80C90019BAA0EC5F389
:100BA000094158469847029B36F8022F39141F44D2
:100BB000049B00FB01F002EB20429E42454404F1FD
:100BC000FF340AF1010AC8443280E2D1DBE908238C
:100BD0009A4280F0AA80002C08BF0124CBF808506C
:100BE000039BCBF80440CBE90483CBF80C700124C1
:100BF000069B0BF1280B9B45B4D1099A0599936884
:100C000000290B44936014DD089B049D4FF601609E
:100C100040F2FF1102E09D4219800AD033F9022F01
:100C2000B2F5007FF7DA12F5007FD8BF18809D4239
:100C3000F4D120460BB0BDEC028BBDE8F08FDBE9B0
:100C4000083103F10C028A42CBF820206DD2D989F9
:100C5000DF8AB3F91220B3F914901C8A187B44F68A
:100C60002063994228BF1946BB4228BF3B4640F249
:100C7000FF37BA42A8BF3A46B945A8BFB9461429BA
:100C800038BF1421142B38BF142322EAE27229EA58
:100C9000E979002C47D04EF66027BC4228BF3C467D
:100CA000079F07FB04F4471E042F4CD8DFE807F02A
:100CB0002F033532380045480190A9EB02094FEA6D
:100CC0000949240A99FBF4F00290BAF1000F6BD0A5
:100CD00007EE901AF8EEE77A8B4267EE887A4FEAD1
:100CE0000247FCEEE77A17EE908A27D007EE903A9B
:100CF000F8EEE77A67EE887AFCEEE77A17EE903A3C
:100D0000A3EB080393FBF4F30393994645E73048BC
:100D10000190D2E72F480190CFE72F480190CCE710
:100D20002E480190C9E7079CBDE7DBF81C20022391
:100D3000137100230124CBF81C3059E74FF0000950
:100D4000CDF80C9029E7A0F10B07042F09D9DFF8A3
:100D500098C0234F1038022898BFBC46CDF804C075
:100D6000ABE720480190A8E7DBF824108B42DED2E5
:100D70004FF00008CDF80C804746012430E7099C6D
:100D80000546024631462046FFF7AAFE059B06EBC4
:100D900045015A1B2046FFF7A3FE012420460BB055
:100DA000BDEC028BBDE8F08FDBF80C70781C8FD0A7
:100DB000DBF814300393DBF80440DBF8108099462D
:100DC000EBE600BFD34D62100000904179080300AC
:100DD00085080300CD080300310803001108030053
:100DE00021090300A5080300690903002DE9F0416A
:100DF0004B6882B00646002B38D00F4601A84FF44E
:100E0000007109F0F5FC019D2C1D4FF48072214604
:100E10003846FFF76BFE804607F5AC700AF018F90C
:100E200005F50172B4F90030C3F5007300FB03F35C
:100E30009B1224F8023B9442F4D1B8F1000F0FD07A
:100E4000786810B103681B68984701A9304609F01B
:100E5000DFFC01A809F0E4FC304602B0BDE8F081F7
:100E600087F85481304609F0BDFCF2E709F0BAFC7E
:100E7000304602B0BDE8F08170B54FF0FF31054655
:100E80001A20FCF7B9F9C0B2FFF764F860B1044664
:100E90004FF0FF311A20FCF7AFF9236829462046AE
:100EA0001B68BDE87040184770BD00BF70B5184B97
:100EB000036082B00446002500F5AC761323224679
:100EC00065603046009313494FF47A5309F0EEFF02
:100ED0004FF0FF314120FCF78FF9C0B2FFF73AF82D
:100EE0002A46014630460AF0CBF93046A56084F820
:100EF00054510AF0ABF82946E0604FF4A07204F1B7
:100F0000100003F04BFC2046C4F8505102B070BDF5
:100F1000BC20040000C0014038B5074D2C680CB15E
:100F2000204638BD4FF4C47010F069F80446FFF74E
:100F3000BDFF2C60204638BDFC850020FFF7ECBFCC
:100F40002DE9F0410C460746FFF7E6FF064620462E
:100F5000FDF762FE102010F052F80546F0681D4AB9
:100F6000B168EC6000FB07F082FB0032C317C3EBF3
:100F7000A2130B4400222A712B600BF0D7FDD6F888
:100F80005041AC60C6F8505154B910E0A368E06815
:100F9000AB60FDF74FFE204610F028F8AC6834B186
:100FA0002379022BF2D02546A468002CF8D10BF04F
:100FB000AFFD96F854310BB1BDE8F08170680123A4
:100FC00086F854310028F7D00368BDE8F0411B686B
:100FD000184700BFD34D621038B5FFF79DFF054697
:100FE0000BF0A4FDD5F850410023C5F85031EB6259
:100FF0006B65EB67C5F8A430C5F8CC30C5F8F430A4
:10100000C5F81C31C5F844314CB1D4E90250FDF7A4
:1010100011FE20460FF0EAFF2C46002DF5D1BDE869
:1010200038400BF075BD00BF0020704700207047AE
:1010300000207047704700BF704700BF704700BF77
:10104000704700BF704700BF704700BF704700BFC8
:1010500070B50C4615460646FFF75EFF00218C4230
:10106000C560416005DD22463146BDE87040FFF7AE
:101070003DBD012070BD00BF704700BF704700BF7D
:10108000024B1B6803EB4000704700BF78850020CF
:10109000704700BF704700BF704700BF704700BF78
:1010A0000B68984221D10B6998421EDC8B699842EB
:1010B0001BDA002830B408DB4B681468A34254687C
:1010C000B8BF1360A342C8BF53600B6B002B05DD94
:1010D0004A688D6A0C6A2A444A601B1B4A6A0130BE
:1010E000134408600B6330BC704770470B6898422C
:1010F0002DD1F0B44B684F69BB4226DB8C69A0420E
:1011000023DA0C6BD1F820C00BE0CD6A4E6A05449F
:101110003444A8420D60644403F1FF3313D1BB4251
:1011200011DB002807DB15689D425568C8BF1360B6
:101130009D42B8BF5360002CE7DC0D68A8426444B0
:1011400003F1FF33EBD00C634B60F0BC704770478A
:101150000B6898422DD1F0B44B684F69BB4226DC36
:101160008C69A04223DA0C6BD1F820C00BE0CD6A69
:101170004E6A0544A41BA8420D60644403F10103B8
:1011800013D1BB4211DC002807DB15689D4255686E
:10119000C8BF13609D42B8BF5360002CE7DC0D68E8
:1011A000A842644403F10103EBD00C634B60F0BC34
:1011B000704770474268014693890248528905F09A
:1011C0001BB900BF1021040043685889884207DD1D
:1011D000002A05DB98898242ACBF002001207047BD
:1011E0000020704770B506464068457A012D82B0F0
:1011F00000F110040ED0042D27D183899B001F33EA
:101200005B119B0001FB0344C2B9207800F00F0082
:1012100002B070BD83890733DB1001FB03440AB1C0
:1012200004EBE2040123217802F0070203FA02F240
:101230000A4214BF1846002002B070BD5310E05C93
:10124000D307E3D5001102B070BD40F23530CDE9CF
:10125000001204F063F800997368019A5B7A641ACB
:1012600032B1012BDCD0042BE8D0002002B070BDDD
:10127000042BCAD0012BF8D1D4E700BF70B50446C7
:10128000FFF7A2FF00B970BD2046BDE87040FFF730
:10129000A9BF00BF70B506464068447A012C84B0EF
:1012A00000F1100513D0042C29D1808980001F3053
:1012B0004011800001FB00519ABB91F9000020F021
:1012C0000F0003F00F0303430B7004B070BD80895F
:1012D0000730C01001FB00510AB101EBE20101200F
:1012E00002F0070200FA02F2087823B920EA0200AD
:1012F000087004B070BD1043087004B070BD40F2B7
:101300003530CDE90223019104F008F8DDE902232C
:1013100001997068691A407A82B10128DDD00428E9
:10132000D3D101EB6201D20791F90000C7D500F0DB
:101330000F0040EA03130B7004B070BD0428BCD04A
:101340000128CCD004B070BD2DE9F84F0A9FBF1A18
:1013500048BF7F42A3EB01094CBF4FF0FF3B4FF06A
:10136000010B7F008B42A7EB09050C4698461646F9
:1013700082464FEA49090EDB324621460B9B504616
:101380000134FFF787FF002DC4BFA5EB09055E44BC
:10139000A0453D44F0DABDE8F88F00BF2DE9F84FD5
:1013A000DDF828805B1A48BF5B42A8EB02094CBFFE
:1013B0004FF0FF3B4FF0010B5F009045A7EB090595
:1013C00014460E4682464FEA49090EDB2246314654
:1013D0000B9B50460134FFF75DFF002DC4BFA5EB0A
:1013E00009055E44A0453D44F0DABDE8F88F00BF32
:1013F000D0E90132013282609A0701D11A0F08D177
:1014000010B50446596803F10800FBF77FFB6060E4
:1014100010BD704730B445680B68688923EAE374EF
:10142000431EA342A8BF23460B60AB891168013B52
:1014300021EAE1718B42A8BF0B46136030BC7047B4
:1014400038B5FBF763FB0546FDF7E6FB0C20FDF71F
:1014500059FA044628B10A4A4560002302608360B5
:1014600025B12846FDF7E6FB204638BD40F2353071
:1014700003F054FF2846FDF7DDFB204638BD00BFD2
:101480002C210400B0F5FA6F24D8B1F5FA6F21D8F9
:10149000012A70B518D0042A1ED18B001F335C11AD
:1014A000830003FB04F308330D460446194600206D
:1014B0001646FFF7C5FF4368872100225E725C81F4
:1014C0009D811972DA8170BDCB1DDB1000FB03F327
:1014D0000833E9E700207047002070BD38B1436849
:1014E000082B02DD027A872A02D00020704770475D
:1014F000427A012A0FD0042AF7D1828940899200CA
:101500001F325211800000FB02F00830181AB0FAA6
:1015100080F040097047828940890732D21000FB71
:1015200002F00830F2E700BF48B14268042A04DD47
:10153000037AE12B14D0E42B02D0002070477047CF
:10154000817A437A1F2000EB81009B00401103FB4E
:1015500000F30833181F801AB0FA80F04009704772
:10156000817A437AC81DC01003FB00F30833F1E70A
:1015700043685889704700BF43689889704700BF27
:101580004368587AA0F10100B0FA80F04009704732
:1015900043689A0704D11B0F0CBF0120002070473D
:1015A000012070478068003018BF0120704700BFDD
:1015B0002DE9F0410D1E04DB04461F46FFF704FE33
:1015C00008B9BDE8F08116462046FFF711FF3B46FB
:1015D000324629462046BDE8F041FFF75BBE00BF1A
:1015E000002901DBFFF74ABE002070474068437ABC
:1015F000042B00D0704743898B42FBD970B4848997
:1016000055685E1AA30004FB06F4AC4203F11F0305
:101610004FEA6313A8BF2C469B001030641001FBF7
:10162000030112D0013C08190A32013911F8013FB7
:1016300003F00F0302F8023C0B7881424FEA2313B8
:1016400002F8013C02F10202F0D170BC704700BF09
:101650002DE9F04143685D7A042D01D0BDE8F081A9
:10166000B3F80A808845F9D9044617469D890E4685
:10167000FFF7BEFE63685A7A012A03F1100424D0F2
:10168000042A26D1998989001F31491189007B6874
:10169000A8EB060805FB08F09842A8BF18464010C2
:1016A00001FB0641DAD007F10A02084412F8023CB5
:1016B00012F8014C03F00F0343EA041301F8013B55
:1016C000814202F10202F1D1C8E799890731C910BC
:1016D000DDE740F2353003F021FE4FF0FF31D6E771
:1016E0002DE9F04786B0CDE902210BB10E9D15B969
:1016F00006B0BDE8F08745686E89B1420446F7DA66
:10170000AD89AA42F4DA01390B440E99013A0A4430
:10171000002BCDE90432EBDB002AE9DB05AA04A9A2
:10172000FFF778FE02AA03A92046FFF773FE61685F
:10173000DDE90475DDE902238889013701354607B3
:10174000A7EB0307A5EB020505D123B91AB94B890D
:101750009F4200F0CA802046FFF74AFE61684B7A3C
:10176000012B00F09380042B40F0C780B1F80CE00F
:101770000F984FEA8E0E0EF11F0E00F00F06DDE9F6
:1017800002324FEA6E1E06EB06164FEA8E0E5FFA25
:1017900086FA01F11008B1F80CC04FEA8C0C0CF17C
:1017A0001F0C4FEA6C1C4FEA8C0C02FB0C8C002BBC
:1017B00040F09880002F07F1FF3106DC98E7042BFA
:1017C0002FD001394B1CF44492D063685B7A012B13
:1017D000F5D1029A002D02F0070203FA02F3F0DDC0
:1017E000E046002205E0384388F8000001329542C7
:1017F000E7DDB3F5807F0BD0DFB25B000F9E98F87A
:101800000000002EEFD120EA070088F80000EDE785
:1018100008F10100AB1A072B80462FDC02230127B9
:10182000ECE7029B13F0010F14BFF0270F27002DE8
:10183000C7DDE04600200DE0FAB23F0198F8003025
:1018400083EA0A0902EA090201305340854288F816
:101850000030B6DDB7F5706FEED108F101022B1A3A
:10186000012B9046A3F1020302DCF0270F22E5E7EB
:101870000230854202F801ABF2DCA2E70832954261
:1018800000F801ABA3F10803C5DC9AE7B1F80CE05E
:101890000EF1070E4FEAEE0EF446DDE9023201F1D9
:1018A00010080CFB028C0F9A42F300065FFA86FACE
:1018B000002B3FF47FAF0CEBE30C7BE740F23530BD
:1018C000CDE9003203F02AFD019A009BA8EB020C3F
:1018D000A3B36268527A012A4FF0FF3EEBD0042A8C
:1018E0007FF468AF0CEB630C64E785427FF433AFA1
:1018F00020460F9900F026F8FAE640F2353003F062
:101900000DFD6168487A012808D1B1F80CC00CF1CE
:10191000070C4FEAEC0C4FF0FF3EBEE70F9B03F0C5
:101920000F0606EB061604285FFA86FADDE9023296
:1019300001F11008C2D14FF0FF3E2CE74FF0FF3EFF
:1019400038E700BF30B5054683B00C4619B143688F
:1019500099894A072DD12846FFF74AFD69684A7AD6
:1019600001F110034968012AE4B218BF04F00F0422
:10197000A1F108010CBF44F3000404EB0414032993
:10198000E2B20ED998070DD102EB022021F0030438
:1019900000EB00401C4443F8040BA342FBD101F0D0
:1019A000030121B119441A7001339942FBD103B0EC
:1019B00030BD00225B89009101941146FFF790FE33
:1019C00003B030BD10B5141482B0CDE9004313B29A
:1019D0000A1409B2FFF784FE02B010BD2DE9F047EA
:1019E00084B0CDE900210BB10C9C14B904B0BDE862
:1019F000F08745686E89B1428246F7DAAE89B24215
:101A0000F4DA6D7A042DF1D10D9C65680F2DEDDDB2
:101A100001390B440C99013A0A44002BCDE90232FA
:101A2000E4DB002AE2DB03AA02A9FFF7F3FC6A4623
:101A300001A95046FFF7EEFCDDE90223DDE9006174
:101A4000013201335046A2EB01089E1BFFF7D0FC88
:101A5000DAF804700D9A7B7A012B02F1080544D064
:101A6000042B53D1B7F80CC04FEA8C0C0CF11F0CAF
:101A70004FEA6C1CDDE900494FEA8C0C10376346D5
:101A800003FB0977002C61D1B8F1000F08F1FF3496
:101A9000ACDD009B002E03F001021FDD3B783846D1
:101AA0000AB301220EE043780132084603F00F0129
:101AB00003F0F003695C01F00F010B4396420370E1
:101AC0000CDD0132191103F00F0315F801E0014696
:101AD00043EA0E13964201F8013BE4DC013C631C2F
:101AE0006744D6D182E70122E0E7B7F80CC0DDE910
:101AF00000490CF1070C4FEAEC0C1037634603FB6E
:101B00000977002CC0D007EBE407BDE740F2353081
:101B100003F004FCDAF80430DDF804905A7A009CF3
:101B2000012A03F1100714D0042A1BD040F23530EB
:101B300003F0F4FBA7EB09078CB1DAF804305B7A09
:101B4000012B4FF0FF3CDED0042B9DD107EB640747
:101B50009AE79B890733DB104FF0FF3CCFE74FF04C
:101B6000FF3C91E79B899B001F335B119B004FF06B
:101B7000FF3C85E710B5141482B0CDE9004313B2E1
:101B80000A1409B2FFF72AFF02B010BD81B108B5EF
:101B90004068496842684B689A4201D0002008BDFD
:101BA000083108300FF04FFAB0FA80F0400908BD54
:101BB00008467047406841680830FFF741BC00BFE5
:101BC0002DE9F0410746FFF713FC7B685A892AB3D9
:101BD00000269C89013C002C1CDD00252A4631464C
:101BE0003846FFF7FFFA2246804631463846FFF76F
:101BF000F9FA2A46034631463846FFF74BFB0135D2
:101C00002246434631463846013CFFF743FBA54296
:101C1000E4DB7B685A8901369642DADBBDE8F08165
:101C2000F8B5436806465A7A59899889FFF72AFC1D
:101C300073685A890746BAB100259A8982B100248F
:101C4000224629463046FFF7CDFA2A46034621466A
:101C50003846FFF71FFB73689A8901349442EFDB23
:101C60005A8901359542E8DB3846F8BD2DE9F04345
:101C7000436899897E2983B05ADC81465A7A58890B
:101C80004900FFF7FFFBD9F804304268597A5F89B1
:101C90000129804602F110043FD0042957D19E89C2
:101CA000B6001F367611B600517A01293CD00429BE
:101CB00044D19589AD001F356D11AD00D9F80420D0
:101CC0002848517A284A012908BF10460FB303F16A
:101CD0000F0E4FF0000905F1FF3C002D14DD714699
:101CE000002311F8012F02F00F026345825C22707D
:101CF00008BF013405D00A7812110234825C04F85E
:101D0000012C0233AB42ECDB09F10109B945B644C1
:101D1000E3D1404603B0BDE8F0839E89517A07368F
:101D200001294FEAE606C2D195890735ED10C5E7CE
:101D30004FF00008404603B0BDE8F08340F2353074
:101D400001934FF0FF3503F0E9FA019BB6E740F24B
:101D5000353001934FF0FF3603F0E0FAD8F8042055
:101D6000019BA1E700210400F0200400F8B54368BE
:101D70005B7A042B00D0F8BD02F00F068E42FAD039
:101D800005460F46FFF734FB6B6817B99A8952076F
:101D900021D15A68082A03F11001ECD01144340112
:101DA00009390F3364B213F8010F00F00F02BA4281
:101DB00004BF20F00F003043B7EB101F03D100F039
:101DC0000F002043C0B299421870ECD1F8BD9A8937
:101DD00001379742CFDA5A89002AF8D0002404E06C
:101DE0006B685A8901349442F1DA3A462146284612
:101DF000FFF7F8F90028F3D133463A462146284642
:101E0000FFF748FAECE700BF2DE9F0411C4684B02B
:101E10008C420746DDE90A5306DB8BE02E4620465E
:101E200015460C4632460146A142F7DBB2EB0508E7
:101E3000A1EB040610D1002E6CD04FF0010C0B93D7
:101E40002A4606EB0C0321463846CDF828C004B0DC
:101E5000BDE8F041FFF744BC7EB9B8F1000F64DD86
:101E600008F10102CDE90A232A462146384601231A
:101E700004B0BDE8F041FFF733BC002952DBD7F8CE
:101E800004C0BCF80A00A0424CDD002C05DA04FBBB
:101E900008F494FBF6F42D1B0024884207DC01387B
:101EA000411A08FB01FE01469EFBF6F002449542F2
:101EB000BCF80C0045DB824234DA002D32DB002A0C
:101EC00005DA06FB02F292FBF8F2891A002285423B
:101ED00007DB0138451B06FB05FC05469CFBF8F0BB
:101EE00004443846CDE902230191FFF781FAB8F1A5
:101EF000000FDDE90112039B3ADB4645CDE90A23D9
:101F000038460B462A4621463CDC04B0BDE8F04189
:101F1000FFF744BA2A462146384604B0BDE8F041EE
:101F2000FFF746BB04B0BDE8F081C8F10101CDE97F
:101F30000A139AE7164608462A46214635460446BD
:101F400074E78542EEDA002AECDB002D05DA06FBA9
:101F500005F595FBF8F5641B00258242C1DB0138CD
:101F6000821A06FB02FC02469CFBF8F00144B8E72B
:101F7000C8F1000846450B9309DD0A920B462A4634
:101F80002146384604B0BDE8F041FFF7DDB90A95B7
:101F900023463846B9E700BF10B5141482B0CDE926
:101FA000004313B20A1409B2FFF72EFF02B010BDAE
:101FB000F8B50F1E16DB144600221E460546FFF735
:101FC00003F978B1069B002B0CDB0022194628464A
:101FD000FFF7FAF830B1079B002B03DD6B685A7AE4
:101FE000042A00D0F8BD7268517A0429FAD1988980
:101FF000558981001F3149111033890007FB0137D2
:10200000079B1E198642A8BF0646002C4FEA0545CD
:1020100095FBF3F52FDB01D007EB640700219389D3
:1020200006989B001F335B119B00A64200FB03F345
:1020300002F11002D6DD02EB030C4B14CA031CF8AC
:1020400003304CBF1A1103F00F0297F9003014F05F
:10205000010F03F00F0004BF23F00F03134340EA06
:10206000021004F1010414BF07F8010B3B70B442E5
:102070002944E2D1F8BD05FB04F149420024CEE732
:1020800030B51D1483B01CB2CDE9004513460A14C7
:1020900009B2FFF78DFF03B030BD00BF2DE9F04F4F
:1020A0008BB0914601901089059108B1536818686A
:1020B000FBF766FAB9F80830012B88BFD9F804306D
:1020C00004468CBF58680020FBF75AFAB9F808306C
:1020D000022B88BFD9F8043080468CBF9868002056
:1020E000FBF74EFAB9F80830032B88BFD9F8043053
:1020F00007468CBFD8680020FBF742FAB9F80830D1
:10210000042B88BFD9F8043082468CBF18690020A0
:10211000FBF736FAB9F80830052B88BFD9F8043038
:1021200005468CBF58690020FBF72AFAB9F8083039
:10213000062B88BFD9F8043083468CBF98690020ED
:10214000FBF71EFAB9F80830072B064640F2B980B3
:10215000D9F80430D869FBF713FAB9F80820D9F890
:102160000410082A034640F2BE80086A422800F0A4
:10217000BE800A2840F0CB8000200290092A09D9AD
:10218000486A422800F0C0800A2803D010B106280F
:1021900040F0B0804FF00009059A019952684868F4
:1021A0005189B0F80AC0B0F80CE0928930042E448E
:1021B0008E42A8BF0E4603EB0B019142A8BF114609
:1021C0001B0493FBFAF306930B4690FBF7F004EA2B
:1021D000E47127441B04C2446745089301FB00F3E4
:1021E0000090A8BF6746C3EB0540F245069B08EA8E
:1021F000E872A8BFF246CDF81CA002FB03FA631AEE
:10220000CAEB0B4A049320EAE07336040993A8EB67
:1022100002082AEAEA7AB9F1000F60D0079B9845D4
:1022200049DA089B534546DDDDF814B0CDF80CA023
:10223000039B4FEA234A049BBB422FDA099CA64228
:102240002CDD52464B46C246B146049D1E46904682
:102250000AE0002837D1029B8BB10135009BBD42BB
:102260001C4417D0A14515DD424621145846FEF7FF
:10227000B9FF002EEDD1029B0BB10028EDD0034633
:10228000294652460198FFF705F80135009BBD42EB
:102290001C44E7D13346D0464E469946039B069AE6
:1022A00013440393079B08F10108984503D0089B4A
:1022B000039A9342BCDC4FF0000948460BB0BDE8DE
:1022C000F08F002047E7524629460198FEF78AFF23
:1022D0000028C2D0B14648460BB0BDE8F08F019847
:1022E000FFF786F89AE700220292914654E7012010
:1022F000029043E70093FBF76BFC10F1000918BF55
:102300004FF00109009B47E74FF0010944E700281F
:102310003FF433AF06283FF42FAF0093FBF758FC90
:10232000031C18BF01230293D9F80410B9F8082040
:10233000009B23E72DE9F04F054610899DB0164616
:10234000894608B153681868FBF71AF93389012BDD
:1023500088BF736804468CBF58680020FBF710F9EB
:102360006B685A899442074602DA9B89984202DBDD
:102370001DB0BDE8F08F02233246494611A8F4F79C
:1023800043F9119B0793002BF2DDDDF84880B8F18B
:10239000000FEDDD159B00931A46179B9B1A14EB5B
:1023A0002343E5D4169E189B9B1B17EB2343DFD4D6
:1023B000139B0693149B0193199B029328461A9B27
:1023C0000B93FFF715F89DF86C30002B73D00B9B27
:1023D000002BCDDD4246D317CDE90E23CDE90847CA
:1023E0000C95DFF8ACA1029D0A964FF0000B002D72
:1023F0005BDD0B9BA3F58030A0EB0B00C31719042A
:1024000041EA1041DDE90E2300040EF0AFFB069B0C
:102410008BFB03234FEA124848EA0348079B1946FF
:10242000DA17CDE9041207140024A5F58036301B15
:10243000C317190441EA1041DDE9042300040EF03A
:1024400095FB01143A4648462BD4FEF717FF04EBE0
:102450000801019B01EA0A0181FB03234FEA124CA8
:102460004CEA034CDC44069B0CEA0A0C8CFB03236D
:10247000CDE90223039B120C42EA03420A9B11445A
:10248000ACEB0302009B01EA0A01C91A0346099852
:1024900000EB2242089800EB214113B10C98FFF7A2
:1024A00087F804F58034A542C1DC0B9B0BF5803B1B
:1024B0005B459CDC5CE70B9A002A7FF759AF4246EC
:1024C0009A46D317CDE90C23CDE908760A95DFF8B3
:1024D000C0B0029DDDF818800694002D51DD5246F3
:1024E000D317190441EA1A41DDE90C234FEA0A40E7
:1024F0000EF03CFB8AFB0823170C47EA0347079BB7
:102500001946DA17CDE9041206140024E31719045A
:1025100041EA1441DDE9042320040EF027FB0114F5
:102520003246484629D4FEF7A9FEE119019B01EA8B
:102530000B0181FB03234FEA124C4CEA034CD444B9
:102540000CEA0B0C8CFB0823CDE90223039B120C35
:1025500042EA0342099B1144ACEB0302009B01EAEF
:102560000B01C91A0346089800EB2242069800EBBB
:10257000214113B10A98FFF71BF804F58034A542F6
:10258000C4DC0B9B0AF5803A5345A6DCF0E600BF9D
:102590000000FFFF2DE9F04F064610899DB014465C
:1025A0000D4608B153681868FAF7EAFF2389012B32
:1025B00088BF636882468CBF58680020FAF7E0FF46
:1025C00073685A899245834602DA9B89984203DBF5
:1025D00000201DB0BDE8F08F02232246294611A835
:1025E000F4F712F8119B0C93002BF1DD129B002BDA
:1025F000EEDD159A00921146179A521A1AEB2242F2
:10260000E6D4169A06921146189A521A1BEB2242E9
:10261000DED41399079114990191DDE919919DF880
:102620006C200D91002A77D00029D1DD1846D917EA
:10263000CDE90E010022DFF8C4810A96CDE908AB8E
:102640009246B9F1000F61DD0D9BA3F58030A0EB40
:102650000A00C317190441EA1041DDE90E23000402
:102660000EF084FA079B8AFB03234FEA124B4BEAD6
:10267000034B0C9B1946DA170714CDE9041200240A
:10268000A9F5803603E004F58034A1453EDD301B1A
:10269000C317190441EA1041DDE9042300040EF0D8
:1026A00065FA01143A462846EDD4FEF7E7FD04EB3F
:1026B0000B03019A03EA080383FB02124FEA114C51
:1026C0004CEA024CD444079A0CEA080C8CFB021228
:1026D000CDE90212039A090C41EA02411944009B18
:1026E00001EA0801C91A0028CDD0069B0A98ACEB74
:1026F0000302099B03EB2242089B13EB2141C2D446
:10270000FEF7BCFD0028BED0012062E70D9B0AF554
:10271000803A534595DC5BE70D9900297FF758AF68
:1027200010461946DA17CDE90A12DFF8D080CDE954
:1027300008ABDDF81CB007960646B9F1000F56DD70
:10274000F317190441EA1641DDE90A2330040EF0BB
:102750000DFA86FB0B234FEA124A4AEA034A0C9B06
:102760001946DA170714CDE90412002403E004F532
:102770008034A1453BDDE317190441EA1441DDE94A
:10278000042320040EF0F2F901143A462846EED450
:10279000FEF774FD04EB0A03019A03EA080383FBC6
:1027A00002124FEA114C4CEA024CB4440CEA080CF9
:1027B0008CFB0B12CDE90212039A090C41EA02418B
:1027C0001944009B01EA0801C91A0028CFD0069BD2
:1027D000ACEB0302099B03EB2242DDE9070313EB99
:1027E0002141C4D4FEF74AFD0028C0D08CE70D9BE0
:1027F00006F58036B342A0DCEAE600BF0000FFFF2A
:102800002DE9F04FB7B01646009010898A4608B1FE
:1028100053681868FAF7B4FE3389012B88BF7368D0
:1028200080468CBF58680020FAF7AAFE02230746AC
:102830003246009920A8F3F7E7FE209C002C15DD16
:10284000219D002D12DD249A269B0F924FEA08410C
:102850009B1A8B4201910B9308DD259A279B1192BD
:1028600039049B1A8B420491109303DC002037B08B
:10287000BDE8F08F3246229E0E96239E1296289E29
:102880001596299E1E9605239DF8A860139651461D
:102890002BA8F3F7B9FE2B9B002BE7DD2C99002921
:1028A000E4DD2F9A06921046319A121A0198C2421C
:1028B000DCD4309A07921046329A121A0498C24217
:1028C000D4D42D9805902E980A90DDE933B09DF868
:1028D000D4201490002A00F0E8800028C6DD0022F1
:1028E0000E46CF170C921946DA17CDE90212EB17F4
:1028F0002A46CDE91A232246E317CDE91C67CDE924
:102900001623CDF87CA0BBF1000F40F3AF80149BE1
:102910000C9C7F4EA3F58030001BC317190441EABD
:102920001041DDE91C2300040EF020F9059BDDF8C1
:102930007C8083FB0423110C41EA03434FEA204AC5
:1029400000250BEB0607994614E0159BA3F5803094
:10295000401AC317190441EA1041DDE916230004A7
:102960000EF004F90314089340F1898005F58035D1
:10297000AB457BDD781BC317190441EA1041DDE943
:10298000022300040EF0F2F80114EFD45246404640
:10299000FEF774FC0028E9D00A9A05EB09033340DE
:1029A00082FB0301040C0C9A44EA01441444059987
:1029B00004EA060281FB0201CDE908010999000C35
:1029C00040EA01400344049907980C1A01990698BB
:1029D0003340091A5B181444C8D4002CC6DB0B9A88
:1029E0009A42C3DD109AA242C0DD119A14440E9A95
:1029F00084FB0201020C42EA01420F999B1A59180A
:102A0000129B314081FB0323100C40EA0340241A3F
:102A10000E9A344084FB0223100C40EA0340224605
:102A2000E317CDE90823139B091A3140002B8CD101
:102A3000CB171B0443EA11410020DDE916230EF0F9
:102A400095F80314189391D4099A110441EA14419A
:102A5000DDE91A2300200EF089F818990214009875
:102A6000FEF70CFC002881D0012000E70C9B149A93
:102A700003F5803393420C93FFF645AFF6E61E9ABA
:102A8000A2F58030001BC317190441EA1041DDE9AB
:102A90001A2300040EF06AF8089902140098FEF751
:102AA000EDFB00283FF462AFDEE7149A002A7FF7BF
:102AB000DDAEDA1788464FEAE1791946CDE9021210
:102AC000EB172A46CDE918232246E317CDE91A89E8
:102AD000CDE90C230027CDF870A0BBF1000F40F327
:102AE000A780FB17190441EA1741DDE91A233804CE
:102AF0000EF03CF8059B064EDDF8708087FB032343
:102B0000110C41EA03434FEA204A0025994616E09A
:102B10000000FFFF159BA3F58030401AC31719046E
:102B200041EA1041DDE90C2300040EF01FF8031404
:102B3000089340F1848005F58035AB4578DDEB17CF
:102B4000190441EA1541DDE9022328040EF00EF8CC
:102B50000114F0D452464046FEF790FB0028EAD01C
:102B60000A9A05EB0903334083FB0201040C44EA93
:102B700001443C44059904EA060282FB0101CDE9C7
:102B800008010999000C40EA0140034404990798A0
:102B90000C1A019906983340091A5B181444CAD4D8
:102BA000002CC8DB0B9A9A42C5DD109AA242C2DD06
:102BB000119A14440E9A84FB0201020C42EA01426B
:102BC0000F999B1A5918129B314081FB0323100C5B
:102BD00040EA0340241A0E9A344084FB0223100C6E
:102BE00040EA03402246E317CDE90823139B091A64
:102BF0003140002B8ED1CB171B0443EA114100203A
:102C0000DDE90C230DF0B2FF0314169393D4099A57
:102C1000110441EA1441DDE9182300200DF0A6FF5C
:102C2000169902140098FEF729FB002883D01BE7B1
:102C3000149B07F580379F42FFF64FAF16E61E9AAA
:102C4000A2F58030001BC317190441EA1041DDE9E9
:102C5000182300040DF08AFF089902140098FEF76B
:102C60000DFB00283FF467AFFEE600BFFFF716BA82
:102C70002DE9F04F89B05C000594C4F10104039480
:102C80005C1E53D4012306928B468246079304931D
:102C9000002507E0049A013C02321344A542049245
:102CA000039343DC069E129B4FEA4509A6EB0508F9
:102CB00009F10109CDE90093424601230BEB040120
:102CC0005046FEF70DFD6700129B0137361BCDE91C
:102CD0000073324601230BEB05015046FEF700FD61
:102CE000129B019342460123ABEB04015046CDF801
:102CF0000090FEF7F5FC129B0193324601230097EA
:102D0000ABEB05015046FEF7EBFC039B059A002B4D
:102D1000A3EB0203BEDC039A079B1146013519445D
:102D2000A54203F1020303910793BBDD09B0BDE89F
:102D3000F08F00BF10B582B00C46009309B2134665
:102D40002214FFF795FF02B010BD00BF70B4BDF9AB
:102D50000C500361AC1A84EAE4765B1AA6EBE476C5
:102D6000B342C0E902124260036201604FEA4302CB
:102D70004462456111DD002CB8BF64424FEA44044F
:102D8000ACBF01214FF0FF31E31A81620021C0E99D
:102D900008240363416370BC70470123002C04FACC
:102DA00003F1C362B2BFA418141B02230463C0E979
:102DB0000821436370BC7047F0B505464068467A09
:102DC00085B0012E9DF8287000F110042ED0042E3D
:102DD0003BD1808980001F304011800001FB004101
:102DE000002A45D10F25002B1EDD00240AE0E8B2A1
:102DF0002D010A7882EA0706304001344240A3429E
:102E00000A7011DDB5F5706FF1D1481C1A1B012A4B
:102E10000146A2F1020202DCF0250F20E9E70234AC
:102E2000A34200F8017BF2DC05B0F0BD80890730D9
:102E3000C01001FB0041002AD4D001EBE20112F0E6
:102E4000010F14BFF0250F25CDE740F23530CDE955
:102E50000223019102F062FADDE902230199611A6D
:102E6000002ABFD06868407A0128E6D00428E6D15D
:102E700001EB6201E3E700BF2DE9F04FB9B08B42EF
:102E8000049198460746439C80F2DE80A1420846A2
:102E900040F3EB80444506DB2146449B4298449036
:102EA000444642938846449BDDF808C1BDF910B002
:102EB00015B21EB224B20FFA8CF90FFA88FA214625
:102EC000324600955B460EA8FFF740FF324621468A
:102ED0005346CDF800901CA8FFF738FF4A465146EC
:102EE00000955B462AA8FFF731FF634A379B7D6850
:102EF000299C07CA0BAE86E8070038A91B9A6E8981
:102F0000AD89319501EB830301EB820201EB84046F
:102F100053F8B43C059338464FF0FF3352F8B49C55
:102F200054F8B4AC309622961496CDE90953239503
:102F30001595FEF75DFA7B681E9C5A7A459B012A1F
:102F4000DBB216BF03F00F0343F3000303EB0313DD
:102F5000DBB20393731E9845A8BF98464445079378
:102F600009AE2EDC4FF0FF3B05EB0B0306930297F7
:102F7000204632460EA9CDE9095BC84720461CA968
:102F80003246D047002C2146029804F1010415DB9B
:102F9000099AAA4212DA0A9B002B0FDB002ABCBF57
:102FA00000220992AB42A8BF069B039FA8BF0A93C9
:102FB000C2F1010C00976344FFF7FEFE4445D7DDE4
:102FC000029F2C98059B32462AA99847049A079994
:102FD0002C9C8A42A8BF0A4601349442904630DCB9
:102FE0004FF0FF3A05EB0A0BCDF810B0DDF814B046
:102FF0000297204632460EA9CDE9095AC847204615
:103000002AA93246D847002C2146029804F101042F
:1030100015DB099AAA4212DA0A9B002B0FDB002A61
:10302000BCBF00220992AB42A8BF049B039FA8BF6C
:103030000A93C2F1010C00976344FFF7BDFE4445BB
:10304000D7DD39B0BDE8F08FA34207DD049BCDF892
:10305000108011469846429A42911BE7449B449245
:1030600021461A46049C04911DE7449B4492214644
:10307000049104461A460DE7E42004002DE9F04FC0
:10308000C7B01D461EB20B46079112B209B2AB4241
:103090000EAB8246519CDDF84C91BDF94081029205
:1030A0000391049380F2E2801846CDF80080334605
:1030B000FFF74CFE529BA5421FB20FFA84FB1CABDC
:1030C00080F2CA80069318460097424631465B4616
:1030D000FFF73CFE549B4C451EB20FFA89F82AAB11
:1030E00080F2B1800593184600963A465946434609
:1030F000FFF72CFE079B4B450DF1E00B80F29A8009
:1031000000964346DDE902215846FFF71FFE5C4A60
:10311000DAF80430379F07CA0BAE86E807001B9821
:1031200045995A899E893F960DF58C7C0CEB800E53
:1031300029983E924C4523460CEB800CB8BF4B4679
:1031400046A8AB4200EB870700EB8101079830925D
:10315000B8BF2B464C45A8BF4C46834202F1FF380E
:10316000B8BF0346A542A8BF25469845A8BF9846C4
:10317000079B5EF8EC4C02949D42A8BF1D465CF88C
:10318000EC4C03944FF0FF33504657F8EC9C2292DE
:1031900014920A9351F8EC7C319623961596099671
:1031A000FEF726F9DAF804305A7A559B012ADBB289
:1031B00016BF03F00F0343F3000303EB0313DBB26B
:1031C00045451C4633DC731E07934FF0FF332846FA
:1031D0000A9309AA0499029B099698472846039BDB
:1031E000069909AA9847284609AA0599C847284672
:1031F000594609AAB847002D2946504605F1010550
:1032000013DB099AB24210DA0A9B002B0DDB002A6D
:10321000BCBF00220992B342A4BF079B0A93C2F12C
:10322000010C00946344FFF7C7FD4545CDDD47B071
:10323000BDE8F08F029B00933246039B41465846FF
:10324000FFF784FD63E71846059300975B46324617
:103250004146FFF77BFD4DE718460693CDF8008009
:1032600033463A465946FFF771FD33E7029A00921A
:1032700018464246039B3146FFF768FD1AE700BF38
:10328000E42004002DE9F04F0546088985B00C467E
:1032900008B14B681868FAF773F92389012B88BFC6
:1032A000636806468CBF58680020FAF769F92389DD
:1032B000022B88BF636807468CBF98680020FAF726
:1032C0005FF92389032B88BF636880468CBFD86869
:1032D0000020FAF755F92389042B88BF63688146DB
:1032E0008CBF18690020FAF74BF92389052B88BF9A
:1032F000636882468CBF58690020FAF741F9238938
:10330000062B88BF636883468CBF98690020FAF754
:1033100037F9CDE9009ACDE902B043463A46314645
:103320002846FFF7A9FD05B0BDE8F08F2DE9F04F65
:103330000446088989B0884608B14B681868FAF7CE
:103340001FF9B8F80830012B88BFD8F804300546BB
:103350008CBF58680020FAF713F9B8F80830022B30
:1033600088BFD8F8043006468CBF98680020FAF76A
:1033700007F9B8F80830032B88BFD8F8043007469F
:103380008CBFD8680020FAF7FBF8B8F80830069030
:10339000042B8ABFD8F8043000201869FAF7F0F837
:1033A000B8F80830052B88BFD8F8043081468CBFA8
:1033B00058690020FAF7E4F8B8F80830062B88BFFF
:1033C000D8F8043082468CBF98690020FAF7D8F804
:1033D000B8F80830072B88BFD8F8043083468CBF74
:1033E000D8690020FAF7CCF8B8F80820082A88BF76
:1033F000D8F80420034688BF106A079398BF0020BE
:10340000FAF7BEF8079BCDF80490CDE90430069B8F
:103410000093CDE902AB3B46324629462046FFF7F2
:103420002DFE09B0BDE8F08F10B50422FEF72AF892
:103430000446D8B143685A68083A032A03F11003D6
:103440000BD913F0030009D122F00301194443F80A
:10345000040B8B42FBD102F003022AB11A44002173
:10346000197001339342FBD1204610BD40F29130D8
:1034700001F054FF204610BD032A70B40FD940EA72
:1034800001039B0710D003461A440C78E4B21C7069
:103490000133934201F10101F7D170BC704703463B
:1034A000002AF1D170BC704722F00303CE18041F2C
:1034B00051F8045B44F8045FB142F9D102F0030211
:1034C0000344002AE0D1EDE770B54A6843685589A6
:1034D0005E89AE4200D070BD96899D89AE42FAD118
:1034E000527A5B7A9A42F6D10D460446FDF780FF88
:1034F000696860684A681030083A1031BDE8704069
:10350000FFF7BABF2DE9F04FD1F804C0BCF80A505C
:1035100005EB0209B9F1000F8BB058DD4468B4F82F
:103520000AB05A45074652DABCF80C001E18002EA5
:1035300003964CDDB4F80C80434548DA002BC0F20A
:10354000C880A8EB030E86457646A8BF06460696B9
:10355000667A0296149E9CF809A016F1020F02D119
:10356000002A00F09980BAF1010F00F03281BAF11F
:10357000040F40F01C8680001F3040118000049032
:103580000298012800F01981042840F02186B4F83F
:103590000CC048684FEA8C0C0CF11F0C4FEA6C1CF5
:1035A0004FEA8C06103001961034059043B17868CC
:1035B000407A012800F08A80042801D104EB6304DA
:1035C0000298042800F08A800299012903D0002083
:1035D0000BB0BDE8F08FBAF1010FF8D17968487AE5
:1035E000B1F80CA001F11008A8EB040101280AF1C0
:1035F000FF3A069100F0CC85042840F01786BAF116
:10360000000F40F0268606990791002DDFD0039920
:103610000198059ECDF8089003F0070A51440891DF
:1036200000FB0244A1F10808059307E0049B1E4437
:10363000019B1C44029B01329A42C8D05A45F5D2E4
:10364000069B059F03EB040E079B4745B4462546A2
:1036500003EB040980F2A7850021039207E00143F0
:103660002970474505F10105194680F2C0801CF814
:10367000013BAE4507F1080703FA0AF3F1D843EA24
:103680002121A945C9B2ECD3149A28780132E6D198
:103690000142E6D001209BE7002B7FF464AF029E3D
:1036A000B2457FF460AF5D457FF45DAF40457FF488
:1036B0005AAF38460193FFF707FF019B184687E78B
:1036C000002B00F0EC854FF0FF30019004EBE30499
:1036D00076E74645A8BF4646069639E7BAF1040F95
:1036E00000F0A880BAF1010F7FF471AF002B51DB1D
:1036F000002D3FF46CAF059D594203F00100002BF3
:1037000001F007014FF0010305F1010A019D03FAE1
:1037100001F3149905FB0244069DB4BF0020012368
:103720000901054406934BB20390AE46029307E0AD
:10373000049B01329A44019B4A451C443FF447AF25
:103740005A45F5D2039B1AF801CC73452546D0465D
:10375000EEDA0699059210E095F90000029A00F061
:103760000F071743149A20F00F001043002E3CD08F
:103770002F700135013373455AD0B1F5807F2DD0BC
:10378000084649001CEA000F03F00106E4D1002EB0
:10379000F0D0EEE74868467A1030012E0590C3F16C
:1037A000000400F05D85042E40F06085059901EB72
:1037B000640105917C6810349AE7B4F80CC048683D
:1037C0000CF1070C4FEAEC0610300196103405900E
:1037D000ECE60730C01004900298D2E698F800C0DA
:1037E000022108F101080120CCE72870C2E7039A02
:1037F0000899CF1B002F7FF719AFAE453FF616AFE4
:10380000A945FFF413AF9CF80010287801FA0AF1DB
:1038100041EA2323C7F10807FF2141FA07F714996A
:103820003B400131DBB200F0FC8403432B70FDE62A
:10383000059A7DE704998910002D3FF4C8AE0398DE
:10384000DDF814A0CDF80C904045A8BF40460646D0
:103850000198059300FB0244A6F108000690880039
:10386000029003F00100A8F1080704908C465A4525
:1038700080F0EA801498002851462346C0F2FB806D
:10388000DDE90430251DE646002B40F0AE81904670
:1038900067E0B84203F00F0200F3E0803AB115F898
:1038A000049C29F00F0949EA020205F8042C13F0E0
:1038B000F00F09D015F8049C23F00F0209F00F094E
:1038C00049EA020205F8042CC3F30329B9F1000FF9
:1038D00007D015F8032C22F00F0242EA090205F87E
:1038E000032C4FEA133919F00F0F07D015F8032CEA
:1038F00002F00F0242EA091205F8032CC3F3034950
:10390000B9F1000F07D015F8022C22F00F0242EA9D
:10391000090205F8022C4FEA135919F00F0F07D0CE
:1039200015F8022C02F00F0242EA091205F8022CE7
:10393000C3F30369B9F1000F07D015F8012C22F089
:103940000F0242EA090205F8012C1B0F07D015F8F7
:10395000012C02F00F0242EA031305F8013C083083
:1039600004351EF1FF3EC0F02682002851F8043BCA
:103970008FDA13F0F00F0DD0421C0BD4964209DD04
:1039800015F8049C23F00F0209F00F0949EA02021E
:1039900005F8042CC3F3032262B110F1020909D423
:1039A0004E4507DD15F8039C29F00F0949EA02028C
:1039B00005F8032C1A0B12F00F0F0CD010F10309AD
:1039C00009D44E4507DD15F8039C09F00F0949EAB3
:1039D000021205F8032CC3F3034262B110F104098B
:1039E00009D44E4507DD15F8029C29F00F0949EA74
:1039F000020205F8022C1A0D12F00F0F0CD010F174
:103A0000050909D44E4507DD15F8029C09F00F0998
:103A100049EA021205F8022CC3F3036262B110F105
:103A2000060909D44E4507DD15F8019C29F00F0958
:103A300049EA020205F8012C1B0F90D0C21D8ED45A
:103A400096428CDD83E74A46029B9A44019B1C44C4
:103A5000039B01329A427FF40AAFB8E5002A88D06E
:103A6000B04286DA15F8049C29F00F0949EA0202EF
:103A700005F8042C7DE714980230049800F09D812D
:103A8000059B251D002840F031828646914649E07D
:103A90009F4200F00F02C0F29E8022B115F8042C64
:103AA00012077FF4F7AD10F0F00F05D015F8042CD5
:103AB00012F0F00F7FF4EEAD10F4706F04D015F833
:103AC000032C12077FF4E6AD10F4704F05D015F803
:103AD000032C12F0F00F7FF4DDAD10F4702F04D042
:103AE00015F8022C12077FF4D5AD10F4700F05D035
:103AF00015F8022C12F0F00F7FF4CCAD10F0706FBF
:103B000004D015F8012C12077FF4C4AD020F05D0C4
:103B100015F8012C12F0F00F7FF4BCAD0EF1010E80
:103B200008330435E6458ED0002B51F8040BAFDA8C
:103B300010F0F00F09D05A1C07D4964205DD15F895
:103B4000042C12F0F00F7FF4A5AD10F4706F08D0C4
:103B50009A1C06D4964204DD15F8032C12077FF454
:103B600099AD10F4704F09D0DA1C07D4964205DDE8
:103B700015F8032C12F0F00F7FF48CAD10F4702FB9
:103B800009D013F1040806D4464504DD15F8022CCB
:103B900012077FF47FAD10F4700F09D05A1D07D4BF
:103BA000964205DD15F8022C12F0F00F7FF472AD8D
:103BB00010F0706F08D09A1D06D4964204DD15F8F7
:103BC000012C12077FF466AD020FA7D0DA1DA5D431
:103BD0009642A3DD9CE7002AAAD09E42A8DD15F8F4
:103BE000042C12077FF456ADA2E7914664E08742A9
:103BF00003F00F02C0F2D2803AB115F8042C02F0A3
:103C00000F0242EA031205F8042CC3F30318B8F1BB
:103C1000000F07D015F8032C22F00F0242EA080229
:103C200005F8032C4FEA132818F00F0F07D015F8EA
:103C3000032C02F00F0242EA081205F8032CC3F32A
:103C40000338B8F1000F07D015F8022C22F00F024C
:103C500042EA080205F8022C4FEA134818F00F0F49
:103C600007D015F8022C02F00F0242EA081205F8FC
:103C7000022CC3F30358B8F1000F07D015F8012C3C
:103C800022F00F0242EA080205F8012C4FEA1368FD
:103C900018F00F0F07D015F8012C02F00F0242EABE
:103CA000081205F8012C1B0F04D02A7822F00F020D
:103CB00013432B70083004351EF1FF3EFFF4C3AEF2
:103CC000002851F8043B92DAC3F3031262B110F1F9
:103CD000010809D4464507DD15F8038C28F00F08C4
:103CE00048EA020205F8032C1A0A12F00F0F0CD052
:103CF00010F1020809D4B04507DA15F8038C08F072
:103D00000F0848EA021205F8032CC3F3033262B12C
:103D100010F1030809D4B04507DA15F8028C28F031
:103D20000F0848EA020205F8022C1A0C12F00F0FD5
:103D30000CD010F1040809D4B04507DA15F8028C4C
:103D400008F00F0848EA021205F8022CC3F30352E8
:103D500062B110F1050809D4464507DD15F8018C5C
:103D600028F00F0848EA020205F8012C4FEA136810
:103D700018F00F0F0BD0821D09D4964207DD15F8FD
:103D8000012C02F00F0242EA081805F8018C1B0F03
:103D900090D0C21D8ED496428CDD86E7002A93D047
:103DA000864291DD15F8042C02F00F0242EA03125C
:103DB00005F8042C88E7424646E6002840F0488192
:103DC00005980792E64610E0069A82427FDB4FEAAA
:103DD00015294FEA154803F8045C2D0E03F8039CDF
:103DE00003F8028C03F8015C08301EF1FF3E7BD320
:103DF000002803F1040351F8045BE5DA10F101082F
:103E00000BD4464509DD13F8048C25F00F0908F0A2
:103E10000F0848EA090803F8048C10F102080BD4D3
:103E2000464509DD13F8038CC5F3032928F00F0874
:103E300048EA090803F8038C10F103080BD446453F
:103E400009DD13F8038C4FEA153908F00F0848EA2A
:103E5000091803F8038C10F104080BD4464509DD5A
:103E600013F8028CC5F3034928F00F0848EA090843
:103E700003F8028C10F105080BD4464509DD13F850
:103E8000028C4FEA155908F00F0848EA091803F8A0
:103E9000028C10F106080BD4464509DD13F8018C9D
:103EA000C5F3036928F00F0848EA090803F8018CF4
:103EB00010F1070898D4464596DD13F8018C2D0FB4
:103EC00008F00F0848EA051503F8015C8CE7864204
:103ED00094DD13F8048C05F00F0928F00F0848EA68
:103EE000090803F8048C89E7079AADE54FF0000E46
:103EF000914648E09F4200F00F02C0F29E802AB136
:103F000015F8042C12F0F00F7FF4C4AB10F0F00F92
:103F100004D015F8032C12077FF4BCAB10F4706FBB
:103F200005D015F8032C12F0F00F7FF4B3AB10F4AA
:103F3000704F04D015F8022C12077FF4ABAB10F4CD
:103F4000702F05D015F8022C12F0F00F7FF4A2AB01
:103F500010F4700F04D015F8012C12077FF49AABFF
:103F600010F0706F05D015F8012C12F0F00F7FF4EF
:103F700091AB020F03D02A7810077FF48BAB0EF1C0
:103F8000010E08330435E6453FF45DAD002B51F8D2
:103F9000040BAFDA10F0F00F08D05A1C06D496428A
:103FA00004DD15F8032C12077FF474AB10F4706F66
:103FB00009D09A1C07D4964205DD15F8032C12F09F
:103FC000F00F7FF467AB10F4704F08D0DA1C06D402
:103FD000964204DD15F8022C12077FF45BAB10F457
:103FE000702F0AD013F1040807D4464505DD15F8F3
:103FF000022C12F0F00F7FF44DAB10F4700F08D0CC
:104000005A1D06D4964204DD15F8012C12077FF4E0
:1040100041AB10F0706F09D09A1D07D4964205DDB0
:1040200015F8012C12F0F00F7FF434AB020FA6D07C
:10403000DA1DA4D49642A2DD9DE7002AAAD09E42B2
:10404000A8DD15F8042C12F0F00FA3D0FFF722BB67
:1040500005980792E6461FE0069A8242C0F28D80DC
:1040600013F8049C93F8008009F00F0928F00F085A
:1040700049EA051948EA157803F8049C83F800809A
:104080004FEA15194FEA15382D0D03F8039C03F874
:10409000028C03F8015C08301EF1FF3EFFF424AFF0
:1040A000002803F1040351F8045BD5DA10F101088C
:1040B0000BD4464509DD13F8038CC5F3031928F02A
:1040C0000F0848EA090803F8038C10F102080BD422
:1040D000464509DD13F8038C4FEA152908F00F084F
:1040E00048EA091803F8038C10F103080BD446457D
:1040F00009DD13F8028CC5F3033928F00F0848EAEC
:10410000090803F8028C10F104080BD4464509DDB8
:1041100013F8028C4FEA154908F00F0848EA09180D
:1041200003F8028C10F105080BD4464509DD13F89D
:10413000018CC5F3035928F00F0848EA090803F871
:10414000018C10F106080BD4464509DD13F8018CEB
:104150004FEA156908F00F0848EA091803F8018CBE
:1041600010F1070897D4464595DD93F8008028F0B4
:104170000F0848EA15751D708DE7864296DD13F825
:10418000048C08F00F0848EA051803F8048C8DE742
:10419000BAF1000F3FF437AA08EBEA08A8EB0401D4
:1041A0000791FFF732BA059F0023FFF721BB40F2CA
:1041B000353007930592019101F0B0F87C68059ABB
:1041C000607A01994FF0FF330493079BFFF7D9B949
:1041D00040F23530CDE90723019101F09FF87C686A
:1041E000019994F809C04868BCF1010F00F110036F
:1041F000059304F11004DDE907233FF461AABCF143
:10420000040F46D040F23530CDE90823079101F084
:1042100085F84FF0FF3301930799DDE90823FFF795
:10422000C5B903423FF402AAFFF734BA40F2353071
:104230000793029201F072F8029A079BBAF1000FFD
:104240003FF4E1A97968497A0129A5D004297FF4CE
:10425000DAA908EB6A08A8EB04010791FFF7D5B9C2
:10426000059901EBE4010591FFF7A4BA40F235305E
:10427000CDE90212079301F051F80299039A4968B7
:10428000079B497A0129EBD004297FF493AAFFF711
:104290008DBA23B14FF0FF300190FFF78FB94FF087
:1042A000FF300190FFF78CB92DE9F04182B00E4646
:1042B0001746984605460024FDF79AF843463A46C5
:1042C000314628460094FFF71DF902B0BDE8F081A1
:1042D00010B582B04FF0FF340094FFF713F902B02D
:1042E00010BD00BF2DE9F041044682B00D461646D0
:1042F0001F46FDF77DF863686A685B7A042B02D17C
:10430000537A042B16D04FF000085389CDF804805F
:104310009289009231463A462046FDF7E1F9CDF800
:1043200000803B46324629462046FFF7EBF802B0B4
:10433000BDE8F0816FF0010C3B463246294620462D
:10434000CDF800C0FFF7DEF8F1E700BF2DE9F04738
:10435000814688461546FDF74BF8D9F80400437AA4
:10436000012B58D0042B40F0AD808489A4001F3469
:104370006411A400002D53D1B8F1000F47891DDB53
:104380001AD0B84500F1100579DB04FB07F4032CC3
:104390000BD915F0030209D124F003032B4445F88F
:1043A000042B9D42FBD104F003042CB12C440023C8
:1043B0002B700135A542FBD1BDE8F087C8F1000A9A
:1043C000BA4500F11006437A3BDB012B53D0042B96
:1043D00040F08180828992001F325211920004FBCA
:1043E00007F4032C05FB02630BD913F003010AD178
:1043F00024F003021A4443F8041B9342FBD104F057
:104400000304002CD8D01C4400221A700133A342AC
:10441000FBD1BDE8F08784890734E410002DABD0D0
:1044200041680830FDF70CF8002104464846FDF7C6
:1044300089FA2B46424621464846BDE8F047FFF739
:1044400051BF012B38D0042B56D1818989001F31EF
:10445000491189000AFB01F108EB07053144304698
:1044600004FB05F20CF0FEFDD9F804005746437A30
:1044700000F11006A9E782890732D210AFE7437A2C
:10448000012B14D0042B2DD1808980001F304011C6
:1044900080002946A7EB080200FB085004FB02F24B
:1044A0000CF0E0FDD9F80450474610356DE78089DF
:1044B0000730C0102946EDE781890731C9100AFB92
:1044C00001F1C9E740F2353000F028FF4FF0FF342A
:1044D000D9F804004EE740F2353000F01FFF4FF0EE
:1044E000FF327CE740F2353000F018FFD9F80410B5
:1044F0004FF0FF301031CDE740F2353000F00EFFC5
:104500004146A9E72DE9F843054600AFFCF770FFE7
:104510006C68637A012B2FD0042B37D1A589B4F8AE
:104520000A80AD001F356D11AD002E4608F1FF3831
:1045300010342B46073308FB064623F00703ADEB88
:10454000030DA642E84614D9C5F1000921462A46C2
:104550004046FEF791FF31462A462046FEF78CFF83
:104560002C4430462A4641464E44FEF785FFB4426D
:10457000ECD3BD46BDE8F883A589B4F80A800735B9
:10458000ED102E4608F1FF381034D2E740F23530F6
:1045900000F0C4FE6B685A7A5E89012A06F1FF3882
:1045A00003F110040AD0042A0ED040F2353000F096
:1045B000B5FE4FF0FF331D461E46BBE79B89073310
:1045C000DE104FF0FF35B4E79B899B001F335B1172
:1045D0009E004FF0FF35ACE72DE9F04743685A895C
:1045E0007E2A33DC0446998950005A7AFCF74AFF48
:1045F000636845685A7A5E89012A074605F1100505
:1046000003F110081ED0042A24D19C89A4001F3471
:104610006411A4009EB14FEA440A4FF000094146DC
:1046200022462846FEF728FF09F1010941462819CC
:104630002246FEF721FF4E45A0445544EFD13846AF
:10464000BDE8F0879C890734E410E3E7002738468B
:10465000BDE8F08740F2353000F060FE4FF0FF34E7
:10466000D8E700BF38B5FFF7B7FF0446FAF7D4FA2A
:104670002046FDF7FBFA05462046FAF7DBFA284606
:1046800038BD00BF38B50546FCF728FFA8B10C209F
:10469000FAF738F9044628B10B4A45600023026056
:1046A00083605DB12046FAF7B7FA2046FFF7DAFFDC
:1046B00005462046FAF7BEFA686838BD40F2353044
:1046C00000F02CFEEEE700BF2C210400F8B50446F4
:1046D000FCF704FF70BB07462046FCF725FF0028C7
:1046E00039D0616838460431F8F710FA872303722D
:1046F000237A03F00F034372637A4381A37A8381A1
:10470000C781626804F10C01043A05461030FEF7D7
:10471000B3FE2846FAF780FA0C20FAF7F3F80646BB
:1047200018B1C0E901570D4B03602846FAF782FA29
:104730003046F8BD0C20FAF7E5F8064658B1074AAE
:104740004460002302608360002CF1D140F23530D8
:1047500000F0E4FDECE700263046F8BD2C21040013
:10476000F0B50C4683B0064615461F46FCF740FEE2
:104770002046FFF7ABFF18B143685B7A012B01D0ED
:1047800003B0F0BD0146009730462B142AB2FEF765
:10479000B9FE03B0F0BD00BFFFF798BF032A19D9D7
:1047A000830721D130B422F0030301EB012505EB8F
:1047B00005450344044644F8045B9C42FBD102F0E7
:1047C00003022AB1C9B21A44197001339A42FBD1CB
:1047D00030BC7047034632B1C9B21A441970013374
:1047E0009A42FBD1704770470346F5E782B070B537
:1047F0000C4684B005464968206802AC03C403999E
:1048000008AC481084E80C00CB0745BF2A58029B2F
:10481000029CD4580AAB2E1893E803008DE80300DD
:1048200008AB0CCB3046A04704B0BDE8704002B0E6
:10483000704700BF82B000B585B00DF1180C0021A3
:104840008CE80C0080F81912012341F29202072132
:10485000684605F053FF05B05DF804EB02B0704701
:10486000F8B51C460B0A0F46054616461AD1330CFE
:104870001ED1AA7805F10C01881805F1FC031B1A5A
:1048800004F1040C9C4518D8E4B28C54330A4770E8
:104890008670C370AB78073424F003041C44AC70FA
:1048A0000430F8BD40F28F3000F038FD330CE0D01A
:1048B00040F28F3000F032FDDBE70020F8BD00BF92
:1048C00090F8193203B9704741F29201072002F0C3
:1048D0002FB900BF10B52030FFF7C2FF044608B162
:1048E000204610BD40F28F3000F018FD204610BD6C
:1048F00030B50446C06885B018B1036800211B6854
:104900009847A068064903680294FC22CDE900217B
:1049100004F120011D6904F58E73A84705B030BD70
:10492000A54D03002DE9F047CB6833F0FF0384B0B9
:1049300021D10C7BA410012C01F1100118DD5B4D7D
:104940005B4E5C4F012309E0B24267D0BA4208BF18
:1049500080F81E320133DBB2A34209DA51F823207A
:10496000AA42F1D180F81B320133DBB2A342F5DB5E
:1049700004B0BDE8F087B3F5000FF9D04B7B90F899
:104980001E229A425FD090F81B229A424ED090F895
:104990001C229A42ECD890F81D229A42E8D3CA8988
:1049A00041F201139A42E3D191F80C8001F1100415
:1049B000A044A045064689464FF000054FF0010A85
:1049C0000FD9637827781F2B49D9082F55D0A7F125
:1049D0000903012B64D97B1E062B4FD90234A04555
:1049E000EFD8D6F82432AB42C2D00024012705E02C
:1049F000B3B30134202C56D0D6F8243207FA04F28F
:104A00002A4203EA0203F3D1002BF2D0012340F63D
:104A10000201A2B2684605F071FEEAE790F81C2296
:104A20000AB980F81C3280F81D3293E7CB8941F235
:104A30008112934230D041F28212934298D10B8A74
:104A4000A0F8223294E7CB89B3F5845F10D041F20D
:104A5000811293428CD10B69C0F8343288E7FEE7AB
:104A60000123A2B240F60301684605F047FEC0E705
:104A70000B699B0AA0F838327AE7072799F80D30BE
:104A800096F81C229B1AC3EBC3033B44002BC4BF04
:104A90000AFA03F31D43A1E70B8AA0F8203267E767
:104AA00008F05CF897E7C6F8245261E7E536FA1695
:104AB0006EA0EA1D0636C61FF0B50446C06885B074
:104AC00018B1036801211B68984708F02FF8206986
:104AD00003685B689847002800F0BA80002584F8D6
:104AE0001A5247F6CD2608F013F8C4F82250C4F83D
:104AF0002650C4F82A50E5852684FAF715FEB4F846
:104B00001C3160624BF2CD329342A16249D0B34274
:104B100043D194F81E31002B43D004F58E76FF2745
:104B200031462046FFF7FEFE94F8280194F81E3126
:104B3000C11D21F003018B4233DD021DA51895F83C
:104B40002851FF2D00F0B08094F81F01621820F06A
:104B5000020084F81F0192F828E10EF1040288187F
:104B60008342C0F2DB8001F10C0CB444634604F5CF
:104B7000927053F8045B40F8045FA3EB0C05AA4263
:104B8000F7DC0EF10703224423F00303A644194483
:104B900082F828718EF82D11C2E719467D4801F080
:104BA0002BFC94F81B12002959D0E36904F120066C
:104BB000002B5ED040234FF402523046FFF750FEE8
:104BC0000546002800F0C980E369284603F1400249
:104BD0001F685D689968D3F80CC0C0F80CC010332A
:104BE000934207604560816000F11000F0D100231E
:104BF000E3618122082394F81B123046FFF730FE50
:104C0000054618B940F28F3000F088FB234603CBED
:104C100028606960304694F81B12012342F20102B9
:104C2000FFF71EFE0546002800F09C8094F83A32FB
:104C3000594AC3EB0323A2FB03235B092B7094F8AF
:104C40001E32002B6ED12046FFF752FE05B0F0BD9C
:104C5000012384F81A3207F05BFF05B0F0BD0B4664
:104C60000A462046FFF736FE2046FFF741FE05B014
:104C7000F0BD63692BB394F818529D4228BF1D46BE
:104C800030462B468322FFF7EBFD064600286ED008
:104C90002A463046A169FEF7EFFBD4E905322A44E3
:104CA0005B1BC4E90532CEE7204490F82D118B42FE
:104CB0007FF777AF8A42FFF647AF384801F09CFB99
:104CC0006FE794F81E1209B3D4F83432D4F83002E6
:104CD00083421BD294F81852C01A8542A8BF0546D9
:104CE0002B4630468022FFF7BBFD064600284BD0FE
:104CF000B4F8382269103046FCF7AAF90746D8B351
:104D0000D4F834022844C4F834029CE7012341F269
:104D100093020721684605F0F1FC9EE7204801F068
:104D20006BFB3EE7FAF706FDD4F82C22D4F82832C4
:104D300032B1C3EB03139B1A03441B09C4F8283296
:104D4000B4F83822C4F82C02C3F3552302FB03F352
:104D50009B0A9B00C4F8303275E740F28F3000F0B8
:104D6000DDFA31E740F28F3000F0D8FA5EE740F22A
:104D70008F3000F0D3FA8BE72A4630463946FFF7EA
:104D80000DFDC4F830725EE740F28F3000F0C6FAD5
:104D9000AEE700BF5C2104001F85EB5174210400C5
:104DA00090210400FFF788BE82B08DE80C0090F8D7
:104DB0001A320BB902B0704702B0FFF77DBE00BFD8
:104DC000F8B51D46DB0704460F46164600D495BBD2
:104DD00040F28F3000F0A2FAA388B34202D1E388F8
:104DE000AB4203D040F28F3000F098FA94F81932B9
:104DF00023BB63881BB1B4F822229A4219D96D08EB
:104E0000069AE26106FB05F6EC23B3FBF5F313FB10
:104E100005F50123C4E9056784F8185284F81932AE
:104E2000FC22002104F12000FFF7B8FC2046FFF728
:104E300043FE0020F8BD002ACED1C9E740F28F30F2
:104E400000F06CFAD5E700BF2DE9F04F83B0DDE943
:104E50000C9ABDF83880002B3BD0B9F1000F35D04B
:104E60000F2902D1B8F1C00F33D1074628201D46C3
:104E70000E4693460CF0C3F80446103005F05EFC75
:104E800018202680A4F802B00CF0B9F8CDE9009AF9
:104E900006466B46024603CB46F80C5B00233D6892
:104EA000D36048F002087360E360506091600E497F
:104EB0005161C4E90833A4F80480A2606B683846E5
:104EC0002146984740B903B0BDE8F08F1AF0010FB2
:104ED000C6D16FF47A70F6E7204602F085F82046D6
:104EE0000CF084F80148EEE7ED47030016FCFFFFE5
:104EF000F0B504462948A16089B00025CDE9040534
:104F000004A803C81E466423E26084F83A324AF6D5
:104F1000444246F2BC63A4F83822C4F8283284F82C
:104F2000195284F81A5284F81B5284F81C5284F8DF
:104F30001D5284F81E52C4F82452C4F83452C4F8E6
:104F40002C5226618DE80300154F10222346386845
:104F50000292072141F29302FFF776FF3368304651
:104F60009B68012198470F4B3F68CDE9063508AB98
:104F700013E903003589C0228DE803002346294642
:104F8000029238460222FFF75FFF336830461B6DFE
:104F900002219847204609B0F0BD00BF3548030004
:104FA0004C8B0020A94D03002DE9F04100248046E0
:104FB0000E461546CCB121466408D8F804003940A5
:104FC0000368C9B2003118BF01211B689847D8F89F
:104FD0000000036801211B689847D8F800000368A7
:104FE00000211B689847002CE5D12DB13778013D91
:104FF000402401368021E0E7BDE8F08170B5044629
:10500000806803680E461B68002115469847E068D3
:1050100018B1036800211B689847012231462046D9
:10502000FFF7C2FFA068036801211B6898476A1E4A
:10503000002A03DD711C2046FFF7B6FFE06828B1A7
:10504000036801211B68BDE87040184770BD00BFB0
:10505000F0B5054687B000262C230F46144601A95B
:105060000122CDE90166CDE903668DF8043005968D
:10507000FFF7C4FFA868036801211B689847E86828
:1050800018B1036831461B689847621C3B125210E6
:1050900043EA071339118DF80670541E8DF8053058
:1050A0008DF804103AB1013C032201A92846FFF70C
:1050B0007BFF631CF7D1E86818B1036801211B6806
:1050C000984707B0F0BD00BFF0B50B4689B0074662
:1050D00010E05E788DF8002026F080042246FEF76E
:1050E000CBF9621C69463846FFF788FF320605EBAC
:1050F000040308D41A789D1C29460DF10100002AEA
:10510000E7D109B0F0BD2A5D4FF47A705C1C00FB5A
:1051100002F001F0C1FF2346ECE700BFF0B585B017
:10512000013B0A9C8DF802100B44013C14441D12F3
:105130008DF80430271200238DF803508DF80A20D3
:105140008DF80C4002A904462B262A250522ADF82D
:105150000030ADF808308DF80B708DF800608DF8D8
:105160000850FFF74BFF204669460522FFF746FF30
:1051700005B0F0BD30B583B0150A8DF80110110CE3
:10518000B1238DF807208DF80510022269463624D8
:105190008DF800408DF8043004468DF80650FFF776
:1051A0002DFF9DF80730FF2B20460CBF0322042261
:1051B00001A9FFF723FF03B030BD00BF70B54FF06A
:1051C000FF3104462220F8F717F8C0B2FAF7C2FE02
:1051D0004FF0FF3160602020F8F70EF8C0B2FAF708
:1051E000B9FE4FF0FF3120602320F8F705F8C0B278
:1051F000FAF7B0FE4FF0FF31E0602420F7F7FCFF34
:10520000C0B2FAF7A7FE4FF0FF31A0602C20F7F7ED
:10521000F3FFC0B2FAF79EFE4FF0FF3106462B2097
:10522000F7F7EAFFC0B2FAF795FE0546E06818B155
:10523000036801211B689847A068036801211B6867
:10524000984726B1336830461B68012198478DB1D5
:105250002B6800211B682846984744F6206001F01F
:105260001BFF2B6828461B680121984744F62060E5
:1052700001F012FF40212720F7F7BEFF40F2036143
:1052800005462820F7F7B8FF0A4906462046FFF7EB
:105290001BFF3246E9B22046FFF76CFFA021252014
:1052A000F7F7AAFF802120822620F7F7A5FF60826A
:1052B00070BD00BFE82104002DE9F04F154F01EB50
:1052C00081010F4483B0804692461E4607F1050BCC
:1052D0004FF0030917F8015B002445FA04F3DB07DC
:1052E00009D40134052CF8D15F4506F10406F1D14B
:1052F00003B0BDE8F08F32460AEB84014046CDF89A
:1053000000900323FFF70AFF09220C994046FFF79C
:105310009FFEE6E7B0210400704700BF2DE9F04191
:10532000054688B072B607F001FC2946604801F0D6
:1053300063F872B65F4E347804B1FEE7F9F7DAFA33
:1053400001234FF0FF3122203370F7F755FFC0B231
:10535000FAF700FE002854D003A8FFF72FFFBDF88E
:105360001E20BDF81C3000922146224603A8FFF7FC
:10537000D5FEBDF81C30BDF81E204F4F214602FB64
:1053800003F203A8FFF764FE4FF4706346220A217C
:1053900003A800931423FFF78FFF484BEC1783FB00
:1053A0000523C4EB631387FB0312D917C1EBA201DA
:1053B0004FF47F6601EB8101A3EB4101322203A888
:1053C0003C230096FFF778FF87FB0523C4EBA3047B
:1053D00087FB0437E117C1EBA70101EB8101A4EBC7
:1053E000410103A83C234A22009604EB8404FFF702
:1053F00063FFA5EB4401009603A83C236222FFF75C
:105400005BFF2846FFF788FF4FF0FF310D20F7F7CD
:10541000F3FEC0B2FAF79EFD0446294DDFF8AC80DA
:10542000284F04B9FEE70326236801211B682046A4
:105430009847284601F030FE236800211B6820466B
:105440009847284601F028FE013EEDD1404601F084
:1054500023FE0326236801211B682046984738460F
:1054600001F01AFE236800211B6820469847284651
:1054700001F012FE013EEDD1404601F00DFE032683
:10548000236801211B6820469847284601F004FE46
:10549000236800211B6820469847284601F0FCFD40
:1054A000013EEDD1084801F0F7FD002CBAD0BAE773
:1054B000FC210400A38C0020676666661F85EB5103
:1054C000A0860100E0930400C0270900400D0300FE
:1054D0002DE9F04F002187B004462920F7F78CFE14
:1054E000402180462720F7F787FE40F203610546FA
:1054F0002820F7F781FE41F6376181464E20F7F705
:105500007BFE002607464FF0FF3184F86060A660FE
:105510002120F7F771FEC0B2FAF71CFD41F29203A9
:105520009F424FEA186A00F0548105F08073B34639
:105530000393BAF1000F00F0028140F28F30FFF7C1
:10554000EDFE41F637639F424FF0000600F02381E5
:1055500042F27D439F4200F09D8141F292039F42BF
:1055600000F0B78040F28F30FFF7D8FE039B002B8E
:1055700014BF6FF07F400020290A2A0CEDB260664C
:1055800084F85E1084F85F203B462A464946B948B5
:1055900000F032FF26B318F0FF0818BFB649336891
:1055A00008BFB6491B6818BF01FB08F13046984791
:1055B000336808225B680021304698474FF0FF317E
:1055C0002320F7F719FEC0B2FAF7C4FC18B103683C
:1055D00001211B689847336830469B680021984733
:1055E0004FF0FF312B20F7F707FEC0B2FAF7B2FCFD
:1055F000064670B1036800211B689847142001F02B
:1056000071FA336830461B6801219847142001F075
:1056100069FA6368ABB14FF0FF312C20F7F7ECFD6E
:10562000C0B2FAF797FC18B1036801211B689847CC
:10563000606803681B6898474A462946606804F01A
:105640001FFFA0212520F7F7D7FD8021A4F85800DF
:105650002620F7F7D1FD666883B2A4F85A30A4F883
:105660005C30002E56D080B2B4F8583094F85F20E9
:1056700094F85E100090304604F0D4FE94F85F0079
:1056800094F85E30B4F85A20B4F8581000907C4872
:1056900000F0B2FE94F86030002B47D1B4F85830D7
:1056A000B4F85A0000FB03F000EBD0704010143047
:1056B000F9F7E6F923460025206543F8545F0121F8
:1056C0001846F9F78FFA204684F84D5007B0BDE828
:1056D000F08F002363604FF0FF312320F7F78CFD3C
:1056E000C0B2FAF737FC4FF0FF3183462420F7F7BA
:1056F00083FDC0B2FAF72EFC04904FF40F700BF04C
:105700007EFC049B82465A463146FFF7F1FBC4F803
:1057100008A02BE7A26894F85F00B4F8581094F83A
:105720005E50158050809180D380A7E7B4F8583040
:10573000B4F85A005B10401000FB03F0B4E74FF0E0
:10574000FF312220F7F758FDC0B2FAF703FC4FF003
:10575000FF3105902020F7F74FFDC0B2FAF7FAFBB2
:10576000049028200BF04BFCDDE90432CDF800A0BA
:1057700011465A46064606F007FC08200BF03FFC8F
:105780003146824604F0BEFE41F637639F42C4F8BC
:1057900000A07FF4DDAE4FF0FF312320F7F72CFDA2
:1057A000C0B2FAF7D7FB4FF0FF3183462420F7F75A
:1057B00023FDC0B2FAF7CEFB049030200BF01FFCA3
:1057C000049B216882465A4604F098FAC4F804A063
:1057D000CCE683462B4800F00FFE04E0642001F085
:1057E00081F9AA0177D44FF0FF312B20F7F704FDA0
:1057F000C0B2FAF7AFFB0021064668B103681B6828
:1058000098470A2001F048FC336830461B680121A4
:105810009847032001F066F91120FAF753FD064678
:105820000028DBD00146184800F0E6FD174B9E42E9
:1058300072D0B30625F0C005C6F382164CBF45F002
:10584000800545F04005022E5ED0032E4ED0012E7D
:1058500054D040F28F30FFF761FD05F08073039361
:1058600031464B462A460A4800F0C6FD4FF0200854
:1058700037E000BF7022040040420F00C0E1E400A6
:10588000A02204001422040040220400FFFF0100B3
:105890004C2204004FF0FF312320F7F7ADFCC0B2DB
:1058A000FAF758FB4FF0FF3183462420F7F7A4FCAA
:1058B000C0B2FAF74FFB049030200BF0A0FB049B22
:1058C00021685A46824603F021F80123C4F804A057
:1058D00084F860304AE6134800F08EFD05F08073CE
:1058E000039341F637674FF0000B22E64FF08073C9
:1058F00045F08075039340F20369B1E705F08073CA
:10590000039340F20369ABE705F080730393DFF87C
:10591000189045F00805A3E7FAF708FD05F0807335
:10592000039306E628220400FF140E0038B50C4D40
:105930002C680CB1204638BD4FF0FF312220F7F71C
:105940005BFCC0B2FAF706FB40B168200BF057FBD6
:105950000446FFF7BDFD2C60204638BD2C68E9E702
:105960000086002008B5FFF7E1FF18B183680BB18E
:10597000012008BD4FF0FF312C20F7F73DFCC0B2ED
:10598000FAF7E8FA002008BD642870B50346A8BFFE
:105990006423054623EAE374FFF7C8FF20B1836858
:1059A00013B183F83A4270BD4FF0FF312C20F7F766
:1059B00023FCC0B2FAF7CEFA06460028F3D0002D39
:1059C0001FDD632D17DCFFF7CDFF0028EBD0336818
:1059D0004FF47A715B6B3046984704FB04F30C4933
:1059E0003268C3EB8323A1FB03313046490BD368F4
:1059F000BDE870401847036801211B68BDE870408E
:105A00001847036800211B68BDE87040184700BFB5
:105A10005917B7D1F8B50446FFF788FFC8B16368D6
:105A2000302B054616D16F6E204604F1300605F185
:105A30000802437A047A817A1B0243EA04430B4347
:105A400003307B40864242F8043FF2D1012385F8BF
:105A50004C30F8BD40F28F30FFF760FCE3E700BF49
:105A600070B582B00546FFF761FF10B190F8603065
:105A70000BB102B070BDB0F85A40466890F85E10A5
:105A800090F85F20B0F85830641BA4B2A0F85C40D6
:105A900036B98068018042808380C48002B070BDC6
:105AA0000094304604F0BEFC02B070BD10B5044650
:105AB000FFF73CFF08B104B1446510BDF0B583B0F9
:105AC0000546FFF733FF002800F0998090F84D302D
:105AD0000446002B40F0938090F860200123002AB8
:105AE0000CBF1A46022280F84D30002D2ED06B6874
:105AF000597A042907D15989B0F8580002FB01F1FD
:105B0000814200F0A48040F28F30FFF707FC60680C
:105B1000002876D004F02CFA94F84C3004F10C06EE
:105B2000002B72D0002384F84C306968206D4A68DD
:105B30001031083AFDF7A0FC6B6860685A89216D46
:105B40009B89002866D0009604F024FB636D002B2F
:105B500052D094F86030002B4ED16068002800F0DD
:105B60008B8004F005FA656D69684B7A042B07D1C8
:105B7000B4F85A30B4F85C008A891B1A93426FD08B
:105B800040F28F30FFF7CAFB69684A68206D083A17
:105B90001031FDF771FC6068002846D0B4F85C2035
:105BA000B4F85A6094F85F70B4F8583094F85E1006
:105BB000B61A00963A4404F035FC6B6860685A895E
:105BC000216D9B89002851D00025009504F0E2FA50
:105BD0006068002854D004F0CBF9606894F85E1037
:105BE00094F85F20B4F85830B4F85C50B8B1009520
:105BF00004F018FC00236365002384F84D3003B0E3
:105C0000F0BDA068FEF75CFE86E7A368002B08BF26
:105C100000268AE7A0680096FFF7D2F896E7A0680A
:105C2000018042808380C580E4E7B4F85C0094F88A
:105C30005F10B4F85A20A368B4F8586094F85E7006
:105C40001F800144121A5980DA809E80B5E7998935
:105C5000B4F85C3002FB01F29A427FF454AF56E78D
:105C6000B4F858204B899A428AD18EE7A5680090F3
:105C70002846FFF7A5F8ABE7A068FEF721FE72E71C
:105C8000A068FEF71DFEA8E7704700BF083002F0CD
:105C90003BBA00BF083002F04DBA00BF083002F036
:105CA00089B800BF00B583B008300023012201A9E4
:105CB00002F006F8002803DB14BF9DF80400024838
:105CC00003B05DF804FB00BF0CFCFFFF70B500F1F2
:105CD0000805284602F044FA01460020F6F716FFB0
:105CE000044600F10806F8F797FF002328463146DE
:105CF000626801F0E5FF104B98420DD060B1636817
:105D0000984213D001463046F6F700FF054620467C
:105D1000F8F790FF284670BD00210846F6F7F6FE1A
:105D200005462046F8F786FF284670BD20462546E2
:105D3000F8F780FF284670BD0DFCFFFF29B14A68C7
:105D400008300223083101F051BF70472DE9F041BE
:105D500000F10805044628460E46174602F000FAF0
:105D6000C1B2284602F0D0F93A463146A089102344
:105D7000BDE8F041F9F7FABD30B5102383B0044611
:105D80000D4680890121F9F7F1FDE9B2684604F07A
:105D90009FFD694601A804F0C5FD01A9002204F198
:105DA000080002F069F801A804F05EFD684604F0FE
:105DB0005BFD03B030BD00BF2DE9F8431A4F3C68CE
:105DC00014B90AE0E46C44B123689842FAD16368DC
:105DD0009942F7D12046BDE8F883054650200E468B
:105DE00090460BF00CF900F10809C0E90056044692
:105DF000294600233246484606F046FB1FFA88F53E
:105E00000023E3645DB1A58148464FF4E13101F020
:105E1000D1FF3B68E3643C602046BDE8F88303F0B3
:105E200081FC0546EFE700BF0486002038B500F18D
:105E30000804C0E900121D46204601F0C9FF2946AA
:105E40002046BDE8384001F0B5BF00BF30B5104D69
:105E50002C6883B014B1204603B030BD18200BF07D
:105E6000CEF84FF0FF3104460620F7F7C5F9C0B26F
:105E7000FAF770F8002302220146019220460093AF
:105E800040F6B83202F0CCFC20462C6003B030BDA6
:105E90000886002070B50D460446FFF7D7FF2A4656
:105EA000214680881023BDE87040F9F75FBD00BF30
:105EB00008B5FFF7CBFF02F00DFC003018BF012042
:105EC00008BD00BF30B5174D2C6885B014B1204611
:105ED00005B030BD4FF0FF311B20F7F78DF9C0B290
:105EE000FAF738F8E0B12C200BF089F84FF0FF31C9
:105EF00004461B20F7F780F9C0B2FAF72BF80A4BDB
:105F00000A490B4A039102930146009301922046ED
:105F1000084B082203F082FE20462C6005B030BDFD
:105F20002C68D4E70C86002000401C4600C0884343
:105F3000004053450000C8412DE9F04105460C469C
:105F400090461E46FFF7BEFF10B303689B690746E5
:105F50009847B8F1000F0AD004EB840463000D49A0
:105F6000A3F5A07381FB0321DC17C4EBA104012D71
:105F7000A1B2384609D001F03FFC32462946B88824
:105F80001023BDE8F041F9F7F1BC01F04FFCF4E754
:105F9000BDE8F081398EE33810B50446FFF792FF73
:105FA00068B101F0B5FB4CB100EBC000054B4000FF
:105FB00083FB0023C017C0EBA300203010BD1520C9
:105FC000F1E700BF6766666688B110B504460BF05E
:105FD0008CF801382044844207D22378027804F8F0
:105FE000012B00F801398442F7D3002010BD6FF473
:105FF0007A707047F8B549B380EAE074C4EBE07496
:106000004F1E0025DFF84CC000E01D468CFB04232A
:10601000E217C2EBA30202EB8203C4EB430330336B
:10602000564207F8013F14466B1C002EEDD10028A4
:1060300001EB030203DA2D220235CA544A19002368
:1060400008461370FFF7C0FF3046F8BD6FF47A764C
:10605000FAE700BF67666666014B1860002070476C
:10606000108600200048704716FCFFFF70B584B012
:1060700004AC04E90F00BDF80230012B18D0022B4C
:1060800014D1154C154E04F5807501E0AC420DD0CD
:1060900054F8040F0028F9D0C3885B04F6D50368D0
:1060A0009B68B342F2D09847AC42F1D104B070BDC6
:1060B000094C0B4E04F5807501E0A542F6D054F86A
:1060C000040F0028F9D0C3889A04F6D503685B68EA
:1060D000B342F2D09847F0E710860020E5FF0200B7
:1060E00075B702002DE9F041304C82B02246002302
:1060F00002E00133402B05D052F8041B0029F8D1EF
:1061000044F823002A4C2378DB070AD4294D2B6856
:106110003BB1012310224FF47A60002102F0AEF966
:1061200010B102B0BDE8F0812820D5F80080224EE1
:106130000AF065FFC02300930122204B102107467F
:1061400000F03AFFD8F800305B68B34222D13846FD
:1061500000F04AFF38460AF049FF28202F680AF06D
:106160004EFFC02300930222144B0F21054600F07E
:1061700023FF3B685B68B34212D1284600F034FF2E
:1061800028460AF033FF237843F00103237002B05E
:10619000BDE8F0814046394698470028DDD0D6E773
:1061A0003846294698470028EDD0E6E714860020B7
:1061B000A48C00204C8B0020656003006D60030000
:1061C00010B4084C0023224602E00133402B06D0D5
:1061D00052F8041B8142F8D1002244F823205DF8D4
:1061E000044B70471486002000487047741F040059
:1061F000084600F077BC00BF084600F04FBF00BF64
:106200000846FFF78BB800BF06F09ABC084600F0BE
:1062100041BF00BF06F0A2BC2DE9F047DFF870A037
:10622000DFF870905646074656F8044B0AF5827818
:106230000B19B3F5806F0D460FD22A463946301937
:10624000FDF71AF9DAF800301D440AEB05030022C5
:106250001A71CAF80050BDE8F087A4F58074224690
:1062600041460A48CAF800400AF0FCFEC4F58062C4
:1062700030190021FEF792FADAF800402B19B3F535
:10628000806F4FF01501D8D34F46D1E71887002013
:1062900014870020E422040030B587B062B901AC55
:1062A0002146FFF7A7FE20460AF01FFF01462046C1
:1062B000FFF7B2FF07B030BD054600241C220CE0FA
:1062C0008BB902B334B10846303006AB23440134F5
:1062D00003F8140C043A131D0AD025FA02F303F054
:1062E0000F030029ECD0092B58B2EDDD3730ECE775
:1062F00006AB1C44002304F8143C0221034801AC03
:10630000FFF78AFFCFE71046DEE700BFE022040078
:106310002DE9F04782B0154681460E4606F006FC90
:10632000DFF8D080314F043D494602E02528194668
:1063300014D00B460C4613F8010B0028F6D1A1EB44
:1063400009014846FFF768FF1EB102212848FFF700
:1063500063FF06F0DDFB02B0BDE8F0876FEA0903DA
:1063600019444846FFF758FF637855F804AFCDF855
:1063700004A0642B04F102091DD00CD9732B28D082
:106380001FD9752B17D0782B0BD150460122002135
:10639000FFF782FFC8E7582B15D0632B06D0252BBB
:1063A0001FD003214046FFF737FFBDE7012101A8B9
:1063B000FFF732FFB8E7002250461146FFF76CFFA7
:1063C000B2E7702BEDD1012250461146FFF764FF72
:1063D000AAE750460AF089FE01465046FFF71CFF27
:1063E000A2E701213846FFF717FF9DE7FC220400D2
:1063F00004230400002304000FB400B583B004AAF2
:10640000012152F8040B0192FFF782FF03B05DF8FF
:1064100004EB04B0704700BF0048704716FCFFFF54
:1064200010B5044606F082FBE3696BB1A2699A617C
:10643000A3690BB1E269DA610023C4E90633636141
:10644000BDE8104006F064BBD4E905321A60EFE7FE
:1064500038B50D46044606F069FB2A6865610AB93D
:106460000AE01A469369002BFBD19461C4E9063215
:10647000BDE8384006F04CBBC4E906222C60BDE8FC
:10648000384006F045BB00BF2DE9F04184B004ACB4
:1064900004E90F00114B1C68DDE902014FF47A7228
:1064A00000230AF0B3FBB4B1DFF8348006460F4690
:1064B000E268A56900239F4208BF964208D363693A
:1064C00020460BB1FFF7ACFF20464146FFF7C0FF67
:1064D0002C46002DECD104B0BDE8F081208B0020CB
:1064E000288B00202DE9F04FDFF8E08093B0D8F83A
:1064F000005004AC84E80F00002D32D02F4BBDF8C3
:1065000010401A68BDF81260AAB12D4F4FF0000A72
:1065100040F2FE3540F2FF39D368D2F818B0190CBA
:10652000AC429BB288B21FD0002B33D09C4231D0FA
:106530005A46002AF0D1A4F2FE33012B11D9D8F823
:106540000050204B10273246214608A8009700F043
:1065500033FD2B681C4A9B6893422AD108A800F09F
:1065600043FD13B0BDE8F08F4B45DDD109B1B0421A
:10657000DED1BAF1000FDBD1536923B1104603928B
:10658000FFF74EFF039A10463946FFF761FF4FF0C1
:10659000010ACDE709B1B042CAD1536923B110460F
:1065A0000392FFF73DFF039A10463946FFF750FF6D
:1065B000BEE7284608A99847D0E700BF388B0020DF
:1065C000288B0020E5640300196403001C8B002065
:1065D000014B1868704700BF2C8B002038B506F0BF
:1065E000A5FA164B1C68D4B1636913B12046FFF7B6
:1065F00017FF06F08DFA002323616362256806F019
:10660000DBFA0146284606F0E3FA06F08FFA0C4B57
:106610001A6822621C6006F07BFA204638BD2820EA
:106620000AF0EDFC282200210446FEF7B7F806F038
:10663000C7FA0023C4E90003A360DAE7308B002027
:106640002C8B002038B50A4B1C682369DB0707D563
:10665000084D286830B1636A4362002363620446D0
:10666000204638BDFFF7BAFF28600028F8D0F2E7CF
:10667000188B0020248B00202DE9F041454D2A780D
:1066800012F0010482B002D002B0BDE8F081424EA7
:10669000424F3060FFF7A2FF414B42491860FFF7BD
:1066A000D7FEFFF79BFF3860D0F8008006F084FA31
:1066B000011F404606F08AFA3B683B49186806F01D
:1066C00083FA3768002F4CD028200AF098FCC023AA
:1066D0002246009340F2FF31344B354C804600F0A7
:1066E0006BFC3B685B68A34242D1404600F07CFCF7
:1066F00040460AF07BFC2820D6F800800AF07FFC98
:10670000C02300930022294B40F2FE31074600F0DF
:1067100053FCD8F800305B68A34235D1384600F00E
:1067200063FC38460AF062FC01230F2200214FF47B
:106730007A6001F0A3FE282037680AF060FCC023CD
:10674000009301221B4B0F21064600F035FC3B68ED
:106750005B68A34212D1304600F046FC30460AF096
:1067600045FC2B7843F001032B7002B0BDE8F081AB
:106770003846414698470028BDD0B6E738463146EE
:1067800098470028EDD0E6E740463946984700286C
:10679000CAD0C3E7A58C00201C8B0020348B0020BE
:1067A000188B0020288B0020216D0300E564030076
:1067B0006560030089640300024B187800F0010053
:1067C000704700BFA58C0020F0B51F4F3B6883B019
:1067D000002B37D01D4B1B78DB0733D50E46044604
:1067E000FFF730FF436944EA06420546C2600BB139
:1067F000FFF716FE28461649FFF72AFEA4F2FE33DD
:10680000012B16D928203F680AF0F9FBC023324635
:10681000009321460F4B054600F0CEFB3B680E4A25
:106820005B68934208D1284600F0DEFB28460AF058
:10683000DDFB002003B0F0BD38462946984700280C
:10684000F7D0F0E70548F5E71C8B0020A58C002069
:10685000388B0020E56403006560030016FCFFFF31
:106860002DE9F04128B321B30546984617460E4658
:10687000FFF7B4FE0446E0B132463B4629460068C5
:1068800006F0B0F9256806F097F9011F284606F0D2
:106890009DF90A4B0A492068B8F1000F18BF194644
:1068A00006F092F920460749FFF7D2FD2046BDE8E1
:1068B000F08100242046BDE8F08100BFF96C0300A0
:1068C000256C0300288B0020074B1B7813F0010375
:1068D00008D010B4144601230A4621465DF8044B43
:1068E000FFF7BEBF18467047A58C0020024B186802
:1068F000B0FA80F040097047288B002030B50F4D6A
:106900002B789A0785B004D50D4B1B6873B105B081
:1069100030BD43F00204022201230F2168462C708F
:1069200003F0ECFE064B1B68002BF0D12B7823F014
:1069300002032B7006F002F905B030BDA58C0020D3
:10694000288B00202DE9F0415B4D2C682369D90785
:1069500047D45A4E5A4F32683968002A31D060699C
:10696000B04200F09A802A608A422BD0944271D0C3
:106970008C4271D0534B62699A426DD0206806F008
:1069800029F9064606F028F9D4E90131301ACA1A65
:1069900090426AD900F120012F682C6021F01F0677
:1069A000002B40F084803046F8F7C2F83118C4E973
:1069B00001012F602068BB683A68BDE8F04106F02D
:1069C000A7BA29601B0757D52C60FFF797FF3368DC
:1069D000002BFAD09C422B603CD039688B42C7D147
:1069E0004DE0394E2068326843F002032361136999
:1069F000146843F00403136106F0F2F801462046E0
:106A000006F0E6F83768386806F0E4F8044606F061
:106A1000E3F8D7E90123201A9B1A98420FD92030B6
:106A2000D5F800802F6020F01F04002A3BD12046BB
:106A3000F8F77EF80444C7E90104C5F8008033681C
:106A40009968186806F0A5FA2B681A690021920760
:106A500031600CD4BDE8F0812A6800219368126887
:106A60000846BDE8F04106F053BA2F68A2E718685F
:106A7000BDE8F04106F0C7BA2B689C42EAD01E6818
:106A800006F09AF8011F304606F0A0F83B680F495F
:106A9000186806F099F839686AE7A069002818BFF5
:106AA00002462A6060E71046F7F792FEBFE71846F5
:106AB000F7F78EFE77E700BF188B0020288B0020A9
:106AC000348B0020308B0020248B0020216D0300AC
:106AD000034B1B78DB0701D5FFF734BF704700BFBE
:106AE000A58C002070B5104D2A78D20714D5044625
:106AF000FFF7A8FD064601F0A1FC73692044F06091
:106B000013B13046FFF78CFC30460849FFF7A0FC74
:106B10002B78DB0704D470BDBDE8704000F0BABA32
:106B2000BDE87040FFF70EBFA58C0020208B002031
:106B300000B583B0FFF748FE18B9074B1B78DB0799
:106B400002D403B05DF804FB0190FFF7FBFE01984F
:106B500003B05DF804FB00BFA58C002038B5284DBC
:106B60002868436913B1FFF75BFC2868254C214670
:106B7000FFF76EFC24684CB1A369002223B11C46C8
:106B80000132A369002BFAD1032A22DC2B680022F0
:106B90001A611C6806F010F80146204606F018F845
:106BA00005F0C4FF184B29681A688A4225D04AB1FB
:106BB000136A99421DD02BB11A6A91421AD013461A
:106BC000002BF9D105F0A4FF104B1B78DB070CD488
:106BD00038BDE26920689361F7F7FAFD6068F7F75E
:106BE000F7FD2046F7F7F4FDD0E7BDE83840FFF7A2
:106BF000A9BE13460A6A1A62E4E7126A1A60E1E75C
:106C0000188B0020308B00202C8B0020A58C0020BE
:106C1000034B1B78DB0701D5FFF7A0BF704700BF10
:106C2000A58C002010B50C468047A047044B1B786C
:106C3000DB0700D410BDBDE81040FFF78FBF00BFD9
:106C4000A58C0020034B1B78DB0700D47047FFF7AF
:106C500085BF00BFA58C0020002842D02DE9F0415F
:106C6000DFF8908098F80030DC0782B032D51E4FF4
:106C70003B680A4619694907054601D15C6A44B177
:106C8000284601231949FFF7EBFD002002B0BDE8BB
:106C9000F0811868019206F09EF93968019A0B6933
:106CA00013F0020618D143F0010310460B61A84708
:106CB0003B6818695E6220F0010210F004001A615E
:106CC000E4D098F8000010F00100DFD0FFF746FF95
:106CD0003046DBE70648D9E723F003030B61204683
:106CE000D4E76FF47A707047188B0020456C03006E
:106CF00016FCFFFFA58C002038B50346144610464D
:106D00000D4698472046A847044B1B78DB0700D464
:106D100038BDBDE83840FFF721BF00BFA58C00207B
:106D200008B5044CFFF7EAFD2378DB07FAD5FFF737
:106D300009FEF7E7A58C0020002242600270704730
:106D400070B50D4D2B78DA0704D50378044613B9D6
:106D50000123237070BDFFF775FC436906460BB134
:106D6000FFF75EFB3046211DFFF772FB2B78DB0738
:106D7000EED5FFF7E7FDEBE7A58C002038B54468BA
:106D8000054644B1636913B12046FFF749FB20462D
:106D90000249FFF75DFB00232B7038BD288B0020D4
:106DA00070B54468054664B1074E636920460BB16F
:106DB000FFF736FB20463146FFF74AFB6C68002C94
:106DC000F3D100232B7070BD288B002043682BB1BA
:106DD00000209B690130002BFBD17047184670479B
:106DE000F8B50C4C05460E46277805F09FFE0A4A7A
:106DF000731B02EBC7019B0843F0004342F8375076
:106E00004E602B6023780133237005F081FE002053
:106E1000F8BD00BFA78C00203C8B0020064B1B78E0
:106E2000834207D9054B03EBC00253F8303050685A
:106E3000C01A704700207047A78C00203C8B0020B0
:106E4000F8B583074FEA90063BD188B10D4605F0AF
:106E50006DFED5E90045771CA54206D92368002BB5
:106E600007DB04EB8304A542F8D805F051FE0020AF
:106E7000F8BD23F00043990054F82320002A04EBC6
:106E800001000DDB0EE022F00042134443F000420B
:106E9000226054F823209900002A04EB010001DA53
:106EA0008542F0D89F4201D90C44D5E702369E4274
:106EB00009D3236823F00043236005F029FE201D39
:106EC000F8BD0136C2E704EB8606B542F1D9DB1BFB
:106ED00043F0004346F8043C2760EEE738B504462B
:106EE00040B10C4D2B783BB120460B49FFF7A8FF72
:106EF000044658B1204638BD0849094A086809497E
:106F00001370FFF76DFF01232B70EDE71420FEF7E0
:106F100005FAEFE7A68C00203C8B002020800020A3
:106F2000A78C002000F80320A0B10E4B1A68824203
:106F30000DD25B6883420AD950F8043C002B10B58F
:106F4000044608DD43F0004344F8043C10BD1E2015
:106F5000FEF7E4B970471E20FEF7E0F954F8043C50
:106F6000F0E700BF3C8B002038B501FB00F5284658
:106F7000F7F7DEFD044628B101232A46036000210D
:106F8000FDF70CFC204638BD70B5044608460E4699
:106F9000F7F7CEFD054664B158B154F8042C9200C1
:106FA000B242A8BF32462146FCF766FA2046F7F700
:106FB0000FFC284670BD00BF2DE9F041044610309B
:106FC000884617461E46BDF8185003F0B7FB002050
:106FD000E060C4E90800A4F800806780A660A5808E
:106FE0002046BDE8F08100BF83889B0710B50446AA
:106FF00002D5806809F0FAFF204610BD82B070B556
:1070000086B00AA981E80C00036A4BB31C696CB115
:10701000012200E01C4623690132002BFAD1092A23
:1070200005DD06B0BDE8704002B070471C460AABF3
:107030000FCB02AD85E80F00182009F0E0FF06AB8A
:10704000064613E9030095E80C008DE8030030467E
:1070500003F09AFB266106B0BDE8704002B07047AD
:1070600004460FC902AD85E80F00182009F0C7FFDC
:1070700006AB064613E9030095E80C008DE8030013
:10708000304603F081FB266206B0BDE8704002B0D6
:10709000704700BF01F0D4BA01F0A2BAFEF7DCBF1E
:1070A0000020704710B5044B036000230446C380E2
:1070B000FFF786F8204610BD1C20040010B5064BD3
:1070C000036000230446C380FFF77AF8204609F0E6
:1070D0008DFF204610BD00BF1C20040038B50446BB
:1070E000074B036000254560FEF7FCFFE388054A77
:1070F000258143F480532260E380204638BD00BFE1
:107100001C200400102304000346002200891A8179
:10711000704700BF00897047807A70470048704709
:1071200016FCFFFF10B5044B036000230446C38028
:10713000FFF746F8204610BD1C20040010B5064B92
:10714000036000230446C380FFF73AF8204609F0A5
:107150004DFF204610BD00BF1C20040038B5036859
:1071600081720D4D9A6AAA42044608D15B6A0B4AA5
:107170000B4D93420AD1A07AA072284638BD9047A1
:107180002368064A5B6A93420546F4D02046984736
:10719000A072284638BD00BF1D710300197103009D
:1071A00016FCFFFF38B503680D4D9A6A0181AA42AB
:1071B000044608D1DB690B4A0B4D93420AD1208962
:1071C0002081284638BD90472368064ADB699342F0
:1071D0000546F4D0204698472081284638BD00BF98
:1071E0001D7103001571030016FCFFFFF8B504467E
:1071F0000025154B036045600E461746FEF772FFEB
:1072000094F8363066624FF00112C4E90E22022172
:1072100003F0F90365F3C3030C4E2563142084F8CF
:107220004050A1722081E560C4E90455C4E90655C7
:107230002562A780E580A586A4F8425084F8363000
:1072400026602046F8BD00BF1C2004003423040043
:10725000C16811F5C87FF0B480F2848090F83630B0
:1072600013F0020340F08680046914F5C87F66DAE3
:1072700090F8362012F0040269D1456915F5C87FEF
:1072800031DA90F8362012F0080234D0B2FA82F3E4
:1072900090F8366090F840205B0963F3C30680F8ED
:1072A0003660032A08D80132D2B2012A80F8402081
:1072B00000F08B80042A77D0B0F8423090F8366026
:1072C00001339BB216F00107A0F8423062D01D2BAB
:1072D00017D900236FF3000680F83660A0F842301B
:1072E00080F840300DE0B5F5C87F04DD90F8362019
:1072F00012F00802CAD090F84020002BD1D1002A09
:10730000DAD104FB04F301FB0133334A05FB0533F7
:1073100093423CD911F5487F51DBB1F5487F51DCF0
:1073200014F5487F54DBB4F5487F3BDC15F5487F06
:1073300050DBB5F5487FD4BF0020062028E0B4F527
:10734000C87F9ADD90F8362012F0040295D1B2FA87
:1073500082F390F836205B0963F3820280F83620CE
:1073600001238AE7B1F5C87F0FDD90F8363013F0BE
:1073700002030AD190F83620B3FA83F35B0963F372
:10738000410280F8362001236EE700236CE70720D6
:10739000F0BC7047092BB4D9013A80F84020A0F81E
:1073A0004270AEE70120F3E790F83630002243F058
:1073B000010380F83630A0F842200B20E8E70320D4
:1073C000F0BC70470420F0BC7047A0F8422098E75A
:1073D0000220DDE70520DBE7FF700200D0E9033281
:1073E00030B502FB02F2456903FB032305FB0535BB
:1073F000B5F5800F85B0044616D9038F002B4DD00C
:10740000B5F5100F25D8012384F831302046FFF759
:107410001FFF0B2814D0A38E834231D00023A086F7
:1074200084F8303005B030BD90F83130042B56D997
:107430000023C0E90E332046FFF70AFF0B28EAD1EC
:107440006086024601230D21684603F057F905B016
:1074500030BD638F002B39D0B5F1107FD3D9A38F06
:107460005BB3B5F1806FCED9E38F002BCBD1012375
:107470000A220D21684603F041F90123E387C2E7A0
:1074800094F83030628E042B14D80133DBB2904272
:1074900084F83030C6D0052BD2D0C3E701230C22AC
:1074A0000D21684603F02AF90123B5F5100F238753
:1074B000A9D9CEE79042C3D1B4E7012309220D2117
:1074C000684603F01BF90123A387CAE701230822BA
:1074D0000D21684603F012F901236387BCE70133ED
:1074E000DBB291E730B5D0E908218BB002AD009254
:1074F00000F1180304460CCB284603F0CDF895E8BC
:107500000700E38804F10C0523F0020385E8070077
:10751000E3802046FFF762FF0123A1881A4606A8F0
:1075200003F0ECF800200BB030BD00BF0368054A43
:10753000DB6A934210B5044601D1E06810BD98475C
:10754000E06810BD1D7103000368054ADB6A9342C1
:1075500010B5044601D1206910BD9847206910BDBF
:107560001D7103000368054ADB6A934210B50446A7
:1075700001D1606910BD9847606910BD1D7103009D
:107580000368084ADB6A934210B5044607D1E388D2
:107590009B0702D42046EFF773F9A06A10BD984705
:1075A000F5E700BF1D7103000368084ADB6A9342D8
:1075B00010B5044607D1E3889B0702D42046EFF7B5
:1075C0005FF9E06A10BD9847F5E700BF1D71030041
:1075D000016882B08DE80C008B6902B0184700BFCB
:1075E00082B070B50C4684B005464968206802AC8C
:1075F00003C4039908AC481084E80C00CB0745BFCE
:107600002A58029B029CD4580AAB2E1893E8030018
:107610008DE8030008AB0CCB3046A04704B0BDE8B2
:10762000704002B0704700BF2DE9F043324D056055
:10763000002683B04660154604460F469846FEF77E
:1076400051FD2E4BA78040F2FF32D3F800902C4B17
:1076500023609542A8BF15466581B9F1000F2ED071
:10766000282009F0CCFC0546103003F067F803230E
:107670002F806B80182009F0C2FC224ACDE9002639
:1076800007466A46034603CA47F80C4BDE607E6035
:1076900058609960D9F80020EE6052681A49AB60D2
:1076A000C220A8808A4219485861C5E908661CD1E1
:1076B0002846FFF799FC284609F098FCA788B8F1FE
:1076C000000F0CD01FFA88F00021A4F808803A4679
:1076D000032300F0EBFE204603B0BDE8F0834FF437
:1076E000FA7000214FF4FA78EFE7484629469047B0
:1076F0000028E3D0DCE700BF1C2004004C8B0020F6
:1077000070230400D175030065600300E175030078
:10771000008A704710B5C38803F01202102A84B0A3
:10772000044617D003F00C03082B01D004B010BDA1
:10773000228AE3899A42F9D801231A46A188684629
:1077400002F0DCFFE38823F0020343F00403E3804C
:1077500004B010BD018A82899142E3D3012381885C
:107760000222684602F0CAFFE38823F0040343F0D4
:107770000203E380D6E700BF036810B50446DB6967
:107780009847E388DA070FD56189238AC1F57F72AC
:1077900000FB01F0033202FB0300800A2082204636
:1077A000BDE81040FFF7B6BF43F001032082E3803D
:1077B0002046BDE81040FFF7ADBF00BF40F2FF33E9
:1077C0009942A8BF1946418100207047002938B569
:1077D0000BDD89B28CB200250181828829462046C2
:1077E000032300F063FE002038BD4FF4FA714FF41C
:1077F000FA740025F0E700BF08B5C388DA0602D5A1
:1078000082898A420FD023F0020242F010021B0745
:107810008181C28007D5C38901399942A8BF194621
:1078200089B200F003F8002008BD00BF08B5C38886
:107830001A0702D5C2898A420FD023F0040242F00F
:107840000802DB06C181C28007D5838901319942D4
:10785000B8BF194689B2FFF7CFFF002008BD00BFAF
:1078600010B5044B036000230446C380FEF7A8FC58
:10787000204610BD1C2004000EB42DE9F04787B04F
:107880000FAB054653F8046B0093317849B12529B5
:107890000CD02B6801369B6A28469847317800291E
:1078A000F5D107B0BDE8F04703B07047009B717891
:1078B000D3F80090632903F10403009306F1020654
:1078C0007ED015D9732969D0782964D0642941D034
:1078D0002B683F219B6A284698472B683F219B6A6B
:1078E000284698472B683F219B6A28469847CCE753
:1078F00025294BD05829EBD14FF000081C2708242C
:107900004FF0000A10E0B8F1000F3CD003F157012E
:107910002B6828469B6A98474FF0010A013C14F0F7
:10792000FF04A7F10407B0D029FA07F303F00F030F
:1079300003F13002392AD1B2E5DC302AE8D1302116
:107940002846BAF1000F01D1012CE7D12B689B6AC0
:107950009847E3E7002301A94846CDE90133CDE983
:1079600003330593FEF746FB9DF8041000298CD0E5
:107970000DF105042B6828469B6A984714F8011BF3
:107980000029F7D181E703F13701C1E72B682846C9
:107990009B6A984779E74FF00108AFE799F8001024
:1079A00009F1010900293FF470AF2B6828469B6A52
:1079B000984799F8001009F101090029F5D164E709
:1079C0002B685FFA89F19B6A284698475DE700BFFC
:1079D000C388DB0600D4704710B5044684B08188A4
:1079E00001230422684602F089FEE38823F0100395
:1079F000E38004B010BD00BFC3881B0700D47047EC
:107A000030B5838D416A02689BB20446C95C926AB4
:107A100085B09047A58D94F82820618D6B1C93FB51
:107A2000F2F502FB1535ADB2A94202D0A58505B02D
:107A300030BD0123022240F2FF31684602F05EFEB3
:107A400023680121DB6920469847EFE7012BF8B551
:107A500004460D46164604D0022140F2FF30FEF7E0
:107A6000B3FE002E2CDD678D94F82820A08D791CA4
:107A700091FBF2F302FB13139BB2834220D0691EE9
:107A800000250AE094F82800B4F82CC092FBF0F32B
:107A900000FB13239BB263450BD0606A11F801CF42
:107AA00000F807C00135AE4203F1010263851F46AD
:107AB000E8D1236820469B69012198472846F8BDF4
:107AC0000025F6E7C3885A0770B5044607D5036852
:107AD0000021DB699847A069F6F77AFEE388207FEA
:107AE00023F004039DB2E580F7F722F8A06160B1AE
:107AF0002368002645F004059B69E580E68326841B
:107B0000204631469847304670BD6FF47B7070BD9B
:107B100038B5C3881A07054607D503680121DB6914
:107B20009847686AF6F754FEEB8895F8280023F02A
:107B300008039CB2EC80F6F7FBFF686230B10020CE
:107B400044F00804EC806885A88538BD6FF47B702C
:107B500038BD00BF012904D0022900D07047FEF7CC
:107B6000B7BF428D06E090F82830818D13445B1A30
:107B7000002B06DD838D9A42F5D3838DD31A002B1B
:107B8000F8DC70472DE9F047164D056000250446E6
:107B9000456091468A461F469DF82060BDF82480C6
:107BA000FEF7A0FA104B2360C4E902A904F110000B
:107BB00002F0C0FEE288E583013701364FF0FF3363
:107BC00042F48042277784F82860A4F80480A561F5
:107BD000656225846585A5856361E2802046BDE8F0
:107BE000F08700BF1C200400982304002DE9F04119
:107BF000C488A5072FD4002A2ADD49B31D4644F0C6
:107C00000203C3802307064690460F4618D500247A
:107C100001E0A0450DDD3919A8EB04022B463046E2
:107C2000FFF714FF294604443046FFF793FF002D69
:107C3000EFD1F38823F00203F3802046BDE8F08102
:107C4000FFF766FF04460028E1D02046BDE8F0813A
:107C50006FF47A74F1E7014CEFE700BF0DFCFFFF12
:107C600038B50446038C61B9C28B934224D0257F7A
:107C7000A1695A1CC85C92FBF5F305FB132323840E
:107C800038BD0129057F06D1E28B9342F0D1E28B0A
:107C90009342F9D0ECE70229EAD1C28B9342E7D1B3
:107CA000C38B8088013393FBF5F205FB12336361CC
:107CB000FEF73EFF238CDAE7004838BD0CFCFFFFDF
:107CC000B0F806C01CF0010F2DE9F0416ED19846C6
:107CD0001CF0040F4CF00103064617460D46C38006
:107CE0002BD0B8F1000F11D1002F5DDD013D4446CE
:107CF00004E00134A74205F8010F17D000213046F7
:107D0000FFF7AEFF10F57D7FF3D10FE0B8F1010F63
:107D10001CD1002F48DD6C1EE51901213046FFF70C
:107D20009FFF04F8010FAC42F7D13C46F38823F0E3
:107D30000103F3802046BDE8F081FFF7C3FE04464F
:107D40000028F7D1B8F1000FCED0DFE7B8F1020F6D
:107D50002AD1F38B328C9A4285BF337FF18BF38B20
:107D60005B189B1A9F4212DDF38B317FB0889A42D9
:107D7000F38B88BF5B189A1AF38B3B449A1A92FBD9
:107D8000F1F301FB132272610221FEF7D1FE002FF5
:107D90000ADD6C1EE51902213046FFF761FF04F889
:107DA000010FA542F7D1C0E70024BFE7004CC1E7AF
:107DB0000DFCFFFF38B50B1E07DB1D4603681B6A71
:107DC0000446984700B9256338BD6FF47A7038BD12
:107DD000F8B5C3889C074AD1858D448D43F00303D1
:107DE000AC42C3803AD3838DE31A17460268002B56
:107DF0000E460446D56903DD0121A8472368DD69E5
:107E000000212046A84723683A4631465B6A20464F
:107E10009847236800219B6920469847A28D638D6F
:107E2000934221D294F82820A18D13445B1A002B91
:107E300004DD236801219B6920469847256B002DAE
:107E400006DB236829461B6A2046984700B925634C
:107E5000E38823F00303E3800020F8BD90F8283086
:107E6000858D1C44631BC0E7A28D9B1ADFE7014888
:107E7000F8BD00BF0DFCFFFF012A0FD038B5144636
:107E80000546103002F05CFD022C01D0002038BD08
:107E9000A8880121FEF74CFE002038BD6FF47A70EF
:107EA000704700BF2DE9F04F87B0CE8800AFF507CF
:107EB000C7E9013060D474078946154640F1D28085
:107EC000B9F820A0B9F81E3046F001069A45A9F885
:107ED000066058D02B68D9F81810B3F9022056461E
:107EE000731C002A11F80680FB602ADD4FF0000B9E
:107EF0004FF0FF340FFA8BF1284602F031FD2A686B
:107F0000B2F902200BF1010B404508BF34465A4537
:107F1000F0DC99F81C30F968B9F81E8091FBF3F693
:107F20001FFA88F803FB1616B04500F0A380601C0A
:107F30004FD1D9F81810731C002A11F80680FB6085
:107F4000D4DC99F81C30F868B9F81E8090FBF3F681
:107F50001FFA88F803FB1606B045C1D17B68012BD8
:107F600000F08F807B68022B13D0B9F80660B868E8
:107F700026F00106A9F8066002F0DCFCB8681C37A0
:107F8000BD46BDE8F08F7B68012B00F0B580022B69
:107F9000EDD1294607F1140002F0C4FC07F11401E9
:107FA00002224846FFF768FF07F1140002F05CFC6C
:107FB00007F11400B9F81E4002F0BCFC07F11401EF
:107FC00009F1100002F0BCFC07F11400013C02F0C2
:107FD0004BFC002CB9F80660C9DB99F81C505445DD
:107FE000BABFA5EB0A0BA344A4EB0A0B0BF10803E1
:107FF00023F00703E846ADEB030D002168460BF1C3
:108000000102A4B2FCF7CAFBA2456946D9F81800E0
:108010000FD00DF1FF320AF1010C9CFBF5F305FBCB
:1080200013C310F80AC002F801CF1FFA83FA5445AF
:10803000F1D1B9F82030B86801335B4426F001066D
:1080400093FBF5F205FB1235A9F806600FFA8BF2E7
:10805000A9F8205002F04CFCC546B8681C37BD4654
:10806000BDE8F08F0846FFF72DFD002837D1B9F89D
:10807000066025E77B68012B29D1611CA9D1D9F8BD
:108080001810B9F81E309845FBD008F10103002AFA
:1080900011F80860FB6027DD4FF0000B4FF0FF3454
:1080A0000FFA8BF1284602F05BFC2A68B2F9022035
:1080B0000BF1010BB04208BF44465A45F0DC99F879
:1080C0001C30F96891FBF3F803FB1818D5E77B68BF
:1080D000022B7FF47EAF631C7FF47BAF59E7014630
:1080E000B86802F0E1FBB8E799F81C30F86890FB3B
:1080F000F3F803FB1808C4E72B68D9F81810B3F994
:108100000220D046BDE700BFC388DA070DD410B502
:1081100043F0010304460131C3800177FFF7D2FC2D
:10812000E38823F00103E38010BD0148704700BFDE
:108130000DFCFFFFC3889A070ED410B543F002036D
:1081400004460131C38080F82810FFF7E1FCE38882
:1081500023F00203E38010BD004870470DFCFFFFD1
:10816000007F7047828D438D934237BF90F828205F
:10817000808D808D9B18181A704700BF10B5074B73
:10818000044640F8103B02F06FFB054B23600023D0
:108190002046E380FEF714F8204610BD9823040023
:1081A0001C200400C1600020704700BF08B5806833
:1081B0000368DB6A9847002008BD00BF08B58068E7
:1081C00003685B6A9847002008BD00BF2DE9D847C7
:1081D00004469246994604F0A9FCA66894F80D80DE
:1081E00034683046636CA76B98474B465246002B69
:1081F00008BF0A2A38BF0A22024441463046B8471F
:10820000BDE8D84704F084BC2DE97848064604F060
:108210008DFCB06803685B6C9847B288F38880B2C5
:10822000D6E90645821A92B2134414EB020B9BB2B4
:1082300045F1000CB3F57A7FB080C6E906BCF38047
:108240000DD3D6E90401A3F57A7301309BB241F155
:108250000001B3F57A7FF6D2C6E90401F380BDE8E8
:10826000784804F055BC00BF2DE9F84F1646C26AA5
:10827000BDF82880BDF82C909DF830A0002A0EDDB6
:10828000446A1F46238873B12346002102E01D88FB
:108290001C4645B10131914203F11803F7D16FF447
:1082A0007B70BDE8F88F0546FFF7AEFFD5E90623E2
:1082B00012EB060B43EB070CBAF1000F20D10020A4
:1082C0000146C4E90201C4E904BCA4F80080A4F892
:1082D000029004F02BFCA96A39B1D4E90423D1E956
:1082E00004018B4208BF824205D2AC6232463B4653
:1082F0002846FFF76BFF04F00BFC0020BDE8F88F69
:1083000030463946DDE700BF2DE9F003C56A436A10
:1083100000218D4281621EDD0A461C88013254B163
:1083200039B1D3E90467D1E904894F4508BF46450F
:1083300001D283621946AA4203F11803EDD151B16B
:1083400083690A69D21A0A2AB8BF0A22D317BDE87C
:10835000F003FFF73BBFBDE8F00370472DE9F04F96
:1083600082468BB059B18468067B236820465A6CDC
:108370009D6B9047274A314602442046A847504605
:10838000FFF742FFDAF82C20DAF82440002A2EDD2D
:108390000025AB46238813B3D4E90401DAE9066764
:1083A0008F4208BF8642CDE9040118D3D4E902897F
:1083B00058EA0901628820D1DAF828104FF000004D
:1083C000A142208022D001210291CDE90067194607
:1083D00006A802F0A3F9DAF82C200BF1010B013505
:1083E000AA4204F11804D5DCBBF1000FCCD15046F1
:1083F000FFF78AFF0BB0BDE8F08FDDE9040110EB59
:10840000080041EB0901C4E90401DCE70021CAF8D6
:108410002810D8E780969800074B1B6853B1197B4A
:10842000084110F00101184601D1FFF797BF012163
:10843000FFF794BF704700BF488B0020064B10B574
:108440001C682CB12046FFF7DFFED4E9040110BD03
:108450000020002110BD00BF488B0020064B10B546
:108460001C682CB12046FFF7CFFED4E9060110BDF1
:108470000020002110BD00BF488B002070B5094CC2
:10848000266884B066B11D4614460B46012102469B
:10849000CDE9004530460291FFF7E6FE04B070BD1D
:1084A0000148FBE7488B002016FCFFFF2DE9F04F49
:1084B000134C266885B006B39C4644014B01241A30
:1084C00043EAD06565EB01058946A300A90017467C
:1084D00041EA94711A1841EB0903D90041EA52713B
:1084E000D0000B4601210246CDE9007C30460291C6
:1084F000FFF7BAFE05B0BDE8F08F0248FAE700BF0B
:10850000488B002016FCFFFF70B50E4D2C68B4B1EF
:108510002046FFF779FE0C4BA66942F2107098478F
:108520002C682046FFF770FEA3690849053B9B1B9A
:1085300042F210720020B2FBF3F30B6070BD0448EE
:1085400070BD00BF488B002015800020448B0020A8
:1085500016FCFFFFF8B50D46437316460A231B4A67
:108560001B4901600446C362856006730121F02047
:108570001460FEF7F9FC2B68164F9A6960620021BF
:108580000020A162BA424FF00001C4E90401C4E92D
:10859000060115D1104AEA603146104A9B6B284605
:1085A0009847A06803681B6A9847A0680368002280
:1085B0005B6CE2809847A080FFF7A6FF2046F8BDDD
:1085C000284605499047A5682B68E5E7488B0020B9
:1085D000D8230400A5810300198403008096980025
:1085E0002DE9F843124D2E6806B3124B0446186865
:1085F000A8B93046FFF708FED6E9066716EB04086F
:1086000047F100092C682046FFF7FEFDD4E9062358
:108610004B4508BF4245F5D30020BDE8F88304FB75
:1086200000F0054B98470020BDE8F8830348F4E7C5
:10863000488B0020448B00201580002016FCFFFF93
:108640004FF47A7303FB00F0FFF7CABF6FF47D703D
:10865000704700BF10B5034B03600446FFF700F9F5
:10866000204610BDE823040010B5054B0360044606
:10867000FFF7F6F8204608F0B9FC204610BD00BF11
:10868000E82304004069044A03685B69934202D10D
:108690006FF47D70704718474D86030038B5044667
:1086A0000D464FF4FA7311464FF45972FEF7BCFFB2
:1086B000034B656120462360FFF75EF8204638BD16
:1086C000E82304006FF47D70704700BF6FF47D7085
:1086D000704700BFC08800F00100704710B5034B21
:1086E00003600446FEF7DEFC204610BD10240400A3
:1086F00010B5054B03600446FEF7D4FC204608F095
:1087000075FC204610BD00BF10240400C388DB04A4
:1087100000D470472DE93048036888B0DB6904460F
:108720009847227CE38878B10B2A04D80132D2B270
:10873000082A22740ED9D9071ED503F00305012D8E
:108740002CD008B0BDE8308832B1013AD2B2082A44
:108750002274F0D8012AF0D8DA07EED523F001030D
:10876000E38002220123A188684601F0C7FF657CEF
:10877000012D2CD0E388E0E743F001020123E280E1
:10878000A1881A4604A801F0B9FF23890133238187
:10879000FFF754FE227CE388E060DBE7FFF74EFE44
:1087A000E368B0EB030B61F1000C002340F2DB52F5
:1087B000634508BF5A45C4D2E288A18842F002024C
:1087C000E2802B46052204A801F098FFB9E7FFF7E5
:1087D00035FEE368B0EB030B61F1000CBCF1000F58
:1087E00008BFBBF57A7F2B462CBF04220322A18849
:1087F00004A801F083FFBDE710B504464069074AAD
:1088000003685B68934207D16FF47D70A37C181AEC
:10881000B0FA80F0400910BD9847F7E7C58603001D
:108820002DE9F84304460D46914698469DF8206090
:108830009DF82470FEF752FC002121742B680C482F
:108840001A6C0C4BA4F804908242656184F8118084
:10885000A6742360E16006D1E38843F40053E3800B
:108860002046BDE8F883394628469047F4E700BF24
:10887000CD86030010240400417470476FF47D70AE
:10888000704700BF10B5044B036000230446C3804B
:10889000FDF796FC204610BD1C20040010B5064BC9
:1088A000036000230446C380FDF78AFC204608F0DD
:1088B0009DFB204610BD00BF1C20040038B50446B7
:1088C000C06890B103680F4D1B68AB4216D1206998
:1088D00003681B68AB420ED10A20FEF703F920465D
:1088E000094901F04FFD002038BD2069054D03689E
:1088F0001B68AB42F0D001219847EDE70121984772
:10890000E5E700BF7D8803003024040010B504466D
:1089100001F0F4F9034B2360012384F82D30204645
:1089200010BD00BFAC24040010B50446806830B10F
:108930004FF480720021BDE81040FBF72FBF4FF4C9
:108940008070F6F7F5F84FF48072A0600021BDE862
:108950001040FBF723BF00BF70B504464068204AB3
:1089600003681E6984B000239642CDE900336D464A
:108970001DD11C4B0093204600230193FFF7D4FF29
:1089800095E8030002AB83E8030003CBA368164D10
:1089900018605960D4E9001003689A69AA4211D19D
:1089A0005D69124B9D4215D1019804B070BD022340
:1089B00022682946B0470B4B009A9A42D9D10198B8
:1089C00004B070BD9047D4E9001003685D69074B9F
:1089D0009D42E9D0A2684023A847019804B070BD29
:1089E000A5FB0200A10D0C00B5FB0200ADFB0200CF
:1089F000F8B50446171E4FF000000E46C4E90110FA
:108A00000B680EDB1968194DA94218D19B681849EB
:108A10008B4205461BD125602046FFF79DFF20466F
:108A2000F8BD5A6813498A421BD105469B68104A13
:108A30009342F0D03046984700FB1755EBE730469D
:108A4000884733680A499B688B420546E3D0304625
:108A5000984700FB075525602046FFF77DFF20461D
:108A6000F8BD3046904733680546DFE795FB0200C6
:108A70009DFB020099FB0200018938B54FF47A751D
:108A8000044605FB01F1224801F0E6FF214AA17AE4
:108A90000346A2FB03239B0923811F4801F0DCFF4F
:108AA0002189A07205FB01F1194801F0B5FF626C44
:108AB000B4F84C10156840F00703DBB21046ED69BE
:108AC0002022A84710BB606CB4F84C100368222227
:108AD000DD691023A847C8B9A17A0F4801F09CFFAF
:108AE000626CB4F84C101568030103F0F0031046F3
:108AF000ED692322A84748B9606CB4F84C100368AC
:108B00002422DC690823A04700B938BD034838BDDA
:108B1000CC240400D34D6210C42404000EFCFFFFDB
:108B2000836C10B504462BB123682046DB6ABDE890
:108B300010401847FFF782FC236D1BB12289C31A2E
:108B40009342F1D9E388206523F04003E380EBE70B
:108B500010B5034B03600446FEF7E4FA204610BD4F
:108B60003425040010B5054B03600446FEF7DAFA1D
:108B7000204608F03BFA204610BD00BF3425040013
:108B8000034611B903689B6A1847406CB3F84C1050
:108B9000036810B4DC692022A44600235DF8044B6E
:108BA000604700BF70B5C3880446806C43F48043BF
:108BB00086B0E38020B10268244952688A423ED1DF
:108BC0005A0638D4606CB4F84C10026806250126A9
:108BD000CDE9005643F04003556AE380A82204AB78
:108BE000A847054680BB0320FEF756FA606CB4F830
:108BF0004C100368CDE9006631225E6A0DF10F0367
:108C0000B0479DF913009DF915209DF91160A37AD5
:108C10002168C000D200F60003FB00F003FB02F263
:108C200003FB06F3C4E90702A36120460B6B9847D8
:108C3000284606B070BD0025284606B070BD904796
:108C40000128E388BED0BBE7014DF1E7C5860300EC
:108C50000EFCFFFF2DE9F041BDF81C50BDF8186077
:108C600004468846174619462A46FEF7BFFA084AC0
:108C7000C4F844800023A764A580A4F84C60226057
:108C8000E3802046FFF7F8FE2046BDE8F08100BFF4
:108C9000342504000189424AF8B54FF47A7303FB86
:108CA00001F3934204466EDC3E4A93426BD83E4A3F
:108CB00093426AD844F62062934268D842F2107216
:108CC000934266D841F28832934264D840F6C41287
:108CD000934262D8354E40F2E24106F108028B42DF
:108CE00088BF1646A37A042B4AD8314D032B05F1D1
:108CF00002032ABF1D460222042233682D49E06C7C
:108D0000A272A1FB03230268B4F84410D7699B093F
:108D100023812A220023B84700282FD1E06CB4F821
:108D2000441003682B22DF691023B84730BBE06C86
:108D3000B4F8441003682D22DF690123B847E8B96D
:108D4000E06CB4F8441003682E22DF690123B847B1
:108D5000A0B9E06C6B780268B4F84410D5690E22B3
:108D6000A84758B9E06C33790268B4F84410D46964
:108D700043F001032A22A04700B9F8BD0E48F8BD10
:108D80000E4D0822B9E70E4EACE70E4EAAE70E4E86
:108D9000A8E70E4EA6E70E4EA4E70E4EA2E700BFD0
:108DA00000C4090000710200803801007025040031
:108DB00068250400D34D62100EFCFFFF6C250400F3
:108DC000A8250400A025040098250400902504008F
:108DD00088250400802504000368DB6A184700BF6B
:108DE00010B5034B03600446FEF79CF9204610BD06
:108DF000B825040010B5054B03600446FEF792F950
:108E0000204608F0F3F8204610BD00BFB825040046
:108E1000034611B903689B6A1847C06CB3F8441045
:108E2000036810B4DC692A22A44600235DF8044BD1
:108E3000604700BFC38820495A04826C58BF43F47E
:108E4000804370B558BFC38013685B688B4284B0A1
:108E500003D10025284604B070BD0446104698474B
:108E60000028F6D1E06CB4F844100368062501220E
:108E7000CDE900525D6A02ABA8470546C8B99DF925
:108E80000A009DF90C209DF90860A37A2168F6007C
:108E9000C000D20003FB02F203FB00F003FB06F369
:108EA000C4E90702A36120460B6B9847284604B02B
:108EB00070BD024DCEE700BFC58603000EFCFFFF6C
:108EC000F8B504460E4617461946BDF81C20BDF8F5
:108ED0001850FEF78BF9084BA4F84450C4E91276F9
:108EE00023602046FFF7D6FE18B9E38843F4805389
:108EF000E3802046F8BD00BFB82504000368DB6AA4
:108F0000184700BF10B5034B03600446FEF70AF98B
:108F1000204610BD0426040010B5054B036004462E
:108F2000FEF700F9204608F061F8204610BD00BFAA
:108F300004260400034611B903689B6A1847406C75
:108F4000B3F84C10036810B4DC696B22A4464023CC
:108F50005DF8044B604700BF816CC3880A68F0B5B8
:108F60005268334C43F48043A24287B0C38003D19C
:108F70000025284607B0F0BD044608469047012862
:108F80000346F5D1606CB4F84C10026801930E23CF
:108F90000093556A02AB3B22A8470546002844D1FE
:108FA0009DF80E609DF80F30BDF80800BDF80A105E
:108FB000BDF80C20BDF810C0BDF8127043EA0623BE
:108FC00040BA49BAC0F30B10C1F30B111BB2C4E98C
:108FD0000301184EBDF8140052BA03EB8303C2F329
:108FE0000B125B00626186FB036104F10C02DB176C
:108FF000C3EB211346BA9CFA9CFC07CA7FBA1FFA3E
:109000008CFCBFB2C4E914C703F645632768A4F813
:109010004E30B6B204F11803A66583E807003B6B37
:1090200020469847284607B0F0BD034DA1E700BF92
:10903000C5860300797878780EFCFFFF10B5436C85
:10904000B0F84C101C6884B00122CDE9002218460B
:10905000646A0DF10F037522A04728B99DF80F002F
:10906000C0F3450004B010BD4FF6FF7004B010BD52
:1090700038B50446406CB4F84C1002688023D569BA
:109080006B22A8471420FDF72DFD606CB4F84C103E
:1090900003686B22DD690023A847606CB4F84C10AC
:1090A00003681A22DD690123A847606CB4F84C10EC
:1090B00003681B22DD691823A847606CB4F84C10C4
:1090C00003681922DD692023A847606CB4F84C10AE
:1090D00003683722DD693023A847606CB4F84C1070
:1090E00003683822DD690123A8472046FFF7A6FF61
:1090F00001460248FDF780F9002038BDEC25040048
:109100002DE9F041BDF81C60BDF8185004468846B2
:10911000174619463246FEF769F86D000023142100
:10912000022209482060A4F84C50C4E91187A680A7
:109130002181A272C4E91433A365E3802046FFF7BE
:1091400097FF2046BDE8F0810426040082B08DE838
:109150000C00014802B0704716FCFFFF002980692F
:1091600005DD08B904E010B10139406AFBD1704750
:10917000704700BF82B070B50C4684B005464968A0
:10918000206802AC03C4039908AC481084E80C00C2
:10919000CB0745BF2A58029B029CD4580AAB2E1815
:1091A00093E803008DE8030008AB0CCB3046A047E2
:1091B00004B0BDE8704002B0704700BF002943D042
:1091C0002DE9F0418469002C3BD00D460646DFF8BE
:1091D0008080002705E0A268AB689A420DD0646ADF
:1091E000DCB1AA88A38853409907F8D49207F2D536
:1091F000A968A06801F09CFCA8B12B88BBB96B885A
:10920000DBB9B3680BB120469847A38843EA08034B
:10921000A380646A0137002CE3D1002FC8BF204629
:109220000FDDBDE8F081AB889B07D8D4D3E7228857
:109230009A42D4D16B88002BE3D062889A42CED177
:10924000DFE76FF47A70ECE76FF47A70704700BF75
:109250000080FFFF00296BD0F0B5846985B00D4612
:1092600006463CB960E0A388980708D5914212D021
:10927000646ACCB1AB8821682A689F07F3D4914215
:10928000F6D1A268AB689A42F2D1A3881A0447D4F7
:10929000294805B0F0BDA968A06801F049FC002884
:1092A000F3D1646A002CE5D1D6F818C02A88BCF145
:1092B000000F33D06446634600E00B4618889042A6
:1092C00011D2596A1C460029F7D163451DD0596A4D
:1092D00069625D62012340F2FD31684601F00EFAD9
:1092E000002005B0F0BD21D16F885988B94204D360
:1092F0001CE04C88BC42E8D20B46596A0029E4D0F5
:109300000C888442F5D06345E1D119888A4204D3A0
:10931000DDD1588869888842D9D96B62B561D9E7AF
:10932000C3F30E03A380B3E70A88F7E72346CCE72D
:109330006FF47A70704700BF16FCFFFF2DE9F04113
:1093400083885F0782B0064603D59D062DD4DC06D0
:1093500038D443F00403B38006F1100506F1180871
:1093600015E0F368009395E80F00A047B388DA068C
:1093700018D5346AB4B194E80F00276985E80F0066
:109380002046376207F032FEFDF7A2FBB388B468CF
:1093900098070DD4D907E4D495E80F00A047B38807
:1093A000DA06E6D423F00403B38002B0BDE8F0810E
:1093B00098E8030095E80C008DE80300204601F0D2
:1093C0009FFBD3E700F1180393E803008DE8030047
:1093D00006F110030CCB3046FDF710FEE5E700BFA9
:1093E00070B51C4B8CB003F10802283304460260B0
:1093F000C36006A801F0A2F90F231820029307F01A
:10940000FEFD0025144A0092064601956A46034671
:1094100003CA46F80C4B114ADD60049375605A612B
:1094200058609960204602A91223ADF80C300595CA
:10943000CDE90A55FFF7C2FE02A8FDF7D5FD084B9E
:10944000658204F10C00E360FCF7BAFE20460CB024
:1094500070BD00BF4C260400DD960300759103002B
:109460001C200400A0F10C00FFF7BABF10B50446A1
:10947000FFF7B6FF204607F0B9FD204610BD00BF3C
:10948000A0F10C00FFF7F2BFF0B5254B254A0260B2
:109490000025044683B0C0E9025305610C30FCF797
:1094A00021FE214B236003F12002E260A561C4E9A3
:1094B0000755E584282007F0A2FD0646103001F08C
:1094C0003DF91A4B3360182007F099FD184ACDE991
:1094D000002507466A46034603CA47F80C4B154A5F
:1094E000DD604FF0C20C7D605860996020463146C7
:1094F0005A61C6E90235C6E90855A6F804C0FFF767
:10950000A9FE30B90C4B1A6802B91C60204603B0A2
:10951000F0BD3046FDF768FD304607F067FDF1E726
:109520001C20040040260400542604000F00020002
:10953000DD960300759103004C8B002038B504467E
:1095400003F0F4FAE5692DB12B69E36133B1E38CE3
:10955000013BE38403F0DCFA284638BD2362F6E7DA
:109560002DE9F04184690CB3A388656A00271A04C9
:1095700080463E4606D4264695B12C46A388656AA9
:109580001A04F8D55B07F6D46EB17562656A204699
:10959000FDF72AFD2046013707F028FD002DECD10C
:1095A0003846BDE8F081C8F81850F0E7274638463D
:1095B000BDE8F0812DE9F0418469002C44D01646C5
:1095C0000D46DFF88C8001270CE0A38803F0C00370
:1095D000A3F1C003B3FA83F35B09B34215D00027AC
:1095E000646A4CB323882988994201D0002BF7D1B3
:1095F00063886A889A4201D0002BF1D1FDF7DCF82C
:109600000028E2D10123B342E9D1B4F804E01EF40A
:10961000004FE4D195E80F0004F1100C1EF0400F4C
:109620008CE80F0002D1FDF7C7F840B92046FFF7DC
:1096300085FE646A002CD5D13846BDE8F08121460C
:109640004046FDF709FBCBE701273846BDE8F0812E
:109650003D930300F0B5012287B00446066A0D462B
:10966000FFF7A8FF10B9E38C092B01D907B0F0BDB3
:1096700095E80F0002AD85E80F00182007F0BFFC49
:1096800006AB074613E9030095E80C008DE80300DC
:10969000384601F079F803F049FA66B133693B6165
:1096A00037613B695BB1E38C0133E38407B0BDE80C
:1096B000F04003F02DBAE3693B61E761F2E727620E
:1096C000F1E700BF82B008B502A9C1E90023FFF7A6
:1096D000C1FFBDE80840002002B0704782B038B535
:1096E000054604A981E80C00FFF73AFF2846FFF77A
:1096F00025FF90B1044604E02846FFF71FFF04460B
:1097000058B1002221462846FFF754FF204607F0B3
:109710006DFCFDF7EBF80028EED1BDE8384002B053
:10972000704700BF024B1888421C1A80704700BF68
:10973000FC810020C08800F00300A0F10300B0FA13
:1097400080F04009704700BF82B070B50C4684B00D
:1097500005464968206802AC03C4039908AC481068
:1097600084E80C00CB0745BF2A58029B029CD458C2
:109770000AAB2E1893E803008DE8030008AB0CCB6E
:109780003046A04704B0BDE8704002B0704700BF4B
:1097900010B5034B03600446FDF784FC204610BD62
:1097A0009426040010B5054B03600446FDF77AFCCF
:1097B000204607F01BFC204610BD00BF9426040085
:1097C00082B070B588B00CA981E80C004289BDF860
:1097D0003050BDF83230954204460BD0022B27D0D2
:1097E000052B00F08680012B78D008B0BDE87040D2
:1097F00002B070478189022B0E461AD0052B5AD031
:10980000012BF2D1C3888D4243F00103C38068D09D
:10981000A9426AD003F00203002BE6D001231A46C6
:10982000A18804A800F06AFF238901332381DCE7C3
:109830001646B24217D0A189B14265D0954267D091
:10984000A3899D42194600F09C80A17B012900F06C
:10985000C1809D4200F0AE809542C6D1E38823F0DE
:109860001003E380C1E7E38803F00103002BE5D098
:1098700001230222A188684600F040FF63899D42CF
:1098800000F09080A289A188AA4250D0012303222F
:1098900004A800F033FF6289B24203D1E38843F0A9
:1098A0001003E380A389B34200F08F80954266D015
:1098B0009D429AD168E0C3888D4243F00403C3807F
:1098C0001AD0A9421CD003F00803002B8DD0A18828
:1098D0000123052204A800F011FF86E78689B5421E
:1098E00003D1E38843F00203E380E38803F001033C
:1098F00092E78689B54203D1E38843F00803E38009
:10990000E38803F00403E0E7E38803F00203ADE734
:10991000E088C6061FD5A38920F0010189B29D42C7
:10992000E18028D02A4621F00401E18091E7E28815
:1099300002F008000028A9D0B34238D0A389B3426E
:10994000A4D102F00802002AA0D00123042204A816
:1099500000F0D4FE9FE7A37B012B3ED100F004036F
:10996000002B37D001230422294604A800F0C6FEAC
:109970006289A3899AE720F0030189B2D2E7E088DF
:10998000CAE7E38898062BD5E38823F0020189B261
:109990009542E1802AD023F00A039BB223F02003F2
:1099A000E38022E7E288A18802F00400C2E702F027
:1099B0000402C8E7E18821F008039BB29542E380E6
:1099C00004BF21F018039BB2E8E7E18841F02001D1
:1099D000E1806BE701230322C6E7A1890B4665E717
:1099E000A07B0128FAD103F00803B9E72B469AE7D8
:1099F000817370472DE9F04F83B0DDE90C9ABDF813
:109A00003870002B40D0B9F1000F3AD00F2901D1A6
:109A1000C02F39D1804628201D460E46934607F0B8
:109A2000EEFA0446103000F089FE18202680A4F8D3
:109A300002B007F0E4FACDE9009A06466B4602460A
:109A400003CB46F80C5B0023D8F80050D360E360EA
:109A50007360506091606D6811491248A26047F0D0
:109A600002078D42A780C4E9083350610FD1204618
:109A7000FDF7BAFA204607F0B9FA0B4803B0BDE883
:109A8000F08F1AF0010FC1D16FF47A70F6E74046FB
:109A90002146A8470028EAD103B0BDE8F08F00BFF7
:109AA000656003004997030016FCFFFF2DE9F047AE
:109AB0001C4F044688B0884616461D46FDF70EFB2F
:109AC0003A681949A5800025A4F80A80A68121607A
:109AD000A57312B3DFF854A0CDE904A504AB93E855
:109AE00003004FF0C0098DE80300234641461046AD
:109AF000CDF808902A46FFF77DFFCDE906A508AB13
:109B000013E903003F68CDF808908DE803002A466A
:109B1000234638463146FFF76DFF204608B0BDE8C2
:109B2000F08700BF4C8B002094260400C1970300EF
:109B300010B50368DFED2C7ADB692DED028B90ED1B
:109B4000098A044628EE278A984707EE900AB8EE5D
:109B5000E76AD4ED096A94ED077AC8EE067A77EEE3
:109B6000E67AC7EE877A17EE900A04F0E7FF94EDE5
:109B70000A6AD4ED066A94ED087AE38876EE266ADE
:109B800007EE900AF7EE005AC7EE877ADA0785EEFD
:109B9000A67A37EE277AC5EE877A77EEC67AFCEE9C
:109BA000E77A14D56189228A17EE903ABDEC028BD0
:109BB0009BB2C1F57F70033001FB03F300FB02335E
:109BC0009B1223822046BDE81040FDF7A3BDBDECEB
:109BD000028B43F00103E38017EE903A2046238284
:109BE000BDE81040FDF796BD00C07F4410B5034BA3
:109BF00003600446FEF72EFD204610BDB826040083
:109C000010B5054B03600446FEF724FD204607F01F
:109C1000EDF9204610BD00BFB82604002DE9F84339
:109C200004469946DDF82080099F0A9E0B9DFEF7A9
:109C300035FD064AC4F81890C4F81C802762666295
:109C4000A56222602046BDE8F88300BFB826040064
:109C500010B5044B036000230446C380FCF7B0FA40
:109C6000204610BD1C20040010B5064B03600023E5
:109C70000446C380FCF7A4FA204607F0B7F9204653
:109C800010BD00BF1C20040082B000B585B0816A01
:109C90000DF1180C00208CE80C0081F80C02012357
:109CA00065220721684600F029FD05B05DF804EB48
:109CB00002B0704782B070B50C4684B00546496862
:109CC000206802AC03C4039908AC481084E80C0077
:109CD000CB0745BF2A58029B029CD4580AAB2E18CA
:109CE00093E803008DE8030008AB0CCB3046A04797
:109CF00004B0BDE8704002B0704700BF2DE9F041EC
:109D00000B4D0560002504464560884617461E46F3
:109D1000FCF7E8F9C4E90287064820602661A562DD
:109D200084F82D5084F82C502046BDE8F08100BF07
:109D30001C20040018270400F0B5044683B00F4629
:109D4000002964D0826AD2F80832994228BF1F469F
:109D5000DB1BC2F8083290F82D30781E73B3A36A6B
:109D600003F108010FB303F11005D3F8FC21561CD1
:109D7000C3F8FC611378A26A03F00F0684361B1146
:109D800052F8262045F8082CA26A8433013852F88C
:109D9000233045F8043C421C05F10805A36AE4D1D0
:109DA00001EBC70703F108017F1AA0681B4B056888
:109DB00000943A466C68A04703B0F0BDA56A05F16F
:109DC0000801002FF1D000EB400005F10E0C844497
:109DD00005F10B0300E0A56AD5F8FC21561CC5F877
:109DE000FC6112788432033355F8222003F8062CE4
:109DF000150A120C03F8055C03F8042C9C45EAD103
:109E0000A36A03300F1803F108017F1ACDE740F26F
:109E10008D30FBF783FAA16A0831C6E74DA0030035
:109E20002DE9F041826AD2F808328B4238BF23F024
:109E3000030182B00646002900F08B805B1AC2F84D
:109E40000832836A90F82D50D3F8FC41890803F555
:109E5000047003F10802002D4CD0002900F083802B
:109E6000283304EB810554F804CB0CF00F07CCF336
:109E7000031E50F8277043F8207C50F82E7043F8EA
:109E80001C7CCCF30327CCF3033E50F8277043F837
:109E9000187C50F82E7043F8147CCCF30347CCF3B5
:109EA000035E50F8277043F8107C50F82E7043F88A
:109EB0000C7CCCF303674FEA1C7C50F8277043F806
:109EC000087C50F82C7043F8047CAC4203F120036A
:109ED000C9D1B36A02EB4112C3F8FC51B068B16A50
:109EE0000368009608315C68204B521AA04702B004
:109EF000BDE8F081B9B3143304EB810554F804CB09
:109F0000CCF3072E5FFA8CF750F82E8050F82770AC
:109F1000CCF3074E47EA086743F80C7C50F82E70E4
:109F20004FEA074E4FEA1C6C4EEA182E43F808EC35
:109F300050F82CC03F0C47EA0C27AC4243F8047C95
:109F400003F10C03DAD101EB410102EB8102B36AA8
:109F5000C2E740F28D30FBF7E1F9B36AD3F8FC5168
:109F600003F10802B8E72546B6E700BF4DA003009D
:109F7000836A13B193F80C3203B970476521072047
:109F8000FCF7D6BD2DE9F04100F114078F420446DD
:109F9000154602D03846F9F76FFA2069194E036862
:109FA0001B68B34221D1E06818B103681B68B34253
:109FB00021D1A068036839461B68012298472069AF
:109FC00003681B68B34213D16A1E002A05DDA0682E
:109FD000036804F115011B689847E06818B103682D
:109FE0001B68B3420AD1BDE8F08100219847DAE747
:109FF00001219847E8E700219847DAE70121BDE809
:10A00000F04118477D8803000346002908BF2C2132
:10A0100070B503F8141F044619460122FFF7B2FF7A
:10A020002069094D03681B68AB4206D1E06818B18E
:10A0300003681B68AB4203D170BD01219847F5E767
:10A040000021BDE8704018477D880300F0B5846AA0
:10A05000D4F8047285B0064687B3002104F10805E0
:10A060004FF4FA72C4F804122846FAF797FB3B1F24
:10A0700007F13C00E21D53F8041FC1F3854102F8CB
:10A08000011F1968C1F3852182F8201019688342E5
:10A09000C1F3850182F86010EDD12D213046FFF724
:10A0A000B3FFB068036829461B6880229847F068B0
:10A0B00020B10368364A1B68934257D1D4F8001286
:10A0C00000294AD096F82D20D4F8083292B9D4F855
:10A0D000FC11002B36D1F06820B103682C4A1B68B4
:10A0E000934251D1012364220721684600F006FB08
:10A0F00005B0F0BDB3B923684A1CB1EB430FC4F8F7
:10A100000022E8D26368D4F8FC1101335B08D2075F
:10A1100058BFC91AC4F8083258BFC4F8FC11002B44
:10A12000D9D00FE0D4F8FC1101F0030171B9032B71
:10A1300024D996F82D303046DBB9A421FFF770FE04
:10A1400005B0F0BD01F003010029F0D0C1F1040118
:10A150003046FFF7F1FD05B0F0BD3046FFF754FF84
:10A16000D4F800120131C4F80012ABE7012198477E
:10A17000A4E73E21FFF754FE05B0F0BD1946304676
:10A18000FFF7DAFD05B0F0BD01219847AAE700BF4F
:10A190007D8803002DE9F047D0F8289082B004466E
:10A1A0000E4615461F46B9F1000F32D099F80C3211
:10A1B000002B40F0A08094F82C30002B40F09B80C6
:10A1C0000A9BC9F80432A36A012283F80C22A36A0D
:10A1D000C3F8FC61A36A1D60A36A5F60A36A1744A9
:10A1E000D740C3F8087294F82D3053B1A36A002504
:10A1F0002046C3F80052FFF729FF284602B0BDE809
:10A20000F087A26AD2F8083205FB03F5C2F80852BB
:10A21000ECE74FF4C26006F0F2FE4FF4C262A062B7
:10A2200049468046FAF7BAFA94F82D30002B4CD004
:10A2300008F503734946CA0042EAE10241EA4110C7
:10A2400042EA002292B2013142EA0242102943F866
:10A25000042FF0D12C4B2820D3F8009006F0CFFE2D
:10A260008046103000F06AFA284BC8F800301820F9
:10A2700006F0C5FE26490022CDE900128646EC46CE
:10A280000346BCE803004EF80C4BDA60CEF804201D
:10A2900058609960D9F80010C8F80C20D1F804A0D3
:10A2A0001C49C8F808301220C8E908228A451A4A11
:10A2B000A8F804005A6120D14046FCF795FE4046BC
:10A2C00006F094FED4F8289070E708F5037003F0C8
:10A2D0000F02191102EB022E01EB011C02EB0E1210
:10A2E00001EB0C21013342EA0122B3F5807F40F8F3
:10A2F000042FECD1AEE7094880E748464146D047F5
:10A300000028DFD0D8E700BF4C8B00200700640096
:10A31000899C030065600300B59C030012FCFFFFED
:10A3200090F82C208A422BD030B5044683B00D46DD
:10A33000B9B1836A102101228DF8071080F82C2012
:10A3400033B193F80C321BB165210720FCF7F0FB09
:10A35000204601220DF10701FFF714FE002003B093
:10A3600030BD02A9112301F8013D0122FFF70AFEC9
:10A370007820FCF7B7FB002084F82C5003B030BDE8
:10A38000002070472DE9F84307460B4600F11508F9
:10A3900000F114090FE03A755C7824F080052A4634
:10A3A000F9F76AF86A1C49463846FFF7EBFD2206C2
:10A3B00006EB050307D41A789E1C31464046002A56
:10A3C000E9D1BDE8F8835C1C705DFCF78BFB23468C
:10A3D000F1E700BF38B50446C06890B103680F4D7F
:10A3E0001B68AB4216D1206903681B68AB420ED1D3
:10A3F0000A20FCF777FB20460949FFF7C3FF00203E
:10A4000038BD2069054D03681B68AB42F0D00121BF
:10A410009847EDE701219847E5E700BF7D880300F5
:10A42000D826040070B584B0013B089C8DF802105A
:10A430000B44013C14441D128DF804300B12111210
:10A440008DF8035026128DF801308DF80A202A234A
:10A450008DF80C408DF80910044602A92B25052221
:10A460008DF808308DF80B608DF80050FFF78AFDED
:10A47000204605226946FFF785FD04B070BD00BF88
:10A4800030B583B0130C150A14468DF8053036220A
:10A49000B123FF298DF806508DF807408DF8011083
:10A4A0008DF800208DF80430054603D0022269465D
:10A4B000FFF768FD6FF07F439C4209D09DF807309D
:10A4C000FF2B28460CBF0322042201A9FFF75AFDE7
:10A4D00003B030BD10B5406882B00023046800931B
:10A4E000E468A04702B010BD30B5406885B004688C
:10A4F000089D01930023029500932469A04705B0AD
:10A5000030BD00BF014AC0E9002170473827040070
:10A51000704700BF002070470048704716FCFFFFDF
:10A520008369C2681344002B59DD90F82030002B5A
:10A530005CD010B5816A0B68044686B01B6801A820
:10A540009847E068A369C218002A31DC6269002AD2
:10A550002CDD21698A422BDB53BB8A4200DB4BB1E5
:10A560000133A361FCF7B4FAA369E068013B00285A
:10A57000A361E8DC023001A904EB800000F058F987
:10A58000019B22695988E368606A0A440133C4E97F
:10A59000033228B194F82030CBB103681B68984788
:10A5A00001A800F03DF9002006B010BD002BE1D05D
:10A5B000A18B40F2FF30FCF707F9A369E0681A1895
:10A5C000002ACDDC6269002AC9DD2169C5E7E28B7A
:10A5D000012340F2FF3102A800F090F8E0E7436960
:10A5E000002BA6DD02699342A3DA9EE76FF47B702D
:10A5F000704700BF10B40170427043605DF8044BB7
:10A60000704700BF82B030B402AC84E80C000D4645
:10A61000034694E807009DF8144083E80700B4B1AE
:10A62000687818B149425242C3E901126A68022AA5
:10A6300011D0032A2AD0012A22D0012C15D0022CB5
:10A6400005D1D3E9011249425242C3E9011230BC9B
:10A65000184602B07047D3E90012012CC1F1000185
:10A66000C2F10002C3E90012E9D130BCD3E9001005
:10A670009A68186052421846C3E9011202B0704746
:10A68000D3E90021524219605A60D6E7D3E900129B
:10A69000524259601A60D0E782B010B582B004AC63
:10A6A00084E80C000B78069C019304AB0CCB00945F
:10A6B0000446FFF7A7FF204602B0BDE8104002B0F5
:10A6C000704700BF30B50B4B1C6883B024B12268C3
:10A6D000094B15689D4201D103B030BD00F108025D
:10A6E000034692E803008DE8030020460CCBA84700
:10A6F00003B030BD4C8B00204D91030038B5018074
:10A70000428004461D46FDF7A9FEC4E9020115B1C9
:10A710002046FFF7D7FF204638BD00BFD0B5DDE9A2
:10A7200004679DF8183001800446C0E90267428042
:10A730000BB1FFF7C7FF2046D0BD00BF10B5002307
:10A7400003600446FDF78AFEC4E90201204610BDFD
:10A7500030B50B4B1C6883B024B12268094B1568D7
:10A760009D4201D103B030BD00F10802034692E8DA
:10A7700003008DE8030020460CCBA84703B030BD92
:10A780004C8B00204D91030082B038B5002504A900
:10A790000560044681E80C00FDF760FE04AB0FCBBA
:10A7A000256184E80F002046BDE8384002B07047BC
:10A7B00070B50546101D14460E46F4F7B9F9286029
:10A7C00000F026F92B685C80286822460430314668
:10A7D0001EB1BDE87040F8F74FBEBDE87040F9F714
:10A7E000DDBF00BF014B0360704700BF402704007E
:10A7F0000A1E10B5044604DD0021FFF7D9FF2046EC
:10A8000010BD024B0360204610BD00BF402704006E
:10A8100010B504460868206000F0C4F8204610BD5A
:10A8200010B50446006800F0D1F8204610BD00BF06
:10A8300038B504460B680068984206D00D4600F013
:10A84000C5F82868206000F0ADF8204638BD00BF8C
:10A85000002906DB03685A888A4202DB59800020FF
:10A8600070476FF47A70704710B50446006800F0C6
:10A87000ADF8204610BD00BF70B50546501D14460A
:10A880000E46F4F755F9286000F0C2F82B685C809A
:10A890002868224631460430F8F7EEFD2B681C4448
:10A8A0000023237170BD00BF10B50B4684B0044671
:10A8B00001A91846FBF79EFB01A806F016FC01A9AA
:10A8C00002462046FFF7D8FF204604B010BD00BF67
:10A8D00010B582B002AB0022ADF8042003F8041DCD
:10A8E000012219460446FFF7C7FF204602B010BDFB
:10A8F00070B5054649B10B780C4633B1084616468B
:10A9000006F0F3FBB3B2834203D9054B2B60284614
:10A9100070BD284632462146FFF7AEFF284670BD7F
:10A920004427040010B504460868206000F03AF897
:10A93000204610BD014B0360704700BF4427040050
:10A9400038B504460B680068984206D00D4600F002
:10A950003DF82868206000F025F8204638BD00BF8B
:10A96000002907DB0368B3F902208A4202DD0B44A9
:10A97000187970470020704710B5064B064C1846F2
:10A98000236000F00FF82046044A0549BDE8104056
:10A9900006F030BB44270400508B002000800020CC
:10A9A00069A8030003884FF6FF7293420CD0012B75
:10A9B00010B5044601D0DA0703D41E20FAF7AEFC26
:10A9C00023880233238010BD704700BF03884FF6F1
:10A9D000FF72934219D0012B10B5044607D0DA0755
:10A9E00005D5023B9BB2012B238009D010BD1E2050
:10A9F000FAF794FC2388023B9BB2012B2380F5D10C
:10AA00002046BDE8104000F001B87047F3F7E0BE03
:10AA100003230380704700BFD0E9002303F10053F4
:10AA2000013B10B402EBC304A24210D852F83330F9
:10AA300099420CD8A21A22F007022346A21A03E078
:10AA400053F8080D814202D893421C46F8D1606841
:10AA50005DF8044B704700BFD0E9002303F10050BC
:10AA6000013802EBC0039A4252F8300016D88142F6
:10AA700015D89A1A22F0070210B49A1A03E053F874
:10AA8000080D814206D893421C46F8D118685DF83B
:10AA9000044B704720685DF8044B7047704770475F
:10AAA000D0E9002303F10050013802EBC0039A42C1
:10AAB00052F830001FD881421DD89A1A22F007029E
:10AAC0009A1A9342184615D010B453F8084DA14273
:10AAD00006D8934218460BD053F8084DA142F8D936
:10AAE00000685DF8044B081AB0FA80F0400970471E
:10AAF0001868F6E71868081AB0FA80F0400970473D
:10AB000082B070B582B0044608A906A880E80C009F
:10AB100003C9266865698DE8030006AB0CCB304697
:10AB2000211DA84702B0BDE8704002B0704700BFC9
:10AB300008B502680B689A4201D0002008BD0431B4
:10AB40001022043006F07FFAB0FA80F0400908BD08
:10AB500038B50D4B994214D90C4A914294BF4FF02D
:10AB600080624FF0C862C368094800240625C3F814
:10AB70000045C3F82425C3F80055FBF73DFC2046EB
:10AB800038BD4FF0CC72EEE78FD003007F1A06007D
:10AB900054270400F0B585B004AC066804F8012D14
:10ABA0009DF82C70009722461F46B6690123054682
:10ABB0000C46B04738B92B68009021463A461C6ACB
:10ABC0000A9B2846A04705B0F0BD00BF70B50446FB
:10ABD0008068036801211B68984760680368012149
:10ABE0001B6898470420FCF757FA00256068036843
:10ABF00002219B689847014600BBA06803681B6858
:10AC000098470420FCF748FAA068036801211B68F4
:10AC10000D4498470420FCF73FFA092DE6D16068FF
:10AC2000036800211B6898470420FCF735FA606828
:10AC3000036801211B68BDE870401847002DEED164
:10AC400070BD00BFF8B504461F460D46164602F01B
:10AC5000E3FE1B4B2360C4E901563FB3384602F0C4
:10AC60003BF8E06040B32046FFF7B0FF2B680221BD
:10AC70009B6828469847336802219B68304698476E
:10AC80000A20FCF709FAE368327C287CC3F808251F
:10AC90004FF0CC710622C3F80C05C3F824150A2026
:10ACA000C3F80025FCF7F8F92046F8BD012002F0B2
:10ACB00035F8E0600028D6D15A20FAF72FFBD2E70A
:10ACC0006C2704002DE9F041DFF85080124FC26874
:10ACD000054682B00020012612FA81F102E0D2F886
:10ACE00024312BB90C68002CF9D002B0BDE8F081FA
:10ACF000D2F8C414C2F8C4144046FBF77DFBEA68DE
:10AD0000C2F82441D2F824310193019B16624FF41A
:10AD1000827156613846DFE70EFCFFFF48270400CA
:10AD200070B4C468C1F34701C4F888150021C4F8A1
:10AD3000041187B0D4F804610496049EC4F8241169
:10AD4000D4F824610396039EC4F86011D4F86061BE
:10AD50000296029EC4F85011D4F850619DF8285014
:10AD60000196019EC4F84425C4F8483595B14FF4C6
:10AD70008073C4F80032C4F84811D4F84831059300
:10AD8000059A01234FF4A4712362A36007B070BC3D
:10AD9000FFF798BF01234FF400724FF48271C4F89B
:10ADA00000222362A36007B070BCFFF78BBF00BF17
:10ADB000F0B5C468C1F34701C4F888150021C4F890
:10ADC000041183B0D4F804710197019FC4F82411D1
:10ADD000D4F824119DF8206000910099C4F834251E
:10ADE000C4F838356EB901234FF480524FF48271A4
:10ADF000C4F800222362236003B0BDE8F040FFF7EF
:10AE000061BF012626624FF4AE7126600546FFF74A
:10AE100059FF08B103B0F0BDEB6828464FF4A471A8
:10AE2000DE6103B0BDE8F040FFF74CBF0C4B03F10F
:10AE3000240270B505460360826000F1240600F12B
:10AE40002C04043C2046FFF7EBFCA642F9D1054B4D
:10AE50002B6000232846EB80FBF7B2F9284670BD33
:10AE6000A02704001C2004000E4B03F1240270B53F
:10AE700005460360826000F1240600F12C04043CC6
:10AE80002046FFF7CDFCA642F9D1074B2B600023EB
:10AE9000EB802846FBF794F9284606F0A7F82846E9
:10AEA00070BD00BFA02704001C2004002DE9F8435A
:10AEB000594C04600024446005460E46904699466D
:10AEC000BDF82070FBF70EF95448EE6000F1240342
:10AED000AB60286005F12400FFF784FC05F1280031
:10AEE000FFF780FC4E4EE9684E4890FBF9F00001F8
:10AEF0004FF0802301224FF47F4CB0F5004FAF801C
:10AF0000C5F82C806C616C742C74A5F820C0AA74F0
:10AF1000EA743360C1F80045C6E90133F36077DBBA
:10AF20002346013340FA03F2B2F5004FF9DA072B5A
:10AF300030DD3D4800230224C1F804350122C1F868
:10AF400010458142C1F848354FF00404C1F8283556
:10AF5000C1F84C35C1F82C354FF03003AA74EA74AF
:10AF6000C1F81425C1F80042C1F8043330D02F4B8A
:10AF700099423FD02E4B99421CD0E86A02680123C7
:10AF800052682B74C1F8003505F108019047284636
:10AF9000BDE8F8831C4612FA03F348BF0F331B11B8
:10AFA000C1F80C45C1F80825EB611E4A92FBF3F38A
:10AFB000AB61BEE71F4A204B92682049C2F8C81017
:10AFC0001F480422C3F884215A60E9688560D4E7E9
:10AFD0001B4A184B15609A681A49C2F8B010A3F5BD
:10AFE00040634FF08052C3F880211A60E9680F4B2C
:10AFF0009942BFD10F4A104B92681349C2F8C4104E
:10B000000F480222C3F884215A60E9684560B1E71D
:10B0100002462346BFE700BF1C200400A02704000F
:10B02000548B002040420F0000C00140001002403D
:10B030000020024000ED00E000E100E071B20300FA
:10B04000648B002051B2030061B203008069704735
:10B05000C368D3F8080570470901B1F5004F10B473
:10B060001DDB0023013341FA03F2B2F5004FF9DA98
:10B07000072B18DC1C4612FA03F3C16848BF0F33D4
:10B080001B11C1F80C45C1F80825084AC36192FBA1
:10B09000F3F30022836110465DF8044B70470024EF
:10B0A0000A462346E7E76FF47A72F4E740420F005E
:10B0B000C0697047C2748174C36839B93022C3F85B
:10B0C0001415C3F80012C3F80823704701200421A7
:10B0D0003022C3F81405C3F80012C3F804237047E4
:10B0E00070B590F921308B4282B03ED04369B3B93C
:10B0F000827C002A36D0427C002A33D0C27C8ABBB4
:10B10000C268204D02EB4112B1FA81F149090824CD
:10B11000C2F82055C2F8244580F8211022E00D46DF
:10B12000C16A0B6805F1090604461B6800EB860638
:10B1300001A8984701A93046FFF77AFB01A8FFF75D
:10B140006FFB04EB8503E1685B6A626901EB451103
:10B15000181DC1F820055B88013A5B10C1F8243541
:10B1600001236261184602B070BDC3680022012449
:10B170005C604FF47F41134642740184184602B06C
:10B1800070BD00BF548B002038B54369817C01330A
:10B190000446436119B1637C63B1002038BDFFF7F9
:10B1A0009FFFC8B1E36801229A60A37C002BF2D113
:10B1B000002038BD0125657494F820102046FFF763
:10B1C0008FFF94F820302B442B4084F820303BB97B
:10B1D000E36801229A60E0E7E37C002BE5D0E1E739
:10B1E00063691BB900236374002038BD29462046DB
:10B1F000FFF776FF94F82030013303F0010384F861
:10B200002030002BEED1E3E7A0F10800FFF7BCBF30
:10B2100038B5C368D3F81021044672B9D3F8143195
:10B2200003B938BD002584F8205001212046FFF7DE
:10B2300057FFE368C3F8145138BD012380F820306C
:10B240000021FFF74DFFE3680022C3F81021E5E776
:10B25000024B186808B1FFF7DBBF7047648B002012
:10B26000024B586808B1FFF7D3BF7047648B0020CA
:10B27000024B986808B1FFF7CBBF7047648B002082
:10B28000032A23DC70B502F5AC76C2680B7C52F859
:10B2900026209A4218D00B680C4605469B6D08463E
:10B2A0009847236800211B68204698472368EA686E
:10B2B000217C42F8261020469B6D9847E38843F096
:10B2C0000803E380002070BD002070BD6FF47A7029
:10B2D000704700BF70B4C5680C7C00234FF0FF3688
:10B2E00005EB83020133D2F86005A04208BFC2F823
:10B2F0006065042BF4D1CB8823F008030020CB80B9
:10B3000070BC70476FF47D70704700BFC160002053
:10B31000704700BF0279D2072ED5C28802F0E10241
:10B3200038B5044682B1017C01F01F002029134A80
:10B3300038BF4FF0A0420123D2F8102583401342BA
:10B3400014BF0120002038BD03689B6D9847217C05
:10B350000A4AE3881F2998BF4FF0A04201F01F005E
:10B3600002EB800243F00103D2F8005725F00305F9
:10B37000C2F80057E380D9E7014870470003005046
:10B3800016FCFFFF10B5036804461B6C9847236842
:10B3900020465B68BDE81040184700BFF0B4047950
:10B3A000A40728D5002922DB002A20DD002B1EDD82
:10B3B000B4294FF47A74A8BFB42104FB01F10F4FF4
:10B3C00005680F4EED6A8908A7FB017102EBD27781
:10B3D000A3EB670304FB03F3890802FB013286FB3E
:10B3E0000231D2172B46C2EBA111F0BC18476FF403
:10B3F0007A70F0BC70470348FBE700BF176CC116BA
:10B40000D34D621016FCFFFFC08800F0050000302D
:10B4100018BF0120704700BF037C0B4A1F2B98BF49
:10B420004FF0A04203F01F03D2F81415012202FAD4
:10B4300003F30B4206D1C08800F00A00003018BFA9
:10B44000012070471046704700030050C08810F07C
:10B45000030018BF01207047C08800F00C000030C6
:10B4600018BF0120704700BF03684FF47A725B6B0E
:10B4700002FB01F1184700BF08B503689B6B9847B2
:10B48000024BA3FB0030800908BD00BFD34D621002
:10B49000027C0F4B202A38BF4FF0A04302F01F025E
:10B4A00003EB82030129D3F80027417122F00C023B
:10B4B00007D0022908BF42F00C02C3F80027002081
:10B4C000704742F00402C3F800270020704700BF15
:10B4D00000030050D0F8103521EA0301C0F8181518
:10B4E000704700BFD0F810351940C0F818157047E4
:10B4F000704700BF10B5044605F078FD204610BD2A
:10B50000C3882DE9F0410446180714D52B4DDFF808
:10B51000BC8005F10C06FF2755F8040B40B121460D
:10B52000FFF7D8FE55F8042CD8F800309A4238D0EE
:10B53000B542F1D1E388D90605D5606928B1026822
:10B5400052699047E3885A0620D413F0E00F16D0D2
:10B55000207C1B4A1B4D1F2800F01F0198BF4FF095
:10B56000A04202EB8102D2F8001721F44031C2F868
:10B5700000172A680121814022EA01022A6003F4AF
:10B5800010630022E3806261BDE8F0816569002DEF
:10B59000DBD0284602F0F0FB284605F027FDE388C3
:10B5A000D3E7094B207C191D13F9012B824208BFF8
:10B5B00003F8017C9942F7D1BAE700BF648B002001
:10B5C00000030050488C00201C800020388C002094
:10B5D00003799A0719D5C3885B0710B5044606D4CA
:10B5E00003689B6D9847E38843F00403E380084BAE
:10B5F000186840B1214601F01FFE20B101F008FE9D
:10B60000C0F30F1010BD034810BD0248704700BFC3
:10B61000348C002016FCFFFFC3881B0735D570B59E
:10B620001B4D1C4C28682DED028B0E46FFF710FDBC
:10B6300008EE900A31462868FFF70EFDF8EEE88A1A
:10B6400004F108062388286807EE103AB8EE478A06
:10B65000FFF7FEFC07EE900AB8EEE77A27EE087ACD
:10B66000C7EE287AFCEEE77A17EE903A24F8023B10
:10B67000B442E7D1084B074918680822012302F0B9
:10B68000C7FCBDEC028B002070BD0448704700BFB2
:10B69000388C00203C8C0020448C002016FCFFFFDE
:10B6A00038B50379DB0739D5027C012302F01F048A
:10B6B000A34069B91A491F2A8CBF0A464FF0A0421D
:10B6C000C2F80C35C38813F002050DD0002038BD38
:10B6D00013491F2A8CBF0A464FF0A042C2F8083512
:10B6E000C38813F00205F1D1036804469B6D9847A7
:10B6F000227C0B4BE1881F2A98BF4FF0A04302F039
:10B700001F0203EB820341F00202D3F8001741F05D
:10B710000101C3F800172846E28038BD014838BD52
:10B720000003005016FCFFFF38B5027C1B4B202A9B
:10B7300038BF4FF0A04302F01F020125D3F8144593
:10B7400005FA02F2144224D10D460446D1B9C3F8D9
:10B750000C2518461146FFF7C5FE217C0F4B20290A
:10B7600038BF4FF0A043D3F81435134213D02368E9
:10B7700020469B6D9847236829461B6820469847BA
:10B78000002038BDC3F8082518461146FFF7A2FE71
:10B79000E3E7002038BD024838BD00BF0003005079
:10B7A00012FCFFFFC3881B0703D5034B1868FFF784
:10B7B0007FBC0248704700BF388C002016FCFFFF9A
:10B7C00070B5044615464FF4807600220D4821815D
:10B7D0002F2D23712574E6802060E260627102D90A
:10B7E0003220F9F79BFD084A0849094B42F82540E9
:10B7F00000204FF0004540226061C1F804531A60F8
:10B80000204670BDD0270400708B002000600040EF
:10B8100000E100E00379DB0741D570B5C388DA06A3
:10B8200082B00D46044603D5C3F3C023994234D0F9
:10B83000236820469B6D9847012D1ED02368204623
:10B840005B689847182005F0DAFB0023228921461F
:10B85000CDE9003301230646FCF7E2FFE388666189
:10B8600023F400639BB243F01003E38033689B69C9
:10B87000304602B0BDE870401847282005F0BFFBF5
:10B88000084A4FF0FF3312682146064602F006FBD5
:10B89000E388666143F40063E5E74669E6E702484A
:10B8A000704700BF308C002016FCFFFFC188C1F339
:10B8B000C021FFF7AFBF00BF10B5044684B00A46F1
:10B8C000002368462189FEF719FF63694BB1029A8C
:10B8D00099699A616846521A0023CDE90223FEF75E
:10B8E00037FF04B010BD00BF10B5C388590688B03B
:10B8F000044609D49A060DD41B0603D5E3680BB1A0
:10B900000120984708B010BD0521FFF7D5FFE38857
:10B910009A06F1D500230120002221890290CDE969
:10B92000002304A80222FEF7F9FEE388E4E700BF43
:10B9300010B5C388590688B0044609D49A060DD4B8
:10B940001B0603D5E3680BB10020984708B010BD73
:10B950000421FFF7B1FFE3889A06F1D50023012007
:10B96000002221890290CDE9002304A80322FEF7DA
:10B97000D5FEE388E4E700BF234BD3F87C21002AFF
:10B9800041D02DE9F0410024204E214FC3F87C41E5
:10B9900001254FF0A04806E0C2F800C7FFF7C8FF36
:10B9A0000134202C24D0326805FA04F31342F7D076
:10B9B00057F82410A2000029F2D0D8F8200503423D
:10B9C00002F1A042ECD0D2F80037C3F3014E23F4C9
:10B9D0004030BEF1020F40F4003C0846DCD143F495
:10B9E0004033C2F800370134FFF77EFF202CDAD154
:10B9F0004FF0A041074A4FF0FF33C1F82035C2F89D
:10BA00002035BDE8F081704700600040488C002080
:10BA1000708B002000030050F8B5C38813F0E00FCE
:10BA200004460D461ED023F0E003022D4FF0000126
:10BA30009BB243D0032D06D0012D08BF43F08003F5
:10BA4000E3800020F8BD43F04003E3800029F8D0F4
:10BA5000202005F0D4FA2146054602F027F9656159
:10BA60000020F8BD036841799B689847227C194BF8
:10BA70001F2A98BF4FF0A04302F01F0603EB860178
:10BA8000D1F8007727F44037C1F80077D8B1D1F862
:10BA9000000740F44030C1F80007012101FA06F622
:10BAA0000D48C3F820650668E38801FA02F23243C4
:10BAB00023F0E003022D02609BB2BBD143F02003D0
:10BAC000E3800020F8BDD1F8000740F40030C1F851
:10BAD0000007E2E700030050488C002000B583B067
:10BAE000042920D8DFE801F0100A0A0A03000368DD
:10BAF0009B6A9847002003B05DF804FBFFF78CFFBA
:10BB0000002003B05DF804FBC38803F0F0031BB909
:10BB1000084603B05DF804FB036801919B6D9847EC
:10BB200001990846E7E76FF47A70E4E738B5C3880F
:10BB30005B0604460D4605D529466069BDE83840D8
:10BB400002F022B80368084A1B6D93424FF00301CC
:10BB500007D1FFF761FF29466069BDE8384002F070
:10BB600013B89847E8E700BFDDBA0300027C0A4B30
:10BB7000202A38BF4FF0A04302F01F0203EB8203DC
:10BB8000D3F8002722F4E06209B142F44072C3F80E
:10BB900000270020704700BF00030050F0B5154C8F
:10BBA000236883B0CBB1144D2E6816B1002003B0CA
:10BBB000F0BD302005F023FA1323074622680093D6
:10BBC0000E493223FFF772F93846314601222F60C1
:10BBD000FFF770FA002003B0F0BD382005F00FFA2F
:10BBE000054602F0DBF928460321256002F080F9C2
:10BBF000D9E700BF448C0020388C002000C00140F1
:10BC000003799A0754D5B1F5806F53D22DE9F041ED
:10BC10002A4F067C3A464FF0FF34002312F9015BAD
:10BC2000B54208BF1C460133042BF7D1631C0D46F7
:10BC300006462AD0DFF89C80F388D8F8000043F04D
:10BC40000803F380FFF704FA07EE905ADFED1C6A51
:10BC50001C4D1D4AB8EEE77AF7EE007AE7EE667AF9
:10BC60002946012307EE100AB8EEC77A106867EE7E
:10BC7000877A0822FDEEE77A17EE906A25F81460BD
:10BC800002F0C6F90020BDE8F081FFF787FF0F4BF7
:10BC9000DFF840801C78317CD8F80000013404F0D3
:10BCA00003042246395531461C70FFF7E9FAC3E711
:10BCB000074870476FF47A70704700BF1C800020FF
:10BCC0000000803A3C8C0020448C0020FE81002043
:10BCD00016FCFFFF388C002070B5144D2DED028B43
:10BCE000044608EE101AFFF759FF2868FFF7E0F93D
:10BCF00044F62061884202D02868FFF7ADF9DFEDF5
:10BD00000C7A9FED0C7A2368B8EE488A204628EE1C
:10BD1000278ADB68C8EE077ABDEC028BBDE870406D
:10BD2000FDEEE77A17EE901A184700BF388C002016
:10BD30000000804400409C46082A4FF000034175F3
:10BD4000837514BF6FF47A7018467047704700BF50
:10BD500010B5044605F04AF9204610BD264BC269CD
:10BD600010B49A424FF0000484751ED0234B9942C0
:10BD700014D8234B994230D8224B994229D8224BD0
:10BD8000994231D8214B994232D8214B99428CBFEC
:10BD90004FF080634FF00073036102E04FF0004307
:10BDA000036100205DF8044B70471A4B994209D893
:10BDB000194B9942DAD94FF0206303615DF8044BC7
:10BDC000002070474FF0A05303615DF8044B002042
:10BDD00070474FF000530361E3E74FF08043036186
:10BDE0005DF8044B002070474FF080530361D8E7A3
:10BDF0004FF000630361D4E700F00240FF117A00C6
:10BE0000FF083D007F841E003F420F001FA1070076
:10BE10008FD00300FF47E801FF23F400C369D3F884
:10BE2000182182B100B50022C3F8182187B0D3F8D9
:10BE30001811036A0191019933B10262406A98476F
:10BE400007B05DF804FB704701230322182102A804
:10BE5000FEF754FCF4E700BFF8B50446C0680121C2
:10BE6000A17508B1FFF782FE606800286ED001213D
:10BE7000FFF77CFE6068002868D0036800211B681B
:10BE800098476368A0681D7C002864D003685B68DD
:10BE90009847A368E0681E7C617D002861D0036834
:10BEA000012994BF002101211B689847E368617D47
:10BEB0001F7CE36920690139C9B200220229C3F855
:10BEC000002598BF2C4AC3F8087598BF52F8211076
:10BED000C3F80C5588BF114694F91420C3F81065B7
:10BEE0000025C3F82405AA42C3F854154FF04200B8
:10BEF0004FF00701C3F8C055C3F80403C3F8001599
:10BF000032DB02F1604202F56142E02382F8003345
:10BF100094F91430002B13DB5909603103F01F032F
:10BF20000122164802FA03F340F8213094F9143044
:10BF3000002B05DB03F01F015B098A4040F823203A
:10BF400021690F48BDE8F840FAF756BAA0684FF0EB
:10BF5000FF3500289AD1E068617D4FF0FF36002858
:10BF60009DD14FF0FF37A4E7064B02F00F021344B8
:10BF7000E0221A76CCE700BF3428040000E100E09C
:10BF800040280400FCEC00E038B504460498134D4A
:10BF9000E360C4E901122560A8B100F09DFEE061F4
:10BFA000B8B100F00DFFE169207500234FF0805219
:10BFB00008462261A375637523622246084900F092
:10BFC00033FF204638BD042000F0A8FEE0610028C1
:10BFD000E7D15A20F9F7A2F9E069E2E76028040006
:10BFE0001DBE03002DE9F047847D82B005468A46D8
:10BFF000DDE90A87164699462CB3B6F5803F35D25F
:10C00000B8F5803F32D2EC690020C4F844A5C4F8EA
:10C010004865C4F83495C4F83885C4F81801D4F8D4
:10C0200018310193019BC4F85005C4F840056FB165
:10C03000012240230C992F6269622261C4F8043303
:10C0400002B0BDE8F087FFF707FFD6E7032118200D
:10C05000FAF7BAFBEB69012140221961C3F8042306
:10C06000FAF736FD384602B0BDE8F0876FF47A7013
:10C07000E6E700BFF0B585B0B2F5803F144606464E
:10C080000F469C460A9D02D2B5F5803F09D3634610
:10C090002246394630460A9505B0BDE8F04001F029
:10C0A000C1BC00240095CDE90144FFF79BFF05B01A
:10C0B000F0BD00BF2DE9F041DDE90664DDF8208028
:10C0C000C4B1B2F5803F07468C4615469E4602D263
:10C0D000B6F5803F0AD3CDE90748069673462A464F
:10C0E00038466146BDE8F04101F0C8BCBDE8F0410A
:10C0F000FFF778BF6FF47A70BDE8F08130B585B096
:10C1000000250122C17500F1180300F11701CDE9E6
:10C11000015500920446FFF765FFA842ACBF207EA0
:10C12000014805B030BD00BF0AFCFFFF21B9036C18
:10C130004FF40472C3F8082300207047B1F5614F33
:10C1400038D00FD9B1F5612F19D01E4B99422AD0A2
:10C15000B1F5613F1AD0036C4FF0EB720020C3F8C9
:10C1600024257047B1F5165F17D0B1F5164FF2D1FF
:10C17000036C4FF41D020020C3F824257047036CA4
:10C180004FF070620020C3F824257047036C4FF015
:10C190006C720020C3F824257047036C0A4AC3F868
:10C1A000242500207047036C4FF080520020C3F814
:10C1B00024257047036C4FF46B020020C3F824253C
:10C1C000704700BF40420F000050270030B4836822
:10C1D0000C794D791C71CC885D710D89DC80CC683F
:10C1E000DC601D810C7C1C74C368147955791C714A
:10C1F000D4885D711589DC80D468DC601D81147C75
:10C200001C74036C097C127CC3F80C150020C3F865
:10C21000142530BC704700BF10B5036C2049214A7B
:10C22000016082B00446C3F80823184600F0C8FD38
:10C2300000280DDB4309203301221B4900F01F00B9
:10C2400002FA00F041F82300BFF34F8FBFF36F8F66
:10C25000236CD3F80022012122F020020020C3F831
:10C2600000225960C3F85801D3F858210192019A6D
:10C27000D960D3F85821002AFBD04FF0FF320021BB
:10C28000C3F800151846C3F80C25C3F8142500F0B0
:10C2900069FD2046FBF772FF204602B010BD00BFCB
:10C2A000842804001403420000E100E010B50446B5
:10C2B000FFF7B2FF204604F099FE204610BD00BFF4
:10C2C0000021FBF7CDBC00BF70B5044684B0A9B90E
:10C2D000C3885A073BD5227F236CA1695208A26309
:10C2E000A06BC3F8341501224FF40471C3F838056C
:10C2F000C3F804131A60002004B070BD01290D4674
:10C30000F9D190F83430002BF5D1FBF72BFF002842
:10C31000F1D0A08DA38D94F82860616A5A1C92FB1D
:10C32000F6F306FB13239BB282B22068A385895CD7
:10C33000836A20469847A38D628D9A42DBD12B46B3
:10C34000022240F2FF316846FEF7D8F9D3E7FBF747
:10C35000B9FBE3885B07BED4002004B070BD00BF0A
:10C3600010B584B004468DF8071002E094F834301C
:10C370001BB100F0C7FB0028F8D000F0C3FB236C12
:10C3800060B10022C3F82021D3F820110391039952
:10C39000C3F85821D3F858210292029A01220DF1D4
:10C3A000070184F83420C3F84415C3F848259A607F
:10C3B00000F0A8FB98B1236C00E091B9D3F82021DC
:10C3C000D3F85811002AF8D059B90122DA60D3F80D
:10C3D0005821002AFBD00020002384F8343004B018
:10C3E00010BD0148F8E700BF09FCFFFFF0B5C36BC3
:10C3F00002690133C363B2F90260002E85B00446BE
:10C4000018DD00F11007002501E0AE4212D029B27C
:10C410003846FEF7A5FAE38BA2699BB20135D35CDF
:10C420008342F2D101231A46A1886846FEF766F9D5
:10C43000AE42ECD1E38B217F208C5A1C92FBF1F3AE
:10C4400001FB13239BB298420CD06269E383002A5C
:10C4500002DBE38B9A420DD0E38843F01003E380C4
:10C4600005B0F0BDA188012303226846FEF746F916
:10C4700005B0F0BD4FF0FF33636102220123A188B4
:10C480006846FEF73BF9E7E7F0B5142489B00C26BF
:10C49000CDE900461D46234604460E461746FBF7E7
:10C4A00071FB414B2360002384F834302364A36381
:10C4B000E363002D6CD0284600F00EFC20640028B9
:10C4C0006CD000254FF0EB73C0F8243531463A4666
:10C4D000C0F86C552046FFF779FE236C334EC3F845
:10C4E0000851D3F808210792079AC3F81051D3F8DE
:10C4F00010210692069AC3F82051D3F82021059204
:10C50000059AC3F82451D3F824210492049AC3F85D
:10C510004451D3F844210392039AC3F85851D3F8F5
:10C5200058210292029AD3F80022214942F02002B7
:10C53000C3F800221846C3F80463224600F074FCD6
:10C54000206C00F03DFC00281BDB43099B0000F140
:10C55000604103F1604303F5614301F5614100F07F
:10C560001F00012202FA00F0202581F80053C3F8D1
:10C5700080011860236C08222046C3F8002509B00A
:10C58000F0BD0C4B00F00F00034420221A76F1E7B7
:10C59000102000F0C3FB2064002892D15A20F8F745
:10C5A000BDFE206C8DE700BF8428040014034A0000
:10C5B000E5C50300FCEC00E038B5036CD3F83C455E
:10C5C000C36B0546E41A14F1FF3408D3EB885B070C
:10C5D000F9D52846FFF70AFF14F1FF34F6D20023FD
:10C5E000EB6338BD70B5054688B00026046C08E0E2
:10C5F000C4F80861D4F80821EB880192019A5A071F
:10C600004BD4D4F80831002BF2D1D4F81021002AF1
:10C610005FD1D4F84C31002B43D00023C4F84C3107
:10C62000D4F84C210392039A297FAA6B8A424CDBEF
:10C630004908A9631E46A969AA6B286C0B44921B82
:10C64000C0F83435C0F83825D4F84431A3B10023FC
:10C65000C4F84431D4F844310593059BD4F83C65C3
:10C6600016F1FF3608D3EB885B07F9D52846FFF7AC
:10C67000BDFE16F1FF36F6D2D4F820319BBBD4F8BC
:10C68000583143B10023C4F85831D4F858210792E7
:10C69000079A85F8343008B070BD2846FFF7A6FE2B
:10C6A000AFE7D4F82421002ACED0C4F82431D4F83E
:10C6B00024310493049BD4F88034C4F880340123DB
:10C6C00063602846FFF778FFBEE7AE6BA963334689
:10C6D000B1E7C4F81031D4F8103102932846029B18
:10C6E000FFF76AFF95E70023C4F82031D4F8202132
:10C6F0000692069A85F834302846FBF733FD002869
:10C7000002DC0123E360BAE72846FBF775F9B6E7D8
:10C71000007A704790F910304901002BC9B207DB4D
:10C7200003F1604303F56143002083F80013704771
:10C73000034A03F00F031A4400201176704700BF2C
:10C74000FCEC00E090F91030002B11DB5A0910B41A
:10C7500060320A4C03F01F03012101FA03F344F88D
:10C76000223043695DF8044B012200201A607047B3
:10C77000436901221A600020704700BF00E100E019
:10C7800090F91030002B07DB03F01F0001225B093A
:10C790000249824041F823200020704700E100E078
:10C7A00010B503680446DB6A9847636901225A6042
:10C7B000002010BD90F91030002B0DDB5A092032FB
:10C7C0000121064803F01F0301FA03F340F8223069
:10C7D000BFF34F8FBFF36F8F0020704700E100E081
:10C7E00038B503680546DB6A98476B690122DA6051
:10C7F000DC68002CFCD12B6828465B6A98472046F1
:10C8000038BD00BF012902D006D3022902D14369F5
:10C81000C3F804150020704743690022C3F80425BB
:10C8200000207047437A013B99420FDC10B44FF46B
:10C830008033446901F5A87003FA01F144F820201F
:10C840000020C4F804135DF8044B70476FF47A704D
:10C85000704700BF437A013B994211DC30B4446910
:10C8600004EB81054FF48033D5F8400503FA01F15C
:10C870000244C5F840250020C4F8041330BC7047BA
:10C880006FF47A70704700BF437A013B994208DC2D
:10C8900042694FF4803303FA01F1C2F80813002013
:10C8A00070476FF47A70704738B503680446DB6AE6
:10C8B0009847636922680121D964D3F84C55536ABB
:10C8C00020469847284638BD032907D8DFE801F0FD
:10C8D0001009020243690222C3F8082501720020F0
:10C8E000704743690022C3F8082501720020704791
:10C8F00043690122C3F8082501720020704700BF78
:10C9000010B5044B036000230446C380F9F758FCBC
:10C91000204610BD1C20040010B5064B0360002308
:10C920000446C380F9F74CFC204604F05FFB204628
:10C9300010BD00BF1C20040038B50246B1B190F90B
:10C940001030002B1BDB5D090F49104C51F82510EE
:10C9500003F01F0321FA03F303F00101DB07217049
:10C9600002D50368DB6A9847002038BD074B1B7867
:10C97000002BF9D013685B6A9847002038BD034B41
:10C9800000221A70002038BD00E100E0A88C0020D1
:10C99000B1F57A5F14D830B4002201254FF47A54EF
:10C9A00005FA02F3B4FBF3F3994205D3436930BCB3
:10C9B0000020C3F8102570470132092AF0D1F5E7AD
:10C9C0006FF47A70704700BF0E4BF0B453F82070CC
:10C9D000B7B100237E6918469C46012506EB830209
:10C9E00005FA03F4D2F84011013319B12043C0B263
:10C9F000C2F840C1042BF1D1FB680BB1F0BC184761
:10CA0000F0BC70474C8C00200020FFF7DDBF00BF5A
:10CA10000120FFF7D9BF00BF0220FFF7D5BF00BF3D
:10CA20000320FFF7D1BF00BF0420FFF7CDBF00BF39
:10CA3000F8B52D4B03600026466004460D461746A8
:10CA4000F9F750FB29492A48277403238D42E660F1
:10CA50006561206063723CD0264A954230D002F571
:10CA60008032954237D1244A204642F82340FFF7CE
:10CA7000A1FE94F9103062690121002B516021DB85
:10CA800003F1604303F56143402283F8002301234F
:10CA90001A464FF47A51092B02FA03F003F101050B
:10CAA00004D0B1FBF0F0B0F57A7F1BD862690225A3
:10CAB0000321C2F810352046C2F808552172F8BD8E
:10CAC0000223D0E70D4A03F00F031A4440231376E4
:10CAD000DDE70123C7E70A4B9D4208BF0423C2D00C
:10CAE0003346C0E72B46D6E71C20040000900040E8
:10CAF000C428040000A000404C8C0020FCEC00E0A6
:10CB000000B00140014B93F900007047A98C002050
:10CB1000054A1378013B5BB2002B01DD13707047AF
:10CB20000023137062B67047A98C002072B6024AC7
:10CB30001378013313707047A98C002020BF704711
:10CB40004FF0805130B44C6E086E0022234642EA0A
:10CB500000042046194630BC704700BFBFF34F8F1A
:10CB60000549064BCA6802F4E0621343CB60BFF389
:10CB70004F8F00BFFDE700BF00ED00E00400FA05A5
:10CB8000704700BF08B50B4B0122C3F840250221B6
:10CB90000022930003F1A0430132202AC3F80017BA
:10CBA000C3F8001AF5D1FFF7EBFFBDE80840EEF738
:10CBB000F5BC00BF00E001400048704700000420C1
:10CBC0004020F1F7B5BF00BF8163704741637047F4
:10CBD000C1637047C06B7047EFF30880704700BFB8
:10CBE000406B7047C0E900128360704770B5094D13
:10CBF000094CAE68204631464FF48072F6F73CFC93
:10CC0000AC60AB68054831462246BDE87040F9F794
:10CC1000F3BB00BF00ED00E00084002018290400F1
:10CC20002DE9F041036804461B6882B00E460021DE
:10CC3000174698472549227C25480B68202A4FF043
:10CC4000010402F01F0234BF4FF0A0488046234089
:10CC500004FA02F209D11F4CE06840F08070E060F5
:10CC60004B600B6843F001030B60184C616863680C
:10CC70005B1AB3F5C85FFAD30192FFF757FF6068FC
:10CC80001249019A4FF0000C8025C8F8082516F8C3
:10CC90000C302B4214BF00F1340400F119046D086C
:10CCA00000F1500004BF0CF1010C80254B68A34239
:10CCB000FCD36745C8F80C2503DD4B688342FCD3E1
:10CCC000E3E702B0BDE8F041FFF722BF001000E04B
:10CCD00000030050F0ED00E0F0B40E4F0E4E3C6843
:10CCE0000523012505FA03F2224203EB430103F178
:10CCF000FF3303D156F82110814205D05A1CF1D1DF
:10CD000000210846F0BC704722433A600846F0BC58
:10CD1000704700BF648C002038290400F0B40F4F26
:10CD2000DFF83CC03C6862460523012505FA03F1A3
:10CD3000214202D1566C304207D1013B591CA2F16D
:10CD40000C02F3D10020F0BC704703EB43032143F6
:10CD50005CF823003960F0BC704700BF648C002091
:10CD600038290400144B98421ED003F5E043984242
:10CD70001CD0A3F5343398421AD003F504339842FB
:10CD800018D0B0F1402F06D0A3F50033984208BF69
:10CD9000002001D070470120084901220B68824021
:10CDA00023EA02030B6070470520F5E70420F3E750
:10CDB0000320F1E70220EFE700800240648C0020AE
:10CDC00008B5174B984218D0B0F1402F1ED003F58C
:10CDD000003398421CD0A3F5043398421AD003F5CF
:10CDE0003433984218D0A3F5E043984216D05A2025
:10CDF000F8F794FA4FF0FF3008BD0023094A03EB1F
:10CE0000430302EB830393F9040008BD0123F5E714
:10CE10000223F3E70323F1E70423EFE70523EDE71C
:10CE2000003000403829040038B5184B98420D46B0
:10CE3000144620D0B0F1402F1FD003F500339842A4
:10CE40001DD0A3F5043398421BD003F53433984228
:10CE500019D0A3F5E043984208BF052304D05A2017
:10CE6000F8F75CFA4FF0FF33094A0A4842F82350BA
:10CE700040F8234038BD0023F6E70123F4E70223FE
:10CE8000F2E70323F0E70423EEE700BF00300040A1
:10CE9000688C0020808C0020024A034B10681B68BD
:10CEA000184700BF808C0020688C0020024A034B8A
:10CEB00050685B68184700BF808C0020688C002099
:10CEC000024A034B90689B68184700BF808C002083
:10CED000688C0020024A034BD068DB68184700BF0B
:10CEE000808C0020688C0020024A034B10691B696B
:10CEF000184700BF808C0020688C0020024A034B3A
:10CF000050695B69184700BF808C0020688C002046
:10CF1000002815D0006041608260C36004614561F3
:10CF20008661C761444604624C464462544684624A
:10CF30005C46C462644604636E464663744684631A
:10CF4000002906D0C46B043C043925680D60B44246
:10CF5000F9D1946BA646566BB546002B06D0D46B20
:10CF6000043C043B1D682560B442F9D1146BA4460F
:10CF7000D46AA346946AA246546AA146146AA0469B
:10CF8000D769966955691469D368516810689268C1
:10CF90007047006041608260C360046145618661E2
:10CFA000C761444604624C464462544684625C460F
:10CFB000C462644604636E46466374468463C46B0D
:10CFC000043C043925680D60B442F9D1C76986690B
:10CFD000456904697047006041608260C360046114
:10CFE00045618661C761444604624C4644625446CA
:10CFF00084625C46C462644604636C46446374465F
:10D00000846304697047846BA646446BA546046B31
:10D01000A446C46AA346846AA246446AA146046A36
:10D02000A046C769866945690469C3688268006863
:10D03000416870470649074A074B9B1A03DD043BCA
:10D04000C858D050FBDC00F0B3FAFFF79BFD00009E
:10D050002C3104000080002000840020FEE7FEE761
:10D06000FEE7FEE7FEE7FEE7FEE7FEE7FEE7FEE798
:10D0700030B5C57B818983B07D35044600EB8505DD
:10D0800001A8FDF7B5FB01A92846FDF7D1FB01A8D2
:10D09000FDF7C6FBE57BD4F8FC110E4AA38904EB2F
:10D0A00085054800D5F8F4110431C2F82C16A17B8F
:10D0B00001FB00F193FBF1F001FB10315B1A03EB74
:10D0C000D37301215B10C2F83036C2F8001511602D
:10D0D00003B030BD0070004038B5054600690368F4
:10D0E0000C465B6B00219847286903684FF47A511E
:10D0F0009B6C9847A97B01290B46B8BF012303EB22
:10D10000830394FBF3F3FF2B2FDC5B103ED0002254
:10D110005B1002F10102FBD107EE904AF8EEE77ACC
:10D12000B3EE007A012967EE877A20D9184B0022E6
:10D13000C3F8F4252869174C0368FDEEE77A9B6B6A
:10D1400017EE902A002198472B69134A5B69012149
:10D1500003F5A0750220C3F80012C2F81855C2F8F2
:10D160001C45C2F80405D96038BD8023CFE70123F0
:10D1700003FA02F107EE101A0549B8EEC77AC1F8B2
:10D18000F425C7EE877AC5F8FC31D3E71A46C3E722
:10D19000007000400470004000F001400346807BB6
:10D1A00010F0010014D0D97B0A0102F1804202F58F
:10D1B000E04200200131C2F81015C2F814059A7B34
:10D1C00002F0FE029A739A7B42F010029A730120D9
:10D1D0009A7B910713D5DA7B120102F1804202F5A6
:10D1E000E0420021C2F81015C2F814159A7B02F033
:10D1F000FD029A739A7B02F0EF029A7301209A7BE8
:10D20000120704D59A7B02F0F7029A730120704747
:10D21000837B084A082143F004038373C2F8041394
:10D22000837B13F00403FBD10289120448BF0381FE
:10D23000008970470070004070B50D460446097CB7
:10D240001D48FDF72DFC20B3297C1B48FDF7E4FBAE
:10D25000461E3501AB1B04EB830393F82220D10655
:10D2600012D493F82220D20605D493F8222042F05B
:10D27000010283F82220A37B0133DBB2012BA373CD
:10D2800008D00E4B01229A60AD1B04EB850404F11B
:10D29000140070BDA81B04EB80001430FFF77EFF64
:10D2A000064BD3F80035002BEED1A37B002BEBD03F
:10D2B0002046FFF7DDFEE7E780290400007000400C
:10D2C0002DE9F04F847BE40685B05AD50C68857B48
:10D2D000B4F802804FEA680805F0FB0590458573B5
:10D2E0004FDD043404EB480804EB420700E0A84695
:10D2F000A8F10205EC1B641094FBF3F603FB164443
:10D30000002CF4D1B5F900200281827B920638D539
:10D31000012B06464DD0B0F90A1040680A1DB845E9
:10D3200000EB020BB0F802902BD95D00331DA24632
:10D33000019307E0B6F90A1049451CD0B84520D939
:10D34000B6F90A10494504F101041DD00E9BB7F946
:10D3500000109C422F448A44ECD19AFBF4F4ABF8C1
:10D3600000407189023109B2002449450BF1020BDA
:10D370007181A246E2D106F11000FDF7D1F8B8455F
:10D38000DED805B0BDE8F08FB6F90C1003A8FDF7A4
:10D390002FFA03A90198FDF74BFA03A8FDF740FA0D
:10D3A00072684FF000037381B2F8029002F1040B2F
:10D3B000CCE70430FDF73CFA73685B88738106F1B3
:10D3C0001000FDF7ADF8DCE72DE9F0476A4BD3F824
:10D3D000042184B007461AB9D3F81431002B5ED06B
:10D3E00097F80FA0644D0AF1010303F00103FB73EA
:10D3F000D5F834160AF17D0A07EB8A0A00244900A1
:10D400005046A946FDF724FA2646A04607F1140522
:10D4100007E02846FFF7C2FE082C05F13C0506444C
:10D4200021D004F151031B01013459F80330002BC2
:10D43000EFD0514603A8FDF7EBF9D7F8FC21BB7BF1
:10D44000009203A942462846FFF73AFF03A8FDF7DA
:10D45000E7F92846FFF7A2FE082C08F1010805F1BC
:10D460003C050644DDD1444BD3F8042112B100221F
:10D47000C3F80421404BB97BD3F81421002A4CD0C7
:10D48000FA880020D407C3F8140120D4864244DD72
:10D49000E9B9C3F80C11384B0022C3F80025364D0A
:10D4A000D5F80031002B43D1334BD3F80C215AB1BE
:10D4B000D3F80423120707D5082000210122C3F85E
:10D4C0000803C3F80C119A6004B0BDE8F087D7F8E0
:10D4D000FC01BB89284C400001FB00F093FBF0F5F8
:10D4E00000FB15301B1A22F0010203EBD3735B1013
:10D4F00092B20020FA80C4F80005C4F83036D4F89F
:10D500000035002B32D042F001020123FA80A360E3
:10D51000194B0122C3F800251A60174B0022C3F8EB
:10D520000C210029B7D0144DD5F80031002BBBD009
:10D53000FC7BB989013404F0010404F17D0607EB9A
:10D54000860603A87C34FDF753F907EB840703A98B
:10D550003046FDF76DF903A8FDF762F97B680022FC
:10D560000433C5F82C36C5F800219DE7B968384664
:10D57000FFF7B2FDB97BCBE700700040024B1868A3
:10D5800008B1FFF721BF7047988C0020BFF34F8F81
:10D590000549064BCA6802F4E0621343CB60BFF34F
:10D5A0004F8F00BFFDE700BF00ED00E00400FA056B
:10D5B000804B1B68082B10B574D14FF080414FF0A1
:10D5C00080520020C1F80C017B4BC1F81001C1F85A
:10D5D0003805D2F80414C3F82015D2F80814C3F89B
:10D5E0002415D2F80C14C3F82815D2F81014C3F877
:10D5F0002C15D2F81414C3F83015D2F81814C3F847
:10D600003415D2F81C14C3F84015D2F82014C3F80E
:10D610004415D2F82414C3F84815D2F82814C3F8D6
:10D620004C15D2F82C14C3F85015D2F83014C3F8A6
:10D630005415D2F83414C3F86015D2F83814C3F86E
:10D640006415D2F83C04C3F868055C49D2F840047C
:10D65000C3F86C050968D2F84424C3F8702503297F
:10D660003DD9564B1B68032B03D8554AD35C002B7E
:10D670004AD1524B1B68032B0AD8524AD35C3BB1A8
:10D680004C4B514A1B684FF40071082B116009D1B3
:10D690004FF08043D3F80024D10744BF6FF001025C
:10D6A000C3F80024494AD2F8883043F47003C2F822
:10D6B0008830BFF34F8FBFF36F8F4FF01023D3F835
:10D6C0000C22D20758D4D3F80022002A2EDBD3F83C
:10D6D0000432002B2ADB3E4B3E4A1A6010BD3E4B03
:10D6E0005B5C13B13D4B3E4A1A603E4B5B5C002BCA
:10D6F000B7D0304B3C491A68FB200433C1F81805F9
:10D70000082A1B68AFD0CDE73848394B294C1A6836
:10D7100001682468A3F5927321F00F0102F00F0253
:10D720000A43082C1B680260A5D0BBE7314A0123DD
:10D73000C2F80435D2F80034002BFBD04FF0102390
:10D7400012212C4AC3F80012D2F80034002BFBD06F
:10D750004FF010231221274AC3F80412D2F80034E4
:10D76000002BFBD000232349C2F80435D1F8003444
:10D77000002BFBD0FFF70AFF1E4B0122C3F8042544
:10D78000D3F80024002AFBD04FF01021194BD1F818
:10D790000C2222F00102C1F80C22D3F80024002A46
:10D7A000FBD00021134AC3F80415D2F80034002B33
:10D7B000FBD0DFE73001001000C000403401001052
:10D7C000C8290400C82904004096024000ED00E08A
:10D7D000248000200090D003C82904008C5600400B
:10D7E00048810300C829040000F00040E40E004016
:10D7F0005802001000E001406FF47D70704700BFD8
:10D800006FF47D70704700BF6FF47D70704700BF8C
:10D8100010B584B004AB046803F8012D0022009217
:10D82000A4691A460123A04704B010BD10B584B006
:10D8300004688DF80C20002200928DF80D30A46948
:10D84000022303AAA04704B010BD00BF10B50123F6
:10D8500084B00468CDE900330DF10F03646AA0477A
:10D8600008B99DF80F0004B010BD00BFF0B585B039
:10D8700004469DF82C508DF80F201F4602680E4676
:10D8800085B10123009395690DF10F02A84738B9BE
:10D89000236800901D6A0A9B3A4631462046A847F5
:10D8A00005B0F0BD53699DF80F209847EFE700BF22
:10D8B0002DE9F84F9DF82870002A3CD0002B3ADD66
:10D8C00088460168DFF874901E464B684B458246D7
:10D8D000144628D1CD68DFF868B05D451BD12644D9
:10D8E00005E00134A6420AD0DAF80030DD685D4573
:10D8F000F7D0217850460134A847A642F4D117B199
:10D900000020BDE8F88FDAF800309B684B450ED157
:10D910003846BDE8F88F5FFA88F15046A847DAF834
:10D920000030DD68DBE79847DAF80010D2E75046B0
:10D9300098473846E5E76FF47A70E2E701D80300CC
:10D9400009D803002DE9F04F83B09DF83090002AEC
:10D950005AD0002B984657DD056892466B682C4AD2
:10D96000934206463DD1EB682A4FBB4241D1B8F104
:10D97000010F1BD0A8F102080AEB080B0AF1FF34D3
:10D9800005E00B2004F8010FA3450BD035682D6985
:10D99000BD42F6D000213046A847C0B204F8010FBE
:10D9A000A345F3D108F101083568C2442B69BB4295
:10D9B00012D10B208AF80000B9F1000F03D000202B
:10D9C00003B0BDE8F08F3368114A9B68934217D1CA
:10D9D000484603B0BDE8F08F012130469847C0B2F9
:10D9E000E8E70191984735680A4FEB680199BB4217
:10D9F000BDD041F00101C9B2304698473568B6E75D
:10DA0000304698474846DBE76FF47A70D8E700BFA6
:10DA100001D8030009D80300014B0360704700BF21
:10DA2000D42904002DE9F84FDDF828904A459046A6
:10DA300038BFC846B8F1000F1BD09B468A46054642
:10DA40001746002406E0A14588BF0BF80400013406
:10DA500044450ED02B68A74288BF1AF804109E6870
:10DA600098BF00212846B0470028ECDA0248BDE8FC
:10DA7000F88F0020BDE8F88F0AFCFFFF30B583B0B7
:10DA80000468069D0095E468A047044A0446DDE961
:10DA90000701F8F719FF204603B030BD456C0300BD
:10DAA0006FF47D70704700BF82B070B50C4684B0D3
:10DAB00005464968206802AC03C4039908AC4810C5
:10DAC00084E80C00CB0745BF2A58029B029CD4581F
:10DAD0000AAB2E1893E803008DE8030008AB0CCBCB
:10DAE0003046A04704B0BDE8704002B0704700BFA8
:10DAF00082B0D0B5069941600026002700F10804E5
:10DB0000C0E9046704A9204681E80C00F9F75EF932
:10DB100018B9BDE8D04002B070472046F9F72EF999
:10DB20002046BDE8D04002B0F9F70AB982B038B556
:10DB3000D0E9044504A981E80C0054EA050303D1A7
:10DB4000BDE8384002B070470446FAF787FCD4E9D4
:10DB500004238B4208BF8242F2D20020002100231E
:10DB600004F10805C4E9040163602846F9F72EF9B9
:10DB70000028E5D02846F9F701F92846BDE83840E5
:10DB800002B0F9F7DDB800BF38B5044679B9002214
:10DB90000023C0E904230023636004F10800F9F7BF
:10DBA000CFF86068064B002808BF184638BD0D4600
:10DBB000FAF754FC421941EBE573C4E90423EAE7A0
:10DBC00011FCFFFF2DE9F041044682B00E461546D8
:10DBD00010309846BDF82870FCF7B0FD26806580AF
:10DBE000182003F00CFA08AB054693E803006A46D8
:10DBF00082E803002E4603CA46F80C8B0023084A2D
:10DC0000EB6047F00207736068602046A780A5605C
:10DC1000E360C4E90833A9606A6102B0BDE8F0813D
:10DC2000A9DA03002DE9F04385B0BDF838806BB365
:10DC30000C9C44B30F2902D1B8F1C00F26D106467F
:10DC400028201C460D46174603F0D9F90CAB814637
:10DC500093E803003A468DE803002346CDF8088098
:10DC600029464846FFF7AEFF33680E4A5B68934289
:10DC70000FD14846F9F7B8F9484603F0B7F90A4812
:10DC800005B0BDE8F0830D9CE407D3D46FF47A703F
:10DC9000F6E73046494698470028EAD105B0BDE886
:10DCA000F08300BF6560030016FCFFFF2DE9F04321
:10DCB0000546044645F8081B89B02846F9F73CF8A4
:10DCC0002068284903681A6D00238A426360A361B3
:10DCD00044D1254B04934FF0000804AACDF81480DA
:10DCE000224FC688B0F808C03B68DFF8889092E8F9
:10DCF000030016F4807F4FF010068DE803000CBF80
:10DD0000052204226146184602962346FFF78AFF41
:10DD1000174B3A68CDE9063808AB13E903002346F0
:10DD20008DE8030002961046232142F21072FFF79D
:10DD300079FF99F8003053B942F21073232242F26E
:10DD400010700021FAF79AFB012389F80030284669
:10DD5000F8F7F6FF204609B0BDE8F08303219047AD
:10DD60002068B6E7A1DA0300F1DA03004C8B00204B
:10DD70002DDB0300AA8C0020F0B593B02F4B026876
:10DD800006930023079306ABB2F806C02C4EB2F8F8
:10DD900008E037682B4D044693E803001CF4807FAD
:10DDA0004FF0100C8DE8030014BF04220522234617
:10DDB000714608A8CDF808C0FFF704FF3B689B68D0
:10DDC000AB4236D108A8F9F70FF91F4B0493002393
:10DDD000059304AB93E80300366810238DE8030035
:10DDE000029342F210722346232108A8FFF7EAFEAD
:10DDF00033689B68AB4218D108A8F9F7F5F820689A
:10DE0000124A03681B6D93420CD1002100230020AD
:10DE1000C4E90401636004F10800F8F7C1FF20467B
:10DE200013B0F0BD00219847EFE7304608A99847A6
:10DE3000E2E7384608A99847C4E700BFF1DA0300D3
:10DE40004C8B0020196403002DDB0300A1DA0300D2
:10DE5000C388DB0606D4D0E907038342B4BF0020A1
:10DE6000012070470020704710B504468069054BBB
:10DE7000236003682146DB6998472046FAF72EFCA9
:10DE8000204610BD082A040010B50446FFF7ECFF39
:10DE9000204603F0ABF8204610BD00BFF0B50C895A
:10DEA000164683B000251F4622460123CDE90055C2
:10DEB0000446FAF7B5FC33680A4A2562C4E90667E6
:10DEC00022609B69304621469847AF4206DAE388D4
:10DED000E56143F010030A22E3802262204603B08A
:10DEE000F0BD00BF082A04004162704740687047D7
:10DEF00041600020704700BFF0B58B68CD699D423E
:10DF0000A8BF1D460C4683B02946064604F10C07FF
:10DF100001A8FCF76DFC01A93846FCF789FC01A8B3
:10DF2000FCF77EFCE06861692A460430F5F7A4FA44
:10DF30006269E3692A445D1B002D6261E5612BD1B2
:10DF4000236A002BC4BF03F1FF33236293B1A3699B
:10DF50002269E361002B626104DD606A03681B686B
:10DF60009847E36933B139463046FCF751FC3046F7
:10DF700003B0F0BD236A002BF5D194F82830002BB4
:10DF8000F1D004F12C00F8F7F9FE39463046FCF7E1
:10DF90003FFC304603B0F0BDDFDCE4E738B50446B3
:10DFA0000B4B40F80C3B04F12C05FCF71BFC2846FE
:10DFB000F8F7C2FE002101224FF480732846646303
:10DFC0006162C4E90123F8F7BBFE204638BD00BFFB
:10DFD000302A040070B5456A9DF810608DB1002AA2
:10DFE0000FDD73B1044628682362C4E90411036895
:10DFF00084F82860C4E906222846984794F8283017
:10E0000003B970BD04F12C00BDE87040F8F798BE6C
:10E0100010B582B000240094FFF7DCFF02B010BD01
:10E02000024B1868BFF35B8F704700BF9C8C0020C9
:10E03000024B1868BFF35B8F704700BF2880002039
:10E0400030B5214A21F00043934287B01BDD1F4ABF
:10E05000934205DD02460B4602F088F807B030BD5A
:10E0600002AAEBF705FD00F00303012B11D0022BF0
:10E0700023D0DBB10124DDE90423DDE902010094B2
:10E08000ECF706FDEAE700220023EBF7D9FF07B023
:10E0900030BDDDE904450093DDE9020122462B464F
:10E0A000ECF7F6FC01F1004107B030BDDDE90423D7
:10E0B000DDE90201EBF7C4FFD0E7DDE90423DDE988
:10E0C0000201EBF7BDFFEDE7FB21E93FFFFFEF7F2B
:10E0D00021F000431946704730B51F4A21F0004334
:10E0E000934287B01CDD1D4A934205DD02460B4674
:10E0F00002F03CF807B030BD02AAEBF7B9FC00F023
:10E1000003000128DDE9042312D002281CD0A0B1AD
:10E11000DDE90201EBF794FF01F1004107B030BDEA
:10E120000023009300220023ECF7B2FC07B030BDBF
:10E13000DDE90201EBF784FFDCE70124DDE9020100
:10E140000094ECF7A5FCD5E70124DDE90201009479
:10E15000ECF79EFCE0E700BFFB21E93FFFFFEF7F0C
:10E1600030B5144A21F00043934287B019DD124ABA
:10E17000934205DD02460B4601F0F8FF07B030BDC3
:10E1800002AAEBF775FC440004F00204C4F1010498
:10E19000DDE90423DDE902010094ECF731FD07B06D
:10E1A00030BD0123009300220023ECF729FD07B0C6
:10E1B00030BD00BFFB21E93FFFFFEF7F334A21F075
:10E1C00000439342D0B506460F460C460DDD02468D
:10E1D0000B4600202E4902F0ABFA002F4FF0000250
:10E1E0002B4B2EDB01F0C4FFD0BD2A4A934207DD42
:10E1F00027490020002CF7DA01F100431946D0BD71
:10E20000B3F1725F20DB244A934226DDFFF760FF03
:10E2100002460B4601F0ACFFECF7D6FE00224FF0B1
:10E22000804301F0A5FF02460B4600204FF08041DD
:10E2300002F07EFA02460B460020154901F096FFD7
:10E24000D8E701F093FFD0BD0022114B01F090FF01
:10E2500032463B4602F042F9D0BDFFF739FF0022BB
:10E260004FF0404302F03AF9ECF7AEFE00224FF0D7
:10E270008043064601F1004701F07AFF02460B4653
:10E280003046394602F054FAB4E700BFFFFFEF7F93
:10E290000000F03FFFFF3540FFFFEF3F70B5C1F3D7
:10E2A0000A56A6F2FF33132B0A4608DC002B1BDBB1
:10E2B0000F4C44FA03F3002022EA030170BD332B14
:10E2C000044607DDB3F5806FF8D102460B4601F036
:10E2D0004FFF70BD4FF0FF33A6F2134623FA06F648
:10E2E000114624EA060070BD002002F0004170BD16
:10E2F000FFFF0F0000B585B0234A0190019B23F07A
:10E30000004393421DDDB3F1FF4F08DBDDED017AE1
:10E3100077EEE77A17EE900A05B05DF804FB02A9E4
:10E3200000F0B8FF00F00302012A14D0022A22D024
:10E33000D2B101220399029801F0CEFC07EE900AB7
:10E34000E8E7002101F0FEF807EE900A17EE900AC8
:10E3500005B05DF804FB0399029801F0BDFC07EEDF
:10E36000900AF1EE677AD5E70399029801F0EAF88E
:10E3700007EE900ACEE70399029801F0E3F807EE62
:10E38000900AF1EE677AC5E7D80F493F00B585B02E
:10E39000244A0190019B23F0004393421EDDB3F118
:10E3A000FF4F08DBDDED017A77EEE77A17EE900A92
:10E3B00005B05DF804FB02A900F06CFF00F003005B
:10E3C000012816D0022823D0D0B10399029801F079
:10E3D000B9F807EE900AF1EE677AE7E7002200212C
:10E3E00001F07AFC07EE900A17EE900A05B05DF88E
:10E3F00004FB0399029801F0A5F807EE900AD5E70F
:10E4000001220399029801F067FC07EE900ACDE71C
:10E4100001220399029801F05FFC07EE900AF1EEE9
:10E42000677AC3E7D80F493F2DE9F043DFF89880BA
:10E430008BB004460D46E9F7BFFA98F90030013376
:10E4400006460F462BD022462B462046294602F090
:10E45000DFFA814618BB20462946FFF739FE002225
:10E46000164B02F0CBFAD0B1154B1648019301229E
:10E47000CDF820900092CDE90445CDE9024501F0A8
:10E4800081FC98F90030022BCDE906010CD06846DA
:10E4900001F076FC40B1089B5BB9DDE906673046C8
:10E4A00039460BB0BDE8F08301F0EEFD2123036097
:10E4B000F1E701F0E9FD089B0360EEE70000F03FA3
:10E4C000442A0400AC200400FF8100202DE9F04321
:10E4D0008BB004460D46E9F7C3FC244B93F900804A
:10E4E000B8F1FF3F06460F460ED022462B46204687
:10E4F000294602F08DFA814630B900221C4B204695
:10E50000294602F05DFA20B9304639460BB0BDE825
:10E51000F0830022002301210091164ECDF82090B7
:10E5200010461946CDE90445CDE90245019602F0B1
:10E53000FFF8B8F1020FCDE906010CD0684601F0F2
:10E540001FFC40B1089B5BB9DDE9066730463946E0
:10E550000BB0BDE8F08301F097FD21230360F1E7E4
:10E5600001F092FD089B0360EEE700BFFF810020F1
:10E570000000F03F4C2A04002DE9F043DFF89880BA
:10E580008BB004460D46E9F7F7FC98F900300133EB
:10E5900006460F462BD022462B462046294602F03F
:10E5A00037FA814618BB20462946FFF791FD002225
:10E5B000164B02F023FAD0B1154B164801930122F5
:10E5C000CDF820900092CDE90445CDE9024501F057
:10E5D000D9FB98F90030022BCDE906010CD0684632
:10E5E00001F0CEFB40B1089B5BB9DDE90667304620
:10E5F00039460BB0BDE8F08301F046FD21230360EE
:10E60000F1E701F041FD089B0360EEE70000F03FF9
:10E61000542A0400AC200400FF810020E9F7DCBE8E
:10E620002DE9F04FDFF8CCA08BB004460D46E9F79A
:10E63000C3FF9AF90030013306460F4637D0224611
:10E640002B462046294602F0E3F9834678BB204654
:10E650002946FFF73DFD0022244B8046894602F003
:10E66000C3F920B3404649460022204B02F0C6F9C8
:10E670009AF9006060B3CDE90445CDE90245012176
:10E68000002200231A4F0091CDF820B01046194601
:10E69000019702F04DF8022ECDE906010CD0684634
:10E6A00001F06EFB40B1089B6BB9DDE906673046AF
:10E6B00039460BB0BDE8F08F01F0E6FC2123036082
:10E6C000089B002BF1D001F0DFFC089B0360ECE716
:10E6D000022308900093064FCDE90445CDE9024599
:10E6E0002046294600220023D2E700BF0000F03F69
:10E6F0005C2A0400FF8100202DE9F04F8BB01D46FD
:10E7000006460F46144600F0E7FA294B93F900A09D
:10E71000BAF1FF3F8046894635D022462B46204637
:10E72000294602F075F970BB32463B463046394601
:10E7300002F06EF9834630BB0022002320462946B2
:10E7400002F034F9F8B11B4BCDF820B00122CDE92D
:10E750000267CDE90445CDE90023BAF1000F17D0D7
:10E76000002200231046194601F0E2FFBAF1020F21
:10E77000CDE906010ED101F087FC21230360089B3F
:10E7800083B9DDE90689404649460BB0BDE8F08F04
:10E79000CDE90667684601F0F3FA0028EBD0089B44
:10E7A000002BEED001F070FC089B0360E9E700BF8E
:10E7B000FF810020702A04002DE9F0438BB004464D
:10E7C0000D46EAF7A9F9364B93F90060731C8046B1
:10E7D00089460DD022462B462046294602F018F9DC
:10E7E00030B9002200232046294602F007F920B163
:10E7F000404649460BB0BDE8F0832A4B0890CDE96E
:10E800000245CDE904450193DEB9274F4FF060463C
:10E810002046294600220023CDE9066702F0C6F80B
:10E82000002835D002230093684601F0A9FAB8B158
:10E83000089BD3B9DDE90689404649460BB0BDE8DF
:10E84000F0831A4B0022CDE90623204629460022F8
:10E85000002302F0ABF868B102239E420093E3D19B
:10E8600001F012FC22230360E2E701F00DFC089B9B
:10E870000360DFE70123022E00930BD101F004FCBB
:10E88000212303600A4801F07DFACDE90601CFE7B4
:10E8900001230093684601F073FA0028F2D1EDE7F6
:10E8A000FF810020782A0400FFFFEFC70000F0FF7F
:10E8B000AC2004002DE9F0438BB004460D46EAF786
:10E8C000F7FA374B93F90060731C804689460ED0E7
:10E8D00022462B462046294602F09AF8074630B9D0
:10E8E000002200232046294602F074F820B9404651
:10E8F00049460BB0BDE8F0832A4B0897CDE90245A5
:10E90000CDE904450193DEB9274F4FF0604620461C
:10E91000294600220023CDE9066702F047F80028C7
:10E9200035D002230093684601F02AFAB8B1089B5B
:10E93000D3B9DDE90689404649460BB0BDE8F0830E
:10E940001A4B0022CDE90623204629460022002347
:10E9500002F02CF868B102239E420093E3D101F04B
:10E9600093FB22230360E2E701F08EFB089B036028
:10E97000DFE70123022E00930BD101F085FB212359
:10E9800003600B4801F0FEF9CDE90601CFE7012352
:10E990000093684601F0F4F90028F2D1EDE700BFDA
:10E9A000FF8100207C2A0400FFFFEFC70000F0FF7A
:10E9B000AC2004002DE9F0432B4E8BB080468946F5
:10E9C000EBF77AFA96F90030013304460D4603D08E
:10E9D00001F0D0F9074620B1204629460BB0BDE82A
:10E9E000F0834046494601F0C5F90028F4D01F4B9A
:10E9F00096F9004008970322CDE90023CDE9048968
:10EA0000CDE90289404649460022002364B901F05D
:10EA1000F5FF4FF06042E8B1154BCDE9062368469B
:10EA200001F0AEF968B908E001F0E8FF002298B102
:10EA3000104B022CCDE90623F1D101F025FB222356
:10EA40000360089B53B9DDE90645204629460BB013
:10EA5000BDE8F083084BE0E7084BEAE701F014FB60
:10EA6000089B0360EFE700BFFF810020882A0400B5
:10EA7000FFFFEF470000F07FFFFFEFC70000F0FF50
:10EA80002DE9F04F8BB004460D4600F037FA294BC4
:10EA900093F900A0BAF1FF3F06460F4612D0224676
:10EAA0002B462046294601F0B3FF834650B94FF06C
:10EAB00000084FF000092046294642464B4601F027
:10EAC0007FFF20B9304639460BB0BDE8F08F0122F8
:10EAD000194BCDF820B00092CDE90445CDE90245AF
:10EAE0000193BAF1000F17D042464B4640464946C3
:10EAF00001F01EFEBAF1020FCDE906010ED101F0C0
:10EB0000C3FA21230360089B73B9DDE90667304629
:10EB100039460BB0BDE8F08FCDE90689684601F0B3
:10EB20002FF90028EFD1EAE701F0AEFA089B036065
:10EB3000EBE700BFFF810020902A040010B52DED07
:10EB4000028B8AB008EE100A00F098FA334B93F962
:10EB50000040631C09D0B4EE488AF1EE10FA04D6E6
:10EB6000B5EEC08AF1EE10FA03DD0AB0BDEC028BFF
:10EB700010BD2B4B019318EE100A0023089301F0EF
:10EB800055FCCDE90401CDE90201CCB9254BB5EE28
:10EB9000408A4FF06042F1EE10FACDE9062334D1FD
:10EBA00002230093684601F0EBF8B0B1089BCBB9A3
:10EBB000DDE9060101F08AFF0AB0BDEC028B10BD51
:10EBC000194BB5EE408A0022F1EE10FACDE906238A
:10EBD0000DD102239C420093E4D101F055FA222387
:10EBE0000360E3E701F050FA089B0360E0E70123CC
:10EBF000022C00930BD101F047FA212303600B484C
:10EC000001F0C0F8CDE90601D0E701230093684682
:10EC100001F0B6F80028F2D1EDE700BFFF81002037
:10EC2000982A0400FFFFEFC70000F0FFAC200400AB
:10EC300010B52DED028B8AB008EE100A00F07AFCB8
:10EC4000234B93F90040631C09D0B4EE488AF1EEDF
:10EC500010FA04D6B5EEC08AF1EE10FA03D40AB069
:10EC6000BDEC028B10BD01231A4A009318EE100A66
:10EC700000230192089301F0D9FB0022CDE90401A1
:10EC8000CDE902010023ACB11046194601F050FD58
:10EC9000022CCDE906010FD101F0F6F92123036022
:10ECA000089B7BB9DDE9060101F010FF0AB0BDEC5D
:10ECB000028B10BDCDE90623684601F061F80028FB
:10ECC000EED1E9E701F0E0F9089B0360EAE700BF55
:10ECD000FF810020A02A04002DE9F04723F0004E18
:10ECE0005EEA020620D07E4E21F00048B0458946FB
:10ECF0001ADC564216437B4F4EEAD676BE42144685
:10ED000012D8F0451D4694468246074601F000465B
:10ED100012DC0FDB90420DD30ED1734BF60F03EBD9
:10ED2000C603D3E9000105E001F0D8FB02460B461B
:10ED300001F0FEFCBDE8F087B8F5801F3BDB4FEA31
:10ED40002852A2F2FF32BEF5801F80F28F80BEF102
:10ED5000000F40F09F80002C2346644904DD5B00D7
:10ED6000002B01F1FF31FADC614B9A4270DBC9F3F1
:10ED7000130343F480135E4881425BDBC5F3130445
:10ED800044F48014501A07E052EA050321D0EB0F37
:10ED900003EB42036F0001381A1BA7EB0C05F8B117
:10EDA000674538BF02F1FF32002AEDDAFA0F02EBB5
:10EDB00043037F00EFE7B8F1000F5CD1BAF1000F19
:10EDC00053464A4ABFDD5B00002B02F1FF32FADCFA
:10EDD000B9E7454BF60F03EBC606D6E90001A9E7F4
:10EDE000674538BF02F1FF32002ABCBF3D461A46D4
:10EDF00052EA0503EDD03F48824208DCEB0F03EBFB
:10EE00004202824201F1FF314FEA4505F6DD384BFF
:10EE100099424EDA5B1A142B54DC01F21E41DD409C
:10EE200002FA01F142FA03F31E4341EA05023146B8
:10EE300010467FE7401A1F2826DC01F21E450EFA15
:10EE400000FE24FA05F504FA00FC45EA0E0499E7F1
:10EE50009F1A1F2F27DC02F21E4308FA07F82AFA2E
:10EE600003F30AFA07F743EA080384E74FEA2E514F
:10EE7000A1F2FF3178E71E4A4FEAC8235B00002B5E
:10EE800002F1FF32FADC5EE71B4D6D1AAC404FF029
:10EE9000000C77E716494FEACE235B00002B01F107
:10EEA000FF31FADC60E7144B9B1A0AFA03F30027E0
:10EEB00061E7A2F58012164301F2FF3346EA0351DF
:10EEC000284637E71F2B07DC01F21E4102FA01F149
:10EED00025FA03F20A43AAE7074B591A0A41A6E7A3
:10EEE000FFFFEF7F0000F07F78180400EDFBFFFFCD
:10EEF00002FCFFFFFFFF0F00E2FBFFFF5E4A8A43B9
:10EF00002DE9F04104460D4600F0958000290B469E
:10EF10000646844656DD0F1500F0A580C3F31303A3
:10EF2000A7F2FF3743F480134FEADC72F80702EBD5
:10EF300043034FEA4C0504D5ED0F05EB43034FEABD
:10EF40008C0500267F10B44616224FF400110CEBFE
:10EF5000010098424FEAD5744FEA450503DC1B1ABD
:10EF600000EB010C0E44013A04EB43034FEA51015C
:10EF7000EDD11046964620244FF0004209E051D0D2
:10EF80005B00013C03EBD5734FEA52024FEA4505A3
:10EF900037D0634502EB0E01F1DD002901EB020ED3
:10EFA0000ADBE046A3EB0C03A94288BF03F1FF3361
:10EFB0006D1A1044C446E3E7BEF1000FF1DB0CF11B
:10EFC0000108EFE721F00042024329D0002942D195
:10EFD0000146CA0A153B4905002AFAD012F48010EE
:10EFE00001D044E060465200D40200F1010CF9D592
:10EFF000CCF1200401FA0CFCE1401F1A41EA0203A3
:10F000008CE72B4321D14408731003F17F53F2079F
:10F0100003F5001348BF44F0004403EB07512046BA
:10F02000BDE8F081A942ABD8002901EB020EC3DB99
:10F0300098460023BCE702460B4601F04FFA2246F1
:10F040002B4601F095F8BDE8F081411C16BF421C2B
:10F0500001365408D8E7024601F088F802460B460C
:10F0600001F066FBDCE71A4631463B46B6E78C46C4
:10F0700020244FF0FF30BFE70000F07F30B482B0B3
:10F080000190019B33F0004241D0002B4ADBB3F1E9
:10F09000FF4F54DAB3F5000F80F29D80DFED6E7AFA
:10F0A0009DED017A67EE277A6FF0180517EE903A1A
:10F0B0006A4AC3F31604224402F4000282F07E502E
:10F0C000DB1504F10F0120437F3B07EE900AC1F3EB
:10F0D00016012B44B7EE007A0F2903EBD25337EE1B
:10F0E000C77A35DCB5EE407AF1EE10FA75D1002B17
:10F0F00000F0AE8007EE903AB8EEE77ADFED587A8E
:10F10000DFED586A67EE277AE7EE267A05E0DFED55
:10F11000566A9FED567AC6EE877A17EE900A02B0CD
:10F1200030BC7047DDED017A9FED507A77EEE76AEB
:10F13000C6EE877A17EE900A02B030BC7047DDED5C
:10F14000017A77EEA77A17EE900A02B030BC7047CA
:10F15000B0EE006A37EE066A9FED452ADFED453ACC
:10F16000DFED454ADFED452A9FED454ADFED456A73
:10F17000DFED457A4549C7EE065AC4F557122144DA
:10F1800002F522720A43002A06EE103A25EEA55A2D
:10F19000B8EEC63A25EE056AE6EE023AA6EE224A37
:10F1A000E3EE864AE4EE067AE4EE866A66EE856A67
:10F1B000E7EE866A3BDDB6EE006A27EE066A26EECB
:10F1C000076A76EE866A66EEA56A03BB76EE666A25
:10F1D00077EE667AA1E700256AE7DFED2D6AF6EEA5
:10F1E000007AE7EE667A67EE076A67EEA67ADBB129
:10F1F00006EE903ADFED1A5A9FED1A6AF8EEE66ACB
:10F20000E6EEE57A77EEC77AD6EE867A85E7DFED29
:10F21000147ADFED145AE3EE276A76EE667A77EE1B
:10F22000C77AD3EE257A78E777EE677A75E777EED7
:10F23000667A67EEA57A002BF6D09FED096ADFEDBE
:10F24000096AE3EE467A77EEC77AD3EE267A64E768
:10F25000DFED067A61E700BF0000004C20FB4A00AA
:10F26000D1F717378071313F000000CC000000005B
:10F270009788173E25333A3E2549923E4FD01C3E93
:10F28000298E633EABAA2A3FCDCCCC3E305CCFFF6B
:10F29000ABAAAA3E70B5994A20F00044944286B0C9
:10F2A0006BDD974A944206461CDC002824F00F04CC
:10F2B000DFED947A944A07EE100A64DD944277EE0B
:10F2C000677A00F0D5809FED917A77EEC76A0120CA
:10F2D00077EEE67AC1ED006A77EEC77AC1ED017A82
:10F2E00006B070BD8A4A94420D4660DDB4F1FF4F0E
:10F2F00080F2B480E215863AA4EBC25307EE903A4E
:10F30000BDEEE77ADFED836AB8EEC77A77EEC77AAB
:10F310008DED037A67EEA67ABDEEE77AB8EEC77A8E
:10F3200077EEC77A8DED047A67EEA67AF5EE407A2D
:10F33000F1EE10FACDED057A40F0CC80B5EE407AD2
:10F34000F1EE10FA0CBF012302237349019102214F
:10F35000009103A8294600F07FF9002E11DA95EDFF
:10F36000007AD5ED017AB1EE477AF1EE677A404244
:10F3700085ED007AC5ED017A03E0002208604A605D
:10F38000002006B070BD944277EE277A00F08F809F
:10F390009FED5E7A77EE876A4FF0FF3077EEE67A80
:10F3A000C1ED006A77EE877AC1ED017AE9E700F0F6
:10F3B0007DFD9FED5A6A9FED535ADFED546A07EECB
:10F3C000100AF6EE007AE7EE067AFDEEE77AB8EE7E
:10F3D000E76A17EE900AF1EE465AF0EE477A1F28D8
:10F3E000E5EE857A26EE267A54DD77EEC76A16EECC
:10F3F000903AE415C3F3C753E31A082B54DD9FED8D
:10F40000487ADFED486AB0EE675AA5EE875A77EE84
:10F41000C57AE5EE877AD6EE267A75EE676AB0EEA3
:10F42000677A16EE903AC3F3C753E41A192C53DCEB
:10F43000C5ED006AF0EE457A77EEE67A002E77EEBB
:10F44000C77AC5ED017A9CDAF1EE666AF1EE677A69
:10F45000C5ED006AC5ED017A404292E707EE900AD9
:10F4600077EEE77A0020C1ED017AC1ED007A88E7F6
:10F47000DFED2B6A9FED2B7A77EEE67A012077EEAF
:10F48000C76A77EEE67AC1ED006A77EEC77AC1ED1A
:10F49000017A76E7421E244B53F8223024F0FF0213
:10F4A0009A4277EEC76AA2D0C5ED006AC4E7DFEDE5
:10F4B0001C6A9FED1C7A77EEA67A4FF0FF3077EE4C
:10F4C000876A77EEE67AC1ED006A77EE877AC1ED5A
:10F4D000017A56E7032338E7DFED146ADFED144ABB
:10F4E000F0EE457AE5EEA67A35EE677AA5EEA67AD5
:10F4F00096EE247A77EEC76AD6E700BFD80F493F69
:10F50000E3CB1640800FC93FD00FC93F4344353786
:10F51000800F494300008043B02C040084F9223F4F
:10F520000044353708A3852E302C040000A3852E17
:10F5300032318D2407EE900AF1EEE77A17EE900A49
:10F54000704700BF20F00043B3F1485F06EE100A99
:10F5500006EE901A2EDAFDEEC67A17EE903A002BE0
:10F560005FD026EE067ADFED343A9FED344ADFEDC8
:10F57000344A9FED345ADFED347ADFED345AA7EE8A
:10F58000234AE7EE044AA7EE245AE7EE057AE7EEAF
:10F59000275A65EE875A66EEC66AB6EE006AE7EE4F
:10F5A000256AF7EE007AD7EE066A77EEE67A17EE6E
:10F5B000900A704726EE067ADFED1F3A9FED1F4A4C
:10F5C000DFED1F4A9FED1F5ADFED1F7ADFED1F5A57
:10F5D0001F4AA7EE234A9342E4EE074AA4EE875A55
:10F5E000E5EE077AE7EE875A65EE875AD3DD194ACA
:10F5F00093421BDC03F17F4307EE903AB7EE005ACB
:10F6000035EE675A66EEC66AB6EE006AE7EE256A20
:10F61000D7EE067A77EEE67A75EE677A17EE900AFD
:10F620007047F7EE007A17EE900A7047B6EE075A69
:10F63000F5EE027AE6E700BF4ED747ADF6740F311C
:10F640007CF293B4010DD037610BB6BAABAA2A3D58
:10F650009999993E0000483F2DE9F04F2DED048B1C
:10F66000D7B003F1FF390293D31E48BF131DBA4C24
:10F67000649D0591DB1023EAE37354F8256003933E
:10F6800003F10108A2EBC80816EB09028646A3EBBA
:10F69000090316D41A449FEDB17A6598511C1AAA31
:10F6A000002BA4BF50F8234007EE904A03F101035A
:10F6B000ACBFF8EEE77AF0EE477A8B42E2EC017AE3
:10F6C000EED1029B002E4FEA83044FEA860A1DDB2F
:10F6D0001AAB181943AA7346191902EB0A0742AD6F
:10F6E000F446B9F1000FDFED9D7A09DB024663466F
:10F6F000F3EC016A32ED017A8B42E6EE877AF7D1BC
:10F70000E5EC017ABD4200F10400EAD1AAF1080358
:10F7100006ADEB1804939FED939ADFED918A009666
:10F7200005ABB34674449A4442AF76464FEA8B0326
:10F7300056AA1A44BBF1000F52ED146A16DD07EB0E
:10F740008B02294666EE897AB0EE667AFDEEE77A9C
:10F7500032ED016AF8EEE77ABA42A7EEE87A77EE80
:10F76000866ABDEEC77AA1EC017AEBD1414616EE6E
:10F77000900A019300F0F8FB08EE100AF4EE007A0C
:10F7800068EE277A17EE900A00F094FB07EE100A55
:10F79000F2EE007AA7EE678AB8F1000F019BFDEE4A
:10F7A000C89AF0EE487AB8EEE98A37EEC88A40F394
:10F7B000C6800BF1FF3CC8F1080255F82C1041FA45
:10F7C00002F000FA02F2891A45F82C1019EE90CADC
:10F7D0008444C8F1070209EE90CA41FA02F2002AF5
:10F7E00048DD19EE901ABBF1000F01F1010109EE9D
:10F7F000901A40F33682D5F800C0BCF1000F40F0FB
:10F800009B80BBF1010F20D0AE4601205EF8041FA3
:10F8100000F1010C002900F09980E6468C46714603
:10F82000CCF5807C8B4545F820C00CDD55F82100D7
:10F830002B4405EB810100E00868C0F1FF0041F8AE
:10F84000040B9942F8D14FF0010CB8F1000F0EDD16
:10F85000B8F1010F00F02E81B8F1020F07D10BF1C2
:10F86000FF3155F8213003F03F0345F82130022ADB
:10F8700000F00981B5EE408AF1EE10FA40F0868082
:10F88000009B0BF1FF3C63450EDC0BF1804101391D
:10F8900005EB8101002051F80439514540EA03008D
:10F8A000F9D1002840F00F81009B013B55F823302F
:10F8B000002B40F0FC80049B4FF0010C53F804290E
:10F8C0000CF1010C002AF9D0DC440BF1010EE645E5
:10F8D00030DC039B029A0EEB03015A4403EB0C0B42
:10F8E0001AAB01F1804103EB8202659B013903EB06
:10F8F000810107EB8E0E03EB8B0B51F8043F9FED5C
:10F90000177A07EE903AF8EEE77A1046B9F1000F51
:10F91000E0EC017A09DB334601E072ED017AF3ECA9
:10F92000016AA342A6EEA77AF7D15945AEEC017A57
:10F930000246E2D1E346F9E60121002070E715D145
:10F940000BF1FF3255F82220121248E7E3456046DA
:10F950007FF45CAF8C4678E70430040000000000C0
:10F96000000080430000803B0000C93FF6EE007AB3
:10F97000B4EEE78AF1EE10FA80F25D81B5EE408ACE
:10F98000F1EE10FA4FF000023FF47AAFC8F1000137
:10F9900018EE100A0192009E00F0E6FA5FED106A80
:10F9A000019A07EE100AB4EEE67AF1EE10FAC0F210
:10F9B0005B815FED147A67EE277A0BF10103FDEEB0
:10F9C000E77A08F10808F8EEE77AA7EEE67AFDEEA6
:10F9D000E77ABDEEC77A17EE101A45F82B1017EE2E
:10F9E000901A45F8231041464FF07E50CDE9002390
:10F9F00000F0BAFA019B009A002B07EE100AC0F241
:10FA00004A819F0042A907F1040E5FED2A6A0F4464
:10FA1000381D05EB0E0171ED017AF8EEE77AA94287
:10FA200067EE877A27EE267A60ED017AF3D10DF141
:10FA3000B8081FED336AC44603F101090025002E02
:10FA4000C0F20481A24CDFEDA37A3846B0EE467ACC
:10FA5000002103E0A94208DCB4EC017AF0EC016A71
:10FA600001318E42E6EE877AF4DA01354D45ECEC51
:10FA7000017AA7F10407E2D16499032955D8DFE898
:10FA800001F0CAB7B75DF7EE007A37EEC88ABCF16D
:10FA9000000F3FF4EFAE17EE900A4146019200F0DE
:10FAA00063FA07EE900A019A38EE678AE2E64FF0B1
:10FAB000010C09E70BF1FF3155F8213003F07F030A
:10FAC00045F82130D3E655F82C10009E6346A8F186
:10FAD0000808002987D10CF18041013905EB81012B
:10FAE00051F80409013BA8F108080028F8D07AE78A
:10FAF000DFED787A002A40F0BF809DED2E7A0599DF
:10FB0000002BC1ED007A77EE677A0BDD2FA801217B
:10FB1000B0EC017A01318B4277EE877AF8DA002A6D
:10FB200040F0B680059BC3ED017A19EE903A03F0E0
:10FB3000070057B0BDEC048BBDE8F08F002B40F3FD
:10FB4000C4809C0056A921440DF1B80803F18040FF
:10FB500051ED286A013808EB830171ED017A37EE27
:10FB6000A67A884577EEC77A81ED007A77EEA67A95
:10FB7000F0EE476AC1ED017AEFD1012B40F3A58089
:10FB800056AB1C448000031D54ED286A43442FA942
:10FB900073ED017A37EEA67A994277EEC77A83ED54
:10FBA000007A77EEA67AF0EE476AC3ED017AEFD1DC
:10FBB0000830DFED487A08EB000308F1080833ED60
:10FBC000017A984577EE877AF9D1DDED2E6A9DEDC1
:10FBD0002F7A2AB1F1EE666AB1EE477AF1EE677AD2
:10FBE000059BC3ED006A83ED017AC3ED027A9CE7C1
:10FBF000002BFFF67DAF2EA800EB8301DFED357AF9
:10FC0000043131ED017A884277EE877AF9D1002A02
:10FC10003FF473AF30E0DFED2F7AC6443EED017A5A
:10FC2000F04577EE877AF9D10AB1F1EE677A059B54
:10FC3000C3ED007A79E719EE902ABBF1000F02F1CB
:10FC4000010209EE902A3ADD0222D4E5DFED217AA5
:10FC500001354D45ECEC017AA7F104077FF4EFAED6
:10FC60000AE74FF0000CF0E5BDEEC77A5B4617EEF1
:10FC7000101A45F82B10B6E6DDED2E6A0599B1EEA7
:10FC8000677A002B76EEE77A81ED007A3FF73EAF98
:10FC9000F1EE677A46E7649903293FF646AF01A083
:10FCA00050F821F0B5FC0300F1FB0300F1FB030069
:10FCB0003DFB0300DFED077A002AB6D1B7E7F7EE88
:10FCC000007A37EEC88A0222D4E5DFED027A7CE7BB
:10FCD000DC2F04000000000020F00043B3F1485F77
:10FCE00007EE900A06EE101A04DABDEEE77A17EE78
:10FCF000103A23B327EEA77A9FED174ADFED174A94
:10FD00009FED175ADFED175ADFED176AE7EE044A49
:10FD100027EE874AA4EE875AE5EE075AE5EE876A92
:10FD200082B166EEC46AF6EE005AE6EE256ADFEDB1
:10FD30000F5A96EE876AA4EE256A77EEC67A17EE1A
:10FD4000900A70479FED0A6AA7EE266AE6EE047AEB
:10FD500017EE900A704700BFD3C92E2F342FD7B2A9
:10FD60001BEF3836010D50B98988083CABAA2A3EF2
:10FD7000ABAA2ABE41F0004101F58010C00F7047C8
:10FD80000020704700200149704700BF0000F87F45
:10FD90002DE9F041C1F30A57A7F2FF35132D82B0C8
:10FDA00002460B460C464FEAD178064633DC002D5E
:10FDB0004EDB3C49294103EA0100104326D04908A3
:10FDC0000B4052EA03060CD04FF48023132D24EA93
:10FDD000010143FA05F444EA01040CBF4FF0004668
:10FDE0000026314901EBC8082346D8E900453246D0
:10FDF0002046294600F0BCF9CDE9000122462B46F9
:10FE0000DDE9000100F0B2F902460B461046194642
:10FE100002B0BDE8F081332D07DDB5F5806FF5D177
:10FE200000F0A6F902460B46F0E7A7F213474FF0A1
:10FE3000FF31F9400842E9D049080842D1D04FF0DB
:10FE4000804320EA010143FA07F741EA0706C8E7C1
:10FE500021F000410143D9D0C3F3130101434E42C5
:10FE60000E43114D5C0C360B640406F4002305EBC5
:10FE7000C80243EA0401D2E900450B46024629467E
:10FE8000204600F075F9CDE9000122462B46DDE958
:10FE9000000100F06BF921F00041024641EAC8730D
:10FEA000B4E700BFFFFF0F00C818040020F00040B7
:10FEB000704700BF82B00190019A22F00041CB0D43
:10FEC0007F3B162B20DC002B10462EDB23491941EB
:10FED0000A4224D0DFED227A9DED017A77EE277A6F
:10FEE000F5EEC07AF1EE10FA19DD002A04DA4FF4CB
:10FEF000000242FA03F3184420EA010307EE903AA5
:10FF000017EE900A02B07047B1F1FF4FDDED017AB4
:10FF1000F6D377EEA77A17EE900A02B07047DDEDC0
:10FF2000017A17EE900A02B07047DFED0D7A9DED71
:10FF3000017A77EE277AF5EEC07AF1EE10FAEEDD6F
:10FF4000002A02DBDFED077ADAE7FFEE007A00290C
:10FF500018BFB0EE677AF0EE477AD1E7FFFF7F0077
:10FF6000CAF249710000000000B52DED028B83B08C
:10FF70000190019B33F000421DD0B2F1FF4F0FD230
:10FF8000B2F5000F20D3D20D0A44FE2A2CDC002A41
:10FF90003DDD23F0FF4343EAC25307EE903A03E00E
:10FFA00007EE900A77EEA77A17EE900A03B0BDEC41
:10FFB000028B5DF804FBDDED017A17EE900A03B0C9
:10FFC000BDEC028B5DF804FB9DED017ADFED1B7A41
:10FFD0001B4B67EE277A9942CDED017A10DB019B2E
:10FFE000C3F3C752193ACFE79FED168A019918EE6D
:10FFF000100A00F035F807EE900A67EE887AD3E72A
:020000040004F6
:10000000DFED117A9DED017A67EE277ACCE712F1E8
:10001000160F06DA4CF250339942E5DC9FED0A8A5E
:10002000E4E7193223F0FF4343EAC2539FED077A16
:1000300007EE903A67EE877AB6E700BF0000004C03
:10004000B03CFFFFCAF249716042A20D00000033CC
:1000500003F0004321F0004242EA0301704700BF71
:1000600001F0004120F000400843704710B5054CF6
:1000700013462CB10A4601460220AFF3008010BDA2
:100080002046FCE700000000014B1868704700BFE5
:100090002C80002008B5074B044613B10021AFF3B4
:1000A0000080054B1868836A03B19847204600F02A
:1000B0009BFF00BF000000001030040070B50D4E23
:1000C0000D4CA41BA4100025A54209D10B4E0C4CCD
:1000D00001F0B0F8A41BA4100025A54205D170BD05
:1000E00056F8253098470135EEE756F82530984701
:1000F0000135F2E70082002000820020008200200B
:1001000014820020024B0146186800F0C4BF00BFF3
:100110002C80002038B5074C0023054608461146C0
:10012000236000F059FF431C02D1236803B12B6008
:1001300038BD00BFAC8C0020084B37B51C68084D9B
:10014000236A002B08BF2B46009313460A4601463C
:10015000204600F0D2FF03B030BD00BF2C8000204D
:100160009080002081F0004102E000BF83F0004356
:1001700030B54FEA41044FEA430594EA050F08BF42
:1001800090EA020F1FBF54EA000C55EA020C7FEA06
:10019000645C7FEA655C00F0E2804FEA5454D4EB83
:1001A0005555B8BF6D420CDD2C4480EA020281EA4D
:1001B000030382EA000083EA010180EA020281EA85
:1001C0000303362D88BF30BD11F0004F4FEA0131D7
:1001D0004FF4801C4CEA113102D0404261EB4101E6
:1001E00013F0004F4FEA03334CEA133302D052426C
:1001F00063EB430394EA050F00F0A780A4F1010428
:10020000D5F1200E0DDB02FA0EFC22FA05F2801861
:1002100041F1000103FA0EF2801843FA05F3594147
:100220000EE0A5F120050EF1200E012A03FA0EFCC6
:1002300028BF4CF0020C43FA05F3C01851EBE371F0
:1002400001F0004507D54FF0000EDCF1000C7EEB0D
:1002500000006EEB0101B1F5801F1BD3B1F5001F4B
:100260000CD349085FEA30004FEA3C0C04F101046A
:100270004FEA445212F5800F80F09A80BCF1004F93
:1002800008BF5FEA500C50F1000041EB045141EA15
:10029000050130BD5FEA4C0C404141EB010111F416
:1002A000801FA4F10104E9D191F0000F04BF0146C1
:1002B0000020B1FA81F308BF2033A3F10B03B3F19F
:1002C00020020CDA0C3208DD02F1140CC2F10C022F
:1002D00001FA0CF021FA02F10CE002F11402D8BF8D
:1002E000C2F1200C01FA02F120FA0CFCDCBF41EA59
:1002F0000C019040E41AA2BF01EB0451294330BD28
:100300006FEA04041F3C1CDA0C340EDC04F1140404
:10031000C4F1200220FA04F001FA02F340EA0300DB
:1003200021FA04F345EA030130BDC4F10C04C4F121
:10033000200220FA02F001FA04F340EA0300294601
:1003400030BD21FA04F0294630BD94F0000F83F44B
:10035000801306BF81F480110134013D4EE77FEA2E
:10036000645C18BF7FEA655C29D094EA050F08BF7A
:1003700090EA020F05D054EA000C04BF194610465B
:1003800030BD91EA030F1EBF0021002030BD5FEA9F
:10039000545C05D14000494128BF41F0004130BDC7
:1003A00014F580043CBF01F5801130BD01F000451B
:1003B00045F0FE4141F470014FF0000030BD7FEA8E
:1003C000645C1ABF194610467FEA655C1CBF0B4689
:1003D000024650EA013406BF52EA033591EA030FA0
:1003E00041F4002130BD00BF90F0000F04BF002198
:1003F000704730B54FF4806404F132044FF00005CB
:100400004FF0000150E700BF90F0000F04BF002143
:10041000704730B54FF4806404F1320410F00045A9
:1004200048BF40424FF000013EE700BF42004FEAA4
:10043000E2014FEA31014FEA02701FBF12F07F4321
:1004400093F07F4F81F06051704732F07F4208BFD8
:10045000704793F07F4F04BF41F40021704730B5DF
:100460004FF4607401F0004521F000411CE700BF2B
:1004700050EA010208BF704730B54FF000050AE0AE
:1004800050EA010208BF704730B511F0004502D5AF
:10049000404261EB41014FF4806404F132045FEAB1
:1004A000915C3FF4D8AE4FF003025FEADC0C18BF5A
:1004B00003325FEADC0C18BF033202EBDC02C2F14C
:1004C000200300FA03FC20FA02F001FA03FE40EADE
:1004D0000E0021FA02F11444BDE600BF70B54FF0E2
:1004E000FF0C4CF4E06C1CEA11541DBF1CEA1355C0
:1004F00094EA0C0F95EA0C0F00F0DEF82C4481EA28
:10050000030621EA4C5123EA4C5350EA013518BF47
:1005100052EA033541F4801143F4801338D0A0FB34
:1005200002CE4FF00005E1FB02E506F00042E0FBE1
:1005300003E54FF00006E1FB03569CF0000F18BFE7
:100540004EF0010EA4F1FF04B6F5007F64F540748F
:1005500004D25FEA4E0E6D4146EB060642EAC62122
:1005600041EA55514FEAC52040EA5E504FEACE2E8F
:10057000B4F1FD0C88BFBCF5E06F1ED8BEF1004F92
:1005800008BF5FEA500E50F1000041EB045170BD0E
:1005900006F0004646EA010140EA020081EA030152
:1005A000B4EB5C04C2BFD4EB0C0541EA045170BD4E
:1005B00041F480114FF0000E013C00F3AB8014F1C8
:1005C000360FDEBF002001F0004170BDC4F1000411
:1005D000203C35DA0C341BDC04F11404C4F1200592
:1005E00000FA05F320FA04F001FA05F240EA0200ED
:1005F00001F0004221F0004110EBD37021FA04F623
:1006000042EB06015EEA430E08BF20EAD37070BDDC
:10061000C4F10C04C4F1200500FA04F320FA05F03B
:1006200001FA04F240EA020001F0004110EBD3703D
:1006300041F100015EEA430E08BF20EAD37070BDAD
:10064000C4F1200500FA05F24EEA020E20FA04F386
:1006500001FA05F243EA020321FA04F001F0004135
:1006600021FA04F220EA020000EBD3705EEA430EA6
:1006700008BF20EAD37070BD94F0000F0FD101F0D5
:100680000046400041EB010111F4801F08BF013C0E
:10069000F7D041EA060195F0000F18BF704703F04C
:1006A0000046520043EB030313F4801F08BF013DD3
:1006B000F7D043EA0603704794EA0C0F0CEA13558F
:1006C00018BF95EA0C0F0CD050EA410618BF52EA49
:1006D0004306D1D181EA030101F000414FF000004F
:1006E00070BD50EA410606BF1046194652EA43065D
:1006F00019D094EA0C0F02D150EA013613D195EAD1
:100700000C0F05D152EA03361CBF104619460AD118
:1007100081EA030101F0004141F0FE4141F4700122
:100720004FF0000070BD41F0FE4141F4780170BD12
:1007300070B54FF0FF0C4CF4E06C1CEA11541DBF77
:100740001CEA135594EA0C0F95EA0C0F00F0A7F879
:10075000A4EB050481EA030E52EA03354FEA0131A6
:1007600000F088804FEA03334FF0805545EA1313B9
:1007700043EA12634FEA022245EA111545EA106581
:100780004FEA00260EF000419D4208BF964244F118
:10079000FD0404F5407402D25B084FEA3202B61A37
:1007A00065EB03055B084FEA32024FF480104FF40B
:1007B000002CB6EB020E75EB030E22BFB61A75467F
:1007C00040EA0C005B084FEA3202B6EB020E75EB12
:1007D000030E22BFB61A754640EA5C005B084FEA7A
:1007E0003202B6EB020E75EB030E22BFB61A754647
:1007F00040EA9C005B084FEA3202B6EB020E75EB52
:10080000030E22BFB61A754640EADC0055EA060E12
:1008100018D04FEA051545EA16754FEA06164FEA55
:10082000C30343EA52734FEAC2025FEA1C1CC0D101
:1008300011F4801F0BD141EA00014FF000004FF08E
:10084000004CB6E711F4801F04BF01430020B4F14F
:10085000FD0C88BFBCF5E06F3FF6AFAEB5EB030C07
:1008600004BFB6EB020C5FEA500C50F1000041EB04
:10087000045170BD0EF0004E4EEA113114EB5C04D1
:10088000C2BFD4EB0C0541EA045170BD41F48011A4
:100890004FF0000E013C90E645EA060E8DE60CEAAC
:1008A000135594EA0C0F08BF95EA0C0F3FF43BAFC9
:1008B00094EA0C0F0AD150EA01347FF434AF95EA80
:1008C0000C0F7FF425AF104619462CE795EA0C0F64
:1008D00006D152EA03353FF4FDAE1046194622E731
:1008E00050EA410618BF52EA43067FF4C5AE50EA0B
:1008F00041047FF40DAF52EA43057FF4EBAE12E7FB
:100900004FF0FF3C06E000BF4FF0010C02E000BFDB
:100910004FF0010C4DF804CD4FEA410C7FEA6C5CBE
:100920004FEA430C18BF7FEA6C5C1BD001B050EA61
:10093000410C0CBF52EA430C91EA030F02BF90EA4C
:10094000020F0020704710F1000F91EA030F58BF0B
:10095000994208BF90422CBFD8176FEAE37040F06D
:10096000010070474FEA410C7FEA6C5C02D150EA0B
:10097000013C07D14FEA430C7FEA6C5CD6D152EAC6
:10098000033CD3D05DF8040B704700BF844610468B
:1009900062468C461946634600E000BF01B5FFF78A
:1009A000B7FF002848BF10F1000F01BD4DF808ED5A
:1009B000FFF7F4FF0CBF012000205DF808FB00BF2B
:1009C0004DF808EDFFF7EAFF34BF012000205DF885
:1009D00008FB00BF4DF808EDFFF7E0FF94BF0120D2
:1009E00000205DF808FB00BF4DF808EDFFF7CEFFD3
:1009F00094BF012000205DF808FB00BF4DF808ED12
:100A0000FFF7C4FF34BF012000205DF808FB00BFE2
:100A10004FEA410C7FEA6C5C02D150EA013C0AD1FA
:100A20004FEA430C7FEA6C5C02D152EA033C02D1EC
:100A30004FF0000070474FF0010070474FEA41024D
:100A400012F5001215D211D56FF47873B3EB625220
:100A500012D94FEAC12343F0004343EA505311F047
:100A6000004F23FA02F018BF404270474FF00000D9
:100A7000704750EA013005D111F0004008BF6FF017
:100A8000004070474FF00000704700BF4A0011D28D
:100A900012F5001211D20DD56FF47873B3EB6252D8
:100AA0000ED44FEAC12343F0004343EA505323FAE4
:100AB00002F070474FF00000704750EA013002D159
:100AC0004FF0FF3070474FF0000070474FEA41028F
:100AD000B2F1E04324BFB3F5001CDCF1FE5C0DD99C
:100AE00001F0004C4FEAC0024CEA5070B2F1004FE6
:100AF00040EB830008BF20F00100704711F0804FE9
:100B000021D113F13872BCBF01F00040704741F4AD
:100B100080114FEA5252C2F11802C2F1200C10FAB1
:100B20000CF320FA02F018BF40F001004FEAC12395
:100B30004FEAD32303FA0CFC40EA0C0023FA02F339
:100B40004FEA4303CCE77FEA625307D150EA01330F
:100B50001EBF4FF0FE4040F44000704701F00040DF
:100B600040F0FE4040F40000704700BF7BB972B90E
:100B70000029BEBF00204FF0004106E008BF00285A
:100B80001CBF6FF000414FF0FF3000F01BBAADF119
:100B9000080C6DE904CE002909DB002B1ADB00F0FC
:100BA000ABF8DDF804E0DDE9022304B07047404211
:100BB00061EB4101002B1BDB00F09EF8DDF804E047
:100BC000DDE9022304B0404261EB4101524263EB94
:100BD00043037047524263EB430300F08DF8DDF8A6
:100BE00004E0DDE9022304B0404261EB41017047BB
:100BF000524263EB430300F07FF8DDF804E0DDE9E7
:100C0000022304B0524263EB4303704753B94AB91D
:100C1000002908BF00281CBF4FF0FF314FF0FF3004
:100C200000F0D0B9ADF1080C6DE904CE00F064F825
:100C3000DDF804E0DDE9022304B070472DE9F84354
:100C400082EAE274A4EBE2741546E20758BFDFF8CB
:100C5000609006460F4652BF4FF000088046894616
:100C6000640832463B463046394613D0FFF736FC1F
:100C7000E30706460F46F3D54046494632463B4613
:100C8000FFF72CFC64088046894632463B463046D6
:100C90003946EBD1002D07DA42464B460020044985
:100CA000FFF746FD8046894640464946BDE8F88341
:100CB0000000F03FD0B500220D4B06460F46FFF76F
:100CC0000DFCFFF7E3FE0446FFF78EFB0022094B05
:100CD000FFF704FC02460B4630463946FFF746FA5A
:100CE000FFF7D4FE0022234610431946D0BD00BFB3
:100CF0000000F03D0000F0412DE9F047089E044659
:100D00008846002B4BD18A42154667D9B2FA82F247
:100D10004AB1C2F1200701FA02F320FA07F7954021
:100D200047EA030894404FEA154E230CB8FBFEF740
:100D30001FFA85FC0EFB178843EA084307FB0CF1FA
:100D4000994209D9EB1807F1FF3080F01B819942D5
:100D500040F21881023F2B445B1AA4B2B3FBFEF0B1
:100D60000EFB103344EA034400FB0CFCA44509D9F4
:100D70002C1900F1FF3380F00781A44540F2048173
:100D800002382C4440EA0740A4EB0C0400271EB1B3
:100D9000D4400023C6E900433946BDE8F0878B42C2
:100DA00009D9002E00F0EB800027C6E90001384683
:100DB0003946BDE8F087B3FA83F7002F47D18B425D
:100DC00002D3824200F2FA80841A61EB030301200D
:100DD0009846002EE0D0C6E90048DDE702B9FFDE04
:100DE000B2FA82F2002A40F08F80491B4FEA154E7A
:100DF0001FFA85F80127B1FBFEFC230C0EFB1C112A
:100E000043EA014308FB0CF1994207D9EB180CF1B6
:100E1000FF3002D2994200F2CD808446591AA3B223
:100E2000B1FBFEF00EFB101443EA044408FB00F88B
:100E3000A04507D92C1900F1FF3302D2A04500F2DA
:100E4000B6801846A4EB080440EA0C409FE7C7F1BF
:100E5000200CBB4022FA0CFE4EEA030E01FA07F406
:100E600020FA0CF521FA0CF34FEA1E482543B3FB98
:100E7000F8F92C0C08FB19331FFA8EFA44EA0343E5
:100E800009FB0AF49C4202FA07F200FA07F10BD9B7
:100E90001EEB030309F1FF3080F087809C4240F293
:100EA0008480A9F1020973441B1BADB2B3FBF8F0B7
:100EB00008FB103345EA034400FB0AFAA24508D9AF
:100EC0001EEB040400F1FF336BD2A24569D902384E
:100ED000744440EA0940A0FB0289A4EB0A044C4593
:100EE000C2464B4654D351D0002E69D0B1EB0A050F
:100EF00064EB030404FA0CFCFD40FC404CEA0505DD
:100F0000C6E90054002747E7C2F1200320FA03F79F
:100F1000954001FA02F021FA03F34FEA154E3843E7
:100F2000010CB3FBFEF71FFA85F80EFB173341EAFD
:100F3000034107FB08F38B4204FA02F407D969184E
:100F400007F1FF3C2FD28B422DD9023F2944CB1A07
:100F500081B2B3FBFEF00EFB103341EA034100FB0C
:100F600008F38B4207D9691800F1FF3C17D28B4276
:100F700015D902382944C91A40EA07473BE73746E2
:100F8000304609E70746E7E61846FBE64145ABD29F
:100F9000B8EB020A69EB0E0201381346A4E760467B
:100FA000E9E7184695E76746D1E781467CE70238CE
:100FB0002C4447E7ACF1020C2B442FE7384608E7F6
:100FC0003746E9E6704700BF024B58221A604FF0DF
:100FD000FF307047AC8C0020024B58221A604FF053
:100FE000FF307047AC8C0020FEE700BFEDF7F0BB90
:100FF00000F005B80B4601461846FFF737B810B5A4
:10100000002814BF044601242046EDF791FD30B9B5
:10101000FDF706F808B900F00FF88047F4E710BDB7
:1010200008B500F004F808B5804700F005F808B5E9
:10103000FCF7FEFFFFF7F7FF08B50620FFF762F8A1
:101040000120FFF7D1FF30B50024A24201D10020DA
:1010500007E0035D01340D1915F8015CAB42F4D0D3
:10106000581B30BD884210B501EB020307D8421E61
:1010700099420AD011F8014B02F8014FF8E7834278
:10108000F5D98118D21AD34200D110BD13F8014D01
:1010900001F8014DF7E71F2938B504460D4604D97C
:1010A000162303604FF0FF3038BD426C12B152F886
:1010B00021304BB9204600F016F82A46014620465A
:1010C000BDE83840FFF726B8012B0AD0591C03D1E0
:1010D000162303600120E7E7002442F82540284654
:1010E00098470020E0E7FFF76FBF034613F8012B96
:1010F000002AFBD1181A013870472DE9F0478046C5
:10110000894692461E460F463D46089815F8014B03
:1011100000F06EF82044437813F0080332D12D2CF0
:1011200032D17C78BD1C0122002E5DD0102E09D159
:10113000302C07D12B7803F0DF03582B4FD16C787C
:1011400010260235002A14BF4FF000416FF0004115
:101150000027B1FBF6FC384606FB1C1EA4F1300349
:10116000092B17D81C46A64223DD7B1C07D08445DB
:101170001CD301D1A64519DB00FB0640012715F859
:10118000014BEBE72F46BFE72B2C04BFBD1C7C783F
:101190001A46C9E7A4F14103192B01D8373CE2E70D
:1011A000A4F16103192B04D8573CDCE74FF0FF375B
:1011B000E5E77B1C08D12223C8F800300846BAF1C5
:1011C000000F07D1BDE8F08702B14042BAF1000F2D
:1011D000F8D00FB105F1FF39CAF80090F2E73024DA
:1011E000002EAFD10826ADE7302CA3D00A26A9E700
:1011F000D0F8EC00704782B001B901A942B14BB1FF
:1012000013780B601278101C18BF012002B07047D1
:101210001046FBE76FF00100F8E749B1FF2A85BFF0
:101220008A2303600A704FF0FF3098BF0120704797
:1012300008467047F8B500BFF8BC08BC9E4670472A
:10124000F8B500BFF8BC08BC9E467047000000001F
:10125000000000000000000000000000000000008E
:101260000108010842424242010801083ED8E98DC6
:101270000000000011B6020075B6020025B702009A
:1012800055B7020009F7020021060300D5ED020060
:10129000C5F10200D1F10200E9F10200E9D102003A
:1012A000DDF1020039EE0200A5F10200EDDE0200E0
:1012B000F9D1020081D50200ADD402005DD4020054
:1012C000B1D602001DCF020021D1020031D10200AF
:1012D00045D1020061D1020035DA020095D9020041
:1012E0006DDF0200C5DF0200791003007D100300EE
:1012F0002C1B0400FC1A0400841A0400CC1A0400FD
:101300005C1B0400C81B0400F81B0400101E040032
:10131000DDEC020095EE020085EC020081E10200A6
:101320009910030091100300951003009DDD020049
:10133000D1DB020041DC0200E1D20200F5D2020062
:1013400015D30200A5D30200B9D30200F1D30200E5
:1013500079CD02008DD10200A1D10200A5D10200F9
:10136000ADD10200B9D10200C1D10200D1D1020039
:10137000D9D10200E1D1020085DB0200B5DB020019
:1013800089EE020095F20200C1F202002DF3020084
:1013900075E102008DE1020099EA020051CB0200E2
:1013A0005DCB0200B5CB0200BDCB0200D9D002005C
:1013B000E5D002002DCC0200D5CD0200C9CF02003D
:1013C000DDCD020049CE020005CF020015CF02009C
:1013D00061DB0200FDD6020025D702004DD70200D6
:1013E000A5D70200D1D7020085D502007DD6020024
:1013F000B5D50200E5D502000DD6020035D60200B3
:1014000055D60200F1DC020015DD020039DD0200D4
:101410005DDD02007DDD020065DB020075DB0200A0
:1014200015DA020025DA020031D802006DD102007F
:1014300059D8020011D9020025D9020039D9020079
:101440004DD9020061D9020075D902007DD1020098
:1014500085D1020081100300E9D10200410403009C
:10146000F9D1020075D2020079D202007DD20200C9
:1014700091D20200C5D20200C9D20200D9D2020024
:1014800005D4020011D4020015D402009DDE020032
:10149000E1DF0200F9DF02001DE0020071E002005E
:1014A00091E0020081BB020095BB0200A9BB0200D3
:1014B000BDBB0200D1BB0200E5BB0200F9BB0200CC
:1014C0000DBC02007DF30200A5F30200B9F3020097
:1014D000CDF30200E1F30200F5F3020009F402008B
:1014E0001DF4020085BC020089BC0200A1BC020000
:1014F000B5BC0200CDBC0200E1BC02005DC0020030
:1015000099C1020045BD020049BD020079BD02003B
:10151000A5BD020025BE020031BE020075BE02005C
:10152000E9BE020001BF020029BF020031BF020074
:10153000CDEC0200D1EC0200B9C10200BDC1020035
:10154000C9C10200CDC10200D1C10200D9C102004F
:10155000DDC10200E1C1020001C202001DC20200A1
:1015600045C2020049C2020051C2020065C2020027
:1015700071C2020075C2020031F40200B1F402002F
:1015800045F50200A9F50200B1F50200B9F5020027
:10159000C9F50200D9F5020069FE020071010400DC
:1015A000C1090400FD0904006D01040031070400B5
:1015B000DD04040009F702000D06030099FE020095
:1015C00021FF020055FF020069FF0200BDFF02007B
:1015D000C1FF0200C9FF0200D5FF0200DDFF0200CB
:1015E0001901030029010300310103005101030027
:1015F0008901030005020300C50203006D03030017
:10160000750303008D0303009503030025FA020010
:101610003DFA02004DFA020055FA02006DFA02008E
:1016200089FA020031FB020079FB020095FA020000
:101630002D05030095050300AD050300B505030066
:10164000F905030001060300F1FB0200F5FB0200AF
:1016500001FC020005FC02005D060300D506030044
:10166000390703009D070300790E03003D0F0300B7
:10167000410F0300D90F0300291003002D100300B0
:101680003110030035100300391003003D10030032
:101690004110030045100300491003004D100300E2
:1016A0006559030089590300155A0300615A030064
:1016B000AD5A0300BD5A0300895C03007115030095
:1016C000791503008115030091150300A51503008A
:1016D000C9340300B1150300E115030045190300E7
:1016E000ED15030051160300C5190300751B030017
:1016F0008D1B0300B51B030005450300C11B030040
:10170000211C03004D430300D94503006D1C030059
:101710006D1D030065460300E5420300A942030076
:10172000D142030061470300991F03008120030099
:101730003523030095250300012803006D2C0300C9
:10174000352D0300853203002D33030029340300B7
:101750009947030085460300B95D03002D5E030031
:101760008D5C0300955C03009D5C0300A55C030099
:10177000CD5C03003D5D03004D5D0300795D03001A
:10178000955E0300B15E0300395F0300995F0300BB
:1017900001000000000000000A000000000000003E
:1017A0006400000000000000E803000000000000EA
:1017B0001027000000000000A086010000000000CB
:1017C00040420F00000000008096980000000000DA
:1017D00000E1F5050000000000CA9A3B000000008F
:1017E00000E40B540200000000E8764817000000F7
:1017F0000010A5D4E800000000A0724E18090000F7
:1018000000407A10F35A00004FBB610567ACDD3F22
:10181000182D4454FB21E93F9BF681D20B73EF3F17
:10182000182D4454FB21F93FE2652F227F2B7A3C8F
:10183000075C143326A6813CBDCBF07A8807703C48
:10184000075C143326A6913C000000000000E03F36
:10185000000000000000E0BF0000E0FE422EE63F76
:101860000000E0FE422EE6BF763C7935EF39EA3DD6
:10187000763C7935EF39EABD000000000000000039
:10188000000000000000008000000040FB21F93F44
:10189000000000002D44743E000000809846F83C93
:1018A0000000006051CC783B00000080831BF039C1
:1018B0000000004020257A38000000802282E336B4
:1018C000000000001DF369350000000000003043F7
:1018D00000000000000030C3000000000000000015
:1018E0006DB7020075B70200D98D0300118E030099
:1018F00079B702008DB70200A571030015710300CE
:101900005D71030019710300958C0300358E03008F
:10191000E574030075707369646500006E6F726D25
:10192000616C0000636F6F7264696E61746520732F
:10193000706163653A202564202F2025642C2025C2
:10194000730000006163633A206D6F756E74696E99
:10195000670000006163633A207573696E67205306
:1019600044412C2053434C006163633A206E6F2046
:1019700069326320617661696C61626C65000000A8
:101980006163633A206E6F74206465746563746587
:10199000640000006163633A206465746563746584
:1019A00064202564000000006163633A2064616D77
:1019B0006167656420616363656C6572656F6D74F2
:1019C0006572206F7220696E76616C696420414394
:1019D00043454C45524F4D455445525F545950452F
:1019E000000000006163633A20696E76616C69648F
:1019F00020414343454C45524F4D455445525F5459
:101A0000595045006163633A206D6F756E7465646B
:101A100000000000303132333435363738396162F6
:101A200063646566000000006661696C656420742B
:101A300079706520636865636B20666F722025701E
:101A400020402570000000005654202570202D20D5
:101A50006F626A7479706520256420636C617373AA
:101A60004E6F202564000000756E68616E646C65C1
:101A70006420657863657074696F6E2C2076616C84
:101A800075653A000C0003F9000000000100000039
:101A90000000000079C80200EDDE0200EDC6020081
:101AA00061C802002DC8020021C8020015C802004A
:101AB00041C802006D697373696E672070726F7040
:101AC00065727479206F6E20257000000C0003F998
:101AD00000000000010000000000000079C80200C2
:101AE000EDDE0200E1C60200CDC50200D1C5020054
:101AF000DDC50200E1C50200E5C502000C0003F9E6
:101B000000000000010000000000000079C8020091
:101B1000EDDE020059C8020035C502003DC50200D5
:101B200041C5020045C5020089C502000C0003F949
:101B300000000000010000000000000079C8020061
:101B4000EDDE020071C8020015C502001DC50200CD
:101B500021C5020075C8020025C502000C0003F96A
:101B600000000000010000000000000079C8020031
:101B7000EDDE020069C80200EDC50200FDC50200ED
:101B80006DC8020065C802000DC602005B4E61749C
:101B90006976652025705D005B5265664F626A65F7
:101BA00063742076743D257020636C3D256420733A
:101BB0007A3D25645D0000005B2573202570203D83
:101BC0002025735D00000000080004F900000000FB
:101BD000030000000000000079C80200EDDE0200F2
:101BE0000000000015C60200000000000000000018
:101BF00000000000000000000C0002F900000000DE
:101C0000020000000000000079C80200EDDE0200C2
:101C1000000000005DC8020000000000000000009D
:101C200000000000000000002C1B04000700626F91
:101C30006F6C65616E0000002C1B04000900756E5E
:101C4000646566696E656400C81B040000000000DE
:101C5000000000002C1B0400000000002C1B0400EE
:101C6000080066756E6374696F6E00002C1B0400BB
:101C70000900756E646566696E6564002C1B04005E
:101C80000800496E66696E69747900002C1B0400B7
:101C900003004E614E0000002C1B040009002D497A
:101CA0006E66696E697479002C1B040004006E7501
:101CB0006C6C00002C1B040004007472756500003D
:101CC0002C1B0400050066616C7365002C1B04006E
:101CD00008005B4F626A6563745D00002C1B0400A2
:101CE0000A005B46756E6374696F6E5D00000000EC
:101CF0002C1B040006006E756D626572000000000A
:101D00002C1B040006006F626A656374000000000B
:101D10002C1B04000600737472696E6700000000DB
:101D20006763416C6C6F6328256429202825642F24
:101D3000256420667265653B202564206D617820EE
:101D4000626C6F636B29202D3E206E657720626C7C
:101D50006F636B002D2D4D41524B000052503A25C0
:101D6000702F25640000000052473A25702F25642B
:101D70000000000047432025642F2564206672651B
:101D8000653B202564206D6178426C6F636B0000B9
:101D9000686561703A20256420286D696E7573202E
:101DA00025642073797320627974657329000000BB
:101DB000474320626C6F636B2025646220402025BE
:101DC000700000005265665265664C6F63616C205E
:101DD000257020763D257000526566436F6C6C65FA
:101DE0006374696F6E2025702073697A653D256480
:101DF000000000005265665265636F7264202570B2
:101E00002073697A653D25642062797465730000EA
:101E10000C0005F9000000000400000000000000B4
:101E2000CDED0200F5EC020059EC0200A1EC02003D
:101E300000000000000000000000000000000000A2
:101E400076617269616E74206E6F74207375707044
:101E50006F727465643A2025730000005265664D08
:101E600061702025702073697A653D25640000004B
:101E70005365676D656E743A2025702C206C656E15
:101E80006774683A2025642C2073697A653A2025A6
:101E9000640000002D3E2025640000004572726F32
:101EA000723A202564205B25645D0000526566411E
:101EB0006374696F6E2025702070633D2558207310
:101EC000697A653D25640000140004F900000000F3
:101ED0000800000000000000E9EC020025ED02000F
:101EE0006DEC0200B1EC02000000000000000000F8
:101EF0000000000000000000080004F900000000DD
:101F00000700000000000000D1ED020015ED020006
:101F100065EC0200ADEC02000000000000000000D3
:101F200000000000000000000C0004F900000000A8
:101F30000600000000000000E1EC0200C5F0020015
:101F400051EC02009DEC02000000000000000000C7
:101F50000000000000000000636F6D6D202564200C
:101F60002D3E202570000000525325643A25702F25
:101F700025640000756E6B6E6F776E0023202573ED
:101F800000000000232025733A2025700000000087
:101F90006932633A206C6F6F6B757020646566619F
:101FA000756C742070696E73000000006932633ACA
:101FB00020666F756E64206578697374696E67203A
:101FC000693263006932633A206D6F756E74696EB1
:101FD00067206F6E206E65772064657669636500A3
:101FE000000000000000000095FB020099FB0200C9
:101FF0009DFB0200A1FB0200A5FB0200ADFB02005D
:10200000B5FB02006E6F2070696E206366673A2030
:102010002564000000000000000000006DB7020011
:1020200075B70200E5FF0200E9FF0200F1FF0200C0
:102030000900030000000000000000006DB702006E
:1020400061000300E5FF0200E9FF02002900030030
:1020500041000300616C6C6F636174652054494DED
:10206000455225640000000052455345542055490F
:1020700043520A00100800000080004011090000CF
:1020800000900040120A000000A00040131A000057
:1020900000A00140141B000000B00140000000003F
:1020A000000000000A444D4553473A0A0000000072
:1020B0000A0A00000000000000000000ED0D03000F
:1020C0000D08030011A5030015A5030019A50300C1
:1020D0006D090300BD09030047EBF02D935A16C8A4
:1020E0000F1F3F00A1100300ED100300511103006A
:1020F00000030C0F30333C3FC0C3CCCFF0F3FCFFE8
:1021000000112233445566778899AABBCCDDEEFFD7
:10211000526566496D6167652025702073697A652F
:102120003D25642078202564000000000C0004F99F
:102130000000000005000000000000009D100300EA
:10214000B511030049EC020099EC02000000000008
:102150000000000000000000000000004A44413A76
:10216000206D61676963206D69736D6174636820B8
:1021700025780000696E76616C69642073757065FE
:10218000722D6672616D6520256420256400000053
:10219000696E76616C69642073757065722D667204
:1021A000616D652025642025642025640000000001
:1021B0000609090906040604040E070806010F0FA4
:1021C000080409060C0A091F081F010F100F080454
:1021D0000E110E1F080402010E110E110E0E110E2B
:1021E000040211000E1B110001807811807820007C
:1021F0003A010313800A29800A0000002A2A2A20B3
:10220000434F44414C2050414E4943203A205B25E6
:10221000645D0000373448433A2077616974696E21
:10222000672E2E2E00000000373448433A206E6F90
:1022300020776169742072657175657374656400D7
:10224000373448433A20257800000000636F6E66FB
:10225000696720747970653A2025643B206366675E
:10226000303D257820636667313D25780000000009
:10227000636F6E6669677572652073637265656EFC
:102280003A2046524D435452313D2570204D414431
:1022900043544C3D257020747970653D25640000E1
:1022A00073637265656E3A20256420782025642C5E
:1022B000206F66663D25642C256400000000000048
:1022C0000000000015620300F16103000D620300CD
:1022D000E96103000962030001620300F961030080
:1022E00030780000444D455347206C696E6520747A
:1022F0006F6F206C6F6E67210A00000025000000E0
:102300003F3F3F000D0A00000000000000000000F9
:102310006DB7020075B70200E5FF0200E9FF020099
:10232000A5700300BD700300A17003000000000051
:10233000000000006DB7020075B70200E5FF020063
:10234000E9FF0200257103003D710300A571030040
:10235000157103005D710300197103001D71030005
:102360001D710300E5740300000000000000000080
:102370006DB7020075B70200E5FF0200E9FF020039
:102380000000000000000000797703002110040025
:1023900000000000000000006DB7020075B70200E9
:1023A000D1790300E9FF02000000000000000000F6
:1023B0002110040021100400211004002110040049
:1023C000211004002110040079780300A57E030089
:1023D0000000000000000000BD810300AD8103008B
:1023E00000000000000000006DB7020075B7020099
:1023F000E5FF0200E9FF020055860300698603003D
:1024000079770300858603000000000000000000CB
:102410006DB702000D870300E5FF0200E9FF02002F
:10242000DD860300F1860300D5860300F9870300EB
:10243000EF03038002CF0300C130ED046403128177
:10244000E803850078CB05392C003402F70120EA37
:10245000020000C00123C10110C5023E28C7018649
:102460003601083701003A0155B1020018B60308D9
:102470008227F20100260101E00F0F312B0C0E081C
:102480004EF1370710030E0900E10F000E1403117F
:102490000731C148080F0C31360F11807829807838
:1024A000000000000000000000000000BD880300E4
:1024B00075B70200E5FF020021A303008588030031
:1024C0009D880300D424040004000000F4240400C8
:1024D00007000000020000000000000004000000EF
:1024E00001000000080000000200000010000000D1
:1024F00003000000C4090000700000008813000001
:10250000600000001027000050000000204E000076
:1025100040000000409C000030000000A086010048
:102520002000000040420F001000000000000000EA
:10253000000000006DB7020075B70200218B030098
:10254000818B0300518B0300658B0300A571030091
:10255000157103005D71030019710300798A03008E
:10256000A58B0300E57403000200040108020000CB
:10257000E204000000000000C409000008000000A0
:102580008813000010000000102700001800000051
:10259000204E0000200000008038010028000000CC
:1025A000007102003000000000C409003800000083
:1025B00000000000000000006DB7020075B70200C7
:1025C000D98D0300118E0300E18D0300F58D03000A
:1025D000A5710300157103005D71030019710300FB
:1025E000958C0300358E0300E57403004D5055367D
:1025F00030353020696E69742025780000000000B5
:10260000000000006DB7020075B70200FD8E0300E8
:10261000358F0300058F0300198F0300A571030098
:10262000157103005D7103001971030071900300BF
:10263000598F0300E5740300000000000000000053
:102640004D91030065600300196403000000000061
:1026500000000000C596030055920300BD910300E1
:102660005D910300E19303006D940300F4FFFFFF0D
:10267000000000006DB7020075B70200E5FF020020
:10268000E9FF02006594030081940300000000004C
:10269000000000006DB7020075B70200E5FF020000
:1026A000E9FF020091970300A59703003597030007
:1026B00000000000000000006DB7020075B70200C6
:1026C000E5FF0200E9FF0200ED9B0300019C03000F
:1026D000319B0300858603000180781180782000FB
:1026E0003A0103E010021C07123732292D29252B4D
:1026F0003900010310E110031D07062E2C292D2E91
:102700002E373F0000021013800A29800A000000C3
:102710000000000000000000D5A3030075B7020010
:10272000E5FF020021A30300519C0300699C030004
:102730000000000000000000D5A40300E9A403008D
:10274000FFFF0000FFFF0000493243206572722046
:102750002578000049324320465245513A202564ED
:1027600000000000000000000000000051AB03006A
:1027700001D8030001D8030009D8030009D80300D9
:1027800011D8030021AD03002DD80300B1AD030023
:1027900095AB03004DD803000000000000000000CE
:1027A0006DB7020075B70200E5FF0200E9FF020005
:1027B0002DAE030069AE030089B10300F8FFFFFFEF
:1027C0000000000009B2030000000000000000004B
:1027D000A1B6030015B3030085B3030001BC0300D9
:1027E0009DB30300D1B5030009B4030019B403007D
:1027F0004DB4030059B40300ADB80300D9BC0300C5
:1028000069B4030019B60300A5B7030079B4030047
:1028100091B4030005B303000DB303002DBB030007
:10282000DDBA030029B7030001B50300F1B40300CA
:10283000F5B40300020000000400000006000000E0
:1028400053504920636F6E66696720646F6E652020
:10285000663D257000000000000000000000000040
:102860005DBD030039BD0300FDC0030075C003005A
:10287000B5C003004DBD030051BD030000000000C2
:10288000000000006DB7020075B70200D1790300A7
:10289000E9FF020019C20300ADC20300C9C2030070
:1028A0002DC103003DC10300CDC1030061C303007E
:1028B000C1C2030079780300A57E03000000000078
:1028C000000000006DB7020075B70200E5FF0200CE
:1028D00039C9030001C9030019C90300A581030018
:1028E00015C7030045C7030081C70300A1C7030044
:1028F000B5C70300E1C7030005C8030025C80300EE
:1029000055C8030089C80300A9C8030091C9030082
:10291000C9C8030011C7030072656C6F63617465F9
:102920002076746F7220746F202578202D3E20252C
:1029300078202578000000000030004003000000EF
:102940000F00000000400040040000000F000000E5
:1029500000300240230000000C0000000020004076
:10296000020000001000000000F002402F000000F4
:102970000400000000800240280000001000000059
:102980008829040008000000020000000100000087
:10299000030000000200000004000000030000002B
:1029A00005000000040000001C00000005000000FD
:1029B0001D000000060000001E00000007000000CF
:1029C0001F000000080000000100000000000000DF
:1029D00000000000F9D7030001D8030001D803006C
:1029E00009D8030009D8030011D80300B1D80300A7
:1029F0002DD8030045D903006DD803004DD803003E
:102A000000000000000000006DB702000D87030009
:102A1000E5FF0200E9FF020069DE030089DE030032
:102A2000D586030051DE0300000000000000000016
:102A3000F9DE0300E9DE030011A50300EDDE03006B
:102A4000F1DE030061636F730000000061636F7368
:102A5000680000006173696E000000006174616EBF
:102A600068000000636F7368000000006578700004
:102A7000666D6F64000000006C6F67006C6F6731FB
:102A800030000000706F770073696E68000000000E
:102A900073717274000000006C6F676600000000C4
:102AA0007371727466000000FB21F93FFB2109403D
:102AB0007CD91240FB2119407A6A1F407CD9224000
:102AC000BBFD2540FB2129403A462C407A6A2F4025
:102AD0005C4731407CD932409C6B3440BBFD354073
:102AE000DB8F3740FB2139401BB43A403A463C402B
:102AF0005AD83D407A6A3F404C7E40405C47414056
:102B00006C1042407CD942408CA243409C6B4440B4
:102B1000AC344540BBFD4540CBC64640DB8F47400B
:102B2000EB584840FB21494083F9A200444E6E0017
:102B3000FC291500D1572700DD34F50062DBC00009
:102B40003C999500419043006351FE00BBDEAB0011
:102B5000B761C5003A6E2400D24D42004906E0003C
:102B600009EA2E001C92D100EB1DFE0029B11C00C9
:102B7000E83EA700F535820044BB2E009CE98400A6
:102B8000B4267000417E5F00D6913900538339002E
:102B90009CF439008B5F840028F9BD00F81F3B00CE
:102BA000DEFF97000F980500112FEF000A5A8B00E7
:102BB0006D1F6D00CF7E360009CB2700464FB70052
:102BC0009E663F002DEA5F00BA277500E5EBC7005F
:102BD0003D7BF100F739070092528A00FB6BEA0057
:102BE0001FB15F00085D8D00300356007BFC46007E
:102BF000F0AB6B0020BCCF0036F49A00E3A91D00B7
:102C00005E619100081BE60085996500A0145F00D5
:102C10008D40680080D8FF0027734D000606310004
:102C2000CA561500C9A873007BE260006B8CC00017
:102C3000000FC93F000F494000CB9640000FC9402C
:102C40000053FB4000CB164100ED2F41000F4941DE
:102C50000031624100537B41003A8A4100CB9641EA
:102C6000005CA34100EDAF41007EBC41000FC941B3
:102C700000A0D5410031E24100C2EE410053FB41CA
:102C800000F20342003A0A420083104200CB16428F
:102C900000141D42005C234200A5294200ED2F4292
:102CA00000363642007E3C4200C74242000F494295
:102CB000A2000000F9000000830000006E00000088
:102CC0004E00000044000000150000002900000034
:102CD000FC0000002700000057000000D1000000A9
:102CE000F500000034000000DD000000C00000001E
:102CF000DB00000062000000950000009900000069
:102D00003C00000043000000900000004100000073
:102D1000FE0000005100000063000000AB00000056
:102D2000DE000000BB000000C500000061000000E4
:102D3000B7000000240000006E0000003A00000010
:102D4000420000004D000000D2000000E000000042
:102D500006000000490000002E000000EA0000000C
:102D600009000000D1000000920000001C000000DB
:102D7000FE0000001D000000EB0000001C00000031
:102D8000B100000029000000A70000003E00000084
:102D9000E80000008200000035000000F50000009F
:102DA0002E000000BB000000440000008400000072
:102DB000E90000009C0000007000000026000000F8
:102DC000B40000005F0000007E0000004100000031
:102DD0003900000091000000D6000000390000001A
:102DE000830000005300000039000000F4000000E0
:102DF0009C000000840000005F0000008B000000C9
:102E0000BD000000F9000000280000003B000000A9
:102E10001F000000F800000097000000FF00000005
:102E2000DE00000005000000980000000F00000018
:102E3000EF0000002F000000110000008B000000D8
:102E40005A0000000A0000006D0000001F00000092
:102E50006D000000360000007E000000CF00000082
:102E600027000000CB00000009000000B7000000B0
:102E70004F000000460000003F0000006600000018
:102E80009E0000005F000000EA0000002D0000002E
:102E90007500000027000000BA000000C700000015
:102EA000EB000000E5000000F10000007B000000E6
:102EB0003D0000000700000039000000F70000009E
:102EC0008A0000005200000092000000EA000000AA
:102ED0006B000000FB0000005F000000B10000007C
:102EE0001F0000008D0000005D00000008000000D1
:102EF0005600000003000000300000004600000003
:102F0000FC0000007B0000006B000000AB00000034
:102F1000F0000000CF000000BC0000002000000016
:102F20009A000000F4000000360000001D000000C0
:102F3000A9000000E3000000910000006100000013
:102F40005E000000E60000001B000000080000001A
:102F50006500000099000000850000005F0000008F
:102F600014000000A0000000680000004000000005
:102F70008D000000FF000000D8000000800000006D
:102F80004D00000073000000270000003100000029
:102F900006000000060000001500000056000000BA
:102FA000CA00000073000000A8000000C900000073
:102FB00060000000E20000007B000000C000000094
:102FC0008C0000006B000000020000000300000005
:102FD00004000000060000000000C93F0000F039B6
:102FE0000000DA370000A2330000842E0000502BCE
:102FF0000000C2270000D0220000C41F0000C61B32
:103000000000441704000000070000000900000051
:10301000308000204300504F534958002E000020BC
:103020002020202020202020282828282820202078
:103030002020202020202020202020202020208828
:10304000101010101010101010101010101010048C
:1030500004040404040404040410101010101010DC
:1030600041414141414101010101010101010101D0
:1030700001010101010101010101101010101010E6
:1030800042424242424202020202020202020202A0
:1030900002020202020202020202101010102000BC
:1030A0000000000000000000000000000000000020
:1030B0000000000000000000000000000000000010
:1030C0000000000000000000000000000000000000
:1030D00000000000000000000000000000000000F0
:1030E00000000000000000000000000000000000E0
:1030F00000000000000000000000000000000000D0
:1031000000000000000000000000000000000000BF
:1031100000000000000000000000000000000000AF
:0431200000000000AB
:083124007884FE7F0100000029
:10312C0000000000A10D0C000101010180BA010F8B
:10313C0080BA010F0138FDD170470000FFFFFFFF7F
:10314C00B08C00200090D003391004003080002097
:10315C000000000000000000000000000000000063
:10316C000000000000000000000000000000000053
:10317C000000000000000000000000000000000043
:10318C000000000000000000000000000000000033
:10319C000000000000000000000000000000000023
:1031AC000000000000000000000000000000000013
:1031BC0043000000000000000000000000000000C0
:1031CC0000000000000000000000000000000000F3
:1031DC0043000000000000000000000000000000A0
:1031EC0000000000000000000000000000000000D3
:1031FC004300000000000000000000000000000080
:10320C0000000000000000000000000000000000B2
:10321C00430000000000000000000000000000005F
:10322C000000000000000000000000000000000092
:10323C00430000000000000000000000000000003F
:10324C000000000000000000000000000000000072
:10325C00430000000000000000000000000000001F
:10326C000000000000000000000000000000000052
:10327C0043000000000000000000000000000000FF
:10328C000000000000000000000000000000000032
:10329C001B120400F7110400000000001E30040093
:1032AC001C3004001D3004001D3004001D300400CF
:1032BC001D3004001D3004001D3004001D300400BE
:1032CC001D3004001D300400FFFFFFFFFFFFFFFF58
:1032DC00FFFFFFFFFFFF000001004153434949007E
:1032EC0000000000000000000000000000000000D2
:1032FC000000000000000000000041534349490059
:10330C0000000000000000000000000000000000B1
:10331C000000000000000000000000000004030199
:10332C0081B50200B5EC020031F9020079A9030065
:08333C00EDCB03005DB50200BA
:0C3344000000000000000000000000007D
:040000033000D035C4
:00000001FF
