:1040000000000320F14E0100ED4E0100ED4E0100D5
:10401000ED4E0100ED4E0100ED4E010000000000EC
:10402000000000000000000000000000ED4E010054
:10403000ED4E010000000000ED4E0100ED4E0100CC
:10404000ED4E0100ED4E0100ED4E0100ED4E010080
:10405000ED4E0100ED4E0100ED4E0100ED4E010070
:10406000ED4E0100ED4E0100ED4E0100ED4E010060
:1040700091D6010099D60100A1D60100A9D6010070
:10408000B1D60100B9D60100C1D60100C9D60100E0
:10409000D1D60100D9D60100E1D60100E9D6010050
:1040A000F1D60100F9D6010001D7010009D70100BE
:1040B000ED4E0100ED4E0100ED4E010045D1010035
:1040C00049D101004DD1010051D1010055D101006C
:1040D000ED4E0100ED4E0100ED4E0100ED4E0100F0
:1040E000ED4E0100ED4E0100ED4E0100ED4E0100E0
:1040F00000000000ED4E0100BDCC0100C9CC010064
:10410000CDCC0100D1CC0100D5CC0100E1CC010027
:10411000E5CC0100E9CC0100EDCC0100F9CC0100B7
:10412000FDCC010001CD010005CD010011CD010044
:1041300015CD010019CD01001DCD010029CD0100D3
:104140002DCD010031CD010035CD010041CD010063
:1041500045CD010049CD0100000000000000000035
:10416000000000000000000000000000000000004F
:10417000000000000000000000000000000000003F
:10418000ED4E0100ED4E0100ED4E0100ED4E01003F
:1041900000000000ED4E0100ED4E0100ED4E01006B
:1041A000ED4E0100ED4E0100ED4E0100ED4E01001F
:1041B000ED4E0100ED4E0100ED4E0100ED4E01000F
:1041C000ED4E0100ED4E0100ED4E0100ED4E0100FF
:1041D000ED4E0100ED4E0100ED4E0100ED4E0100EF
:1041E000ED4E0100ED4E0100ED4E0100A9C30100AE
:1041F000B1C30100B9C30100C1C30100C9C30100BB
:10420000D1C301000000000000000000ED4E0100DD
:10421000ED4E0100ED4E0100ED4E0100ED4E0100AE
:10422000ED4E0100ED4E0100ED4E0100ED4E01009E
:10423000ED4E0100ED4E0100ED4E0100ED4E01008E
:10424000ED4E0100ED4E0100ED4E0100ED4E01007E
:10425000ED4E0100ED4E0100ED4E0100ED4E01006E
:10426000000000007CB0EE877CB0EE87FF00FF000E
:10427000FF00FF00FF00FF00FF00FF00FF00FF0046
:10428000FF00FF00FF00FF00FF00FF00FF00FF0036
:10429000FF00FF00FF00FF00FF00FF000000000024
:1042A0002DE9F04F85B003910778A7F10903042B9E
:1042B000044607F07F0200F10100F5D9202AF3D06F
:1042C0002B2F04BF677804462D2F75D09FED427BBE
:1042D0008DED007B4FF000084FF000099FB34FF0C9
:1042E000000C25464FF0000ADFF8FCB0644619E0E8
:1042F00019F03AFE80468946304619F0CBFD424619
:104300004B4619F07BFC5246804689465B46DDE908
:1043100000013CB319F052FFCDE90001A44615F8A5
:10432000017F7FB1A7F13006092E52465B46404619
:104330004946DDD9CCB92E2F17D115F8017F0124BC
:10434000002FEFD12C4642464B46DDE9000119F023
:104350000BFE80468946039B404649461C6005B0DB
:10436000BDE8F08F4FF0010CD9E72C46BCF1000FEF
:1043700029D042464B46DDE9000119F0F5FD07F072
:10438000DF07452F80468946E5D10399681C0A223C
:104390001CF0F2FE1449024600201AF095F902467C
:1043A0000B464046494619F0DFFD804689464046A7
:1043B000494605B0BDE8F08F9FED097B67788DED2C
:1043C000007B013486E7DFF824904FF00008404678
:1043D000494605B0BDE8F08F000000000000F03F46
:1043E000000000000000F0BF000024400000F87F43
:1043F0002DE9F047002314460022804689461AF032
:1044000025F828B109F1004399462D232370013482
:1044100000220023404649461AF00EF828B1302207
:10442000002322706370BDE8F087404649461AF0C9
:1044300047FF1AF049F873A3D3E90023074649461A
:1044400040461AF003F800284ED170A3D3E90023A8
:10445000404649461AF018F8002845D10E2F07F1BA
:10446000010540F3B980A7F10E06324600206249EB
:104470001AF02AF902460B464046494619F09EFEBC
:1044800000225E4B19F0BAFB1AF05AF9002DA7F181
:104490000F0E4FF0010C4DDD594FDFF878810122EE
:1044A00045F6F3294FF02E0A494508BF40454FF025
:1044B00030030AD3B0EB080061EB0901494508BF9E
:1044C000404503F10103F5D2DBB2237050EA01034A
:1044D00004F101084AD1954252DD0132102A4FD031
:1044E000444677E90289DFE7002F33DB3A460020B4
:1044F00041491AF0E9F802460B464046494619F090
:104500005DFE3BA3D3E900238046894601250026B2
:104510004046494619F028FD0022384B19F06EFB41
:104520001AF00EF9002DBC464FF0FF3E37464FF013
:104530000006B1DC234630224FF02E0803F8022B90
:1045400084F80180FC4345D01C4403F8012BA342AE
:10455000FBD1A1E77A42002027491AF0B5F80246BC
:104560000B464046494619F0FFFCCAE7954202F166
:10457000010204BF84F801A004F10208102AAFD19F
:104580006EB14246302102F8011BC2F101037344AF
:104590004344002BF7DC2EEAEE7301339844BCF160
:1045A000010F12D0BCF1000F4FF0650388F8003006
:1045B000C5BF2B2388F8013008F1010108F1020181
:1045C0006046BDE8F04710F001BD002388F80030D8
:1045D000BDE8F0871C465FE7C7F10E0200200649E0
:1045E0001AF072F83E4602460B46012790E700BFDC
:1045F0000000901EC4BCD642000024400000E03FF2
:10460000182202008DEDB5A0F7C6B03E50EFE2D6FD
:10461000E41A4B4400407A1070B54FF0FF3006F0BA
:1046200079F904466FF07F4006F074F9064620469B
:1046300019F020FC00220C4B19F096FC0446304681
:104640000D4619F017FC06A3D3E9002319F0B6FDB7
:1046500002460B462046294619F0D0FA70BD00BF2D
:104660000000E0DFFFFF6F430000F03D00000000AE
:104670002DE9F04F1D461389AB4288BF536885B0C2
:1046800004468CBF53F82500002090468A4606F069
:10469000B7FD0022904B19F067FC19F015FFB8F830
:1046A00008206B1C9A4288BFD8F8042006468CBFAD
:1046B00052F82300002006F0A3FD0022864B19F0DB
:1046C00053FC19F001FFB8F808300235AB4288BF3F
:1046D000D8F8043007468CBF53F82500002006F0B8
:1046E0008FFD002EC4E9006740F3E280002F40F305
:1046F000DF8071A3D3E90023002584F828501AF045
:1047000003FD002200238046894619F09FFE40B138
:104710004046494668A3D3E9002319F06FFA804662
:10472000894667A3D3E900234046494619F0ACFE09
:10473000C0B165A3D3E900234046494619F090FE75
:1047400080B101234046494684F8283060A3D3E96C
:10475000002319F053FA58A3D3E900231AF0D4FC2C
:104760008046894600225D4B4046494619F0FCFBD5
:104770001AF002FA01F1004300221946564B19F0D3
:10478000F3FB19F0A1FE4946054640461AF0B0F980
:104790000022514B19F0E8FB19F096FEDAF80430CC
:1047A0004F49B3F80CB0B3F80AA0A56007FB0BF3B0
:1047B00003EB010806FB0AF6019388FB05234FEA89
:1047C000124C00960E444CEA034C06EA010383FBAC
:1047D000009A06EB0C0E0EEA010ED346CA468EFB7B
:1047E00000675246CDE90267120C42EA0B42DDE94E
:1047F00002AB0CEA010C8CFB00674FEA16495646E7
:104800000A40360C46EA0B4649EA074982FB05ABEB
:104810005F46C144B0445646CDE90267039FE0605D
:10482000360C09EA010908EA010846EA074689FB4D
:1048300005AB334488FB0556CDE9025655462D0C91
:1048400045EA0B45DDE902AB0B40AC4403EAE377F4
:104850000CEA010C554623EAE37367454FEA154518
:1048600002EAE276A8BF674645EA0B45634522EABD
:10487000E272B8BF6346AE444E450EEA010EA8BFD1
:104880004E464A45B8BF4A467745A8BF7746734566
:10489000B8BF73464645A8BF4646C4E905634245CE
:1048A000B8BF424600980199206261622761E261C7
:1048B000204605B0BDE8F08FEA2E4454FB21194094
:1048C000F4D64354FB21F93F320D337F7CD912409B
:1048D000EA2E4454FB2109400000F0400000E03F74
:1048E0000000FFFF0000000008B511F06BFEDFEDD7
:1048F0000C7A07EE100A67EE277A17EE900A19F085
:10490000DBFA05A3D3E9002319F058FC19F0DCFD0C
:1049100008BD00BFAFF30080EA2E4454FB211940CC
:104920000000B4430000000008B511F05FFEDFEDA9
:104930000C7A07EE100A67EE277A17EE900A19F044
:10494000BBFA05A3D3E9002319F038FC19F0BCFD2C
:1049500008BD00BFAFF30080EA2E4454FB2119408C
:104960000000B443000000002DE9F04F046985B059
:10497000E3699B07FCD12368C3F3400BBBF1000F35
:1049800040F0AF80B0F80CA015468046BAF1000F99
:1049900023D0BAF1010F62D0BAF1020F40F0A48027
:1049A0005500E1685448C5F53B438033B3FBF5F54A
:1049B0002A0421F47F0102F47F020A43E260E268E4
:1049C0006B00A0FB03135B0822F07F4242EA036303
:1049D0005846E36005B0BDE8F08FE2684BF6803BD7
:1049E00005EB850022F0FF03ABEB4000019319F0CB
:1049F00041FA0646B8F80E000F4619F04BFA3CA3F0
:104A0000D3E9002319F0B0FA80460BFB05F0894684
:104A100019F030FA02460B464046494619F0A4FA0E
:104A200002460B463046394619F0E6F8064668005D
:104A30000F4619F01FFA02460B463046394619F068
:104A4000BDFB19F069FD019BC0B21843E060E3684B
:104A5000504623F47F43E36005B0BDE8F08FE26881
:104A60004BF6803A05EB850022F0FF03AAEB4000ED
:104A7000019319F0FFF9CDE90201B8F80E0019F021
:104A800009FA1BA3D3E9002319F06EFA06460AFBC4
:104A900005F00F4619F0EEF902460B46304639464E
:104AA00019F062FA02460B46DDE9020119F0A4F89A
:104AB000064668000F4619F0DDF902460B463046FF
:104AC000394619F07BFB19F027FD019BC0B2184352
:104AD000E060E368584623F47F43E36005B0BDE837
:104AE000F08F6FF0100075E76FF00C0072E700BFF9
:104AF00095D626E80B2E113EABAAAAAA000000000C
:104B00004F4A21F0004393422DE970430D4604467D
:104B10004DDC4C4A93420E460FDC45A3D3E90023FB
:104B200019F06CF80022484B19F0AEFC002854D064
:104B30002B4620461946BDE87083444A934240DC28
:104B4000B3F1804F49DD19F0CFFF224680468946F8
:104B50002B462046294619F007FA00223A4B19F055
:104B60004DF81BF0CBF842464B4619F047F8024689
:104B70000B460020344919F021FB424604460D46FD
:104B80004B464046494619F039F80B46024629463D
:104B9000204619F033F801F0C7FE04460B46002EFC
:104BA0000BDC03F1004320461946BDE870830B4639
:104BB000024619F023F804460B4620461946BDE884
:104BC000708319F091FF01F0AFFE1BA3D3E900231E
:104BD00019F014F804460B46E1E722462B4620461E
:104BE000294619F0C1F9804689462046294619F020
:104BF0007BFF00220446144B0D464046494618F000
:104C0000FDFF1BF07BF800220F4B18F0F7FF024668
:104C10000B464046494619F0D1FA22462B4618F079
:104C2000EDFF00F0B1FA04460B46B8E7AFF30080A1
:104C30009C7500883CE4377EEF39FAFE422EE63F51
:104C4000FFFFEF7FFFFF2F3E0000F03F0000B0416D
:104C50002DE9F84FB84B21F000469E420D468A469A
:104C600004460EDDB54B9E4200F3B08000F0AB80F1
:104C7000B34BB449B448BAF1000FC8BF1946BDE8F8
:104C8000F88FB24B9E4200F3B980A3F1DE739E42CF
:104C900040F3A4804FF0FF3B22462B462046294696
:104CA00019F062F902460B468046894619F05CF914
:104CB00089A3D3E9002306460F4619F055F988A3C6
:104CC000D3E9002318F09AFF32463B4619F04CF91D
:104CD00085A3D3E9002318F091FF32463B4619F033
:104CE00043F983A3D3E9002318F088FF32463B46FB
:104CF00019F03AF980A3D3E9002318F07FFF324678
:104D00003B4619F031F97EA3D3E9002318F076FF72
:104D100042464B4619F028F97BA3D3E9002380468D
:104D200089463046394619F01FF979A3D3E90023A3
:104D300018F062FF32463B4619F016F976A3D3E924
:104D4000002318F059FF32463B4619F00DF974A3C1
:104D5000D3E9002318F050FF32463B4619F004F91E
:104D600071A3D3E9002318F047FF32463B4619F000
:104D7000FBF802460B464046494618F03FFF2246E4
:104D80002B4619F0F1F8BBF1FF3F02460B465CD011
:104D90006F4B704E4FEACB0B5B44D3E9002318F006
:104DA0002BFF22462B4618F027FFB34402460B4642
:104DB000DBE9000118F020FFBAF1000F0CDA01F175
:104DC0000041BDE8F88F00283FF452AF224620464C
:104DD0002B46294618F012FFBDE8F88F54A3D3E9FB
:104DE000002318F00BFF00225B4B19F04DFB00284D
:104DF0003FF450AF20462946BDE8F88F19F074FE05
:104E0000564B9E4204460D4625DCA3F550239E4298
:104E10004ADC02460B4618F0F1FE00224E4B18F019
:104E2000EBFE002206460F464FF0804320462946FF
:104E300018F0E4FE02460B463046394619F0BEF93A
:104E40004FF0000B04460D4626E72046294618F091
:104E5000D3FEBDE8F88F424B9E421ADC0022414B44
:104E600018F0CAFE002206460F463E4B2046294651
:104E700019F07AF80022384B18F0C0FE02460B46B3
:104E80003046394619F09AF94FF0020B04460D46A8
:104E900002E702460B460020334919F08FF94FF024
:104EA000030B04460D46F7E600222B4B18F0A4FE38
:104EB000002206460F46284B2046294618F09EFE43
:104EC00002460B463046394619F078F94FF0010B8F
:104ED00004460D46E0E600BF11DA22E33AAD903F0A
:104EE000EB0D76244B7BA93F513DD0A0660DB13F21
:104EF0006E204CC5CD45B73FFF8300922449C23F89
:104F00000D5555555555D53F2F6C6A2C44B4A2BF4D
:104F10009AFDDE522DDEAD3F6D9A74AFF2B0B33F15
:104F2000711623FEC671BC3FC4EB98999999C93F8D
:104F30009C7500883CE4377EFFFF0F440000F07F43
:104F4000FB21F93FFB21F9BF182D4454FFFFDB3F44
:104F500040220200202202000000F03FFFFFF23F4B
:104F6000FF7F03400000F83F0000F0BF000000009A
:104F7000C1F30A522DE9F843A2F2FF36132E0B4675
:104F80000D4604468846074621DC002E4CDB3A4A93
:104F900042FA06F901EA090202431DD034A3D3E91B
:104FA000002318F02BFE0022002319F06DFA48B1FF
:104FB000002D04DD4FF4801343FA06F6B04428EACE
:104FC000090500273C4629462046BDE8F883332ED4
:104FD00006DDB6F5806F3AD019462046BDE8F88365
:104FE000A2F213424FF0FF3929FA02F919EA000F31
:104FF000F2D01FA3D3E9002318F000FE0022002303
:1050000019F042FA0028DDD0002D09DD142E25D03C
:105010000123C6F1340603FA06F6371928BF98446F
:1050200027EA09074546CDE711A3D3E9002318F085
:10503000E5FD0022002319F027FA0028C2D0002D38
:105040000FDB55EA040707D000270C4DBAE70246EC
:1050500018F0D4FD0446C0E73D46B3E705F101086A
:10506000DEE700274FF00045ACE700BFAFF300805C
:105070009C7500883CE4377EFFFF0F000000F03F86
:10508000C1F30A522DE9F843A2F2FF36132E0B4664
:105090000D460446884607461DDC002E3DDB384A97
:1050A00042FA06F901EA0902024319D032A3D3E910
:1050B000002318F0A3FD0022002319F0E5F9D0B376
:1050C000002D04DA4FF4801343FA06F6B04428EAC0
:1050D000090500272FE0332E06DDB6F5806F2FD0AF
:1050E00019462046BDE8F883A2F213424FF0FF397B
:1050F00029FA02F919EA000FF2D01FA3D3E900231D
:1051000018F07CFD0022002319F0BEF998B1002DA3
:1051100024DB27EA090745460DE017A3D3E900235E
:1051200018F06CFD0022002319F0AEF918B1002D23
:105130000BDB00273D463C4629462046BDE8F88368
:10514000024618F05BFD0446CBE725F000430D4A0C
:105150001F43002F18BF15460027ECE7142E08D078
:105160000123C6F1340603FA06F6371928BF98441E
:10517000CFE705F10108CCE79C7500883CE4377E59
:10518000FFFF0F000000F0BF2DE9F04FD84B994210
:1051900087B00E46074643DDD64B99428A4600F358
:1051A000F680D54B994240F330810B15A3F2FF3BBB
:1051B00000220023CDE902230446D04BCAF3130A90
:1051C0009A454AF07F5500F3158145F44015204675
:1051D00029460022CA4B18F00FFD002204460D4656
:1051E000C84B18F0C1FE22462B4618F0BDFE804683
:1051F000894627462E46CDE90089BAF1000F3AD1FB
:10520000002200232046294619F016F9002800F054
:105210001D81BBF1000F40F0858100200146BAE0FE
:10522000B94B21F000449C420A460FDD0022B74BE7
:1052300019F002F9002800F0B180002200230020BC
:10524000B34918F0BBFF07B0BDE8F08FB14B9C42EB
:1052500040F3B180B04B1A449A4240F2D68000220B
:10526000A84B18F081FE3A46334618F07DFECDE992
:1052700000014FF0000B00224FF0804338463146CA
:1052800018F0BCFC02460B463846314618F096FF33
:1052900002460B468046894618F066FE80A3D3E995
:1052A000002304460D4618F05FFE7FA3D3E90023D8
:1052B00018F0A4FC22462B4618F056FE7CA3D3E936
:1052C000002318F09BFC22462B4618F04DFE7AA3D3
:1052D000D3E9002318F092FC22462B4618F044FE36
:1052E00077A3D3E9002318F089FC22462B4618F057
:1052F0003BFE75A3D3E9002318F080FC22462B4621
:1053000018F032FE72A3D3E9002318F077FC22468E
:105310002B4618F029FEDDE9004522462B4618F001
:105320006DFC42464B4618F01FFECDE90401BBF16F
:10533000000F00F0A880584618F0ACFD66A3D3E932
:1053400000238046894618F00FFE65A3D3E90023A9
:1053500004460D464046494618F006FEDDE90223A4
:1053600018F04CFCDDE9042318F048FC02460B461B
:10537000DDE9000118F040FC3A46334618F03CFCE9
:1053800002460B462046294618F036FC03E002464A
:105390000B4618F033FC07B0BDE8F08F3A463346B1
:1053A0003846314618F028FC02460B4618F006FF36
:1053B00007B0BDE8F08F0022584B18F01FFC002208
:1053C000002319F061F810B1554B9C4262DD3A465A
:1053D00033463846314618F0C7FD0022494B18F0D5
:1053E000C3FD02460B463846314618F005FC07B0AF
:1053F000BDE8F08F45F40015CAF5801A204629460D
:105400004FEAAA0A0BF1010BE3E63D4B3846314661
:10541000002218F0F3FB0B15A3F2FF3BBBF1000FCA
:1054200004460D468A4640F3C3803A46334618F098
:10543000E3FB02460B460020314918F0DDFB224613
:105440002B4618F0BBFECDE90201B6E626A3D3E950
:1054500000232046294618F087FD02460B4600200F
:10546000274918F0C9FB42464B4618F07DFD064619
:105470000F46BBF1000F73D102460B46204629466A
:1054800018F0BAFB87E702460B462046294618F07B
:10549000B3FBA6E7384631467DE700BFAFF3008097
:1054A00044523EDF12F1C23F9FC678D0099AC33FF3
:1054B000DE03CB966446C73FAF788E1DC571CC3FE7
:1054C000599322942449D23F04FA97999999D93F44
:1054D000935555555555E53F0000E0FE422EE63FF9
:1054E000763C7935EF39EA3D555555555555E53FEB
:1054F0007982DA3FFFFFEF7FFFFF3F439DA0060069
:105500000000F03F0000E03FFFFFEF3F0000F0BF72
:10551000000050C3FFFF1F3E3C412D4000005043A0
:10552000FFFF8F3C584618F0B5FC27A3D3E90023B2
:1055300006460F4618F018FDDDE9022318F05EFB61
:1055400023A3D3E9002304460D463046394618F01C
:105550000BFD02460B462046294618F04FFB1AE782
:10556000584618F097FC1AA3D3E9002382468B46CD
:1055700018F0FAFC14A3D3E900238046894650466C
:10558000594618F0F1FCDDE9022318F037FB02461A
:105590000B463046394618F02FFB22462B4618F0B2
:1055A0002BFB02460B464046494618F025FBF2E627
:1055B0000022094B18F020FB02460B4638463146C4
:1055C00018F01AFB3BE700BF763C7935EF39EA3D2E
:1055D0000000E0FE422EE63F0000F03F0000000029
:1055E00008B519F0F1FD04A3D3E9002318F0E6FD96
:1055F00008BD00BFAFF30080EF39FAFE422EE63F50
:105600002DE9F043DFF8B4808BB004460D4600F07E
:1056100057FF98F90030013306460F462CD022463A
:105620002B462046294618F039FF814620BB2046EC
:10563000294619F059FA1CA3D3E9002318F024FFD6
:10564000D0B11B4A98F90030CDF820900321CDE964
:105650000445CDE90245CDE9001293B1154900207A
:10566000022BCDE9060111D11BF042FD222303607C
:10567000089B9BB9DDE90667304639460BB0BDE8AB
:10568000F0830D4B4FF06042CDE9062368461BF0D6
:10569000DFFB0028E8D0089B002BEBD01BF028FD97
:1056A000089B0360E6E700BF7DF8B98FCE338640E4
:1056B000303802000000F07FFFFFEF4712020020A9
:1056C0002DE9F043DFF8E4808BB004460D4600F08E
:1056D000A3FF98F90030013306460F4633D0204629
:1056E00029461BF0AFFB70B329A3D3E90023204662
:1056F000294618F0C9FE814650BB27A3D3E90023F1
:105700002046294618F0A2FEE8B198F90030244A54
:10571000CDF82090042600200021022BCDE904457D
:10572000CDE90245CDE90062CDE9060129D0684600
:105730001BF08EFB28B3089B1BB11BF0D9FC089B08
:105740000360DDE90667304639460BB0BDE8F083FB
:10575000134A98F90030019203210022CDE9044553
:10576000CDE90245009108922BB90E4B4FF06042F3
:10577000CDE90623DBE70C490020022BCDE9060129
:10578000D5D11BF0B5FC22230360D4E7AFF3008032
:10579000EF39FAFE422E864051302DD5104987C090
:1057A00038380200FFFFEF470000F07F12020020B0
:1057B0002DE9F84FC44E21F00043B3420C46054694
:1057C0000DDD03F1404303F58013034340F0B9803E
:1057D000002940F3408100200021BDE8F88FBB4E36
:1057E000B34208DCBA4A934200F3B5809CA1D1E9E8
:1057F0000001BDE8F88F0029C0F2708102460B4617
:105800000020B44918F0F8F90022B34B18F0ACFBB3
:1058100004460D461AF072FA93A3D3E90023894691
:1058200080462946204618F09FFB91A3D3E9002328
:1058300018F0E4F922462B4618F096FB8EA3D3E924
:10584000002318F0D9F922462B4618F08DFB8CA3C3
:10585000D3E9002318F0D2F922462B4618F084FB36
:1058600089A3D3E9002318F0C7F922462B4618F084
:105870007BFB87A3D3E9002318F0C0F922462B460F
:1058800018F072FB84A3D3E9002382468B4620469E
:10589000294618F069FB82A3D3E9002318F0ACF97C
:1058A00022462B4618F060FB7FA3D3E9002318F0B3
:1058B000A5F922462B4618F057FB7DA3D3E9002318
:1058C00018F09AF922462B4618F04EFB0022814B25
:1058D00018F094F902460B465046594618F06EFCF3
:1058E00042464B4618F040FB002682468B46324625
:1058F0004B463046494618F037FB02460B462046D9
:10590000294618F079F9324604460D464B46404682
:10591000494618F073F902460B462046294618F00E
:105920004DFC02460B465046594618F067F9324680
:105930004B4618F063F902460B4618F05FF9BDE8D4
:10594000F88F02460B4618F057F902460B4618F03E
:1059500035FCBDE8F88F02460B4618F005FB42A364
:10596000D3E9002306460F4618F0FEFA40A3D3E918
:10597000002318F043F932463B4618F0F5FA3EA3EF
:10598000D3E9002318F038F932463B4618F0ECFA18
:105990003BA3D3E9002318F031F932463B4618F017
:1059A000E3FA39A3D3E9002318F026F932463B463F
:1059B00018F0DAFA36A3D3E9002318F01FF93246BB
:1059C0003B4618F0D1FA34A3D3E900238046894638
:1059D0003046394618F0C8FA31A3D3E9002318F04D
:1059E0000BF932463B4618F0BFFA2FA3D3E9002348
:1059F00018F004F932463B4618F0B6FA2CA3D3E966
:105A0000002318F0F9F832463B4618F0ADFA0022B0
:105A1000304B18F0F3F802460B464046494618F062
:105A2000CDFB2A46234618F09FFA02460B4622A1D8
:105A3000D1E9000118F0E0F802460B46284621465D
:105A400018F0DAF802460B4605A1D1E9000118F07A
:105A5000D3F8BDE8F88F1AA1D1E9000179E700BFBA
:105A6000182D4454FB21F93F09F7FD0DE13D023F9C
:105A700088B20175E0EF493F3B8F68B52882A43FAB
:105A80005544880E55C1C93F7D6FEB0312D6D43FF4
:105A9000555555555555C53F82922EB1C5B8B33FA2
:105AA00059018D1B6C06E63FC88A599CE52A0040C7
:105AB0004B2D8A1C273A0340075C143326A6913CE1
:105AC000182D4454FB210940FFFFEF3FFFFFDF3F4C
:105AD0000000603C0000F03F0000E03F00225C4B13
:105AE00018F08CF800225B4B18F03EFA40A3D3E983
:105AF000002304460D4618F037FA3FA3D3E90023EC
:105B000018F07CF822462B4618F02EFA3CA3D3E975
:105B1000002318F071F822462B4618F025FA3AA314
:105B2000D3E9002318F06AF822462B4618F01CFA35
:105B300037A3D3E9002318F05FF822462B4618F06C
:105B400013FA35A3D3E9002318F058F822462B4660
:105B500018F00AFA80468946204629461AF0CEF8FF
:105B60002FA3D3E9002306460F462046294618F006
:105B7000FBF92DA3D3E9002318F03EF822462B466B
:105B800018F0F2F92AA3D3E9002318F037F82246D7
:105B90002B4618F0E9F928A3D3E9002318F02CF8D4
:105BA00022462B4618F0E0F90022294B18F026F87F
:105BB00002460B464046494618F000FB32463B463B
:105BC00018F0D2F91EA3D3E9002318F015F83246D5
:105BD0003B4618F013F802460B4618F00FF8024641
:105BE0000B4619A1D1E9000118F006F8B1E600BF93
:105BF00009F7FD0DE13D023F88B20175E0EF493F35
:105C00003B8F68B52882A43F5544880E55C1C93FD3
:105C10007D6FEB0312D6D43F555555555555C53FAD
:105C200082922EB1C5B8B33F59018D1B6C06E63F79
:105C3000C88A599CE52A00404B2D8A1C273A03400C
:105C4000075C143326A6913C182D4454FB210940CF
:105C50000000F03F0000E03F414A91422DE9F84347
:105C60000C46054637DD3F4A914209DD02F1795283
:105C700091423EDD02460B4617F0C0FFBDE8F883B7
:105C800001F1404202F5801202432ED0B1F1804F63
:105C900037DC0022344B17F0AFFF02460B460446B8
:105CA0000D4617F0ABFF224606460F462B46204610
:105CB000294618F059F902460B463046394617F086
:105CC0009DFF1AF01BF822462B4617F097FFBDE800
:105CD000F843FFF759BA02460B4617F08DFF02460C
:105CE0000B4618F06BFABDE8F88300200021BDE8F0
:105CF000F88300F019FE18A3D3E9002317F07EFF04
:105D0000F1E702460B4618F02FF90022164B17F068
:105D100073FF19F0F3FF2A4680468946234628463A
:105D2000214617F06BFF2A4606460F46234640469B
:105D3000494617F063FF02460B4600200A4918F057
:105D40003DFA0B4602463946304617F055FFBDE88E
:105D5000F84300F0E9BD00BFEF39FAFE422EE63FFE
:105D6000FFFFEF3FFFFFAF410000F03F00000000EA
:105D70002DE9F04FB24B21F000479F4287B00D460E
:105D8000044615DD07F1404707F5801703463B43FE
:105D900026D002460B4617F02FFF0B46024618F09E
:105DA0000DFA04460B462046194607B0BDE8F08FB1
:105DB000A44B9F420E462EDCB7F1795F80F24A81F8
:105DC00083A3D3E9002317F019FF00229E4B18F09C
:105DD0005BFB00B32B462046194607B0BDE8F08FA9
:105DE0007DA3D3E9002318F0BFF87DA3D3E90023F6
:105DF00006460F462046294618F0B6F802460B46DE
:105E00003046394617F0FAFE04460B46204619463E
:105E100007B0BDE8F08F2046294618F065FE02461F
:105E20000B460020884917F0E7FE0022874B18F048
:105E30009BF86DA3D3E9002304460D4618F094F8AF
:105E40006BA3D3E9002317F0D9FE22462B4618F0A6
:105E50008BF869A3D3E9002317F0CEFE22462B4628
:105E600018F082F866A3D3E9002317F0C7FE224694
:105E70002B4618F079F864A3D3E9002317F0BCFE91
:105E800022462B4618F070F861A3D3E9002317F0DF
:105E9000B5FE22462B4618F067F85FA3D3E900232E
:105EA000CDE900012046294618F05EF85CA3D3E94D
:105EB000002317F0A1FE22462B4618F055F85AA3EE
:105EC000D3E9002317F09AFE22462B4618F04CF82F
:105ED00057A3D3E9002317F08FFE22462B4618F074
:105EE00043F8594B002217F089FE82468B46204624
:105EF0002946CDE902AB19F001FF554B9F42804680
:105F0000894600F31C8102460B4617F077FEDDE957
:105F10000223CDE90401DDE9000118F04FF9024642
:105F20000B46DDE9040118F01FF84FF0000ACDE937
:105F3000000152464B465046494618F015F80246B5
:105F40000B462046294617F057FE524604460D469A
:105F50004B464046494617F051FE02460B46204646
:105F6000294618F02BF902460B4617F047FE024669
:105F70000B461BA1D1E9000117F03EFE02460B467D
:105F8000DDE9000117F038FE524604460D464B4647
:105F90005046494617F032FE02460B4626A1D1E98B
:105FA000000117F029FE02460B462046294617F04D
:105FB00023FE0B46024620A1D1E9000117F01CFE8A
:105FC00004460B46002E3FF7EEAE03F10043EAE62F
:105FD0009C7500883CE4377E182D4454FB21F93F22
:105FE000075C143326A6913C09F7FD0DE13D023F05
:105FF00088B20175E0EF493F3B8F68B52882A43F26
:106000005544880E55C1C93F7D6FEB0312D6D43F6E
:10601000555555555555C53F82922EB1C5B8B33F1C
:1060200059018D1B6C06E63FC88A599CE52A004041
:106030004B2D8A1C273A0340182D4454FB21E93F7D
:10604000FFFFEF3FFFFFDF3F0000F03F0000E03FBA
:106050003233EF3F02460B4617F086FF48A3D3E9E1
:10606000002306460F4617F07FFF47A3D3E900231E
:1060700017F0C4FD32463B4617F076FF44A3D3E940
:10608000002317F0B9FD32463B4617F06DFF42A3DF
:10609000D3E9002317F0B2FD32463B4617F064FF08
:1060A0003FA3D3E9002317F0A7FD32463B4617F084
:1060B0005BFF3DA3D3E9002317F0A0FD32463B462A
:1060C00017F052FF3AA3D3E90023804689463046B1
:1060D000394617F049FF38A3D3E9002317F08CFDA8
:1060E00032463B4617F040FF35A3D3E9002317F0B3
:1060F00085FD32463B4617F037FF33A3D3E9002333
:1061000017F07AFD32463B4617F02EFF0022344B43
:1061100017F074FD02460B464046494618F04EF80B
:1061200022462B4617F020FF22462B4617F066FD2D
:1061300004460B462046194607B0BDE8F08F52468C
:106140005B46DDE9000118F039F842464B4617F08E
:106150000BFF42464B4617F051FD02460B4617F027
:106160004DFD1BA3D3E9002317F046FD0B46024665
:1061700019A1D1E9000117F03FFD04460B4621E7C4
:1061800009F7FD0DE13D023F88B20175E0EF493F9F
:106190003B8F68B52882A43F5544880E55C1C93F3E
:1061A0007D6FEB0312D6D43F555555555555C53F18
:1061B00082922EB1C5B8B33F59018D1B6C06E63FE4
:1061C000C88A599CE52A00404B2D8A1C273A034077
:1061D000075C143326A6913C182D4454FB21F93F4B
:1061E0000000F03F000000002DE9F84F5442144336
:1061F00023F00048684E48EAD474B44284460F46FF
:106200001FD84442044321F0004A4AEAD474B442FD
:106210008B4616D803F1404404F5801414439E467F
:106220003DD09C1704F0020444EAD1745AEA0001FC
:106230000FD1022C50D0032C3CD145A1D1E9000153
:1062400005E01046194662463B4617F0D7FCBDE80C
:10625000F88F58EA020126D0B0452DD0B24522D0A1
:10626000AAEB08084FEA2858B8F13C0F38DC002B9D
:106270003ADA18F13C0F37DA00200021012C49D01E
:10628000022C3AD0002CE2D033A3D3E9002317F03C
:10629000B3FC33A3D3E9002317F0AEFCD7E7BDE886
:1062A000F84FFEF7D5BCBBF1000F11DB2EA1D1E9F1
:1062B0000001CCE73946CAE7C2452FD0022C0BD0EB
:1062C000032CBAD0012C4FF0000031D00021BEE7E2
:1062D00027A1D1E90001BAE721A1D1E90001B6E780
:1062E00021A1D1E90001C9E76046394617F066FFF0
:1062F00018F0FAFBFEF7ACFCC0E717A3D3E90023C4
:1063000017F07AFC02460B4615A1D1E9000117F0FF
:1063100073FC9CE701F10043194698E7022C12D068
:10632000032C0CD0012C06D013A1D1E900018EE77B
:106330004FF000418BE712A1D1E9000187E712A1DC
:10634000D1E9000183E712A1D1E900017FE700BF95
:10635000182D4454FB2109C0075C143326A6A13C28
:10636000182D4454FB210940182D4454FB21F93FBA
:10637000182D4454FB21F9BF182D4454FB21E93F4B
:10638000182D4454FB21E9BFD221337F7CD902C0B0
:10639000D221337F7CD902400000F07F0000000052
:1063A00043422DE9F047034321F00048404A48EAC0
:1063B000D37393420F462ED890454AD03D4B984513
:1063C0008A4636DD3C4B9845044645464CDD024640
:1063D0004346414617F012FC224606460F46434606
:1063E0000020334917F008FC02460B463046394678
:1063F00017F0E4FEFEF7C8FE304B002217F0B4FDA4
:10640000BAF1000F04460B460FDA01F100432046B3
:106410001946BDE8F08702460B4617F0EDFB0B4628
:10642000024617F0CBFE04460B4620461946BDE84F
:10643000F0871DA3D3E90023044617F0DFFB0022F9
:10644000002318F021F870B13B4620461946BDE8FC
:10645000F0870022002317F0B1FE04460B462046C9
:106460001946BDE8F087454622462B462046294678
:1064700017F0C4FB22462B4606460F4617F074FD64
:106480002246804689462B460020094917F0B4FB76
:1064900002460B464046494617F090FE32463B46C0
:1064A00017F0ACFBA6E700BF9C7500883CE4377E84
:1064B0000000F03FFFFF2F3EFFFFDF3F0000E03F07
:1064C0004D4A2DE9F84321F0004494420B4606461C
:1064D0001BDC4A4A944224DD494A944256DD494A2B
:1064E000944248DD484A944271DD013294426BD0B7
:1064F0003FA3D3E900231046194617F035FD0646A1
:106500000F4630463946BDE8F88304460D4622461C
:106510002B4617F029FD06460F4630463946BDE8A2
:10652000F88318F0E1FA02F06FFC0022374B804646
:10653000894617F063FBB4F1725F06460F46ECDB49
:1065400042464B464046494617F00EFD32463B4612
:1065500004460D463046394617F050FB02460B46BE
:106560002046294617F02AFE0022284B17F046FB4A
:1065700006460F46D1E718F0B7FA00F04DF80022B2
:10658000234B17F0F1FC06460F46C6E718F0ACFAAD
:1065900000F042F800221E4B06460F4617F0E4FCBE
:1065A000324604460D463B460020194917F006FEC8
:1065B00002460B462046294617F020FB06460F46AA
:1065C00030463946BDE8F883124A904290D83046AA
:1065D000194618F089FA00220D4B17F0C5FC00F09F
:1065E0001BF800220A4B04460D4617F0BDFC8EE74F
:1065F0009C7500883CE4377EFFFFEF7F422ED63F3C
:10660000FFFF3540412E8640CD3386400000F03FED
:106610000000E03F7DF8B98F2DE9F047B84F21F039
:106620000042BA4284B00C464FEAD176054612D9F0
:10663000B44FBA4240F28E80C1F3130303430246C3
:1066400040F0F780002E00F0818000252946284682
:1066500004B0BDE8F087AC4B9A4200F2B880AB4B77
:106660009A4240F2D3804FF0000A2A462346284639
:10667000214617F079FC8CA3D3E9002306460F4688
:1066800017F072FC8AA3D3E9002317F0B5FA32465B
:106690003B4617F069FC88A3D3E9002317F0AEFA54
:1066A00032463B4617F060FC85A3D3E9002317F080
:1066B000A3FA32463B4617F057FC83A3D3E90023E5
:1066C00017F09CFA32463B4617F04EFC02460B464A
:1066D0002846214617F090FA02460B4606460F461A
:1066E0002846214617F040FC80468946BAF1000F43
:1066F00000F0B38032463B4600204FF0804117F057
:106700007BFA02460B464046494617F057FD0246C3
:106710000B46DDE9020117F06FFADDE9002317F0FF
:106720006BFA0B4602467A49002017F065FA6FF4BF
:106730007F739A4580F2AD800AF57A7A01EB0A51AF
:1067400000224FF0B87317F00FFC0546284604B03E
:10675000BDE8F0875EA3D3E9002317F095FE00287B
:106760006FD1284621465CA3D3E9002317F06EFEC3
:1067700000287FF46AAF674B284603EBC606214624
:1067800057A3D3E9002317F0EFFBD6E9002317F056
:1067900035FA17F099FE824617F07CFB52A3D3E935
:1067A000002306460F4617F0DFFB02460B4628463D
:1067B000214617F021FA4EA3D3E90023CDE90001C9
:1067C0003046394617F0D0FBCDE9020115E0524BB7
:1067D0009A42D0D8514BF4002344D3E9002317F058
:1067E0000BFA4F4B2344D3E90034CDE90001CDE946
:1067F0000234C6F1010AAAEB060ADDE90223DDE94B
:10680000000117F0F9F905460C462EE73AA3D3E943
:10681000002317F0F3F900223D4B17F035FE002856
:106820003ED0284621460022394B17F0E7F90546AD
:106830008CE70B4617F0E2F90546284604B0BDE8A0
:10684000F0872DA3D3E900231046194617F08CFBDF
:106850000546284604B0BDE8F08730463946002298
:106860004FF0804317F0C8F902460B4640464946B0
:1068700017F0A4FC2A46234617F0BEF902460B4641
:106880000020234917F0B8F90546284604B0BDE8B2
:10689000F087054601EB0A51284604B0BDE8F087B1
:1068A0008246E2E6AFF30080D0A4BE726937663E4E
:1068B000F16BD2C541BDBB3E2CDE25AF6A56113F00
:1068C00093BDBE166CC1663F3E5555555555C53FE7
:1068D000EF39FAFE422E864051302DD5104987C03F
:1068E000FE822B654715F73F0000E0FE422EE63F93
:1068F000763C7935EF39EA3D9C7500883CE4377E7B
:10690000412E8640FFFFEF7F422ED63FFFFF2F3EF6
:106910000000F03F60220200B1A2F03F70220200AE
:1069200080220200000000002DE9F04FB1F5801F29
:1069300085B006460F460B4680F2D08021F000421B
:10694000024300F0DA800029C0F2E9800022D64B31
:1069500017F00AFBD54A0B46934206460F466FF0E6
:10696000350E00F3C180C3F3130505F5152C0CF6A5
:10697000647C0CF4801C8CF07F5282F440121C1555
:1069800042EA0507A4F2FF3474440022C84B3046A3
:10699000394604EB1C5417F02FF9AB1CC3F3130357
:1069A000022B82468B464FF0000240F3AF804FF03F
:1069B000804317F023F902460B465046594617F01C
:1069C000FDFB064620460F4617F064FA3246CDE935
:1069D00002013B4630463946CDE9006717F0C4FA5C
:1069E00002460B468046894617F0BEFA9AA3D3E9C1
:1069F000002306460F4617F0B7FA99A3D3E9002300
:106A000017F0FCF832463B4617F0AEFA96A3D3E9EE
:106A1000002317F0F3F832463B4617F0A5FA94A38B
:106A2000D3E9002317F0EAF842464B4617F09CFAE8
:106A300091A3D3E90023804689463046394617F0B2
:106A400093FA8FA3D3E9002317F0D8F832463B46D8
:106A500017F08AFA8CA3D3E9002317F0CFF8324657
:106A60003B4617F081FA0B4602464946404617F06E
:106A7000C5F8A5F5C223C5F5D725A3F27A4351354C
:106A80001D43002D06460F4640F387800022894BA8
:106A90005046594617F068FA52465B4617F064FABA
:106AA00002460B46804689463046394617F0A6F81E
:106AB000DDE9002317F058FA06460F46002C40F097
:106AC000818002460B464046494617F095F802463B
:106AD0000B465046594617F08FF80BE0734A934225
:106AE0004FF0000E7FF73FAF32463B463046394607
:106AF00017F084F805B0BDE8F08F002200230020D5
:106B00006D4917F05BFB05B0BDE8F08F002317F06F
:106B100093FC60B1002C7CD100200021EAE7024602
:106B200017F06AF80022002317F048FBE2E758A3A9
:106B3000D3E900235046594617F016FA02460B4691
:106B400000205C4917F058F8524606460F465B464F
:106B50005046594617F008FA02460B463046394669
:106B600017F002FA06460F462CB3204617F092F9AA
:106B700049A3D3E900238046894617F0F5F948A3D5
:106B8000D3E9002304460D464046494617F0ECF988
:106B900002460B46304639462CE002460B4650462C
:106BA000594617F029F8DDE9002317F0DDF906460C
:106BB0000F46002C47D132463B465046594617F007
:106BC0001BF897E734A3D3E90023DDE9020117F0AE
:106BD000CBF933A3D3E9002304460D46DDE90201D6
:106BE00017F0C2F932463B4617F008F802460B464A
:106BF0004046494617F000F852465B4616F0FCFF47
:106C000002460B462046294616F0F6FF05B0BDE8C1
:106C1000F08F204617F03EF91FA3D3E90023064664
:106C20000F4617F0A1F91EA3D3E9002304460D4631
:106C30003046394617F098F902460B462046294659
:106C400016F0DCFF56E7DDE9028913A3D3E9002340
:106C50004046494691E700BF44523EDF12F1C23F31
:106C6000DE03CB966446C73F599322942449D23F12
:106C7000935555555555E53F9FC678D0099AC33F62
:106C8000AF788E1DC571CC3F04FA97999999D93F79
:106C9000555555555555D53F0000E0FE422EE63F6F
:106CA000763C7935EF39EA3D00005043FFFFEF7F36
:106CB0000000F03F0000E03F000050C30000000073
:106CC000B1F5801F2DE9F84304460D460B4619DA4D
:106CD00021F00042024359D000295FDB00223A4BE9
:106CE00017F042F9394A0B4693420D4604466FF0BD
:106CF00035010CDD22462B462046294616F07EFF44
:106D0000BDE8F883314A93424FF00001F2DC1815D8
:106D1000A0F2FF3008444FEAD0794844C3F3130887
:106D200017F0B8F8C9F57F73033348EA03550646F0
:106D30000F4620462946FFF7F7FD1DA3D3E90023A0
:106D4000804689463046394617F00EF91AA3D3E932
:106D5000002304460D464046494617F005F9024611
:106D60000B462046294616F049FF15A3D3E9002318
:106D700004460D463046394617F0F6F802460B46F3
:106D80002046294616F03AFFBDE8F883002200238A
:106D900000200F4917F012FABDE8F883024616F0FA
:106DA0002BFF0022002317F009FAA9E7AFF30080B8
:106DB000362BF111F3FE593D0EE526157BCBDB3F5B
:106DC00000609F501344D33F00005043FFFFEF7F0C
:106DD000000050C3000000002DE9F04F23F00045F3
:106DE00055EA020493B00DD0794E21F00044B4422C
:106DF0000F4682460FDD04F1404404F5801454EA46
:106E00000A035BD1734C0023CDE90034DDE90001B6
:106E100013B0BDE8F08F984694464ED0B542EADCF8
:106E20006B4EB54266D0002F8B468146CDE90223DA
:106E300064DB0026BCF1000F0ED1654B9D4246D0AD
:106E4000644B9D4200F09780B8F1804F00F0B28013
:106E5000614B984500F0CC834846594617F044FEF4
:106E6000CDE90001BAF1000F06D1002C60D0594BDA
:106E700027F040429A425BD0FF0F013F56EA0703DA
:106E800000F08280554B9D4240F3B08003F10473C3
:106E90009D4240F34184524B9C4240F38280B8F1C2
:106EA000000F40F3828048A3D3E90023104619461F
:106EB00017F05AF8CDE90001A8E728B1494813B006
:106EC000BDE8F04F19F0C6BFA542F7DCA8E704F112
:106ED000404303F5801353EA0A0393D0404B9C428E
:106EE00040F39083B8F1000F5FDBDDE90234CDE9B8
:106EF00000348BE7BCF1000F95D07CE73A4B9D4204
:106F000037DCA3F154739D4293DD2B15A3F2FF33BD
:106F1000142B40F3E983C3F134032CFA03F202FA91
:106F200003F3634585D102F00102C2F1020681E755
:106F3000B8F1000F07DADDE900230020254917F03A
:106F40003DF9CDE90001002FBFF660AF04F14044E8
:106F500004F5801454EA060300F03C84012E7FF40B
:106F600055AFDDE90045224605F10043CDE9002398
:106F70004CE702265EE7B8F1000FC0F24F834846A7
:106F80005946CDE9000141E74A4648465B46594625
:106F900016F032FE02460B4617F010F9CDE900015B
:106FA00034E7B8F1000FFFF67EAF00230024CDE9EF
:106FB00000342BE74A4648465B46594616F0D4FF54
:106FC000CDE9000122E700BF9C7500883CE4377ED4
:106FD0000000F07F0000F03F0000E03F0000E041D3
:106FE000FFFFEF3FD42A0200FFFF3F43B4F5801FAD
:106FF00080F28F83DDE900010022CF4B16F0B4FF51
:10700000CDE900010C466FF0340C2315CB4DC4F3D1
:107010001302A3F2FF3342F07F5403EB0C01AA42A8
:107020000B9144F4401440F36F83C54B9A4240F3F4
:10703000F38300220023CDE9082301310B91A4F54D
:107040008014CDE91023BF4B0022CDE90623002593
:10705000DDE90001DDE906232146824616F0CCFD7C
:10706000A346DDE906238046894650462146CDE900
:107070000CAB16F0C3FD02460B460020B14917F0D9
:107080009DF80A460146CDE90E12134649460246CE
:10709000404616F069FF631043F0005382468B466A
:1070A00003F500238C46CDE904AB5919D3460023E0
:1070B000CDE900BC0093DDE900AB002004460D469D
:1070C00002460B465046594616F04EFF02460B4606
:1070D0004046494616F090FDDDE906238046894684
:1070E0002046294616F088FD02460B46DDE90C01D4
:1070F00016F082FD52465B4616F036FF02460B46FE
:107100004046494616F078FDDDE90E2316F02CFFC7
:10711000DDE90445CDE9060122462B4620462946F5
:1071200016F022FF72A3D3E9002304460D4616F0A1
:107130001BFF71A3D3E9002316F060FD22462B4606
:1071400016F012FF6EA3D3E9002316F057FD224676
:107150002B4616F009FF6CA3D3E9002316F04EFD71
:1071600022462B4616F000FF69A3D3E9002316F050
:1071700045FD22462B4616F0F7FE67A3D3E9002310
:1071800016F03CFD2246804689462B46204629467D
:1071900016F0EAFE02460B464046494616F0E4FE6B
:1071A000524604460D465B46DDE9040116F026FD15
:1071B000DDE9062316F0D8FE22462B4616F01EFD0A
:1071C0005246804689465B465046594616F0CCFEEC
:1071D00000225D4BCDE90C0116F010FD42464B46F6
:1071E00016F00CFD00980D46044622462B465046EC
:1071F000594616F0B9FE002282468B46524B204675
:10720000294616F0F9FCDDE90C2316F0F5FC0246E0
:107210000B464046494616F0EFFCDDE9042316F024
:10722000A3FE2246804689462B46DDE9060116F07C
:107230009BFE02460B464046494616F0DFFC804660
:10724000894602460B465046594616F0D7FC009830
:1072500033A3D3E9002304460D4616F085FE5246BB
:10726000CDE904015B462046294616F0C5FC0246DE
:107270000B464046494616F0BFFC2BA3D3E900233A
:1072800016F072FE2AA3D3E90023804689462046E1
:10729000294616F069FE02460B464046494616F05E
:1072A000ADFCDDE9102316F0A9FC80460B98894659
:1072B00016F0F0FD424682468B464B46DDE904015E
:1072C00016F09CFCDDE9082316F098FC52465B465C
:1072D00016F094FC009852465B4604460D4616F0A4
:1072E0008BFCDDE9082316F087FCDDE904232DE0A3
:1072F000EF4E454A287ECA3F65DBC9934A86CD3F9B
:1073000001411DA96074D13F4D268F515555D53F80
:10731000FFAB6FDBB66DDB3F033333333333E33F18
:10732000000000E009C7EE3FFD033ADC09C7EE3F6D
:10733000F5015B14E02F3EBE000040438E98030031
:1073400079B60B000000F03F0000084016F054FC36
:107350000B4602464946404616F04EFC013E56EAB0
:10736000070382468B46DDE9020114BFD84BD94B97
:107370000022CDE9042302460B46CDE90023002379
:107380000093DDE9006732463B4616F035FC2246A5
:107390002B4616F0E9FDDDE902238046894650467A
:1073A000594616F0E1FD02460B464046494616F0A6
:1073B00025FC3246804689463B4620462946CDE993
:1073C000028916F0D1FD0B46024606460F4640469E
:1073D000494616F013FCC04B994204460D468A46B6
:1073E00040F3268101F13F4303F5E003034340F0FE
:1073F000F781A3A3D3E90023DDE9020116F0FEFB28
:107400003246804689463B462046294616F0F4FB24
:1074100002460B464046494617F036F8002840F031
:10742000DF81A8464FEA2853A3F2FE324FF48013BF
:1074300013415344C3F30A52A84DA2F2FF3215413F
:10744000C3F3130423EA05010020C2F1140B44F432
:107450008014BAF1000F02460B4644FA0BFB30468B
:107460003946B8BFCBF1000B16F0C6FB02460B46FF
:1074700006460F46DDE9020116F0C0FB4FEA0B5A43
:107480000D46002480A3D3E900232046294616F0A8
:107490006BFD3246804689463B462046294616F01B
:1074A000ABFB02460B46DDE9020116F0A5FB78A313
:1074B000D3E9002316F058FD77A3D3E9002306464D
:1074C0000F462046294616F04FFD02460B46304631
:1074D000394616F093FB06460F4602460B464046D9
:1074E000494616F08BFB42464B4604460D4616F0C5
:1074F00083FB02460B463046394616F07DFB22469A
:10750000804689462B462046294616F02DFD64A369
:10751000D3E9002306460F4616F026FD62A3D3E901
:10752000002316F069FB32463B4616F01DFD60A3B2
:10753000D3E9002316F062FB32463B4616F014FDF9
:107540005DA3D3E9002316F057FB32463B4616F005
:107550000BFD5BA3D3E9002316F050FB32463B46FC
:1075600016F002FD02460B462046294616F044FB63
:1075700006460F4602460B462046294616F0F4FC06
:107580000022CDE900014FF080433046394616F025
:1075900033FB02460B46DDE9000116F00FFE4246C2
:1075A00006460F464B462046294616F0DDFC42466D
:1075B0004B4616F023FB02460B463046394616F082
:1075C0001BFB22462B4616F017FB02460B460020FB
:1075D0003F4916F011FB8A44BAF5801FC0F22D8195
:1075E0005146DDE9042316F0BFFCCDE900010DE4AE
:1075F000002FFFF631AC4846594613B0BDE8F04FB6
:1076000018F07CBBB8F1000FBFF6CFACDDE9023457
:10761000009304F100430193FFF7F8BB4A465B4631
:1076200000202B4916F0CAFDCDE90001FFF7EEBBA3
:107630002B4B21F00048984540F3E280294B0B4446
:1076400003430AD132463B4616F0D6FADDE902235F
:1076500016F010FF00283FF4E5AE1BA3D3E900238A
:10766000DDE9040116F080FC17A3D3E9002316F02E
:107670007BFCCDE90001FFF7C9BB00BFAFF3008081
:10768000FE822B654715973C00000000432EE63F25
:10769000EF39FAFE422EE63F396CA80C615C20BE41
:1076A000D0A4BE726937663EF16BD2C541BDBB3E08
:1076B0002CDE25AF6A56113F93BDBE166CC1663FE6
:1076C0003E5555555555C53F59F3F8C21F6EA50196
:1076D0000000F03F0000F0BFFFFF8F40FFFF0F00F2
:1076E000FFCB904000346F3FBCF1000F40F0918021
:1076F000C3F1140345FA03F202FA03F3AB4200F0BC
:10770000A0806646FFF79CBB00220023CDE908233A
:1077100097E44FF0000C78E45B4B9C427FF741AC60
:107720005A4B9C423FF7BBABDDE900010022574BAF
:1077300016F062FA46A3D3E9002304460D4616F07C
:1077400013FC45A3D3E9002382468B4620462946F5
:1077500016F00AFC0022CDE900014D4B20462946D7
:1077600016F002FC02460B463DA1D1E9000116F0DD
:1077700043FA22462B4616F0F7FB02460B46002042
:10778000444916F039FA2246804689462B4620465F
:10779000294616F0E9FB02460B464046494616F0DC
:1077A000E3FB31A3D3E9002316F0DEFB02460B46D0
:1077B000DDE9000116F020FA02460B4680468946B4
:1077C0005046594616F01AFA002004460D46524615
:1077D0005B46BBE5DDE9002310461946FFF7D8BB41
:1077E00023A3D3E90023DDE9040116F0BDFB20A3A8
:1077F000D3E9002316F0B8FBCDE90001FFF706BB83
:10780000244B98453FF70EAEDDE9002392469346A0
:1078100037E60026FFF720BB17A3D3E90023CDE905
:10782000082317A3D3E90023CDE910231A4B002224
:107830004FF48025CDE906230AE45A4601F02CFDD9
:10784000CFE602F00102C2F10206FFF7F9BA00BF6B
:10785000000000604715F73F44DF5DF80BAE543E73
:10786000555555555555D53FFE822B654715F73F64
:107870009C7500883CE4377E0000004003B8E23F7E
:1078800006D0CF43EBFD4C3EFEFFEF3F0000F03F44
:107890000000D03F0000E03F0000F83F0000000083
:1078A0002DE9F04FC84E21F00047B7428FB00B468C
:1078B00040F38F809246C54A97420C4626DC002949
:1078C000B7A3D3E9002340F38F8016F095F9C04B9E
:1078D0009F4204460D4600F04681B3A3D3E900233E
:1078E00016F08AF902460B46CAE9002320462946CB
:1078F00016F082F9ACA3D3E9002316F07DF9012537
:10790000CAE9020128460FB0BDE8F08FB14A97429C
:1079100040F38980B04A974200F31C813D15A5F2DF
:107920001645A7EB055319461F46064616F0CCFD33
:1079300016F0B0FA8046894602460B463046394674
:10794000CDE9088916F058F90022A44B16F00CFB7B
:107950008946804616F0B8FD16F09CFA02460B46A2
:1079600006460F4640464946CDE90A6716F044F9F7
:1079700000229A4B16F0F8FA00220023CDE90C0100
:1079800016F05AFD002800F05D810023304639468C
:10799000002216F051FD002814BF01230223904A53
:1079A000019202212A46009108A8514600F080FB6E
:1079B000002C054614DADAF80420DAF80C3002F16B
:1079C000004203F100434542CAF80420CAF80C30D3
:1079D00006E0C2E9000100250024C2E902450025B5
:1079E00028460FB0BDE8F08F16F008F9784B9F429B
:1079F00004460D4600F008816BA3D3E9002316F07E
:107A0000FDF802460B46CAE900232946204616F037
:107A1000F3F865A3D3E9002316F0F0F84FF0FF3533
:107A2000CAE90201DCE717F05FF861A3D3E900239C
:107A30008046894616F098FA00226A4B16F0DEF866
:107A400016F042FD054616F025FA55A3D3E90023AA
:107A5000CDE9040116F088FA02460B464046494635
:107A600016F0CAF850A3D3E90023CDE90201DDE9FD
:107A7000040116F079FA1F2D8046894602460B460E
:107A8000DDE9020140F3B08016F0B6F883460E46F9
:107A90003F15C6F30A53FB1A102B40F3B08046A3E0
:107AA000D3E90023DDE9040116F05EFA8046894639
:107AB00002460B46DDE9020116F09EF802460B462F
:107AC000DDE90201CDE9062316F096F842464B4661
:107AD00016F092F83AA3D3E9002380468946DDE9FF
:107AE000040116F041FA42464B4616F085F80B4663
:107AF000024680468946DDE9060116F07DF8C1F3AD
:107B00000A53FF1A312F83460E4600F39D8002462A
:107B10000B46CAE90023DDE90623CDE902235A46D4
:107B20003346DDE9020116F067F842464B4616F08F
:107B300063F8002C02460B46CAE90223BFF650AF99
:107B400006F1004601F10041CAE900B6CAE90201A6
:107B50006D4245E7024616F04FF80025CAE90201DA
:107B6000CAE900013CE714A3D3E9002316F044F866
:107B700013A3D3E900230D46044616F03DF8024650
:107B80000B46CAE900232946204616F035F80CA317
:107B9000D3E9002316F030F80125CAE902011FE7F6
:107BA00000004054FB21F93F3163621A61B4D03DBB
:107BB00083C8C96D305FE43F0000601A61B4D03DF6
:107BC0007370032E8A19A33BFB21E93F7BD9024046
:107BD000FB21F93FFB213941FFFFEF7F000070419E
:107BE000FC3802000000E03F16F006F83A4B6A1E2F
:107BF000834653F82230BB420E463FF449AF5A4603
:107C00003346CAE900238AE72BA3D3E9002315F002
:107C1000F5FF2BA3D3E900230D46044615F0EEFF34
:107C200002460B46CAE900232946204615F0E4FF28
:107C300023A3D3E9002315F0E1FF4FF0FF35CAE994
:107C40000201CDE60323AAE61FA3D3E90023DDE961
:107C5000040116F089F9DDE9068906460F46024659
:107C60000B464046494615F0C7FF02460B464046C4
:107C70004946CDE9022315F0BFFF32463B4615F0D9
:107C8000BBFF13A3D3E9002306460F46DDE9040139
:107C900016F06AF932463B4615F0AEFF02460B4637
:107CA00080468946DDE9020115F0A6FF83460E46AF
:107CB000A5E700BFAFF300800000601A61B4D03DBB
:107CC0007370032E8A19A33B0000002E8A19A33B70
:107CD000C14920259A837B397C38020000000000CE
:107CE000574A2DE9F84F21F0004890450E460746C7
:107CF0002CDC544B0029B4BF534D544D98454FF0E4
:107D0000000411DC524B984526DC4BA3D3E9002339
:107D100015F074FF00224F4B16F0B6FB002840D040
:107D200038463146BDE8F88F4B4B984530DD4B4B1C
:107D3000984568DD0133984562D0384631463EA308
:107D4000D3E9002316F010F9BDE8F88F02460B4680
:107D500015F054FFBDE8F88F16F0C6FE01F054F898
:107D60003F4B984506460F4623DD0022394B15F060
:107D700045FF02460B463046394616F01FFA32469A
:107D80003B4615F03BFF22462B4616F0EDF8E1E7A7
:107D900016F0AAFEFEF740FC22462B4616F0E4F849
:107DA000D8E73846314616F09FFE01F02DF806461A
:107DB0000F4632463B463046394615F01FFF3246E5
:107DC00082468B463B463046394616F0CDF80022B7
:107DD000804689461F4B3046394615F00FFF024654
:107DE0000B464046494616F0E9F902460B46504616
:107DF000594615F001FF22462B4616F0B5F8A9E7C3
:107E0000184B984299D83846314616F06DFE00223C
:107E10000E4B16F0A9F8FEF7FFFB06460F4602468A
:107E20000B462046294616F09FF832463B4616F090
:107E30009BF88FE7AFF300803374AC3C1F7BAC7FC3
:107E4000FFFFEF7FFFFF35400000E0BF0000E03F95
:107E5000FFFF2F3E0000F03F412E8640CD3386408D
:107E6000FFFFEF3F7DF8B98F2DE9F04F21F000467D
:107E7000B6F1795F85B00C4692469B4605466BDAB3
:107E800016F022FB002800F0E2802A46234628460E
:107E9000214616F069F874A3D3E900238046894689
:107EA00016F062F872A3D3E9002315F0A7FE42464C
:107EB0004B4616F059F870A3D3E9002315F09CFE49
:107EC00042464B4616F050F86DA3D3E9002315F057
:107ED00095FE42464B4616F047F86BA3D3E90023C4
:107EE00015F08AFE42464B4616F03EF868A3D3E9E9
:107EF000002315F083FE42464B4616F035F8CDE9D7
:107F000000010022644B4046494616F02DF8DDE999
:107F1000002306460F464046494616F025F85246CD
:107F2000804689465B462846214616F01DF80246E3
:107F30000B464046494615F05FFE02460B4630466A
:107F4000394615F059FE02460B460020534915F0FC
:107F500053FE05B0BDE8F08F02460B4616F004F85C
:107F600041A3D3E900238046894615F0FDFF40A3D5
:107F7000D3E9002315F042FE42464B4615F0F4FFCC
:107F80003DA3D3E9002315F037FE42464B4615F0DA
:107F9000EBFF3BA3D3E9002315F030FE42464B46EE
:107FA00015F0E2FF38A3D3E9002315F025FE424681
:107FB0004B4615F0D9FF36A3D3E9002315F01EFE7A
:107FC0004B46424615F0D0FF354B9E42CDE90001AD
:107FD00097DD344B9E424FF000023DDCA6F50013C6
:107FE00000202E4916461F4615F006FECDE9020177
:107FF0000022294B4046494615F0B6FF32463B4623
:1080000015F0FAFDDDE9002306460F4640464946D5
:1080100015F0AAFF5246804689465B46284621460F
:1080200015F0A2FF02460B464046494615F0E4FD16
:1080300002460B463046394615F0DEFD02460B4639
:10804000DDE9020115F0D8FD05B0BDE8F08F134958
:10805000002005B0BDE8F08F134B144FCDE902238B
:108060000026C5E7AFF30080D43888BEE9FAA8BD82
:10807000C4B1B4BD9EEE213EAD529C804F7E923E77
:108080009015CB19A001FA3E7751C1166CC1563F2D
:108090004C5555555555A53F0000E03F0000F03FB9
:1080A0003233D33F0000E93F0000E73F0000D23FFA
:1080B0002DE9F04FADF5197DBE4CA29EBE4D54F892
:1080C00026700793D41E85FB0465E417C4EBA50452
:1080D00024EAE4741D46631CA3EB8303013D02EB19
:1080E000C30305937B1909940497019506460B91E8
:1080F000A4EB05041BD423445D1C20AF4FF0000803
:108100004FF00009DDF88CA208E05AF8240015F0C1
:10811000C1FE0134AC42E7E8020108D0002CF4DAD9
:10812000013440464946AC42E7E80201F6D1049BDF
:10813000002BC0F2B083079BA6F10802DB001146BA
:10814000039220AA02EB0309029301EB0308049BAC
:1081500072AA02EBC30B0DF5E07A019B002BC0F273
:108160009581039C4D460026002775E90223F4E91A
:10817000020115F0F9FE02460B463046394615F06D
:108180003DFD444506460F46EFD1EAE80267DA4571
:1081900009F10809E1D1DDE90204049920448B00CA
:1081A00082460BA8A3F10802C31808930CAB134432
:1081B0000A938B4698AB03EBCB03BBF1000F53E95B
:1081C000284529DD70AB03EBCB080DF13009002207
:1081D0007A4B2046294615F0C7FE16F075F915F0C2
:1081E00059FE0022764B06460F4615F0BDFE0246AC
:1081F0000B462046294615F0FFFC16F065F978E994
:10820000022349F8040B3946304615F0F7FC70ABF1
:10821000984504460D46DAD1DDF8149020462946EB
:108220004A4601F039F800224FF07F5304460D46CC
:1082300015F09AFEFCF724FF0022624B15F094FE25
:1082400002460B462046294615F0D6FC0D4604464C
:1082500016F03AF9804615F01DFE0B4602462946F7
:10826000204615F0C9FC4B46002B06460F4640F34E
:10827000E1800BF1FF320CA9C9F1180351F822502B
:1082800045FA03F101FA03F30CA8EB1A40F8223087
:10829000C9F11705884443FA05F5002D2CDDBBF123
:1082A000000F08F1010840F394820C9C002C40F070
:1082B000A780BBF1010F0AD00CA9012251F8044F8D
:1082C000531C002C40F09E809B451A46F6D1059B1E
:1082D000002B0EDD012B00F09C81022B09D10BF14C
:1082E000FF320CAB0CA953F82230C3F3150341F84D
:1082F0002230022D00F0AF800022002330463946A4
:1083000016F09AF8002800F06682049B0BF1FF3902
:108310004B4510DC0BF180430CAA013B089802EBA3
:108320008303002253F80419834242EA0102F9D17F
:10833000002A40F0B580049B0CAA013B52F8233080
:10834000002B40F0A1800A9A012352F8041901334E
:108350000029FAD05B440BF101099945069349DCE9
:10836000099A079909EB020801EB0B0508F180480F
:1083700002EB030BA39B08F1FF3803EB880870ABFB
:1083800003EBC909A39B20A903EB8B0301EBC505F4
:10839000029358F8040F15F07DFD019B002BC5E9F1
:1083A000000105F1080B28DB083D039C002600278F
:1083B0000CE000BF9C3D0200ABAAAA2A0000703E60
:1083C000000070410000204075E80201F4E902233A
:1083D00015F0CAFD02460B463046394615F00EFC34
:1083E000544506460F46EFD1029B9845E9E80267DF
:1083F0005D46CED1DDF818B0DCE600260027F3E7B5
:10840000012300220CA9C4F180749B4541F822404D
:108410000EDD51F8232001EB8B0001EB83036FF09D
:108420007F4100E01A688A1A43F8042B8342F9D18D
:1084300001244CE706D10BF1FF330CAA52F823506C
:10844000ED152AE70022BE4B16F014F8002840F084
:10845000B981054650E732463B460020B94915F040
:10846000CBFB06460F46002C3FF446AF059AB549B4
:10847000002000F011FF02460B463046394615F049
:10848000BBFB06460F4637E7012363E700260027BC
:10849000EAE80267DA4509F108097FF45EAE7AE698
:1084A0000CAB059A53F82930183ACDE906850592A8
:1084B0006BB909F18043013B0CA901EB830353F82D
:1084C000041909F1FF39183A0029F8D00592059AE4
:1084D0009C49002000F0E0FEB9F1000F04460D4673
:1084E000C0F2E0814FEAC90370AA02EB03080893C7
:1084F0000CAB03EB8906DFF850B208F1080704362D
:108500004FF0000A56F8040D15F0C4FC22462B4625
:1085100015F02AFD5B4667E90201524620462946CE
:1085200015F022FD0CAB9E4204460D46EAD148AB45
:1085300003930193CDF8149009F10103DDF8109035
:108540000293C3464FF0000AB9F1000FC0F2378121
:10855000DFF8F8815D4678A3D3E9002300260027E1
:10856000002403E0544510DCF8E80223F5E802019A
:1085700015F0FAFC02460B463046394615F03EFB34
:108580000134A14506460F46ECDA019BE3E8026799
:108590000193029B0AF1010A9A45ABF1080BD3D172
:1085A000A29BDDF81490032B2CD8DFE813F0E80031
:1085B000D300D3003F00079B00200146002B40F072
:1085C00043810D460B460B990446C1E900450399CA
:1085D0000246D1E9000115F00FFBB9F1000F0CDDE7
:1085E000039D0124F5E90223013415F007FBA145A1
:1085F000F8DA079B002B40F037810B460B990246B7
:10860000C1E90223069B03F007000DF5197DBDE8C3
:10861000F08F0BF1FF320CAB0CA953F82230C3F3EF
:10862000160341F8223064E648AB0393B9F1000F1A
:1086300040F35581039ACDF808904FEAC90302EB45
:108640000308D8E900AB0193914658E90267524606
:108650005B463046394615F0D1FA04460D460246CF
:108660000B463046394615F0C7FA52465B4615F0C0
:10867000C5FAC8E9000168E90245C145A246AB4612
:10868000E3D1DDF80890B9F1010F40F32881019B97
:10869000039A1344D3E9006701939A460DF5947B3E
:1086A0005AE9028932463B464046494615F0A6FA49
:1086B00004460D4602460B464046494615F09CFAD4
:1086C00032463B4615F09AFACAE900016AE90245CA
:1086D000D34526462F46E3D10399019C002301F19F
:1086E0001005083419461E46304674E9022315F079
:1086F00085FAA5420346F6D10A460399D1E9008CD2
:10870000D1E902E90799002900F0B1800B9C2361AF
:10871000069BC4F800800CF1004009F1004102F111
:108720000042606003F00700E1606261C4F808E0A5
:108730000DF5197DBDE8F08F00000040FB21F93FE9
:108740000000E03F0000F03F0000703EA822020061
:1087500048AB0393B9F1000FFFF62DAF039F002044
:1087600007EBC9060836014676E9022315F046FAFA
:10877000B742F9D1079B002B3FF423AF64E0089C7C
:10878000039D083400222C4411461646304674E9F5
:10879000022315F033FAA5420246F6D10B4607999B
:1087A00009B103F1004319460B9B1046C3E90001D0
:1087B000069B03F007000DF5197DBDE8F08F00263C
:1087C0000027E2E6BBF1000F08F101087DDD02257C
:1087D0006BE500247BE5CDE90685059D30463946ED
:1087E0006A4200F059FD00223E4B06460F4615F046
:1087F00041FE00B300223C4B3046394615F0B4FB35
:1088000015F062FE044615F045FB0022354B15F0CD
:10881000ABFB0B4602463946304615F0EDF915F034
:1088200053FE0BF101090CAB183543F82B000595ED
:1088300043F829404BE63046394615F045FE0CAB6F
:10884000D94643F82B0042E60B9C0B4601F1004150
:10885000C4E9000103990246D1E9000115F0CCF901
:10886000B9F1000F3FF7BCAE01F10041C5E6184673
:108870000B9B4646744667464D461146C3E90401C4
:10888000C3E90067C3E90245069B03F007000DF545
:10889000197DBDE8F08FA6F108030393079BDB0069
:1088A000029378E4A29B032B3FF6ACAE01A252F8F0
:1088B00023F000BFC58800005187000051870000E9
:1088C000298600000022134669E732463B46002015
:1088D000064915F091F9022506460F460CE50023DE
:1088E0001A460AE7000070410000703E0000F03FA9
:1088F0002DE9F04F21F00046B6F1795F85B00C46C6
:1089000090469946054604DA15F0DEFD002800F091
:1089100085802A4623462846214615F025FB064633
:108920000F4602460B462846214615F01DFB3EA386
:10893000D3E9002382468B463046394615F014FBB6
:108940003BA3D3E9002315F057F932463B4615F017
:108950000BFB39A3D3E9002315F050F932463B460F
:1089600015F002FB36A3D3E9002315F045F9324692
:108970003B4615F0F9FA34A3D3E9002315F03EF98C
:108980000E9BCDE900019BB30022334B4046494684
:1089900015F0EAFADDE90023CDE902015046594617
:1089A00015F0E2FA02460B46DDE9020115F024F962
:1089B00032463B4615F0D8FA42464B4615F01CF9B4
:1089C00023A3D3E9002306460F465046594615F027
:1089D000CBFA02460B463046394615F00FF90246EF
:1089E0000B462846214615F007F905B0BDE8F08F83
:1089F00002460B463046394615F0B6FA14A3D3E9C1
:108A0000002315F0F9F852465B4615F0ADFA2A46F8
:108A1000234615F0F3F805B0BDE8F08F284621464F
:108A200005B0BDE8F08F00BF7CD5CF5A3AD9E53DFF
:108A3000EB9C2B8AE6E55A3E7DFEB157E31DC73E0F
:108A4000D561C119A0012A3FA6F810111111813F6B
:108A5000495555555555C53F0000E03F0000000001
:108A60002DE9F04FDA4C21F00046A64287B08A4645
:108A700089461746984683461BDC15F025FD0028DD
:108A800039D1109B5A4601331343334300F0A88178
:108A9000109B012B00F0B1815A4653460020CD496E
:108AA00015F08CFB04460D462046294607B0BDE86C
:108AB000F08FC94B9E421EDD002904DA01F100430C
:108AC00008F100489A465A465346A3A1D1E900014D
:108AD00015F092F83A46434604460D46A0A1D1E966
:108AE000000115F089F822462B4615F087F800277B
:108AF00083468A46B8465A4653465846514615F06C
:108B000033FA03460C46CDE9003402460B4615F015
:108B10002BFADDE9002304460D465846514615F070
:108B200023FA91A3D3E90023CDE902012046294687
:108B300015F01AFA8EA3D3E9002315F05FF8224648
:108B40002B4615F011FA8CA3D3E9002315F056F843
:108B500022462B4615F008FA89A3D3E9002315F025
:108B60004DF822462B4615F0FFF987A3D3E90023E1
:108B700015F044F822462B4615F0F6F984A3D3E904
:108B8000002315F03BF8DDE9002315F0EDF982A391
:108B9000D3E90023CDE904012046294615F0E4F984
:108BA0007FA3D3E9002315F029F822462B4615F0C0
:108BB000DBF97DA3D3E9002315F020F822462B46EC
:108BC00015F0D2F97AA3D3E9002315F017F822465D
:108BD0002B4615F0C9F978A3D3E9002315F00EF858
:108BE00022462B4615F0C0F975A3D3E9002315F0F2
:108BF00005F802460B46DDE9040114F0FFFFDDE94C
:108C0000022315F0B1F93A46434614F0F7FFDDE9C7
:108C1000002315F0A9F93A46434614F0EFFF6AA382
:108C2000D3E9002304460D46DDE9020115F09CF965
:108C300022462B4614F0E2FFCDE900010B46024626
:108C40005146584614F0DAFF634B9E4204460D46E7
:108C50003EDC109B012B36D002460B4600205D49BE
:108C600015F0ACFA00240F4606465A4653462046F5
:108C7000294614F0C1FFA04602460B46DDE900017B
:108C800014F0BAFF42463B4615F06EF9A946044679
:108C90000D4642463B464046494615F065F90022DE
:108CA0004E4B14F0ABFF02460B462046294614F00B
:108CB000A5FF32463B4615F057F942463B4614F0B5
:108CC0009DFF04460D462046294607B0BDE8F08FBB
:108CD000109815F0DFF8224606460F462B46204630
:108CE000294615F041F93246CDE902013B462046BE
:108CF000294614F083FF02460B46DDE9020115F018
:108D00005DFADDE9002314F077FF02460B46584672
:108D1000514614F071FF02460B4614F06FFF0246F5
:108D20000B463046394614F067FF04464FEAA970F7
:108D300000F00200C0F101000D4615F0ABF802464C
:108D40000B462046294615F00FF904460D462046ED
:108D5000294607B0BDE8F08F182D4454FB21E93FA8
:108D6000075C143326A6813CD47ABF74702AFB3E7C
:108D7000E9A7F0320FB8123F68108D1AF726303F7E
:108D80001583E0FEC8DB573F93846EE9E326823FFC
:108D9000FE41B31BBAA1AB3F735360DBCB75F3BE8F
:108DA000A69237A0887E143F0165F2F2D844433F73
:108DB000280356C9226D6D3F37D60684F464963F6A
:108DC0007AFE10111111C13F635555555555D53FC8
:108DD000FFFF2F3E0000F0BF2794E53F0000F03F6B
:108DE0005846514615F080FE02460B4600200449C5
:108DF00015F0E4F904460D4665E75C46554662E722
:108E00000000F03F000000002DE9F04FCA4A21F0B9
:108E10000043934285B00C460E46054620D9C74A0A
:108E2000934200F2D480002E80F2A081AAA3D3E95D
:108E300000232846214614F0E1FE0022002315F00D
:108E400005FB002840F0CE80A5A3D3E900232846E7
:108E5000214615F089F802460B460020B84990E1FA
:108E6000B84A934200F2E280B74A934240F22B8123
:108E7000002301930022B54B2846214615F074F8D3
:108E800006460F4602460B462846214615F06CF86A
:108E900095A3D3E9002382468B4615F065F894A389
:108EA000D3E9002314F0AAFE52465B4615F05CF8A5
:108EB00091A3D3E9002314F09FFE52465B4615F0C0
:108EC00053F88FA3D3E9002314F098FE52465B4673
:108ED00015F04AF88CA3D3E9002314F08DFE524616
:108EE0005B4615F041F80022994B14F087FE80464E
:108EF000894602460B463046394615F035F802469B
:108F00000B460020934914F077FE064602460B46B6
:108F10000F464046494614F06FFE32468046894669
:108F20003B462846214615F01FF802460B46002016
:108F3000894914F061FE02460B464046494615F049
:108F40003DF952465B4615F00FF8019E02460B466E
:108F5000002E4AD0DDE9026732463B4614F04CFE53
:108F60002A46234615F000F832463B4614F044FEEC
:108F70005B46524614F040FE019B013306460F4605
:108F800000F01F81019B012B78D0019A531C392BD3
:108F90004FEA025600F22481019F132F40F35181C2
:108FA000019BC3F57F7A0AF1030A00224FEA0A53B4
:108FB00014F024FE02460B462846214614F01CFEFF
:108FC0000022634B14F01AFE731819461BE0634A23
:108FD00093421BD9C1F313030343024640F01181AE
:108FE000002910DA00205E490DE02846214614F0E1
:108FF000BBFF52465B4614F0FFFD02460B46284677
:10900000214614F0F9FD05B0BDE8F08F40A3D3E987
:10901000002315F039FA00283FF405AF3EA3D3E949
:1090200000231046194614F09FFFECE74D4A934287
:1090300000F2EB8000293AA3D3E9002339DA14F0D7
:10904000DDFD39A7D7E900674FF0FF338046894639
:10905000019332463B464046494614F0CDFD024658
:109060000B4605460C464046494614F0C5FD3246BF
:109070003B4614F0C1FDCDE90201FBE6284621463E
:109080000022394B15F0E2F9002800F0CB80284689
:10909000214600222D4B14F0B1FD02460B4630460E
:1090A000394614F0A9FD00224FF0404314F05CFF54
:1090B000A9E714F0A1FD01238046894601931CA76E
:1090C000D7E90067C5E714A3D3E9002314F096FDA0
:1090D00002460B468FE700BF59F3F8C21F6EA50189
:1090E000FE822B654715F73F2DC3096EB7FD8ABE7B
:1090F0003952E686CACFD03EB7DBAA9E19CE143FBE
:109100008555FE19A0015A3FF41011111111A13F0C
:10911000EF39FAFE422E86409C7500883CE4377E8B
:109120000000E0FE422EE63F763C7935EF39EABD9D
:10913000763C7935EF39EA3D79684340412E8640E7
:109140000000E0BF422ED63FFFFF8F3C0000E03F13
:109150000000F03F0000084000001840FFFFEF7FD4
:109160000000F0BFB1A2F03F0000D0BF40A3D3E9A0
:1091700000232846214614F0F7FE02460B46002045
:10918000414914F03BFD15F09FF9019014F082FE67
:1091900039A3D3E9002306460F4614F0E5FE024644
:1091A0000B462846214614F027FD35A3D3E90023BA
:1091B000804689463046394614F0D6FE06460F46AC
:1091C00047E732463B462846214614F015FD00226B
:1091D0002D4B14F0C9FE00222B4B14F00DFD12E7AD
:1091E0002A46234614F008FD02460B460020274974
:1091F00014F002FD731819460022244B14F0FCFCF5
:1092000001E70B4614F0FAFCFDE619A3D3E90023AD
:1092100014F0AAFE002C02460B464FF00000AFDA15
:109220001B49AEE732463B462846214614F0E4FC93
:1092300002460B4614F0E2FC0022144B14F0DEFC54
:10924000E1E64FF4001C2A4623464CFA07FA14F0D4
:10925000D3FCCAF17F594FF0000809F540190246C6
:109260000B464046494614F0C7FCADE6AFF300801C
:10927000FE822B654715F73F0000E0FE422EE63FD9
:10928000763C7935EF39EA3D0000E03F0000F03FE1
:109290000000E0BF00000000F8B5C1F30A53044627
:1092A0000D460E4617460BBB21F0004603463343DE
:1092B0001BD0354B002214F057FE344B9F4204461E
:1092C0000D4635DBC1F30A530E46363B3B4440F2B4
:1092D000FE72934232DC002B11DD26F0FF4626F4AD
:1092E000E00646EA035520462946F8BD40F2FF72E3
:1092F0009342EBD102460B4614F080FCF8BD13F10B
:10930000350F28DA4CF250339F4222462B460ADDB5
:1093100019A1D1E9000117F0CFFE17A3D3E900236B
:1093200014F022FEF8BD16A1D1E9000117F0C4FE29
:1093300013A3D3E9002314F017FEF8BD22462B46F1
:109340000DA1D1E9000117F0B7FE0BA3D3E900236B
:1093500014F00AFEF8BD26F0FF4626F4E006363388
:1093600046EA0355204629460022094B14F0FCFD2D
:10937000F8BD00BFAFF300809C7500883CE4377EE9
:1093800059F3F8C21F6EA50100005043B03CFFFF27
:109390000000903C10B5054C237833B9044B13B151
:1093A0000448AFF300800123237010BD2802002081
:1093B00000000000203F020008B5034B1BB1034929
:1093C0000348AFF3008008BD000000002C0200201D
:1093D000203F020070B504460E4600F07DFA88B1C9
:1093E0000368DB6A05469847082C0CD0A4F10903F2
:1093F000012B14D93246214610230D20BDE87040C0
:1094000004F064B970BD2B6828465B6A984702284F
:10941000F0DC2B6828461B6A04219847EAE72B6892
:1094200028465B6A98470528E4DC2B6828461B6AB7
:1094300008219847DEE700BF38B52DED028B0546C1
:1094400000F04AFA044640B10368DB6A9847032DEE
:1094500003D8DFE805F02F363D06BDEC028B002077
:1094600038BD20460DF026F807EE900A2046F8EEAB
:10947000E78A0DF02FF807EE900A2046B8EEE78A4B
:109480000DF038F868EE087A07EE100AE8EEA87AD0
:10949000B8EEC77AE7EE077AF5EE407AF1EE10FA09
:1094A000B1EEE78A1BD4FDEEC87ABDEC028B17EE55
:1094B000900A38BDBDEC028B2046BDE838400CF068
:1094C000F9BFBDEC028B2046BDE838400DF002B874
:1094D000BDEC028B2046BDE838400DF00BB817EE0E
:1094E000900A16F0A3FADEE738B5044600F0F4F966
:1094F00058B10368DB6A0546984744B1012C04D192
:109500002846BDE83840FBF70FBA002038BD284692
:10951000BDE83840FBF7E8B910B5044600F0DCF9C7
:1095200028B1036821461B6ABDE81040184710BDEA
:109530000048704716FCFFFF704700BF10B5034B93
:10954000036004460CF092FD204610BDA4300200DA
:1095500010B5054B036004460CF088FD204618F05A
:1095600048FA204610BD00BFA43002002DE9F041AA
:10957000032184B00546512001F010FDDFF854C3EB
:10958000C94B044604F00F06C4F3031714F48074A7
:1095900008BF6346C54831463A460BF013FF221C0C
:1095A00018BF012231463B4628460FF08FFC0023AE
:1095B000AB60BF480BF006FF4FF0FF31032001F016
:1095C000EDFC04F03BFB4FF0FF310446022001F0BC
:1095D000E5FC04F033FB002C55D0002853D00146A5
:1095E000204604F04DF90646002865D04FF0FF31C3
:1095F000462001F0D3FC3828044600F0D58019DD60
:109600003A2800F0BC8068285DD14FF0FF3101207E
:1096100001F0C4FC04F012FB80464C2018F0F2F973
:10962000052301934246009431462B4607460EF02F
:1096300063F818E0302801D0322844D14FF0FF31D0
:10964000012001F0ABFC04F0F9FA80464C2018F040
:10965000D9F9A4B207460523019342460094314646
:109660002B460DF0FFFDAF603B6838469B6A98477C
:10967000A8680368DB6A98478E480BF0A3FE28466B
:1096800004B0BDE8F0818C480BF09CFE4FF0FF3138
:10969000192001F083FC04F0D1FA4FF0FF310446A9
:1096A000182001F07BFC04F0C9FA0146204604F0C2
:1096B000E7F80646002899D180480BF083FE28463B
:1096C00004B0BDE8F08101243268CDE900440023F4
:1096D000176AAB600F220DF10F0332213046B847F5
:1096E000002800F0A4803368CDE900440F221F6AEF
:1096F00030210DF10F033046B84700286BD0336896
:10970000CDE900440D221F6A38210DF10F033046C8
:10971000B847002800F091803368CDE900440D225D
:109720001F6A3A210DF10F033046B847002800F0B8
:10973000A0803268CDE900440DF10F03176A68215B
:1097400075223046B847002857D168215C480BF095
:1097500039FE4FF0FF31204601F020FC04F06EFA94
:1097600080464C2018F04EF905246823CDE90034DA
:10977000424631462B4607460DF0BEFF73E74FF0D9
:10978000FF31012001F00AFC04F058FA8046442021
:1097900018F038F9052301934246009431462B46D0
:1097A00007460DF001FF5EE74FF0FF31012001F0A9
:1097B000F5FB04F043FA8046442018F023F9052312
:1097C0000746019342462B46009431460DF0ECFECD
:1097D0003C4B3B6047E7302139480BF0F3FD302428
:1097E0004FF0FF31012001F0D9FB04F027FA804649
:1097F0004C2018F007F907462DE733480BF0E2FD3F
:10980000AF68002F7FF430AF4FF0FF31032001F03D
:10981000C5FB04F013FA30B12C480BF0D3FD2846F9
:1098200004B0BDE8F0812A480BF0CCFD47E73221B7
:1098300023480BF0C7FD3224D2E7382120480BF033
:10984000C1FD4FF0FF31204601F0A8FB04F0F6F90E
:109850008046442018F0D6F8052438230746CDE981
:10986000003442462B4631460DF09EFE154B3B60C0
:10987000F9E63A2112480BF0A5FD4FF0FF312046E2
:1098800001F08CFB04F0DAF98046442018F0BAF8B5
:1098900005243A23CDE90034424631462B4607469B
:1098A0000DF082FEDFE600BF2C2302003C23020005
:1098B0005C2302001C2402006C23020080230200AF
:1098C000AC230200F822020098230200C023020009
:1098D000FC2302003423020038B5104C23680BB17E
:1098E000986838BD4FF0FF31012001F057FB04F0BC
:1098F000A5F940B10C2018F085F80546FFF736FEB3
:109900002560A86838BD4FF0FF31032001F046FB09
:1099100004F094F90028EDD138BD00BF44020020C6
:1099200008B501F06DFCFBF75BFEBDE8084001F0F7
:10993000C5B900BF08B501F063FCFBF7C1FEBDE887
:10994000084001F0BBB900BF08B501F059FC15F0A3
:1099500041F9BDE8084001F0B1B900BF08B501F018
:109960004FFC15F0B5FEBDE8084001F0A7B900BFF7
:1099700008B501F045FCFBF743FEBDE8084001F0E7
:109980009DB900BF08B501F03BFC15F051FBBDE8E7
:10999000084001F093B900BF08B501F031FCFBF7B6
:1099A000AFF8BDE8084001F089B900BF08B501F083
:1099B00027FC15F093FABDE8084001F07FB900BF1D
:1099C00070B5049E96420C4624DB15466BB9042AFA
:1099D00019D0022A02D110F0010310D001462A4604
:1099E000204607F04FFE002070BD10440D4410F8D3
:1099F000013D01F8013B8D42F9D1002070BD028884
:109A00000A80184670BD10F00303E7D102680A60AF
:109A1000184670BD0846002108F0C6FF4FF0FF3021
:109A200070BD00BF0830704740B1002905DB4368B6
:109A30008B4202DD0844007A70470020704700BF67
:109A400030B1002904DB43688B42C4BF4018027266
:109A5000704700BF40B1002905DB4368994202DA34
:109A60000844007A70470020704700BF830704D184
:109A7000030F0CBF0120002070470120704700BF7A
:109A800030B1002904DB43689942BCBF4018027220
:109A9000704700BFF8B5002B20DB00291EDB4668AD
:109AA0008E421BDB5468761AE51AB542A8BF3546CC
:109AB000002D13DB824202F108070C4600F1080674
:109AC0002A4605D0F918301907F0DCFD0020F8BD52
:109AD000F118381917F0C9FF0020F8BD4FF0FF301A
:109AE000F8BD00BF4068704710B4141E10DB426818
:109AF000A2420DDB33EA230328BF1346121B0830B2
:109B00009A422044A8BF1A465DF8044B08F04CBFA7
:109B10005DF8044B704700BF10B443688B4200F1FE
:109B200008041846A8BF084632EA220128BF194691
:109B30001B1A99422044A8BF19465DF8044B00F057
:109B4000B5BE00BF70B5002BBCBF43689B1A002A8E
:109B50000E4620DB44689918A1421CDC91421ADBB6
:109B6000CBB136F0004116D05942B14214DAB342BB
:109B700012DD0830002E00EB020515DB9C1B22468F
:109B8000A919284617F071FF324628190021BDE8AF
:109B9000704008F009BF70BD002211464FF0FF333E
:109BA000BDE87040FFF7A0BF74429A1929462819F2
:109BB00017F05BFF224628460021BDE8704008F000
:109BC000F3BE00BF03460830596800F0EBBD00BF8C
:109BD00070B5054600206968490000F069FD6B68B2
:109BE000002B14DD0A4EEB1D02465C782411991FF0
:109BF000345D94715C7804F00F04491B345DD471BA
:109C00006C688C4202F1020203F10103EDDC70BDCD
:109C10002C240200002BBCBF43689B1A002A30DBB7
:109C200070B445689C18AC4229DC944227DB33B3FE
:109C300031F0004423D00029B8BF01EB032191FB90
:109C4000F3F403FB1411002900F10800B8BFC91890
:109C5000024411448A42134411D00C4604E08A4263
:109C600004460FD094420AD02046157810F8016BB4
:109C700002F8016B83422570F1D10C46F2E770BC0B
:109C8000704770470146EDE700B583B04FF0FF33F2
:109C900000930023FFF7FEFE03B05DF804FB00BF56
:109CA00010B50C1E0EDD4168083002F0D1F81F2CF3
:109CB00007DC0123A34020FA04F4013B444004EAFA
:109CC000030010BD002010BD0146002000F0EEBDD5
:109CD00038B50021054600F093FD0146002000F054
:109CE000E5FD044600F10801284600F089FD204604
:109CF00038BD00BF30B5013A83B004460D460F2A87
:109D000013D8DFE802F0141408086114141B1B7345
:109D10004A2554675A38184601F004FB012D04DD2A
:109D200080B2E20754BF2080208003B030BD1846C7
:109D300001F0F8FA002DF8DD2070F6E7184601F082
:109D4000F1FA012DF1DDC0F3072360702370ECE719
:109D5000184601F07DFA032D0090E6DD9DF8000025
:109D60009DF801109DF802209DF803302370E070EB
:109D7000A1706270D9E7184601F042FA072DCDE9CB
:109D80000001D2DD0DF1FF3204F1080312F8011FCA
:109D900003F8011D9C42F9D1C7E7184601F058FAB3
:109DA000032DC2DDA3070CBF20602060BDE718466D
:109DB00001F050FB032DF5DCB7E7184601F04AFB34
:109DC000032D0090CADCB0E7184601F0ABFA032D72
:109DD000E8DCAAE7184601F013FA072DCDE90001E7
:109DE000A3DD6B4603CB206061609EE7184601F05F
:109DF00099FA032D0090B1DC97E700BF30B4141E30
:109E000007DB456808300A462044291B30BCFFF7B1
:109E100071BF30BC704700BF00B5013A85B00F2A52
:109E200000F28880DFE802F01623303D4A56595C84
:109E30005F626571748083080091012308220DEB35
:109E40000201FFF7BDFDDDE9020100F037FF05B0BB
:109E50005DF804FB00910023012202A9FFF7B0FD89
:109E60009DF9080001F034F805B05DF804FB00919D
:109E70000023012202A9FFF7A3FD9DF8080001F0CD
:109E800027F805B05DF804FB00910023022202A927
:109E9000FFF796FDBDF9080001F01AF805B05DF86E
:109EA00004FB00910023022202A9FFF789FDBDF8FF
:109EB000080001F00DF805B05DF804FB00910023E7
:109EC000042202A9FFF77CFD029801F001F805B019
:109ED0005DF804FB01230091BEE701230091C8E770
:109EE00000910123D2E700910123DCE700910123D7
:109EF000E6E700910023042202A9FFF761FD029822
:109F000000F0F0FF05B05DF804FB00910123F2E7DB
:109F100000910023042202A9FFF752FD029800F0ED
:109F2000CFFF05B05DF804FB0091002386E70091A8
:109F30000123EFE700208AE7131E09DB10B4446811
:109F400008300A461844E11A5DF8044BFFF764BF75
:109F5000002000F0BDBF00BF03F0AABA08B503F0AF
:109F6000ABFA20F0404008BD03F0B0BB0AF08ABF56
:109F7000C11703F061BA00BF03F072BA03F082BAEE
:109F800000B583B003F092FA02AB63E90201082145
:109F9000184601F05DFF20F0404003B05DF804FB7F
:109FA00000B583B003F082FA02AB63E90201082135
:109FB000184600F07BFC03B05DF804FB81B138B5B6
:109FC0000B680C4608461B6A9847236805465B6A7F
:109FD0002046984701462846BDE8384004F0A2B91B
:109FE000704700BF01F054BE012002F0EBB800BF83
:109FF00008B5022002F0E6F840F29330BDE80840D0
:10A0000009F08CBA014B1860704700BF480200206D
:10A01000704700BF00207047002A2DE9F04340F34D
:10A02000B38000252E464FF0ED0CDFF8BCE11CE0BC
:10A0300003F0E004C02C2AD003F0F004E02C3FD061
:10A0400003F0F804F02C5AD00135023658B19F09BC
:10A05000044667F03F0704F8027B03F03F0363F018
:10A060007F034370204695420EDA4B5D1C06DFD419
:10A070007F2B05F10105E8D801360028F3D0954281
:10A08000037000F10100F0DB3046BDE8F0836C1C8A
:10A090009442D1DA4F197F7807F0C008B8F1800FE9
:10A0A000CAD14FEA831807F03F0708F4F86848EA76
:10A0B00007077F2F6CDC023625460028C7D1D4E77E
:10A0C000AC1C9442BCDA4C19677807F0C008B8F1B0
:10A0D000800FB5D194F8028008F0C004802CAFD175
:10A0E0001C0308F03F08BF01A4B207F47C6744EAF0
:10A0F00008043C43B4F5006FA6DB03352DE0EC1CEF
:10A100009442A1DA4C19677807F0C008B8F1800FC3
:10A110009AD194F8028008F0C009B9F1800F93D168
:10A1200094F8039009F0C004802C8DD19C0409F0B0
:10A130003F093F0304F4E01407F47C374FEA881822
:10A1400044EA09043C4308F47C6844EA0804A4F5A2
:10A15000803777453FF678AF0435B4F5803F1AD2A3
:10A16000033600283FF47FAF270BC4F3851304F0B8
:10A170003F0467F01F0763F07F0364F07F040770FC
:10A180004370847003306EE700263046BDE8F083EC
:10A190003B46023559E7063600283FF464AFA4F584
:10A1A0008034A70AC4F3090407F5584704F55C4353
:10A1B000C7F38518C3F3851407F03F0703F03F0387
:10A1C00068F07F0867F07F0764F07F0463F07F0327
:10A1D00080F800C080F803C080F8018087700471A7
:10A1E000437106303FE700BFFFFF0F0003781A06F8
:10A1F00001D41846704703F0E002C02A10D003F0E3
:10A20000F002E02AF5D1427881781803930103F433
:10A210007C6380B2184301F03F0303431846704744
:10A2200040789B0100F03F0003F4F86303431846B5
:10A23000704700BFC3888B423AD370B41B095B00E0
:10A240000C0986884ABB8568EA184CB104F10040C5
:10A25000013835F81030F61AB6B21A4401F00F0181
:10A260000024234602E001339E4213DB0134A14265
:10A2700002EB0300D55C0EDB2806F4D505F0E00008
:10A28000C02805F0F00511D0E02D08BF02330133DE
:10A290009E42EBDA002070BC704700F108021A44BD
:10A2A000002CDDD000EB4400C388D4E70133DAE7AB
:10A2B0000020704780880A30800870470630704759
:10A2C0008088704783888B4226BF06304018002064
:10A2D000704700BF80880A3080087047063070479A
:10A2E000808870478188E1B130B4841D0020034626
:10A2F00002E00133994210DDE25C150600F1010035
:10A30000F7D502F0E005C02D02F0F00207D0E02AF8
:10A3100008BF023301339942EEDC30BC7047013391
:10A32000E7E70846704700BF70B400228688851DA5
:10A33000134602E001339E4213DB0132914205EBEA
:10A340000300EC5C0EDB2006F4D504F0E000C0282E
:10A3500004F0F00408D0E02C08BF023301339E4221
:10A36000EBDA002070BC70470133E3E7032070474D
:10A37000C38880681B0900EB4300704780887047E2
:10A38000C08870470022FFF755BF00BFC388808890
:10A390001B0900EB43000C3080087047C38800F1B4
:10A3A00008021B0902EB4300704700BF0122FFF7C0
:10A3B00041BF00BF40680B30800870472DE9F04175
:10A3C000C4888588240907460B466400002A44D0C7
:10A3D00000F10808444421B12A46204607F052F90A
:10A3E00000236355FE88360986B3A8F1020808EBFE
:10A3F000460625442746281B1DD422781021002319
:10A4000007E00133984204EB030C14DB0139E25CF2
:10A4100020D012F0800FF4D002F0E00CBCF1C00F9D
:10A4200002F0F00214D0E02A08BF02330133984250
:10A4300004EB030CEADA4FF45C7009F06FF80023C8
:10A440001C46DB1B28F8023F4645D4D1BDE8F0810D
:10A450000133D6E764466346F3E716468268144440
:10A4600029B96155C6883609D7F80880BCE72A465D
:10A47000204607F007F96655FE883609F4E700BF65
:10A48000806808B101F084BD704700BF10B5044674
:10A49000406801F0A9FDA068BDE8104001F0A4BD2E
:10A4A0002DE9F04F404DA98883B08246002957D14D
:10A4B0003D48DFF8F890524600270646B84602F0BD
:10A4C000C5FB0DE002F0DAFB03684B4504465FD0A4
:10A4D0009B6A9847236880445B6A204698470744F4
:10A4E000AB883046002BEDD14FEA18146400781C7D
:10A4F000204402F085F9A98801900444002935D14F
:10A5000029485246814602F0A1FB14E002F0B6FB56
:10A51000264B02689A4283462ED0526A9047DBF857
:10A5200000200646136A58469847324601462046A0
:10A5300007F0A8F83444AA884846002AE6D10199D1
:10A540001B4BCAF8081050461146AAF80470AAF826
:10A550000680CAF8003003B0BDE8F04FFFF72EBF09
:10A5600040F2713008F0DAFFA988A1E740F27130BB
:10A5700008F0D4FFA988C3E78268A988484602F09A
:10A5800065FBDBF80420A988484602F05FFBD2E7B0
:10A590008268A988304602F059FB6268A988304673
:10A5A00002F054FB9CE700BF500200209C240200F4
:10A5B000E424020010B50446FFF772FFE08810BDE6
:10A5C00010B50446FFF76CFFA08810BD10B5044617
:10A5D000FFF766FFE388A0681B0900EB430010BD8E
:10A5E00038B50D460446FFF75BFF2946204600229A
:10A5F000BDE83840FFF71EBE704700BF032070471C
:10A6000003207047C0887047704700BF808870473C
:10A61000704700BF80887047704700BF60B14368D3
:10A620008B4200D02BB9531C06D08368934203D0D1
:10A6300013B100680028F2D1704700BF084B1B68B7
:10A640005BB15A68904201D0002AF8D14A1C04D06C
:10A650009A68914201D0002AF1D11846704700BF94
:10A660004C0200202DE9F041104F3B6813B90AE07D
:10A670001B6843B15C688442FAD19C688C42F7D174
:10A68000DA60BDE8F0810446102090460D4602F0E5
:10A69000C9F83B684460064685600360012140F8C4
:10A6A0000C8F02F071F93E60BDE8F0814C02002091
:10A6B0002DE9F0410C1E07461FDB1CB3A6B22FB3D9
:10A6C0007B1E191913F9012F002A27DB9942F9D1B2
:10A6D000DFF8C880E01D01F0E7FF054608B1C0F8CB
:10A6E0000080AE8039462246A81D06F0CBFF2C44E0
:10A6F0000023A3712846BDE8F08117F0F9F904465C
:10A70000002CDBD1234D2846BDE8F081E01D01F08F
:10A71000CBFF0546002839D1BE80E8E7132C02DCC8
:10A72000DFF87C80D6E70020034602E001339C423C
:10A7300010DDFA5C110600F10100F7D502F0E0012E
:10A74000C02902F0F0021FD0E02A08BF0233013313
:10A750009C42EEDC1FFA80F80028B8BF0F300011D1
:10A76000093404EB400001F09FFF054608B10A4B95
:10A7700003602846AE80A5F8068039460122FFF71F
:10A780001DFE2846BDE8F0810133CFE7034B8680EC
:10A790000360ACE76C260200742502004425020029
:10A7A00014250200F8B50C1E054603DB3CB9134C1A
:10A7B0002046F8BD17F09CF90446002CF7D022463D
:10A7C00029460020FFF728FC8442064610D002F0FC
:10A7D00029F8224607462946FFF71EFC314638462F
:10A7E000FFF766FF0446384601F042FF2046F8BDF9
:10A7F00021462846BDE8F840FFF75ABF6C26020004
:10A800002DE9F047036804461B6A88469847236889
:10A8100006465B6A20469847074680B100242546D5
:10A82000335DED2B06EB04000BD0B8F1000F01D027
:10A8300008F8053001350134BC42F1D32846BDE8A3
:10A84000F08704F10509B945EFD2FFF7CFFC824646
:10A85000E01C3044FFF7CAFCAAF55843B3F5806FFB
:10A86000E9D2A0F55C42B2F5806FE4D2B8F1000FF6
:10A8700019D000F5105000EB8323991461F00F01FB
:10A8800008F8051008EB0502C3F30530C3F3851182
:10A8900003F03F0360F07F0061F07F0163F07F030E
:10A8A00050709170D37004354C46C4E770B50D1EDE
:10A8B00012DD064605F1080001F0F6FE044608B177
:10A8C000094B0360656004F108002A46314636B141
:10A8D00006F0D8FE204670BD044C204670BD08F03E
:10A8E00063F8204670BD00BFE0250200602602002C
:10A8F000014B1860704700BF04000020034A044B5E
:10A90000116803FB00F0484010607047040000200D
:10A91000CB5725CA30B40E4D2A6804462146002084
:10A92000930983EAD273534083EA121383EA9203B2
:10A930005208534042EAC37202F00103490843EA55
:10A940004000EDD18442E9D32A6030BC704700BF9B
:10A9500004000020004870476C26020000B583B256
:10A960007F2B83B029DD00F03F00B3F5006F40F08E
:10A97000800043F3871213DB1B1302F03F0263F0E6
:10A980001F0362F07F028DF80600032101A88DF8F5
:10A9900004308DF80520FFF78BFE03B05DF804FB53
:10A9A00062F03F028DF80500022101A88DF8042015
:10A9B000FFF77EFE03B05DF804FB012101A88DF8CE
:10A9C0000430FFF775FE03B05DF804FB2DE9F04796
:10A9D0000E4600286FD004464A4B002942D09842C8
:10A9E00079D09E426CD02368474DAB4277D05B6AEA
:10A9F00020469847336880465B6A3046984700EBAC
:10AA00000805322D81466DD8236820461B6A984779
:10AA1000336882461B6A304698472946064600201E
:10AA2000FFF746FE03681B6A0746984742460446FE
:10AA3000514606F027FE4A46314604EB080006F070
:10AA400021FE65B194F90030002B3DDB2919601C13
:10AA500003E010F9013B002B36DB8842F9D1384680
:10AA6000BDE8F087984234D00368274D274EAB42AB
:10AA7000BDD1A0680368AB4234D05B6A98473368A5
:10AA800007465B6A30469847384432282AD80C205B
:10AA900001F00AFE074600B10560384601F08EFF5E
:10AAA00063687B603146A068FFF790FFB860384666
:10AAB00001F092FFD3E7154C01B3124B9E4292D1A5
:10AAC00027463846BDE8F087114B3B603846BDE865
:10AAD000F0870E4FC3E70F463846BDE8F08733686E
:10AAE000AB42C6D10C2001F0DFFD074608B1064B92
:10AAF0000360C7E901463846BDE8F087054B2646A6
:10AB000075E700BF6C2602009C240200C0260200EC
:10AB10001425020044250200884228D0F8B50368B5
:10AB20000C465B6A05469847236807465B6A2046E1
:10AB300098472B6806461B6A2846984723680546AF
:10AB40001B6A20469847BE4228BF3E46401B2B4604
:10AB50001978C25C914204D02CBF01204FF0FF3025
:10AB6000F8BD01335A1BB242F2D90020F8BD0020D3
:10AB7000704700BF03689B6A184700BFF8B5161EF0
:10AB80002DDD03689B6A0C4605469847002CBCBF28
:10AB9000241824EAE474001BB04212DD2B6821461D
:10ABA000DB6A284698472B68A1190746DB6A2846C6
:10ABB0009847044648B1E11B3846BDE8F840FFF726
:10ABC00077BD00280BDD0646E8E740F2723008F05A
:10ABD000A5FCE11B3846BDE8F840FFF769BD014818
:10ABE000F8BD00BF6C260200002858D0002956D0BE
:10ABF0002DE9F047036805461B6A14460E46984740
:10AC00002B6824EAE4718046DB6A284698472B6863
:10AC100004465B6A284698473368A4EB0805451B41
:10AC20005B6A3046984707469CB3854231D3336808
:10AC300030461B6A9847814690F800A002E0BD426A
:10AC4000344626D32378534505F1FF3504F1010638
:10AC5000F5D13A464946204616F0F8FE0028EED1D6
:10AC6000A4EB0804002C16DD034602E001339C42ED
:10AC700011DD18F80320110600F10100F6D502F0ED
:10AC8000E001C02902F0F00207D0E02A08BF023339
:10AC9000ECE74FF0FF30BDE8F0870133E6E74FF017
:10ACA000FF30704708B5FFF79FFF013018BF012044
:10ACB00008BD00BF80F00100704700BF0A1E38B514
:10ACC00011D138B302460B4604460D4613F0E6FB9D
:10ACD000002841D10C2001F0E7FC08B11F4B0360B4
:10ACE000C0E9014538BDC2F30A54A4F2FF331D2B5D
:10ACF00012D8142B054618DC0028E3D1A4F2F33453
:10AD000012FA04F4DED1D002C3F11F0340F0004078
:10AD1000D8401AE0012038BD1E2BD3D10028D1D154
:10AD20000F4B9A42CED10F4838BDA4F2134410FA0B
:10AD300004F4C7D1D002C3F11F0140F00040C3F1B9
:10AD40003403C84025FA03F31843002AB8BF404231
:10AD5000400040F0010038BD0E2038BD1026020032
:10AD60000000D0C1010000802DE9F041036882B0ED
:10AD70001B6A984701A9F9F793FA002200230646B7
:10AD80000F4613F059FB60BB27F0004530462946BB
:10AD90004FF0FF321F4B34464FF0010813F07EFB9B
:10ADA00038B94FF0FF321B4B3046294613F06CFB8D
:10ADB000F0B118F0FF0F1FD100224FF4801320468E
:10ADC00029464FF0010813F069FB38B9204629469F
:10ADD00000224FF4801313F039FBB0B118F0FF0FCD
:10ADE0000AD130463946FFF769FF02B0BDE8F0816D
:10ADF000804618F0FF0FDFD0074F00263046394657
:10AE0000FFF75CFF02B0BDE8F081804618F0FF0F4D
:10AE1000E7D0F1E7FFFFEF7F0000F87F08B513F000
:10AE200039F8BDE80840FFF749BF00BFF8B503682F
:10AE3000DB6A04469847A0B10646FFF7D7F90746F4
:10AE400088B9236820461B6A9847236805465B6AD1
:10AE5000204698472844864203D03B4643F00100F1
:10AE6000F8BD0E20F8BD4300B0EB630FF6D0BDE88F
:10AE7000F840FFF7D3BF00BF08B1FFF7D7BF0E20E0
:10AE8000704700BF70B110B5FFF7D0FF0E28044621
:10AE900006D0C30708D56010BDE81040FFF75EBDBF
:10AEA000064810BD0548704740F2713008F036FB87
:10AEB0006010BDE81040FFF751BD00BF6C260200D6
:10AEC00008B512F0F9FFBDE80840FFF7F7BE00BF74
:10AED0004300B0EB630F01D0FFF7A0BF43F00100C8
:10AEE000704700BFB0F1804F08B503D2400040F07A
:10AEF000010008BD12F0BEFFBDE80840FFF7DEBE4E
:10AF0000002814BF42200A20704700BF08B5F9F797
:10AF100083FBBDE80840FFF7D1BE00BF01FB00F096
:10AF2000704700BF90FBF1F0704700BF10B50C20D8
:10AF300001F0BAFB044608B101F0A4FF204610BDA1
:10AF400000897047043001F00FBF00BF03460A4676
:10AF50000430198901F0E8BE043001F015BF00BFCC
:10AF600003894268994234BF52F82100002070479B
:10AF7000043001F0D9BE00BF043001F013BF00BFA0
:10AF8000043001F033BF00BF024B1B68588CC00077
:10AF9000704700BF90020020704700BF38B51C4BBF
:10AFA0001B688BB15C6AACB1236898422DD08BB121
:10AFB000002300E072B1023354F823208242F9D119
:10AFC00001339B00E05838BD124B1C6844F210223C
:10AFD000944216D00D46044603F012F978B1036886
:10AFE0009C4210D05BB1002300E042B1023350F824
:10AFF0002320A242F9D101339B00C05838BD284616
:10B0000038BD5B68CEE70423F7E70423DAE700BF27
:10B0100090020020401C0200406870474160704769
:10B0200010B5082001F040FB044608B101F032FFE2
:10B03000204610BD70B50C1E054616460EDB8388F3
:10B040009C420BDA05EB8404E36823B10B2140F248
:10B05000863001F07BFFE660284670BD0A2140F291
:10B06000863001F073FFEDE708F058BA18B1024BD3
:10B07000984208BF002070476C260200003018BFBD
:10B080000120704710B5142001F00EFB044608B1F2
:10B0900001F008FF204610BD10B5044601F00CFF7A
:10B0A000002806DB238AE268984202D252F8200088
:10B0B00010BD002010BD00BF224B1B682DE9F041E0
:10B0C000DE6AB3683468834204F1FF3506F1040692
:10B0D0001ED856F8253083421AD3002D14DD641093
:10B0E00056F82430984210D0012203E056F824305C
:10B0F00083420AD098428CBF621C04F1FF35541978
:10B10000AA424FEA6404F1DD00242046BDE8F08144
:10B11000002DF9DD07464FF0010806E0B4BF04F149
:10B12000010804F1FF354545EEDB08EB050464102A
:10B13000394656F82400FFF7EFFC0028EED12046F0
:10B14000BDE8F08190020020034B1B680131DB6AEF
:10B1500053F82110FFF7A0BF90020020F8B5044675
:10B160000F46164601F0A8FE011E04F10C0505DB92
:10B1700032462846BDE8F84001F0D6BD3A4621895E
:10B18000201D01F0D1FD3246218A2846BDE8F84055
:10B1900001F0CABD034B1B680131DB6A53F8211073
:10B1A000FFF7DCBF90020020014B1868704700BF1A
:10B1B0008C020020704700BF820708B508D130B16B
:10B1C000036823F00103DA78F92A13D1987808BDCF
:10B1D0000028FCD0C3070FD40E280DD042280DD074
:10B1E0000A280BD0062805D040F2213008F096F945
:10B1F000042008BD042008BD022008BD012008BDB0
:10B200000E281FD010B5044670B915E0FFF7D4FF23
:10B210000346022B204612D0032B0DD1FFF7A4FDCD
:10B220000E28044608D03CB1A3072046EED000F01B
:10B230000FF812F02FFE10BD0020044910BDD4E914
:10B24000010110BD00200149704700BF0000F87FD8
:10B25000C107034651D4820704D59B0914BF0120BE
:10B260000020704700284AD02DE9F041FFF7C8FFC1
:10B2700021F000450F464FF0FF322946274B064686
:10B2800004464FF0010813F009F940B94FF0FF32BE
:10B29000224B3046294613F0F7F800B9804618F0E3
:10B2A000FF0F2ED100224FF48013204629464FF085
:10B2B000010813F0F3F840B92046294600224FF464
:10B2C000801313F0C3F800B9804618F0FF0F18D1AF
:10B2D0003046394613F0FEFC0022114B13F014FFE8
:10B2E0000022002304460D4613F0B0F860B9204652
:10B2F000294613F011F9BDE8F08140107047002095
:10B3000070470020BDE8F081204629460022044B0A
:10B3100012F074FC04460D46E9E700BFFFFFEF7F23
:10B320000000F041FFF794BF38B50D46FFF790FFDE
:10B3300004462846FFF78CFF00F01F0004FA00F0D7
:10B340004300B0EB630F03D0BDE83840FFF766BDA4
:10B3500043F0010038BD00BF38B50D46FFF778FF58
:10B3600004462846FFF774FF00F01F0044FA00F07F
:10B370004300B0EB630F03D0BDE83840FFF74EBD8C
:10B3800043F0010038BD00BF38B50D46FFF760FF40
:10B3900004462846FFF75CFF60404300B0EB630FB4
:10B3A00003D0BDE83840FFF739BD43F0010038BD98
:10B3B00038B50D46FFF74CFF04462846FFF748FF17
:10B3C00020434300B0EB630F03D0BDE83840FFF7E4
:10B3D00025BD43F0010038BD08B5FFF739FFC04374
:10B3E0004300B0EB630F03D0BDE80840FFF716BD84
:10B3F00043F0010008BD00BF38B50D46FFF728FF38
:10B4000004462846FFF724FF20404300B0EB630FBB
:10B4100003D0BDE83840FFF701BD43F0010038BD5F
:10B4200038B50D46FFF714FF04462846FFF710FF16
:10B4300000F01F0024FA00F0B0F1804F03D240006A
:10B4400040F0010038BD12F015FDBDE83840FFF7AF
:10B4500035BC00BF0E2816D008B50346C0B19B0707
:10B4600008D0FFF7F5FE07EE900AF8EEE77A17EE40
:10B47000900A08BDFFF7C4FE13F06EF807EE900ABD
:10B4800017EE900A08BDDFED057A17EE900A7047B7
:10B49000DFED027A17EE900A08BD00BF0000C07F02
:10B4A00070B50E46FFF7ACFE044630460D46FFF77A
:10B4B000A7FE02460B462046294612F09FFBBDE838
:10B4C0007040FFF7FBBB00BF70B50E46FFF798FE5C
:10B4D000044630460D46FFF793FE02460B462046D3
:10B4E000294612F089FBBDE87040FFF7E7BB00BFBB
:10B4F00001F00103184203D0C3130133012B12D909
:10B50000D0B50C46FFF77CFE064620460F46FFF7F7
:10B5100077FE02460B463046394612F025FDBDE85F
:10B52000D040FFF7CBBBCB130133012BE8D843103E
:10B53000481000FB03F04300B0EB630F02D143F06F
:10B5400001007047FFF76ABC032912D0D0B50C4642
:10B55000FFF756FE064620460F46FFF751FE02460D
:10B560000B463046394612F029FEBDE8D040FFF7C1
:10B57000A5BB7047F8B50C46C107034603D5E207E3
:10B5800001D5620811D11846FFF73AFE064620465B
:10B590000F46FFF735FE0B4602463946304613F09C
:10B5A000B3FDBDE8F840FFF789BBFFF751FE054644
:10B5B0002046FFF74DFE95FBF0F303FB10504300D0
:10B5C000B0EB630F03D0BDE8F840FFF727BC43F0B2
:10B5D0000100F8BD70B50E46FFF712FE0446304676
:10B5E0000D46FFF70DFE02460B462046294613F096
:10B5F000E5FEBDE87040FFF761BB00BFC2072DE963
:10B60000F8430C460BD5CB0709D540104C108442AB
:10B6100041DB3DD1640044F00100BDE8F883FFF751
:10B62000EFFD064620460F46FFF7EAFD04460D46AD
:10B6300002460B463046394612F026FF90B92246A4
:10B640002B463046394612F0F7FE28B130463946CF
:10B65000BDE8F843FFF732BB22462B4634463D4651
:10B6600016461F46F8F7D8FF2246804689462B46E5
:10B670003046394612F0C0FA42464B4612F074FC8E
:10B6800022462B4612F0BAFABDE8F843FFF716BB84
:10B69000234604461846001BFFF73CF920444400AB
:10B6A000B0EB640F02D144F00100B6E7BDE8F84307
:10B6B000FFF7B4BB08B5FFF7A3FD13F085FDBDE8A8
:10B6C0000840FFF7FBBA00BF08B5FFF799FD13F07C
:10B6D000F7FDBDE80840FFF7F1BA00BF08B5FFF776
:10B6E0008FFDF9F7CDFCBDE80840FFF7E7BA00BFD2
:10B6F00008B5FFF785FDF9F73BFCBDE80840FFF70B
:10B70000DDBA00BF08B5FFF77BFD13F0E3FABDE833
:10B710000840FFF7D3BA00BF08B5FFF771FD054B2E
:10B72000002212F06BFAF9F7ABFCBDE80840FFF716
:10B73000C5BA00BF0000E03F0E280BD00E2909D08B
:10B740008842F8B5044607D001F00102104205D046
:10B750000020F8BD002070470120F8BD0D46FFF71E
:10B760002BFD06462846FFF727FD8642F0D144EA26
:10B7700005039B07ECD1032E15D0022EE8D12046FD
:10B78000FFF73EFD064628460F46FFF739FD0B46FC
:10B7900002463946304612F04FFE4FF0010300B921
:10B7A0000346D8B2F8BD29462046FFF7B5F9B0FAEE
:10B7B00080F04009F8BD00BF08B5FFF7BDFF0028C5
:10B7C00014BF42200A2008BD08B5FFF7B5FF0028C6
:10B7D0000CBF42200A2008BD0E281AD00E29F8B549
:10B7E0000C4614D00628054615D042283FD00A281A
:10B7F0001CD00629034600F08380422C11D00A2C6D
:10B8000037D09C4210D004F001031D4211D000201B
:10B81000F8BD00207047062906D0422C4FF00003E7
:10B82000EDD10322934204D10120F8BD0123062C5F
:10B83000E3D12846FFF7C0FC06462046FFF7BCFCD4
:10B84000032E22D003282FD0012E14D0012821D07E
:10B850008642DCD145EA04039B07D8D1032847D0B0
:10B86000022828D0601BB0FA80F04009F8BD0323FD
:10B87000DDE70122D6E7062D33D0422D4FF0020638
:10B8800034D00A2DE2D10125E0E7022813D00328A5
:10B89000DCD1DFE7062C4FF0020020D0422C23D071
:10B8A0000A2CD5D10124D3E7022E04D0012EAED12B
:10B8B000062DE2D1ABE72846FFF7A2FC064620465C
:10B8C0000F46FFF79DFC02460B463046394612F004
:10B8D000B3FD4FF0010400B90446E0B2F8BD002406
:10B8E000B6E702260025B1E70324B1E70325ADE75B
:10B8F00021462846FFF710F9B0FA80F04009F8BD5C
:10B9000000228FE7FFF768BF08B5FFF765FF002843
:10B9100014BF42200A2008BD08B5FFF75DFF0028CC
:10B920000CBF42200A2008BDF8B5078945687FB1E1
:10B930000E46043D002402E00134A74208D03146FF
:10B9400055F8040FFFF748FF0028F5D02046F8BD52
:10B950004FF0FF30F8BD00BF10B500220446FFF7DE
:10B96000E3FF011E04DB201D01F01CFA012010BDC5
:10B97000002010BD38B58307044608D148B1FFF751
:10B980001BFC032812D0022814D0012038BD0A283D
:10B9900001D1002038BD0028FBD00E28F9D00628A0
:10B9A000F7D010F1FF3018BF012038BD0C4B9C427E
:10B9B000EBD1EEE72046FFF723FC02460B46044698
:10B9C0000D4612F06BFD0028E3D1204629460022E7
:10B9D000002312F031FDB0FA80F0400938BD00BFFD
:10B9E0006C260200422805D00A2801D0FFF7C2BF0A
:10B9F00000207047012070470E2847D00E2945D0FF
:10BA0000F8B50C460546FFF7D7FB06462046FFF77C
:10BA1000D3FB032E2CD0A54228D02846FFF7F0FBFD
:10BA2000064620460F46FFF7EBFB324604460D461E
:10BA30003B463046394612F031FD08BB22462B46C4
:10BA40002046294612F02AFDD0B922462B46304620
:10BA5000394612F0FBFCB0B922462B463046394637
:10BA600012F012FD003018BF0120F8BD0020F8BD13
:10BA70000328D0D121462846BDE8F840FFF74CB84E
:10BA80006FF00100F8BD4FF0FF30F8BD6FF001001E
:10BA9000704700BF38B501F0010313EA000404D079
:10BAA0008842ACBF0020012038BDFFF7A5FF831CF2
:10BAB00014BFC00F204638BD10B501F0010420426C
:10BAC00003D0884207DC422010BDFFF795FF831C9E
:10BAD00001D00028F7DD0A2010BD00BF10B501F02D
:10BAE0000104204203D0884207DA422010BDFFF74C
:10BAF00083FF831C01D00028F7DB0A2010BD00BFA4
:10BB000010B501F00104204203D0884205DB422039
:10BB100010BDFFF771FF0028F9DA0A2010BD00BF41
:10BB200010B501F00104204203D0884205DD422017
:10BB300010BDFFF761FF0028F9DC0A2010BD00BF2F
:10BB4000F0B591B00446FFF737FB03283DD002283B
:10BB50000FD0052848D0002C4CD00A2C42D00E2CF7
:10BB600045D0422C55D02C4B2C48062C08BF1846EB
:10BB70002CE0E3072CD40E2C39D02046FFF740FBF5
:10BB800021F000450F464FF0FF322946244B064670
:10BB900012F084FC38B9304629464FF0FF32204B72
:10BBA00012F05EFC40B332463B463046394612F056
:10BBB00075FCE0B9304639466A46F8F719FC684624
:10BBC0004FF0FF31FEF774FD00E0204611B0F0BDEC
:10BBD0006946601009F0FAF968464FF0FF31FEF748
:10BBE00067FDF3E70F48F1E70F4811B0F0BD0F48CC
:10BBF00011B0F0BD0E48E9E7002330463946002277
:10BC000012F024FC0B4C0C4B002814BF20461846A5
:10BC1000DCE70A48DAE700BFC0260200E42602009B
:10BC2000FFFFEF7FD8260200F4260200A4260200C0
:10BC300050260200B026020094260200CC26020004
:10BC400008B5FFF7B9FA052810D8DFE800F00305BA
:10BC500007090B0D084808BD084808BD084808BD7D
:10BC6000084808BD084808BD084808BD40F2223011
:10BC700007F054FC002008BD842602004026020084
:10BC80000827020028270200182702007426020055
:10BC900070B50446FFF790FA042813D164B1A307E6
:10BCA0000AD12168164821F001025369834220D04D
:10BCB0002046BDE87040184721461248BDE8704054
:10BCC00009F080BB2046FFF73BFF05462046FFF703
:10BCD000B7FF03681B6A98472B6806461B6A28460D
:10BCE00098472246034631460748BDE8704009F0B0
:10BCF00069BB138805481289BDE8704009F062BB32
:10BD000091BC0000A4250200D0250200B02502004D
:10BD100010B504460A461248214609F053FB7CB18F
:10BD2000A30705D1216821F00101CB78F92B10D0B0
:10BD3000062C05D140F2DD30BDE8104007F0EEBB27
:10BD40002046FFF739FABDE8104000F5757007F09E
:10BD5000E5BB0B898A78034809F034FBE8E700BFAC
:10BD6000402402006024020008B50146044809F09E
:10BD700029FB4FF46470BDE8084007F0CFBB00BF5B
:10BD8000CC24020010B501F099FB0446102000F00D
:10BD900049FD22690260206110BD00BF38B501F085
:10BDA0008DFB0469054634B123682B612046BDE84C
:10BDB000384000F05DBC40F2533007F0AFFBF3E7D2
:10BDC000F0B585B0074601F079FB046906468CB1F1
:10BDD00094E80F006D46306185E80F00204600F0C2
:10BDE00047FC0A4B77611B68284631469B6B984796
:10BDF00005B0F0BD064809F0E5FA3846FFF748FF00
:10BE000040F2E73007F08AFBE2E700BF9002002033
:10BE10008024020010B501F051FB446912239C42BA
:10BE2000436101D0204610BD40F2533007F076FB4D
:10BE3000204610BD08B501F041FB4369122B05D027
:10BE4000FFF7E8FFBDE80840FFF7BABF08BD00BF35
:10BE500079B110B4084B094C014410F8012B04FBD4
:10BE600003F3884283EA0203F7D118465DF8044BD6
:10BE70007047014B18467047C59D1C819301000116
:10BE800038B5046834F00304054611D0A30F14D16B
:10BE90002846E3699847054625B1B5F5004F05D911
:10BEA000002C03DB40F2493007F038FB284638BD50
:10BEB00040F2513007F032FBEAE7C4F39905EBE7B3
:10BEC00038B5144B9A881B6892B1551E53F825104B
:10BED00088421AD0023A03EB82032A4602E0216824
:10BEE00081420BD0013A511C1C46A3F10403F6D148
:10BEF0004FF45270BDE8384007F010BB954204D0B3
:10BF0000044800F0BBFE206038BD0248BDE8384060
:10BF100000F0B4BE6402002018210148FEF7C6BC40
:10BF20006C020020036823F0010318888008704722
:10BF300030B338B5C5680446A5B155E90132686823
:10BF4000A96862605A0F032AC4E9020105D040F2D1
:10BF5000493007F0E3FA55F8043C43F0004345F854
:10BF6000043C38BD50F8043C5A0F032A09D143F071
:10BF7000004344F8043C0020BDE8384001F0A6BA74
:10BF8000704740F2493007F0C9FA54F8043CEEE734
:10BF900038B550F8043CDB070546A0F104041CD476
:10BFA000104B1B6873B103F108029442F9D359682E
:10BFB0000A449442F5D255F8043C43F0010345F895
:10BFC000043C38BD40F24A3007F0A8FA55F8043C6A
:10BFD00043F0010345F8043C38BD40F24F3007F010
:10BFE0009DFADDE758020020830709D140B1030F15
:10BFF00006D00168114B194202D1CB78F92B00D041
:10C0000070470F4B10B504461B688BB103F1080253
:10C010009442F9D3586802449442F5D2094841F059
:10C020000101216022468188BDE8104000F00EBE6B
:10C0300040F24A3007F072FA2168EFE7030000404F
:10C04000580200205002002000294DD02DE9F84F61
:10C050000F468046DFF89CB0DFF89CA0DFF88C909C
:10C06000061F002502E00135AF423BD056F8044FD1
:10C07000A307F8D1002CF6D0230FF4D0206810EAE3
:10C080000B0FF0D1C378F92BEDD1DAF8003053B1B2
:10C0900003F108018C4203D35A680A44944207D33F
:10C0A0001B68002BF4D140F24A3007F037FA2068C1
:10C0B000B9F8041040F00100206022460B4800F05F
:10C0C000C5FDB9F80430642BCDD90C2009F0B0FEC1
:10C0D0000135074A08EB85037D1BC0E9013511686E
:10C0E00001601060BDE8F88F704700BF500200206B
:10C0F0005C020020030000405802002038B50568AB
:10C100004DB104462846FFF743FFA1882846BDE805
:10C110003840FFF799BF38BD830709D140B1030FFD
:10C1200006D00168234B194202D1CB78F92B00D0FD
:10C130007047214B2DE9F04104461B68002B33D09A
:10C1400003F108029442F8D3586802449442F4D2AE
:10C1500021F0030341F001019B6921600BB12046EE
:10C160009847164D164C2F46AB8883B9236818465E
:10C17000C3B1D3E90026D3F80880226009F07EFE1F
:10C1800041463046FFF760FFAB88002BEED03846C3
:10C1900000F074FD036823F003039B69002BE3D0D8
:10C1A0009847E1E7BDE8F08140F24A3007F0B6F980
:10C1B0002168CDE703000040580200205002002013
:10C1C0005C0200202DE9F04F904B85B01B78039066
:10C1D000980705D54FF4527007F0A0F98B4B1B78E8
:10C1E0008A498B4A43F002030B70039B14689588BD
:10C1F00013F0020640F0ED806DB104EB850554F8B4
:10C20000040B20F0010310F0010F18BF1868FFF7AE
:10C2100083FFA542F3D17F4C039801F05DF92368B9
:10C22000B3B17D4B1B68B3F82A8000F0A9FE2568E6
:10C23000A0EB080705EB8805002E40F0DA803FB13F
:10C240000024013455F8040BFFF766FFA742F8D12C
:10C25000724A734B16781D683EB10024013455F8BC
:10C26000040BFFF759FFA642F8D16E496E4A0B68DE
:10C27000176801330B606D4B00221A60002F00F02D
:10C28000C180CDE90122904691467B68029A07F170
:10C2900008059B0805EB83061A44B542029248D272
:10C2A0002B6813F001017CD11A0F062A79D0AE4217
:10C2B00040F28780AA4601E0DAF80030002B4FEA0E
:10C2C00013720FDBD90714D4062A12D05C0009D4EC
:10C2D000DB78F92B40F2493001D007F01FF95046C6
:10C2E00000F09EFC5046FFF7CBFD0AEB800A564556
:10C2F000E2D8AAEB05044FEAA40CE0454FEA8C0211
:10C300004FF0FF01284642F0004BB8BFE046E14441
:10C3100006F04AFB042CC5F800B04BDD00236B602F
:10C32000019B002B48D0019B01955D605546AE42B4
:10C33000B6D83F68002FA8D13D4D029B28689A00CF
:10C340004FEA89014FEA880398B1384800684FEAFC
:10C35000590970B10468C4F39906B14506D241E0A9
:10C360000468C4F399042644B1453CD340680028CE
:10C37000F6D12C4C6069C4E9031378B188420DD81A
:10C380000398C00702D52B4809F01CF81F4A137800
:10C3900023F00203137005B0BDE8F08F214841611E
:10C3A000EEE723F001032B602846FFF769FD05EB5C
:10C3B0008005BCE75546BAE71C4B01951D60554604
:10C3C000B5E74FF00043B8F1000F2B60AFDA8846B5
:10C3D000ADE7194808F0F6FF2A462146174808F04D
:10C3E000F1FF09E734464C44A41B00EB84002860AD
:10C3F000BFE73A462946124808F0E4FF002F7FF4D1
:10C400001FAF25E73B463A463946B2E7DA09002036
:10C41000640200208C02002090020020DB09002032
:10C42000840200206C0200205802002088020020B4
:10C43000600200208C2702006C2702007427020093
:10C4400080270200F8B5444D2B6843B119680029D4
:10C450006CD00220FFF7B6FE152007F05FF8002130
:10C46000CF20FEF79BFD4FF480510746CE20FEF70C
:10C4700095FD0646002009F07BFC32460446014645
:10C480003648A61B08F09EFF002F3CD1304609F02D
:10C49000CFFCA6F10801044687614160224630487E
:10C4A00008F090FF626893073AD12E4B2E4F2F4E23
:10C4B000D3E9011010440131C3E90110D31C23F06A
:10C4C000004323F0030343F00043A3603B68E360B1
:10C4D000296804F1080303EB92023B60326079B1F2
:10C4E000A1420DD80A689AB3944203D230E0A34225
:10C4F00003D81A461368002BF9D123601460F8BDE5
:10C5000021602C60F8BD04F5FF447F3424F4FF441F
:10C5100024F07F04A4EB8720002814DC0027B5E773
:10C520004FF4527006F0FAFF6268BEE7CD20FEF7C6
:10C5300035FDA0F54130031F002B8ADD0C4CA0F126
:10C540000C016160AAE7361A09F072FC07469DE704
:10C5500013460A46D1E700BF58020020A827020070
:10C56000C82702006C020020880200206002002020
:10C5700000040320F0B1104B1B68CBB103F108029B
:10C580009042F9D359680A449042F5D250F8043CDD
:10C590005A0F032A10B5044605D040F2493006F080
:10C5A000BDFF54F8043C43F0004344F8043C10BD84
:10C5B00009F064BC704700BF58020020072953DD12
:10C5C000002851D02DE9F04107460020CE1CFFF78E
:10C5D000F9FD264B26F003061D680736043F4FEA97
:10C5E0009608F5B115F0030F40F2513001D12B0F31
:10C5F00001D106F093FF2C68002C40F24B3001DB98
:10C6000006F08CFF7A1B9310C4F39904A4EB080482
:10C61000072BA4EB030401DD072C05DC6D68002D5E
:10C62000E0D10020BDE8F081984426F0C04605EB3B
:10C630008801A40026F0030622F00302686842F095
:10C64000004244F0004446F0C04645F828404860A7
:10C6500005EB8304C5E90021002045F82360FFF7BE
:10C66000B1FD201DBDE8F081002070478802002048
:10C6700050F8043C5A0F032A10B5044605D040F286
:10C68000493006F04BFF54F8043C43F0004344F8B3
:10C69000043C204610BD00BF024A137843F0040357
:10C6A00013707047DA0900202DE9F04F85B0C51CE2
:10C6B000B0F5003F03904FEA950500F389804A4B9F
:10C6C000DFF834815B68C3F30803002B61D198F86D
:10C6D00000301A075DD143F0010388F8003000F004
:10C6E000EDFE10B14368002B79D0DFF810913F4F79
:10C6F0000024D9F800B0BBF1000F51D0002603E0B0
:10C700005E468B4600294BD040F2513014B93A684E
:10C710005A454DD31BF0030F02D15FEA1B7301D1C1
:10C7200006F0FCFEDBF800A0BAF1000F40F24B303F
:10C7300001DB06F0F3FECAF39902521B002ADBF874
:10C740000410DDDB0AD0900040F000404BF82500DB
:10C750000BEB8505012A1CBF69602946002E3BD0E2
:10C7600071600022CBF8002049B14A683AB19307C2
:10C7700001D1130F03D14FF4547006F0CFFE98F897
:10C780000020584622F0010288F8002005B0BDE8DC
:10C79000F08F40F2923006F0C1FE98F800309AE730
:10C7A00034B1012C08D0152006F0B8FE0134A0E702
:10C7B0000020FFF707FDF9E70D490E48D1E90232E5
:10C7C00009690091039908F0FDFDFFF73BFEEDE7D5
:10C7D000162006F0A3FE72E7C9F80010C1E740F288
:10C7E0004E3006F09BFE80E700ED00E06002002086
:10C7F0006C02002038270200DA090020880200209D
:10C80000033010B520F00304201DFFF74DFFE31D9A
:10C8100023F0804323F0030343F0804340F8043BBC
:10C8200010BD00BF08B538B1FFF7EAFF50F8043C6F
:10C8300043F0005340F8043C08BD00BFF8B5214B5D
:10C840005B68C3F3080306460F46002B34D100F0A3
:10C8500035FE1D4D1D4AF31B9B102B7004461760BF
:10C86000A8B10C20FFF7CCFF50F8043C62680260CE
:10C8700043F00053A26840F8043CE368C0E9012398
:10C88000E0600023A6602B7063602046F8BD18208E
:10C89000FFF7B6FF0E4A50F8043C1268026043F0FE
:10C8A0000053122240F8043C00234261C0E90333E4
:10C8B000044600F00BFEE4E740F2923006F02EFE54
:10C8C000C5E700BF00ED00E0DB0900208402002086
:10C8D0008C02002008B50C4B5B68C3F308030246CA
:10C8E00063B90A4B1B784BB938B1FFF789FF50F891
:10C8F000043C43F0005340F8043C08BD1046BDE83A
:10C90000084009F095BA00BF00ED00E0DA09002008
:10C910001C4B1B689BB370B503F10804A04203D302
:10C920005D682C44A04206D31B68002BF4D1BDE8FF
:10C93000704009F0D3BA044608460D46FFF7CAFF17
:10C9400006469CB196B154F8042C530F032B0FD11B
:10C9500022F0704222F00302AA4228BF2A46214652
:10C96000304604F08FFE2046FFF704FE304670BDCF
:10C9700040F2493006F0D2FD54F8042CE8E709F003
:10C98000ADBA00BF5802002061B1012938B50ADDF7
:10C990004C1E013C0121051DFFF7F6FF631C2846D4
:10C9A000F7D138BD7047044B40F001029988184612
:10C9B000BDE8384000F04AB964020020830702D184
:10C9C00008B1030F00D17047024B02469988184600
:10C9D00000F03CB9640200208207034602D108B18E
:10C9E0001B0F00D17047FFF76BBA00BF4068FFF71D
:10C9F000FBBA00BF0430FFF781BB00BF03460C3019
:10CA00009988FFF721BB00BF4068FFF7EDBA00BF70
:10CA100010B504460430FFF771FB04F10C00BDE8CB
:10CA20001040FFF76BBB00BF50F8043B23F001033D
:10CA3000198804398908FFF707BB00BF0320704736
:10CA400003207047808880000F308008704700BF47
:10CA500002207047052070470349044A0023C1E9BA
:10CA60000033C2E900337047640200205002002006
:10CA700000F0E4BC002801DB00F0DCBC704700BF24
:10CA8000704700BF0023C0E9013370470023C0E9AD
:10CA90000133C0E903337047054B10B41A6884684A
:10CAA00083880146A21A03485DF8044B08F08ABC4B
:10CAB00090020020C428020001464268014808F0A4
:10CAC00081BC00BFDC27020001460289014808F052
:10CAD00079BC00BF74280200F8B5C3888B420546B4
:10CAE0000E4625D29BB33F2B2FDDB3F5007F36DBFF
:10CAF00003F580734FF6FE724FF6FF74934298BFB2
:10CB00001C46B442B8BF3446A00009F091F9EB8846
:10CB10000746F3B9E21A920007EB8300002105F003
:10CB200043FF286809F0AAF92F60EC80AE80F8BDB9
:10CB300082889142FAD20068521A00EB810092007A
:10CB4000002105F031FFAE80F8BD5C00D9E7042478
:10CB5000D7E79A00296804F095FDEB88DAE7034CE3
:10CB600003EB8303A4FB03346408CAE7ABAAAAAAB5
:10CB7000704700BF704700BF0B6823F0010370B51A
:10CB80001B89042B0C46054602D16DB9204670BDA9
:10CB90001048012240F2853108F014FC40F2853043
:10CBA00006F0BCFC002DF1D0E81C8000FFF77CFDF6
:10CBB000064608B1084B0360A368B360AAB2B5800B
:10CBC0009200002106F10C00344605F0EDFE2046EF
:10CBD00070BD00BFB42802002828020038B50269E1
:10CBE0000D4B9A42054609D00C4803224FF462715E
:10CBF00008F0E8FB4FF4627006F090FC2888FFF71D
:10CC000053FD044600B105602A880021043A201D26
:10CC100005F0CAFE204638BD81CA0000B4280200D3
:10CC2000036823F001031B69184700BF036823F062
:10CC300001031B69184700BF036823F00103014685
:10CC40001A88014808F0BEBB0C2802004FF6FE739C
:10CC500099420AD883888B4270B5054616460C4621
:10CC600004D92B6843F8246070BD70470131FFF789
:10CC700033FF2B6843F8246070BD00BF83884BB13D
:10CC8000013B9BB202688380002152F8230042F8E6
:10CC90002310704718467047C38870B54BB33F2BBD
:10CCA0000FDDB3F5007F2CDB03F580744FF6FE72C9
:10CCB000944223D8A4B28C4238BF0C46A34207D377
:10CCC00070BD5C00A4B28C4238BF0C46A342F7D2C0
:10CCD0000546A000FFF794FDEB880646E3B9E21A8B
:10CCE000920006EB8300002105F05EFE2E60EC80D2
:10CCF00070BD042938BF04210C46E7E74FF6FF74E6
:10CD0000E4E7084A03EB8304A2FB0424C4F34F04C2
:10CD10008C4238BF0C46D9E79A00296804F0B2FC6F
:10CD2000EB88DCE7ABAAAAAA30B5C3888B4283B0F4
:10CD300005460C4609D9036843F82120AB889C427C
:10CD400024BF0134AC8003B030BD4FF6FE7399426E
:10CD5000F9D8013189B20192FFF79EFF2B68019A41
:10CD600043F82420EAE700BF38B5C3888B42044665
:10CD70008DB201D2AB4201D9A58038BD2946FFF75B
:10CD80008BFFA58038BD00BF83884BB1013B9BB2B0
:10CD900002688380002152F8230042F82310704774
:10CDA00018467047F8B583888B421DD905684A1C20
:10CDB0008F009342044655F8216005EB070007D821
:10CDC000013B9BB20022A38045F823203046F8BDEA
:10CDD0005A1A02F18042013A391D2944920014F096
:10CDE00044FEA3882568EBE70026EFE783888B42A3
:10CDF0001CD970B50E461546591CC28889B28A42A4
:10CE000004460FD9701C216880009B1B061F9A00E6
:10CE10000844314414F029FEA38822680133955157
:10CE2000A38070BDFFF738FFA388EBE7FFF77CBF57
:10CE300070B505460A48EB88AA88296808F0C2FA46
:10CE4000EB885BB1074E00242B68304653F8241062
:10CE500008F0B8FAEB880134A342F5D870BD00BFE2
:10CE600088280200AC28020010B501460446028959
:10CE7000034808F0A7FA201DBDE81040FFF7D8BF0F
:10CE8000F0270200024A02600022C0E90122704736
:10CE900040290200024A026000224260704700BF3F
:10CEA00010290200034A02600022C0E90122C0E901
:10CEB00003227047E02802002DE9F84306894768FD
:10CEC0000C46002E34D03B6899423AD03B460020B5
:10CED00003E053F8042FA24225D00130B042F8D12C
:10CEE000236820465B6A9847236880461B6A204671
:10CEF0009847043F8146002457F8045F2B68284672
:10CF00005B6A98478045284608D12B681B6A98477A
:10CF100042460146484614F099FD30B10134B4420E
:10CF2000EAD14FF0FF30BDE8F8832046BDE8F88332
:10CF30000B6808465B6A9847236820461B6A984737
:10CF4000EFE70020EFE700BF704700BF10B50446D1
:10CF50000A460448214608F035FA2046BDE810404C
:10CF600006F0DCBAB4280200014B1B681869704750
:10CF700090020020014B1B689869704790020020C6
:10CF8000014B1B68188C704790020020014B1B68F6
:10CF9000D86B7047900200200268F8B544F2102365
:10CFA0009A4200D0FEE741681B4B0A681B4F9A4229
:10CFB0000446396013D0088C194E8000FFF732FC0C
:10CFC0003B6830601A8C0021920005F0EDFC3D6852
:10CFD000144B2A6831689A420E600AD0FEE7124864
:10CFE000103108F0EFF940F29F30BDE8F84006F04C
:10CFF00095BAA3682A699A42F0D100F0FDFA3A681E
:10D000000023146B05F140001A461946A047BDE8FD
:10D01000F84000F00DBA00BF718E3B9290020020E4
:10D020008C020020708E3B92582802000148FFF7C6
:10D03000B3BF00BF401C020048B110F0030207D18B
:10D04000036823F00103D978F92903D0104670470B
:10D05000002070471889A0F10600B0FA80F040095E
:10D06000704700BF70B505460C20FFF71DFB044656
:10D0700020B1154B03600023C0E901333DB1AB077C
:10D0800005D12B6823F00103DA78F92A01D0204674
:10D0900070BD0E4A9342FAD12E89002EF7D0204659
:10D0A000FFF78CFC63899E4203D93146201DFFF7B0
:10D0B000F3FDB20069682681606804F0E3FA204657
:10D0C000FFF78AFC204670BD40290200E0280200DC
:10D0D00038B50D46044608B1830714D040F29B30A2
:10D0E00006F01CFA29462046FFF7E6FE051E08DB7F
:10D0F0002946201DFFF756FE294604F10C00FFF7D4
:10D1000051FE422038BD036823F00103DA78F92A82
:10D11000E4D1024A9342E5D0E0E700BFE0280200F4
:10D1200070B50E46FEF76CF8044630460D46FEF725
:10D1300067F802460B462046294611F077FFBDE806
:10D140007040FDF7BBBD00BF08B5FEF759F811F000
:10D1500013FDBDE80840FDF7B1BD00BF08B5FEF7FF
:10D160004FF811F0C5FCBDE80840FDF7A7BD00BFB2
:10D1700008B5FEF745F811F06DFCBDE80840FDF775
:10D180009DBD00BF08B5FEF73BF8F7F761FDBDE8B0
:10D190000840FDF793BD00BF08B5FEF731F811F068
:10D1A000F3FEBDE80840FDF789BD00BF08B5FEF7F6
:10D1B00027F811F041FEBDE80840FDF77FBD00BF34
:10D1C00008B5FEF71DF812F0E9FABDE80840FDF7D2
:10D1D00075BD00BF2DE9F04187B207F57A66C0F34F
:10D1E000074382B03046002B14BF1C460C4600F0AB
:10D1F0003FFD054618B1284602B0BDE8F08104F0B5
:10D20000F003102B20D0202B1BD0302B1FD040F24E
:10D210002330A84606F082F9384600F00FFD074695
:10D22000182014F0EFFB04F00F043946CDE9004854
:10D23000B2B20123054609F089FE284602B0BDE8D6
:10D24000F0814FF00208E7E74FF00108E4E780467D
:10D25000E2E700BF38B50D464FF0FF31FDF79EFE07
:10D260000446013005D029462046BDE83840FFF786
:10D27000B1BF40F28B3006F051F929462046BDE897
:10D280003840FFF7A7BF00BF2DE9F0418846174699
:10D290001D46064600F0ECFC18B104462046BDE8E9
:10D2A000F08129464046FFF795FF294680463846DB
:10D2B000FFF790FF0546102014F0A4FBB3B2AA8834
:10D2C000B8F8041004460AF07DFF4046002109F03A
:10D2D00069FE2846002109F065FE204601210AF07A
:10D2E00013FF2046BDE8F08170B54FF0FF310446D2
:10D2F0000420FDF753FE4FF0FF3105460520FDF7F2
:10D300004DFE20210646CA20FDF748FE5CB1012CE7
:10D3100015D0022C0DD10346324629460320BDE824
:10D320007040FFF7B1BF01462846BDE87040FFF7E7
:10D3300051BF40F28D3006F0F1F8002070BD01467B
:10D340003046BDE87040FFF745BF00BF007C20219C
:10D35000FFF740BF8088102300F0B8B908B5036814
:10D360009B699847003018BF012008BD08B508F038
:10D370006FFE003018BF012008BD00BF80887047D5
:10D38000054B1A6810B4146B0023A4461A461946BC
:10D390005DF8044B604700BF900200202DE9F04388
:10D3A00085B06C4684E80F0094E80F00BDF8026079
:10D3B000114CBDF8007084E80F0038463146FDF787
:10D3C0003DF904463046FDF783FD94B1DFF82C901B
:10D3D0008046D9F80030E0681D6B00231A464146AC
:10D3E000A847206832463946FDF718F90446002858
:10D3F000EFD105B0BDE8F0831802002090020020B4
:10D4000008B5FFF7E9FABDE8084008F0FFBB00BF28
:10D4100008B5064E054632680023146B19461A46B5
:10D420002846A047142008F077FBF4E7900200207C
:10D4300008F0ECBB08F070BB07F020BD50B110B590
:10D440000446FFF7BBFA2146034A0448BDE81040F2
:10D4500008F056BA704700BF415C010011D40000CB
:10D4600050B110B50446FFF7A9FA2146034A044813
:10D47000BDE8104008F044BA704700BF01D4000076
:10D4800081D3000089B280B208F06CBB064B10B5A6
:10D490001C68FDF779FD04F2FF14204420F4FF70AE
:10D4A00020F0010010BD00BF9002002007F0CEBCAC
:10D4B00008B509F05FFB08BD09F06CBB024B1868AA
:10D4C00000B1006A704700BF84080020014B1B6850
:10D4D00018627047840800202DE9F04FDFF8F890BB
:10D4E000D9F8003087B0002B69D08246002007F0C1
:10D4F000ADFF85000446284608F09AFC039007F02B
:10D50000A5FF844256D1002C40DD039BA3F1040B00
:10D510000AF0020302930BEB050300934FF000089F
:10D520005BF8047F3E6A76B37069FEF7F5FDDDF8BF
:10D5300008A0CDF804B00436D9F8003034689F4212
:10D540002AD03868BD6807F0C5FCD9F80030281A21
:10D550009F420444756807D03868D7F808B007F0D0
:10D56000B9FCABEB00000544BAF1000F04D017E0A2
:10D5700054F8040BFEF7D0FDAC42F9D3B668002E88
:10D58000DAD1DDF804B0009B5B45C9D1039807B040
:10D59000BDE8F04F08F072BC7568BAF1000FEBD02F
:10D5A0002B1B41469B1022460A4807F00BFF08F14F
:10D5B0000108E1E74FF44B7005F0B0FFA3E701204D
:10D5C00008F036FC0590059807B0BDE8F04F08F06C
:10D5D00055BC00BF802902008408002010B500F06F
:10D5E00093FD0446302014F00DFA21460123002259
:10D5F000BDE8104009F04ABB70B5FFF7EFFF00F03F
:10D600001DFE1E4B1B681C8D34BB1D4C1D481E4E41
:10D6100008F04EF804F5807501E0AC420AD054F8E9
:10D62000040F0028F9D003681B68B342F5D098476F
:10D63000AC42F4D100F06CFE4FF0FF310D20FDF74D
:10D64000ADFC00F0FBFA18B1036800211B68984795
:10D65000BDE8704000F0C4BD21464FF02020FEF729
:10D66000ADFF214605460246084807F0ABFE002DF7
:10D67000CBD1142005F052FFC7E700BF9002002075
:10D680007C030020940200203195000070290200E4
:10D6900010B5084C08480BF0B5FC20460AF080FA9B
:10D6A000064A0749204614F0A8F9064B064A1A60B4
:10D6B00010BD00BF940200201802002000000020CE
:10D6C000F97A0100B8020020F02D02002DE9F04F98
:10D6D0008DB016461F4604460D46FCF7AFFF38B125
:10D6E000324629462046FCF7BDFF0DB0BDE8F08F5D
:10D6F0000F2CBFB201D1C02F0ED1282014F082F917
:10D70000A1B2804600971D4BAAB208F0FFFB41462C
:10D710001B480AF02BF950BB002DE1D14FF0FF312F
:10D720002046FCF78BFF07460028D9D0DFF84CB025
:10D73000DFF84CA01FFA84F94FF010083A89CDF8B1
:10D7400000805B46494602A808F0E0FB02A950466B
:10D750000AF0CAF802A808F0F1FB38684FF0FF326F
:10D760002146FCF75BFF07460028E7D1B8E74046B3
:10D7700008F0E4FB404614F03CF9CDE79DD30000EF
:10D780009402002000B585B08AB2012381B26846B8
:10D790000BF018FC05B05DF804FB00BF4FF0FF3143
:10D7A0000148FCF7FFBF00BF8C29020008B50AF052
:10D7B00045FB08BD08B503681B6A9847BDE80840EB
:10D7C0000146014807F0FEBD9429020010B5036828
:10D7D0001B6A0C46984722460146BDE810400148A6
:10D7E00007F0F0BD9C290200014820F0604070471E
:10D7F00000000320F8B530B30E46054619B31C4FA0
:10D800003C6814B90CE0246C54B123689D42FAD1F1
:10D8100063689E42F7D1174807F0D4FD2046F8BD53
:10D82000154807F0CFFD442014F0ECF832460446CA
:10D83000C0E90056294608300CF06CFF3B682364B1
:10D840003C602046F8BD0D4807F0BCFD4FF0FF31AD
:10D850001920FDF7A3FB00F0F1F94FF0FF31054669
:10D860001820FDF79BFB00F0E9F90646C7E700BF6B
:10D87000BC020020C4290200DC290200A829020001
:10D8800008B5FFF7B7FF083008BD00BF2DE9F0412C
:10D89000074682B00C460020114616469846FDF712
:10D8A00005F80546FFF78AF8610089B2334605F1AD
:10D8B0000802CDF8008007F108000CF0F1FE0446E4
:10D8C0002846FFF789F8002C0CBF2846002002B03C
:10D8D000BDE8F08110B582B054680093490089B268
:10D8E0002346083208300CF0A3FE02B010BD00BF82
:10D8F00000207047002070470020704700207047CC
:10D900006FF47D70704700BF6FF47D70704700BF8B
:10D910006FF47D70704700BF38B5094D2C680CB1AD
:10D92000204638BD4FF4867014F06CF8054B044661
:10D93000214640F8043B09F0CBFB2C60204638BD63
:10D94000C0020020002A0200FFF7E6BF08B5FFF77B
:10D95000E3FF002008BD00BFFFF7DEBFFFF7DCBF1D
:10D960002DE9F84F037C384E04465811C00100F1F0
:10D97000824000F50040012703F01F0307FA03F37C
:10D98000836092469AB21B0C42F0804243F04043BF
:10D990008262836234200D4609F0BEF907F04CFA2A
:10D9A0002A4B5A6842F006025A601F62A3F50053E0
:10D9B000AA441A8842F480421A801A8842F400422B
:10D9C0001A80237C95F800B05C09E40104F18244DC
:10D9D00003F01F0305F1010804F500449F40802572
:10D9E000B146A7610220B0471BEA050F03D0032010
:10D9F000B047676102E067610220B0476D1003D055
:10DA00000420EDB2C847ECE7D04508D208F1010583
:10DA1000032098F800B0A846C8478025E1E70B4AE4
:10DA2000536823F006035360A2F50052138823F4D1
:10DA300080431B041B0C13801388C3F30E03138055
:10DA4000BDE8F84F07F0EAB9190000200060004176
:10DA50002DE9F04702EB4207F03782B080463846A6
:10DA600015460E4613F0C7FF3A460021044604F05F
:10DA70009BFF8022114678234FF0000CAC4520DA42
:10DA8000E05C1043E054501004EB030931D016F869
:10DA90000CA011EA0A0F4FEAA2025FFA80FE05D03D
:10DAA00099F800A04EEA0A0E89F800E082BB013323
:10DAB000402249102AD10CF1010CAC454FF08001F5
:10DAC000DEDB00221146404600F0EEFB03681449FD
:10DAD0001B68054698472968002300933A46284664
:10DAE000CD682146A847204602B0BDE8F04713F0B4
:10DAF00080BF16F80C20114203F101030DD04FF046
:10DB0000800E7046402204EB0309C9E7C9B2B5E7AD
:10DB1000801003D101338022CBE72020C2B2C8E7B6
:10DB2000009F24002DE9F04383B00A4600211E46E1
:10DB30000A9F00F0B9FB0024036800940546D3F85F
:10DB40000C80144923460422C0472B6800943146B8
:10DB50003A46DE6828462346B0472B680094DE68C4
:10DB60000C49234628460422B047FF080ED0DFF8B0
:10DB70002890A0462B68CDF80080DE682034002372
:10DB8000042249462846B047BC42F3D303B0BDE85F
:10DB9000F08300BFC4020020080000202DE9F041FE
:10DBA00084B27F2C25DC154E154D335D2868CBB92A
:10DBB000144F397801318900FEF7AAFE286024202D
:10DBC00013F020FF0323E2B204F1640180460DF05C
:10DBD000E3F8397828684A1CD2B240F821803255DF
:10DBE00013463A7003F18043013B50F82300BDE82F
:10DBF000F0814FF4637005F091FCD4E7C802002077
:10DC000048030020DC09002038B54FF0FF310546FD
:10DC1000FDF7C4F90446013004D02046BDE8384081
:10DC2000FFF7BCBF2946044807F0CCFB2046BDE8FF
:10DC30003840FFF7B3BF00BF1C2A0200002804DBF6
:10DC4000FF2802D080B2FFF7A9BF0020704700BFB5
:10DC500008B54FF0FF31FDF7A1F9002806DBFF28DA
:10DC600004D080B2BDE80840FFF798BF002008BD8F
:10DC70000B4B10B403F5807401E0A3420AD053F8B3
:10DC8000042B002AF9D091888142F6D110465DF824
:10DC9000044B7047002210465DF8044B704700BFEC
:10DCA00080030020FFF7D4BF01460020FCF7FEBD33
:10DCB000014B9868704700BF1802002003685B6939
:10DCC000184700BF0368DB68184700BF704700BFF4
:10DCD0000048704716FCFFFF10B5044B036000239B
:10DCE0000446C38007F058FA204610BD342A0200CB
:10DCF00010B5064B036000230446C38007F04CFABE
:10DD0000204613F076FE204610BD00BF342A0200E4
:10DD100010B5044B036000230446C38007F03CFAAF
:10DD2000204610BD342A020010B5064B03600023C4
:10DD30000446C38007F030FA204613F05AFE20460E
:10DD400010BD00BF342A020090F82C3003B9704790
:10DD50002DE9F04706468068036884B01B680021FF
:10DD60009847B068036801211B689847082400257C
:10DD70003069036801219B688D409847002108B1F4
:10DD800045F00105F06803681B689847F068036870
:10DD900001211B689847013CEAD1D6E905376F405D
:10DDA0009F4229D006F11C0506F12C094FF001080D
:10DDB00011E061B940F6020A0123514668460BF0B2
:10DDC00001F951460123002268460BF0FBF8A945F2
:10DDD00004F101040FD035F8022B08FA04F307EA26
:10DDE0000301002AF3D070690342E2D10029EED08A
:10DDF00040F6030AE0E7776104B0BDE8F08700BFB2
:10DE000008B503685B689847003018BF012008BD5B
:10DE100003681B68184700BF70B5036804460D46C9
:10DE20001646DB6C03219847324629462089102389
:10DE3000BDE87040FFF74ABC8B1E70B50D46044626
:10DE40001646032B13D8DFE803F00F0F0202036816
:10DE50000321DB6C2046984732462946208910234F
:10DE6000BDE87040FFF732BC03680221F1E770BDE6
:10DE70002DE9F047A1F1040A04461646D71708F029
:10DE800089FEBAFA8AFA4FEA5A1A8046894609E0A8
:10DE900008F080FEB0EB080261EB09039F4208BF67
:10DEA000964220D3236820465B6898475045054634
:10DEB000EED108F06FFE824609E008F06BFEB0EB91
:10DEC000080261EB09039F4208BF96420BD3236807
:10DED00020465B6898478542EFD008F05BFEA0EBD8
:10DEE0000A00BDE8F0870020BDE8F08731B1036883
:10DEF00001290CBF022100211B6C18470368012176
:10DF00001B6C1847F8B5254D2C680CB12046F8BDA0
:10DF1000302013F077FD0026214B03600446466055
:10DF200007F0CCF81F4B23604FF0FF314720FDF77F
:10DF300035F8FFF783FE4FF0FF31A0604820FDF772
:10DF40002DF8FFF77BFE4FF0FF31E0604920FDF731
:10DF500025F8FFF773FEE288E66126626662A66234
:10DF60004FF47A670368A78042F400520127E280E9
:10DF700039466661A661206184F82C709B689847D9
:10DF8000A068036839461B689847E068036839460B
:10DF90001B6898472C602046F8BD00BF4C0300204A
:10DFA000342A0200542A020070B5A0F21A45072D47
:10DFB00004460E460ED9A4F57A73072B01D900202A
:10DFC00070BDFFF79FFFA4F5777400EB44040120B8
:10DFD000A68070BDFFF796FF0122836902FA05F55E
:10DFE0002B43323C8361E6E7104B10B41C68CCB184
:10DFF00004F11C02002332F8021B884206D00133D0
:10E00000082BF8D100205DF8044B704761695DF87A
:10E01000044B012202FA03F30B420CBF00204FF421
:10E020000070704720465DF8044B70474C03002099
:10E03000F8B54FF0FF3107464820FCF7AFFFFFF778
:10E04000FDFD002428B3FFF75DFF054680680368E7
:10E0500000211B689847A868036801211B6898473E
:10E06000002F16DD26462869036801219B688C4035
:10E0700098470136002108B144F00104E8680368BC
:10E080001B689847E868036801211B689847B742F6
:10E09000E9D12046F8BD00BF10B54FF0FF31482050
:10E0A000FCF77CFFFFF7CAFDA0B1FFF72BFF04468A
:10E0B0000069036800219B689847A06803680021F5
:10E0C0009B689847E068036800219B689847002395
:10E0D00084F82C3010BD00BF03685B6E184700BF8A
:10E0E000026810B4146940F2DC53A4464FF4FA629B
:10E0F0005DF8044B604700BF03681B6E184700BF04
:10E10000704700BF704700BF2DE9F84F3049DFF876
:10E11000CC80304EDA20FCF741FF4FF0FF3107464C
:10E120002C20FCF73BFFD8F800E001280CBF4FF093
:10E13000120C4FF0000C18254FF0010B27FA05F1D7
:10E1400011F0FF0110D08C450ED013290CD01029EE
:10E1500039D00120112304E0994211D016F8323051
:10E160001046421C002BF7D1083D15F1080FE5D1F0
:10E170004FF46770002505F0D1F92846BDE8F88F07
:10E180000BFA00F91EEA090FEED106EBC004D4F831
:10E1900004A0DAF800309B07E6D401F00F010E4826
:10E1A00007F010F9182013F02DFC6278514605464F
:10E1B0000CF070F8D8F8003043EA0903C8F80030D2
:10E1C0002846BDE8F88F00204FF00109DAE700BFCC
:10E1D000001211107C2A02006C2A02005003002059
:10E1E00008B50548FCF784FB044800F095F8BDE845
:10E1F000084013F09ABB00BFA10D0C0005E1000020
:10E2000043F6F07343F6FE721B68591E914211D813
:10E2100013F003000ED1084A196891420BD102F1A4
:10E22000C27202F5D34259680832914203D103F118
:10E230001000704700207047F1109E1E704700BF0D
:10E240002DE9F041144F3C6814B90DE0A46D5CB1A8
:10E250002568A842FAD16568A942F7D1A3689A4215
:10E26000F4D12046BDE8F08105465C2090460E467C
:10E2700013F0C8FB43460446C0E90056C0F80880C6
:10E28000324629460C300DF077FB3B68A3653C60B5
:10E290002046BDE8F08100BF5403002008B55A2095
:10E2A00005F03CF9002008BD08B5FFF7C9FF0C30A8
:10E2B00008BD00BF0C300DF00FBB00BF70B50D46A0
:10E2C00082B014460646A8B17DB105F108016A681E
:10E2D0004CB104F108036468009406F10C000DF0E1
:10E2E000C7F802B070BD2346F6E7002CF9D02A46E5
:10E2F0002946EEE740F2DD3005F010F9E4E700BF13
:10E300000C300DF055B800BF0C3008220DF056B897
:10E31000704700BF00207047014B1860704700BF76
:10E3200058030020024B1B6803B11847704700BF19
:10E330005803002010B50A4C23687BB10821094816
:10E34000984709482368016843B104309847236817
:10E3500023B102210548BDE81040184710BD00BF99
:10E3600058030020CC2A020080040020D82A020092
:10E3700008B503689B699847002814BF4FF40070E4
:10E38000002008BD10B588B06C4684E80F00BDF8C9
:10E390000020A2F57A6292B2012340F6020104A89D
:10E3A0000AF010FE08B010BD10B588B06C4684E8C5
:10E3B0000F00BDF80020A2F57A6292B2012340F668
:10E3C000030104A80AF0FEFD08B010BD10B5034B10
:10E3D0000360044608F018FD204610BDE42A020040
:10E3E00010B5054B0360044608F00EFD204613F0FF
:10E3F00000FB204610BD00BFE42A020010B5034B0D
:10E400000360044608F000FD204610BDE42A020027
:10E4100010B5054B0360044608F0F6FC204613F0E7
:10E42000E8FA204610BD00BFE42A020038B50546D0
:10E43000102013F0E7FA2A68456004460023526969
:10E440000360A36028469047034BA0811A682260AE
:10E450001C60204638BD00BF5C03002010B5044698
:10E46000FFF726F8A368C31A312B01D8A08910BD85
:10E470006368A0601A6818465369984780B2A08103
:10E4800010BD00BF38B504468069FFF7E7FFB4F957
:10E490001C30002BACBFA0F50074C0F50074322115
:10E4A000D820FCF77BFD4FF4FA710546D920FCF724
:10E4B00075FD641B401B640294FBF0F0B0F5007F17
:10E4C000A8BF4FF4007020EAE07038BD10B50446D4
:10E4D0008069FFF7C3FFB4F91C30002BAEBFA0F575
:10E4E0000070C0F500705B42984209DCA27F22B147
:10E4F00003EB4303B0EBA30F05DC0020A07710BDB6
:10E500000120A07710BD012010BD00BF10B504464A
:10E51000081ED8BF04F57A60FFF7AAFB20B1036894
:10E52000BDE810401B6A18472046FFF75DFD002834
:10E5300014BF4FF40070002010BD00BF2DE9F04162
:10E540000B4682B006464FF0FF311846FCF726FD19
:10E55000431C0CD0C0F3074306F57A67002B054631
:10E56000384614BF1C462024FFF782FB10B102B0CE
:10E57000BDE8F081ADB231462846FFF715FD0346F0
:10E580000028F4D1A5F24C46C72E57D904F0F0026A
:10E59000102A7FD0202A00F08380302A00F0828069
:10E5A00040F223301E4604F0B9FF2846FFF746FB31
:10E5B0008046182013F026FA04F00F0405460123C4
:10E5C0004146CDE90046BAB208F0C0FC3A4B2B6098
:10E5D000AC880F2CCBD0394E2820376813F012FAB4
:10E5E0001023214600930122354B804607F08EFC14
:10E5F0003B6838465B6841469847002854D1AD884F
:10E6000034680F2DB3D0282013F0FCF910232946CD
:10E61000009302222B4B064607F078FC2368314614
:10E620005B68204698470028A1D0304607F086FC5A
:10E63000304602B0BDE8F04113F0DBB94FF49671FB
:10E64000D520FCF7ABFC632EC8BFA5F596668046C7
:10E65000C8BFC0F100083046FFF7F0FA1A4B1C683B
:10E6600014B919E02468BCB163689842FAD120203B
:10E6700013F0C8F90026054661680123BAB2CDE956
:10E68000006608F063FC114BAC61A5F81C80AE7706
:10E690002B609DE7012688E7FFF7C8FE0446E6E702
:10E6A000022682E7064680E7404607F047FC4046E0
:10E6B00013F09FF9A3E700BFE42A0200B40800208A
:10E6C000A9E3000085E300005C030020102B02009A
:10E6D000704700BF704700BF704700BF0020704701
:10E6E00000207047704700BF704700BF0020704790
:10E6F00000207047002070470020704700207047BE
:10E70000704700BF38B51A4D2C680CB1204638BD93
:10E710004FF0FF310E20FCF741FCFFF78FFA20B3DA
:10E72000182013F06FF94FF0FF3104460E20FCF76C
:10E7300035FCFFF783FA11220146204608F044FB1E
:10E740002046322108F064F820464FF4597108F051
:10E7500057F82046802108F08BF820464FF460716E
:10E7600008F06CF82C60204638BD2C68CEE700BF5E
:10E770006003002070B586B004460D46FFF7C2FF67
:10E7800030B3034668469A88D988ADF804201A89C0
:10E79000ADF80610ADF8082059899A89DE89ADF8E0
:10E7A0000A10ADF80C20198A5A690A4BADF81010FE
:10E7B00005920093ADF80E6008F000F8BDF8040073
:10E7C0002A4621461023FEF781FF684608F0D8FA52
:10E7D00006B070BDD42E020030B587B0FFF792FFAF
:10E7E00030B3034668469A88DC881989ADF804205E
:10E7F0005A899D89ADF80640ADF80810DC89198A60
:10E80000ADF80A205A690C4BADF80E40ADF8101067
:10E8100005920093ADF80C5007F09CFF041E68466B
:10E82000B8BF033408F0ACFAA410204607B030BDDE
:10E830007F24204607B030BDD42E020070B586B0CC
:10E8400005460C46FFF75EFF18B38288C388ADF813
:10E850000420A10004894289ADF80630ADF80840D3
:10E860008389048AC689ADF80A20ADF80C30426964
:10E870000A4BADF81040012D6C46ADF80E6089B220
:10E8800005920093204606D007F0D8FF204608F0F6
:10E8900077FA06B070BD07F0EBFFF7E7D42E020061
:10E8A00008B5FEF7C3FB002008BD00BF10B5044645
:10E8B00000F0AEF822461023022140F6B930BDE840
:10E8C0001040FEF703BF00BF08B500F0A1F878B113
:10E8D0000AF0ACFA07EE900AFDEEE77A17EE900A1E
:10E8E000772803DC332805DC002008BDFF2008BDA5
:10E8F000342008BD9FED0D7ADFED0D6AF8EEE77A62
:10E9000077EEC77AFDEEE77A17EE903AC3EB032372
:10E9100007EE903AF8EEE77A87EEA67AFDEEC77A30
:10E9200017EE900AFF28A8BFFF2008BD0000504244
:10E930000000884210B5044600F06AF8D8B184F3AC
:10E94000080307EE903A9FED0C7A9FED0C6ADFED1D
:10E950000C6AF8EEE77ABDE8104067EE877A87EE3A
:10E96000867A77EE267AFDEEE77AF8EEE77A17EE0A
:10E97000901A0AF085BA10BD0000884200007F435B
:10E980000000504270B51D4D2C6884B014B1204673
:10E9900004B070BD4FF4267013F034F84FF0FF311F
:10E9A00004461120FCF7FAFAFFF748F94FF0FF315F
:10E9B00006461020FCF7F2FAFFF740F9142302464E
:10E9C00031460093204645F2F0530AF0C7FF0C4A47
:10E9D000019240F6B9360B4A0B4B009204F51071C8
:10E9E0000A4A029604F51B700AF0EEF920460BF075
:10E9F000ADF820462C6004B070BD00BF6403002059
:10EA00000000504200001041000096420000BE424B
:10EA100008B5FFF7B7FF08B100F51B7008BD00BFD0
:10EA200041607047064A136883EA433383EA5343DD
:10EA300083EA431398B2A0F5FF4013607F38704714
:10EA400010000020B1F5007F0846A8BFA1F50070B6
:10EA5000B0F5807FC8BFC0F5007000FB00F240F643
:10EA60003B1303FB02F31B14A3F5A4433A3B02FB45
:10EA700003F34CF6FE0202EB234300FB03F000120B
:10EA8000B1F5007F28BF4042704700BF8901A1F562
:10EA9000FF407F38704700BFB1F5007F07D3C1F555
:10EAA0007F710331C901A1F5FF407F387047C8016C
:10EAB000A0F5FF407F38704710B4036A064A1C78FF
:10EAC0000648662313FB042347F6FF728B42D8BF28
:10EAD00010465DF8044B704704FCFFFF0180FFFF08
:10EAE000836930B403F03F0494421BD00F4D2C686F
:10EAF00084EA443484EA544484EA441402F03F0231
:10EB000004F400431A432C60826143B1084B47F67A
:10EB1000FF70B1F5007F38BF184630BC704718460B
:10EB200030BC704703F40043EFE700BF0C00002047
:10EB30000180FFFF10B4036A0D481B780D4C184488
:10EB4000012310F8100C0240501102F01F0254F87B
:10EB5000200003FA02F2104006D0074847F6FF7281
:10EB6000B1F5007F28BF10465DF8044B704700BF29
:10EB7000542B02004C2B02000180FFFF0020704745
:10EB800038B5114B114DC0F8583103F1280103F18C
:10EB900034020446C0F86011C0F86421056000F535
:10EBA000C2700AF0A1FA04F5C0700AF09DFA084B91
:10EBB000C4F85831002304F5AC70A4F85E3106F0B7
:10EBC000EBFA204638BD00BF683202003C2B020041
:10EBD000342A020038B5124B124DC0F8583103F1F7
:10EBE000280103F134020446C0F86011C0F8642122
:10EBF000056000F5C2700AF077FA04F5C0700AF0FB
:10EC000073FA094BC4F85831002304F5AC70A4F82A
:10EC10005E3106F0C1FA204612F0EBFE204638BD08
:10EC2000683202003C2B0200342A02002DE9F04F2A
:10EC3000D0F85051DFF8BCC04FF0FF374FF0020E54
:10EC40004FF0010B002D4AD02B466FF07F481A7908
:10EC50003AB984681968091B002908DD8845A8BFEE
:10EC600088469B68002BF2D14046BDE8F08F814674
:10EC70004FF0FF3808EB880100EBC10AD9F82C10DF
:10EC800091B3B8F1FF3F05D0DAF81010D9F8106051
:10EC9000B14200D290460132082A09F12809E9D18F
:10ECA00008EB880200EBC2021032D16909B181F889
:10ECB00004E0D3F80C80D36108F1080183F804B0B4
:10ECC00014601162D8F80430D760ACFB0343DB0852
:10ECD00003EB430301EB83035362002DB4D16FF0C8
:10ECE0007F484046BDE8F08F02EB820200EBC20293
:10ECF0001032DAE7ABAAAAAA002A01DD00F002B8B6
:10ED0000012070472DE9F04F2DED028B04468BB0AA
:10ED1000174609900E460592FFF788FFD4F8504138
:10ED2000003418BF0124B842C0F23581059B5D0054
:10ED300000212A46304603F037FE099FA74AF868AB
:10ED4000030282FB0312DB17C3EBA21307930FF03E
:10ED5000A1F802460B460020A1490FF02FFAB31E7E
:10ED60001E4608930FF0F8FB33462B44049308EE3D
:10ED7000100A07F5A87307F1100B0693DBF81C20A7
:10ED8000002A41D0DBF820300599DBF808500C3B15
:10ED90000029CBF8203040F3F3800027CDE902773B
:10EDA000089E0197B8463C46BA46002C53D0DDF881
:10EDB0000C90019BAA0EC5F3094158469847029B47
:10EDC00036F8022F39141F44049B00FB01F002EBBC
:10EDD000A0329E42454404F1FF340AF1010AC844BE
:10EDE0003280E2D1DBE908239A4280F0AA80002C2D
:10EDF00008BF0124CBF80850039BCBF80440CBE9B3
:10EE00000483CBF80C700124069B0BF1280B9B4567
:10EE1000B4D1099A0599936800290B44936014DDD5
:10EE20007048089B049E4FF6010540F2FF7102E016
:10EE30009E42198009D033F9022FB2F5006FF7DA3C
:10EE40008242B8BF1D809E42F5D120460BB0BDEC7A
:10EE5000028BBDE8F08FDBE9083103F10C028A4236
:10EE6000CBF820206DD2D989DF8AB3F91220B3F90B
:10EE700014901C8A187B44F62063994228BF1946D7
:10EE8000BB4228BF3B4640F2FF37BA42A8BF3A46D2
:10EE9000B945A8BFB946142938BF1421142B38BF6F
:10EEA000142322EAE27229EAE979002C47D04EF6CF
:10EEB0006027BC4228BF3C46079F07FB04F4471E5F
:10EEC000042F4CD8DFE807F02F03353238004648CE
:10EED0000190A9EB02094FEA0949240A99FBF4F0D1
:10EEE0000290BAF1000F6BD007EE901AF8EEE77AB5
:10EEF0008B4267EE887A4FEA0247FCEEE77A17EE1C
:10EF0000908A27D007EE903AF8EEE77A67EE887A93
:10EF1000FCEEE77A17EE903AA3EB080393FBF4F3C9
:10EF20000393994645E731480190D2E73048019074
:10EF3000CFE730480190CCE72F480190C9E7079C04
:10EF4000BDE7DBF81C200223137100230124CBF85A
:10EF50001C3059E74FF00009CDF80C9029E7A0F1DB
:10EF60000B07042F09D9DFF89CC0244F1038022862
:10EF700098BFBC46CDF804C0ABE721480190A8E794
:10EF8000DBF824108B42DED24FF00008CDF80C8065
:10EF90004746012430E7099C054602463146204693
:10EFA000FFF7AAFE059B06EB45015A1B2046FFF71B
:10EFB000A3FE012420460BB0BDEC028BBDE8F08F10
:10EFC000DBF80C70781C8FD0DBF814300393DBF87F
:10EFD0000440DBF810809946EBE600BFD34D621089
:10EFE0000000904101F8FFFF8DEA000099EA00005F
:10EFF000E1EA000045EA000025EA000035EB0000E8
:10F00000B9EA00007DEB0000F0B54B6883B007461D
:10F0100063B30E4601A84FF400710AF04DF8019D4C
:10F020002C1D4FF4807221463046FFF76BFE05F52C
:10F030000172238803F5006324F8023BA242F8D151
:10F0400070B1706810B103681B68984701A9384611
:10F050000AF042F801A80AF047F8384603B0F0BDBC
:10F0600086F8540138460AF021F8F3E70AF01EF852
:10F07000384603B0F0BD00BF70B54FF0FF31054614
:10F080001A20FBF78BFFFEF7D9FD90B104464FF035
:10F09000FF311A20FBF782FFC30348BFB5FA85F59D
:10F0A000236848BF6D09294620461B68BDE87040AB
:10F0B000184770BD0020704700207047002070473F
:10F0C000704700BF704700BF704700BF704700BF68
:10F0D000704700BF704700BF704700BF704700BF58
:10F0E00070B5164B0360002582B0044645600220CF
:10F0F000FEF7A4FD04F5AC761323014622460093E7
:10F1000001954AF6444330460AF03EFA4FF0FF308C
:10F11000FFF7E4FF3046A56084F854510AF01AFA6C
:10F120002946E0604FF4A07204F1100003F03CFCAB
:10F130002046C4F8505102B070BD00BF3C2B020005
:10F1400038B5074D2C680CB1204638BD4FF4C4705B
:10F1500012F058FC0446FFF7C3FF2C60204638BD70
:10F16000680300202DE9F0410C460746FFF7E8FF51
:10F1700006462046FDF722FC102012F043FC05460F
:10F18000F0681D4AB168EC6000FB07F082FB0032BA
:10F19000C317C3EBA2130B4400222A712B6005F0A6
:10F1A0004BFED6F85041AC60C6F8505154B910E04F
:10F1B000A368E068AB60FDF70FFC204612F019FC75
:10F1C000AC6834B12379022BF2D02546A468002C18
:10F1D000F8D105F023FE96F854310BB1BDE8F0816B
:10F1E0007068012386F854310028F7D00368BDE821
:10F1F000F0411B68184700BFD34D621038B5FFF7C8
:10F200009FFF054605F018FED5F850410023C5F8CC
:10F210005031EB626B65EB67C5F8A430C5F8CC30B4
:10F22000C5F8F430C5F81C31C5F844314CB1D4E907
:10F230000250FDF7D1FB204612F0DBFB2C46002DDF
:10F24000F5D1BDE8384005F0E9BD00BF70B50C460A
:10F2500015460646FFF774FF00218C42C5604160E9
:10F2600005DD22463146BDE87040FFF74BBD012069
:10F2700070BD00BF10B50446FFF762FF2046FFF7E0
:10F280002DFF10BD704700BF704700BF024B1B68C9
:10F2900003EB4000704700BF90020020704700BFA2
:10F2A000704700BF704700BF704700BF0B689842AF
:10F2B00021D10B6998421EDC8B6998421BDA002829
:10F2C00030B408DB4B681468A3425468B8BF1360BD
:10F2D000A342C8BF53600B6B002B05DD4A688D6AE3
:10F2E0000C6A2A444A601B1B4A6A013013440860B6
:10F2F0000B6330BC704770470B6898422DD1F0B457
:10F300004B684F69BB4226DB8C69A04223DA0C6B49
:10F31000D1F820C00BE0CD6A4E6A05443444A842BF
:10F320000D60644403F1FF3313D1BB4211DB0028AD
:10F3300007DB15689D425568C8BF13609D42B8BF82
:10F340005360002CE7DC0D68A842644403F1FF33EE
:10F35000EBD00C634B60F0BC704770470B68984271
:10F360002DD1F0B44B684F69BB4226DC8C69A042BA
:10F3700023DA0C6BD1F820C00BE0CD6A4E6A05444D
:10F38000A41BA8420D60644403F1010313D1BB42E6
:10F3900011DC002807DB15689D425568C8BF136063
:10F3A0009D42B8BF5360002CE7DC0D68A84264445E
:10F3B00003F10103EBD00C634B60F0BC7047704766
:10F3C0004268014693890248528905F0FBBF00BF9D
:10F3D000842B020043685889884207DD002A05DB38
:10F3E00098898242ACBF00200120704700207047FE
:10F3F00070B506464068457A012D82B000F11004D0
:10F400000ED0042D27D183899B001F335B119B00F5
:10F4100001FB0344C2B9207800F00F0002B070BDB8
:10F4200083890733DB1001FB03440AB104EBE204D8
:10F430000123217802F0070203FA02F20A4214BF04
:10F440001846002002B070BD5310E05CD307E3D52E
:10F45000001102B070BD40F23530CDE9001204F069
:10F460005DF800997368019A5B7A641A32B1012BD6
:10F47000DCD0042BE8D0002002B070BD042BCAD031
:10F48000012BF8D1D4E700BF70B50446FFF7A2FF07
:10F4900000B970BD2046BDE87040FFF7A9BF00BFAE
:10F4A00070B506464068447A012C84B000F110051E
:10F4B00013D0042C29D1808980001F304011800096
:10F4C00001FB00519ABB91F9000020F00F0003F0FE
:10F4D0000F0303430B7004B070BD80890730C01068
:10F4E00001FB00510AB101EBE201012002F0070229
:10F4F00000FA02F2087823B920EA0200087004B08A
:10F5000070BD1043087004B070BD40F23530CDE9D5
:10F510000223019104F002F8DDE9022301997068E9
:10F52000691A407A82B10128DDD00428D3D101EBD9
:10F530006201D20791F90000C7D500F00F0040EA40
:10F5400003130B7004B070BD0428BCD00128CCD0CC
:10F5500004B070BD2DE9F84F0A9FBF1A48BF7F4223
:10F56000A3EB01094CBF4FF0FF3B4FF0010B7F00B5
:10F570008B42A7EB09050C469846164682464FEA91
:10F5800049090EDB324621460B9B50460134FFF7FA
:10F5900087FF002DC4BFA5EB09055E44A0453D448F
:10F5A000F0DABDE8F88F00BF2DE9F84FDDF82880CC
:10F5B0005B1A48BF5B42A8EB02094CBF4FF0FF3B10
:10F5C0004FF0010B5F009045A7EB090514460E466E
:10F5D00082464FEA49090EDB224631460B9B5046D4
:10F5E0000134FFF75DFF002DC4BFA5EB09055E44A4
:10F5F000A0453D44F0DABDE8F88F00BFD0E9013204
:10F60000013282609A0701D11A0F08D110B5044661
:10F61000596803F10800FBF749F9606010BD7047B5
:10F6200030B445680B68688923EAE374431EA3423B
:10F63000A8BF23460B60AB891168013B21EAE17149
:10F640008B42A8BF0B46136030BC704738B5FBF740
:10F650002DF90546FDF7B2F90C20FDF725F8044613
:10F6600028B10A4A456000230260836025B128461C
:10F67000FDF7B2F9204638BD40F2353003F04EFFB9
:10F680002846FDF7A9F9204638BD00BFA02B02008F
:10F69000B0F5FA6F24D8B1F5FA6F21D8012A70B508
:10F6A00018D0042A1ED18B001F335C11830003FB8A
:10F6B00004F308330D460446194600201646FFF7AA
:10F6C000C5FF4368872100225E725C819D811972AB
:10F6D000DA8170BDCB1DDB1000FB03F30833E9E7D3
:10F6E00000207047002070BD38B14368082B02DD50
:10F6F000027A872A02D0002070477047427A012A96
:10F700000FD0042AF7D18289408992001F3252110A
:10F71000800000FB02F00830181AB0FA80F04009AF
:10F720007047828940890732D21000FB02F008300E
:10F73000F2E700BF48B14268042A04DD037AE12BF6
:10F7400014D0E42B02D0002070477047817A437AAE
:10F750001F2000EB81009B00401103FB00F30833E6
:10F76000181F801AB0FA80F040097047817A437AF6
:10F77000C81DC01003FB00F30833F1E74368588944
:10F78000704700BF43689889704700BF4368587A44
:10F79000A0F10100B0FA80F04009704743689A0771
:10F7A00004D11B0F0CBF01200020704701207047BF
:10F7B0008068003018BF0120704700BF2DE9F0417C
:10F7C0000D1E04DB04461F46FFF704FE08B9BDE822
:10F7D000F08116462046FFF711FF3B463246294688
:10F7E0002046BDE8F041FFF75BBE00BF002901DB0A
:10F7F000FFF74ABE002070474068437A042B00D0D0
:10F80000704743898B42FBD970B4848955685E1A6E
:10F81000A30004FB06F4AC4203F11F034FEA631399
:10F82000A8BF2C469B001030641001FB030112D0CE
:10F83000013C08190A32013911F8013F03F00F03A6
:10F8400002F8023C0B7881424FEA231302F8013C94
:10F8500002F10202F0D170BC704700BF2DE9F04107
:10F8600043685D7A042D01D0BDE8F081B3F80A80C9
:10F870008845F9D9044617469D890E46FFF7BEFE16
:10F8800063685A7A012A03F1100424D0042A26D18D
:10F89000998989001F31491189007B68A8EB060806
:10F8A00005FB08F09842A8BF1846401001FB06412E
:10F8B000DAD007F10A02084412F8023C12F8014CAF
:10F8C00003F00F0343EA041301F8013B814202F104
:10F8D0000202F1D1C8E799890731C910DDE740F28A
:10F8E000353003F01BFE4FF0FF31D6E72DE9F0472E
:10F8F00086B0CDE902210BB10E9D15B906B0BDE869
:10F90000F08745686E89B1420446F7DAAD89AA42AC
:10F91000F4DA01390B440E99013A0A44002BCDE97F
:10F920000432EBDB002AE9DB05AA04A9FFF778FE25
:10F9300002AA03A92046FFF773FE6168DDE904759A
:10F94000DDE902238889013701354607A7EB030764
:10F95000A5EB020505D123B91AB94B899F4200F0E6
:10F96000CA802046FFF74AFE61684B7A012B00F0FF
:10F970009380042B40F0C780B1F80CE00F984FEA59
:10F980008E0E0EF11F0E00F00F06DDE902324FEA77
:10F990006E1E06EB06164FEA8E0E5FFA86FA01F12E
:10F9A0001008B1F80CC04FEA8C0C0CF11F0C4FEA98
:10F9B0006C1C4FEA8C0C02FB0C8C002B40F09880E6
:10F9C000002F07F1FF3106DC98E7042B2FD0013917
:10F9D0004B1CF44492D063685B7A012BF5D1029AF8
:10F9E000002D02F0070203FA02F3F0DDE0460022E8
:10F9F00005E0384388F8000001329542E7DDB3F5B1
:10FA0000807F0BD0DFB25B000F9E98F80000002EC5
:10FA1000EFD120EA070088F80000EDE708F10100C7
:10FA2000AB1A072B80462FDC02230127ECE7029B51
:10FA300013F0010F14BFF0270F27002DC7DDE0469C
:10FA400000200DE0FAB23F0198F8003083EA0A097D
:10FA500002EA090201305340854288F80030B6DDE1
:10FA6000B7F5706FEED108F101022B1A012B904609
:10FA7000A3F1020302DCF0270F22E5E70230854202
:10FA800002F801ABF2DCA2E70832954200F801ABC4
:10FA9000A3F10803C5DC9AE7B1F80CE00EF1070EFC
:10FAA0004FEAEE0EF446DDE9023201F110080CFBDC
:10FAB000028C0F9A42F300065FFA86FA002B3FF49D
:10FAC0007FAF0CEBE30C7BE740F23530CDE9003241
:10FAD00003F024FD019A009BA8EB020CA3B362681B
:10FAE000527A012A4FF0FF3EEBD0042A7FF468AF30
:10FAF0000CEB630C64E785427FF433AF20460F992B
:10FB000000F026F8FAE640F2353003F007FD6168B0
:10FB1000487A012808D1B1F80CC00CF1070C4FEA63
:10FB2000EC0C4FF0FF3EBEE70F9B03F00F0606EB19
:10FB3000061604285FFA86FADDE9023201F11008A0
:10FB4000C2D14FF0FF3E2CE74FF0FF3E38E700BF39
:10FB500030B5054683B00C4619B1436899894A0708
:10FB60002DD12846FFF74AFD69684A7A01F1100352
:10FB70004968012AE4B218BF04F00F04A1F108019A
:10FB80000CBF44F3000404EB04140329E2B20ED9C1
:10FB900098070DD102EB022021F0030400EB004096
:10FBA0001C4443F8040BA342FBD101F0030121B133
:10FBB00019441A7001339942FBD103B030BD0022C1
:10FBC0005B89009101941146FFF790FE03B030BDB0
:10FBD00010B5141482B0CDE9004313B20A1409B26F
:10FBE000FFF784FE02B010BD2DE9F04784B0CDE9E7
:10FBF00000210BB10C9C14B904B0BDE8F087456836
:10FC00006E89B1428246F7DAAE89B242F4DA6D7A91
:10FC1000042DF1D10D9C65680F2DEDDD01390B44EC
:10FC20000C99013A0A44002BCDE90232E4DB002AA8
:10FC3000E2DB03AA02A9FFF7F3FC6A4601A95046DA
:10FC4000FFF7EEFCDDE90223DDE90061013201335B
:10FC50005046A2EB01089E1BFFF7D0FCDAF80470B7
:10FC60000D9A7B7A012B02F1080544D0042B53D165
:10FC7000B7F80CC04FEA8C0C0CF11F0C4FEA6C1C4F
:10FC8000DDE900494FEA8C0C1037634603FB097726
:10FC9000002C61D1B8F1000F08F1FF34ACDD009BFE
:10FCA000002E03F001021FDD3B7838460AB3012223
:10FCB0000EE043780132084603F00F0103F0F00331
:10FCC000695C01F00F010B43964203700CDD0132B9
:10FCD000191103F00F0315F801E0014643EA0E1372
:10FCE000964201F8013BE4DC013C631C6744D6D139
:10FCF00082E70122E0E7B7F80CC0DDE900490CF12A
:10FD0000070C4FEAEC0C1037634603FB0977002C15
:10FD1000C0D007EBE407BDE740F2353003F0FEFB4F
:10FD2000DAF80430DDF804905A7A009C012A03F1D5
:10FD3000100714D0042A1BD040F2353003F0EEFB3C
:10FD4000A7EB09078CB1DAF804305B7A012B4FF08E
:10FD5000FF3CDED0042B9DD107EB64079AE79B891B
:10FD60000733DB104FF0FF3CCFE74FF0FF3C91E74C
:10FD70009B899B001F335B119B004FF0FF3C85E785
:10FD800010B5141482B0CDE9004313B20A1409B2BD
:10FD9000FFF72AFF02B010BD81B108B5406849687D
:10FDA00042684B689A4201D0002008BD08310830F3
:10FDB00011F04CFEB0FA80F0400908BD08467047CB
:10FDC000406841680830FFF741BC00BF2DE9F041B1
:10FDD0000746FFF713FC7B685A892AB300269C89E3
:10FDE000013C002C1CDD00252A4631463846FFF731
:10FDF000FFFA2246804631463846FFF7F9FA2A468E
:10FE0000034631463846FFF74BFB01352246434651
:10FE100031463846013CFFF743FBA542E4DB7B68F3
:10FE20005A8901369642DADBBDE8F081F8B54368BD
:10FE300006465A7A59899889FFF72AFC73685A89C5
:10FE40000746BAB100259A8982B100242246294684
:10FE50003046FFF7CDFA2A46034621463846FFF7DB
:10FE60001FFB73689A8901349442EFDB5A8901358C
:10FE70009542E8DB3846F8BD2DE9F043436899899F
:10FE80007E2983B05ADC81465A7A58894900FFF7A7
:10FE9000FFFBD9F804304268597A5F89012980460E
:10FEA00002F110043FD0042957D19E89B6001F36B5
:10FEB0007611B600517A01293CD0042944D19589A4
:10FEC000AD001F356D11AD00D9F804202848517AD6
:10FED000284A012908BF10460FB303F10F0E4FF057
:10FEE000000905F1FF3C002D14DD7146002311F8D7
:10FEF000012F02F00F026345825C227008BF0134BB
:10FF000005D00A7812110234825C04F8012C023305
:10FF1000AB42ECDB09F10109B945B644E3D14046F7
:10FF200003B0BDE8F0839E89517A073601294FEA74
:10FF3000E606C2D195890735ED10C5E74FF00008F8
:10FF4000404603B0BDE8F08340F2353001934FF0F6
:10FF5000FF3503F0E3FA019BB6E740F23530019339
:10FF60004FF0FF3603F0DAFAD8F80420019BA1E73E
:10FF7000742B0200642B0200F8B543685B7A042BF3
:10FF800000D0F8BD02F00F068E42FAD005460F46AB
:10FF9000FFF734FB6B6817B99A89520721D15A6869
:10FFA000082A03F11001ECD01144340109390F3350
:10FFB00064B213F8010F00F00F02BA4204BF20F040
:10FFC0000F003043B7EB101F03D100F00F002043A8
:10FFD000C0B299421870ECD1F8BD9A8901379742A6
:10FFE000CFDA5A89002AF8D0002404E06B685A89D5
:10FFF00001349442F1DA3A4621462846FFF7F8F9EF
:020000040001F9
:100000000028F3D133463A4621462846FFF748FAFE
:10001000ECE700BF2DE9F0411C4684B08C42074656
:10002000DDE90A5306DB8BE02E46204615460C46DA
:1000300032460146A142F7DBB2EB0508A1EB04060C
:1000400010D1002E6CD04FF0010C0B932A4606EB1A
:100050000C0321463846CDF828C004B0BDE8F04175
:10006000FFF744BC7EB9B8F1000F64DD08F101026E
:10007000CDE90A232A4621463846012304B0BDE8CB
:10008000F041FFF733BC002952DBD7F804C0BCF8BD
:100090000A00A0424CDD002C05DA04FB08F494FBB6
:1000A000F6F42D1B0024884207DC0138411A08FBB6
:1000B00001FE01469EFBF6F002449542BCF80C009E
:1000C00045DB824234DA002D32DB002A05DA06FBFA
:1000D00002F292FBF8F2891A0022854207DB01380E
:1000E000451B06FB05FC05469CFBF8F0044438461E
:1000F000CDE902230191FFF781FAB8F1000FDDE9A4
:100100000112039B3ADB4645CDE90A2338460B46EC
:100110002A4621463CDC04B0BDE8F041FFF744BA72
:100120002A462146384604B0BDE8F041FFF746BBF9
:1001300004B0BDE8F081C8F10101CDE90A139AE7E6
:10014000164608462A4621463546044674E7854247
:10015000EEDA002AECDB002D05DA06FB05F595FB4F
:10016000F8F5641B00258242C1DB0138821A06FBC8
:1001700002FC02469CFBF8F00144B8E7C8F1000815
:1001800046450B9309DD0A920B462A46214638461E
:1001900004B0BDE8F041FFF7DDB90A9523463846C3
:1001A000B9E700BF10B5141482B0CDE9004313B213
:1001B0000A1409B2FFF72EFF02B010BDF8B50F1EEA
:1001C00016DB144600221E460546FFF703F978B1F8
:1001D000069B002B0CDB002219462846FFF7FAF895
:1001E00030B1079B002B03DD6B685A7A042A00D0DC
:1001F000F8BD7268517A0429FAD19889558981002D
:100200001F3149111033890007FB0137079B1E1965
:100210008642A8BF0646002C4FEA054595FBF3F53C
:100220002FDB01D007EB64070021938906989B0020
:100230001F335B119B00A64200FB03F302F1100287
:10024000D6DD02EB030C4B14CA031CF803304CBF81
:100250001A1103F00F0297F9003014F0010F03F0A8
:100260000F0004BF23F00F03134340EA021004F110
:10027000010414BF07F8010B3B70B4422944E2D1DA
:10028000F8BD05FB04F149420024CEE730B51D144A
:1002900083B01CB2CDE9004513460A1409B2FFF73A
:1002A0008DFF03B030BD00BF2DE9F04F8BB09146FC
:1002B00001901089059108B153681868FBF732F86E
:1002C000B9F80830012B88BFD9F8043004468CBF38
:1002D00058680020FBF726F8B9F80830022B88BFD1
:1002E000D9F8043080468CBF98680020FBF71AF8D4
:1002F000B9F80830032B88BFD9F8043007468CBF03
:10030000D8680020FBF70EF8B9F80830042B88BF36
:10031000D9F8043082468CBF18690020FBF702F838
:10032000B9F80830052B88BFD9F8043005468CBFD2
:1003300058690020FAF7F6FFB9F80830062B88BF95
:10034000D9F8043083468CBF98690020FAF7EAFF99
:10035000B9F80830072B064640F2B980D9F80430C6
:10036000D869FAF7DFFFB9F80820D9F80410082A8D
:10037000034640F2BE80086A422800F0BE800A2888
:1003800040F0CB8000200290092A09D9486A42280F
:1003900000F0C0800A2803D010B1062840F0B080D9
:1003A0004FF00009059A0199526848685189B0F8E0
:1003B0000AC0B0F80CE0928930042E448E42A8BFE7
:1003C0000E4603EB0B019142A8BF11461B0493FBA1
:1003D000FAF306930B4690FBF7F004EAE471274426
:1003E0001B04C2446745089301FB00F30090A8BFBB
:1003F0006746C3EB0540F245069B08EAE872A8BFD2
:10040000F246CDF81CA002FB03FA631ACAEB0B4AB2
:10041000049320EAE07336040993A8EB02082AEA61
:10042000EA7AB9F1000F60D0079B984549DA089B3A
:10043000534546DDDDF814B0CDF80CA0039B4FEA20
:10044000234A049BBB422FDA099CA6422CDD52466C
:100450004B46C246B146049D1E4690460AE000281F
:1004600037D1029B8BB10135009BBD421C4417D094
:10047000A14515DD424621145846FEF7B9FF002E6E
:10048000EDD1029B0BB10028EDD003462946524620
:100490000198FFF705F80135009BBD421C44E7D1E8
:1004A0003346D0464E469946039B069A134403931F
:1004B000079B08F10108984503D0089B039A9342D3
:1004C000BCDC4FF0000948460BB0BDE8F08F0020BF
:1004D00047E7524629460198FEF78AFF0028C2D016
:1004E000B14648460BB0BDE8F08F0198FFF786F89B
:1004F0009AE700220292914654E70120029043E7D6
:100500000093FBF737FA10F1000918BF4FF001090B
:10051000009B47E74FF0010944E700283FF433AF61
:1005200006283FF42FAF0093FBF724FA031C18BFF3
:1005300001230293D9F80410B9F80820009B23E79F
:100540002DE9F04F054610899DB01646894608B141
:1005500053681868FAF7E6FE3389012B88BF736881
:1005600004468CBF58680020FAF7DCFE6B685A8995
:100570009442074602DA9B89984202DB1DB0BDE82F
:10058000F08F02233246494611A8F4F771F8119B07
:100590000793002BF2DDDDF84880B8F1000FEDDDA8
:1005A000159B00931A46179B9B1A14EB2343E5D423
:1005B000169E189B9B1B17EB2343DFD4139B0693BC
:1005C000149B0193199B029328461A9B0B93FFF7E8
:1005D00015F89DF86C30002B73D00B9B002BCDDDF4
:1005E0004246D317CDE90E23CDE908470C95DFF835
:1005F000ACA1029D0A964FF0000B002D5BDD0B9B1A
:10060000A3F58030A0EB0B00C317190441EA104199
:10061000DDE90E2300040DF0EFFF069B8BFB0323A7
:100620004FEA124848EA0348079B1946DA17CDE912
:10063000041207140024A5F58036301BC3171904D3
:1006400041EA1041DDE9042300040DF0D5FF011457
:100650003A4648462BD4FEF717FF04EB0801019BEE
:1006600001EA0A0181FB03234FEA124C4CEA034CD6
:10067000DC44069B0CEA0A0C8CFB0323CDE9022325
:10068000039B120C42EA03420A9B1144ACEB0302A7
:10069000009B01EA0A01C91A0346099800EB2242AD
:1006A000089800EB214113B10C98FFF787F804F587
:1006B0008034A542C1DC0B9B0BF5803B5B459CDC89
:1006C0005CE70B9A002A7FF759AF42469A46D31748
:1006D000CDE90C23CDE908760A95DFF8C0B0029D7C
:1006E000DDF818800694002D51DD5246D317190409
:1006F00041EA1A41DDE90C234FEA0A400DF07CFF84
:100700008AFB0823170C47EA0347079B1946DA17A9
:10071000CDE9041206140024E317190441EA144138
:10072000DDE9042320040DF067FF0114324648463A
:1007300029D4FEF7A9FEE119019B01EA0B0181FB17
:1007400003234FEA124C4CEA034CD4440CEA0B0C42
:100750008CFB0823CDE90223039B120C42EA0342DF
:10076000099B1144ACEB0302009B01EA0B01C91A7F
:100770000346089800EB2242069800EB214113B192
:100780000A98FFF71BF804F58034A542C4DC0B9BE4
:100790000AF5803A5345A6DCF0E600BF0000FFFFF3
:1007A0002DE9F04F064610899DB014460D4608B15C
:1007B00053681868FAF7B6FD2389012B88BF636870
:1007C00082468CBF58680020FAF7ACFD73685A89DE
:1007D0009245834602DA9B89984203DB00201DB0D4
:1007E000BDE8F08F02232246294611A8F3F740FF07
:1007F000119B0C93002BF1DD129B002BEEDD159A63
:1008000000921146179A521A1AEB2242E6D4169A0F
:1008100006921146189A521A1BEB2242DED4139903
:10082000079114990191DDE919919DF86C200D91C2
:10083000002A77D00029D1DD1846D917CDE90E015D
:100840000022DFF8C4810A96CDE908AB9246B9F1DF
:10085000000F61DD0D9BA3F58030A0EB0A00C317EC
:10086000190441EA1041DDE90E2300040DF0C4FE35
:10087000079B8AFB03234FEA124B4BEA034B0C9B6B
:100880001946DA170714CDE904120024A9F58036B9
:1008900003E004F58034A1453EDD301BC317190485
:1008A00041EA1041DDE9042300040DF0A5FE011426
:1008B0003A462846EDD4FEF7E7FD04EB0B03019A18
:1008C00003EA080383FB02124FEA114C4CEA024C84
:1008D000D444079A0CEA080C8CFB0212CDE90212F0
:1008E000039A090C41EA02411944009B01EA0801FC
:1008F000C91A0028CDD0069B0A98ACEB0302099BCD
:1009000003EB2242089B13EB2141C2D4FEF7BCFD4E
:100910000028BED0012062E70D9B0AF5803A5345BE
:1009200095DC5BE70D9900297FF758AF1046194613
:10093000DA17CDE90A12DFF8D080CDE908ABDDF88F
:100940001CB007960646B9F1000F56DDF3171904DF
:1009500041EA1641DDE90A2330040DF04DFE86FB25
:100960000B234FEA124A4AEA034A0C9B1946DA174C
:100970000714CDE90412002403E004F58034A145F6
:100980003BDDE317190441EA1441DDE904232004A7
:100990000DF032FE01143A462846EED4FEF774FDFF
:1009A00004EB0A03019A03EA080383FB02124FEAED
:1009B000114C4CEA024CB4440CEA080C8CFB0B12B0
:1009C000CDE90212039A090C41EA02411944009B45
:1009D00001EA0801C91A0028CFD0069BACEB03023C
:1009E000099B03EB2242DDE9070313EB2141C4D449
:1009F000FEF74AFD0028C0D08CE70D9B06F5803637
:100A0000B342A0DCEAE600BF0000FFFF2DE9F04F93
:100A1000B7B01646009010898A4608B15368186826
:100A2000FAF780FC3389012B88BF736880468CBF3E
:100A300058680020FAF776FC0223074632460099F0
:100A400020A8F3F715FE209C002C15DD219D002D1C
:100A500012DD249A269B0F924FEA08419B1A8B4283
:100A600001910B9308DD259A279B119239049B1A5B
:100A70008B420491109303DC002037B0BDE8F08F67
:100A80003246229E0E96239E1296289E1596299EE9
:100A90001E9605239DF8A860139651462BA8F3F7E0
:100AA000E7FD2B9B002BE7DD2C990029E4DD2F9A35
:100AB00006921046319A121A0198C242DCD4309A3A
:100AC00007921046329A121A0498C242D4D42D9832
:100AD00005902E980A90DDE933B09DF8D42014904B
:100AE000002A00F0E8800028C6DD00220E46CF175D
:100AF0000C921946DA17CDE90212EB172A46CDE916
:100B00001A232246E317CDE91C67CDE91623CDF859
:100B10007CA0BBF1000F40F3AF80149B0C9C7F4E78
:100B2000A3F58030001BC317190441EA1041DDE929
:100B30001C2300040DF060FD059BDDF87C8083FB29
:100B40000423110C41EA03434FEA204A00250BEB32
:100B50000607994614E0159BA3F58030401AC31789
:100B6000190441EA1041DDE9162300040DF044FDAB
:100B70000314089340F1898005F58035AB457BDD92
:100B8000781BC317190441EA1041DDE90223000470
:100B90000DF032FD0114EFD452464046FEF774FCCE
:100BA0000028E9D00A9A05EB0903334082FB0301D0
:100BB000040C0C9A44EA01441444059904EA060220
:100BC00081FB0201CDE908010999000C40EA0140CE
:100BD0000344049907980C1A019906983340091A9E
:100BE0005B181444C8D4002CC6DB0B9A9A42C3DDB0
:100BF000109AA242C0DD119A14440E9A84FB02019D
:100C0000020C42EA01420F999B1A5918129B31407B
:100C100081FB0323100C40EA0340241A0E9A34404F
:100C200084FB0223100C40EA03402246E317CDE97F
:100C30000823139B091A3140002B8CD1CB171B04BE
:100C400043EA11410020DDE916230DF0D5FC031421
:100C5000189391D4099A110441EA1441DDE91A2349
:100C600000200DF0C9FC189902140098FEF70CFC46
:100C7000002881D0012000E70C9B149A03F58033F3
:100C800093420C93FFF645AFF6E61E9AA2F580302C
:100C9000001BC317190441EA1041DDE91A230004BF
:100CA0000DF0AAFC089902140098FEF7EDFB00284D
:100CB0003FF462AFDEE7149A002A7FF7DDAEDA1761
:100CC00088464FEAE1791946CDE90212EB172A4628
:100CD000CDE918232246E317CDE91A89CDE90C2383
:100CE0000027CDF870A0BBF1000F40F3A780FB17E1
:100CF000190441EA1741DDE91A2338040DF07CFCA0
:100D0000059B064EDDF8708087FB0323110C41EA3A
:100D100003434FEA204A0025994616E00000FFFFF2
:100D2000159BA3F58030401AC317190441EA1041FE
:100D3000DDE90C2300040DF05FFC0314089340F17F
:100D4000848005F58035AB4578DDEB17190441EA61
:100D50001541DDE9022328040DF04EFC0114F0D406
:100D600052464046FEF790FB0028EAD00A9A05EB6F
:100D70000903334083FB0201040C44EA01443C4470
:100D8000059904EA060282FB0101CDE908010999EF
:100D9000000C40EA01400344049907980C1A019999
:100DA00006983340091A5B181444CAD4002CC8DBD7
:100DB0000B9A9A42C5DD109AA242C2DD119A1444E0
:100DC0000E9A84FB0201020C42EA01420F999B1A1F
:100DD0005918129B314081FB0323100C40EA034059
:100DE000241A0E9A344084FB0223100C40EA03407C
:100DF0002246E317CDE90823139B091A3140002B43
:100E00008ED1CB171B0443EA11410020DDE90C23EE
:100E10000DF0F2FB0314169393D4099A110441EADE
:100E20001441DDE9182300200DF0E6FB16990214A9
:100E30000098FEF729FB002883D01BE7149B07F5D9
:100E400080379F42FFF64FAF16E61E9AA2F580301C
:100E5000001BC317190441EA1041DDE918230004FF
:100E60000DF0CAFB089902140098FEF70DFB00284C
:100E70003FF467AFFEE600BFFFF716BA2DE9F04F6B
:100E800089B05C000594C4F1010403945C1E53D442
:100E9000012306928B46824607930493002507E0C0
:100EA000049A013C02321344A5420492039343DCAA
:100EB000069E129B4FEA4509A6EB050809F10109B8
:100EC000CDE90093424601230BEB04015046FEF7A7
:100ED0000DFD6700129B0137361BCDE900733246CA
:100EE00001230BEB05015046FEF700FD129B019319
:100EF00042460123ABEB04015046CDF80090FEF7CB
:100F0000F5FC129B0193324601230097ABEB0501E0
:100F10005046FEF7EBFC039B059A002BA3EB020364
:100F2000BEDC039A079B114601351944A54203F123
:100F3000020303910793BBDD09B0BDE8F08F00BF4A
:100F400010B582B00C46009309B213462214FFF785
:100F500095FF02B010BD00BF70B4BDF90C50036125
:100F6000AC1A84EAE4765B1AA6EBE476B342C0E9F5
:100F700002124260036201604FEA4302446245612B
:100F800011DD002CB8BF64424FEA4404ACBF01211C
:100F90004FF0FF31E31A81620021C0E908240363A6
:100FA000416370BC70470123002C04FA03F1C36253
:100FB000B2BFA418141B02230463C0E908214363D1
:100FC00070BC7047F0B505464068467A85B0012E82
:100FD0009DF8287000F110042ED0042E3BD180899A
:100FE00080001F304011800001FB0041002A45D1E4
:100FF0000F25002B1EDD00240AE0E8B22D010A783F
:1010000082EA0706304001344240A3420A7011DDF3
:10101000B5F5706FF1D1481C1A1B012A0146A2F1E7
:10102000020202DCF0250F20E9E70234A34200F8B7
:10103000017BF2DC05B0F0BD80890730C01001FBF8
:101040000041002AD4D001EBE20112F0010F14BFDD
:10105000F0250F25CDE740F23530CDE9022301918F
:1010600002F05CFADDE902230199611A002ABFD07F
:101070006868407A0128E6D00428E6D101EB6201D5
:10108000E3E700BF2DE9F04FB9B08B4204919846D9
:101090000746439C80F2DE80A142084640F3EB8085
:1010A000444506DB2146449B429844904446429383
:1010B0008846449BDDF808C1BDF910B015B21EB2D8
:1010C00024B20FFA8CF90FFA88FA214632460095BD
:1010D0005B460EA8FFF740FF324621465346CDF847
:1010E00000901CA8FFF738FF4A46514600955B4622
:1010F0002AA8FFF731FF634A379B7D68299C07CAFE
:101100000BAE86E8070038A91B9A6E89AD89319528
:1011100001EB830301EB820201EB840453F8B43C3E
:10112000059338464FF0FF3352F8B49C54F8B4ACF2
:10113000309622961496CDE9095323951595FEF71E
:101140005DFA7B681E9C5A7A459B012ADBB216BF6A
:1011500003F00F0343F3000303EB0313DBB203932A
:10116000731E9845A8BF98464445079309AE2EDCE8
:101170004FF0FF3B05EB0B030693029720463246E8
:101180000EA9CDE9095BC84720461CA93246D047C5
:10119000002C2146029804F1010415DB099AAA42A9
:1011A00012DA0A9B002B0FDB002ABCBF0022099237
:1011B000AB42A8BF069B039FA8BF0A93C2F1010CD4
:1011C00000976344FFF7FEFE4445D7DD029F2C984D
:1011D000059B32462AA99847049A07992C9C8A4273
:1011E000A8BF0A4601349442904630DC4FF0FF3AE3
:1011F00005EB0A0BCDF810B0DDF814B002972046CD
:1012000032460EA9CDE9095AC84720462AA93246D6
:10121000D847002C2146029804F1010415DB099AF5
:10122000AA4212DA0A9B002B0FDB002ABCBF002265
:101230000992AB42A8BF049B039FA8BF0A93C2F1C7
:10124000010C00976344FFF7BDFE4445D7DD39B07C
:10125000BDE8F08FA34207DD049BCDF81080114656
:101260009846429A42911BE7449B449221461A4673
:10127000049C04911DE7449B44922146049104463A
:101280001A460DE7582B02002DE9F04FC7B01D4656
:101290001EB20B46079112B209B2AB420EAB8246A8
:1012A000519CDDF84C91BDF9408102920391049369
:1012B00080F2E2801846CDF800803346FFF74CFEFE
:1012C000529BA5421FB20FFA84FB1CAB80F2CA806E
:1012D000069318460097424631465B46FFF73CFEB0
:1012E000549B4C451EB20FFA89F82AAB80F2B180AC
:1012F0000593184600963A4659464346FFF72CFE9A
:10130000079B4B450DF1E00B80F29A800096434617
:10131000DDE902215846FFF71FFE5C4ADAF8043087
:10132000379F07CA0BAE86E807001B9845995A8974
:101330009E893F960DF58C7C0CEB800E29983E9291
:101340004C4523460CEB800CB8BF4B4646A8AB423D
:1013500000EB870700EB810107983092B8BF2B465E
:101360004C45A8BF4C46834202F1FF38B8BF034644
:10137000A542A8BF25469845A8BF9846079B5EF89A
:10138000EC4C02949D42A8BF1D465CF8EC4C0394C3
:101390004FF0FF33504657F8EC9C229214920A9378
:1013A00051F8EC7C3196239615960996FEF726F9AE
:1013B000DAF804305A7A559B012ADBB216BF03F0E3
:1013C0000F0343F3000303EB0313DBB245451C4655
:1013D00033DC731E07934FF0FF3328460A9309AAA4
:1013E0000499029B099698472846039B069909AAE7
:1013F0009847284609AA0599C8472846594609AA80
:10140000B847002D2946504605F1010513DB099A1E
:10141000B24210DA0A9B002B0DDB002ABCBF00226F
:101420000992B342A4BF079B0A93C2F1010C009436
:101430006344FFF7C7FD4545CDDD47B0BDE8F08FFC
:10144000029B00933246039B41465846FFF784FDBA
:1014500063E71846059300975B4632464146FFF71F
:101460007BFD4DE718460693CDF8008033463A469B
:101470005946FFF771FD33E7029A0092184642463B
:10148000039B3146FFF768FD1AE700BF582B0200A7
:101490002DE9F04F0546088985B00C4608B14B6828
:1014A0001868F9F73FFF2389012B88BF6368064658
:1014B0008CBF58680020F9F735FF2389022B88BFBD
:1014C000636807468CBF98680020F9F72BFF2389D3
:1014D000032B88BF636880468CBFD8680020F9F76B
:1014E00021FF2389042B88BF636881468CBF18695C
:1014F0000020F9F717FF2389052B88BF6368824610
:101500008CBF58690020F9F70DFF2389062B88BF8F
:10151000636883468CBF98690020F9F703FFCDE923
:10152000009ACDE902B043463A4631462846FFF7D5
:10153000A9FD05B0BDE8F08F2DE9F04F04460889FC
:1015400089B0884608B14B681868F9F7EBFEB8F81F
:101550000830012B88BFD8F8043005468CBF586886
:101560000020F9F7DFFEB8F80830022B88BFD8F862
:10157000043006468CBF98680020F9F7D3FEB8F80F
:101580000830032B88BFD8F8043007468CBFD868D2
:101590000020F9F7C7FEB8F808300690042B8ABF80
:1015A000D8F8043000201869F9F7BCFEB8F8083004
:1015B000052B88BFD8F8043081468CBF58690020BD
:1015C000F9F7B0FEB8F80830062B88BFD8F8043019
:1015D00082468CBF98690020F9F7A4FEB8F808305D
:1015E000072B88BFD8F8043083468CBFD869002009
:1015F000F9F798FEB8F80820082A88BFD8F8042020
:10160000034688BF106A079398BF0020F9F78AFE47
:10161000079BCDF80490CDE90430069B0093CDE9FB
:1016200002AB3B46324629462046FFF72DFE09B065
:10163000BDE8F08F10B50422FEF72AF80446D8B1B1
:1016400043685A68083A032A03F110030BD913F0D0
:10165000030009D122F00301194443F8040B8B4223
:10166000FBD102F003022AB11A44002119700133A0
:101670009342FBD1204610BD40F2913001F04EFF65
:10168000204610BD032A70B40FD940EA01039B071E
:1016900010D003461A440C78E4B21C700133934214
:1016A00001F10101F7D170BC70470346002AF1D166
:1016B00070BC704722F00303CE18041F51F8045B7E
:1016C00044F8045FB142F9D102F003020344002A56
:1016D000E0D1EDE770B54A68436855895E89AE424E
:1016E00000D070BD96899D89AE42FAD1527A5B7A5C
:1016F0009A42F6D10D460446FDF780FF696860689E
:101700004A681030083A1031BDE87040FFF7BABFA0
:101710002DE9F04FD1F804C0BCF80A5005EB0209DE
:10172000B9F1000F8BB058DD4468B4F80AB05A45DF
:10173000074652DABCF80C001E18002E03964CDD4A
:10174000B4F80C80434548DA002BC0F2C880A8EBFF
:10175000030E86457646A8BF06460696667A02962A
:10176000149E9CF809A016F1020F02D1002A00F085
:101770009980BAF1010F00F03281BAF1040F40F004
:101780001C8680001F3040118000049002980128C0
:1017900000F01981042840F02186B4F80CC0486894
:1017A0004FEA8C0C0CF11F0C4FEA6C1C4FEA8C06B4
:1017B000103001961034059043B17868407A0128C2
:1017C00000F08A80042801D104EB63040298042805
:1017D00000F08A800299012903D000200BB0BDE8F7
:1017E000F08FBAF1010FF8D17968487AB1F80CA0FE
:1017F00001F11008A8EB040101280AF1FF3A069153
:1018000000F0CC85042840F01786BAF1000F40F0B4
:10181000268606990791002DDFD003990198059E31
:10182000CDF8089003F0070A5144089100FB0244E8
:10183000A1F10808059307E0049B1E44019B1C448A
:10184000029B01329A42C8D05A45F5D2069B059FA9
:1018500003EB040E079B4745B446254603EB0409FA
:1018600080F2A7850021039207E0014329704745D4
:1018700005F10105194680F2C0801CF8013BAE4518
:1018800007F1080703FA0AF3F1D843EA2121A94531
:10189000C9B2ECD3149A28780132E6D10142E6D0DD
:1018A00001209BE7002B7FF464AF029EB2457FF4DA
:1018B00060AF5D457FF45DAF40457FF45AAF384679
:1018C0000193FFF707FF019B184687E7002B00F005
:1018D000EC854FF0FF30019004EBE30476E74645DA
:1018E000A8BF4646069639E7BAF1040F00F0A88073
:1018F000BAF1010F7FF471AF002B51DB002D3FF4E3
:101900006CAF059D594203F00100002B01F0070167
:101910004FF0010305F1010A019D03FA01F3149947
:1019200005FB0244069DB4BF0020012309010544C4
:1019300006934BB20390AE46029307E0049B01323C
:101940009A44019B4A451C443FF447AF5A45F5D29F
:10195000039B1AF801CC73452546D046EEDA06996A
:10196000059210E095F90000029A00F00F07174366
:10197000149A20F00F001043002E3CD02F70013538
:10198000013373455AD0B1F5807F2DD00846490008
:101990001CEA000F03F00106E4D1002EF0D0EEE7C0
:1019A0004868467A1030012E0590C3F1000400F01B
:1019B0005D85042E40F06085059901EB6401059179
:1019C0007C6810349AE7B4F80CC048680CF1070C36
:1019D0004FEAEC061030019610340590ECE6073023
:1019E000C01004900298D2E698F800C0022108F1D5
:1019F00001080120CCE72870C2E7039A0899CF1BA1
:101A0000002F7FF719AFAE453FF616AFA945FFF49B
:101A100013AF9CF80010287801FA0AF141EA232359
:101A2000C7F10807FF2141FA07F714993B4001313C
:101A3000DBB200F0FC8403432B70FDE6059A7DE7E2
:101A400004998910002D3FF4C8AE0398DDF814A066
:101A5000CDF80C904045A8BF404606460198059336
:101A600000FB0244A6F1080006908800029003F0F3
:101A70000100A8F1080704908C465A4580F0EA80DE
:101A80001498002851462346C0F2FB80DDE904305B
:101A9000251DE646002B40F0AE81904667E0B84237
:101AA00003F00F0200F3E0803AB115F8049C29F02E
:101AB0000F0949EA020205F8042C13F0F00F09D0CF
:101AC00015F8049C23F00F0209F00F0949EA0202FD
:101AD00005F8042CC3F30329B9F1000F07D015F85A
:101AE000032C22F00F0242EA090205F8032C4FEA08
:101AF000133919F00F0F07D015F8032C02F00F025D
:101B000042EA091205F8032CC3F30349B9F1000FA7
:101B100007D015F8022C22F00F0242EA090205F85C
:101B2000022C4FEA135919F00F0F07D015F8022CA9
:101B300002F00F0242EA091205F8022CC3F303690E
:101B4000B9F1000F07D015F8012C22F00F0242EA7C
:101B5000090205F8012C1B0F07D015F8012C02F023
:101B60000F0242EA031305F8013C083004351EF168
:101B7000FF3EC0F02682002851F8043B8FDA13F0B4
:101B8000F00F0DD0421C0BD4964209DD15F8049CD1
:101B900023F00F0209F00F0949EA020205F8042CAC
:101BA000C3F3032262B110F1020909D44E4507DDE7
:101BB00015F8039C29F00F0949EA020205F8032CE5
:101BC0001A0B12F00F0F0CD010F1030909D44E4577
:101BD00007DD15F8039C09F00F0949EA021205F820
:101BE000032CC3F3034262B110F1040909D44E453A
:101BF00007DD15F8029C29F00F0949EA020205F8F1
:101C0000022C1A0D12F00F0F0CD010F1050909D497
:101C10004E4507DD15F8029C09F00F0949EA02124A
:101C200005F8022CC3F3036262B110F1060909D46E
:101C30004E4507DD15F8019C29F00F0949EA02021B
:101C400005F8012C1B0F90D0C21D8ED496428CDD5E
:101C500083E74A46029B9A44019B1C44039B013242
:101C60009A427FF40AAFB8E5002A88D0B04286DAFB
:101C700015F8049C29F00F0949EA020205F8042C22
:101C80007DE714980230049800F09D81059B251D86
:101C9000002840F031828646914649E09F4200F09C
:101CA0000F02C0F29E8022B115F8042C12077FF4B7
:101CB000F7AD10F0F00F05D015F8042C12F0F00F6E
:101CC0007FF4EEAD10F4706F04D015F8032C1207FA
:101CD0007FF4E6AD10F4704F05D015F8032C12F028
:101CE000F00F7FF4DDAD10F4702F04D015F8022C46
:101CF00012077FF4D5AD10F4700F05D015F8022C43
:101D000012F0F00F7FF4CCAD10F0706F04D015F826
:101D1000012C12077FF4C4AD020F05D015F8012C79
:101D200012F0F00F7FF4BCAD0EF1010E0833043554
:101D3000E6458ED0002B51F8040BAFDA10F0F00F0F
:101D400009D05A1C07D4964205DD15F8042C12F070
:101D5000F00F7FF4A5AD10F4706F08D09A1C06D474
:101D6000964204DD15F8032C12077FF499AD10F4A8
:101D7000704F09D0DA1C07D4964205DD15F8032C04
:101D800012F0F00F7FF48CAD10F4702F09D013F126
:101D9000040806D4464504DD15F8022C12077FF42A
:101DA0007FAD10F4700F09D05A1D07D4964205DD9F
:101DB00015F8022C12F0F00F7FF472AD10F0706F76
:101DC00008D09A1D06D4964204DD15F8012C12079E
:101DD0007FF466AD020FA7D0DA1DA5D49642A3DD2D
:101DE0009CE7002AAAD09E42A8DD15F8042C120711
:101DF0007FF456ADA2E7914664E0874203F00F02FC
:101E0000C0F2D2803AB115F8042C02F00F0242EA77
:101E1000031205F8042CC3F30318B8F1000F07D020
:101E200015F8032C22F00F0242EA080205F8032CF1
:101E30004FEA132818F00F0F07D015F8032C02F003
:101E40000F0242EA081205F8032CC3F30338B8F175
:101E5000000F07D015F8022C22F00F0242EA080208
:101E600005F8022C4FEA134818F00F0F07D015F8A9
:101E7000022C02F00F0242EA081205F8022CC3F30A
:101E80000358B8F1000F07D015F8012C22F00F020B
:101E900042EA080205F8012C4FEA136818F00F0F08
:101EA00007D015F8012C02F00F0242EA081205F8DB
:101EB000012C1B0F04D02A7822F00F0213432B7041
:101EC000083004351EF1FF3EFFF4C3AE002851F880
:101ED000043B92DAC3F3031262B110F1010809D492
:101EE000464507DD15F8038C28F00F0848EA020282
:101EF00005F8032C1A0A12F00F0F0CD010F102088B
:101F000009D4B04507DA15F8038C08F00F0848EA41
:101F1000021205F8032CC3F3033262B110F1030877
:101F200009D4B04507DA15F8028C28F00F0848EA02
:101F3000020205F8022C1A0C12F00F0F0CD010F14F
:101F4000040809D4B04507DA15F8028C08F00F0828
:101F500048EA021205F8022CC3F3035262B110F1F1
:101F6000050809D4464507DD15F8018C28F00F084F
:101F700048EA020205F8012C4FEA136818F00F0F27
:101F80000BD0821D09D4964207DD15F8012C02F012
:101F90000F0242EA081805F8018C1B0F90D0C21DF1
:101FA0008ED496428CDD86E7002A93D0864291DD5E
:101FB00015F8042C02F00F0242EA031205F8042C73
:101FC00088E7424646E6002840F048810598079297
:101FD000E64610E0069A82427FDB4FEA15294FEA77
:101FE000154803F8045C2D0E03F8039C03F8028CDB
:101FF00003F8015C08301EF1FF3E7BD3002803F19B
:10200000040351F8045BE5DA10F101080BD44645EE
:1020100009DD13F8048C25F00F0908F00F0848EAD1
:10202000090803F8048C10F102080BD4464509DDB9
:1020300013F8038CC5F3032928F00F0848EA0908B0
:1020400003F8038C10F103080BD4464509DD13F89F
:10205000038C4FEA153908F00F0848EA091803F80D
:10206000038C10F104080BD4464509DD13F8028CEB
:10207000C5F3034928F00F0848EA090803F8028C61
:1020800010F105080BD4464509DD13F8028C4FEA20
:10209000155908F00F0848EA091803F8028C10F1E6
:1020A00006080BD4464509DD13F8018CC5F3036916
:1020B00028F00F0848EA090803F8018C10F1070816
:1020C00098D4464596DD13F8018C2D0F08F00F08C3
:1020D00048EA051503F8015C8CE7864294DD13F8A5
:1020E000048C05F00F0928F00F0848EA090803F8E6
:1020F000048C89E7079AADE54FF0000E914648E061
:102100009F4200F00F02C0F29E802AB115F8042C05
:1021100012F0F00F7FF4C4AB10F0F00F04D015F8FC
:10212000032C12077FF4BCAB10F4706F05D015F8C8
:10213000032C12F0F00F7FF4B3AB10F4704F04D007
:1021400015F8022C12077FF4ABAB10F4702F05D0FA
:1021500015F8022C12F0F00F7FF4A2AB10F4700F00
:1021600004D015F8012C12077FF49AAB10F0706FB1
:1021700005D015F8012C12F0F00F7FF491AB020F8F
:1021800003D02A7810077FF48BAB0EF1010E0833D1
:102190000435E6453FF45DAD002B51F8040BAFDA92
:1021A00010F0F00F08D05A1C06D4964204DD15F842
:1021B000032C12077FF474AB10F4706F09D09A1CD3
:1021C00007D4964205DD15F8032C12F0F00F7FF4CA
:1021D00067AB10F4704F08D0DA1C06D4964204DDC9
:1021E00015F8022C12077FF45BAB10F4702F0AD0A5
:1021F00013F1040807D4464505DD15F8022C12F04A
:10220000F00F7FF44DAB10F4700F08D05A1D06D4B8
:10221000964204DD15F8012C12077FF441AB10F053
:10222000706F09D09A1D07D4964205DD15F8012C70
:1022300012F0F00F7FF434AB020FA6D0DA1DA4D455
:102240009642A2DD9DE7002AAAD09E42A8DD15F89D
:10225000042C12F0F00FA3D0FFF722BB05980792D1
:10226000E6461FE0069A8242C0F28D8013F8049C75
:1022700093F8008009F00F0928F00F0849EA0519C2
:1022800048EA157803F8049C83F800804FEA151992
:102290004FEA15382D0D03F8039C03F8028C03F860
:1022A000015C08301EF1FF3EFFF424AF002803F16B
:1022B000040351F8045BD5DA10F101080BD446454C
:1022C00009DD13F8038CC5F3031928F00F0848EA59
:1022D000090803F8038C10F102080BD4464509DD08
:1022E00013F8038C4FEA152908F00F0848EA09187B
:1022F00003F8038C10F103080BD4464509DD13F8ED
:10230000028CC5F3033928F00F0848EA090803F8DE
:10231000028C10F104080BD4464509DD13F8028C39
:102320004FEA154908F00F0848EA091803F8028C2B
:1023300010F105080BD4464509DD13F8018CC5F3EF
:10234000035928F00F0848EA090803F8018C10F136
:1023500006080BD4464509DD13F8018C4FEA1569D0
:1023600008F00F0848EA091803F8018C10F1070873
:1023700097D4464595DD93F8008028F00F0848EA89
:1023800015751D708DE7864296DD13F8048C08F0F4
:102390000F0848EA051803F8048C8DE7BAF1000F1E
:1023A0003FF437AA08EBEA08A8EB04010791FFF70E
:1023B00032BA059F0023FFF721BB40F23530079367
:1023C0000592019101F0AAF87C68059A607A01995A
:1023D0004FF0FF330493079BFFF7D9B940F2353034
:1023E000CDE90723019101F099F87C68019994F8EF
:1023F00009C04868BCF1010F00F11003059304F116
:102400001004DDE907233FF461AABCF1040F46D0B4
:1024100040F23530CDE90823079101F07FF84FF005
:10242000FF3301930799DDE90823FFF7C5B903429C
:102430003FF402AAFFF734BA40F235300793029214
:1024400001F06CF8029A079BBAF1000F3FF4E1A982
:102450007968497A0129A5D004297FF4DAA908EB23
:102460006A08A8EB04010791FFF7D5B9059901EBBC
:10247000E4010591FFF7A4BA40F23530CDE902122C
:10248000079301F04BF80299039A4968079B497A30
:102490000129EBD004297FF493AAFFF78DBA23B169
:1024A0004FF0FF300190FFF78FB94FF0FF300190F0
:1024B000FFF78CB92DE9F04182B00E4617469846D9
:1024C00005460024FDF79AF843463A463146284629
:1024D0000094FFF71DF902B0BDE8F08110B582B09D
:1024E0004FF0FF340094FFF713F902B010BD00BFA6
:1024F0002DE9F041044682B00D4616461F46FDF711
:102500007DF863686A685B7A042B02D1537A042BE6
:1025100016D04FF000085389CDF8048092890092BC
:1025200031463A462046FDF7E1F9CDF800803B46BA
:10253000324629462046FFF7EBF802B0BDE8F081AD
:102540006FF0010C3B46324629462046CDF800C0CC
:10255000FFF7DEF8F1E700BF2DE9F0478146884636
:102560001546FDF74BF8D9F80400437A012B58D0F3
:10257000042B40F0AD808489A4001F346411A400B2
:10258000002D53D1B8F1000F47891DDB1AD0B84593
:1025900000F1100579DB04FB07F4032C0BD915F0CF
:1025A000030209D124F003032B4445F8042B9D4278
:1025B000FBD104F003042CB12C4400232B70013513
:1025C000A542FBD1BDE8F087C8F1000ABA4500F189
:1025D0001006437A3BDB012B53D0042B40F0818063
:1025E000828992001F325211920004FB07F4032CDF
:1025F00005FB02630BD913F003010AD124F0030297
:102600001A4443F8041B9342FBD104F00304002C4A
:10261000D8D01C4400221A700133A342FBD1BDE87C
:10262000F08784890734E410002DABD0416808306E
:10263000FDF70CF8002104464846FDF789FA2B46C1
:10264000424621464846BDE8F047FFF751BF012BFF
:1026500038D0042B56D1818989001F314911890056
:102660000AFB01F108EB07053144304604FB05F293
:102670000FF0FBF9D9F804005746437A00F1100631
:10268000A9E782890732D210AFE7437A012B14D031
:10269000042B2DD1808980001F30401180002946F5
:1026A000A7EB080200FB085004FB02F20FF0DDF973
:1026B000D9F80450474610356DE780890730C010BF
:1026C0002946EDE781890731C9100AFB01F1C9E705
:1026D00040F2353000F022FF4FF0FF34D9F804000B
:1026E0004EE740F2353000F019FF4FF0FF327CE743
:1026F00040F2353000F012FFD9F804104FF0FF30EF
:102700001031CDE740F2353000F008FF4146A9E72F
:102710002DE9F843054600AFFCF770FF6C68637A5B
:10272000012B2FD0042B37D1A589B4F80A80AD0036
:102730001F356D11AD002E4608F1FF3810342B46C1
:10274000073308FB064623F00703ADEB030DA64253
:10275000E84614D9C5F1000921462A464046FEF74D
:1027600091FF31462A462046FEF78CFF2C44304626
:102770002A4641464E44FEF785FFB442ECD3BD469F
:10278000BDE8F883A589B4F80A800735ED102E4618
:1027900008F1FF381034D2E740F2353000F0BEFEC9
:1027A0006B685A7A5E89012A06F1FF3803F110043A
:1027B0000AD0042A0ED040F2353000F0AFFE4FF0C0
:1027C000FF331D461E46BBE79B890733DE104FF0E3
:1027D000FF35B4E79B899B001F335B119E004FF0D0
:1027E000FF35ACE72DE9F04743685A897E2A33DC90
:1027F0000446998950005A7AFCF74AFF6368456895
:102800005A7A5E89012A074605F1100503F110087E
:102810001ED0042A24D19C89A4001F346411A40072
:102820009EB14FEA440A4FF000094146224628462D
:10283000FEF728FF09F10109414628192246FEF753
:1028400021FF4E45A0445544EFD13846BDE8F087FE
:102850009C890734E410E3E700273846BDE8F08799
:1028600040F2353000F05AFE4FF0FF34D8E700BF99
:1028700038B5FFF7B7FF0446FAF7A0F82046FDF792
:10288000FBFA05462046FAF7A7F8284638BD00BFF0
:1028900038B50546FCF728FFA8B10C20F9F704FF6E
:1028A000044628B10B4A45600023026083605DB195
:1028B0002046FAF783F82046FFF7DAFF0546204660
:1028C000FAF78AF8686838BD40F2353000F026FE25
:1028D000EEE700BFA02B0200F8B50446FCF704FFAA
:1028E00070BB07462046FCF725FF002839D06168F9
:1028F00038460431F7F7DAFF87230372237A03F0AF
:102900000F034372637A4381A37A8381C78162682C
:1029100004F10C01043A05461030FEF7B3FE2846D8
:10292000FAF74CF80C20F9F7BFFE064618B1C0E9DB
:1029300001570D4B03602846FAF74EF83046F8BDB4
:102940000C20F9F7B1FE064658B1074A446000234F
:1029500002608360002CF1D140F2353000F0DEFDE2
:10296000ECE700263046F8BDA02B0200F0B50C467F
:1029700083B0064615461F46FCF740FE2046FFF78B
:10298000ABFF18B143685B7A012B01D003B0F0BDF7
:102990000146009730462B142AB2FEF7B9FE03B069
:1029A000F0BD00BFFFF798BF032A19D9830721D1D3
:1029B00030B422F0030301EB012505EB0545034488
:1029C000044644F8045B9C42FBD102F003022AB1A6
:1029D000C9B21A44197001339A42FBD130BC704716
:1029E000034632B1C9B21A44197001339A42FBD17D
:1029F000704770470346F5E782B070B50C4684B067
:102A000005464968206802AC03C4039908AC481025
:102A100084E80C00CB0745BF2A58029B029CD4587F
:102A20000AAB2E1893E803008DE8030008AB0CCB2B
:102A30003046A04704B0BDE8704002B0704700BF08
:102A400082B000B585B00DF1180C00218CE80C00A7
:102A500080F81912012341F292020721684606F01C
:102A6000B1FA05B05DF804EB02B07047F8B51C464A
:102A70000B0A0F46054616461AD1330C1ED1AA780A
:102A800005F10C01881805F1FC031B1A04F1040C74
:102A90009C4518D8E4B28C54330A47708670C370D2
:102AA000AB78073424F003041C44AC700430F8BD48
:102AB00040F28F3000F032FD330CE0D040F28F3026
:102AC00000F02CFDDBE70020F8BD00BF90F81932C4
:102AD00003B9704741F29201072003F043B800BFE9
:102AE00010B52030FFF7C2FF044608B1204610BDE4
:102AF00040F28F3000F012FD204610BD30B5044684
:102B0000C06885B018B1036800211B689847A068A9
:102B1000064903680294FC22CDE9002104F120015A
:102B20001D6904F58E73A84705B030BDB12F0100B3
:102B30002DE9F047CB6833F0FF0384B021D10C7B43
:102B4000A410012C01F1100118DD5B4D5B4E5C4FB0
:102B5000012309E0B24267D0BA4208BF80F81E32B2
:102B60000133DBB2A34209DA51F82320AA42F1D1A2
:102B700080F81B320133DBB2A342F5DB04B0BDE8C1
:102B8000F087B3F5000FF9D04B7B90F81E229A42E4
:102B90005FD090F81B229A424ED090F81C229A42A5
:102BA000ECD890F81D229A42E8D3CA8941F2011369
:102BB0009A42E3D191F80C8001F11004A044A045A1
:102BC000064689464FF000054FF0010A0FD9637899
:102BD00027781F2B49D9082F55D0A7F10903012BBE
:102BE00064D97B1E062B4FD90234A045EFD8D6F806
:102BF0002432AB42C2D00024012705E0B3B3013434
:102C0000202C56D0D6F8243207FA04F22A4203EADE
:102C10000203F3D1002BF2D0012340F60201A2B24D
:102C2000684606F0CFF9EAE790F81C220AB980F866
:102C30001C3280F81D3293E7CB8941F28112934216
:102C400030D041F28212934298D10B8AA0F82232FE
:102C500094E7CB89B3F5845F10D041F2811293429F
:102C60008CD10B69C0F8343288E7FEE70123A2B2A9
:102C700040F60301684606F0A5F9C0E70B699B0A18
:102C8000A0F838327AE7072799F80D3096F81C2219
:102C90009B1AC3EBC3033B44002BC4BF0AFA03F3E4
:102CA0001D43A1E70B8AA0F8203267E702F0EAF89B
:102CB00097E7C6F8245261E7E536FA166EA0EA1DDA
:102CC0000636C61FF0B50446C06885B018B1036863
:102CD00001211B68984702F0AFF8206903685B6820
:102CE0009847002800F0BA80002584F81A5247F669
:102CF000CD2602F093F8C4F82250C4F82650C4F848
:102D00002A50E5852684FAF7D1FBB4F81C316062BD
:102D10004BF2CD329342A16249D0B34243D194F8F1
:102D20001E31002B43D004F58E76FF273146204616
:102D3000FFF7FEFE94F8280194F81E31C11D21F022
:102D400003018B4233DD021DA51895F82851FF2D94
:102D500000F0B08094F81F01621820F0020084F89F
:102D60001F0192F828E10EF1040288188342C0F294
:102D7000DB8001F10C0CB444634604F5927053F807
:102D8000045B40F8045FA3EB0C05AA42F7DC0EF1EC
:102D90000703224423F00303A644194482F8287150
:102DA0008EF82D11C2E719467D4802F00BFB94F80E
:102DB0001B12002959D0E36904F12006002B5ED0D4
:102DC00040234FF402523046FFF750FE05460028DC
:102DD00000F0C980E369284603F140021F685D687E
:102DE0009968D3F80CC0C0F80CC010339342076048
:102DF0004560816000F11000F0D10023E361812281
:102E0000082394F81B123046FFF730FE054618B928
:102E100040F28F3000F082FB234603CB28606960CC
:102E2000304694F81B12012342F20102FFF71EFE06
:102E30000546002800F09C8094F83A32594AC3EBCA
:102E40000323A2FB03235B092B7094F81E32002B93
:102E50006ED12046FFF752FE05B0F0BD012384F885
:102E60001A3201F0DBFF05B0F0BD0B460A462046E2
:102E7000FFF736FE2046FFF741FE05B0F0BD63695F
:102E80002BB394F818529D4228BF1D4630462B465E
:102E90008322FFF7EBFD064600286ED02A46304617
:102EA000A169FEF7EFFBD4E905322A445B1BC4E9B4
:102EB0000532CEE7204490F82D118B427FF777AF93
:102EC0008A42FFF647AF384802F07CFA6FE794F881
:102ED0001E1209B3D4F83432D4F8300283421BD224
:102EE00094F81852C01A8542A8BF05462B463046B2
:102EF0008022FFF7BBFD064600284BD0B4F83822ED
:102F000069103046FCF7A2F90746D8B3D4F834026A
:102F10002844C4F834029CE7012341F293020721BC
:102F2000684606F04FF89EE7204802F04BFA3EE76D
:102F3000FAF7C2FAD4F82C22D4F8283232B1C3EB13
:102F400003139B1A03441B09C4F82832B4F838222F
:102F5000C4F82C02C3F3552302FB03F39B0A9B0026
:102F6000C4F8303275E740F28F3000F0D7FA31E71D
:102F700040F28F3000F0D2FA5EE740F28F3000F07E
:102F8000CDFA8BE72A4630463946FFF70DFDC4F8E7
:102F900030725EE740F28F3000F0C0FAAEE700BF5B
:102FA000D02B02001F85EB51E82B0200042C0200FD
:102FB000FFF788BE82B08DE80C0090F81A320BB98A
:102FC00002B0704702B0FFF77DBE00BFF8B51D46E6
:102FD000DB0704460F46164600D495BB40F28F30FF
:102FE00000F09CFAA388B34202D1E388AB4203D03D
:102FF00040F28F3000F092FA94F8193223BB6388C4
:103000001BB1B4F822229A4219D96D08069AE261DE
:1030100006FB05F6EC23B3FBF5F313FB05F50123E3
:10302000C4E9056784F8185284F81932FC2200219B
:1030300004F12000FFF7B8FC2046FFF743FE002014
:10304000F8BD002ACED1C9E740F28F3000F066FA11
:10305000D5E700BF2DE9F04F83B0DDE90C9ABDF84C
:103060003880002B3BD0B9F1000F35D00F2902D1A9
:10307000B8F1C00F33D1074628201D460E469346AF
:103080000EF0C0FC0446103005F0BCFF182026806E
:10309000A4F802B00EF0B6FCCDE9009A06466B46E5
:1030A000024603CB46F80C5B00233D68D36048F032
:1030B00002087360E360506091600E495161C4E999
:1030C0000833A4F80480A2606B683846214698470C
:1030D00040B903B0BDE8F08F1AF0010FC6D16FF40C
:1030E0007A70F6E7204602F029FF20460EF081FCB8
:1030F0000148EEE7F929010016FCFFFFF0B5044690
:103100002948A16089B00025CDE9040504A803C8B9
:103110001E466423E26084F83A324AF6444246F29C
:10312000BC63A4F83822C4F8283284F8195284F811
:103130001A5284F81B5284F81C5284F81D5284F8E9
:103140001E52C4F82452C4F83452C4F82C522661DA
:103150008DE80300154F102223463868029207219C
:1031600041F29302FFF776FF336830469B680121F6
:1031700098470F4B3F68CDE9063508AB13E90300CC
:103180003589C0228DE8030023462946029238463D
:103190000222FFF75FFF33683046DB6C022198475D
:1031A000204609B0F0BD00BF412A0100B40800204C
:1031B000B52F01002DE9F041002480460E4615464A
:1031C000CCB121466408D8F8040039400368C9B27C
:1031D000003118BF01211B689847D8F80000036828
:1031E00001211B689847D8F80000036800211B687C
:1031F0009847002CE5D12DB13778013D40240136A8
:103200008021E0E7BDE8F08170B50446806803687E
:103210000E461B68002115469847E06818B1036800
:1032200000211B689847012231462046FFF7C2FF64
:10323000A068036801211B6898476A1E002A03DD05
:10324000711C2046FFF7B6FFE06828B10368012132
:103250001B68BDE87040184770BD00BFF0B505465B
:1032600087B000262C230F46144601A90122CDE980
:103270000166CDE903668DF804300596FFF7C4FFBB
:10328000A868036801211B689847E86818B10368BB
:1032900031461B689847621C3B12521043EA0713E1
:1032A00039118DF80670541E8DF805308DF8041014
:1032B0003AB1013C032201A92846FFF77BFF631CBA
:1032C000F7D1E86818B1036801211B68984707B077
:1032D000F0BD00BFF0B50B4689B0074610E05E7840
:1032E0008DF8002026F080042246FEF7CBF9621C00
:1032F00069463846FFF788FF320605EB040308D419
:103300001A789D1C29460DF10100002AE7D109B069
:10331000F0BD2A5D4FF47A705C1C00FB02F001F0F6
:10332000ADFD2346ECE700BFF0B585B0013B0A9C3C
:103330008DF802100B44013C14441D128DF804302A
:10334000271200238DF803508DF80A208DF80C40C9
:1033500002A904462B262A250522ADF80030ADF837
:1033600008308DF80B708DF800608DF80850FFF76D
:103370004BFF204669460522FFF746FF05B0F0BD2A
:1033800030B583B0150A8DF80110110CB1238DF8FA
:1033900007208DF805100222694636248DF800407A
:1033A0008DF8043004468DF80650FFF72DFF9DF888
:1033B0000730FF2B20460CBF0322042201A9FFF790
:1033C00023FF03B030BD00BF70B54FF0FF3104469E
:1033D0002220F7F7E3FDFAF731FC4FF0FF31606090
:1033E0002020F7F7DBFDFAF729FC4FF0FF312060D2
:1033F0002320F7F7D3FDFAF721FC4FF0FF31E0600F
:103400002420F7F7CBFDFAF719FC4FF0FF31A0604D
:103410002C20F7F7C3FDFAF711FC4FF0FF310646F9
:103420002B20F7F7BBFDFAF709FC0546E06818B159
:10343000036801211B689847A068036801211B6885
:10344000984726B1336830461B68012198478DB1F3
:103450002B6800211B682846984744F6206001F03D
:103460000DFD2B6828461B680121984744F6206013
:1034700001F004FD40212720F7F790FD40F20361A1
:1034800005462820F7F78AFD0A4906462046FFF739
:1034900021FF3246E9B22046FFF772FFA021252026
:1034A000F7F77CFD802120822620F7F777FD6082E8
:1034B00070BD00BF5C2C02002DE9F04F154F01EBF1
:1034C00081010F4483B0804692461E4607F1050BEA
:1034D0004FF0030917F8015B002445FA04F3DB07FA
:1034E00009D40134052CF8D15F4506F10406F1D169
:1034F00003B0BDE8F08F32460AEB84014046CDF8B8
:1035000000900323FFF710FF09220C994046FFF7B4
:10351000A5FEE6E7242C0200704700BF2DE9F0412C
:10352000054688B072B601F087FC29465F4801F075
:1035300049FF72B65E4E347804B1FEE7F9F7ACF895
:1035400001234FF0FF3122203370F7F727FDFAF700
:1035500075FB002854D003A8FFF736FFBDF81E20E6
:10356000BDF81C3000922146224603A8FFF7DCFE7E
:10357000BDF81C30BDF81E204E4F214602FB03F261
:1035800003A8FFF76BFE4FF4706346220A2103A8DD
:1035900000931423FFF790FF474BEC1783FB0523A1
:1035A000C4EB631387FB0312D917C1EBA2014FF4DD
:1035B0007F6601EB8101A3EB4101322203A83C238A
:1035C0000096FFF779FF87FB0523C4EBA30487FB75
:1035D0000437E117C1EBA70101EB8101A4EB410125
:1035E00003A83C234A22009604EB8404FFF764FFFF
:1035F000A5EB4401009603A83C236222FFF75CFF81
:103600002846FFF789FF4FF0FF310D20F7F7C6FC82
:10361000FAF714FB0446294DDFF8AC80284F04B9B3
:10362000FEE70326236801211B68204698472846A9
:1036300001F024FC236800211B6820469847284697
:1036400001F01CFC013EEDD1404601F017FC0326C1
:10365000236801211B6820469847384601F00EFC7C
:10366000236800211B6820469847284601F006FC85
:10367000013EEDD1404601F001FC03262368012103
:103680001B6820469847284601F0F8FB2368002174
:103690001B6820469847284601F0F0FB013EEDD11B
:1036A000084801F0EBFB002CBAD0BAE7702C0200FE
:1036B000DD090020676666661F85EB51A086010064
:1036C000E0930400C0270900400D03002DE9F04FEE
:1036D000B64D2C6887B01CB1204607B0BDE8F08F0E
:1036E0004FF0FF312220F7F759FCFAF7A7FA00282C
:1036F00000F0FE8068200EF085F9002104462920A4
:10370000F7F74CFC402181462720F7F747FC40F2B1
:10371000036106462820F7F741FC41F63761039024
:103720004E20F7F73BFC002780464FF0FF3184F82E
:103730006070A7602120F7F731FCFAF77FFA41F2B9
:103740009203984582464FEA196B00F02A8106F0F1
:103750008073BA460493BBF1000F00F0FF8040F283
:103760008F30FFF7DBFE002741F63763984500F006
:10377000788142F27D43984500F08F8141F29203B7
:10378000984500F0B78040F28F30FFF7C7FE049BEA
:10379000002B14BF6FF07F400020310A320CF6B2CC
:1037A000606684F85E1084F85F20434632460399D1
:1037B0007F4801F007FE1FB319F0FF0918BF7D49CC
:1037C0003B6808BF7C491B6818BF01FB09F13846FC
:1037D00098473B6808225B680021384698474FF0BD
:1037E000FF312320F7F7DAFBFAF728FA18B103685C
:1037F00001211B6898473B6838469B680021984721
:103800004FF0FF312B20F7F7C9FBFAF717FA0746FD
:1038100070B1036800211B689847142002F07CF9FE
:103820003B6838461B6801219847142002F074F960
:103830006368A3B14FF0FF312C20F7F7AFFBFAF725
:10384000FDF918B1036801211B6898476068036897
:103850001B689847039A6068314605F09DF9A021DE
:103860002520F7F79BFB8021A4F858002620F7F7C6
:1038700095FB676883B2A4F85A30A4F85C30002F37
:1038800057D086B2B4F8583094F85F2094F85E10A0
:103890000096384605F052F994F85F0094F85E30CF
:1038A000B4F85A20B4F858100090444801F08AFD4A
:1038B00094F86030002B48D1B4F85830B4F85A006E
:1038C00000FB03F000EBD07040101430F8F7AAFFB3
:1038D00023460026206543F8546F01211846F9F766
:1038E00053F8204684F84D602C6007B0BDE8F08F97
:1038F0002C68F1E6002363604FF0FF312320F7F7D7
:103900004DFBFAF79BF94FF0FF3183462420F7F780
:1039100045FBFAF793F905904FF40F700EF072F82B
:10392000059B82465A463946FFF7E8FBC4F808A0D3
:103930002DE7A26894F85F00B4F8581094F85E6020
:10394000168050809180D380A6E7B4F85830B4F840
:103950005A005B10401000FB03F0B3E74FF0FF315B
:103960002220F7F71BFBFAF769F94FF0FF31834686
:103970002020F7F713FBFAF761F905904C200EF0C1
:1039800041F85246059B5946074607F0F5FF0820C7
:103990000EF038F83946824605F040F9C4F800A028
:1039A000E2E6074801F00EFD12E000BF6C030020C4
:1039B000E42C020040420F00C0E1E400142D02009C
:1039C000882C0200642002F0A7F8B00100F1848086
:1039D0004FF0FF312B20F7F7E1FAFAF72FF900212A
:1039E000074668B103681B6898470A2001F046FA49
:1039F0003B6838461B6801219847032002F08CF889
:103A00001120FAF715FB0028DCD00746014645488F
:103A100001F0D8FC444B9F427DD0B90626F0C00689
:103A2000C7F382174CBF46F0800646F04006022FCF
:103A300069D0032F5ED0012F55D040F28F30FFF7B1
:103A40006DFD06F0807304933946039B3748324678
:103A500001F0B8FC4FF0200941F637684FF0000A3A
:103A600079E64FF0FF312320F7F798FAFAF7E6F8F6
:103A70004FF0FF3183462420F7F790FAFAF7DEF88B
:103A8000059030200DF0BEFF059B216882465A4606
:103A900004F0C0FCC4F804A079E64FF0FF31232005
:103AA000F7F77CFAFAF7CAF84FF0FF318346242083
:103AB000F7F774FAFAF7C2F8059030200DF0A2FF7C
:103AC000059B21685A46824603F0B6FA0123C4F8E2
:103AD00004A084F860305AE6154801F073FC06F043
:103AE00080730493B8E706F08073049340F2036395
:103AF0000393A9E740F203634FF0807246F08076AB
:103B0000CDE90332A0E706F080730493094B0393D9
:103B100046F0080698E7FAF7BFFA06F080730493B8
:103B200019E600BFB42C0200FFFF0100C02C020008
:103B30009C2C0200FF140E0008B5FFF7C7FD18B15A
:103B400083680BB1012008BD4FF0FF312C20F7F73F
:103B500025FAFAF773F80028F5D0007C063818BF6C
:103B6000012008BD642870B50346A8BF642305463C
:103B700023EAE374FFF7AAFD20B1836813B183F849
:103B80003A4270BD4FF0FF312C20F7F707FAFAF7F1
:103B900055F806460028F4D0002D1FDD632D17DCF4
:103BA000FFF7CAFF0028ECD033684FF47A715B6EE0
:103BB0003046984704FB04F30B493268C3EB832378
:103BC000A1FB03313046490BD368BDE8704018476C
:103BD000036801211B68BDE8704018470368002195
:103BE0001B68BDE8704018475917B7D1F8B50446AF
:103BF000FFF76CFDC8B16368302B054616D16F6EB8
:103C0000204604F1300605F10802437A047A817AED
:103C10001B0243EA04430B4303307B40864242F8D5
:103C2000043FF2D1012385F84C30F8BD40F28F30CB
:103C3000FFF774FCE3E700BF70B582B00546FFF7FD
:103C400045FD10B190F860300BB102B070BDB0F816
:103C50005A40466890F85E1090F85F20B0F85830EF
:103C6000641BA4B2A0F85C4036B980680180428031
:103C70008380C48002B070BD0094304604F05EFFC3
:103C800002B070BD10B50446FFF720FD08B104B1C5
:103C9000446510BDF0B583B00546FFF717FD002859
:103CA00000F0998090F84D300446002B40F093804E
:103CB00090F860200123002A0CBF1A46022280F8E7
:103CC0004D30002D2ED06B68597A042907D15989BF
:103CD000B0F8580002FB01F1814200F0A48040F2EC
:103CE0008F30FFF71BFC6068002876D004F0CCFC16
:103CF00094F84C3004F10C06002B72D0002384F8A9
:103D00004C306968206D4A681031083AFDF7BAFCFA
:103D10006B6860685A89216D9B89002866D000967F
:103D200004F0C4FD636D002B52D094F86030002B7A
:103D30004ED16068002800F08B8004F0A5FC656D12
:103D400069684B7A042B07D1B4F85A30B4F85C0098
:103D50008A891B1A93426FD040F28F30FFF7DEFB47
:103D600069684A68206D083A1031FDF78BFC60687D
:103D7000002846D0B4F85C20B4F85A6094F85F701C
:103D8000B4F8583094F85E10B61A00963A4404F02D
:103D9000D5FE6B6860685A89216D9B89002851D0D7
:103DA0000025009504F082FD6068002854D004F0DE
:103DB0006BFC606894F85E1094F85F20B4F858309B
:103DC000B4F85C50B8B1009504F0B8FE0023636508
:103DD000002384F84D3003B0F0BDA068FEF776FEF6
:103DE00086E7A368002B08BF00268AE7A068009634
:103DF000FFF7ECF896E7A068018042808380C580D9
:103E0000E4E7B4F85C0094F85F10B4F85A20A368B3
:103E1000B4F8586094F85E701F800144121A5980FB
:103E2000DA809E80B5E79989B4F85C3002FB01F234
:103E30009A427FF454AF56E7B4F858204B899A421F
:103E40008AD18EE7A56800902846FFF7BFF8ABE758
:103E5000A068FEF73BFE72E7A068FEF737FEA8E712
:103E6000704700BFF8B504461D4601601C4BE36176
:103E70000020B5F5003F0F461646C4E91E2584F81C
:103E800074006060C4E90200C4E90400A061E0625B
:103E90002067A4F876001DD83B6838461B68314679
:103EA0009847431E334204D1B5FBF0F300FB135097
:103EB00058B140F29A30FFF731FB0A4D2B8813B905
:103EC00003F0BCFF28802046F8BD012BF1D9DB07A9
:103ED000F3D5EEE740F29A30FFF720FBDCE700BFB6
:103EE000806967FFD80900202DE9F0410746006886
:103EF00003681B680C4601EB02089847431E2342E7
:103F0000064625D1444521D23868036821461B68FE
:103F10009847B04203D040F29A30FFF7FFFA386872
:103F2000036821465B689847002E04EB06050ADD0E
:103F30002378FF2B04F1010440F29A3001D0FFF7FF
:103F4000EDFAAC42F4D1A8452C46DDD8BDE8F081AD
:103F500040F29A30FFF7E2FAD4E700BF08B5D0E9A3
:103F60001E12FFF7C1FF40F29A30BDE80840FFF78C
:103F7000D5BA00BFF8B5D0E91E122C4C0E68530814
:103F8000A642CF5801EB03053AD0A74201D000204A
:103F9000F8BD69688A42FAD129461D444160C5606E
:103FA00055F8082C0132A5F1080303D053F8082D69
:103FB0000132FBD103F1080202615C68013403F1B4
:103FC000040303D153F8044D0134FBD00B3323F029
:103FD0000703836004461868013002D15868013035
:103FE00006D02046FFF7BAFFE56861682269A3683A
:103FF0000F485B1A521A691A01F0E4F90120F8BD62
:10400000B7424C6802D0A242C8D0C0E76E68B24244
:10401000F9D1A242C0D18C68AA68661C9642BBD076
:10402000561CB442BAD09442B8D8B5E7DAE07677F5
:10403000942D0200C16A01B97047F8B502460546E1
:1040400052F8300B03689C684023A047B8B96FF062
:104050002E06761B05F12F0405F16F07321914F8AF
:10406000013FFF2B06D0E96A8A5C9A42284601D0BC
:10407000FFF774FFA742F1D10023EB62F8BD284699
:10408000FFF76CFFE3E700BF4BB32DE9F047814634
:104090000E4690461D4600F1300A06F03F07D9F85B
:1040A0002C30F41BA34209D04846FFF7C3FF40223F
:1040B000FF215046FEF778FCC9F82C40C7F14004B8
:1040C000AC4228BF2C4641460AEB07002246FDF7CA
:1040D000D9FA2D1B2644A044DFD1BDE8F0877047F4
:1040E000F0B50446006F002385B0C4E9053330B154
:1040F000036823670DF07DFC206F0028F8D1154878
:1041000001F060F9D4E91E135A0813488D584FF096
:10411000FF36039685424FF0010601EB0207029637
:1041200011D02046FFF7E0FED4E91E150A4B00939C
:104130006A46102320460195FFF7A6FF2046FFF7A9
:1041400079FF05B0F0BD78688342EAD1BB6833449B
:104150000293E6E7842D0200DAE07677F8B5056F82
:104160004C88B1F9047045B32E46B21C002302E01E
:104170000133202B0BD032F8021FA142F8D1002FBF
:1041800019DB06EB430300229A800120F8BD366854
:10419000002EEAD1002F26DAAA1C002302E0013308
:1041A000202B0ED032F8021F0029F8D105EB430373
:1041B00008469C80F8BD0120F8BD002F04DB0020DC
:1041C000F8BD2D68002DE7D1054644200DF01AFCFE
:1041D0003E22064600210630FEF7E6FB2B6FB48038
:1041E00033602E67EBE73046F8BD00BF43680BB184
:1041F00001207047FFF7BEBE426802B1704710B59C
:104200000446FFF7B7FE00B110BD2046FFF768FF78
:104210006368002BF8D12046FFF7ACFE0028F3D1ED
:104220002046BDE81040FFF799BE00BF38B590F8B2
:10423000743004464BB1094D298840F2FF3001F03B
:1042400091FC94F87430002BF6D1012384F874307B
:104250002046BDE83840FFF7CFBF00BFD809002097
:1042600010B590F8743084B004461BB940F29A300F
:10427000FFF754F92046FFF7DDFE064A002384F8D5
:1042800074301288012340F2FF31684604F09AFE30
:1042900004B010BDD80900202DE9F8438146084636
:1042A0000F460DF025FC01463846F7F7D1FD80EAB0
:1042B000104538460DF01CFCD9E90364B44217D20E
:1042C0000130ADB21FFA80F802E00834B4420FD2D8
:1042D0002388AB42F9D16388D9F8040042461844D8
:1042E00039460DF0B3FB0028EFD12046BDE8F88336
:1042F00000242046BDE8F883F8B50C4616461F4654
:104300000546FFF793FFCCB121462846FFF7C4FFCF
:10431000A861A8B1C3889BB18488C4F30E0446B1D8
:104320006968A7423A46304628BF22461944FDF73D
:10433000A9F92846FFF794FF2046F8BDA869E8E7E9
:104340004FF0FF34F5E700BF10B5044682B0FFF729
:104350006DFF6369002B38D0E2689A4212D903F1ED
:1043600008026261186859686B4603C369462046B3
:10437000FFF7F4FE10B9BDF80630A3B96369E2682F
:104380009342ECD3206F0023636130B1036823674D
:104390000DF02FFB206F0028F8D12046FFF760FFBB
:1043A000002002B010BDBDF80420BDF80210636803
:1043B000A084C2F30E020B4420462262A362FFF7E0
:1043C0004FFF04F1200002B010BD206F236963612C
:1043D0000028C1D0036823670DF00BFB206F002875
:1043E000F8D16369B8E700BFF0B58168CB1D23F051
:1043F000070383B0002600275D1A0446CDE9006755
:1044000008D153F8043C013310D02046FFF712FEC8
:1044100003B0F0BD2B466A46FFF736FEA3681D4485
:10442000A5602046FFF706FE03B0F0BD6A460823EC
:10443000FFF72AFEA3680833A3602046FFF7FAFDC2
:1044400003B0F0BD2DE9F04F83680569ED1A01F165
:104450002003AB428BB003DA01200BB0BDE8F08F34
:1044600004461746039102F085FBB4F87630002B22
:1044700040F0BA802A460399794800F0A3FFA26F62
:10448000616800239142C4E905330ABFE36F0492D7
:1044900001EB5303204608BF0493FFF7CBFD049DB7
:1044A000E26F294652082046FFF71EFD2B461033C7
:1044B000E26FA360002305EB520B019303E0036856
:1044C00023670DF096FA206F0028F8D1D4E903365F
:1044D0009E4240D208364FF0100A324606AB52F8E0
:1044E000080D6568516803C3BDF81A30B0461D4415
:1044F00017B12846B84748B306A92046FFF72EFE55
:1045000020BBBDF81E300BB328460DF0F1FABDF804
:104510001C2000F10109C2F30E0202EB0903029311
:10452000019B002B73D01FFA8AF5ABF1080BA9444D
:10453000ADF81C205946082306AA2046ADF81E9067
:10454000ADF81A50FFF7A0FD029B9A44E36843457B
:1045500006F10806C1D8019B0133012B01937BD0E2
:10456000019B022B04D0AEE7036823670DF041FAEC
:10457000206F0028F8D12046FFF75CFDA16839487C
:10458000ABEB010100F01EFF6268049E9168E06FD2
:10459000354B0693013106AA102308910790314646
:1045A00020464FF0FF350995FFF76EFD2046FFF7D7
:1045B00041FDA2680398E36F6660ABEB020102461F
:1045C000403206EB53039142C4E9033B3FF744AF4B
:1045D00037B1264B9842014602D0254800F0F2FE42
:1045E00000200BB0BDE8F08FE169C3EBC37200EBB4
:1045F00042020B449342B6BF1346E361E261984224
:10460000BFF638AF40F29930FEF788FF32E7A36873
:1046100005932A46194620464B46FFF735FDA1680B
:10462000BDF81C50BDF81E0062684944C5F30E0574
:104630002B460244A1602046FFF726FDA368029A9C
:104640001D44059BA560EB1A93423FF47DAF40F2F9
:104650009A30FEF763FF77E72046FFF7C5FE32E7A3
:10466000302D0200582D0200DAE076770000FF7F3F
:104670006C2D020038B50D460446FFF7D7FD2A46DB
:1046800020460449FFF7DEFE2046BDE83840FFF72C
:10469000E7BD00BF0000FF7F2DE9F04F0F4683B05C
:1046A0001E4604469046002A65D02046FFF7BEFD10
:1046B00039462046FFF7F0FD00230546A361D4F8F4
:1046C0000490002843D138460DF012FA06F1080193
:1046D000014421F007010831AA4600222046FFF7D5
:1046E000B1FE002800F0868063684B4504D039464F
:1046F0002046FFF7D1FD05461FFA86F9002D53D05D
:104700002A886B88ADF80020ADF80230BAF1000FAE
:1047100023D00023ADF806306FEA49436FEA5343D4
:10472000ADF804302046FFF75FFE216908392161AA
:1047300008236A462046FFF7A7FC2046FFF77AFCCD
:104740002046FFF78DFD002003B0BDE8F08FF11D7E
:1047500021F007019A460831BFE733464246A16877
:104760002046FFF791FCD4E901231E449B1AA66062
:10477000ADF80630D0E7013306D0002E95D040F2D8
:104780009A30FEF7CBFE90E7FFF750FD3946204602
:10479000FFF782FDC4F818800546D4F8049048B3AA
:1047A00008214FF0010A98E738460DF0A1F90146BB
:1047B0003846F7F74DFB80EA10433846ADF8003035
:1047C0000DF096F900F1010B3A465B46A1682046D0
:1047D000FFF75AFCD4E9012303EB0B019B1AA160FC
:1047E000ADF80230BAF1000F0AD0ADF80650ADF8BE
:1047F000049097E72046FFF733FD4FF0FF30A3E723
:10480000334642462046FFF73FFCD4E901231E44CD
:104810009B1AADF80490A660ADF8063082E700BFA1
:104820004FF0FF330022FFF737BF00BF054A936800
:104830009068C3F302420823934080B200FB03F068
:10484000704700BF0040004110B4214B1A886FF33D
:1048500005121A805A8AD007FCD518881D4A40F4E0
:1048600080401880188840F40040188093686FF3E7
:10487000000393601346DA68D207FCD41A6A14481E
:1048800042F001024AF201541A62416102468480F8
:10489000538ADB07FCD511880E4B6FF38E311180E4
:1048A00011886FF3CF3111809A686FF300029A601C
:1048B000D86810F00100FBD11A6A42F001021A62B6
:1048C0009A6842F001029A605DF8044B704700BF9D
:1048D0000040004100600041036810B5DB680C46F1
:1048E0009847A04205D840F29A30FEF717FE002004
:1048F00010BD4FF4005010BD580740F0B4802DE9B2
:10490000F04F480787B00E4640F0AA80DC08984672
:10491000174615D002EBC4048D1AAB18D3E9000179
:10492000013108BFB0F1FF3F07D0D2E900010131EA
:1049300008BFB0F1FF3F40F08E800832A242ECD1B8
:104940004C4A538AD907FCD511884B4B41F480411E
:104950001180118841F4004111809A686FF30002C0
:104960009A60DC6814F00104FBD11A6A42F001027B
:104970001A62BFF35F8FB8F1000F1ED0DFF8F4901A
:104980004FF0FF3A06F00F05C5F1100BA8EB04023B
:1049900093452FD8BBF1100F68D1103435463946F6
:1049A0000A1F01F10C0052F8043F013330D182425A
:1049B000F9D1A0455F445E44E4D82E4A2E4B1188BD
:1049C0006FF38E31118011886FF3CF3111809A68A7
:1049D0006FF300029A60D86810F00100FBD11A6AE8
:1049E00042F001021A629A6842F001029A6007B02E
:1049F000BDE8F08F444602AB39465819CDE902AA0A
:104A0000CDE904AA9346751BFCF73CFE02A9C7E753
:104A10004AF21553A9F80430B9F81230DA07FBD579
:104A2000019100F009FA019905F1100251F8043BD7
:104A300045F8043B9542F9D14AF20453A9F80430F1
:104A400000F0ECF9B9F81230DB07FBD5A0455F4464
:104A50005E4497D8B1E76FF0020007B0BDE8F08F71
:104A60006FF00100C3E74FF0FF3070475C445A46D7
:104A7000C1E700BF00400041006000410078A0F1A4
:104A80002300B0FA80F04009704700BF70B5144DA4
:104A90002C680CB1204670BD4FF400415F20F6F742
:104AA0007DFA214606466020F6F778FA002818BFFE
:104AB000064688200CF0A6FF0A4B0446C6F50022E5
:104AC00040F8043B21463346FFF7CCF9002242F27E
:104AD000107384F88420A4F87A302C60204670BDCE
:104AE00070030020BC2D020038B5FFF7CFFF051D75
:104AF00004462846FFF77AFB28B903461A4628469B
:104B00000249FFF7F9FB204638BD00BFE02D020047
:104B100070B505460C46FFF7E7FF2B6806461B6A93
:104B2000284698476368014604F10802301DBDE835
:104B30007040FFF7B1BD00BF38B50446FFF7D4FFA2
:104B4000236805461B6A204698470146281DBDE894
:104B50003840FFF765BE00BF38B50446FFF7C4FF15
:104B6000236805461B6A20469847002301461A46DB
:104B7000281DFFF7C1FBC043C00F38BD38B5044640
:104B8000FFF7B2FF2368051D1B6A204698470023E4
:104B900001461A462846FFF7AFFB011E11DB002035
:104BA000F5F784FE0446F7F709FF636804F108028D
:104BB00000212846FFF7A0FB2046F7F70DFF20460F
:104BC00038BD0024204638BD38B5FFF78DFF0446B8
:104BD000051D0C4800F0F6FB0B492846FFF74AFD7F
:104BE000D4F88030D4E903125B0803EB4303521A74
:104BF000B2EB930F00D338BD2846BDE83840FFF72D
:104C00006FBA00BFCC2D02007D4A01002DE9F047AC
:104C10000446FFF769FF002383610546F6F786F92E
:104C20008146F7F7CBFE236820461B6A9847236826
:104C300006465B6A2046984796F80080074604358A
:104C400009F1040A2846FFF77FFB3A46314618B3BC
:104C50008468B8F1230F204602D02378232BF1D0AB
:104C60000CF0F4FE4FF0FF310028EBD12046F5F7B1
:104C700099FD0446F7F7A2FE2246B9F808105046FF
:104C8000F8F752F82046F7F7A7FE2846FFF75CFB37
:104C90003A4631460028DBD14846F7F79DFE4846A4
:104CA000BDE8F08730B5104D2C6883B014B12046B4
:104CB00003B030BD18200CF0A5FE4FF0FF310446C4
:104CC0000620F6F76BF9F8F7B9FF00230222014638
:104CD00001922046009340F6B83202F037F92046A0
:104CE0002C6003B030BD00BF7403002070B50D46CA
:104CF0000446FFF7D7FF2A46214680881023BDE8E7
:104D00007040F8F7E3BC00BF08B5FFF7CBFF02F037
:104D100077F8003018BF012008BD00BF30B5164D30
:104D20002C6885B014B1204605B030BD4FF0FF317E
:104D30001B20F6F733F9F8F781FFD8B12C200CF0DF
:104D400061FE4FF0FF3104461B20F6F727F9F8F714
:104D500075FF0A4B0A490B4A0391029301460093DF
:104D600001922046084B082203F0E4FA20462C600A
:104D700005B030BD2C68D6E77803002000401C4603
:104D800000C08843004053450000C8412DE9F04170
:104D900005460C4690461E46FFF7C0FF10B3036859
:104DA0009B6907469847B8F1000F0AD004EB8404CA
:104DB00063000D49A3F5A07381FB0321DC17C4EB4D
:104DC000A104012DA1B2384609D001F037FD3246C9
:104DD0002946B8881023BDE8F041F8F777BC01F008
:104DE00047FDF4E7BDE8F081398EE33810B504469D
:104DF000FFF794FF68B101F0ADFC4CB100EBC000CF
:104E0000054B400083FB0023C017C0EBA3002030FC
:104E100010BD1520F1E700BF67666666054A137886
:104E2000013B5BB2002B01DD137070470023137050
:104E300062B67047DE09002072B6024A1378013369
:104E400013707047DE09002020BF704706480749ED
:104E50000368086800224DF804BD42EA000B58467A
:104E600019465DF804BB704710608000FC6180004B
:104E70004FF47A7303FB00F001F04EBF01F04CBF1A
:104E800000F0D6B8074B084A1A60BFF34F8F0749A6
:104E9000074BCA6802F4E0621343CB60BFF34F8F45
:104EA00000BFFDE7FCFF0220EF6926F000ED00E007
:104EB0000400FA05704700BF004870470000032057
:104EC0004020F7F707BD00BF81637047416370471B
:104ED000C1637047C06B7047EFF30880704700BF35
:104EE000406B7047C0E9001283607047FEE700BF67
:104EF0001C491D4A914208B50ED01C4B9A420BD258
:104F0000101D03331B1A23F00303034451F8040B51
:104F100042F8040B9A42F9D1154A164B9A420AD22A
:104F2000111D03335B1A23F003030B44002142F8E5
:104F3000041B9A42FBD1104A104B22F07F029A6068
:104F4000D3F8882042F47002C3F88820BFF34F8F53
:104F5000BFF36F8F00F014F80CF0D0F8F9F7A0FC55
:104F6000FEE700BF203F02000000002014020020E6
:104F700018020020140A00200040000000ED00E0AC
:104F800008B504F0B5F904F009FAFFF793FF034BF5
:104F90001A886FF305121A8008BD00BF0040004157
:104FA00088B110B504460CF0A3FD013820448442BA
:104FB00007D22378027804F8012B00F801398442E3
:104FC000F7D3002010BD6FF47A707047F8B549B37D
:104FD00080EAE074C4EBE0744F1E0025DFF84CC09B
:104FE00000E01D468CFB0423E217C2EBA30202EB98
:104FF0008203C4EB43033033564207F8013F1446A3
:105000006B1C002EEDD1002801EB030203DA2D22E8
:105010000235CA544A19002308461370FFF7C0FF2F
:105020003046F8BD6FF47A76FAE700BF67666666C9
:10503000014B1860002070477C0300200048704737
:1050400016FCFFFF70B584B004AC04E90F00BDF896
:105050000230012B18D0022B14D1154C154E04F53B
:10506000807501E0AC420DD054F8040F0028F9D04F
:10507000C3885B04F6D503689B68B342F2D09847B7
:10508000AC42F1D104B070BD094C0B4E04F58075F3
:1050900001E0A542F6D054F8040F0028F9D0C388E7
:1050A0009A04F6D503685B68B342F2D09847F0E7FC
:1050B0007C030020CDDC0000399500002DE9F04193
:1050C000304C82B02246002302E00133402B05D051
:1050D00052F8041B0029F8D144F823002A4C237805
:1050E000DB070AD4294D2B683BB1012310224FF472
:1050F0007A60002101F05EFD10B102B0BDE8F081E0
:105100002820D5F80080224E0CF07CFCC0230093B0
:105110000122204B1021074600F0F8FED8F800309D
:105120005B68B34222D1384600F008FF38460CF0E5
:1051300060FC28202F680CF065FCC023009302223D
:10514000144B0F21054600F0E1FE3B685B68B3425B
:1051500012D1284600F0F2FE28460CF04AFC2378D3
:1051600043F00103237002B0BDE8F08140463946A8
:1051700098470028DDD0D6E73846294698470028CA
:10518000EDD0E6E780030020DF090020B40800200E
:105190003D5001004550010010B4084C0023224648
:1051A00002E00133402B06D052F8041B8142F8D1B3
:1051B000002244F823205DF8044B70478003002050
:1051C000004870478C290200084600F0A5BC00BFCB
:1051D0000846FFF755BE00BF0846FEF79FB900BF5F
:1051E000FFF734BE0846FFF743BE00BFFFF74ABED5
:1051F0002DE9F047DFF870A0DFF8709056460746BB
:1052000056F8044B0AF582780B19B3F5806F0D46FA
:105210000FD22A4639463019FCF734FADAF8003052
:105220001D440AEB050300221A71CAF80050BDE8BC
:10523000F087A4F58074224641460A48CAF8004027
:105240000CF013FCC4F5806230190021FDF7ACFBB3
:10525000DAF800402B19B3F5806F4FF01501D8D361
:105260004F46D1E78404002080040020102E020065
:1052700030B587B062B901AC2146FFF7A7FE2046E2
:105280000CF036FC01462046FFF7B2FF07B030BDF8
:10529000054600241C220CE08BB902B334B1084649
:1052A000303006AB2344013403F8140C043A131DC8
:1052B0000AD025FA02F303F00F030029ECD0092BE2
:1052C00058B2EDDD3730ECE706AB1C44002304F8A0
:1052D000143C0221034801ACFFF78AFFCFE71046D8
:1052E000DEE700BF0C2E02002DE9F04383B00E462E
:1052F0000546FFF7A1FDDFF8C8802F4F043E294681
:1053000002E0252A194612D00B460C4613F8012B51
:10531000002AF6D1491B2846FFF76AFF02212748D9
:10532000FFF766FFFFF77AFD03B0BDE8F083EB43BC
:1053300019442846FFF75CFF637856F8049FCDF8C0
:105340000490642B04F1020527D00AD8582B19D0F9
:10535000632B10D0252B1BD003214046FFF748FFBD
:10536000CDE7732B1FD0782B0AD1484601220021AC
:10537000FFF77EFFC3E7012101A8FFF739FFBEE772
:10538000702BE9D1012248461146FFF771FFB6E7BD
:1053900001213846FFF72CFFB1E7002248461146AD
:1053A000FFF766FFABE748460CF0A2FB0146484614
:1053B000FFF71EFFA3E700BF282E0200302E0200D9
:1053C0002C2E02000FB400B583B004A951F8040BD1
:1053D0000191FFF789FF03B05DF804EB04B070475B
:1053E0000048704716FCFFFFB2B1D36970B505469F
:1053F0000E46144613B11E20FEF790F832680132B3
:105400002B6813B1181D28601C60A4691346013273
:10541000002CF5D1336070BD704700BF10B5044655
:10542000FFF70AFDE3696BB1A2699A61A3690BB149
:10543000E269DA610023C4E906336361BDE8104024
:10544000FFF7ECBCD4E905321A60EFE710B584B081
:1054500004AC002344F8043D0190FFF7EDFC0E4B33
:1054600021461A6801A8FFF7BFFF0C4B21461A68B6
:1054700001A8FFF7B9FF0A4B21461A6801A8FFF7F8
:10548000B3FFFFF7CBFC019B13B1064A12681A6009
:105490000398013004B010BD940800208C0800204F
:1054A000A00800209C08002038B50D460446FFF7F0
:1054B000C3FC2A6865610AB90AE01A469369002BA1
:1054C000FBD19461C4E90632BDE83840FFF7A6BCC1
:1054D000C4E906222C60BDE83840FFF79FBC00BF3E
:1054E0002DE9F04184B004AC04E90F00114B1C68B5
:1054F000DDE902014FF47A72002309F0CDF8B4B16E
:10550000DFF8348006460F46E268A56900239F4213
:1055100008BF964208D3636920460BB1FFF77EFFB0
:1055200020464146FFF7C0FF2C46002DECD104B0C9
:10553000BDE8F0818C080020940800202DE9F04F90
:10554000DFF8E08093B0D8F8005004AC84E80F0096
:10555000002D32D02F4BBDF810401A68BDF81260F4
:10556000AAB12D4F4FF0000A40F2FE3540F2FF394C
:10557000D368D2F818B0190CAC429BB288B21FD0D5
:10558000002B33D09C4231D05A46002AF0D1A4F2ED
:10559000FE33012B11D9D8F80050204B102732468A
:1055A000214608A8009700F0B1FC2B681C4A9B68B4
:1055B00093422AD108A800F0C1FC13B0BDE8F08FD7
:1055C0004B45DDD109B1B042DED1BAF1000FDBD1DC
:1055D000536923B110460392FFF720FF039A104648
:1055E0003946FFF761FF4FF0010ACDE709B1B0423C
:1055F000CAD1536923B110460392FFF70FFF039AF4
:1056000010463946FFF750FFBEE7284608A99847DD
:10561000D0E700BFA0080020940800203D550100FD
:10562000E15301008808002038B5FFF705FC124B54
:105630001C6894B1636913B12046FFF7EFFEFFF7D2
:10564000EDFB0023236123622568FFF735FC01464B
:105650002846FFF73DFC204638BD24200CF0D2F947
:10566000242200210446FDF79FF9FFF729FC0023BF
:10567000C4E90003A360E2E7980800200A4B10B5D4
:105680001C682369DB0701D4204610BDFFF7CCFF5F
:10569000064B18600028F7D0236A036200232362B8
:1056A0000446204610BD00BF84080020900800205A
:1056B0002DE9F041454D2A7812F0010482B002D064
:1056C00002B0BDE8F081424E424F3060FFF7ACFFC0
:1056D000414B42491860FFF7E7FEFFF7A5FF38602E
:1056E000D0F80080FFF7E8FB011F4046FFF7EEFB14
:1056F0003B683B491868FFF7E7FB3768002F4CD041
:1057000028200CF07FF9C0232246009340F2FF319D
:10571000344B354C804600F0F9FB3B685B68A34294
:1057200042D1404600F00AFC40460CF062F92820C5
:10573000D6F800800CF066F9C02300930022294BB4
:1057400040F2FE31074600F0E1FBD8F800305B681C
:10575000A34235D1384600F0F1FB38460CF049F948
:1057600001230F2200214FF47A6001F023FA282050
:1057700037680CF047F9C023009301221B4B0F211F
:10578000064600F0C3FB3B685B68A34212D130467B
:1057900000F0D4FB30460CF02CF92B7843F00103D9
:1057A0002B7002B0BDE8F08138464146984700288A
:1057B000BDD0B6E73846314698470028EDD0E6E739
:1057C0004046394698470028CAD0C3E7E009002080
:1057D000880800209C0800208408002094080020ED
:1057E0001D5D01003D5501003D500100E1540100E7
:1057F000024B187800F00100704700BFE00900205C
:10580000F0B51F4F3B6883B0002B37D01D4B1B7882
:10581000DB0733D50E460446FFF730FF436944EA01
:1058200006420546C2600BB1FFF7F8FD284616494F
:10583000FFF73AFEA4F2FE33012B16D928203F6869
:105840000CF0E0F8C0233246009321460F4B05468A
:1058500000F05CFB3B680E4A5B68934208D1284627
:1058600000F06CFB28460CF0C4F8002003B0F0BD3B
:105870003846294698470028F7D0F0E70548F5E76D
:1058800088080020E0090020A00800203D55010004
:105890003D50010016FCFFFF2DE9F04128B321B374
:1058A0000546984617460E46FFF7BEFE0446E0B191
:1058B00032463B4629460068FFF714FB2568FFF790
:1058C000FBFA011F2846FFF701FB0A4B0A49206833
:1058D000B8F1000F18BF1946FFF7F6FA204607493E
:1058E000FFF7E2FD2046BDE8F08100242046BDE838
:1058F000F08100BFF55C0100215C010094080020EC
:10590000074B1B7813F0010308D010B41446012391
:105910000A4621465DF8044BFFF7BEBF18467047A4
:10592000E0090020024B1868B0FA80F04009704787
:105930009408002030B50F4D2B789A0785B004D518
:105940000D4B1B6873B105B030BD43F00204022259
:1059500001230F2168462C7003F034FB064B1B68B3
:10596000002BF0D12B7823F002032B70FFF76CFA99
:1059700005B030BDE0090020940800202DE9F04179
:105980005A4D2C682369D90747D4594E594F32686C
:105990003968002A31D06069B04200F098802A60EE
:1059A0008A422BD094426FD08C426FD0524B6269A6
:1059B0009A426BD02068FFF78DFA0646FFF78CFA03
:1059C000D4E90131301ACA1A904268D900F1200195
:1059D0002F682C6021F01F06002B40F0828030469B
:1059E000F6F778FF3118C4E901012F602068BB6821
:1059F0003A68BDE8F04103F0D9BC29601B0755D5D2
:105A00002C60FFF797FF3368002BFAD09C422B6085
:105A10003AD039688B42C7D14BE0384E20683268A3
:105A200043F0020323611369146843F00403136114
:105A3000FFF756FA01462046FFF74AFA37683868FA
:105A4000FFF748FA0446FFF747FAD7E90123201A7F
:105A50009B1A98420FD92030D5F800802F6020F093
:105A60001F04002A39D12046F6F734FF0444C7E961
:105A70000104C5F8008033689968186803F0D7FC02
:105A80002B681A6992070CD4BDE8F0812A680021BE
:105A9000936812680846BDE8F04103F087BC2F68A0
:105AA000A4E71868BDE8F04103F0FBBC2B689C42FA
:105AB000EAD01E68FFF700FA011F3046FFF706FA2A
:105AC0003B680F491868FFF7FFF939686CE7A06970
:105AD000002818BF02462A6062E71046F6F74AFD22
:105AE000C1E71846F6F746FD79E700BF84080020B5
:105AF000940800209C0800209808002090080020AE
:105B00001D5D0100034B1B78DB0701D5FFF736BF96
:105B1000704700BFE009002070B5104D2A78D20709
:105B200014D50446FFF7AAFD064601F023F8736971
:105B30002044F06013B13046FFF770FC304608494E
:105B4000FFF7B2FC2B78DB0704D470BDBDE87040D2
:105B5000FFF78EB9BDE87040FFF710BFE0090020E5
:105B60008C08002000B583B0FFF74AFE18B9074B38
:105B70001B78DB0702D403B05DF804FB0190FFF74C
:105B8000FDFE019803B05DF804FB00BFE0090020B2
:105B900038B51B4D2868436913B1FFF73FFC2868EF
:105BA000184C2146FFF780FC24684CB1A369002201
:105BB00023B11C460132A369002BFAD1032A0EDC63
:105BC0002B6800221A611C68FFF776F9014620460F
:105BD000FFF77EF90C4B1B78DB070CD438BDE2696C
:105BE00020689361F6F7C6FC6068F6F7C3FC2046B0
:105BF000F6F7C0FCE4E7BDE83840FFF7BFBE00BFE2
:105C00008408002098080020E0090020034B1B783E
:105C1000DB0701D5FFF7BCBF704700BFE0090020DC
:105C200010B50C468047A047044B1B78DB0700D417
:105C300010BDBDE81040FFF7ABBF00BFE00900207A
:105C4000034B1B78DB0700D47047FFF7A1BF00BFF1
:105C5000E0090020002842D02DE9F041DFF89080D3
:105C600098F80030DC0782B032D51E4F3B680A46F8
:105C700019694907054601D11C6A44B12846012328
:105C80001949FFF709FE002002B0BDE8F08118684D
:105C9000019203F0EEFB3968019A0B6913F00206DA
:105CA00018D143F0010310460B61A8473B681869FF
:105CB0001E6220F0010210F004001A61E4D098F88E
:105CC000000010F00100DFD0FFF762FF3046DBE795
:105CD0000648D9E723F003030B612046D4E76FF4AD
:105CE0007A70704784080020415C010016FCFFFFB9
:105CF000E009002038B50346144610460D46984783
:105D00002046A847044B1B78DB0700D438BDBDE80C
:105D10003840FFF73DBF00BFE009002008B5044C44
:105D2000FFF708FE2378DB07FAD5FFF727FEF7E732
:105D3000E0090020F8B50C4C05460E462778FFF721
:105D40007BF80A4A731B02EBC7019B0843F0004330
:105D500042F837504E602B60237801332370FFF7F1
:105D60005DF80020F8BD00BFE2090020A408002073
:105D7000064B1B78834207D9054B03EBC00253F84F
:105D800030305068C01A704700207047E209002088
:105D9000A4080020F8B583074FEA90063BD188B1EC
:105DA0000D46FFF749F8D5E90045771CA54206D90D
:105DB0002368002B07DB04EB8304A542F8D8FFF728
:105DC0002DF80020F8BD23F00043990054F823205B
:105DD000002A04EB01000DDB0EE022F00042134428
:105DE00043F00042226054F823209900002A04EB7B
:105DF000010001DA8542F0D89F4201D90C44D5E771
:105E000002369E4209D3236823F000432360FFF744
:105E100005F8201DF8BD0136C2E704EB8606B54241
:105E2000F1D9DB1B43F0004346F8043C2760EEE762
:105E300038B5044640B10C4D2B783BB120460B4998
:105E4000FFF7A8FF044658B1204638BD0849094A63
:105E5000086809491370FFF76DFF01232B70EDE708
:105E60001420FDF75BFBEFE7E1090020A408002008
:105E700014000020E209002000D80220A0B10E4B3F
:105E80001A6882420DD25B6883420AD950F8043CFA
:105E9000002B10B5044608DD43F0004344F8043CF1
:105EA00010BD1E20FDF73ABB70471E20FDF736FBE4
:105EB00054F8043CF0E700BFA408002038B501FB0B
:105EC00000F52846F6F706FD044628B101232A46C8
:105ED00003600021FCF768FD204638BD70B504461C
:105EE00008460E46F6F7F6FC054664B158B154F87C
:105EF000042C9200B242A8BF32462146FBF7C2FBF7
:105F00002046F6F737FB284670BD00BF2DE9F0416B
:105F100004461030884617461E46BDF8185003F058
:105F200071F80020E060C4E90800A4F800806780F0
:105F3000A660A5802046BDE8F08100BF83889B074E
:105F400010B5044602D580680BF053FD204610BD05
:105F500082B070B586B00AA981E80C00036A4BB321
:105F60001C696CB1012200E01C4623690132002B40
:105F7000FAD1092A05DD06B0BDE8704002B07047CD
:105F80001C460AAB0FCB02AD85E80F0018200BF0C2
:105F900039FD06AB064613E9030095E80C008DE8D1
:105FA0000300304603F054F8266106B0BDE87040A7
:105FB00002B0704704460FC902AD85E80F001820F3
:105FC0000BF020FD06AB064613E9030095E80C0034
:105FD0008DE80300304603F03BF8266206B0BDE8CA
:105FE000704002B0704700BF0020704710B5044BEE
:105FF000036000230446C380FFF7CEF8204610BD9F
:10600000342A020010B5064B036000230446C38007
:10601000FFF7C2F820460BF0ECFC204610BD00BF95
:10602000342A020038B50446074B0360002545605A
:10603000FFF744F8E388054A258143F48053226042
:10604000E380204638BD00BF342A02003C2E020007
:106050000346002200891A81704700BF00897047FB
:10606000807A70470048704716FCFFFF10B5044B5C
:10607000036000230446C380FFF78EF8204610BD5E
:10608000342A020010B5064B036000230446C38087
:10609000FFF782F820460BF0ACFC204610BD00BF95
:1060A000342A020038B5036881720D4D9A6AAA42FB
:1060B000044608D15B6A0B4A0B4D93420AD1A07A81
:1060C000A072284638BD90472368064A5B6A93420F
:1060D0000546F4D020469847A072284638BD00BF38
:1060E000656001006160010016FCFFFF38B50368C0
:1060F0000D4D9A6A0181AA42044608D1DB690B4A18
:106100000B4D93420AD120892081284638BD904703
:106110002368064ADB6993420546F4D02046984737
:106120002081284638BD00BF656001005D60010028
:1061300016FCFFFFF8B504460025144B03604560CC
:106140000E461746FEF7BAFF94F82A30A6614FF0C4
:106150000112C4E90B22022103F0F90365F3C30322
:106160000B4E6562142084F83450A1722081A58101
:10617000E58125826582A582E582A780E580258567
:10618000E58684F82A3026602046F8BD342A0200CD
:10619000602E0200B0F90C1011F5C87FF8B580F23E
:1061A000968090F82A3013F0020340F09880B0F9FE
:1061B0000E5015F5C87F77DA90F82A2012F0040205
:1061C0007AD1B0F9104014F5C87F3CDA90F82A2053
:1061D00012F008023FD0B2FA82F390F82A6090F8E9
:1061E00034205B0963F3C30680F82A60032A09D8C8
:1061F0000132D2B2012A80F8342000F09680042ABD
:1062000000F08580C38E90F82A6001339BB216F0AF
:106210000107C38672D01D2B23D90023C38680F8C3
:1062200034300368444ADB6A6FF30006934280F817
:106230002A601BD004469847B4F90C10B4F90E50EC
:10624000B4F9104012E0B4F5C87F04DD90F82A20BC
:1062500012F00802BFD090F83420002BC6D1002ADB
:10626000D0D10368344ADB6A9342E3D105FB05F3DE
:10627000324A01FB013304FB043393423CD911F54C
:10628000487F4EDBB1F5487F4DDC15F5487F4EDB8E
:10629000B5F5487F39DC14F5487F4ADBB4F5487F13
:1062A000D4BF00200620F8BDB5F5C87F89DD90F881
:1062B0002A2012F0040284D1B2FA82F390F82A2044
:1062C0005B0963F3820280F82A20012379E7B1F5A4
:1062D000C87F0FDD90F82A3013F002030AD190F83E
:1062E0002A20B3FA83F35B0963F3410280F82A2082
:1062F00001235CE700235AE70720F8BD092BB0D93A
:10630000013A80F83420C786ABE70120F8BD90F849
:106310002A30002243F0010380F82A30C2860B2085
:10632000F8BD0320F8BD0420F8BDC28699E702201D
:10633000F8BD0520F8BD00BF65600100FF700200D8
:1063400030B50368484ADB6A934285B004465ED1A3
:10635000B4F90E20B4F90C30B4F9105002FB02F27B
:1063600003FB032305FB0535B5F5800F16D9A38D77
:10637000002B4ED0B5F5100F24D8012384F825301A
:106380002046FFF707FF0B2814D0238D834230D01F
:106390000023208584F8243005B030BD94F82530E2
:1063A000042B5ED90023C4E90B332046FFF7F2FE2D
:1063B0000B28EAD1024601230D21684602F002FEB5
:1063C00005B030BDE38D002B42D0B5F1107FD4D99C
:1063D000238EA3B3B5F1806FCFD9638E002BCCD1C0
:1063E00001230A220D21684602F0ECFD0123638699
:1063F000C3E794F82430E28C042B16D80133DBB2C7
:10640000904284F82430C7D0052B10D0C4E79847B9
:106410009EE701230C220D21684602F0D3FD0123E3
:10642000B5F5100FA385A8D9CCE79042B4D0E0848D
:10643000024601230D21684602F0C4FDC0E7012396
:1064400009220D21684602F0BDFD01232386C1E724
:10645000012308220D21684602F0B4FD0123E385E3
:10646000B3E70133DBB289E76560010010B588B09E
:1064700002AB83E806009A88C0F812100446C28274
:1064800081690CCB684602F073FDE3880098BDF883
:106490000420228223F00203E060E3802046FFF71D
:1064A0004FFF0123A1881A4604A802F08BFD0020AB
:1064B00008B010BD0368064ADB6A934210B5044673
:1064C00002D1B4F90C0010BD9847B4F90C0010BD0E
:1064D000656001000368064ADB6A934210B5044612
:1064E00002D1B4F90E0010BD9847B4F90E0010BDEA
:1064F000656001000368064ADB6A934210B50446F2
:1065000002D1B4F9100010BD9847B4F9100010BDC5
:10651000656001002DE9F04F824683B0B0F90C00B0
:1065200007F0B8FCCDE90001BAF90E0007F0B2FCA3
:106530008046BAF91000894607F0ACFC02460B46CB
:1065400006460F464046494608F070FD08F004F83C
:10655000CAF82000044608F031FC0546204608F041
:10656000F1FB8346284607F0A7FC42464B4607F05E
:10657000FBFC80465846894607F09EFC32463B4667
:1065800007F0F2FCDDE9006702460B46404649464B
:1065900007F034FB344607F1004502460B4620461F
:1065A000294607F00BFEEEF753FB07F0D5FFBAF8CC
:1065B0000630CAF81C0043F00203AAF8063003B004
:1065C000BDE8F08F0368084ADB6A934210B50446C1
:1065D00007D1E3889B0702D42046FFF79BFFE069C1
:1065E00010BD9847F5E700BF656001000368084AE1
:1065F000DB6A934210B5044607D1E3889B0702D4B7
:106600002046FFF787FF206A10BD9847F5E700BFD7
:1066100065600100016882B08DE80C008B6902B0F2
:10662000184700BF82B070B50C4684B00546496873
:10663000206802AC03C4039908AC481084E80C003D
:10664000CB0745BF2A58029B029CD4580AAB2E1890
:1066500093E803008DE8030008AB0CCB3046A0475D
:1066600004B0BDE8704002B0704700BF2DE9F043B0
:10667000324D0560002683B04660154604460F463D
:106680009846FEF71BFD2E4BA78040F2FF32D3F851
:1066900000902C4B23609542A8BF15466581B9F147
:1066A000000F2ED028200BF0ADF90546103002F077
:1066B000A9FC03232F806B8018200BF0A3F9224A3A
:1066C000CDE9002607466A46034603CA47F80C4B45
:1066D000DE607E6058609960D9F80020EE605268F4
:1066E0001A49AB60C220A8808A4219485861C5E99E
:1066F00008661CD12846FFF721FC28460BF079F9E3
:10670000A788B8F1000F0CD01FFA88F00021A4F878
:1067100008803A46032300F065FA204603B0BDE83E
:10672000F0834FF4FA7000214FF4FA78EFE748460F
:10673000294690470028E3D0DCE700BF342A020056
:10674000B40800209C2E0200156601003D50010097
:1067500025660100008A704710B5C38803F0120255
:10676000102A84B0044617D003F00C03082B01D084
:1067700004B010BD228AE3899A42F9D801231A464F
:10678000A188684602F01EFCE38823F0020343F070
:106790000403E38004B010BD018A82899142E3D3EF
:1067A000012381880222684602F00CFCE38823F072
:1067B000040343F00203E380D6E700BF036810B58B
:1067C0000446DB699847E388DA070FD56189238A95
:1067D000C1F57F7200FB01F0033202FB0300800A67
:1067E00020822046BDE81040FFF7B6BF43F001030A
:1067F0002082E3802046BDE81040FFF7ADBF00BF18
:1068000040F2FF339942A8BF1946418100207047EA
:10681000002938B50BDD89B28CB200250181828850
:1068200029462046032300F0DDF9002038BD4FF44F
:10683000FA714FF4FA740025F0E700BF08B5C38879
:10684000DA0602D582898A420FD023F0020242F092
:1068500010021B078181C28007D5C3890139994283
:10686000A8BF194689B200F003F8002008BD00BF98
:1068700008B5C3881A0702D5C2898A420FD023F00F
:10688000040242F00802DB06C181C28007D5838979
:1068900001319942B8BF194689B2FFF7CFFF0020F6
:1068A00008BD00BF10B5044B036000230446C3803D
:1068B000FEF772FC204610BD342A0200C1600020A1
:1068C000704700BF08B580680368DB6A98470020FE
:1068D00008BD00BF08B5806803685B6A9847002060
:1068E00008BD00BF2DE9D847044692469946FEF7F9
:1068F000A3FAA66894F80D8034683046636CA76BE1
:1069000098474B465246002B08BF0A2A38BF0A2236
:10691000024441463046B847BDE8D847FEF77EBA44
:106920002DE978480646FEF787FAB06803685B6C85
:106930009847B288F38880B2D6E90645821A92B2A7
:10694000134414EB020B9BB245F1000CB3F57A7FB4
:10695000B080C6E906BCF3800DD3D6E90401A3F5E7
:106960007A7301309BB241F10001B3F57A7FF6D220
:10697000C6E90401F380BDE87848FEF74FBA00BFCE
:106980002DE9F84F1646C26ABDF82880BDF82C9054
:106990009DF830A0002A0EDD446A1F46238873B19B
:1069A0002346002102E01D881C4645B10131914279
:1069B00003F11803F7D16FF47B70BDE8F88F05463B
:1069C000FFF7AEFFD5E9062312EB060B43EB070CEE
:1069D000BAF1000F20D100200146C4E90201C4E948
:1069E00004BCA4F80080A4F80290FEF725FAA96A76
:1069F00039B1D4E90423D1E904018B4208BF8242B2
:106A000005D2AC6232463B462846FFF76BFFFEF7E5
:106A100005FA0020BDE8F88F30463946DDE700BFB3
:106A20002DE9F003C56A436A00218D4281622DDDA4
:106A30000A461C88013254B139B1D3E90467D1E95F
:106A400004894F4508BF464501D283621946AA42D0
:106A500003F11803EDD1C9B1D0E90689D1E90445A4
:106A600018F10A0649F10007BD4208BFB44207D336
:106A7000B4EB080265EB0903BDE8F003FFF732BF92
:106A80000A220023BDE8F003FFF72CBFBDE8F003A6
:106A9000704700BF2DE9F04F82468BB059B1846832
:106AA000067B236820465A6C9D6B9047274A3146E7
:106AB00002442046A8475046FFF732FFDAF82C2060
:106AC000DAF82440002A2EDD0025AB46238813B3D4
:106AD000D4E90401DAE906678F4208BF8642CDE9AE
:106AE000040118D3D4E9028958EA0901628820D147
:106AF000DAF828104FF00000A142208022D00121B6
:106B00000291CDE90067194606A802F06BFADAF89F
:106B10002C200BF1010B0135AA4204F11804D5DC3D
:106B2000BBF1000FCCD15046FFF77AFF0BB0BDE8A8
:106B3000F08FDDE9040110EB080041EB0901C4E925
:106B40000401DCE70021CAF82810D8E780969800F5
:106B5000074B1B6853B1197B084110F0010118461F
:106B600001D1FFF797BF0121FFF794BF704700BF26
:106B7000B0080020064B10B51C682CB12046FFF76A
:106B8000CFFED4E9040110BD0020002110BD00BFDC
:106B9000B0080020064B10B51C682CB12046FFF74A
:106BA000BFFED4E9060110BD0020002110BD00BFCA
:106BB000B008002070B5094C266884B066B11D4647
:106BC00014460B4601210246CDE9004530460291AC
:106BD000FFF7D6FE04B070BD0148FBE7B008002007
:106BE00016FCFFFF2DE9F04F134C266885B006B365
:106BF0009C4644014B01241A43EAD06565EB01052C
:106C00008946A300A900174641EA94711A1841EB7E
:106C10000903D90041EA5271D0000B460121024616
:106C2000CDE9007C30460291FFF7AAFE05B0BDE831
:106C3000F08F0248FAE700BFB008002016FCFFFF03
:106C400070B50E4D2C68B4B12046FFF769FE0C4BB1
:106C5000A66942F2107098472C682046FFF760FE44
:106C6000A3690849053B9B1B42F210720020B2FB4E
:106C7000F3F30B6070BD044870BD00BFB008002086
:106C800019000020AC08002016FCFFFFF8B50D46E7
:106C9000437316460A231B4A1B4901600446C3621C
:106CA000856006730121F0201460FFF707F92B6857
:106CB000164F9A69606200210020A162BA424FF02B
:106CC0000001C4E90401C4E9060115D1104AEA60D3
:106CD0003146104A9B6B28469847A06803681B6A98
:106CE0009847A068036800225B6CE2809847A08008
:106CF000FFF7A6FF2046F8BD284605499047A5683E
:106D00002B68E5E7B0080020C42E0200BD68010032
:106D1000516B0100809698002DE9F843124D2E68C2
:106D200006B3124B04461868A8B93046FFF7F8FDC1
:106D3000D6E9066716EB040847F100092C682046DF
:106D4000FFF7EEFDD4E906234B4508BF4245F5D3D6
:106D50000020BDE8F88304FB00F0054B98470020B5
:106D6000BDE8F8830348F4E7B0080020AC08002031
:106D70001900002016FCFFFF6FF47D70704700BF04
:106D800010B5034B03600446FFF78CFD204610BD91
:106D9000D42E020010B5054B03600446FFF782FDB8
:106DA00020460AF026FE204610BD00BFD42E020069
:106DB0004069044A03685B69934202D16FF47D70B5
:106DC00070471847796D010038B504460D464FF4F9
:106DD000FA7311464FF45972FFF748FC034B656193
:106DE00020462360FFF7EAFC204638BDD42E02007F
:106DF0006FF47D70704700BF6FF47D70704700BF07
:106E0000C08800F00100704710B5034B03600446D2
:106E1000FFF7ECF8204610BDFC2E020010B5054B24
:106E200003600446FFF7E2F820460AF0E2FD204640
:106E300010BD00BFFC2E0200C388DB0400D47047E5
:106E40002DE93048036888B0DB6904469847227C06
:106E5000E38878B10B2A04D80132D2B2082A22740E
:106E60000ED9D9071ED503F00305012D2CD008B08B
:106E7000BDE8308832B1013AD2B2082A2274F0D883
:106E8000012AF0D8DA07EED523F00103E3800222CD
:106E90000123A188684602F095F8657C012D2CD06D
:106EA000E388E0E743F001020123E280A1881A466B
:106EB00004A802F087F8238901332381FFF75AFEE3
:106EC000227CE388E060DBE7FFF754FEE368B0EB89
:106ED000030B61F1000C002340F2DB52634508BF55
:106EE0005A45C4D2E288A18842F00202E2802B46D1
:106EF000052204A802F066F8B9E7FFF73BFEE36855
:106F0000B0EB030B61F1000CBCF1000F08BFBBF547
:106F10007A7F2B462CBF04220322A18804A802F00A
:106F200051F8BDE710B504464069074A03685B683D
:106F3000934207D16FF47D70A37C181AB0FA80F0E9
:106F4000400910BD9847F7E7F16D01002DE9F843BE
:106F500004460D46914698469DF820609DF82470A1
:106F6000FFF760F8002121742B680C481A6C0C4B59
:106F7000A4F804908242656184F81180A6742360AD
:106F8000E16006D1E38843F40053E3802046BDE886
:106F9000F883394628469047F4E700BFF96D0100B1
:106FA000FC2E0200417470476FF47D70704700BF83
:106FB00010B5044B036000230446C380FEF7ECF8D1
:106FC000204610BD342A020010B5064B0360002392
:106FD0000446C380FEF7E0F820460AF00AFD20468A
:106FE00010BD00BF342A020038B50446C06890B115
:106FF00003680F4D1B68AB4216D1206903681B68FC
:10700000AB420ED10A20FEF787FD2046094901F068
:1070100045FD002038BD2069054D03681B68AB4263
:10702000F0D001219847EDE701219847E5E700BF3F
:10703000A96F01001C2F020010B5044601F0EAF907
:10704000034B2360012384F82D30204610BD00BF80
:10705000982F020070B5056884B004466A46286817
:107060006968134603C34CF2DA03984219D0002131
:10707000CDE9003192E8030002AB83E8030003CBC3
:1070800004F10806A060716060680F4903685A69DE
:107090008A4209D19C690D4B9C420ED1002004B05C
:1070A00070BD019804B070BD29469047D4E90050E6
:1070B00003689C69054B9C42F0D032462946402328
:1070C000A047002004B070BD09D9000011D900000C
:1070D00070B50D4641604FF48072002104460830BF
:1070E000FBF762FC2B6811491A688A420BD19B6836
:1070F0000F4A93424FF000060DD126602046FFF75D
:10710000A9FF204670BD284690472B68084A9B6817
:1071100093420646F1D028469847A6EB0016266013
:107120002046FFF797FF204670BD00BFF1D8000052
:10713000F9D800000268A0F84210936A184700BF0F
:10714000B0F84200704700BF026880F84410936AAC
:10715000184700BF90F84400704700BFB0F84210D5
:1071600038B54FF47A75044605FB01F1244802F066
:107170002DF8244A94F844100346A2FB03239B09EC
:10718000A4F84230204802F021F8B4F8421084F804
:10719000440005FB01F11A4801F0F8FFA26BB4F8B6
:1071A0004010156840F00703DBB21046AD6920229D
:1071B000A84718BBA06BB4F84010036822229D6951
:1071C0001023A847D0B994F844100F4801F0DEFF0F
:1071D000A26BB4F840101568030103F0F0031046E9
:1071E000AD692322A84748B9A06BB4F840100368E2
:1071F00024229C690823A04700B938BD034838BD44
:10720000B82F0200D34D6210B02F02000EFCFFFF1A
:1072100010B5034B03600446FEF728FF204610BD5F
:107220002030020010B5054B03600446FEF71EFF38
:1072300020460AF0DEFB204610BD00BF20300200D1
:10724000034611B903689B6A1847806BB3F8401076
:10725000036810B49C692022A44600235DF8044B07
:10726000604700BF2DE9F041BDF81C50BDF8186023
:1072700004468846174619462A46FEF75BFF002358
:10728000142102220C482060C4F83880E763A580EE
:10729000A4F84060A4F8421084F84420A4F84630D2
:1072A000A4F84830A4F84A30E3802046FFF756FFA0
:1072B0002046BDE8F08100BF20300200C16BC388CA
:1072C0000A68F0B55268294C43F48043A24287B063
:1072D000C38003D10025284607B0F0BD0446084608
:1072E000904701280646F5D1A06BB4F8401003681A
:1072F0000196062200921D6AA82204ABA847054603
:1073000088BB0320FDF7BAFDA06BB4F840100368FA
:10731000CDE9006631221E6A0DF10F03B0479DF9D9
:1073200015309DF913609DF9111094F84470206890
:10733000DB00F600C90003FB07F306FB07F611FBB1
:1073400007F12F0CA4F84860A4F846109AB23F0445
:10735000A4F84A303A43036BD4F8461020469847C5
:10736000284607B0F0BD024DB5E700BFF16D010042
:107370000EFCFFFF08B5FFF7A1FF002008BD00BF0E
:10738000FFF79CBF01893F4AF8B54FF47A7303FBBE
:1073900001F39342044668DC3B4A934265D83B4A7A
:1073A000934264D844F62062934262D842F210724B
:1073B000934260D841F2883293425ED840F6C412BC
:1073C00093425CD8324E40F2E24106F108028B4211
:1073D00088BF1646A37A042B44D82E4D032B05F103
:1073E00002032ABF1D460222042233682A49206C68
:1073F000A272A1FB03230268218F97699B09238155
:107400002A220023B84700282AD1206C218F036844
:107410002B229F691023B84710BB206C218F036873
:107420002D229F690123B847D0B9206C218F0368B2
:107430002E229F690123B84790B9206C6B780268AF
:10744000218F95690E22A84750B9206C33790268C4
:10745000218F946943F001032A22A04700B9F8BDA7
:107460000E48F8BD0E4D0822BFE70E4EB2E70E4E95
:10747000B0E70E4EAEE70E4EACE70E4EAAE70E4E4C
:10748000A8E700BF00C409000071020080380100B5
:107490005C30020054300200D34D62100EFCFFFF3E
:1074A00058300200943002008C3002008430020018
:1074B0007C300200743002006C3002000368DB6A2A
:1074C000184700BF10B5034B03600446FEF7CEFD1E
:1074D000204610BDA430020010B5054B03600446E1
:1074E000FEF7C4FD20460AF084FA204610BD00BF16
:1074F000A4300200034611B903689B6A1847006C68
:10750000198F036810B49C692A22A44600235DF8F1
:10751000044B6047C38822495A04C26B58BF43F4E6
:10752000804330B558BFC38013685B688B4287B017
:1075300003D10025284607B030BD044610469847C1
:107540000028F6D1206C218F036806250122CDE9A1
:1075500000521D6A04ABA8470546F8B99DF9121000
:107560009DF914209DF91030A07AC900D200DB00EB
:1075700011FB00F112FB00F213FB00F32068ADF8E1
:107580000830ADF80A10ADF80C2002AB93E8060005
:10759000036B20469847284607B030BD014DC9E728
:1075A000F16D01000EFCFFFFF8B504460E461746CC
:1075B0001946BDF81C20BDF81850FEF7BBFD074B5F
:1075C0002587C4E90F7623602046FFF7DBFE18B954
:1075D000E38843F48053E3802046F8BDA4300200E2
:1075E00010B5034B03600446FEF740FD204610BD76
:1075F000F030020010B5054B03600446FEF736FD7F
:1076000020460AF0F6F9204610BD00BFF030020017
:10761000034611B903689B6A1847806BB3F84010A2
:10762000036810B49C696B22A44640235DF8044BA8
:10763000604700BF10B5836BB0F840101C6884B081
:107640000122CDE900221846246A0DF10F037522AC
:10765000A04728B99DF80F00C0F3450004B010BD45
:107660004FF6FF7004B010BD38B50446806BB4F817
:1076700040100268802395696B22A8471420FEF70A
:107680004BFAA06BB4F8401003686B229D6900238D
:10769000A847A06BB4F8401003681A229D69012323
:1076A000A847A06BB4F8401003681B229D691823FB
:1076B000A847A06BB4F84010036819229D692023E5
:1076C000A847A06BB4F84010036837229D693023A7
:1076D000A847A06BB4F84010036838229D690123C5
:1076E000A8472046FFF7A6FF01460248FDF76AFEBD
:1076F000002038BDD83002002DE9F041BDF81C60F3
:10770000BDF8185004468846174619463246FEF71B
:1077100011FD6D000023142102220B482060A4F803
:107720004050C4E90E87A6802181A272A4F844309B
:10773000A4F84630A4F84830E3802046FFF794FFD1
:107740002046BDE8F08100BFF0300200C16BC38865
:107750000A68F0B552683D4C43F48043A24287B0BA
:10776000C38003D10025284607B0F0BD0446084673
:10777000904701280346F5D1A06BB4F84010026889
:1077800001930E230093156A02AB3B22A8470546DE
:10779000002859D19DF80E209DF80F302C4E9DF8F1
:1077A00008709DF809009DF811C09DF80A109DF819
:1077B0000BE043EA02231BB203EB83035B0086FB6F
:1077C0000326DB179DF80C20C3EB261340EA0720A5
:1077D0009DF810609DF80D704CEA062C47EA0222D5
:1077E0009DF812609DF81370A4F844C003F6456339
:1077F000A4F8423000B29DF814304EEA012147EA65
:1078000006279DF81560A4F84670002809B246EADC
:107810000326B8BF0F3013B200292246B8BF0F317C
:10782000002BB8BF0F330911E181001152F80C1B76
:10783000A0811B112382A4F848600B6B204606CA66
:107840009847284607B0F0BD024D8CE7F16D010066
:10785000797878780EFCFFFF08B5FFF777FF0020F6
:1078600008BD00BF0368034ADB6A934201D1FFF7FA
:107870006DBF18475978010082B08DE80C000148AF
:1078800002B0704716FCFFFF0029406905DD08B90A
:1078900004E010B10139406AFBD17047704700BF66
:1078A00082B070B50C4684B005464968206802ACC9
:1078B00003C4039908AC481084E80C00CB0745BF0B
:1078C0002A58029B029CD4580AAB2E1893E8030056
:1078D0008DE8030008AB0CCB3046A04704B0BDE8F0
:1078E000704002B0704700BF00293AD0F8B5446933
:1078F000002C33D00D461C4E002705E0A268AB6873
:107900009A420DD0646AB4B1AA88A38853409907FB
:10791000F8D49207F2D5A968A06801F093FC78B179
:107920002B888BB96B88ABB9A3883343A380646A77
:107930000137002CE8D1002FC8BF20460EDDF8BD6E
:10794000AB889B07DED4D9E722889A42DAD16B88CC
:10795000002BE9D062889A42D4D1E5E76FF47A70BF
:10796000F8BD6FF47A7070470080FFFF00296BD07C
:10797000F0B5446985B00D4606463CB960E0A38881
:10798000980708D5914212D0646ACCB1AB882168BF
:107990002A689F07F3D49142F6D1A268AB689A4255
:1079A000F2D1A3881A0447D4294805B0F0BDA968CC
:1079B000A06801F047FC0028F3D1646A002CE5D1EF
:1079C000D6F814C02A88BCF1000F33D06446634651
:1079D00000E00B461888904211D2596A1C460029D3
:1079E000F7D163451DD0596A69625D62012340F297
:1079F000FD31684601F0E6FA002005B0F0BD21D166
:107A00006F885988B94204D31CE04C88BC42E8D244
:107A10000B46596A0029E4D00C888442F5D06345AE
:107A2000E1D119888A4204D3DDD158886988884217
:107A3000D9D96B627561D9E7C3F30E03A380B3E7AD
:107A40000A88F7E72346CCE76FF47A70704700BFE7
:107A500016FCFFFF2DE9F04183885F0782B00646E0
:107A600003D59D062DD4DC0638D443F00403B3803F
:107A700006F1100506F1180815E0F368009395E883
:107A80000F00A047B388DA0618D5346AB4B194E879
:107A90000F00276985E80F002046376209F0A9FF2B
:107AA000FEF730F8B388B46898070DD4D907E4D44A
:107AB00095E80F00A047B388DA06E6D423F0040364
:107AC000B38002B0BDE8F08198E8030095E80C00AF
:107AD0008DE80300204601F09DFBD3E700F1180379
:107AE00093E803008DE8030006F110030CCB304649
:107AF000FEF72EFAE5E700BF70B51C4B8CB003F122
:107B00000802283304460260836006A801F07AFA6E
:107B10000F231820029309F075FF0025144A0092E4
:107B2000064601956A46034603CA46F80C4B114ABD
:107B3000DD60049375605A6158609960204602A91F
:107B40001223ADF80C300595CDE90A55FFF7CCFEB0
:107B500002A8FEF7F3F9084BE58104F10800A360E1
:107B6000FDF71AFB20460CB070BD00BF3831020093
:107B7000F57D0100A1780100342A0200A0F108007F
:107B8000FFF7BABF10B50446FFF7B6FF204609F06D
:107B900030FF204610BD00BFA0F10800FFF7F2BF84
:107BA000F0B5254B254A02600025044683B0C0E9A4
:107BB00002350830FDF782FA214B236003F12002E1
:107BC000A2606561C4E906556584282009F01AFFA2
:107BD0000646103001F016FA1A4B3360182009F0EF
:107BE00011FF194ACDE9002507466A46034603CA34
:107BF00047F80C4B154ADD604FF0C20C7D605860B1
:107C00009960204631465A61C6E90235C6E90855F1
:107C1000A6F804C0FFF7AAFE30B90D4B1A6802B9E6
:107C20001C60204603B0F0BD3046FEF787F93046B1
:107C300009F0DFFEF1E700BF342A02002C31020018
:107C4000403102000F000200F57D0100A178010023
:107C5000B408002038B50446FDF7EEF8A5692DB14B
:107C60002B69A36133B1638C013B6384FDF7D6F8C4
:107C7000284638BDE361F6E72DE9F04144690CB3CD
:107C8000A388656A00271A0480463E4606D4264625
:107C900095B12C46A388656A1A04F8D55B07F6D41B
:107CA0006EB17562656A2046FEF748F920460137D5
:107CB00009F09FFE002DECD13846BDE8F081C8F8F0
:107CC0001450F0E727463846BDE8F0812DE9F04131
:107CD0004469002C44D016460D46DFF88C800127FD
:107CE0000CE0A38803F0C003A3F1C003B3FA83F34D
:107CF0005B09B34215D00027646A4CB323882988F6
:107D0000994201D0002BF7D163886A889A4201D04A
:107D1000002BF1D1FDF76CFD0028E2D10123B34225
:107D2000E9D1B4F804E01EF4004FE4D195E80F0067
:107D300004F1100C1EF0400F8CE80F0002D1FDF78B
:107D400057FD40B92046FFF785FE646A002CD5D167
:107D50003846BDE8F08121464046FDF77BFFCBE782
:107D600001273846BDE8F081557A0100F0B50122BF
:107D700087B00446C6690D46FFF7A8FF10B9638CAB
:107D8000092B01D907B0F0BD95E80F0002AD85E8D9
:107D90000F00182009F036FE06AB074613E9030072
:107DA00095E80C008DE80300384601F051F9FDF725
:107DB00043F866B133693B6137613B695BB1638C02
:107DC0000133638407B0BDE8F040FDF727B8A3692D
:107DD0003B61A761F2E7E761F1E700BF82B008B558
:107DE00002A9C1E90023FFF7C1FFBDE80840002058
:107DF00002B0704782B038B5054604A981E80C008E
:107E0000FFF73AFF2846FFF725FF90B1044604E04C
:107E10002846FFF71FFF044658B100222146284696
:107E2000FFF754FF204609F0E4FDFDF77BFD002835
:107E3000EED1BDE8384002B0704700BF024B188851
:107E4000421C1A80704700BF10020020C08800F05A
:107E50000300A0F10300B0FA80F04009704700BFB2
:107E600082B070B50C4684B005464968206802AC03
:107E700003C4039908AC481084E80C00CB0745BF45
:107E80002A58029B029CD4580AAB2E1893E8030090
:107E90008DE8030008AB0CCB3046A04704B0BDE82A
:107EA000704002B0704700BF10B5034B036004463A
:107EB000FEF79CF8204610BD8031020010B5054B3E
:107EC00003600446FEF792F8204609F092FD204632
:107ED00010BD00BF8031020082B070B588B00CA91F
:107EE00081E80C004289BDF83050BDF8323095422F
:107EF00004460BD0022B27D0052B00F08680012BE7
:107F000078D008B0BDE8704002B070478189022B7C
:107F10000E461AD0052B5AD0012BF2D1C3888D42C0
:107F200043F00103C38068D0A9426AD003F0020382
:107F3000002BE6D001231A46A18804A801F042F8DC
:107F4000238901332381DCE71646B24217D0A18989
:107F5000B14265D0954267D0A3899D42194600F091
:107F60009C80A17B012900F0C1809D4200F0AE8081
:107F70009542C6D1E38823F01003E380C1E7E3888C
:107F800003F00103002BE5D001230222A1886846FB
:107F900001F018F863899D4200F09080A289A188C1
:107FA000AA4250D00123032204A801F00BF86289F1
:107FB000B24203D1E38843F01003E380A389B342C4
:107FC00000F08F80954266D09D429AD168E0C388C8
:107FD0008D4243F00403C3801AD0A9421CD003F0A1
:107FE0000803002B8DD0A1880123052204A800F0EE
:107FF000E9FF86E78689B54203D1E38843F00203AF
:10800000E380E38803F0010392E78689B54203D158
:10801000E38843F00803E380E38803F00403E0E728
:10802000E38803F00203ADE7E088C6061FD5A38905
:1080300020F0010189B29D42E18028D02A4621F03A
:108040000401E18091E7E28802F008000028A9D04D
:10805000B34238D0A389B342A4D102F00802002A67
:10806000A0D00123042204A800F0ACFF9FE7A37B6B
:10807000012B3ED100F00403002B37D00123042252
:10808000294604A800F09EFF6289A3899AE720F0A0
:10809000030189B2D2E7E088CAE7E38898062BD5C6
:1080A000E38823F0020189B29542E1802AD023F0CF
:1080B0000A039BB223F02003E38022E7E288A18831
:1080C00002F00400C2E702F00402C8E7E18821F0F0
:1080D00008039BB29542E38004BF21F018039BB2D2
:1080E000E8E7E18841F02001E1806BE7012303220A
:1080F000C6E7A1890B4665E7A07B0128FAD103F00A
:108100000803B9E72B469AE7817370472DE9F04FD2
:1081100083B0DDE90C9ABDF83870002B40D0B9F17E
:10812000000F3AD00F2901D1C02F39D18046282025
:108130001D460E46934609F065FC0446103000F0DB
:1081400061FF18202680A4F802B009F05BFCCDE99D
:10815000009A06466B46024603CB46F80C5B0023AA
:10816000D8F80050D360E3607360506091606D6830
:1081700011491248A26047F002078D42A780C4E966
:10818000083350610FD12046FDF7D8FE204609F094
:1081900030FC0B4803B0BDE8F08F1AF0010FC1D1DD
:1081A0006FF47A70F6E740462146A8470028EAD1E6
:1081B00003B0BDE8F08F00BF3D500100617E0100BB
:1081C00016FCFFFF2DE9F0471C4F044688B0884697
:1081D00016461D46FDF726FF3A681949A580002579
:1081E000A4F80A80A6812160A57312B3DFF854A019
:1081F000CDE904A504AB93E803004FF0C0098DE876
:108200000300234641461046CDF808902A46FFF762
:108210007DFFCDE906A508AB13E903003F68CDF863
:1082200008908DE803002A46234638463146FFF77A
:108230006DFF204608B0BDE8F08700BFB4080020FD
:1082400080310200D97E010010B50368DFED2C7A81
:10825000DB692DED028B90ED098A044628EE278A12
:10826000984707EE900AB8EEE76AD4ED096A94EDF4
:10827000077AC8EE067A77EEE67AC7EE877A17EEC7
:10828000900A07F0E9FA94ED0A6AD4ED066A94EDD3
:10829000087AE38876EE266A07EE900AF7EE005A2F
:1082A000C7EE877ADA0785EEA67A37EE277AC5EE2B
:1082B000877A77EEC67AFCEEE77A14D56189228A4E
:1082C00017EE903ABDEC028B9BB2C1F57F70033084
:1082D00001FB03F300FB02339B1223822046BDE81F
:1082E0001040FEF739BABDEC028B43F00103E38086
:1082F00017EE903A20462382BDE81040FEF72CBAD4
:1083000000C07F4410B5034B03600446FEF738FD00
:10831000204610BDA431020010B5054B0360044691
:10832000FEF72EFD204609F064FB204610BD00BF7D
:10833000A43102002DE9F84304469946DDF8208077
:10834000099F0A9E0B9DFEF73FFD064AC4F8189050
:10835000C4F81C8027626662A56222602046BDE8E0
:10836000F88300BFA431020010B5044B0360002362
:108370000446C380FCF710FF204610BD342A0200DB
:1083800010B5064B036000230446C380FCF704FFCE
:10839000204609F02EFB204610BD00BF342A020003
:1083A00082B000B585B0816A0DF1180C00208CE810
:1083B0000C0081F80C02012365220721684600F0B9
:1083C00001FE05B05DF804EB02B0704782B070B5F5
:1083D0000C4684B005464968206802AC03C4039982
:1083E00008AC481084E80C00CB0745BF2A58029B14
:1083F000029CD4580AAB2E1893E803008DE80300C2
:1084000008AB0CCB3046A04704B0BDE8704002B0CA
:10841000704700BF2DE9F0410B4D05600025044673
:108420004560884617461E46FCF748FEC4E90287A9
:10843000064820602661A56284F82D5084F82C50EF
:108440002046BDE8F08100BF342A02000432020059
:10845000F0B5044683B00F46002964D0826AD2F892
:108460000832994228BF1F46DB1BC2F8083290F839
:108470002D30781E73B3A36A03F108010FB303F123
:108480001005D3F8FC21561CC3F8FC611378A26ACE
:1084900003F00F0684361B1152F8262045F8082CED
:1084A000A26A8433013852F8233045F8043C421C58
:1084B00005F10805A36AE4D101EBC70703F1080140
:1084C0007F1AA0681B4B056800943A466C68A04769
:1084D00003B0F0BDA56A05F10801002FF1D000EB53
:1084E000400005F10E0C844405F10B0300E0A56A81
:1084F000D5F8FC21561CC5F8FC6112788432033390
:1085000055F8222003F8062C150A120C03F8055C16
:1085100003F8042C9C45EAD1A36A03300F1803F139
:1085200008017F1ACDE740F28D30FAF7F7FFA16A14
:108530000831C6E7658701002DE9F041826AD2F86B
:1085400008328B4238BF23F0030182B0064600296F
:1085500000F08B805B1AC2F80832836A90F82D50C5
:10856000D3F8FC41890803F5047003F10802002DDB
:108570004CD0002900F08380283304EB810554F8A7
:1085800004CB0CF00F07CCF3031E50F8277043F810
:10859000207C50F82E7043F81C7CCCF30327CCF3DE
:1085A000033E50F8277043F8187C50F82E7043F8BB
:1085B000147CCCF30347CCF3035E50F8277043F8E8
:1085C000107C50F82E7043F80C7CCCF303674FEA14
:1085D0001C7C50F8277043F8087C50F82C7043F846
:1085E000047CAC4203F12003C9D1B36A02EB41120F
:1085F000C3F8FC51B068B16A0368009608315C6842
:10860000204B521AA04702B0BDE8F081B9B3143331
:1086100004EB810554F804CBCCF3072E5FFA8CF7FA
:1086200050F82E8050F82770CCF3074E47EA0867C1
:1086300043F80C7C50F82E704FEA074E4FEA1C6C42
:108640004EEA182E43F808EC50F82CC03F0C47EACD
:108650000C27AC4243F8047C03F10C03DAD101EBA4
:10866000410102EB8102B36AC2E740F28D30FAF7B2
:1086700055FFB36AD3F8FC5103F10802B8E7254669
:10868000B6E700BF65870100836A13B193F80C3227
:1086900003B9704765210720FDF764BA2DE9F04161
:1086A00000F114078F420446154602D03846F8F709
:1086B000E9FF2069194E03681B68B34221D1E068C5
:1086C00018B103681B68B34221D1A068036839461A
:1086D0001B6801229847206903681B68B34213D1C5
:1086E0006A1E002A05DDA068036804F115011B68F5
:1086F0009847E06818B103681B68B3420AD1BDE827
:10870000F08100219847DAE701219847E8E7002146
:108710009847DAE70121BDE8F0411847A96F010049
:108720000346002908BF2C2170B503F8141F044626
:1087300019460122FFF7B2FF2069094D03681B6843
:10874000AB4206D1E06818B103681B68AB4203D1A5
:1087500070BD01219847F5E70021BDE8704018473A
:10876000A96F0100F0B5846AD4F8047285B006469A
:1087700087B3002104F108054FF4FA72C4F804121B
:108780002846FAF711F93B1F07F13C00E21D53F8A8
:10879000041FC1F3854102F8011F1968C1F3852147
:1087A00082F8201019688342C1F3850182F86010B5
:1087B000EDD12D213046FFF7B3FFB068036829469D
:1087C0001B6880229847F06820B10368364A1B680E
:1087D000934257D1D4F8001200294AD096F82D20A0
:1087E000D4F8083292B9D4F8FC11002B36D1F068D5
:1087F00020B103682C4A1B68934251D101236422A3
:108800000721684600F0DEFB05B0F0BDB3B9236870
:108810004A1CB1EB430FC4F80022E8D26368D4F8D5
:10882000FC1101335B08D20758BFC91AC4F80832DB
:1088300058BFC4F8FC11002BD9D00FE0D4F8FC11BC
:1088400001F0030171B9032B24D996F82D3030467D
:10885000DBB9A421FFF770FE05B0F0BD01F0030104
:108860000029F0D0C1F104013046FFF7F1FD05B059
:10887000F0BD3046FFF754FFD4F800120131C4F8C0
:108880000012ABE701219847A4E73E21FFF754FE11
:1088900005B0F0BD19463046FFF7DAFD05B0F0BD72
:1088A00001219847AAE700BFA96F01002DE9F04711
:1088B000D0F8289082B004460E4615461F46B9F1FE
:1088C000000F32D099F80C32002B40F0A08094F8C1
:1088D0002C30002B40F09B800A9BC9F80432A36A1D
:1088E000012283F80C22A36AC3F8FC61A36A1D600D
:1088F000A36A5F60A36A1744D740C3F8087294F86C
:108900002D3053B1A36A00252046C3F80052FFF76B
:1089100029FF284602B0BDE8F087A26AD2F80832E3
:1089200005FB03F5C2F80852ECE74FF4C26009F00A
:1089300069F84FF4C262A06249468046FAF734F8FB
:1089400094F82D30002B4CD008F503734946CA002B
:1089500042EAE10241EA411042EA002292B20131C8
:1089600042EA0242102943F8042FF0D12C4B282070
:10897000D3F8009009F046F88046103000F042FB32
:10898000284BC8F80030182009F03CF8264900228E
:10899000CDE900128646EC460346BCE803004EF8DB
:1089A0000C4BDA60CEF8042058609960D9F80010BA
:1089B000C8F80C20D1F804A01C49C8F808301220CF
:1089C000C8E908228A451A4AA8F804005A6120D149
:1089D0004046FDF7B3FA404609F00BF8D4F828906A
:1089E00070E708F5037003F00F02191102EB022E75
:1089F00001EB011C02EB0E1201EB0C21013342EAE8
:108A00000122B3F5807F40F8042FECD1AEE709488E
:108A100080E748464146D0470028DFD0D8E700BF6E
:108A2000B408002007006400A18301003D5001004C
:108A3000CD83010012FCFFFF90F82C208A422BD03E
:108A400030B5044683B00D46B9B1836A10210122C6
:108A50008DF8071080F82C2033B193F80C321BB13D
:108A600065210720FDF77EF8204601220DF1070160
:108A7000FFF714FE002003B030BD02A9112301F856
:108A8000013D0122FFF70AFE7820FDF745F800209E
:108A900084F82C5003B030BD002070472DE9F84316
:108AA00007460B4600F1150800F114090FE03A756E
:108AB0005C7824F080052A46F8F7E4FD6A1C4946F4
:108AC0003846FFF7EBFD220606EB050307D41A78BC
:108AD0009E1C31464046002AE9D1BDE8F8835C1C63
:108AE000705DFDF719F82346F1E700BF38B504467D
:108AF000C06890B103680F4D1B68AB4216D1206966
:108B000003681B68AB420ED10A20FDF705F820462A
:108B10000949FFF7C3FF002038BD2069054D0368F0
:108B20001B68AB42F0D001219847EDE7012198473F
:108B3000E5E700BFA96F0100C431020070B584B041
:108B4000013B089C8DF802100B44013C14441D129B
:108B50008DF804300B1211128DF8035026128DF887
:108B600001308DF80A202A238DF80C408DF8091069
:108B7000044602A92B2505228DF808308DF80B60DC
:108B80008DF80050FFF78AFD204605226946FFF761
:108B900085FD04B070BD00BF30B583B0130C150A5D
:108BA00014468DF805303622B123FF298DF8065082
:108BB0008DF807408DF801108DF800208DF80430F5
:108BC000054603D002226946FFF768FD6FF07F4338
:108BD0009C4209D09DF80730FF2B28460CBF03228A
:108BE000042201A9FFF75AFD03B030BD10B540685B
:108BF00082B0002304680093E468A04702B010BD6F
:108C000030B5406885B00468089D01930023029543
:108C100000932469A04705B030BD00BF014AC0E9F8
:108C2000002170472432020010B5054B054A8360CD
:108C3000002304460260C380FCF7AEFA204610BD54
:108C400058320200342A020010B5074B074A8360ED
:108C5000002304460260C380FCF79EFA204608F019
:108C6000C8FE204610BD00BF58320200342A020060
:108C7000F0B5C1682DED068B0B6887B004461B6804
:108C800001A89847019D6E88761064D0A169B14211
:108C900061DC9FED47AADFED479A9FED479ADFED34
:108CA000478A0435B3EE048A05EB4100A8427CD91B
:108CB0002A46002332F9027B90423B44FAD893FBC8
:108CC000F1F12B4609B233F8022B521A984223F8DD
:108CD000022CF8D82A46002132F9023B002BB8BFFB
:108CE0005B42994200DA19B29042F5D807EE901A29
:108CF000F8EEE77A87EEA97AD4ED097A67EE277A5B
:108D0000C7EE897A17EE900A06F01AFE07EE900A6F
:108D100067EE887AA269B0EEE77AB4EE687AF1EE8F
:108D200010FA84BFA36AE361E38898BFC4ED077AB1
:108D3000B61A9A0708D494ED077AD4ED047AB4EE03
:108D4000E77AF1EE10FA0EDC03F00403BBB116B1C2
:108D5000A169B142A8DD01A800F0C6F9002007B062
:108D6000BDEC068BF0BD01230222A18802A800F011
:108D700029F9E38823F0040343F00203E38094ED30
:108D8000077AD4ED057AB4EEE77AF1EE10FADED583
:108D900001231A46A18802A800F014F9E38823F001
:108DA000020343F00403E380D1E7B0EE4A7AA3E77D
:108DB0000000000000FEFF46ACC5A737FFFF7F7F25
:108DC000A0F10800FFF754BF2DE9F8430446154D04
:108DD0000560002646600D4617461E46DDF82080D9
:108DE000BDF82890FCF76AF9E1880F48666141F008
:108DF000010329682761802200F1080700262C3032
:108E0000A060E38028464B68E560A4F80490C4F8AD
:108E100024802760E661A26104F10801984720469A
:108E2000BDE8F883342A02002C320200C069704782
:108E300090ED057A07EE901AB4EE677AF1EE10FA2B
:108E400014D090ED047AC3884161F4EEC77A23F020
:108E50000402F1EE10FAC28008DDF7EE006A77EE48
:108E6000A67AB4EE677AF1EE10FA01D100207047CD
:108E700023F00603C380C0ED047A0020704700BFD2
:108E800090ED047A07EE901AB4EE677AF1EE10FADC
:108E90000FD090ED057AC28808B5F4EEC77A034684
:108EA00022F00202F1EE10FA1961C28003D4002010
:108EB00008BD00207047B7EE007A77EEC77A17EE4C
:108EC000901AFFF7B5FF002008BD00BF10B4017075
:108ED000427043605DF8044B704700BF10B483B02C
:108EE0006C4684E80C004B78A488026084809DF86E
:108EF00010202BB10488838864425B420480838005
:108F00004B68022B2CD0032B23D0012B10D0012A2D
:108F100015D0022A08D1B0F9002083884188018049
:108F200052425B424280838003B05DF8044B70473D
:108F30000388418801805B42012A4380E9D102888D
:108F4000438852425B420280438003B05DF8044B89
:108F500070474388B0F9001041805B420380D6E738
:108F60000188438849425B4201804380CFE700BFCC
:108F700010B584B002AC84E80C000B78009394E840
:108F80000C00FFF7ABFF04B010BD00BF30B50B4BBA
:108F90001C6883B024B12268094B15689D4201D139
:108FA00003B030BD00F10802034692E803008DE8EB
:108FB000030020460CCBA84703B030BDB408002006
:108FC0007978010038B50180428004461D46FDF7DE
:108FD000E1FDC4E9020115B12046FFF7D7FF2046A5
:108FE00038BD00BFD0B5DDE904679DF818300180B9
:108FF0000446C0E9026742800BB1FFF7C7FF204675
:10900000D0BD00BF10B5002303600446FDF7C2FDCC
:10901000C4E90201204610BD30B50B4B1C6883B07B
:1090200024B12268094B15689D4201D103B030BDBF
:1090300000F10802034692E803008DE80300204691
:109040000CCBA84703B030BDB408002079780100EC
:1090500082B038B5002504A90560044681E80C00FB
:10906000FDF798FD04AB0FCB256184E80F00204687
:10907000BDE8384002B0704770B50546101D144673
:109080000E46F3F727FC286000F07CF82B685C8024
:1090900028682246043031461EB1BDE87040F8F71A
:1090A000F1BABDE87040F9F77FBC00BF014B036027
:1090B000704700BF5C3202000A1E10B5044604DD92
:1090C0000021FFF7D9FF204610BD024B0360204668
:1090D00010BD00BF5C32020010B504460868206075
:1090E00000F01AF8204610BD10B50446006800F0E4
:1090F00027F8204610BD00BF38B504460B6800684D
:10910000984206D00D4600F01BF82868206000F059
:1091100003F8204638BD00BF03884FF6FF72934224
:109120000CD0012B10B5044601D0DA0703D41E2061
:10913000FAF7F4F923880233238010BD704700BF8B
:1091400003884FF6FF72934219D0012B10B50446E5
:1091500007D0DA0705D5023B9BB2012B238009D04B
:1091600010BD1E20FAF7DAF92388023B9BB2012BCF
:109170002380F5D12046BDE8104000F001B87047CB
:10918000F3F7F8B903230380704700BFD0E9002349
:1091900003F10053013B10B402EBC304A24210D808
:1091A00052F8333099420CD8A21A22F00702234613
:1091B000A21A03E053F8080D814202D893421C46DC
:1091C000F8D160685DF8044B704700BFD0E9002318
:1091D00003F10050013802EBC0039A4252F830000C
:1091E00016D8814215D89A1A22F0070210B49A1A9A
:1091F00003E053F8080D814206D893421C46F8D18B
:1092000018685DF8044B704720685DF8044B7047A0
:109210007047704782B070B582B0044608A906A8AE
:1092200080E80C0003C9266865698DE8030006AB79
:109230000CCB3046211DA84702B0BDE8704002B0FB
:10924000704700BF08B502680B689A4201D0002041
:1092500008BD04311022043008F0F8FBB0FA80F0A9
:10926000400908BD034B083053F82000C0F300202C
:10927000704700BF001C004000F00F002031044A7E
:1092800040F0400042F821005368002BFCD17047A9
:10929000001C0040FF2A10B40CD90F2301E0013B51
:1092A00021D042FA03F4E407F9D5013B1AB24FF496
:1092B000805400E0002401F00F0343F410632343C3
:1092C0000A4900F1080443EA024341F8243001232B
:1092D0000A4603FA00F05368C3F38B030342FAD142
:1092E0005DF8044B70474FF48054E4E7001C0040E5
:1092F00070B4224A224ED069224B2349234C244D7C
:1093000040F00400D061D0696FF34100D061107C5F
:109310006FF302001074012272711E481E4A1C6213
:109320005D621C63452558633B249A63002002223A
:10933000C3F884504C630B46886381F8302002E008
:109340001A6C900702D41A6CD407F9D50E4A0D4B4B
:109350004525312400200221C3F888509464134627
:10936000D06482F8441002E05A6D920702D45A6D1C
:10937000D107F9D570BC02F039BF00BF001400401E
:1093800000080040001C00400010004007090100D8
:10939000060901000609180008090100024A93683D
:1093A00043F001039360704700600041002815D02E
:1093B000006041608260C360046145618661C7618D
:1093C000444604624C464462544684625C46C4622D
:1093D000644604636E46466374468463002906D07F
:1093E000C46B043C043925680D60B442F9D1946B18
:1093F000A646566BB546002B06D0D46B043C043B06
:109400001D682560B442F9D1146BA446D46AA34602
:10941000946AA246546AA146146AA046D76996691E
:1094200055691469D3685168106892687047006084
:1094300041608260C360046145618661C7614446E2
:1094400004624C464462544684625C46C46264468C
:1094500004636E46466374468463C46B043C0439FB
:1094600025680D60B442F9D1C76986694569046908
:109470007047006041608260C3600461456186613D
:10948000C761444604624C464462544684625C466A
:10949000C462644604636C4644637446846304692E
:1094A0007047846BA646446BA546046BA446C46A09
:1094B000A346846AA246446AA146046AA046C769D4
:1094C000866945690469C3688268006841687047B5
:1094D0000D4B03F1080103F130023C3310B5044693
:1094E000C0E9022301602C30FFF7FEFD04F12800E3
:1094F000FFF7FAFD054B236000232046E380FBF7CE
:109500004BFE204610BD00BF60320200342A02002C
:109510000E4B03F1080103F130023C3310B5044651
:10952000C0E9022301602C30FFF7DEFD04F12800C2
:10953000FFF7DAFD064B23600023E3802046FBF7AC
:109540002BFE204608F055FA204610BD603202007E
:10955000342A02008069704738B50446094BC06957
:1095600093FBF1F50021B3FBF5F3A36102F0D0FE0C
:10957000E369ADB29D83E069012102F0C9FE0020DC
:1095800038BD00BF00127A002DE9F0465C4D056041
:1095900083B0002545600446894616461F46BDF83F
:1095A00028A0FBF78BFD574B236003F1340203F136
:1095B0002801C4E90212666204F12800FFF776FD73
:1095C00004F12C00FFF772FDD9F80030A4F804A0D4
:1095D0001B6825742946C4E90557484698472A461A
:1095E0004846012101F0ECFD99F81030022B02D021
:1095F0005A20F9F793FF444944480A6A444B42F41D
:1096000000720A624422C0F828211A7842F001024E
:109610001A701A78D007FCD40B9A4FF0804155008D
:1096200005F006050A224FF4007008629A815D7009
:109630001978374A41F00201197093689907FCD4F0
:10964000334AD379DB07FCD53249334AE161002341
:1096500052F8040B8842DDB203F1010306D0062B59
:10966000F6D15A201D46F9F759FFE069002102F0B2
:109670004FFE04222946012002F0DAFD0021E069B4
:1096800002F046FEE06902F081FEE3691A686FF3BA
:1096900083021A60E36901221A73E269136843F0D6
:1096A00040031360E3691A686FF30A221A60E269E3
:1096B000137943F00103394613712046FFF74CFF3D
:1096C00003F0AEFD2062A8B104F1080103F0ECFD47
:1096D000124B206A009301220023352103F020FE63
:1096E000336830465B6804F10C019847204603B0AC
:1096F000BDE8F0865A20F9F711FF206AE4E700BFC1
:10970000342A02006832020000080040001C0040B9
:109710000024004300C001413437020010240043FC
:10972000436923B370B5416A057C0A68013B436114
:1097300082B00446136800F12C0655B101A8984781
:1097400001A93046FFF7D8FC01A8FFF7CDFC02B015
:1097500070BD0122027401A8984701A93046FFF7A5
:10976000CBFC01A8FFF7C0FC257402B070BD7047A8
:1097700030B5C36A5B8883B00446C3B104F12C05DD
:10978000294604F12800FFF7B7FC01A8FFF78EFC7B
:1097900001A92846FFF7B0FC01A8FFF7A5FCA16AC4
:1097A0004B883BB900206361237403B030BDFFF7E1
:1097B000B7FFE3E704310022206A03F079FD0123BB
:1097C00020462374FFF7ACFF002003B030BD00BF7C
:1097D0004269017C013208B5426109B9FFF7C8FF4F
:1097E000002008BDA0F10C00FFF7F2BF42690AB9E2
:1097F00002747047FFF7BCBFA0F10800FFF7F6BF87
:1098000082B070B50C4684B005464968206802AC49
:1098100003C4039908AC481084E80C00CB0745BF8B
:109820002A58029B029CD4580AAB2E1893E80300D6
:109830008DE8030008AB0CCB3046A04704B0BDE870
:10984000704002B0704700BF10B518310446FFF7F2
:1098500043FC204610BD00BFA1F10C01FFF7F4BF8F
:109860000D4B03F1080103F13402403310B50446F7
:10987000C0E90223016000F5107004F043F904F11F
:109880001800FFF731FC054B236000232046E380DE
:10989000FBF782FC204610BD28330200342A020068
:1098A00010B5012984B013D0D0F828320446A3B1F2
:1098B000237C5BB14FF48073D4F82C22D4F83C02A3
:1098C000002103F0F5FC0F4B5A6B5A6304B010BD36
:1098D0000D4C2046FBF776FDFBE7D0F82C32C0F8A4
:1098E000283201231A4681886846FFF76BFBD4F8BB
:1098F0002C2204F128039A4208BF04F59473C4F89B
:109900002C32D5E70028004320330200A0F10800E4
:10991000FFF7C6BF0F4B03F1080103F134024033D8
:1099200010B50446C0E90223016000F5107004F090
:10993000E9F804F11800FFF7D7FB074B2360002379
:10994000E3802046FBF728FC204608F052F820462A
:1099500010BD00BF28330200342A02002DE9F04F69
:109960006F4C046085B00024446005468846174665
:109970009B46BDF83860FBF7A1FB6A4A2A6002F1FA
:109980002C0305F1180A3832C5E90232504605F5B4
:109990001079FFF78BFB05F10C01484604F094F8B1
:1099A00003F03EFCC5F83C02002800F0AF804FEA0F
:1099B0000B12002405F128034FF40071C5F8302282
:1099C000C5F82C32E961AE80C5F820B02C74C5F81A
:1099D000284202A8FFF770FB02A95046FFF78CFB54
:1099E00002A8FFF781FBAB690433214648466B624E
:1099F00004F09EF8D8F8003040465B6898473B6812
:109A000021461B683846984722464046062101F009
:109A1000D7FB22463846062101F0D2FB02F0F6FBC6
:109A20002B210120FFF728FCD5F83C023E4B009487
:109A300002224D2103F074FC05F10801D5F83C0227
:109A400003F032FCD5F830723848874262D80123DF
:109A500002E01F2A134655D05A1C90FBF2F1B9427E
:109A6000F7D25A1ED20442F00502304991FBF3F1BD
:109A70002F4BC5F830120024090929621C705A6066
:109A800048F282025A622B483E221A70D0F80080B7
:109A9000B8F1000F01D00F2E03D1284605B0BDE864
:109AA000F08F282007F0AEFF07461030FFF7AAFA24
:109AB00001233E807B80182007F0A4FF1E490394F9
:109AC0000291064602AB024603CB46F80C5BD4601B
:109AD000746050609160D8F800301849FC60122022
:109AE000B8805161BA60C7E908445B6840463946AE
:109AF00098470028D1D03846FCF720FA384607F0BE
:109B000078FFCAE7B94208D90D4AB1E75A20F9F7F8
:109B100005FD4CE70B4A2346A7E70B4A1E23A4E7A3
:109B2000342A02003033020034280043006CDC0287
:109B300000280043B4080020899B0100019801001F
:109B40000500F0000500F8FF0500E800017C01B108
:109B5000704708B50122032302744361D0F82C2218
:109B6000D0F83C024FF4807303F0A2FB014B5A6B18
:109B70005A6308BD0028004300F5107003F0C6BE0C
:109B8000A0F10C00FFF7F8BF82B02DE9F04182B0E0
:109B900008A981E80C00D0F82832002B00F0EF80F3
:109BA0001D4603F580739D4204464FF00007824E28
:109BB00000F5107800F0E080804BC4F83472C4F8EF
:109BC000386205F1100E2846002250F8045BE907C0
:109BD00004D533F8201C0A44C4F834226910A3F1D8
:109BE0001E0C11F0010FC4F838C204D033F81ECC9B
:109BF0006244C4F83422A3F11C0C11F0020FC4F823
:109C000038C204D033F81CCC6244C4F83422A3F127
:109C10001A0C11F0040FC4F838C204D033F81ACC6F
:109C20006244C4F83422A3F1180C11F0080FC4F8F0
:109C300038C204D033F818CC6244C4F83422A3F1FB
:109C4000160C11F0100FC4F838C204D033F816CC3B
:109C50006244C4F83422A3F1140C11F0200FC4F8AC
:109C600038C204D033F814CC6244C4F83422A3F1CF
:109C7000120C11F0400FC4F838C204D033F812CCE3
:109C80006244C4F83422A3F1100C11F0800FC4F820
:109C900038C204D033F810CC6244C4F83422A3F1A3
:109CA0000E0C11F4807FC4F838C204D033F80ECC07
:109CB0006244C4F83422A3F10C0C11F4007FC4F800
:109CC00038C204D033F80CCC6244C4F83422A3F177
:109CD0000A0C11F4806FC4F838C204D033F80ACCEF
:109CE0006244C4F83422A3F1080C11F4006FC4F8E4
:109CF00038C204D033F808CC6244C4F83422A3F14B
:109D0000060C11F4805FC4F838C204D033F806CCD6
:109D10006244C4F83422A3F1040C8904C4F838C2A4
:109D200004D533F8041C0A44C4F83422991EC4F83C
:109D30003812290404D533F8021C0A44C4F834222A
:109D40007045C4F8383203F120037FF43EAF616AF6
:109D5000A3698D1CA2F5004265620A80E169626A0E
:109D6000043319448A4205460ED0D4F8283203F54C
:109D700080739D427FF420AF0023C4F8283202B0E4
:109D8000BDE8F04102B0704762691AB1013A626100
:109D90006362EAE7404603F029FEE16901A8FFF7A4
:109DA0008BF901A904F11800FFF7A6F901A8FFF744
:109DB0009BF9A3690433EBE7A0320200C032020032
:109DC000007A7047037C03F1604303F56143490166
:109DD000C9B283F800130020704700BF002070470D
:109DE000437A8B4238D3037A012B10B428D013D393
:109DF000032B21D143698C1D03EB84035A60436913
:109E000018690028FCD10431012202FA01F1C9B21B
:109E100059725DF8044B704743690B44D2B21A770C
:109E2000436918690028FCD10A1D01219140C9B27B
:109E300059725DF8044B704700205DF8044B704781
:109E4000436901F10C0403EB440392B29A80436925
:109E500018690028FCD1E7E76FF47A70704700BFFB
:109E6000437A8B423BD3037A012B10B42BD014D30B
:109E7000032B24D1436903EB8103DC692244DA61BB
:109E8000436918690028FCD10431012202FA01F16A
:109E9000C9B259725DF8044B704744690C44237F82
:109EA0001A44D2B22277436918690028FCD10A1DEE
:109EB00001219140C9B259725DF8044B70470020EE
:109EC0005DF8044B7047436903EB41039C8B2244CC
:109ED00092B29A83436918690028FCD1E7E76FF4CE
:109EE0007A707047427A8A421FD338B503680446B5
:109EF00000229B6B0D469847227A012A0DD003D38E
:109F0000032A01D0002038BD2B1D0125626905FA06
:109F100003F3DBB21372002038BD2B1D02FA03F3EA
:109F20006269DBB21372002038BD6FF47A7070473B
:109F300010B403290DD8DFE801F02016110243699F
:109F40001A68022464F383021A6042691369002BC1
:109F5000FCD101725DF8044B002070476FF47A70F9
:109F60005DF8044B704743691A686FF383021A6007
:109F700042691369002BFCD1EBE743691A6801249D
:109F800064F383021A6042691369002BFCD1E0E795
:109F900010B5044B036000230446C380FBF7FCF8B4
:109FA000204610BD342A020010B5064B0360002382
:109FB0000446C380FBF7F0F8204607F01AFD204660
:109FC00010BD00BF342A020038B5037C09495A0984
:109FD0006032012503F01F0305FA03F341F8223034
:109FE000036804465B6A98476069294602F090F965
:109FF000002038BD00E100E010B503680446DB6ACC
:10A0000098476069002102F083F9002010BD00BF6D
:10A0100010B40346284C1A7C51090120203102F06B
:10A020001F0200FA02F244F82120BFF34F8FBFF362
:10A030006F8F1A7A82422ED01DD3032A0ED15A690D
:10A040008021517159690A695007FCD480224A71F4
:10A0500059690A695207FCD4486900E000201B7C5A
:10A06000154903F01F0401225B09A24041F8232097
:10A070005DF8044B70475A698021517159690A692A
:10A080005407FCD480224A7159690A695007FCD4EC
:10A09000087DC0B2E3E75A698021517159690A69A4
:10A0A0005207FCD480224A7159690A695407FCD4CA
:10A0B000888A80B2D3E700BF00E100E070B4104EA0
:10A0C000002201234FF4FA54B4FBF3F38B42D5B2D0
:10A0D0000DD8037A012B02D001D3032B04D143699D
:10A0E0001A6865F30A221A60002070BC70470132BA
:10A0F000082A02D036F81230E6E71546E9E700BF35
:10A1000070330200B1F5FA5F01D8FFF7D7BF6FF4E3
:10A110007A70704770B5264D55F820305BB3DA6819
:10A120004AB31A682349126D8A423BD1187A012832
:10A1300027D001D303281FD15A69907AC0F30010A9
:10A1400048B1507A10F0100005D0917A41F010011A
:10A1500091725A690120917A8C0608D5517A890644
:10A1600005D5917A41F0200140F002009172DB6840
:10A17000BDE87040184770BD0020DB68BDE8704046
:10A1800018475A69917AC1F3001149B1517A11F017
:10A19000100105D0917A41F0100191725A69DAE705
:10A1A0000846D8E704461846904755F82430BEE7DD
:10A1B000B8080020C19D0100037C054903F01F0081
:10A1C00001225B09824041F823200020704700BF34
:10A1D00000E100E0037C08485A092032012103F025
:10A1E0001F0301FA03F340F82230BFF34F8FBFF390
:10A1F0006F8F0020704700BF00E100E010B4037CC7
:10A200001B4C5A090121203203F01F0301FA03F30A
:10A2100044F82230BFF34F8FBFF36F8F037A8B4226
:10A220001ED015D3032B06D1436900225A6142691F
:10A230001369002BFCD1037C0D4903F01F000122A0
:10A240005B09824041F8232000205DF8044B7047F1
:10A25000436900221A7542691369002BFCD1EAE7B1
:10A26000436900229A8242691369002BFCD1E2E71C
:10A2700000E100E0062210B511460420FFF70AF8BD
:10A2800000240120E1B20422044401F0D1FF062C95
:10A29000F7D110BDF8B5324B036000240546446089
:10A2A0000E461746FAF70AFF02202E492E4B2F744E
:10A2B0006E616872296053F8042BB24205D00134F4
:10A2C000062CF8D15A20F9F729F9284F57F82430ED
:10A2D00013B15A20F9F722F9042225482146FBF749
:10A2E00071F8224B002203F1180053F8041B0029D7
:10A2F00018BF01229842F8D147F8245052B328469B
:10A30000FFF768FF0021686902F002F8304602F0AA
:10A310003DF86B691A686FF383021A606A69136902
:10A32000002BFCD101232B72337943F001033371ED
:10A330003369002BFCD14FF47A712846FFF7BEFE3B
:10A340002B7C03F1604303F56143402283F8002333
:10A350002846F8BD074802F021F8FFF78BFFCEE74B
:10A36000342A0200A433020034370200B808002067
:10A370008033020015A1010038B500F11004204619
:10A380000D4602F0CFF9094AA2FB053292090021DD
:10A39000204602F0C9F90546204602F0C1F9002D19
:10A3A000B4BF6FF47A70002038BD00BFD34D621087
:10A3B000F0B585B004AC066804F8012D9DF82C704A
:10A3C000009722461F467669012305460C46B04792
:10A3D00038B92B68009021463A46DC690A9B28462A
:10A3E000A04705B0F0BD00BF2DE9F04100F1100617
:10A3F0000746304602F096F9304602F089F93B6B89
:10A400008A4C1A7C530904EBC31302F01F02134455
:10A41000012593F8402002F0FE0283F840207B6B78
:10A420001A7C530904EBC31302F01F0213440A20E1
:10A4300093F8402002F0FE0283F840203B6B1B7C27
:10A4400003F01F0205FA02F25B1104EBC3131FFABB
:10A4500082FC110C4CF0804C41F040419A60C3F8F2
:10A4600028C099627B6B1B7C03F01F0205FA02F285
:10A470005B1104EBC3131FFA82FC110C4CF0804CEF
:10A4800041F040419A60C3F828C099623B6B1B7C45
:10A490005A1104EBC21203F01F0305FA03F35361D0
:10A4A0007B6B1B7C5A1104EBC21203F01F0305FAED
:10A4B00003F35361FAF7E2FC3B6B1B7C5A1104EB8C
:10A4C000C21203F01F0305FA03F393617B6B1B7C3D
:10A4D0005A1104EBC21203F01F0305FA03F3936150
:10A4E0004FF008087B6B1B7C5A1104EBC21203F07F
:10A4F0001F0305FA03F393610320FAF7BFFC7B6B9C
:10A500001B7C5A1104EBC21203F01F0305FA03F37C
:10A5100053610320FAF7B2FCB8F10108E2D17B6B7A
:10A52000197C4B0904EBC31401F01F03E0185A1007
:10A5300090F8403003F0FE03144443F0010380F828
:10A54000403094F83030C8074BBF03F00F0303F0DE
:10A55000F00343F0100343F0010384F830303B6B09
:10A56000187C4309DB0103F1824300F01F0203F56D
:10A5700000439C18511094F8402002F0FE020B4456
:10A5800042F0010284F8402093F83020C1074BBF0D
:10A5900002F00F0202F0F00242F0100242F001025B
:10A5A00083F830207B6B21491A7C531101EBC313D4
:10A5B00002F01F021344002293F8400000F0FB0059
:10A5C00083F840003B6B187C431101EBC31100F092
:10A5D0001F030B4493F8401001F0FB0183F8401077
:10A5E0007968786B00F0ECFD0022B968386B00F0F8
:10A5F000E7FD202200213046F8F7D6F9F968304609
:10A6000002F078F864220021304602F08DF83046DE
:10A6100002F086F8FB685A8B012161F305125A8318
:10A62000FA68D3695B07FCD4BDE8F0810080004183
:10A630002DE9F04385B000F110089DF83040002C62
:10A640004FEA51070CBF4FF400450025814601A990
:10A65000404614461E46CDE90232ADF80470ADF80E
:10A66000065002F045F970B101A94046ADF80470FA
:10A670000296ADF80650039402F03AF918B105308D
:10A68000012803D9054805B0BDE8F0834846FFF727
:10A69000ABFE024805B0BDE8F08300BF0EFCFFFF33
:10A6A0002DE9F04385B0194C9DF83050002D18BFAE
:10A6B000012400F110094FEA51080746A4B24846A8
:10A6C00001A915461E46CDE90232ADF80480ADF869
:10A6D000064002F00DF970B101A94846ADF80480BA
:10A6E0000296ADF80640039502F002F918B1053064
:10A6F000012803D9064805B0BDE8F0833846FFF7C6
:10A7000073FE034805B0BDE8F08300BF0180FFFF82
:10A710000EFCFFFF2DE9F04F8846174685B0054631
:10A7200003F0EEF8C5E90C87B34B2B6098F81000E6
:10A7300001F0FAFD8146387C01F0F6FD99F80860D9
:10A7400006F03F033F2B824624D016F0C00F21D1E4
:10A750000223019306F03F0600939AF8083003F0B5
:10A760003F023F2A06D0B24204D103F0C003402B7F
:10A7700000F03E819AF8093003F03F023F2A1CD0D6
:10A78000B2421AD103F0C003402B16D10323CDE906
:10A7900002331AE099F8096006F03F033F2B03D01B
:10A7A00016F0C00F00F016814FF0FF331C465A2000
:10A7B00001932646F8F7B2FE00944FF0FF331C4693
:10A7C0005A200393F8F7AAFE029499F800208B4CC4
:10A7D000DFF834C28A48012302F01F0103FA01F1B5
:10A7E000521104EBC2121FFA81FB4FEA114E4BF0DB
:10A7F000804B4EF0404E9160C2F828B0C2F828E07D
:10A800009AF8002002F01F0103FA01F1521104EB43
:10A81000C2121FFA81FB4FEA114E4EF0404E4BF030
:10A82000804B9160C2F828B0C2F828E099F8002067
:10A83000511104EBC11102F01F0203FA02F28A6106
:10A840009AF80020511104EBC11102F01F0203FA23
:10A8500002F28A6199F800104A0904EBC21E01F065
:10A860001F02724492F8401001F0FE0182F840107D
:10A870009AF800104A0904EBC21E01F01F0272444C
:10A8800092F8401001F0FE0182F8401099F8002083
:10A8900002F01F01521104EBC21203FA01F11FFA78
:10A8A00081FE51604EEA0C0E40EA1141C2F828E0E8
:10A8B00091629AF8002002F01F0103FA01F152118F
:10A8C0001FFA81FE04EBC2124EEA0C0C40EA114062
:10A8D0005160C2F828C0906299F80020511104EB31
:10A8E000C11102F01F0201EB020C03FA02F24A60EE
:10A8F0009CF8400040F004008CF840004A619AF84F
:10A900000000421104EBC21200F01F001118834036
:10A91000536091F8400040F0040081F8400053611A
:10A920000A20FAF7ABFA99F80020531104EBC3138D
:10A9300002F01F021344032093F8402002F0FB02B0
:10A9400083F840209AF800305A1104EBC21403F047
:10A950001F031C4405F1100994F8403003F0FB0379
:10A9600084F84030FAF78AFA039B6B60019BAB6076
:10A9700000994046002200F023FC0022029938464C
:10A9800000F01EFC1F4B53F82600E860F1B201F006
:10A9900043FD202200214846F8F706F8E9684846BA
:10A9A00001F0A8FE48466422002101F0BDFED8B99E
:10A9B000484601F0B5FE98B9EB685A8B012161F366
:10A9C00005125A83EA68D3695B07FCD4284605B0B0
:10A9D000BDE8F08F0323019306F03F060093BCE629
:10A9E0005A20F8F79BFDE7E75A20F8F797FDDFE7D5
:10A9F0000223CDE90233E8E6003402000080004182
:10AA0000000002C024000020000002406FF47D70AE
:10AA1000704700BF6FF47D70704700BF6FF47D70AA
:10AA2000704700BFC1600020704700BF10B50368C9
:10AA300004461B6C9847236820465B68BDE81040BD
:10AA4000184700BFF0B40479A40728D5002922DBF9
:10AA5000002A20DD002B1EDDB4294FF47A74A8BF34
:10AA6000B42104FB01F10F4F05680F4E2D6E8908CC
:10AA7000A7FB017102EBD277A3EB670304FB03F39F
:10AA8000890802FB013286FB0231D2172B46C2EB4A
:10AA9000A111F0BC18476FF47A70F0BC70470348FE
:10AAA000FBE700BF176CC116D34D621016FCFFFF09
:10AAB000C08800F00500003018BF0120704700BFBB
:10AAC000037C0A495A11D20103F01F03895801225D
:10AAD00002FA03F30B4206D1C08800F00A000030EE
:10AAE00018BF012070470020704700BF0080004160
:10AAF000C08810F0030018BF01207047C08800F024
:10AB00000C00003018BF0120704700BF03684FF4ED
:10AB10007A725B6E02FB01F1184700BFC3881B0706
:10AB200046BF836918680148704700BF16FCFFFFE5
:10AB300008B50368084A9B6B934206D1FFF7EEFF06
:10AB4000064BA3FB0030800908BD9847034BA3FBCD
:10AB50000030800908BD00BF1DAB0100D34D62105D
:10AB6000036A21EA0301816081617047036A194029
:10AB700081604161704700BFD0B5044684B08AB29D
:10AB8000002321896846FEF71DFAA369D3E9000175
:10AB900050EA0102DDE9026708D0321A67EB0103CF
:10ABA0006846CDE90223FEF737FAA369C3E90067D7
:10ABB00004B0D0BD2DE970438AB0067C054605A8D7
:10ABC00001F0E0FC74111E49E301CA18C958136A68
:10ABD00014695C4005A80C405C4006F01F0601F0BB
:10ABE000D9FC0123B340EA881C4014BF012600268B
:10ABF000500608D52B68002C0CBF042105215B6D85
:10AC000028469847EA88910611D5002C4FF0010399
:10AC10004FF000084FF000092989029314BF022267
:10AC20000322CDE9008906A8FEF7DCF9EA881306BD
:10AC300002D5EB68304698470AB0BDE8708300BF84
:10AC400000800041A0F11400FFF7B4BFC38813F0E7
:10AC5000E00F70B504460D4635D1DE0746D5E069F4
:10AC6000002869D04378D8074CD5A369002B5ED063
:10AC7000236A002B4DD0207C4309DB0103F1824382
:10AC800000F01F0203F500439E18511096F8402073
:10AC900002F0FE020B4442F0010286F8402093F8D5
:10ACA0003020C1074CBF02F00F0202F0F00283F81F
:10ACB000302004F11401206A02F0D2FB0321206A43
:10ACC00002F0D8FBE38823F0E003022D9BB214D0FE
:10ACD000032D06D0012D08BF43F08003E380002040
:10ACE00070BD43F04003E380002070BD03685B68E3
:10ACF0009847E0690028B5D11EE043F02003E380C7
:10AD0000002070BD5A20F8F709FCA369002BAFD1D1
:10AD10000DE002F0D5FBE3695978490802F0E2FB47
:10AD200020620028A7D15A20F8F7F8FBA3E70820F3
:10AD300006F068FEA0619BE7207C01F0F5FAE06177
:10AD400000288FD15A20F8F7E9FBE0698AE700BFB5
:10AD500000B583B004291BD8DFE801F0110A0A0A04
:10AD6000030003689B6A9847002003B05DF804FB6A
:10AD700003689B6D9847002003B05DF804FB0368EF
:10AD80000191DB6D98470199084603B05DF804FB1B
:10AD90006FF47A70E9E700BFF0B4094E0181002535
:10ADA00006F108077C3607604661C580C5604571BD
:10ADB0008561C0E9075502740371F0BC704700BF9C
:10ADC0002434020038B50446006A02F043FBA0694F
:10ADD0000025256210B106F00CFEA56138BD00BF4C
:10ADE00010B50446FAF728F8E3881A0709D5A069D0
:10ADF00028B106F0FEFDA06901F0DAF9E38800222F
:10AE0000A26113F0E00F0ED1DB0606D5A06910B1E8
:10AE100003685B6998470023A3610023E380BDE8D2
:10AE20001040F9F7FBBF2046FFF7CCFFE388EBE7C4
:10AE300038B5C3889B0704460D4610D5237C03F024
:10AE40001F015B11DB0103F1824303F50043012283
:10AE50008A40002DCCBF9A615A61002038BDFFF7AF
:10AE6000BFFF217C114B4A0903EBC21201F01F0105
:10AE70000A44012192F8400000F0FE0082F84000F0
:10AE8000227C501102F01F0201FA02F203EBC01300
:10AE9000110C90B240F0804041F040419A609862BD
:10AEA0009962E38843F00203E380C7E70080004132
:10AEB00038B5C38803F0E10304468BB1227C5311FB
:10AEC000DB0103F1824303F5004302F01F02196A1C
:10AED000012303FA02F20A4214BF1846002038BDCB
:10AEE000FFF77EFF227C5311DB0103F1824303F560
:10AEF000004302F01F029D18012000FA02F195F8AC
:10AF0000402059606179D3B211B3217C4A11D2013A
:10AF100002F1824202F5004201F01F0123F0070313
:10AF20000A4443F0060382F840306379012B20D0B5
:10AF3000227C5311DB0103F1824303F5004302F04D
:10AF40001F0290409861E38843F00103E380B5E776
:10AF5000217C4A11D20102F1824202F5004201F045
:10AF60001F0123F007030A4443F0020382F8403034
:10AF7000E9E7217C4A11D20102F1824202F5004246
:10AF800001F01F018B405361DDE700BF03799B0790
:10AF900074D5F0B50446C06983B0002867D0C57881
:10AFA000FF2D37D0364EE38800225807ADF8062033
:10AFB00035D5344C002323603146204601F084FA15
:10AFC0000321204601F058FB0221204601F05AFBE4
:10AFD0002946204601F022FB2B462946182220460E
:10AFE00001F056FB29460DF106020223204601F02E
:10AFF0001BFB29460DF106020223204601F014FB3B
:10B000000546204601F004FB002D35DDBDF80600A5
:10B0100003B0F0BD0579FF2D2ED01B4EC3E72046AF
:10B02000FFF7DEFE217C4B09DB0103F1824301F0D7
:10B030001F0703F50043D81903EB570390F840208E
:10B0400002F0FE0242F0010280F8402093F8302026
:10B05000C9074BBF02F00F0202F0F00242F01002EB
:10B0600042F0010283F830200423E380A1E7207C32
:10B0700001F05AF9E06192E70448C9E703487047D4
:10B08000001C0043D00800200020004316FCFFFFF6
:10B090000379DB0721D570B5C38813F0100582B0A2
:10B0A000044607D0866933689B69304602B0BDE824
:10B0B00070401847FFF794FE182006F0A3FC228981
:10B0C0000123CDE9005521460646FBF73FFFE38803
:10B0D000A66143F01003E380E5E70148704700BF35
:10B0E00016FCFFFF42798A420AD010B5044641712E
:10B0F000FFF776FE236820465B689847002010BD66
:10B100000020704710B50446F9F796FEE38813F067
:10B11000F00F10D1DB0603D4F9F780FE002010BD3C
:10B120002046FFF75DFE236820465B689847F9F7E5
:10B1300075FE002010BD2046FFF744FE227C510919
:10B1400002F01F0303EBC11303F1824303F5004335
:10B15000012193F8402002F0FE0283F84020E180B4
:10B16000F9F75CFE002010BD70B5037C5A11D201C6
:10B1700002F1824202F50042012403F01F03156828
:10B180009C40254216D10E4605462146104676B90A
:10B19000FFF7ECFC136823420ED02846FFF720FE91
:10B1A0002B6831461B6828469847002070BDFFF782
:10B1B000D7FCEFE7002070BD004870BD12FCFFFF18
:10B1C00070B505460C46FFF70BFE2B7C294A03F0B1
:10B1D0001F00012181405B1102EBC3138EB2080CEA
:10B1E00040F0404046F0804699609E629862297C1B
:10B1F0004B1102EBC31301F01F010B4493F84010F5
:10B2000001F0FB0183F840102B7C44EA034158090C
:10B2100002EBC012481C03F01F0422D01519DB07F3
:10B2200095F8400000F0FE0040F001004FEA640491
:10B23000C9B285F84000224409D492F8303001F0B8
:10B240000F0103F0F003194382F8301070BD92F83B
:10B25000303003F00F0343EA0111C9B282F8301015
:10B2600070BD224492F8403003F0FE0382F8403073
:10B2700070BD00BF00800041C388914228BF1146C5
:10B280001B0770B504460E4633D41546FFF7A8FDDC
:10B29000237C1A4A580902EBC01003F01F0318441C
:10B2A000012390F8401001F0FE0180F84010207C4E
:10B2B000411100F01F0003FA00F002EBC112030C71
:10B2C00081B241F0804143F040439060916214208C
:10B2D000936206F097FB2B46A0613246217C00F07A
:10B2E00047FF0823E38010B15A20F8F717F9002030
:10B2F00070BD806900F05EFFF5E700BF008000418F
:10B30000B1F5806F21D2F8B5C38813F0080317D1C7
:10B3100044F620621546CF1701FB03F302FB073307
:10B320000446A1FB0201194440F2FF32002303F05E
:10B33000B3F92A4601462046BDE8F840FFF79CBF16
:10B3400083691D6800232A46E5E76FF47A70704729
:10B3500003799B0708D5002903DB44F62062FFF739
:10B360008BBF6FF47A7070470048704716FCFFFF80
:10B37000F8B5C38813F0080305D10A461946BDE89D
:10B38000F840FFF779BF8269D2E900230C460546F1
:10B39000E717A3FB010103FB0711002303F07CF96E
:10B3A000224601462846BDE8F840FFF765BF00BFCA
:10B3B0000123416180F844300020704708B5082A15
:10B3C0004FF0010380F8311080F8302080F84430CD
:10B3D00002D05A20F8F7A2F8002008BD00B5836912
:10B3E00085B01A7E9107FCD51A7E520703D59A6A5A
:10B3F0001A7E5207FBD45A8B42F004025A838369A7
:10B4000080221A76C36B33B10022C263006C984766
:10B4100005B05DF804FBB0F84820012340F2FE318E
:10B420006846FDF7CFFDF3E7A0F10400FFF7D6BFB4
:10B430002DE9F043044685B00E4640F2FF30B4F8E3
:10B4400048100C9F90469946FAF7DAF900212568D2
:10B450000097CDE901114B464246314620462C6902
:10B46000A0470446FAF74EFB204605B0BDE8F0833E
:10B4700010B4019C02B924B101945DF8044BFFF7AC
:10B48000D7BF20465DF8044B704700BF2DE9F04F51
:10B490008369002289B0044680F8442000F11C062C
:10B4A000002B5AD06069DFF8F48200F095FFD4E9F0
:10B4B0000529A8FB02329509074600F0A5FFA8FB65
:10B4C00000239B092A46B14800974946F9F77AFFBD
:10B4D0003046E56901F096F8EB6913F0170FFBD1E0
:10B4E00094F8313003F00102EB6913F0170FFBD130
:10B4F0002B6823F0805343EA02732B6094F83130B9
:10B50000C3F34002EB6913F0170FFBD12B6823F054
:10B51000005343EA42732B60EB6913F0170FFBD122
:10B520002B6843F080032B606A6894F8303022F077
:10B53000070203F0070313436B602B7B2F73EB6948
:10B5400013F0170FFBD1304601F05AF8EB6913F0F6
:10B55000170FFBD109B0BDE8F08F0369002B00F095
:10B560000E81187C00F02CFAE3688146002B00F075
:10B570000481187C00F024FAA3688246002B00F0B6
:10B58000FA80187C824F00F01BFA00250494039087
:10B59000544617F8012B002A40F0BB802946484644
:10B5A00000F034FAB0F1FF3F804600F0B280294647
:10B5B000204600F02BFAB0F1FF3F834600F0A9804F
:10B5C0002946039800F022FA431C059000F0A18060
:10B5D000B9F1000F00F0E48009EB0802039B92F838
:10B5E00008A04FEA9A1A002B76D0039B059A9A1866
:10B5F000127A9109002C00F0138104EB0B02127AED
:10B60000930907935046069100F058FF06990028C9
:10B610007FD0504600F048FF03287ADC079B049C4B
:10B620001F05D94607F440174FEA004A594B584ABC
:10B6300053F82500A0610123E9B2535500F0ECFE58
:10B640000023E3617360B360F3603361A169304646
:10B6500000F0C2FF002840F0DE80A269D36913F039
:10B66000170FFBD1136823F4403343EA0A03136036
:10B67000A269D36913F0170FFBD11368464823F46E
:10B6800040131F43176000F0A7FE0146304600F04C
:10B69000BBFF002840F0BA80206938B1B8F1000F34
:10B6A00014BF032102210022FFF78AFDA06838B1F0
:10B6B000059B002B14BF032102210022FFF780FD10
:10B6C000E068002851D04B46002B14BF0321022113
:10B6D0000122FFF775FD21E0002C00F0A58004EBAE
:10B6E0000B025046127A9309079300F0E7FE80B1EF
:10B6F0000022CDF8188090465FFA88F1504600F09D
:10B70000D3FE032808F1010840F39C80B8F1040F30
:10B71000F2D10135062D7FF43CAF049CA369002BC8
:10B7200061D0E36823B301F07BFDA369A063A91C8A
:10B730004900002201F0FE012833009201F0F0FDE3
:10B74000A768F7B101F06CFDA3696063690003F1BC
:10B750002802053100230092C9B21A4601F0E0FD2B
:10B76000211D606B01F0A0FD9CE6A369002B3AD07F
:10B770000023A363E4E7762004E77620FAE6762048
:10B78000F0E65A20F7F7CAFE67638BE6A43402009E
:10B79000E40900202400002090D00300D34D621063
:10B7A000039B2BB3039B059A9A1892F808A04FEAC3
:10B7B0009A130693002C41D004EB0B02127A9309E2
:10B7C00007934FF0000A5346C24698465FFA88F046
:10B7D000069900F069FE032808F1010835DDB8F18B
:10B7E000040FF3D195E740F28730F7F797FE98E71B
:10B7F000A246D946049CBAF1000F28D00AEB0B03ED
:10B80000DDF80CA01F7ABF093F050FE740F2863034
:10B81000F7F784FE40E740F28530F7F77FFE1CE73C
:10B820004FF0FF330793EDE6504600F047FE002847
:10B830003FF46FAF4FF0FF33079359E74FF0FF33FB
:10B840000793BEE7DDF81880E8E6D046E6E64FF459
:10B850004017EBE62DE9F0440F4682B090F8441013
:10B86000089D044616469A4681BB02AB002203F8A7
:10B87000012D9F4218D29A4516D2099AA369E26314
:10B880000A99216405221A7696B915BB5A205746A3
:10B89000F7F744FE606B33463946002201F008FD9D
:10B8A000002002B0BDE8F0845A20F7F737FEE4E745
:10B8B000002DEFD0AE4202D05A20F7F72FFE2B46D4
:10B8C00052460021A06B01F0F3FCE3E7FFF7DEFD39
:10B8D000CBE72E465746F2E770B50022054680F8C2
:10B8E000461080F8452055F8462B836BD6680E4AE3
:10B8F00082B0044683B196424FF0010200F1450345
:10B90000294600920ED1FFF793FD0028ACBF94F8B2
:10B910004500064802B070BD9642009329464FF09C
:10B920000102F0D0B047F0E771B401000AFCFFFF5C
:10B9300038B5007C00F044F8002405462B7A9909BC
:10B9400003F03F033F2BE0B203D000F0ADFD03282E
:10B950000FD9697A01F03F033F2B05D08909E0B286
:10B9600000F0A2FD032804D90134042CE6D1002004
:10B9700038BD012038BD00BF70B50F4D044605F13C
:10B9800008002835C4E902122361C4E90005FCF768
:10B9900055FA08260023094D26860121E36123621A
:10B9A0006362A362E362A4F84800656184F844100E
:10B9B000A361204670BD00BFD434020090D00300C4
:10B9C00076281ED010B5104C2378762B0DD09842D7
:10B9D00015D02346002101E082420BD09A7A762AC4
:10B9E00001F1010103F10A03F6D15A20F7F796FDA0
:10B9F000002010BD01EB810104EB410010BD204689
:10BA000010BD0020704700BF1835020078B1037ADE
:10BA100003F03F03994208D0407A00F03F00814292
:10BA20000CBF01204FF0FF307047002070476FF0CF
:10BA300001007047F8B5836813B3C2681378D9065C
:10BA4000044603F00F001CD41E491F4D0B5C1F4F12
:10BA5000013B0B54137803F00F005B092E5C93FB42
:10BA6000F6F506FB15363B5C0125B54023EA0503D8
:10BA70003B54137803F00F03C95C89B10023A36022
:10BA8000F8BD134B53F820500021284600F040FC2D
:10BA90002B6843F001032B60284600F041FCEDE7E2
:10BAA0000C480D4A50F8235042F82310284600F065
:10BAB00065FC2B6843F001032B60AB68DB07FCD40B
:10BAC000DCE700BFEC09002008350200080A00206E
:10BAD000343702004C370200F4090020D0E902326A
:10BAE000002B3AD070B51478E30604F00F0513D597
:10BAF0001B4B1C4853F825201B4B02FB01F2A0FBFB
:10BB0000021253F82530C2F3CF321869C0F3C010C7
:10BB10000028FAD15A8670BD144B53F825004FF611
:10BB2000FF720023A1FB000102F0B6FD104A114B89
:10BB3000525D53F82510640994FBF2F302FB1344A1
:10BB400001220646A2408B68C3F3052313EA0200D4
:10BB5000F9D11C3441F8246070BD6FF06300704768
:10BB6000D40800200180008034370200EC08002057
:10BB7000083502004C3702002DE9F04F4C79816006
:10BB80008BB004F00F049DF850500395052C0574FC
:10BB900005D98D7905F00F05042D00F2EB80BB4D22
:10BBA0005E1EAE4200F2CF819B46039B059202903F
:10BBB0000E46002B00F0C1800025A8464FF0010E74
:10BBC0000023DFF8E4920493771905EB0E037879EC
:10BBD0005BB2C0F30010D9B210B9042C00F2D380CC
:10BBE0007A79019212F0100A40F0D78059F8242097
:10BBF000D2F800C01CF0020F40F0C580002840F0D1
:10BC0000C280A34A12F804A0A24A125D0692019AC9
:10BC1000520992FBFAFC0AFB1C2A4FF0010C069A0F
:10BC20000CFA0AFA1AEA020A40F0AD800535022938
:10BC3000354400F26981002D00F0A880BAF1000FB0
:10BC400040F0F480944B089310238DF824300AAB15
:10BC50002344012113F8083C9940904ADFF84CC274
:10BC6000002332F8029FBCFBF9F9B9FBFBF909F19B
:10BC7000FF3989455FFA83FA03F1010302D3082BE8
:10BC8000EFD19A462146002200F0D2FA7B7913F0D8
:10BC9000100103F00F0300F00D818149814A41F842
:10BCA000239052F82340236843F001032360236864
:10BCB000D907FCD4002120464FEA0A2A00F028FBCD
:10BCC0001FFA89F903210AF4E06300222360204669
:10BCD0002173A4F830900121628600F019FB029BC9
:10BCE000DD6030784309DB0103F1824303F5004353
:10BCF00000F01F015C1808F1040894F8402002F0DD
:10BD0000FE0242F00102490884F84020C2075FFAAF
:10BD100088F80B447CD493F8302008F00F0802F028
:10BD2000F00242EA080883F8308005990298FFF78C
:10BD3000D5FE00200BB0BDE8F08FDFF874E15A4F5C
:10BD4000DFF850A1D8469C46A34662465EF8221012
:10BD5000531C41455FFA83FC34D01A46DBB2052BF5
:10BD6000F4D1C346F479022504F00F04A8464FF03D
:10BD7000FF3E25E7CD7905F00F05042D7FF60FAFC7
:10BD80004FF0FF30D6E7022900F2C180F218884652
:10BD900054791D4604F00F0416E7052CF3D8414AE8
:10BDA00052F82420D2F800C01CF0020F04D1019AEE
:10BDB00002F0E002202A36D0022900F2B2800122ED
:10BDC0000492E3E75846002319466346DC469B4647
:10BDD000CDB26B1C8242DBB20CD170184079C40624
:10BDE00008D4042A06D857F822402468C4F3400433
:10BDF0000194F4B9032B05D033440131587900F094
:10BE00000F00E5E75B46052BE3469C469DD1A8E77E
:10BE100093F8302002F00F0242EA08185FFA88F81F
:10BE200083F8308081E701220492FFE64FF48031ED
:10BE300013E7C406DED41AF80240049444091448F7
:10BE40000694805C0790069C94FBF0F0814607986E
:10BE500000FB1940019C04FA00F9049C14EA090F44
:10BE60004846C7D15C46E346A446049C05310443DA
:10BE7000032B31440AF8024068D1BCF1050F6CD0A5
:10BE800000293FF462AFA8460D4628E77F8D5B008E
:10BE900008350200080A0020181810102237020086
:10BEA000D4080020343702004C370200000E270768
:10BEB000F40900202C482D4A50F8234042F82390E2
:10BEC000204600F05BFA23686AF30A232360236CA0
:10BED00069F317032364E36B022262F30203E36353
:10BEE0002046012100F04AFA7B792149214803F0DC
:10BEF0000F03CA5C40F823B00132CA54039A9AB1C6
:10BF00001D4AFF21D154EAE6002D7FF497AE049B31
:10BF1000002B0CBF6FF003006FF002000BB0BDE808
:10BF2000F08F6FF0020005E714497A79CC5C124873
:10BF3000520992FBF4F104FB1121C45C01228A40F6
:10BF40002243C254CBE66FF00100F3E600299AD1F8
:10BF5000F118487900F00F0036E7C346A8460D46B1
:10BF600000297FF4BCAEFDE64C370200EC0800204F
:10BF7000EC090020F4090020080A0020083502001E
:10BF800038B5C5682B78D90603F00F0424D41E49B0
:10BF90001E4A51F82400155D016B5B09C1F3054190
:10BFA00093FBF5F205FB123341FA03F2D2070FD4EB
:10BFB000103300EB83035868154A4FF6FF7352F8AD
:10BFC0002420A0FB0301002302F066FB80B238BDF1
:10BFD0001C3350F82300EFE70E4B53F82440204663
:10BFE00000F09EF92B780C495A090C3204EB4204FC
:10BFF00003F00F03A08851F82330C0EB0040B0FBE2
:10C00000F3F080B238BD00BF4C37020008350200A3
:10C01000EC08002034370200D40800204D4B4A1EA3
:10C020009A4200F293802DE9F047D0F80C804A4BF9
:10C0300098F80020064612F0100F48480CBF4FF049
:10C0400080724FF48032002533F8024FB0FBF4F4D5
:10C05000B4FBF1F4013C94425FFA85F957D3013502
:10C06000082DF1D13046FFF78BFF98F8003013F020
:10C07000100F824603F00F0325D1394A52F823707E
:10C080003B68A9460021384600F078F93B6869F31F
:10C090000A233B600121384600F070F998F800301F
:10C0A00003F00F032F4A42F82340BB68002BFCD15A
:10C0B000FB6E64F31703FB6651463046FFF70EFD37
:10C0C0000020BDE8F087284A52F823703B6800251D
:10C0D0000021384600F01CF93B6865F30A233B60F9
:10C0E0000121384600F014F998F8003003F00F03EE
:10C0F0001E4A42F823403B69002BFCD1A4B23C8687
:10C1000051463046FFF7EAFC0020BDE8F087304694
:10C11000FFF736FF98F8003013F0100F824603F057
:10C120000F030AD0104A52F823703A68C2F3022271
:10C130004A45DDD005F00705CAE7094A52F82370E1
:10C140003A68C2F302224A45ACD09BE76FF0010087
:10C15000704700BF7F8D5B0022370200000E27076B
:10C160004C370200EC08002034370200D4080020CD
:10C1700070B50446002582B0C4E90032A560E560D0
:10C180002561C8B2FFF71CFCD4E900520126014624
:10C1900000962046054BB3FBF5F3C2EB0242B2FB1F
:10C1A000F5F292B2FFF7E8FC02B070BD40420F001A
:10C1B000FFF740BC38B50368934205460C4607D0EC
:10C1C00009490260B1FBF2F1FFF728FF58B92A686C
:10C1D0006C602846C4EB0444B4FBF2F1BDE838407F
:10C1E00089B2FFF77BBC38BD40420F0070B5064EE8
:10C1F0000024E5B22846FDF735F8013400B135706A
:10C200000C2CF6D170BD00BFE3090020074A08B529
:10C21000136A43F4806313622B210520FDF72CF889
:10C220002C210520BDE80840FDF726B80008004095
:10C23000A8B1334B5B5C07290AD8DFE801F004376B
:10C240003D43494F555B2F48416941F4804141616D
:10C2500020332D4942F0400241F8232070472B4BF8
:10C260005B5C0429F4D8DFE801F0090F151B03001B
:10C270002448016A41F010010162E9E7214881691F
:10C2800041F400618161E3E71E48816941F4805116
:10C290008161DDE71B48C16941F00801C161D7E751
:10C2A0001848C16941F01001C161D1E715484169E1
:10C2B00041F400414161CBE71248816941F40051EA
:10C2C0008161C5E70F48816941F480418161BFE721
:10C2D0000C48C16941F02001C161B9E70948C16951
:10C2E00041F04001C161B3E70648016A41F0200115
:10C2F0000162ADE70348016A41F040010162A7E72E
:10C300000035020000080040001C0040103502000B
:10C31000036861F34103036003699B07FCD4704722
:10C320000369002BFCD170470E4B30B41C68002C05
:10C330000DDD0D4D2B78834212D02A46002303E0F9
:10C3400012F80A1F814205D00133A342F8D1002020
:10C3500030BC704703EB830305EB430030BC7047F0
:10C360002846F5E72037020018350200704700BF65
:10C37000014B1B68184700BF20000020036861F3D1
:10C380004103036083689B07FCD47047036843F054
:10C39000010303600368DB07FCD47047014B18609E
:10C3A000704700BF200000200020FFF7E1BF00BF62
:10C3B0000120FFF7DDBF00BF0220FFF7D9BF00BF9C
:10C3C0000320FFF7D5BF00BF0420FFF7D1BF00BF98
:10C3D0000520FFF7CDBF00BF400007EE900ADFED5C
:10C3E000096AB8EE677AC6EE877AB6EE007A77EE1B
:10C3F000C77AFCEEE77A17EE900AFF2828BFFF20E5
:10C40000C0B2704720BCBE4C0130024B400093FBD1
:10C41000F0F0704700E1F5051F4A204B525C5B5C71
:10C420001F482032203330B44625432440F82250A0
:10C4300040F82340052909D8DFE801F00A11181F48
:10C440002603184A136A43F00203136230BC704794
:10C45000144A536943F48053536130BC7047114A06
:10C46000536943F40053536130BC70470D4A9369DC
:10C4700043F40073936130BC70470A4A936943F4F4
:10C480008063936130BC7047064A136A43F001032E
:10C49000136230BC704700BF60370200683702008B
:10C4A000001C004000080040012805D129B10329E3
:10C4B00014BFFF2002207047FF207047A0F1010049
:10C4C000B0FA80F04009704738B52A4B99420C46C3
:10C4D00039D0294B994202462BD0104621460022E2
:10C4E00000F094F84FF080131868C0F3C242C0F314
:10C4F0008255C0F30240B4F8481021F4E061090409
:10C50000090C41EA0221A4F84810B4F8482022F0AE
:10C5100070021204120C42EA0512A4F84820B4F882
:10C52000483023F007031B041B0C0343A4F84830D6
:10C5300038BD124912480B6A412543F480730B62DF
:10C54000C0F82451C9E70D4A0D4D136A43F080032A
:10C5500013624123C5F82031002200F057F84FF054
:10C5600080131868C0F34212C0F30225C0F38200A2
:10C57000C1E700BF001C004300200043000800404A
:10C58000001C0040EFF31083036072B6BFF35F8FAF
:10C59000704700BFBFF35F8F036883F31088704755
:10C5A00000B585B000230191083801A9CDE9023218
:10C5B00000F078FC05B05DF804FB00BF00B585B065
:10C5C00000230291083801A90392019300F06AFC4C
:10C5D00005B05DF804FB00BF10B50160044600F033
:10C5E000B5FB002807DB044A044BC4E902324FF4D0
:10C5F00000412182002010BDBDC50100A1C5010080
:10C6000000F026BC00F034BC00F042BC00F0F0BCEE
:10C6100008B500F0F1FC002008BD00BF08B500F02F
:10C62000FDFC002008BD00BF2DE9F0470D46174670
:10C630009A46044600F0FCFC002680461FFA80F96A
:10C64000204600F005FD2946204600F0FBFC0028AE
:10C65000F9D02946204600F007FDB8F1010FB85582
:10C6600002D9BB19000A58704E44B6B25645E7D3FA
:10C670003046BDE8F08700BF08B500F0F9FC0020A7
:10C6800008BD00BF08B500F0F7FC002008BD00BFE2
:10C6900008B500F003FD002008BD00BF10B584B050
:10C6A00014460391028902944FF4004301A91438FF
:10C6B000ADF80420ADF8063000F01AF9002808BFE4
:10C6C000204604B010BD00BF10B584B014460391DD
:10C6D0000289029448F2010301A91438ADF804203C
:10C6E000ADF8063000F004F9002808BF204604B079
:10C6F00010BD00BF10B5044600F0BAF818B9024AE0
:10C70000024BC4E9053210BDC9C601009DC6010037
:10C7100010B5044600F0B0F808B9C4E9050010BD32
:10C7200000F0BCB800F0DAB8E8F71EB910B58469BB
:10C73000227ED107034608D5A27DD20705D5012266
:10C7400003682275BDE810401847227E900709D57E
:10C75000A27D910706D50222227518469A68BDE887
:10C7600010401047227E52070AD5628B02F0370232
:10C7700092B9A16A5A68C9B21846BDE8104010477C
:10C78000227ED20907D0184680232376C3689847B3
:10C79000638B9BB2638310BDFF23638310BD00BF17
:10C7A00070B4104D104E0FCD87B06C460FC495E895
:10C7B00003006B4684E80300002053F8042BB242C8
:10C7C00007D001300628F8D14FF0FF3007B070BC19
:10C7D0007047C0B210F1FF3018BF4FF0FF3007B004
:10C7E00070BC70477037020000340040F8B5054651
:10C7F0000C46FFF7D5FFC0B2E369DF07FCD4E3695D
:10C800009E07FCD1236899072CD4E369DA07FCD48E
:10C81000236843F001032360E369DB07FCD446008F
:10C820001249321801EBC202D2E901372360C3F387
:10C830000163012BD2686760E26094BF0027012783
:10C84000AB81E36913F00403FBD1626A304401EB6E
:10C85000C00122F48042498A42EA87326262184665
:10C86000E981F8BD6FF01000F8BD00BF8837020005
:10C870000161FFF7BBBF00BF0369DA699207FCD112
:10C880001A6822F002021A60D86910F00100FBD188
:10C890001A6842F001021A60704700BF10B40369C1
:10C8A000DA699107FCD11A6842F002021A604FF669
:10C8B000FF711024D86910F00400FBD15A8BC2F329
:10C8C0000112012A07D001390029F3DCDA69520785
:10C8D000FCD45C83EEE75DF8044B70470369D869CC
:10C8E00010F00300FBD11A6822F002021A607047B0
:10C8F0004388DB05F0B4046900F19E814B8843F462
:10C9000080734B8005460E4607C9012985E807005C
:10C91000236800F02E81E3695907FCD4636823F48F
:10C920008023636029884A054FEA41033AD4688826
:10C93000626ADBB200F00100034302F48042134359
:10C940006362237EA24ADBB203E0237E013ADBB2BC
:10C9500001D09807F9D02068E2695207FCD4628BB5
:10C96000DF0792B230D5970740F10E81012323767D
:10C970006B8843F480536B806B8823F480731B04B3
:10C9800012F0010F4FEA13436B800CBF6FF00300EE
:10C990006FF004006B8823F480731B041B0C6B8006
:10C9A000F0BC70476A88D70703D56A8842F4806272
:10C9B0006A80626A40F2FE7002F4804242F40042F1
:10C9C000034013436362BCE79B0721D56B68002BD0
:10C9D00000F05481570700F15181013B6B60C0F3B7
:10C9E000C060002B40F0E280002800F0E5806B88FA
:10C9F000190400F1EF806B8823F480731B041B0C77
:10CA00006B80AB68A16A581C0222A860197022765C
:10CA1000002002274FF0010C6B88DA05C0D5296988
:10CA20006B4A0B7EDBB203E00B7E013ADBB279D0BE
:10CA300013F0030FF8D02168E2695207FCD4628B2F
:10CA400013F0010F92B216D093074DD584F818C099
:10CA50006B8843F480536B806B8823F480731B04D2
:10CA600012F0010F4FEA13436B800CBF6FF003000D
:10CA70006FF00400D0E713F00200CDD06B68002BFC
:10CA800000F0DD80520700F1DA80013B6B60C1F3FA
:10CA9000C0618BB9A1B16B881B041DD46B8823F4D2
:10CAA00080731B041B0C6B80AB68A26A591CA960C5
:10CAB00000201A702776AFE7012BF5D10029F3D0BB
:10CAC000E2695007FCD4626842F480226260002B65
:10CAD000EAD16B881B04E1D5E3695907FCD463688C
:10CAE00043F440336360D9E712F0040040F0AB80B8
:10CAF0006B8813F480632AD16868002840F08B802B
:10CB00006B881B0406D46B8823F480731B041B0CF6
:10CB10006B8081E7E3695907FCD4636843F44033D1
:10CB20006360F0E773881B0409D46B8823F4807377
:10CB30001B041B0C6B806FF00400F0BC7047E369B2
:10CB40005907FCD4636843F440336360EDE7626ADD
:10CB50002B8802F48042DB0942F0F10203F0060365
:10CB6000134363626B8823F480631B041B0C6B808C
:10CB700052E71F017FF5CFAEE3695807FCD4636825
:10CB800043F480236360CDE653077CD46B8858055B
:10CB900030D46B68002B47D16B88190422D46B8882
:10CBA00023F480731B041B0C6B8031E7012B7FF493
:10CBB00028AF00283FF425AFE2695207FCD4626831
:10CBC00042F480226260002B3FF411AF19E700BFEE
:10CBD000FFFF3F00E3695B07FCD4636843F4403325
:10CBE000636008E7E3695A07FCD4636843F44033A1
:10CBF0006360D4E7626ACB0902F4804203F0060363
:10CC000042F0F102134363626B8823F480631B04D8
:10CC10001B0C6B80FCE6AA68411E12F8010BA06297
:10CC20001846C5E90112F7E6AA6812F8011BA162CD
:10CC3000013BC5E90132EBE66FF00500B0E627766F
:10CC40006FF00100E8E66B68002B03DD6B8843F4AE
:10CC500080536B806B88190408D46B8823F480732D
:10CC60001B041B0C6B806FF00100D5E6E3695A07CB
:10CC7000FCD4636843F440336360EEE70223237619
:10CC80006FF0010086E66B68002B03DD6B8843F4D0
:10CC900080536B806B881F0408D46B8823F48073E7
:10CCA0001B041B0C6B806FF0010073E6E3695E07E9
:10CCB000FCD4636843F440336360EEE7014B1868CB
:10CCC000FFF734BD00090020FFF7F8BFFFF7F6BFFC
:10CCD000FFF7F4BF014B1868FFF728BD04090020D7
:10CCE000FFF7F8BFFFF7F6BFFFF7F4BF014B186877
:10CCF000FFF71CBD08090020FFF7F8BFFFF7F6BFDC
:10CD0000FFF7F4BF014B1868FFF710BD0C090020B6
:10CD1000FFF7F8BFFFF7F6BFFFF7F4BF014B186846
:10CD2000FFF704BD10090020FFF7F8BFFFF7F6BFBB
:10CD3000FFF7F4BF014B1868FFF7F8BC1409002097
:10CD4000FFF7F8BFFFF7F6BFFFF7F4BFF0B53D4FB1
:10CD5000DFF8F8C006460C460FCF87B06D460FC50A
:10CD600097E8030085E803006A46002352F8041B95
:10CD7000614558D00133062BF8D10022E369DF0763
:10CD8000FCD4E3699D07FCD12368980755D4E36977
:10CD9000D907FCD4236843F001032360E369DB0770
:10CDA000FCD41001284B3460811819448C4691F84A
:10CDB0000DE05CF8045B25F4817705F01C05082D77
:10CDC000DCF800C027F001071BD02CF4383525F41F
:10CDD0001075097B276045F400356560217384F880
:10CDE00030E0024413441CF0070F9A7BDB7B14BF36
:10CDF0000221012142EA0323F3803171002007B0B0
:10CE0000F0BD2CF4083525F4107545F4003589681B
:10CE1000276045F410756560616284F830E0E1696F
:10CE20000029FCD1DDE7DAB253B1032A08BF0122A1
:10CE3000A4D06FF00C0007B0F0BD6FF01000DEE77B
:10CE40001A469BE770370200A0370200003000400E
:10CE50000368DA69D20708D4D86910F00300FBD15F
:10CE60001A6842F002021A6070476FF003007047C0
:10CE70000368DA69D20708D4D86910F00300FBD13F
:10CE80001A6822F002021A6070476FF003007047C0
:10CE90000368D86910F0010006BFC9B219736FF0BA
:10CEA00003007047F0B50468D1F800E0E3694E680C
:10CEB00090F804C05A0747D1E26912F00302FBD18F
:10CEC00023689B0743D51546237EDBB25F0720D43A
:10CED000AA4210D8DF070ED5C788BEF1000F08D0D0
:10CEE000BCF1010F9EF800708CBF3EF8027B0EF182
:10CEF000010E0132A7621F0619D48B689342E3D852
:10CF0000AB42E1D8237E9B07104617D0032323763C
:10CF1000F0BDA76A3EB1BCF1010F377085BF3F0A73
:10CF20007770013602361F0605F10105E5D54FF68B
:10CF3000FF72802362836FF012002376237E9B07AB
:10CF4000FCD003232376E3E76FF00300F0BD6FF01E
:10CF50001300F0BD10B4036B9B07FCD10288C2F331
:10CF60004002036B9C07FCD1038823F002031B04DF
:10CF70001B0C0380036BC3F30B03002BFAD1037A62
:10CF800001F00F0403F0F0012143017232B1036B91
:10CF90009B07FCD1038843F0020303805DF8044B38
:10CFA000704700BF03461A6BD207FCD41A6B900778
:10CFB000FCD11A88910718D41A6BD207FCD41A88AE
:10CFC00042F001021A801A6B12F00102FBD1DA80E2
:10CFD00010461A729A709A809A72DA729A81DA817D
:10CFE0001A825A82DA701A8070476FF01000704708
:10CFF00001600846FFF7D6BF03681A6B9107FCD1A2
:10D000001A8822F002021204120C1A801A6BD2073C
:10D01000FCD41A8842F001021A8070470268136B30
:10D020009B07FCD1138843F002031380704700BFB5
:10D030000368DB88C3F3C103032B0CBF012002206C
:10D04000704700BF036893F82E0000F0010070479E
:10D050000268136BC3F30B03002BFAD1137D43F06B
:10D0600002031375704700BF0368B3F840007047B0
:10D070000068FFF76FBF00BF0268136BC3F30B03B9
:10D08000002BFAD1D38823F01803C9001B0401F048
:10D0900018011B0C0B43D380704700BF0068036B63
:10D0A000C3F30B03002BFAD1838823F01F031B0467
:10D0B00001F01F011B0C0B4392B28380036BC3F37F
:10D0C0000B03002BFAD1838823F4F85312021B04BC
:10D0D00002F4F8521B0C13438380704738B5174B8A
:10D0E0001A8C02F01F021401234493F84E1011F021
:10D0F000010112D00121124883F84E1050F822008D
:10D1000018B183680BB100F0BBF804F1824303F55A
:10D110002043002283F84E2038BD93F84E0080074C
:10D12000F3D50225064883F84E5050F82200002817
:10D13000EBD08368002BE6D1E7E700BF00A00041F9
:10D1400018090020FFF7CABFFFF7C8BFFFF7C6BF27
:10D15000FFF7C4BFFFF7C2BF0207F8B5044602D00D
:10D1600001300307FCD1C4F810014FF48072002194
:10D17000F5F71AFC194A1A4811881A4B6FF3410146
:10D180001180016941F40071016101264FF470655D
:10D190000021168015805180D4F810118031516320
:10D1A000D4F810119163158845F0020515802021EF
:10D1B0004FF0004720460225042408221F6083F810
:10D1C0001F135E6083F820135D6083F821135C6099
:10D1D00083F822135A6083F82313F8BD00A000419E
:10D1E0000008004000E100E010B5202200210648C0
:10D1F000F5F7DAFB4FF48A7004F004FC0446FFF7FD
:10D20000ABFF024B1C6010BD18090020380900203C
:10D210000729D0F81001DCBF083100EB011070477E
:10D2200038B5134C2368F3B1D3F8103100248033A0
:10D230001A88D20707D50134082C03F11003F7D15F
:10D240000025284638BD1A8842F001021A800C20B9
:10D2500004F0D8FB2146054600F00EF8054B2846A1
:10D2600043F8245038BDFFF7BFFF2368DCE700BF59
:10D2700038090020180900200022C0E90112704777
:10D2800010B44368074A1B019C586FF341049C503B
:10D29000806820B103685DF8044B1B6818475DF88F
:10D2A000044B704740A0004181600020704700BFE0
:10D2B000F8B50D4641680029044616461F4627DB8F
:10D2C000F7F7BAFD144B61681868FFF7A1FF0188F2
:10D2D000C1F3012127FA01F189B241800188C1F32C
:10D2E000012127FA01F121600DB13D4445600EB1E5
:10D2F0003E4486606368094A1B01991807208873B9
:10D30000995841F002019950BDE8F840F7F786BD01
:10D310005A20F6F703F9D3E73809002040A000416E
:10D320002DE9F84F894641680A9E002905461746AF
:10D3300098466DDBF7F780FD6A68374812011118CF
:10D3400013586FF341031350135843F00103135064
:10D350000C6814F00104FBD1DFF8C0E06B68DEF864
:10D3600010B0DFF8BCC04FF0010A0AFA03F32BEA51
:10D370000303CEF8103013584FF0020E6EF315531E
:10D380001350135869F30E2313504B7BDCF8000045
:10D3900043EA0A034B734B7B43EA0E034B73696802
:10D3A000FFF736FF0480038864F34F3303802EB306
:10D3B000038864F30C330380038864F3CB23038076
:10D3C00003886AF38A230380038867F309230380B1
:10D3D00003886FF3C40303800388002243F006032D
:10D3E00003804280C0F804808660C260038843F0F6
:10D3F00001030380BDE8F84FF7F710BD038843F43D
:10D4000080530380038843F400630380B246D7E768
:10D410005A20F6F783F88DE740A0004100A00041B4
:10D4200038090020704700BF074B1B6853B1074BFA
:10D4300053F8203033B1986820B10368044A1B6860
:10D44000934200D1704718473C0900204009002052
:10D4500025D4010000210171007800F07BB800BFE5
:10D4600038B504460D46F7F7E7FCA560BDE838403F
:10D47000F7F7D4BC38B504460D462171007800F0AA
:10D4800069F8294620780322BDE8384000F07EB8CC
:10D4900010B54022002104460748F5F785FA00F050
:10D4A00099F8064800F090F800F0CEF8012000F05E
:10D4B000BFF8204610BD00BF4009002029D401005C
:10D4C00038B5074D2C680CB1204638BD012004F05A
:10D4D00099FA0446FFF7DCFF2C60204638BD00BFF8
:10D4E0003C090020F8B50D4E56F821400CB12046FD
:10D4F000F8BD0D46F7F7A0FC0C2004F083FA0746B0
:10D50000E8B2BC6000F07EF83D6046F82570F7F7A1
:10D5100085FC56F825402046F8BD00BF4009002094
:10D5200010B40123084C0949834063610B5C032B51
:10D5300002D05DF8044B7047054B1B68002BF8D0F8
:10D540005DF8044B184700BF00280040C4090020C4
:10D550008009002038B5044600200D4600F068F828
:10D56000E3089B0003F1804303F5205304F0070414
:10D57000A400DA690F21A140A54022EA01042C434E
:10D58000DC610120BDE8384000F052B838B541F008
:10D59000080115460446FFF7DDFF0123054AA340B5
:10D5A000136105B938BD044B1D552046BDE8384010
:10D5B00000F028B800280040C4090020014B43F8BF
:10D5C0002010704784090020014B1860704700BF8D
:10D5D0008009002008B5094A536943F48063536108
:10D5E00004210120FBF748FE054A137843F00203AB
:10D5F000137053689B07FCD408BD00BF00080040AF
:10D60000002800400C3043099B0003F1604300F008
:10D610001F0203F5614301209040C3F88000BFF36F
:10D620004F8FBFF36F8FC3F880011860704700BF42
:10D63000044A137860F34103137053689B07FCD4CA
:10D64000704700BF002800400F4B1A7842F00102DB
:10D6500070B51A705C6814F00104FBD10B4D012603
:10D660000021E0B2FFF7AAFF04F10C0306FA03F36E
:10D67000C5F88030BFF34F8FBFF36F8F0134102C8C
:10D68000C5F88031ECD170BD0028004000E100E019
:10D690000020FFF745BF00BF0120FFF741BF00BFDB
:10D6A0000220FFF73DBF00BF0320FFF739BF00BFD7
:10D6B0000420FFF735BF00BF0520FFF731BF00BFD3
:10D6C0000620FFF72DBF00BF0720FFF729BF00BFCF
:10D6D0000820FFF725BF00BF0920FFF721BF00BFCB
:10D6E0000A20FFF71DBF00BF0B20FFF719BF00BFC7
:10D6F0000C20FFF715BF00BF0D20FFF711BF00BFC3
:10D700000E20FFF70DBF00BF0F20FFF709BF00BFBE
:10D710006FF47D70704700BF6FF47D70704700BF7D
:10D720006FF47D70704700BF10B584B004688DF849
:10D730000C20002200928DF80D306469022303AAA8
:10D74000A04704B010BD00BF2DE9F04186B00668C7
:10D750009DF834508DF80F2004461F4676698846A0
:10D7600085B1012300930DF10F02B04738B923684A
:10D770000090DD690C9B3A4641462046A84706B01A
:10D78000BDE8F08106AA9DF80F3002F8013D009532
:10D790000123B047EAE700BF2DE9F84F9DF8287054
:10D7A000002A3CD0002B3ADD88460168DFF87490EF
:10D7B0001E464B684B458246144628D1CD68DFF89B
:10D7C00068B05D451BD1264405E00134A6420AD06D
:10D7D000DAF80030DD685D45F7D021785046013435
:10D7E000A847A642F4D117B10020BDE8F88FDAF8B7
:10D7F00000309B684B450ED13846BDE8F88F5FFA84
:10D8000088F15046A847DAF80030DD68DBE7984732
:10D81000DAF80010D2E7504698473846E5E76FF44B
:10D820007A70E2E719D7010021D701002DE9F04F06
:10D8300083B09DF83090002A5AD0002B984657DDCF
:10D84000056892466B682C4A934206463DD1EB68C8
:10D850002A4FBB4241D1B8F1010F1BD0A8F10208F9
:10D860000AEB080B0AF1FF3405E00B2004F8010F66
:10D87000A3450BD035682D69BD42F6D00021304656
:10D88000A847C0B204F8010FA345F3D108F101087D
:10D890003568C2442B69BB4212D10B208AF80000C4
:10D8A000B9F1000F03D0002003B0BDE8F08F33685A
:10D8B000114A9B68934217D1484603B0BDE8F08FE8
:10D8C000012130469847C0B2E8E701919847356892
:10D8D0000A4FEB680199BB42BDD041F00101C9B2CA
:10D8E000304698473568B6E7304698474846DBE704
:10D8F0006FF47A70D8E700BF19D7010021D7010073
:10D90000014B0360704700BFCC3702004162704793
:10D91000406A82B08DE80C0018B1036802B01B6841
:10D92000184702B0704700BF82B070B50C4684B093
:10D9300005464968206802AC03C4039908AC481046
:10D9400084E80C00CB0745BF2A58029B029CD458A0
:10D950000AAB2E1893E803008DE8030008AB0CCB4C
:10D960003046A04704B0BDE8704002B0704700BF29
:10D97000F0B50F4601F1080485B021460646FBF7D5
:10D98000ABFBFB68002B2CDD012B2CD000252046A7
:10D9900004342146FBF7B0FBF86801350138A84292
:10D9A000F5DC6D46023007EB80042846FBF77EFB72
:10D9B00029462046FBF7A0FB2846FBF795FBFA68B3
:10D9C00031683B69013AFA604A889B1A3B61BA8B1D
:10D9D0002846012340F2FE31FBF7F4FA304605B049
:10D9E000F0BD6D46F3E70020DBE700BF8369C26846
:10D9F0001344002B59DD90F82030002B5CD010B57B
:10DA0000816A0B68044686B01B6801A89847E068E5
:10DA1000A369C218002A31DC6269002A2CDD216961
:10DA20008A422BDB53BB8A4200DB4BB10133A3613B
:10DA3000F8F768F8A369E068013B0028A361E8DC17
:10DA4000023001A904EB8000FBF756FB019B226921
:10DA50005988E368606A0A440133C4E9033228B193
:10DA600094F82030CBB103681B68984701A8FBF7F6
:10DA70003BFB002006B010BD002BE1D0A18B40F293
:10DA8000FF30F7F7BDFEA369E0681A18002ACDDC65
:10DA90006269002AC9DD2169C5E7E28B012340F2F2
:10DAA000FF3102A8FBF78EFAE0E74369002BA6DD01
:10DAB00002699342A3DA9EE76FF47B70704700BF60
:10DAC000A0F10400FFF792BF0D4B70B503F10802FF
:10DAD00004461C330025C0E9002308300E46FBF73E
:10DAE000E5FAC4E903556561E583FAF7A7F901236F
:10DAF000A083A561C4E9095684F82030204670BD92
:10DB0000F0370200094B03F1140270B5C0E900328E
:10DB1000064600F1080500F10C04043C2046FBF722
:10DB2000E3FAA542F9D1304670BD00BFF8370200D4
:10DB300080F8201039B92DE9F041C58B82B01DB1B4
:10DB400002B0BDE8F08170470446FAF777F91D4B43
:10DB5000E0831F688046002FF2D0282003F052FF98
:10DB600006461030FBF74EFA40F2FF3318203380A0
:10DB7000A6F8028003F046FF134ACDE9002584464B
:10DB80006A46034603CA4CF80C4BDD60CCF80450DF
:10DB9000586099603A680D49F56012205961B36088
:10DBA000B080C6E908555368384631469847002882
:10DBB000C6D03046F8F7C2F9304602B0BDE8F041B1
:10DBC00003F017BFB408002011D9010029D90100C2
:10DBD000024B1868BFF35B8F704700BFD409002069
:10DBE000024B1868BFF35B8F704700BF3C000020FA
:10DBF00081F0004102E000BF83F0004330B54FEAFE
:10DC000041044FEA430594EA050F08BF90EA020F6A
:10DC10001FBF54EA000C55EA020C7FEA645C7FEAFD
:10DC2000655C00F0E2804FEA5454D4EB5555B8BF20
:10DC30006D420CDD2C4480EA020281EA030382EA91
:10DC4000000083EA010180EA020281EA0303362D23
:10DC500088BF30BD11F0004F4FEA01314FF4801CF6
:10DC60004CEA113102D0404261EB410113F0004F08
:10DC70004FEA03334CEA133302D0524263EB4303BF
:10DC800094EA050F00F0A780A4F10104D5F1200E5D
:10DC90000DDB02FA0EFC22FA05F2801841F10001B8
:10DCA00003FA0EF2801843FA05F359410EE0A5F18C
:10DCB00020050EF1200E012A03FA0EFC28BF4CF0BD
:10DCC000020C43FA05F3C01851EBE37101F0004573
:10DCD00007D54FF0000EDCF1000C7EEB00006EEB80
:10DCE0000101B1F5801F1BD3B1F5001F0CD349080A
:10DCF0005FEA30004FEA3C0C04F101044FEA445261
:10DD000012F5800F80F09A80BCF1004F08BF5FEAE7
:10DD1000500C50F1000041EB045141EA050130BDC7
:10DD20005FEA4C0C404141EB010111F4801FA4F16A
:10DD30000104E9D191F0000F04BF01460020B1FABF
:10DD400081F308BF2033A3F10B03B3F120020CDAF7
:10DD50000C3208DD02F1140CC2F10C0201FA0CF0D5
:10DD600021FA02F10CE002F11402D8BFC2F1200C3A
:10DD700001FA02F120FA0CFCDCBF41EA0C019040F0
:10DD8000E41AA2BF01EB0451294330BD6FEA040439
:10DD90001F3C1CDA0C340EDC04F11404C4F1200224
:10DDA00020FA04F001FA02F340EA030021FA04F336
:10DDB00045EA030130BDC4F10C04C4F1200220FA8D
:10DDC00002F001FA04F340EA0300294630BD21FACB
:10DDD00004F0294630BD94F0000F83F4801306BF91
:10DDE00081F480110134013D4EE77FEA645C18BF85
:10DDF0007FEA655C29D094EA050F08BF90EA020F1C
:10DE000005D054EA000C04BF1946104630BD91EA13
:10DE1000030F1EBF0021002030BD5FEA545C05D116
:10DE20004000494128BF41F0004130BD14F5800455
:10DE30003CBF01F5801130BD01F0004545F0FE41C9
:10DE400041F470014FF0000030BD7FEA645C1ABFFE
:10DE5000194610467FEA655C1CBF0B46024650EA35
:10DE6000013406BF52EA033591EA030F41F4002161
:10DE700030BD00BF90F0000F04BF0021704730B5E7
:10DE80004FF4806404F132044FF000054FF00001BC
:10DE900050E700BF90F0000F04BF0021704730B57D
:10DEA0004FF4806404F1320410F0004548BF404252
:10DEB0004FF000013EE700BF42004FEAE2014FEAA7
:10DEC00031014FEA02701FBF12F07F4393F07F4F82
:10DED00081F06051704732F07F4208BF704793F085
:10DEE0007F4F04BF41F40021704730B54FF4607498
:10DEF00001F0004521F000411CE700BF50EA01029B
:10DF000008BF704730B54FF000050AE050EA010243
:10DF100008BF704730B511F0004502D5404261EBB3
:10DF200041014FF4806404F132045FEA915C3FF4F4
:10DF3000D8AE4FF003025FEADC0C18BF03325FEA91
:10DF4000DC0C18BF033202EBDC02C2F1200300FA42
:10DF500003FC20FA02F001FA03FE40EA0E0021FA67
:10DF600002F11444BDE600BF70B54FF0FF0C4CF455
:10DF7000E06C1CEA11541DBF1CEA135594EA0C0F07
:10DF800095EA0C0F00F0DEF82C4481EA030621EA42
:10DF90004C5123EA4C5350EA013518BF52EA03357D
:10DFA00041F4801143F4801338D0A0FB02CE4FF02F
:10DFB0000005E1FB02E506F00042E0FB03E54FF05F
:10DFC0000006E1FB03569CF0000F18BF4EF0010E57
:10DFD000A4F1FF04B6F5007F64F5407404D25FEA53
:10DFE0004E0E6D4146EB060642EAC62141EA555106
:10DFF0004FEAC52040EA5E504FEACE2EB4F1FD0C48
:10E0000088BFBCF5E06F1ED8BEF1004F08BF5FEAC5
:10E01000500E50F1000041EB045170BD06F0004677
:10E0200046EA010140EA020081EA0301B4EB5C0424
:10E03000C2BFD4EB0C0541EA045170BD41F480111C
:10E040004FF0000E013C00F3AB8014F1360FDEBF41
:10E05000002001F0004170BDC4F10004203C35DA1D
:10E060000C341BDC04F11404C4F1200500FA05F3A0
:10E0700020FA04F001FA05F240EA020001F0004241
:10E0800021F0004110EBD37021FA04F642EB0601B7
:10E090005EEA430E08BF20EAD37070BDC4F10C04E1
:10E0A000C4F1200500FA04F320FA05F001FA04F2A5
:10E0B00040EA020001F0004110EBD37041F1000191
:10E0C0005EEA430E08BF20EAD37070BDC4F120059C
:10E0D00000FA05F24EEA020E20FA04F301FA05F204
:10E0E00043EA020321FA04F001F0004121FA04F2AC
:10E0F00020EA020000EBD3705EEA430E08BF20EA7C
:10E10000D37070BD94F0000F0FD101F000464000B5
:10E1100041EB010111F4801F08BF013CF7D041EA37
:10E12000060195F0000F18BF704703F0004652003B
:10E1300043EB030313F4801F08BF013DF7D043EA0C
:10E140000603704794EA0C0F0CEA135518BF95EAC2
:10E150000C0F0CD050EA410618BF52EA4306D1D149
:10E1600081EA030101F000414FF0000070BD50EA68
:10E17000410606BF1046194652EA430619D094EAF2
:10E180000C0F02D150EA013613D195EA0C0F05D1DC
:10E1900052EA03361CBF104619460AD181EA030130
:10E1A00001F0004141F0FE4141F470014FF00000E8
:10E1B00070BD41F0FE4141F4780170BD70B54FF083
:10E1C000FF0C4CF4E06C1CEA11541DBF1CEA135503
:10E1D00094EA0C0F95EA0C0F00F0A7F8A4EB0504E5
:10E1E00081EA030E52EA03354FEA013100F08880DC
:10E1F0004FEA03334FF0805545EA131343EA1263A5
:10E200004FEA022245EA111545EA10654FEA002659
:10E210000EF000419D4208BF964244F1FD0404F512
:10E22000407402D25B084FEA3202B61A65EB03056E
:10E230005B084FEA32024FF480104FF4002CB6EB2B
:10E24000020E75EB030E22BFB61A754640EA0C00AB
:10E250005B084FEA3202B6EB020E75EB030E22BFEB
:10E26000B61A754640EA5C005B084FEA3202B6EB2C
:10E27000020E75EB030E22BFB61A754640EA9C00EB
:10E280005B084FEA3202B6EB020E75EB030E22BFBB
:10E29000B61A754640EADC0055EA060E18D04FEA79
:10E2A000051545EA16754FEA06164FEAC30343EA19
:10E2B00052734FEAC2025FEA1C1CC0D111F4801FE6
:10E2C0000BD141EA00014FF000004FF0004CB6E7DF
:10E2D00011F4801F04BF01430020B4F1FD0C88BF7E
:10E2E000BCF5E06F3FF6AFAEB5EB030C04BFB6EB89
:10E2F000020C5FEA500C50F1000041EB045170BD7C
:10E300000EF0004E4EEA113114EB5C04C2BFD4EBA8
:10E310000C0541EA045170BD41F480114FF0000E2C
:10E32000013C90E645EA060E8DE60CEA135594EAA8
:10E330000C0F08BF95EA0C0F3FF43BAF94EA0C0FAB
:10E340000AD150EA01347FF434AF95EA0C0F7FF420
:10E3500025AF104619462CE795EA0C0F06D152EA74
:10E3600003353FF4FDAE1046194622E750EA410658
:10E3700018BF52EA43067FF4C5AE50EA41047FF469
:10E380000DAF52EA43057FF4EBAE12E74FF0FF3CCE
:10E3900006E000BF4FF0010C02E000BF4FF0010C9F
:10E3A0004DF804CD4FEA410C7FEA6C5C4FEA430C18
:10E3B00018BF7FEA6C5C1BD001B050EA410C0CBF67
:10E3C00052EA430C91EA030F02BF90EA020F0020C9
:10E3D000704710F1000F91EA030F58BF994208BF30
:10E3E00090422CBFD8176FEAE37040F001007047ED
:10E3F0004FEA410C7FEA6C5C02D150EA013C07D144
:10E400004FEA430C7FEA6C5CD6D152EA033CD3D08E
:10E410005DF8040B704700BF8446104662468C4688
:10E420001946634600E000BF01B5FFF7B7FF0028BB
:10E4300048BF10F1000F01BD4DF808EDFFF7F4FFE4
:10E440000CBF012000205DF808FB00BF4DF808ED6F
:10E45000FFF7EAFF34BF012000205DF808FB00BF92
:10E460004DF808EDFFF7E0FF94BF012000205DF8B4
:10E4700008FB00BF4DF808EDFFF7CEFF94BF012069
:10E4800000205DF808FB00BF4DF808EDFFF7C4FF62
:10E4900034BF012000205DF808FB00BF4FEA410CAB
:10E4A0007FEA6C5C02D150EA013C0AD14FEA430C8E
:10E4B0007FEA6C5C02D152EA033C02D14FF00000CB
:10E4C00070474FF0010070474FEA410212F5001209
:10E4D00015D211D56FF47873B3EB625212D94FEAAB
:10E4E000C12343F0004343EA505311F0004F23FA95
:10E4F00002F018BF404270474FF00000704750EAEA
:10E50000013005D111F0004008BF6FF000407047A6
:10E510004FF00000704700BF4A0011D212F5001200
:10E5200011D20DD56FF47873B3EB62520ED44FEA6B
:10E53000C12343F0004343EA505323FA02F07047EB
:10E540004FF00000704750EA013002D14FF0FF3029
:10E5500070474FF0000070474FEA4102B2F1E043CC
:10E5600024BFB3F5001CDCF1FE5C0DD901F0004CBA
:10E570004FEAC0024CEA5070B2F1004F40EB83000A
:10E5800008BF20F00100704711F0804F21D113F136
:10E590003872BCBF01F00040704741F480114FEA6F
:10E5A0005252C2F11802C2F1200C10FA0CF320FAF8
:10E5B00002F018BF40F001004FEAC1234FEAD32315
:10E5C00003FA0CFC40EA0C0023FA02F34FEA43037F
:10E5D000CCE77FEA625307D150EA01331EBF4FF008
:10E5E000FE4040F44000704701F0004040F0FE4023
:10E5F00040F40000704700BF7BB972B90029BEBF6C
:10E6000000204FF0004106E008BF00281CBF6FF05B
:10E6100000414FF0FF3000F01BBAADF1080C6DE97E
:10E6200004CE002909DB002B1ADB00F0ABF8DDF883
:10E6300004E0DDE9022304B07047404261EB410190
:10E64000002B1BDB00F09EF8DDF804E0DDE902237F
:10E6500004B0404261EB4101524263EB4303704717
:10E66000524263EB430300F08DF8DDF804E0DDE98E
:10E67000022304B0404261EB41017047524263EB18
:10E68000430300F07FF8DDF804E0DDE9022304B085
:10E69000524263EB4303704753B94AB9002908BF9C
:10E6A00000281CBF4FF0FF314FF0FF3000F0D0B911
:10E6B000ADF1080C6DE904CE00F064F8DDF804E07B
:10E6C000DDE9022304B070472DE9F84382EAE274E1
:10E6D000A4EBE2741546E20758BFDFF860900646E7
:10E6E0000F4652BF4FF00008804689466408324604
:10E6F0003B463046394613D0FFF736FCE307064663
:10E700000F46F3D54046494632463B46FFF72CFCC0
:10E7100064088046894632463B4630463946EBD14E
:10E72000002D07DA42464B4600200449FFF746FD1C
:10E730008046894640464946BDE8F8830000F03FE0
:10E74000D0B500220D4B06460F46FFF70DFCFFF734
:10E75000E3FE0446FFF78EFB0022094BFFF704FCA3
:10E7600002460B4630463946FFF746FAFFF7D4FE1D
:10E770000022234610431946D0BD00BF0000F03DE3
:10E780000000F0412DE9F047089E04468846002B22
:10E790004BD18A42154667D9B2FA82F24AB1C2F128
:10E7A000200701FA02F320FA07F7954047EA030829
:10E7B00094404FEA154E230CB8FBFEF71FFA85FC78
:10E7C0000EFB178843EA084307FB0CF1994209D96D
:10E7D000EB1807F1FF3080F01B81994240F218815D
:10E7E000023F2B445B1AA4B2B3FBFEF00EFB1033C6
:10E7F00044EA034400FB0CFCA44509D92C1900F1A0
:10E80000FF3380F00781A44540F2048102382C4494
:10E8100040EA0740A4EB0C0400271EB1D4400023BB
:10E82000C6E900433946BDE8F0878B4209D9002E7E
:10E8300000F0EB800027C6E9000138463946BDE804
:10E84000F087B3FA83F7002F47D18B4202D382427D
:10E8500000F2FA80841A61EB030301209846002E2F
:10E86000E0D0C6E90048DDE702B9FFDEB2FA82F285
:10E87000002A40F08F80491B4FEA154E1FFA85F899
:10E880000127B1FBFEFC230C0EFB1C1143EA0143E4
:10E8900008FB0CF1994207D9EB180CF1FF3002D2BA
:10E8A000994200F2CD808446591AA3B2B1FBFEF022
:10E8B0000EFB101443EA044408FB00F8A04507D9F6
:10E8C0002C1900F1FF3302D2A04500F2B6801846A1
:10E8D000A4EB080440EA0C409FE7C7F1200CBB40C2
:10E8E00022FA0CFE4EEA030E01FA07F420FA0CF5A8
:10E8F00021FA0CF34FEA1E482543B3FBF8F92C0C20
:10E9000008FB19331FFA8EFA44EA034309FB0AF4A1
:10E910009C4202FA07F200FA07F10BD91EEB03033F
:10E9200009F1FF3080F087809C4240F28480A9F199
:10E93000020973441B1BADB2B3FBF8F008FB1033A4
:10E9400045EA034400FB0AFAA24508D91EEB040479
:10E9500000F1FF336BD2A24569D90238744440EA12
:10E960000940A0FB0289A4EB0A044C45C2464B4671
:10E9700054D351D0002E69D0B1EB0A0564EB0304E7
:10E9800004FA0CFCFD40FC404CEA0505C6E90054C5
:10E99000002747E7C2F1200320FA03F7954001FA68
:10E9A00002F021FA03F34FEA154E3843010CB3FB92
:10E9B000FEF71FFA85F80EFB173341EA034107FB08
:10E9C00008F38B4204FA02F407D9691807F1FF3CF7
:10E9D0002FD28B422DD9023F2944CB1A81B2B3FBEF
:10E9E000FEF00EFB103341EA034100FB08F38B42BB
:10E9F00007D9691800F1FF3C17D28B4215D90238AC
:10EA00002944C91A40EA07473BE73746304609E739
:10EA10000746E7E61846FBE64145ABD2B8EB020AEB
:10EA200069EB0E0201381346A4E76046E9E7184691
:10EA300095E76746D1E781467CE702382C4447E7F3
:10EA4000ACF1020C2B442FE7384608E73746E9E6DD
:10EA5000704700BF30B5224A21F00043934287B08F
:10EA60001BDD204A934205DD02460B46FFF7C4F842
:10EA700007B030BD02AAE8F713FF00F00303012B33
:10EA800011D0022B22D0D3B10124DDE90423DDE92A
:10EA900002010094E9F72CFFEAE700220023E9F7DE
:10EAA000E3F907B030BDDDE904450093DDE902017B
:10EAB00022462B46E9F71CFF01F10041D8E7DDE9CA
:10EAC0000423DDE90201E9F7CFF9D1E7DDE9042309
:10EAD000DDE90201E9F7C8F901F10041C8E700BF2B
:10EAE000FB21E93FFFFFEF7F21F00043194670470C
:10EAF00030B51F4A21F00043934287B01BDD1D4A09
:10EB0000934205DD02460B46FFF776F807B030BDAD
:10EB100002AAE8F7C5FE00F003000128DDE904239E
:10EB200011D002281BD098B1DDE90201E9F79CF968
:10EB300001F10041EAE70023009300220023E9F7F6
:10EB4000D7FE07B030BDDDE90201E9F78DF9DDE759
:10EB50000124DDE902010094E9F7CAFED6E70124A9
:10EB6000DDE902010094E9F7C3FE01F10041CDE7C0
:10EB7000FB21E93FFFFFEF7F30B5144A21F000434E
:10EB8000934287B019DD124A934205DD02460B46D7
:10EB9000FFF732F807B030BD02AAE8F781FE440063
:10EBA00004F00204C4F10104DDE90423DDE90201FB
:10EBB0000094E9F755FF07B030BD01230093002210
:10EBC0000023E9F74DFF07B030BD00BFFB21E93F4F
:10EBD000FFFFEF7F3B4A21F00043934270B50D46A3
:10EBE0000C46064611DD02460B4600203649FFF76B
:10EBF000E5FA002D4FF00002334B35DBFEF7FEFF48
:10EC000002460B461046194670BD304A934208DD55
:10EC10002D4B0022002CB8BF03F1004310461946CB
:10EC200070BDB3F1725F26DB294A934230DDFFF7F6
:10EC30005BFF02460B46FEF7E1FFEAF7E5F800222C
:10EC40004FF08043FEF7DAFF02460B4600204FF0FC
:10EC50008041FFF7B3FA02460B4600201A49FEF73F
:10EC6000CBFF02460B46D5E7FEF7C6FF02460B4632
:10EC70001046194670BD0022134BFEF7BFFF324607
:10EC80002B46FFF771F902460B461046194670BD38
:10EC9000FFF72AFF00224FF04043FFF765F9EAF73C
:10ECA000B3F800224FF08043064601F10045FEF71D
:10ECB000A5FF02460B4630462946FFF77FFA02467B
:10ECC0000B46A7E7FFFFEF7F0000F03FFFFF354057
:10ECD000FFFFEF3F70B5C1F30A56A6F2FF34132CC5
:10ECE0000D460BDC002C1FDB154941FA04F4002211
:10ECF00025EA040316461946304670BD332C0246F9
:10ED000006DDB4F5806F0B4615D00646304670BD63
:10ED10004FF0FF33A6F2134623FA06F622EA060066
:10ED200006462946304670BD002201F000431646D3
:10ED30001946304670BDFEF761FF0646DCE700BFAE
:10ED4000FFFF0F0000B51C4A20F00043934283B040
:10ED500018DDB3F1FF4F05DB014602F027FA03B0DF
:10ED60005DF804FB694601F00BFA00F00302012A8A
:10ED70000ED0022A18D092B101220199009801F018
:10ED8000EBFFECE7002101F0C1FB03B05DF804FBF1
:10ED90000199009801F0E0FF00F10040DFE70199E0
:10EDA000009801F0B3FBDAE70199009801F0AEFB9F
:10EDB00000F10040D3E700BFD80F493F00B51D4A1E
:10EDC00020F00043934283B019DDB3F1FF4F05DB20
:10EDD000014602F0EBF903B05DF804FB694601F06F
:10EDE000CFF900F00300012810D0022819D090B10B
:10EDF0000199009801F08AFB00F10040EBE7002246
:10EE0000002101F0A9FF03B05DF804FB019900980F
:10EE100001F07CFBDFE701220199009801F09CFFE3
:10EE2000D9E701220199009801F096FF00F1004016
:10EE3000D1E700BFD80F493F2DE9F043DFF89880B4
:10EE40008BB004460D46E6F7B3FC98F90030013369
:10EE500006460F462BD022462B4620462946FFF772
:10EE60001DFB814618BB20462946FFF73DFE0022C8
:10EE7000164BFFF709FBD0B1154B16480193012241
:10EE8000CDF820900092CDE90445CDE9024501F08E
:10EE9000E1FF98F90030022BCDE906010CD068465D
:10EEA00001F0D6FF40B1089B5BB9DDE9066730464B
:10EEB00039460BB0BDE8F08302F01AF92123036054
:10EEC000F1E702F015F9089B0360EEE70000F03F60
:10EED00010380200D42A0200120200202DE9F0436B
:10EEE0008BB004460D46E6F7B7FE244B93F900803D
:10EEF000B8F1FF3F06460F460ED022462B4620466D
:10EF00002946FFF7CBFA814630B900221C4B204638
:10EF10002946FFF79BFA20B9304639460BB0BDE8C9
:10EF2000F0830022002301210091164ECDF820909D
:10EF300010461946CDE90445CDE902450196FFF793
:10EF40003DF9B8F1020FCDE906010CD0684601F099
:10EF50007FFF40B1089B5BB9DDE906673046394663
:10EF60000BB0BDE8F08302F0C3F821230360F1E7A2
:10EF700002F0BEF8089B0360EEE700BF120200201B
:10EF80000000F03F183802002DE9F043DFF89880C8
:10EF90008BB004460D46E6F7EBFE98F900300133DE
:10EFA00006460F462BD022462B4620462946FFF721
:10EFB00075FA814618BB20462946FFF795FD0022C9
:10EFC000164BFFF761FAD0B1154B16480193012299
:10EFD000CDF820900092CDE90445CDE9024501F03D
:10EFE00039FF98F90030022BCDE906010CD06846B4
:10EFF00001F02EFF40B1089B5BB9DDE906673046A2
:10F0000039460BB0BDE8F08302F072F821230360AB
:10F01000F1E702F06DF8089B0360EEE70000F03FB7
:10F0200020380200D42A020012020020E7F7DCB8E0
:10F030002DE9F04FDFF8CCA08BB004460D46E7F782
:10F04000AFF99AF90030013306460F4637D0224611
:10F050002B4620462946FFF721FA834678BB2046F7
:10F060002946FFF741FD0022244B80468946FFF7E1
:10F0700001FA20B3404649460022204BFFF704FA2C
:10F080009AF9006060B3CDE90445CDE9024501215C
:10F09000002200231A4F0091CDF820B010461946E7
:10F0A0000197FFF78BF8022ECDE906010CD06846D8
:10F0B00001F0CEFE40B1089B6BB9DDE90667304632
:10F0C00039460BB0BDE8F08F02F012F8212303603F
:10F0D000089B002BF1D002F00BF8089B0360ECE7D3
:10F0E000022308900093064FCDE90445CDE902457F
:10F0F0002046294600220023D2E700BF0000F03F4F
:10F1000028380200120200202DE9F04F8BB01D4676
:10F1100006460F46144600F0D9FC294B93F900A08F
:10F12000BAF1FF3F8046894635D022462B4620461D
:10F130002946FFF7B3F970BB32463B4630463946A5
:10F14000FFF7ACF9834630BB002200232046294656
:10F15000FFF772F9F8B11B4BCDF820B00122CDE9D1
:10F160000267CDE90445CDE90023BAF1000F17D0BD
:10F170000022002310461946FFF720F8BAF1020FCB
:10F18000CDE906010ED101F0B3FF21230360089BF6
:10F1900083B9DDE90689404649460BB0BDE8F08FEA
:10F1A000CDE90667684601F053FE0028EBD0089BC6
:10F1B000002BEED001F09CFF089B0360E9E700BF45
:10F1C000120200203C3802002DE970438AB0044648
:10F1D0000D46E7F7A9FB354B93F90060731C804699
:10F1E00089460DD022462B4620462946FFF756F980
:10F1F00030B90022002320462946FFF745F920B107
:10F20000404649460AB0BDE87083294B0890CDE9D5
:10F210000245CDE90445019320462946CEB9254D46
:10F220004FF0604400220023CDE90645FFF704F9C2
:10F23000002833D002230093684601F009FEA8B1EC
:10F24000089BC3B9DDE90689404649460AB0BDE8D6
:10F250007083194B0022CDE9062300220023FFF71B
:10F26000EBF868B102239E420093E5D101F040FF24
:10F2700022230360E4E701F03BFF089B0360E1E722
:10F280000123022E00930BD101F032FF21230360F2
:10F290000A4801F0DFFDCDE90601D1E70123009323
:10F2A000684601F0D5FD0028F2D1EDE712020020FA
:10F2B00044380200FFFFEFC70000F0FFD42A02002D
:10F2C0002DE9F0438BB004460D46E7F7F9FC364BC9
:10F2D00093F90060731C804689460ED022462B4667
:10F2E00020462946FFF7DAF8074630B90022002306
:10F2F00020462946FFF7B4F820B9404649460BB0EE
:10F30000BDE8F083294B0897CDE90245CDE90445D6
:10F31000019320462946CEB9254D4FF06044002286
:10F320000023CDE90645FFF787F8002833D00223F4
:10F330000093684601F08CFDA8B1089BC3B9DDE9D4
:10F340000689404649460BB0BDE8F083194B0022C0
:10F35000CDE9062300220023FFF76EF868B10223EF
:10F360009E420093E5D101F0C3FE22230360E4E74F
:10F3700001F0BEFE089B0360E1E70123022E00932B
:10F380000BD101F0B5FE212303600B4801F062FDB3
:10F39000CDE90601D1E701230093684601F058FD4D
:10F3A0000028F2D1EDE700BF120200204838020029
:10F3B000FFFFEFC70000F0FFD42A02002DE9F04F55
:10F3C000DFF808938DB006460F4614461D46E7F752
:10F3D00003FD99F90080B8F1FF3FCDE9000136D077
:10F3E00022462B4620462946FFF758F8834670BB35
:10F3F00032463B4630463946FFF750F800228246F7
:10F400000023002840F0A08030463946FFF714F86A
:10F4100010B30022002320462946FFF70DF883464B
:10F42000002867D00122A24B029200210022CDF8D1
:10F4300028A0CDE90467CDE90645CDE9081203937C
:10F44000B8F1000F41D09B4C0023CDE90034DDE939
:10F4500000010DB0BDE8F08FDDE9000101F0F2FC24
:10F460008046002800F08B804FF0000A4FF0000B20
:10F4700052465B46DDE90001FEF7DEFF0028E6D0DC
:10F480003046394601F0DEFC0028E0D0204629460F
:10F4900001F0D8FC0028DAD099F90030844A0392B0
:10F4A00004210022022BCDE90467CDE90645CDE910
:10F4B00008AB02910A9203D002A801F0C9FC50B92E
:10F4C00001F016FE2223036005E002A801F0C0FC53
:10F4D000002800F098800A9B1BB101F009FE0A9BEE
:10F4E0000360DDE90834CDE90034DDE900010DB049
:10F4F000BDE8F08F2046294601F0A4FC0028A6D0E4
:10F500000022002320462946FEF7A0FF00289ED0B7
:10F51000674A99F90030CDF828B00121CDE9046798
:10F52000CDE90645CDE90212002B71D062490020D9
:10F53000022BCDE908016FD101F0DAFD2123036030
:10F540000A9B002BCDD0C8E720462946FEF774FF62
:10F5500000283FF47CAF01230293564B5449CDF869
:10F5600028B00022B8F1020FCDE90467CDE90645C5
:10F570000391CDE90823A8D1CDE9002367E7304600
:10F58000394601F05FFC00283FF46EAF2046294663
:10F5900001F058FC00283FF467AFDDE90023104676
:10F5A0001946FEF77BFF99F900A0002866D10323D6
:10F5B000DFF8FCC00A9029462046029300223F4B08
:10F5C000CDF80CC0CDE90645CDE90467FEF7CCFCCB
:10F5D000002204460D46002330463946BAF1000F9A
:10F5E00020D1374F4FF06046CDE90867FEF72EFF78
:10F5F00018BB02A801F02CFC0028A1D101F078FD75
:10F60000222303609CE701F073FD2123036062E77E
:10F6100000230024CDE9083402A801F019FC0028D9
:10F620008ED189E7274F0026CDE90867FEF70EFF48
:10F63000A0B9BAF1020FE1D0DBE72046294601F07C
:10F640000FFC22462B46FEF7F7FEA0B91E4B99F998
:10F6500000A04FF06042CDE90823EAE720462946A2
:10F6600001F0FEFB22462B46FEF7E6FE18B9124BD0
:10F670000022CDE9082399F900A0DAE701220C4B1A
:10F68000CDF828800292CDE90467CDE906450393C1
:10F69000BAF1000FBCD00022002310461946FEF735
:10F6A0008DFDBAF1020FCDE908013FF445AFB3E794
:10F6B000503802000000F03F0000F0FF0000E03F83
:10F6C000FFFFEF470000F07FFFFFEFC712020020AF
:10F6D0002DE9F0432B4E8BB080468946E8F700FBBE
:10F6E00096F90030013304460D4603D001F0AAFB21
:10F6F000074620B1204629460BB0BDE8F0834046BE
:10F70000494601F09FFB0028F4D01F4B96F90040BA
:10F7100008970322CDE90023CDE90489CDE90289C8
:10F72000404649460022002364B9FEF7ADFE4FF083
:10F730006042E8B1154BCDE90623684601F088FB2D
:10F7400068B908E0FEF7A0FE002298B1104B022C29
:10F75000CDE90623F1D101F0CBFC22230360089B05
:10F7600053B9DDE90645204629460BB0BDE8F083D4
:10F77000084BE0E7084BEAE701F0BAFC089B03609E
:10F78000EFE700BF1202002054380200FFFFEF47EE
:10F790000000F07FFFFFEFC70000F0FF2DE9F04F02
:10F7A0008BB004460D4600F0A9FA294B93F900A04E
:10F7B000BAF1FF3F06460F4612D022462B4620469E
:10F7C0002946FEF76BFE834650B94FF000084FF014
:10F7D000000942464B4620462946FEF737FE20B92F
:10F7E000304639460BB0BDE8F08F0122194BCDF8F9
:10F7F00020B00092CDE90445CDE902450193BAF16C
:10F80000000F17D042464B4640464946FEF7D6FC0D
:10F81000BAF1020FCDE906010ED101F069FC2123F6
:10F820000360089B73B9DDE90667304639460BB0C3
:10F83000BDE8F08FCDE90689684601F009FB002894
:10F84000EFD1EAE701F054FC089B0360EBE700BF4F
:10F85000120200205C38020070B58AB0044600F045
:10F860000FFB324B93F900506B1C064609D0214622
:10F87000204601F06BFF20B90021204601F05CFF1B
:10F8800010B130460AB070BD294B08902046019354
:10F89000FEF712FBCDE90401CDE902012046CDB906
:10F8A000244B4FF060420021CDE9062301F01CFFFC
:10F8B000002833D002230093684601F0C9FAA8B1AA
:10F8C000089BC3B9DDE90601FEF746FE0646304651
:10F8D0000AB070BD184B00220021CDE9062301F0CB
:10F8E00003FF68B102239D420093E5D101F000FCC3
:10F8F00022230360E4E701F0FBFB089B0360E1E7E0
:10F900000123022D00930BD101F0F2FB21230360B0
:10F910000A4801F09FFACDE90601D1E701230093DF
:10F92000684601F095FA0028F2D1EDE712020020B6
:10F9300064380200FFFFEFC70000F0FFD42A020086
:10F94000F0B58BB0044600F0C9FB334B93F900507F
:10F950006B1C06460AD02146204601F0F7FE0746FA
:10F9600020B90021204601F0D3FE10B930460BB07B
:10F97000F0BD2A4B089720460193FEF79DFACDE98A
:10F980000401CDE902012046CDB9254B4FF060427C
:10F990000021CDE9062301F0A7FE002833D0022381
:10F9A0000093684601F054FAA8B1089BC3B9DDE999
:10F9B0000601FEF7D1FD064630460BB0F0BD194BEF
:10F9C00000220021CDE9062301F08EFE68B102235A
:10F9D0009D420093E5D101F08BFB22230360E4E715
:10F9E00001F086FB089B0360E1E70123022D0093F1
:10F9F0000BD101F07DFB212303600B4801F02AFAB3
:10FA0000CDE90601D1E701230093684601F020FA11
:10FA10000028F2D1EDE700BF120200206C3802008E
:10FA2000FFFFEFC70000F0FFD42A0200F0B58BB053
:10FA3000044600F017FD234B93F900506B1C06465B
:10FA40000AD02146204601F081FE074620B9002158
:10FA5000204601F053FE10B930460BB0F0BD1A4BF2
:10FA6000089701222046CDE90023FEF725FA00225F
:10FA7000CDE90401CDE902010023ADB110461946DC
:10FA8000FEF79CFB022DCDE906010FD101F030FB02
:10FA900021230360089B7BB9DDE90601FEF75CFDCD
:10FAA000064630460BB0F0BDCDE90623684601F0AE
:10FAB000CFF90028EED1E9E701F01AFB089B0360BB
:10FAC000EAE700BF12020020743802002DE9F04777
:10FAD00023F0004E5EEA020620D0814E21F000485D
:10FAE000B04589461ADC564216437E4F4EEAD6761A
:10FAF000BE42144612D8F0451D469446824606463C
:10FB000001F0004716DC13DB904211D312D1764B83
:10FB1000FF0F03EBC703D3E9004106E0FEF724FA29
:10FB200002460B46FEF74AFB04462046BDE8F08736
:10FB30000446FAE7B8F5801F3BDB4FEA2853A3F2EF
:10FB4000FF33BEF5801F80F28F80BEF1000F40F0C2
:10FB50009F80002C2246654904DD5200002A01F1F5
:10FB6000FF31FADC624A934270DBC9F3130242F4BC
:10FB700080125F4881425BDBC5F3130444F48014B8
:10FB8000581A07E053EA050221D0EA0F02EB4302BC
:10FB90006E000138131BA6EB0C05F8B1664538BFA3
:10FBA00003F1FF33002BEDDAF30F03EB4202760093
:10FBB000EFE7B8F1000F5CD1BAF1000F52464B4BA2
:10FBC000BFDD5200002A03F1FF33FADCB9E7464BF0
:10FBD000FF0F03EBC707D7E90041A6E7664538BF2B
:10FBE00003F1FF33002BBCBF3546134653EA050231
:10FBF000EDD04048834208DCEA0F02EB4303834226
:10FC000001F1FF314FEA4505F6DD394A91424EDAFE
:10FC1000521A142A55DC01F21E41D54003FA01F1B3
:10FC200043FA02F2174341EA050339461C467CE7D2
:10FC3000401A1F2826DC01F21E450EFA00FE24FAA7
:10FC400005F504FA00FC45EA0E0499E7D61A1F2EC2
:10FC500027DC03F21E4208FA06F82AFA02F20AFA30
:10FC600006F642EA080284E74FEA2E51A1F2FF317C
:10FC700078E71F4B4FEAC8225200002A03F1FF33F6
:10FC8000FADC5EE71C4D6D1AAC404FF0000C77E7D4
:10FC900017494FEACE225200002A01F1FF31FADC67
:10FCA00060E7154AD21A0AFA02F2002661E7A3F5C4
:10FCB000801301F2FF311F4347EA01532C461946D6
:10FCC00033E71F2A07DC01F21E4103FA01F125FA8E
:10FCD00002F30B43A9E7084A511A0B41A5E700BFFD
:10FCE000FFFFEF7F0000F07F90220200EDFBFFFF9F
:10FCF00002FCFFFFFFFF0F00E2FBFFFF5F4A8A43AA
:10FD00002DE9F0410D46074600F0948000290B468E
:10FD10000446064654DD0F1500F0A780C3F3130315
:10FD2000A7F2FF3743F48013F20FF80702EB430307
:10FD30004FEA460503D5ED0F05EB4303B50000265A
:10FD40007F10B44616224FF400110CEB01009842CC
:10FD50004FEAD5744FEA450503DC1B1A00EB010C92
:10FD60000E44013A04EB43034FEA5101EDD1104632
:10FD7000964620244FF0004209E052D05B00013C3F
:10FD800003EBD5734FEA52024FEA450537D063457E
:10FD900002EB0E01F1DD002901EB020E0ADBE04669
:10FDA000A3EB0C03A94288BF03F1FF336D1A104483
:10FDB000C446E3E7BEF1000FF1DB0CF10108EFE709
:10FDC00021F00042024329D0002945D10146CA0A48
:10FDD000153B4905002AFAD012F4801001D048E002
:10FDE00030465200D40200F10106F9D5C6F12004D4
:10FDF00001FA06F6E1401F1A41EA02038EE72B439F
:10FE000024D14408731003F17F53F20703F5001364
:10FE100048BF44F0004403EB075127463846BDE88D
:10FE2000F081A942AAD8002901EB020EC2DB984654
:10FE30000023BBE702460B46FEF796F83A462B46F0
:10FE4000FDF7DCFE07463846BDE8F081411C16BFD1
:10FE5000421C01365408D5E70246FDF7CDFE0246A6
:10FE60000B46FEF7ABF90746D8E71A4621463B4654
:10FE7000B2E70E4620244FF0FF30BBE70000F07FD2
:10FE80002DE9F84F30F000435DD0002801460446CC
:10FE900060DBB0F1FF4F75DAB0F5000F80F2DD8066
:10FEA0004FF0984101F08CFA6FF0180604467F4A33
:10FEB000C4F316052A4402F40002E41582F07E50D1
:10FEC0007F3C34444FF07E51284304EBD25401F080
:10FED0006DF905F10F03C3F316030F2B064655DC2E
:10FEE000002101F001FC00283BD17149304601F0AE
:10FEF00067FA01464FF07C5001F058F9314605464B
:10FF0000304601F05DFA0146284601F059FA0546EF
:10FF1000002C00F0B180204601F0FEF9654907464B
:10FF200001F04EFA64490446384601F049FA0146A8
:10FF3000284601F03BF9314601F038F901462046E8
:10FF400001F034F904E000214FF04C4001F0ECFAEC
:10FF5000BDE8F88F01F02AF9002101F0E5FABDE8CB
:10FF6000F88F002C00F09F80204601F0D5F9514910
:10FF7000054601F025FA50490446284601F020FACA
:10FF80000146204601F014F9BDE8F88F4FF080419A
:10FF900001F00EF90146304601F0C6FA80462046CF
:10FFA00001F0BAF941468146404601F009FA01469E
:10FFB000834601F005FA4149DFF81CA1074601F02C
:10FFC000FFF93F4901F0F4F8394601F0F9F93D49EC
:10FFD00001F0EEF8394601F0F3F93B4901F0E8F899
:10FFE000594601F0EDF939498346384601F0E8F900
:10FFF000374901F0DDF8394601F0E2F9354901F001
:020000040002F8
:10000000D7F8394601F0DCF90146584601F0D0F83E
:10001000C5F55713AA4403F5227343EA0A03002BDC
:1000200007462EDD4FF07C51304601F0C9F93146CC
:1000300001F0C6F901460546384601F0B9F84146D7
:1000400001F0BEF9074654B90146284601F0AEF862
:100050000146304601F0AAF87AE7002627E715495D
:10006000484601F0ADF914490446484601F0A8F9A4
:10007000394601F09DF85AE72946304601F096F8D6
:1000800066E70146304601F091F8414601F098F9E3
:100090000546002CF0D00749484601F091F9064981
:1000A0000446484641E7002052E700BF20FB4A00D3
:1000B000ABAAAA3E8071313FD1F717379788173E18
:1000C00025333A3E2549923EABAA2A3F4FD01C3EEB
:1000D000298E633ECDCCCC3E305CCFFF30F0004368
:1000E00070B538D00028014604463ADBB0F1FF4F26
:1000F0002EDAB0F5000F3ADA4FF0984101F060F9CE
:100100006FF018020446E0157F381044C50F2844EC
:1001100001F002F9C4F316040646C5F17F0044EA73
:10012000C050FFF7ADFE13490546304601F048F9CF
:1001300011490446284601F043F90146204601F0E2
:1001400037F80E490446304601F03AF90146204698
:1001500001F02EF870BD00214FF04C4001F0E4F9A1
:1001600070BD01F023F8002101F0DEF970BD00221E
:10017000C9E700BFDB275435D95BDE3E80209A3EBD
:100180002DE9F04FAA4A20F00044944289B06FDD77
:10019000A84A944206460D461CDC002824F00F04B1
:1001A000A5496DDD01F002F8A44B9C42064600F023
:1001B000E980A34900F0FAFF01462860304600F0CC
:1001C000F5FF9F4900F0F2FF01276860384609B04B
:1001D000BDE8F08F9B4A944268DDB4F1FF4F80F296
:1001E000CA80E715863FA4EBC754204601F0C4FA45
:1001F00001F092F8034601462046059300F0D6FF31
:100200004FF0874101F0DCF8804601F0B5FA01F0CB
:1002100083F8014604464046069400F0C7FF4FF0BD
:10022000874101F0CDF80021079001F05DFA002828
:1002300000F0DB802046002101F056FA002814BFB0
:1002400001230223804A019202213A46009105A827
:10025000294600F01FFA002E07460DDAD5E90023E3
:1002600002F1004203F1004347422A606B6003E061
:10027000002208604A600027384609B0BDE8F08FC8
:1002800000F096FF6D4B9C42064600F09B806C4947
:1002900000F08EFF01462860304600F087FF684975
:1002A00000F086FF4FF0FF376860E5E700F064FE7E
:1002B0006649804601F084F84FF07C5100F078FFE9
:1002C00001F05AFA074601F027F85B49834601F02E
:1002D00077F80146404600F069FF59498146584683
:1002E00001F06EF81F2F8246014648465CDD00F0A3
:1002F0005DFF8046E215C8F3C753D31A082B5EDDB5
:1003000053490392584601F05BF88046014648463F
:1003100000F04CFF01460446484600F047FF4146C6
:1003200000F044FF4B498046584601F049F84146E9
:1003300000F03CFF01468246204600F037FF039A5A
:10034000C0F3C753D21A192A804650DC2860A14650
:100350004146484600F02AFF514600F027FF002E94
:10036000686089DA08F1004800F10040C5F80080B3
:1003700068607F4280E7014600F018FF0027686050
:10038000286079E7324900F011FF3249044600F055
:100390000DFF01462860204600F008FF2D4900F0BF
:1003A00005FF0127686067E700F000FF2A4A791E11
:1003B00024F0FF0352F82120934280469AD0C5F8DA
:1003C0000080C5E7224900F0F3FE2249044600F010
:1003D000EFFE01462860204600F0E8FE1D4900F0CF
:1003E000E7FE4FF0FF37686046E703232AE71B4923
:1003F000584600F0E5FF80460146204600F0D6FE54
:1004000001468146204600F0D1FE414600F0CEFE76
:1004100013490446584600F0D3FF214600F0C6FEBB
:1004200001468246484600F0C1FE8046C7E700BF4D
:10043000D80F493FE3CB1640800FC93FD00FC93FCB
:1004400043443537800F4943843A020084F9223F00
:100450000044353708A3852E043A020000A3852EF8
:1004600032318D2420F00042B2F1FF4FF8B504463E
:100470003BD2CAB3002803463EDBB2F5000F4FEA79
:10048000E0500AD214F4000201D03CE00A465B00BE
:100490001C0202F10101F9D5801AC3F316037F385B
:1004A00043F40002C1074FF000064FEA42034FEA4F
:1004B000600748BF9300314619244FF080728D18B1
:1004C0009D4202DC5B1BA9181644013C4FEA430322
:1004D0004FEA5202F3D113B1013626F00106701033
:1004E00000F17C5000EBC750F8BD014600F068FFFA
:1004F000214600F05DFEF8BD014600F057FE0146C2
:1005000001F012F8F8BD4FF0FF32C5E72DE9F843CE
:1005100020F00045B5F1485F06460F4649DA01F084
:100520002BF9002800F099803146304600F048FF52
:100530004E49044600F044FF4D4900F039FE214683
:1005400000F03EFF4B4900F031FE214600F038FF3D
:10055000494900F02DFE214600F032FF474900F0E6
:1005600025FE214600F02CFF454900F021FE2146E2
:1005700000F026FF80464FF07C51204600F020FF1F
:1005800041460546204600F01BFF394604463046EA
:1005900000F016FF0146204600F008FE01462846FE
:1005A00000F004FE01464FF07E5000F0FFFDBDE874
:1005B000F883014600F004FF2C49044600F000FFD8
:1005C0002B4900F0F5FD214600F0FAFE294900F024
:1005D000EDFD214600F0F4FE274900F0E9FD21463B
:1005E00000F0EEFE254900F0E1FD214600F0E8FEB6
:1005F000234900F0DDFD214600F0E2FE214B9D4243
:100600008046B8DD204B9D422BDC05F17F45294615
:100610004FF07E5000F0CAFD81464FF07C512046DD
:1006200000F0CEFE294600F0C1FD414605462046B9
:1006300000F0C6FE39460446304600F0C1FE0146D1
:10064000204600F0B3FD0146284600F0AFFD01460C
:10065000484600F0ABFDBDE8F8834FF07E50BDE8A2
:10066000F883DFF82C90094DD7E700BF4ED747AD90
:10067000F6740F317CF29334010DD037610BB63A2A
:10068000ABAA2A3D9999993E0000483F0000903E50
:100690000000383F2DE9F04FDDB0C64C0793013B19
:1006A0000193D31E48BF131DDB10669D0B9123EAF7
:1006B000E37154F8254004944B1CA2EBC30305934B
:1006C000049A019B0991CF1AD318064618D43B44CB
:1006D00000255C1C0DF18008DDF89C9108E059F8BC
:1006E000270000F019FE0137A74248F8040B07D095
:1006F000002FF4DA01372846A74248F8040BF7D157
:10070000049B002BC0F2FD82079B0499321F9B00C3
:10071000D518039220AA89000693D61849AB0291F6
:1007200003EB010848AF4FF00009019B002BC0F21A
:100730009F81039CB246CB465AF8041D54F8040F1F
:1007400000F03EFE0146584600F032FDAC428346C2
:10075000F2D147F804BB474506F10406E5D1029AF9
:1007600006990398049C0DF1300AA2F10803534442
:100770000A930BAB014413440D460893A3005CAAF3
:100780000293D318002C53F850BC22DD0DF590785D
:1007900008EB840657464FF06E51584600F010FEA5
:1007A00000F0EAFF00F0B8FD4FF08741814600F00D
:1007B00007FE0146584600F0F9FC00F0DDFF56F850
:1007C000041D47F8040B484600F0F2FC46458346FA
:1007D000E1D1059F5846394600F016FC4FF078519C
:1007E000064600F0EDFD00F0CBFB4FF0824100F03B
:1007F000E7FD0146304600F0D9FC064600F0BCFF9C
:10080000834600F089FD0146304600F0CFFC002F02
:10081000064640F3D180611EC7F108035AF8212033
:10082000384642FA03F707FA03F3D31AC0F1070870
:100830004AF82130BB4443FA08F8B8F1000F29DD2B
:10084000002C0BF1010B40F34582DAF80070002F09
:1008500040F09780012C0AD05146012251F8047FC4
:10086000531C002F40F08F809C421A46F6D1059B06
:10087000002B0BDD012B00F09781022B06D1621EAD
:100880005AF8223003F03F034AF82230B8F1020F41
:1008900000F0D7800021304600F026FF002800F04D
:1008A000A180049B671EBB420FDC04F18043013B27
:1008B00008980AEB8303002253F80419834242EAA2
:1008C0000102F9D1002A40F0DC80049B013B5AF878
:1008D0002330002B40F0C9800A9B4FF0010853F8E9
:1008E000042908F10108002AF9D008EB040304F1F7
:1008F00001099945069339DC099A079909EB020623
:1009000002EB030B06F18046679B013E03EB860674
:1009100048AB03EB8909679B0C4403EB8B0320A9CD
:1009200001EB8404029356F8040F00F0F5FC019BE0
:100930002746002B47F8040B1ADB043CDDF80CB00B
:100940004FF0000801E054F804095BF8041F00F0C0
:1009500037FD0146404600F02BFCAB458046F2D106
:10096000029B49F8048B9E423C46DCD1069C05E77D
:10097000029B4FF000089E4249F8048B3C46D2D1BE
:10098000F4E701230022C7F580779C424AF82270E1
:100990000EDD02995AF82320514489460AEB83035D
:1009A00000E01A68C2F1FF0243F8042B4B45F8D16E
:1009B00001275CE7D83D020005D1631E5AF82330B9
:1009C0004FEA232839E74FF07C5100F0ABFE0028B6
:1009D00040F0798180460021304600F085FE0028F5
:1009E0007FF45FAF059BCDF808805942304600F098
:1009F0000BFB4FF08741054600F094FE002800F005
:100A00006B814FF06E51284600F0DAFC00F0B4FE26
:100A100000F082FC4FF08741064600F0D1FC014611
:100A2000284600F0C3FB00F0A7FE4AF82400304639
:100A300000F0A2FE059B671C083305934AF82700C7
:100A400033E031464FF07E5000F0B0FB0646002FF9
:100A50003FF420AF05994FF07E5000F0D5FA0146E3
:100A6000304600F0A3FB064614E74FF001083CE7D0
:100A7000CB4647F804BB474506F104067FF455AE64
:100A80006DE6059A5AF82730CDF80880083A0592A5
:100A90005BB907F18043013B0AEB830353F8041968
:100AA000013F083A0029F9D0059205994FF07E5090
:100AB00000F0AAFA002F0446C0F22C814FEA870802
:100AC00048AA08F10403904406934FF06E560AEBCF
:100AD000030908F1040559F8040D00F01DFC214636
:100AE00000F06EFC314645F8040D204600F068FC2D
:100AF000D1450446EFD134AB7A1CDDF81090039356
:100B0000A8F10408019200269A46CDF814B0049783
:100B1000B9F1000FC0F2D5808D4D8E48C346002735
:100B2000002403E0B4420DDC55F8040F5BF8041F09
:100B300000F046FC0146384600F03AFB0134A1457E
:100B40000746EFDA019B4AF8047B01369E42A8F182
:100B50000408DDD1669BDDE9047B032B1FD8DFE8A9
:100B600003F09A87872B029B0020002B40F0BB806C
:100B70000B9B01461860349800F018FB002F0CDD29
:100B800034AD0124013455F8041F00F011FBA742D5
:100B9000F8DA029B002B40F0B1800B9B58600BF001
:100BA00007005DB0BDE8F08F621E5AF8223003F0F6
:100BB0007F034AF8223069E6002F40F3C680BE006A
:100BC0005CAB334434AA53F8A08C03929419924638
:100BD00054F8049C4146484600F0EAFA05460146AE
:100BE000484600F0E3FA414600F0E2FA206044F89B
:100BF000045DA245A846EBD1012F40F3A6805CAB73
:100C00003344039A53F8A08C1644344635AF54F855
:100C1000049C4146484600F0CBFA0546014648464A
:100C200000F0C4FA414600F0C3FA206044F8045DC5
:100C3000A742A846EBD1039D00200436083556F89C
:100C4000041D00F0B5FAB542F9D10299349A359BEA
:100C500029B102F1004203F1004300F100400B9979
:100C600088600BF007000A604B605DB0BDE8F08F54
:100C7000002FFFF678AF34AD05EB87040020043475
:100C800054F8041D00F094FAA542F9D1029B002B00
:100C90003FF46EAF27E0069B039D1C4600202C44CA
:100CA00054F8041D00F084FAA542F9D1029B0BB15F
:100CB00000F100400B9B18600BF007005DB0BDE831
:100CC000F08F00273EE7002C0BF1010B34DD4FF0D5
:100CD0000208BAE50027CAE5284600F04DFD274680
:100CE0004AF82400E1E60B9A00F100430146136044
:100CF000349800F05BFA002F3FF742AF00F100405C
:100D00004BE7331F0393079B9B000693049B9B00B9
:100D1000029324E5669B032B3FF641AF01A252F8F4
:100D200023F000BF350D0200710C0200710C0200AF
:100D3000B90B02000020B9E731464FF07E5000F0B9
:100D400035FA4FF002080646A4E500207DE700BF13
:100D5000AC3D02000000C93F2DE9F84320F00043FC
:100D6000B3F1485F04460F46904603DA00F004FDF5
:100D7000002858D02146204600F022FB05460146B7
:100D8000204600F01DFB29490646284600F018FBC6
:100D9000274900F00BFA294600F012FB254900F024
:100DA00007FA294600F00CFB234900F0FFF9294619
:100DB00000F006FB214900F0FBF98146B8F1000F75
:100DC00022D04FF07C51384600F0FAFA494680466E
:100DD000304600F0F5FA0146404600F0E7F92946B2
:100DE00000F0EEFA394600F0E1F9154905463046C3
:100DF00000F0E6FA0146284600F0DAF901462046FE
:100E000000F0D4F9BDE8F8830146284600F0D8FA8E
:100E10000B4900F0CBF9314600F0D2FA214600F040
:100E2000C7F9BDE8F8832046BDE8F883D3C92E2F63
:100E3000342FD7321BEF3836010D50398988083CE2
:100E4000ABAA2A3E41F0004101F58010C00F704767
:100E50000020704700200149704700BF0000F87F64
:100E60002DE9F041C1F30A57A7F2FF35132D82B0E7
:100E700002460B460C464FEAD178064633DC002D7D
:100E80004EDB3B49294103EA0100104326D04908C3
:100E90000B4052EA03060CD04FF48023132D24EAB2
:100EA000010143FA05F444EA01040CBF4FF0004687
:100EB0000026304901EBC8082346D8E900453246F0
:100EC00020462946FCF79AFECDE9000122462B4632
:100ED000DDE90001FCF790FE02460B46104619467C
:100EE00002B0BDE8F081332D07DDB5F5806FF5D197
:100EF000FCF784FE02460B46F0E7A7F213474FF0DB
:100F0000FF31F9400842E9D049080842D1D04FF0FA
:100F1000804320EA010143FA07F741EA0706C8E7E0
:100F200021F000410143D9D0C3F3130101434E42E4
:100F3000104D0E43360B05EBC8055C0C06F4002380
:100F4000D5E90067640443EA04010B46304639469C
:100F5000FCF754FECDE9000132463B46DDE90001D5
:100F6000FCF74AFE21F00041024641EAC873B5E7AA
:100F7000FFFF0F00E022020020F00040704700BF9A
:100F80002DE9F04120F00047FC0D7F3C162C054672
:100F900018DC002C804620DB184F2741384214D043
:100FA000174900F005F9002100F0C6FB68B1002DDB
:100FB00004DA4FF4000343FA04F4A04428EA0700DB
:100FC000BDE8F081B7F1FF4F02D22846BDE8F081BD
:100FD000014600F0EDF8BDE8F081094900F0E8F8BD
:100FE000002100F0A9FB0028EFD0002D01DB00203C
:100FF000ECE7002FE9D00348E8E700BFFFFF7F00E0
:10100000CAF24971000080BF10B50C4630F00041B3
:10101000034610D0B1F1FF4F0ED2B1F5000F0FD340
:101020000246C80D2044FE281EDC002824DD22F0E4
:10103000FF4242EAC05010BD014600F0B9F810BDB1
:101040004FF0984100F0BCF9184A9442034607DB80
:101050000246C0F3C7501938E4E7154800F034F8E9
:10106000134900F0ADF910BD1946124800F02CF8F4
:10107000104900F0A5F910BD10F1160F0BDA4CF273
:10108000503294421946E8DD0A4800F01DF809493B
:1010900000F096F910BD22F0FF42193042EAC0502C
:1010A0004FF04C5100F08CF910BD00BFB03CFFFF79
:1010B0006042A20DCAF2497103F0004321F00042E0
:1010C00042EA0301704700BF01F0004120F00040F8
:1010D0000843704710B5054C13462CB10A4601462B
:1010E0000220AFF3008010BD2046FCE700000000A6
:1010F000014B1868704700BF4000002070B50D4ECE
:101100000D4CA41BA4100025A54209D10B4E0C4C7C
:1011100002F0EEFEA41BA4100025A54205D170BD6F
:1011200056F8253098470135EEE756F825309847B0
:101130000135F2E7FC3E0200FC3E0200FC3E0200EC
:10114000083F0200024B0146186800F0A7BC00BF30
:101150004000002038B5074C0023054608461146DC
:10116000236000F037FB431C02D1236803B12B60DE
:1011700038BD00BF100A0020084B37B51C68084D69
:10118000236A002B08BF2B46009313460A460146EC
:10119000204600F0B5FC03B030BD00BF4000002089
:1011A000A400002080F0004002E000BF81F0004178
:1011B00042001FBF5FEA410392EA030F7FEA226CFD
:1011C0007FEA236C6AD04FEA1262D2EB1363C1BF8D
:1011D000D218414048404140B8BF5B42192B88BFFC
:1011E000704710F0004F40F4000020F07F4018BF1F
:1011F000404211F0004F41F4000121F07F4118BF3F
:10120000494292EA030F3FD0A2F1010241FA03FCE6
:1012100010EB0C00C3F1200301FA03F100F00043CE
:1012200002D5494260EB4000B0F5000F13D3B0F196
:10123000807F06D340084FEA310102F10102FE2A05
:1012400051D2B1F1004F40EBC25008BF20F0010075
:1012500040EA03007047490040EB000010F4000F23
:10126000A2F10102EDD1B0FA80FCACF1080CB2EBB6
:101270000C0200FA0CF0AABF00EBC2505242184315
:10128000BCBFD0401843704792F0000F81F40001BA
:1012900006BF80F400000132013BB5E74FEA41038D
:1012A0007FEA226C18BF7FEA236C21D092EA030FF9
:1012B00004D092F0000F08BF0846704790EA010F73
:1012C0001CBF0020704712F07F4F04D1400028BFA0
:1012D00040F00040704712F100723CBF00F5000082
:1012E000704700F0004343F0FE4040F400007047B8
:1012F0007FEA226216BF08467FEA23630146420264
:1013000006BF5FEA412390EA010F40F48000704776
:101310004FF0000304E000BF10F0004348BF40421C
:101320005FEA000C08BF704743F0964301464FF058
:1013300000001CE050EA010208BF70474FF00003B4
:101340000AE000BF50EA010208BF704711F00043F5
:1013500002D5404261EB41015FEA010C02BF8446C5
:101360000146002043F0B64308BFA3F18053A3F524
:101370000003BCFA8CF2083AA3EBC25310DB01FA6B
:1013800002FC634400FA02FCC2F12002BCF1004FEF
:1013900020FA02F243EB020008BF20F00100704780
:1013A00002F1200201FA02FCC2F1200250EA4C00D4
:1013B00021FA02F243EB020008BF20EADC7070471A
:1013C0004FF0FF0C1CEAD0521EBF1CEAD15392EA28
:1013D0000C0F93EA0C0F6FD01A4480EA010C400204
:1013E00018BF5FEA41211ED04FF0006343EA50105E
:1013F00043EA5111A0FB01310CF00040B1F5000FA0
:101400003EBF490041EAD3715B0040EA010062F14E
:101410007F02FD2A1DD8B3F1004F40EBC25008BF38
:1014200020F00100704790F0000F0CF0004C08BF56
:1014300049024CEA502040EA51207F3AC2BFD2F123
:10144000FF0340EAC250704740F400004FF0000331
:10145000013A5DDC12F1190FDCBF00F0004070476B
:10146000C2F10002410021FA02F1C2F1200200FAA9
:1014700002FC5FEA310040F1000053EA4C0308BF70
:1014800020EADC70704792F0000F00F0004C02BFC1
:10149000400010F4000F013AF9D040EA0C0093F03C
:1014A000000F01F0004C02BF490011F4000F013B96
:1014B000F9D041EA0C018FE70CEAD15392EA0C0F04
:1014C00018BF93EA0C0F0AD030F0004C18BF31F06F
:1014D000004CD8D180EA010000F00040704790F045
:1014E000000F17BF90F0004F084691F0000F91F0E9
:1014F000004F14D092EA0C0F01D142020FD193EAAF
:101500000C0F03D14B0218BF084608D180EA010036
:1015100000F0004040F0FE4040F40000704740F012
:10152000FE4040F4400070474FF0FF0C1CEAD052E0
:101530001EBF1CEAD15392EA0C0F93EA0C0F69D03C
:10154000A2EB030280EA010C49024FEA402037D0A7
:101550004FF0805343EA111143EA10130CF000409E
:101560008B4238BF5B0042F17D024FF4000C8B428E
:1015700024BF5B1A40EA0C00B3EB510F24BFA3EB6E
:10158000510340EA5C00B3EB910F24BFA3EB91033E
:1015900040EA9C00B3EBD10F24BFA3EBD10340EA98
:1015A000DC001B0118BF5FEA1C1CE0D1FD2A3FF6DE
:1015B00050AF8B4240EBC25008BF20F00100704793
:1015C0000CF0004C4CEA50207F32C2BFD2F1FF0336
:1015D00040EAC250704740F400004FF00003013A67
:1015E00037E792F0000F00F0004C02BF400010F40B
:1015F000000F013AF9D040EA0C0093F0000F01F01F
:10160000004C02BF490011F4000F013BF9D041EA40
:101610000C0195E70CEAD15392EA0C0F08D1420273
:101620007FF47DAF93EA0C0F7FF470AF084676E746
:1016300093EA0C0F04D14B023FF44CAF08466EE71F
:1016400030F0004C18BF31F0004CCAD130F00042ED
:101650007FF45CAF31F000437FF43CAF5FE700BF45
:101660004FF0FF3C06E000BF4FF0010C02E000BF6E
:101670004FF0010C4DF804CD4FEA40024FEA410310
:101680007FEA226C18BF7FEA236C11D001B052EAC6
:10169000530C18BF90EA010F58BFB2EB030088BF8C
:1016A000C81738BF6FEAE17018BF40F001007047FB
:1016B0007FEA226C02D15FEA402C05D17FEA236CDD
:1016C000E4D15FEA412CE1D05DF8040B704700BF24
:1016D000844608466146FFE70FB5FFF7C9FF0028BB
:1016E00048BF10F1000F0FBD4DF808EDFFF7F4FFF4
:1016F0000CBF012000205DF808FB00BF4DF808ED8D
:10170000FFF7EAFF34BF012000205DF808FB00BFAF
:101710004DF808EDFFF7E0FF94BF012000205DF8D1
:1017200008FB00BF4DF808EDFFF7D2FF94BF012082
:1017300000205DF808FB00BF4DF808EDFFF7C8FF7B
:1017400034BF012000205DF808FB00BF4FEA4002D3
:101750004FEA41037FEA226C02D15FEA402C08D1B4
:101760007FEA236C02D15FEA412C02D14FF00000E6
:1017700070474FF0010070474FEA4002B2F1FE4F50
:101780000FD34FF09E03B3EB12620DD94FEA002343
:1017900043F0004310F0004F23FA02F018BF40421C
:1017A00070474FF00000704712F1610F01D1420203
:1017B00005D110F0004008BF6FF0004070474FF0B7
:1017C00000007047024B58221A604FF0FF307047FC
:1017D000100A0020024B58221A604FF0FF30704769
:1017E000100A0020FEE700BF182A70B514460E4606
:1017F000054602D9FAF79CF830B922463146284608
:10180000BDE87040ECF7ACB8224631462846BDE84A
:101810007040ECF71DB902682DE9F0471268089E88
:101820000C46002107469946904720252368012150
:101830001B6820469847236800211B68204698476C
:10184000013DF3D116B309EB060A0AF1FF3A09F19B
:10185000FF3919F8018F082680253B6818EA050F23
:1018600014BF012100211B683846984723680121D5
:101870001B6820469847236800211B68204698472C
:10188000013E4FEA5505E8D1CA45E2D13B683846EA
:101890001B68012198472025236801211B682046E9
:1018A0009847236800211B6820469847013DF3D1E3
:1018B000BDE8F0872DE9F041069EA0B199B193B142
:1018C0008EB1182E07461D4690460C4602D9FAF7EF
:1018D0002FF850B906962B46424621463846BDE8B9
:1018E000F041FFF798BFBDE8F08106962B464246CF
:1018F00021463846BDE8F041ECF714B9A0B19BB1E0
:1019000030B55C6883B06CB1042A03F1080306D0DB
:101910002246194603B0BDE83040FFF765BF00948A
:10192000FFF7C8FF03B030BD70472DE9F04182B02A
:101930004FF0FF31142002AFE9F730FBECF77EF9EE
:1019400000210546C820E9F729FB0DB1002838DA47
:101950004FF0FF310820E9F721FBECF76FF94FF06A
:10196000FF3105460720E9F719FBECF767F900217D
:101970000646C920E9F712FB05B3FEB100281DDDBC
:101980008400E31D23F00703E846ADEB030D02AB33
:10199000184622460021F1F707F8002C034605DD22
:1019A0000022E021995404329442FBDC0094314639
:1019B00028464FF48072FFF72EFFC546BD46BDE8AE
:1019C000F08100EB4004E31D23F007036E46ADEB0E
:1019D000030D02AB184622460021F0F7E5FF0CB9D3
:1019E000B546B5E7014622462846FFF7FDFEB54657
:1019F000AEE7EAF7BFBD00F005B80B460146184652
:101A0000FFF768BB10B5002814BF04460124204628
:101A1000EAF760FF30B9FCF7DBF808B900F00FF81F
:101A20008047F4E710BD08B500F004F808B580471A
:101A300000F005F808B5FCF7D3F8FFF7F7FF08B595
:101A40000620FFF77FFB0120FFF7CCFE30B5002416
:101A5000A24201D1002007E0035D01340D1915F801
:101A6000015CAB42F4D0581B30BD884210B501EB8D
:101A7000020307D8421E99420AD011F8014B02F81E
:101A8000014FF8E78342F5D98118D21AD34200D129
:101A900010BD13F8014D01F8014DF7E71F2938B5C6
:101AA00004460D4604D9162303604FF0FF3038BDBD
:101AB000426C12B152F821304BB9204600F016F8B2
:101AC0002A4601462046BDE83840FFF743BB012BBC
:101AD0000AD0591C03D1162303600120E7E7002434
:101AE00042F82540284698470020E0E7FFF76ABE05
:101AF000034613F8012B002AFBD1181A013870474E
:101B00002DE9F0478046894692461E460F463D46DF
:101B1000089815F8014B00F06EF82044437813F054
:101B2000080332D12D2C32D17C78BD1C0122002E2D
:101B30005DD0102E09D1302C07D12B7803F0DF03B4
:101B4000582B4FD16C7810260235002A14BF4FF065
:101B500000416FF000410027B1FBF6FC384606FB60
:101B60001C1EA4F13003092B17D81C46A64223DD06
:101B70007B1C07D084451CD301D1A64519DB00FB93
:101B80000640012715F8014BEBE72F46BFE72B2C4A
:101B900004BFBD1C7C781A46C9E7A4F14103192B88
:101BA00001D8373CE2E7A4F16103192B04D8573C74
:101BB000DCE74FF0FF37E5E77B1C08D12223C8F8AC
:101BC00000300846BAF1000F07D1BDE8F08702B136
:101BD0004042BAF1000FF8D00FB105F1FF39CAF851
:101BE0000090F2E73024002EAFD10826ADE7302C6C
:101BF000A3D00A26A9E7D0F8EC00704782B001B95B
:101C000001A942B14BB113780B601278101C18BFB8
:101C1000012002B070471046FBE76FF00100F8E7C3
:101C200049B1FF2A85BF8A2303600A704FF0FF3055
:101C300098BF012070470846704700000000000070
:101C40000108010842424242010801083ED8E98DDC
:101C500000000000D593000039940000E9940000D2
:101C6000199500008DD4000035E3000079CB000009
:101C700069CF000075CF00008DCF000089AF000054
:101C800081CF0000DDCB000049CF000091BC0000F7
:101C90009DAF000025B3000051B2000001B200006A
:101CA00055B40000BDAC0000C1AE0000D1AE0000D4
:101CB000E5AE000001AF0000D9B7000039B7000061
:101CC00011BD000069BD000085F2000089F200002E
:101CD00044250200142502009C240200E424020092
:101CE00074250200E02502001026020028280200C8
:101CF00081CA000039CC000029CA000025BF0000BD
:101D0000A5F200009DF20000A1F2000041BB00001E
:101D100075B90000E5B9000085B0000099B0000079
:101D2000B9B0000049B100005DB1000095B10000FC
:101D300019AB00002DAF000041AF000045AF00001F
:101D40004DAF000059AF000061AF000071AF00005F
:101D500079AF000081AF000029B9000059B9000037
:101D60002DCC000039D0000065D00000D1D000009B
:101D700019BF000031BF00003DC80000F1A80000FD
:101D8000FDA8000055A900005DA9000079AE000083
:101D900085AE0000CDA9000075AB000069AD000064
:101DA0007DAB0000E9AB0000A5AC0000B5AC0000C5
:101DB00005B90000A1B40000C9B40000F1B40000EE
:101DC00049B5000075B5000029B3000021B400003A
:101DD00059B3000089B30000B1B30000D9B30000CB
:101DE000F9B3000095BA0000B9BA0000DDBA0000EE
:101DF00001BB000021BB000009B9000019B90000B7
:101E0000B9B70000C9B70000D5B500000DAF00009C
:101E1000FDB50000B5B60000C9B60000DDB6000093
:101E2000F1B6000005B7000019B700001DAF0000B3
:101E300025AF00008DF2000089AF000099AF0000CF
:101E40009DAF000019B000001DB0000021B00000DF
:101E500035B0000069B000006DB000007DB000003A
:101E6000A9B10000B5B10000B9B1000041BC00004B
:101E700085BD00009DBD0000C1BD000015BE000075
:101E800035BE0000219900003599000049990000F5
:101E90005D990000719900008599000099990000F2
:101EA000AD99000021D1000049D100005DD10000B2
:101EB00071D1000085D1000099D10000ADD10000A2
:101EC000C1D10000259A0000299A0000419A000023
:101ED000559A00006D9A0000819A0000FD9D000057
:101EE000399F0000E59A0000E99A0000199B000064
:101EF000459B0000C59B0000D19B0000159C000085
:101F0000899C0000A19C0000C99C0000D19C00009D
:101F100071CA000075CA0000599F00005D9F000053
:101F2000699F00006D9F0000719F0000799F000075
:101F30007D9F0000819F0000A19F0000BD9F0000C9
:101F4000E59F0000E99F0000F19F000005A0000050
:101F500011A0000015A00000D5D1000055D200004E
:101F6000E9D200004DD3000055D300005DD300003E
:101F70006DD300007DD30000FD180200FDDB0100E1
:101F80004DE4010089E40100F9DB0100BDE101003D
:101F900069DF01008DD4000015E300009DDB000027
:101FA00009DC00003DDC000051DC0000A5DC000085
:101FB000A9DC0000B1DC0000BDDC0000C5DC0000D5
:101FC00001DE000011DE000019DE000039DE000035
:101FD00071DE0000EDDE000031E00000D9E000001D
:101FE000E1E00000F9E0000001E1000085D7000019
:101FF0009DD70000ADD70000B5D70000CDD70000B9
:10200000E9D700008DD80000D5D80000F5D7000032
:1020100041E200009DE20000B5E20000BDE20000E8
:1020200001E3000009E3000049D900004DD9000098
:1020300059D900005DD90000E5E60000E9E600009E
:10204000EDE60000F1E60000F5E60000F9E600002C
:10205000FDE600000DE500003DE50000D1E60000D2
:10206000D5E60000D9E60000DDE60000E1E600006C
:1020700001E7000075E70000D9E700003DE8000037
:10208000ADE80000C9E8000035E9000079F0000083
:1020900075F2000065F10000FDF10000B5F00000F0
:1020A000B9F00000BDF00000C1F00000C5F0000074
:1020B000C9F00000CDF00000D1F00000D5F0000024
:1020C000D9F00000393B0100653B0100ED3B010008
:1020D000393C0100853C0100953C0100613E010056
:1020E0007DF7000085F700008DF700009DF70000E8
:1020F000B1F70000D5160100BDF70000EDF70000B4
:1021000051FB0000F9F700005DF80000D1FB000072
:1021100081FD000099FD0000C1FD000011270100B4
:10212000CDFD00002DFE000059250100E52701002E
:1021300079FE000079FF000071280100F124010000
:10214000B5240100DD2401006D290100A501010075
:102150008D02010041050100A10701000D0A0100E7
:10216000790E0100410F01009114010039150100A1
:1021700035160100A529010091280100114B01002D
:10218000394B0100594B01007D4B0100C94B010047
:102190000D4C0100ED4C0100094D01008D4D010079
:1021A000ED4D0100000000000100000000000000F3
:1021B0000A000000000000006400000000000000B1
:1021C000E8030000000000001027000000000000ED
:1021D000A08601000000000040420F000000000047
:1021E000809698000000000000E1F5050000000066
:1021F00000CA9A3B0000000000E40B5402000000FB
:1022000000E87648170000000010A5D4E8000000A0
:1022100000A0724E1809000000407A10F35A000026
:102220004FBB610567ACDD3F182D4454FB21E93FEE
:102230009BF681D20B73EF3F182D4454FB21F93FDD
:10224000E2652F227F2B7A3C075C143326A6813C63
:10225000BDCBF07A8807703C075C143326A6913C0E
:10226000000000000000E03F000000000000E0BFB0
:102270000000E0FE422EE63F0000E0FE422EE6BFF8
:10228000763C7935EF39EA3D763C7935EF39EABD70
:1022900000000000000000000000000000000080BE
:1022A00000000040FB21F93F000000002D44743E77
:1022B000000000809846F83C0000006051CC783B5C
:1022C00000000080831BF0390000004020257A3890
:1022D000000000802282E336000000001DF3693513
:1022E000000000000000304300000000000030C388
:1022F000000000000000000031950000399500004A
:10230000BD740100F57401003D9500005195000079
:10231000ED6001005D600100A560010061600100E9
:1023200085730100157501006D6401007570736996
:10233000646500006E6F726D616C0000636F6F7298
:1023400064696E6174652073706163653A20256409
:10235000202F2025642C2025730000006163633A40
:10236000206D6F756E74696E670000006163633A7B
:10237000207573696E67205344412C2053434C00F1
:102380006163633A206E6F20693263206176616910
:102390006C61626C650000006163633A206E6F746B
:1023A0002064657465637465640000006163633A6A
:1023B0002064657465637465642025640000000012
:1023C0006163633A2064616D616765642061636382
:1023D000656C6572656F6D746572206F7220696ED1
:1023E00076616C696420414343454C45524F4D45ED
:1023F0005445525F54595045000000006163633AF0
:1024000020696E76616C696420414343454C4552B6
:102410004F4D455445525F54595045006163633AEE
:10242000206D6F756E7465640000000030313233CA
:102430003435363738396162636465660000000000
:102440006661696C65642074797065206368656392
:102450006B20666F72202570204025700000000000
:102460005654202570202D206F626A747970652083
:10247000256420636C6173734E6F20256400000037
:10248000756E68616E646C656420657863657074F0
:10249000696F6E2C2076616C75653A000C0003F94B
:1024A00000000000010000000000000019A600006C
:1024B00091BC00008DA4000001A60000CDA5000085
:1024C000C1A50000B5A50000E1A500006D6973730A
:1024D000696E672070726F7065727479206F6E20FC
:1024E000257000000C0003F900000000010000004E
:1024F0000000000019A6000091BC000081A40000AB
:102500006DA3000071A300007DA3000081A3000063
:1025100085A300000C0003F900000000010000008A
:102520000000000019A6000091BC0000F9A5000001
:10253000D5A20000DDA20000E1A20000E5A200009B
:1025400029A300000C0003F90000000001000000B6
:102550000000000019A6000091BC000011A60000B8
:10256000B5A20000BDA20000C1A2000015A6000097
:10257000C5A200000C0003F90000000001000000EB
:102580000000000019A6000091BC000009A6000090
:102590008DA300009DA300000DA6000005A600006D
:1025A000ADA300005B4E61746976652025705D0007
:1025B0005B5265664F626A6563742076743D257070
:1025C00020636C3D256420737A3D25645D00000026
:1025D0005B2573202570203D2025735D00000000E1
:1025E000080004F9000000000300000000000000E3
:1025F00019A6000091BC000000000000B5A3000077
:1026000000000000000000000000000000000000CA
:102610000C0002F9000000000200000000000000B1
:1026200019A6000091BC000000000000FDA50000FC
:10263000000000000000000000000000000000009A
:10264000442502000700626F6F6C65616E00000038
:10265000442502000900756E646566696E65640054
:10266000E0250200000000000000000044250200F8
:102670000000000044250200080066756E6374695E
:102680006F6E0000442502000900756E646566697E
:102690006E656400442502000800496E66696E6933
:1026A000747900004425020003004E614E000000D2
:1026B0004425020009002D496E66696E697479002F
:1026C0004425020004006E756C6C00004425020075
:1026D00004007472756500004425020005006661FF
:1026E0006C7365004425020008005B4F626A6563F5
:1026F000745D0000442502000A005B46756E637439
:10270000696F6E5D000000004425020006006E75D2
:102710006D626572000000004425020006006F62D1
:102720006A656374000000004425020006007374AB
:1027300072696E67000000006763416C6C6F63280C
:10274000256429202825642F256420667265653B51
:10275000202564206D617820626C6F636B29202DC9
:102760003E206E657720626C6F636B002D2D4D41AE
:10277000524B000052503A25702F25640000000093
:1027800052473A25702F256400000000474320255A
:10279000642F256420667265653B202564206D6189
:1027A00078426C6F636B0000686561703A20256445
:1027B00020286D696E7573202564207379732062FB
:1027C0007974657329000000474320626C6F636B66
:1027D000202564622040202570000000526566526A
:1027E00065664C6F63616C20257020763D25700016
:1027F000526566436F6C6C656374696F6E202570FB
:102800002073697A653D25640000000052656652B8
:1028100065636F72642025702073697A653D256455
:1028200020627974657300000C0005F90000000057
:10283000040000000000000071CB000099CA0000F5
:10284000FDC9000045CA00000000000000000000B3
:10285000000000000000000076617269616E742063
:102860006E6F7420737570706F727465643A202592
:10287000730000005265664D6170202570207369F9
:102880007A653D25640000005365676D656E743A96
:102890002025702C206C656E6774683A2025642CA6
:1028A0002073697A653A2025640000002D3E2025BA
:1028B000640000004572726F723A202564205B2527
:1028C000645D0000526566416374696F6E20257017
:1028D0002070633D25582073697A653D25640000AA
:1028E000140004F9000000000800000000000000CF
:1028F0008DCA0000C9CA000011CA000055CA0000F4
:1029000000000000000000000000000000000000C7
:10291000080004F9000000000700000000000000AB
:1029200075CB0000B9CA000009CA000051CA0000F6
:102930000000000000000000000000000000000097
:102940000C0004F900000000060000000000000078
:1029500085CA000069CE0000F5C9000041CA000028
:102960000000000000000000000000000000000067
:10297000636F6D6D202564202D3E202570000000C2
:10298000525325643A25702F25640000756E6B6ED6
:102990006F776E002320257300000000232025732D
:1029A0003A202570000000006932633A206C6F6F96
:1029B0006B75702064656661756C742070696E73E8
:1029C000000000006932633A20666F756E6420650E
:1029D00078697374696E6720693263006932633A9B
:1029E000206D6F756E74696E67206F6E206E6577EF
:1029F0002064657669636500000000000000000047
:102A0000F1D80000F5D80000F9D80000FDD800008A
:102A100001D9000009D9000011D900006E6F2070A3
:102A2000696E206366673A2025640000000000009C
:102A3000000000003195000039950000CDDC000059
:102A4000D1DC0000D9DC0000F1DC00000000000057
:102A5000000000003195000049DD0000CDDC0000E1
:102A6000D1DC000011DD000029DD0000616C6C6F1D
:102A7000636174652054432564000000106B2C00D2
:102A800000380040116C2F00003C0040126D3200F5
:102A900000A00141136E350000C00141146F3800E1
:102AA0000014004215703B0000180042205516002B
:102AB00000600141215C1D00008001412261220073
:102AC000000C004200000000000000000A444D45D8
:102AD00053473A0A000000000A0A00000000000004
:102AE0000000000031950000396E0100CDDC0000CF
:102AF000D1DC0000CDE30000E1E30000016E010045
:102B0000256F010071E300000000000000000000DC
:102B100031950000396E0100CDDC0000D1DC0000F1
:102B2000FDE3000011E40000016E0100CDE40000AF
:102B300085E40000000000000000000009F0000033
:102B400021EA000081EB0000D5EB000047EBF02DFF
:102B5000935A16C80F1F3F00ADF20000F9F20000B3
:102B60005DF3000000030C0F30333C3FC0C3CCCFFB
:102B7000F0F3FCFF00112233445566778899AABB15
:102B8000CCDDEEFF526566496D61676520257020DA
:102B900073697A653D256420782025640000000073
:102BA0000C0004F900000000050000000000000017
:102BB000A9F20000C1F30000EDC900003DCA000009
:102BC0000000000000000000000000000000000005
:102BD0004A44413A206D61676963206D69736D6194
:102BE0007463682025780000696E76616C696420E2
:102BF00073757065722D6672616D65202564202580
:102C000064000000696E76616C696420737570659C
:102C1000722D6672616D652025642025642025640F
:102C2000000000000609090906040604040E07084E
:102C300006010F0F080409060C0A091F081F010FDF
:102C4000100F08040E110E1F080402010E110E11C0
:102C50000E0E110E040211000E1B110001807811DE
:102C6000807820003A010313800A29800A000000BE
:102C70002A2A2A20434F44414C2050414E494320A8
:102C80003A205B25645D0000373448433A20776181
:102C90006974696E672E2E2E000000003734484399
:102CA0003A206E6F20776169742072657175657363
:102CB00074656400373448433A20257800000000EA
:102CC000636F6E66696720747970653A2025643B8E
:102CD00020636667303D257820636667313D25783F
:102CE00000000000636F6E6669677572652073632C
:102CF0007265656E3A2046524D435452313D2570FF
:102D0000204D414443544C3D257020747970653DFD
:102D10002564000073637265656E3A20256420782F
:102D20002025642C206F66663D25642C25640000F8
:102D300072756E6E696E6720666C617368204653AB
:102D40002047433B206E65656465642025642C2024
:102D50006C65667420256400474320646F6E653A95
:102D60002025642066726565000000006F75742080
:102D70006F6620737061636521206E6565646564AC
:102D80003D256400666F726D617474696E672E2EE6
:102D90002E0000006D6F756E7465642C20656E6486
:102DA0003D2578206D6574613D25782066726565E6
:102DB0003D2578000000000000000000D948010017
:102DC00049480100F94801002D480100636C656124
:102DD00072696E6720757365722066696C65730031
:102DE000666F6F626172000000000000000000006A
:102DF000ED510100C9510100E5510100C15101002F
:102E0000E1510100D9510100D15101003078000099
:102E1000444D455347206C696E6520746F6F206C7C
:102E20006F6E67210A000000250000003F3F3F0051
:102E30000D0A0000000000000000000031950000B5
:102E400039950000CDDC0000D1DC0000ED5F010011
:102E500005600100E95F01000000000000000000C3
:102E60003195000039950000CDDC0000D1DC000078
:102E70006D60010085600100ED6001005D60010092
:102E8000A5600100616001006560010065600100EE
:102E90006D6401000000000000000000319500009A
:102EA00039950000CDDC0000D1DC000000000000FE
:102EB00000000000BD670100271A020000000000AA
:102EC00000000000D5680100C56801000000000096
:102ED000000000003195000039950000CDDC0000B5
:102EE000D1DC0000816D0100956D0100BD6701001E
:102EF000B16D0100000000000000000031950000ED
:102F0000396E0100CDDC0000D1DC0000096E01004B
:102F10001D6E0100016E0100256F0100EF030380AB
:102F200002CF0300C130ED0464031281E803850081
:102F300078CB05392C003402F70120EA020000C0EA
:102F40000123C10110C5023E28C70186360108379A
:102F500001003A0155B1020018B603088227F201B8
:102F600000260101E00F0F312B0C0E084EF1370740
:102F700010030E0900E10F000E1403110731C148C0
:102F8000080F0C31360F118078298078000000007E
:102F90000000000000000000E96F0100399500000A
:102FA000CDDC0000398A0100B16F0100C96F01005A
:102FB000C02F020004000000E02F02000700000004
:102FC00002000000000000000400000001000000FA
:102FD00008000000020000001000000003000000D4
:102FE000C4090000700000008813000060000000A9
:102FF0001027000050000000204E0000400000009C
:10300000409C000030000000A0860100200000006D
:1030100040420F001000000000000000000000000F
:103020003195000039950000817301004172010063
:10303000117201002572010035710100417101001A
:1030400049710100557101005D7101007573010046
:103050006D6401000200040108020000E2040000A7
:1030600000000000C40900000800000088130000F0
:10307000100000001027000018000000204E000083
:1030800020000000803801002800000000710200CC
:103090003000000000C409003800000000000000FB
:1030A000000000003195000039950000BD7401005A
:1030B000F5740100C5740100D9740100ED600100D0
:1030C0005D600100A5600100616001008573010081
:1030D000157501006D6401004D50553630353020B6
:1030E000696E69742025780000000000000000006F
:1030F00031950000399500006578010011760100D6
:10310000E1750100F5750100ED6001005D600100F1
:10311000A560010061600100697601005978010035
:103120006D640100000000000000000079780100DB
:103130003D500100E15301000000000000000000CC
:10314000DD7D01006D790100E978010089780100D9
:10315000F97A0100857B0100F8FFFFFF0000000005
:103160003195000039950000CDDC0000D1DC000075
:103170007D7B0100997B0100000000000000000041
:103180003195000039950000CDDC0000D1DC000055
:10319000A97E0100BD7E01004D7E010000000000FF
:1031A000000000003195000039950000CDDC0000E2
:1031B000D1DC000005830100198301004982010070
:1031C000B16D010001807811807820003A0103E0A0
:1031D00010021C07123732292D29252B3900010333
:1031E00010E110031D07062E2C292D2E2E373F002F
:1031F00000021013800A29800A000000000000006D
:1032000000000000ED8A010039950000CDDC0000CF
:10321000398A0100698301008183010000000000F8
:1032200000000000ED8B0100018C01000000000097
:10323000000000003195000039950000CDDC000051
:10324000D1DC0000298C0100498C0100718C010047
:10325000F8FFFFFF00000000C18D0100FFFF00002C
:1032600000000000000000003195000039950000CA
:10327000CDDC0000D1DC0000D194010011950100EB
:10328000D1970100ED970100F8FFFFFF000000005B
:10329000F9970100F4FFFFFF00000000E59701002F
:1032A000000002000900150027003F005E008400B6
:1032B000B300EC002E017B01D3013502A2021803FA
:1032C00098031F04AC043D05CF056106F00679079D
:1032D000FA076F08D70830097609AA09CA09D4097C
:1032E000CA09AA0976093009D7086F08FA077907C9
:1032F000F0066106CF053D05AC041F0498031803D2
:10330000A2023502D3017B012E01EC00B300840040
:103310005E003F00270015000900020000000000C9
:10332000504F4F212121000000000000000000004C
:103330003195000039950000CDDC0000D1DC0000A3
:10334000619801001599010049980100799B0100DD
:10335000A1980100F8FFFFFF000000000D99010097
:10336000F4FFFFFF0000000059980100819B01005D
:1033700001000200040008001000400000010004E9
:1033800074635F696E643A20256420636C6B5F69C7
:103390006E6465783A20256400000000000000009B
:1033A000000000003195000039950000CDDC0000E0
:1033B000D1DC0000919F0100A99F0100BD680100C0
:1033C000C59D0100C99F0100B9A10100F99F01003D
:1033D000D5A10100FDA10100DD9D0100E19D0100DD
:1033E000619E0100E59E010011A0010005A1010000
:1033F000319F0100C19D010000000000000000009D
:1034000079A3010019D7010019D7010021D70100C4
:1034100021D7010031A6010029D70100A1A6010092
:10342000B1A30100000000000000000031AE010067
:10343000B1AE01002DAA010001B3010045AA0100AF
:103440008DAF0100B1AA0100C1AA0100F1AA0100DB
:10345000FDAA010091B001000DAA01000DAB010011
:1034600015AA01001DAB010031AB0100E5B0010060
:103470001DAA010025AA010051AD010069B101009A
:1034800079AB01004DAC010005B1010051B3010061
:1034900071B30100B5AB0100ECFFFFFF00000000BD
:1034A00045AC010053504920696E7374616E6365C9
:1034B000202570207265712025646B487A2C206766
:1034C0006F742025646B487A20626175643D2564C1
:1034D000000000000000000000000000B1B3010087
:1034E000BDB30100D9B8010071B4010055B80100A5
:1034F000DDB30100FCFFFFFF0000000029B4010064
:1035000009091A1A1E1E0000060403020200000028
:1035100019191D1D2600000023072B0FFF0F0F0F89
:103520003F45000100FFFF120F0F3F01010300FFA5
:10353000FF320F0F3F4102050000FF0F0F0F3F3F0B
:1035400003070101FF0F0F0F3F3F24092DFF060F57
:103550000F0F3F3F250B2FFF070F0F0F3F3F260D8C
:1035600031FF080F0F0F3F3F270F33FF090F0F0FDA
:103570003F3F2811030200140F0F3F0429130503D6
:1035800001340F0F3F4404090704FF100F0F3F00E1
:10359000050B0005FF300F0F3F40060D0906FF1118
:1035A0000F0F3F80070F0B07FF310F0F3FC00800C1
:1035B0000D0802100081004209130F09033020A1F9
:1035C00040020A15110AFF1140C180820B17130B2C
:1035D000FF1160E1C0C22A1500FFFF1580013F8482
:1035E0002B1700FFFF35A0213FC42C1935FFFF1416
:1035F0000300043F2D1B37FFFF342320443F2E1DC3
:1036000039FFFF150440843F2F1F3BFFFF35246027
:10361000C43F0C1900FFFF12C04102440D1B00FF04
:10362000FF32E06142040E1D00FFFF13024182845D
:103630000F1F00FFFF332261C2C4100115FFFF12EC
:1036400001800143110317FFFF3221A0410312053E
:1036500019FFFF1341C0818313071BFFFF3361E094
:10366000C1C3300100FFFF0F0380053F310300FF9E
:10367000FF0F23A0453F14091DFFFF0F8100858325
:10368000150B1FFFFF0FA120C5C3160D21FFFF144F
:10369000C1400345170F23FFFF34E16043051811B4
:1036A00000FFFF15420F8385191300FFFF350F0F31
:1036B000C3C5360D00FFFF0F0F0F8185370F00FFC9
:1036C000FF0F0F0FC1C51B1725FFFF0F0F0F3F3F48
:1036D0001E1D27FFFF0F020F3F811F1F00FFFF0F5F
:1036E000220F3FC13E1D00FFFF1004C03F453F1F9A
:1036F00000FFFF3024E03F0520013D0CFF0F0F0FBE
:103700003F8521033F0DFF0F0F0F3FC52205290EF7
:10371000FF0F420F3F05760000FFFF0F0F0F3F3FE7
:103720003400000001000200040008001000400006
:103730000001000400380040003C004000A00141AE
:1037400000C0014100140042001800420060014125
:1037500000800141000C00420010004200100043B4
:1037600007081718222300000303030303030000C4
:103770000030004000340040002001410040014181
:10378000000000430004004301000000140020007A
:1037900000010000E5E600000000D700006CDC023C
:1037A0000C0020000000020000000000FE00FF01ED
:1037B000000C0020000000020000000000FE00FFDE
:1037C00001030000000000000000000011D701000C
:1037D00019D7010019D7010021D7010021D7010015
:1037E00099D7010029D701002DD8010049D7010040
:1037F000000000000000000071D901000DD9010097
:10380000EDD90100FCFFFFFF00000000C1DA01005C
:1038100061636F730000000061636F7368000000F4
:103820006173696E000000006174616E68000000E1
:10383000636F73680000000065787000666D6F64E8
:10384000000000006C6F67006C6F67313000000093
:10385000706F770073696E68000000007371727496
:10386000000000006C6F6766000000006C6F67313D
:10387000306600007371727466000000FB21F93F2E
:10388000FB2109407CD91240FB2119407A6A1F4074
:103890007CD92240BBFD2540FB2129403A462C40E3
:1038A0007A6A2F405C4731407CD932409C6B34406F
:1038B000BBFD3540DB8F3740FB2139401BB43A401C
:1038C0003A463C405AD83D407A6A3F404C7E4040A0
:1038D0005C4741406C1042407CD942408CA243403E
:1038E0009C6B4440AC344540BBFD4540CBC6464094
:1038F000DB8F4740EB584840FB21494083F9A20049
:10390000444E6E00FC291500D1572700DD34F50028
:1039100062DBC0003C999500419043006351FE007A
:10392000BBDEAB00B761C5003A6E2400D24D420049
:103930004906E00009EA2E001C92D100EB1DFE00B2
:1039400029B11C00E83EA700F535820044BB2E00DB
:103950009CE98400B4267000417E5F00D691390056
:10396000538339009CF439008B5F840028F9BD0033
:10397000F81F3B00DEFF97000F980500112FEF00A6
:103980000A5A8B006D1F6D00CF7E360009CB2700D1
:10399000464FB7009E663F002DEA5F00BA277500CC
:1039A000E5EBC7003D7BF100F739070092528A0032
:1039B000FB6BEA001FB15F00085D8D00300356000D
:1039C0007BFC4600F0AB6B0020BCCF0036F49A00C5
:1039D000E3A91D005E619100081BE6008599650062
:1039E000A0145F008D40680080D8FF0027734D0051
:1039F00006063100CA561500C9A873007BE26000B4
:103A00006B8CC000000FC93F000F494000CB9640AF
:103A1000000FC9400053FB4000CB164100ED2F4181
:103A2000000F49410031624100537B41003A8A4115
:103A300000CB9641005CA34100EDAF41007EBC414C
:103A4000000FC94100A0D5410031E24100C2EE4162
:103A50000053FB4100F20342003A0A420083104245
:103A600000CB164200141D42005C234200A52942EF
:103A700000ED2F4200363642007E3C4200C74242F3
:103A8000000F4942A2000000F9000000830000007E
:103A90006E0000004E000000440000001500000011
:103AA00029000000FC000000270000005700000073
:103AB000D1000000F500000034000000DD0000002F
:103AC000C0000000DB000000620000009500000064
:103AD000990000003C00000043000000900000003E
:103AE00041000000FE0000005100000063000000E3
:103AF000AB000000DE000000BB000000C5000000BD
:103B000061000000B7000000240000006E0000000B
:103B10003A000000420000004D000000D20000000A
:103B2000E000000006000000490000002E00000038
:103B3000EA00000009000000D1000000920000002F
:103B40001C000000FE0000001D000000EB00000053
:103B50001C000000B100000029000000A7000000C8
:103B60003E000000E8000000820000003500000078
:103B7000F50000002E000000BB0000004400000023
:103B800084000000E90000009C00000070000000BC
:103B900026000000B40000005F0000007E0000006E
:103BA000410000003900000091000000D600000034
:103BB00039000000830000005300000039000000BD
:103BC000F40000009C000000840000005F00000082
:103BD0008B000000BD000000F9000000280000007C
:103BE0003B0000001F000000F800000097000000EC
:103BF000FF000000DE00000005000000980000004B
:103C00000F000000EF0000002F0000001100000076
:103C10008B0000005A0000000A0000006D00000048
:103C20001F0000006D000000360000007E00000054
:103C3000CF00000027000000CB00000009000000BA
:103C4000B70000004F000000460000003F000000E9
:103C5000660000009E0000005F000000EA00000017
:103C60002D0000007500000027000000BA000000D1
:103C7000C7000000EB000000E5000000F1000000BC
:103C80007B0000003D00000007000000390000003C
:103C9000F70000008A0000005200000092000000BF
:103CA000EA0000006B000000FB0000005F00000065
:103CB000B10000001F0000008D0000005D0000004A
:103CC0000800000056000000030000003000000063
:103CD00046000000FC0000007B0000006B000000BC
:103CE000AB000000F0000000CF000000BC000000AE
:103CF000200000009A000000F400000036000000E0
:103D00001D000000A9000000E30000009100000079
:103D1000610000005E000000E60000001B000000E3
:103D20000800000065000000990000008500000008
:103D30005F00000014000000A00000006800000008
:103D4000400000008D000000FF000000D8000000CF
:103D5000800000004D0000007300000027000000FC
:103D60003100000006000000060000001500000001
:103D700056000000CA00000073000000A800000008
:103D8000C900000060000000E20000007B000000AD
:103D9000C00000008C0000006B000000020000006A
:103DA0000300000004000000060000000000C93FFE
:103DB0000000F0390000DA370000A2330000842E42
:103DC0000000502B0000C2270000D0220000C41FBA
:103DD0000000C61B0000441704000000070000009C
:103DE000090000004300504F534958002E000020A6
:103DF000202020202020202028282828282020209B
:103E0000202020202020202020202020202020884A
:103E100010101010101010101010101010101004AE
:103E200004040404040404040410101010101010FE
:103E300041414141414101010101010101010101F2
:103E40000101010101010101010110101010101008
:103E500042424242424202020202020202020202C2
:103E600002020202020202020202101010102000DE
:103E70000000000000000000000000000000000042
:103E80000000000000000000000000000000000032
:103E90000000000000000000000000000000000022
:103EA0000000000000000000000000000000000012
:103EB0000000000000000000000000000000000002
:103EC00000000000000000000000000000000000F2
:103ED00000000000000000000000000000000000E2
:103EE00000000000000000000000000000000000D2
:103EF000F8B500BFF8BC08BC9E467047B9930000F7
:103F000059CA000091D60000F8B500BFF8BC08BC43
:083F10009E46704795930000E6
:083F18006CA8FF7F010000000E
:103F200000000000A10D0C000101010180BA010F89
:103F300080BA010F140A00200138FDD1704700003B
:103F40006DC30100003000400034004000200141FA
:103F50000040014100000043000400433F1A0200FA
:103F600044000020000000000000000000000000ED
:103F70000000000000000000000000000000000041
:103F80000000000000000000000000000000000031
:103F90000000000000000000000000000000000021
:103FA0000000000000000000000000000000000011
:103FB0000000000000000000000000000000000001
:103FC00000000000430000000000000000000000AE
:103FD00000000000000000000000000000000000E1
:103FE000000000004300000000000000000000008E
:103FF00000000000000000000000000000000000C1
:10400000000000004300000000000000000000006D
:1040100000000000000000000000000000000000A0
:10402000000000004300000000000000000000004D
:104030000000000000000000000000000000000080
:10404000000000004300000000000000000000002D
:104050000000000000000000000000000000000060
:10406000000000004300000000000000000000000D
:104070000000000000000000000000000000000040
:1040800000000000430000000000000000000000ED
:104090000000000000000000000000000000000020
:1040A00000000000211C0200FD1B020000000000B7
:1040B000EE3D0200EC3D0200ED3D0200ED3D020050
:1040C000ED3D0200ED3D0200ED3D0200ED3D020040
:1040D000ED3D0200ED3D0200ED3D0200FFFFFFFF60
:1040E000FFFFFFFFFFFFFFFFFFFF00000100415345
:1040F00043494900000000000000000000000000EB
:10410000000000000000000000000000000041531B
:1041100043494900000000000000000000000000CA
:10412000000000000000000000000000000000008F
:10413000000401000000000000000000000000007A
:0400000300004000B9
:00000001FF
