:104000000000032005760100017601002DDE00008E
:104010000176010001760100017601000000000038
:104020000000000000000000000000000176010018
:104030000176010000000000017601000176010018
:104040000176010001760100017601000176010090
:104050000176010001760100017601000176010080
:104060000176010001760100017601000176010070
:104070002120020029200200312002003920020004
:104080004120020049200200512002005920020074
:1040900061200200692002007120020079200200E4
:1040A0008120020089200200912002009920020054
:1040B000017601000176010001760100D51A0200A7
:1040C000D91A0200DD1A0200E11A0200E51A020004
:1040D0000176010001760100017601000176010000
:1040E00001760100017601000176010001760100F0
:1040F00000000000017601004D1602005916020072
:104100005D160200611602006516020071160200BB
:1041100075160200791602007D160200891602004B
:104120008D1602009116020095160200A1160200DB
:10413000A5160200A9160200AD160200B91602006B
:10414000BD160200C1160200C5160200D1160200FB
:10415000D5160200D9160200000000000000000081
:10416000000000000000000000000000000000004F
:10417000000000000000000000000000000000003F
:104180001DEC010025EC010029EC010021EC0100EF
:1041900000000000017601000176010001760100B7
:1041A000017601000176010001760100017601002F
:1041B000017601000176010001760100017601001F
:1041C000017601000176010001760100017601000F
:1041D00001760100017601000176010001760100FF
:1041E000017601000176010001760100390D02001F
:1041F000410D0200490D0200510D0200590D02004F
:10420000610D0200000000000000000001760100C6
:1042100001760100017601000176010001760100BE
:1042200001760100017601000176010001760100AE
:10423000017601000176010001760100017601009E
:10424000017601000176010001760100017601008E
:10425000017601000176010001760100017601007E
:10426000000000007CB0EE877CB0EE87FF00FF000E
:10427000FF00FF00FF00FF00FF00FF00FF00FF0046
:10428000FF00FF00FF00FF00FF00FF00FF00FF0036
:10429000FF00FF00FF00FF00FF00FF000000000024
:1042A0002DE9F04F85B003910778A7F10903042B9E
:1042B000044607F07F0200F10100F5D9202AF3D06F
:1042C0002B2F04BF677804462D2F75D09FED427BBE
:1042D0008DED007B4FF000084FF000099FB34FF0C9
:1042E000000C25464FF0000ADFF8FCB0644619E0E8
:1042F0001EF002FB8046894630461EF093FA424685
:104300004B461EF043F95246804689465B46DDE93E
:1043100000013CB31EF01AFCCDE90001A44615F8DB
:10432000017F7FB1A7F13006092E52465B46404619
:104330004946DDD9CCB92E2F17D115F8017F0124BC
:10434000002FEFD12C4642464B46DDE900011EF01E
:10435000D3FA80468946039B404649461C6005B017
:10436000BDE8F08F4FF0010CD9E72C46BCF1000FEF
:1043700029D042464B46DDE900011EF0BDFA07F0A8
:10438000DF07452F80468946E5D10399681C0A223C
:1043900021F0BAFB1449024600201EF05DFE0246E1
:1043A0000B46404649461EF0A7FA804689464046DD
:1043B000494605B0BDE8F08F9FED097B67788DED2C
:1043C000007B013486E7DFF824904FF00008404678
:1043D000494605B0BDE8F08F000000000000F03F46
:1043E000000000000000F0BF000024400000F87F43
:1043F0002DE9F047002314460022804689461EF02E
:10440000EDFC28B109F1004399462D2323700134B6
:1044100000220023404649461EF0D6FC28B1302237
:10442000002322706370BDE8F087404649461FF0C4
:104430000FFC1EF011FD73A3D3E900230746494684
:1044400040461EF0CBFC00284ED170A3D3E90023D8
:10445000404649461EF0E0FC002845D10E2F07F1EA
:10446000010540F3B980A7F10E06324600206249EB
:104470001EF0F2FD02460B46404649461EF066FB22
:1044800000225E4B1EF082F81EF022FE002DA7F1E6
:104490000F0E4FF0010C4DDD594FDFF878810122EE
:1044A00045F6F3294FF02E0A494508BF40454FF025
:1044B00030030AD3B0EB080061EB0901494508BF9E
:1044C000404503F10103F5D2DBB2237050EA01034A
:1044D00004F101084AD1954252DD0132102A4FD031
:1044E000444677E90289DFE7002F33DB3A460020B4
:1044F00041491EF0B1FD02460B46404649461EF0BA
:1045000025FB3BA3D3E900238046894601250026ED
:10451000404649461EF0F0F90022384B1EF036F8AE
:104520001EF0D6FD002DBC464FF0FF3E37464FF043
:104530000006B1DC234630224FF02E0803F8022B90
:1045400084F80180FC4345D01C4403F8012BA342AE
:10455000FBD1A1E77A42002027491EF07DFD0246EB
:104560000B46404649461EF0C7F9CAE7954202F19C
:10457000010204BF84F801A004F10208102AAFD19F
:104580006EB14246302102F8011BC2F101037344AF
:104590004344002BF7DC2EEAEE7301339844BCF160
:1045A000010F12D0BCF1000F4FF0650388F8003006
:1045B000C5BF2B2388F8013008F1010108F1020181
:1045C0006046BDE8F04713F08BB8002388F8003050
:1045D000BDE8F0871C465FE7C7F10E0200200649E0
:1045E0001EF03AFD3E4602460B46012790E700BF0B
:1045F0000000901EC4BCD642000024400000E03FF2
:10460000306C02008DEDB5A0F7C6B03E50EFE2D69B
:10461000E41A4B4400407A1070B54FF0FF3006F0BA
:1046200079F904466FF07F4006F074F9064620469B
:104630001EF0E8F800220C4B1EF05EF904463046EE
:104640000D461EF0DFF806A3D3E900231EF07EFA24
:1046500002460B46204629461DF098FF70BD00BF5C
:104660000000E0DFFFFF6F430000F03D00000000AE
:104670002DE9F04F1D461389AB4288BF536885B0C2
:1046800004468CBF53F82500002090468A4606F069
:10469000B7FD0022904B1EF02FF91EF0DDFBB8F89D
:1046A00008206B1C9A4288BFD8F8042006468CBFAD
:1046B00052F82300002006F0A3FD0022864B1EF0D6
:1046C0001BF91EF0C9FBB8F808300235AB4288BFB1
:1046D000D8F8043007468CBF53F82500002006F0B8
:1046E0008FFD002EC4E9006740F3E280002F40F305
:1046F000DF8071A3D3E90023002584F828501FF040
:10470000CBF900220023804689461EF067FB40B1AA
:104710004046494668A3D3E900231DF037FF804691
:10472000894667A3D3E90023404649461EF074FB3F
:10473000C0B165A3D3E90023404649461EF058FBAB
:1047400080B101234046494684F8283060A3D3E96C
:1047500000231DF01BFF58A3D3E900231FF09CF991
:104760008046894600225D4B404649461EF0C4F80B
:104770001EF0CAFE01F1004300221946564B1EF0FE
:10478000BBF81EF069FB4946054640461EF078FE20
:104790000022514B1EF0B0F81EF05EFBDAF8043038
:1047A0004F49B3F80CB0B3F80AA0A56007FB0BF3B0
:1047B00003EB010806FB0AF6019388FB05234FEA89
:1047C000124C00960E444CEA034C06EA010383FBAC
:1047D000009A06EB0C0E0EEA010ED346CA468EFB7B
:1047E00000675246CDE90267120C42EA0B42DDE94E
:1047F00002AB0CEA010C8CFB00674FEA16495646E7
:104800000A40360C46EA0B4649EA074982FB05ABEB
:104810005F46C144B0445646CDE90267039FE0605D
:10482000360C09EA010908EA010846EA074689FB4D
:1048300005AB334488FB0556CDE9025655462D0C91
:1048400045EA0B45DDE902AB0B40AC4403EAE377F4
:104850000CEA010C554623EAE37367454FEA154518
:1048600002EAE276A8BF674645EA0B45634522EABD
:10487000E272B8BF6346AE444E450EEA010EA8BFD1
:104880004E464A45B8BF4A467745A8BF7746734566
:10489000B8BF73464645A8BF4646C4E905634245CE
:1048A000B8BF424600980199206261622761E261C7
:1048B000204605B0BDE8F08FEA2E4454FB21194094
:1048C000F4D64354FB21F93F320D337F7CD912409B
:1048D000EA2E4454FB2109400000F0400000E03F74
:1048E0000000FFFF0000000008B514F003FADFED40
:1048F0000C7A07EE100A67EE277A17EE900A1DF081
:10490000A3FF05A3D3E900231EF020F91EF0A4FAAB
:1049100008BD00BFAFF30080EA2E4454FB211940CC
:104920000000B4430000000008B514F0F7F9DFED13
:104930000C7A07EE100A67EE277A17EE900A1DF040
:1049400083FF05A3D3E900231EF000F91EF084FACB
:1049500008BD00BFAFF30080EA2E4454FB2119408C
:104960000000B443000000002DE9F04F046985B059
:10497000E3699B07FCD12368C3F3400BBBF1000F35
:1049800040F0AF80B0F80CA015468046BAF1000F99
:1049900023D0BAF1010F62D0BAF1020F40F0A48027
:1049A0005500E1685448C5F53B438033B3FBF5F54A
:1049B0002A0421F47F0102F47F020A43E260E268E4
:1049C0006B00A0FB03135B0822F07F4242EA036303
:1049D0005846E36005B0BDE8F08FE2684BF6803BD7
:1049E00005EB850022F0FF03ABEB400001931DF0C7
:1049F00009FF0646B8F80E000F461DF013FF3CA352
:104A0000D3E900231DF078FF80460BFB05F08946B3
:104A10001DF0F8FE02460B46404649461DF06CFF6D
:104A200002460B46304639461DF0AEFD064668008C
:104A30000F461DF0E7FE02460B46304639461EF093
:104A400085F81EF031FA019BC0B21843E060E368BC
:104A5000504623F47F43E36005B0BDE8F08FE26881
:104A60004BF6803A05EB850022F0FF03AAEB4000ED
:104A700001931DF0C7FECDE90201B8F80E001DF04C
:104A8000D1FE1BA3D3E900231DF036FF06460AFB27
:104A900005F00F461DF0B6FE02460B46304639467D
:104AA0001DF02AFF02460B46DDE902011DF06CFDF8
:104AB000064668000F461DF0A5FE02460B4630462E
:104AC00039461EF043F81EF0EFF9019BC0B21843BF
:104AD000E060E368584623F47F43E36005B0BDE837
:104AE000F08F6FF0100075E76FF00C0072E700BFF9
:104AF00095D626E80B2E113EABAAAAAA000000000C
:104B00004F4A21F0004393422DE970430D4604467D
:104B10004DDC4C4A93420E460FDC45A3D3E90023FB
:104B20001DF034FD0022484B1EF076F9002854D0C9
:104B30002B4620461946BDE87083444A934240DC28
:104B4000B3F1804F49DD1EF097FC2246804689462E
:104B50002B46204629461DF0CFFE00223A4B1DF081
:104B600015FD1FF093FD42464B461DF00FFD02461A
:104B70000B46002034491DF0E9FF424604460D462D
:104B80004B46404649461DF001FD0B46024629466C
:104B900020461DF0FBFC01F0C7FE04460B46002E2C
:104BA0000BDC03F1004320461946BDE870830B4639
:104BB00002461DF0EBFC04460B4620461946BDE8B4
:104BC00070831EF059FC01F0AFFE1BA3D3E9002354
:104BD0001DF0DCFC04460B46E1E722462B4620464E
:104BE00029461DF089FE80468946204629461EF04A
:104BF00043FC00220446144B0D46404649461DF036
:104C0000C5FC1FF043FD00220F4B1DF0BFFC024608
:104C10000B46404649461DF099FF22462B461DF0A3
:104C2000B5FC00F0B1FA04460B46B8E7AFF30080DC
:104C30009C7500883CE4377EEF39FAFE422EE63F51
:104C4000FFFFEF7FFFFF2F3E0000F03F0000B0416D
:104C50002DE9F84FB84B21F000469E420D468A469A
:104C600004460EDDB54B9E4200F3B08000F0AB80F1
:104C7000B34BB449B448BAF1000FC8BF1946BDE8F8
:104C8000F88FB24B9E4200F3B980A3F1DE739E42CF
:104C900040F3A4804FF0FF3B22462B462046294696
:104CA0001DF02AFE02460B46804689461DF024FE72
:104CB00089A3D3E9002306460F461DF01DFE88A3F5
:104CC000D3E900231DF062FC32463B461DF014FE82
:104CD00085A3D3E900231DF059FC32463B461DF065
:104CE0000BFE83A3D3E900231DF050FC32463B4664
:104CF0001DF002FE80A3D3E900231DF047FC3246DD
:104D00003B461DF0F9FD7EA3D3E900231DF03EFCD8
:104D100042464B461DF0F0FD7BA3D3E900238046BD
:104D20008946304639461DF0E7FD79A3D3E90023D3
:104D30001DF02AFC32463B461DF0DEFD76A3D3E98A
:104D400000231DF021FC32463B461DF0D5FD74A327
:104D5000D3E900231DF018FC32463B461DF0CCFD84
:104D600071A3D3E900231DF00FFC32463B461DF032
:104D7000C3FD02460B46404649461DF007FC22464D
:104D80002B461DF0B9FDBBF1FF3F02460B465CD040
:104D90006F4B704E4FEACB0B5B44D3E900231DF001
:104DA000F3FB22462B461DF0EFFBB34402460B46B5
:104DB000DBE900011DF0E8FBBAF1000F0CDA01F1AC
:104DC0000041BDE8F88F00283FF452AF224620464C
:104DD0002B4629461DF0DAFBBDE8F88F54A3D3E932
:104DE00000231DF0D3FB00225B4B1EF015F80028BA
:104DF0003FF450AF20462946BDE8F88F1EF03CFB3B
:104E0000564B9E4204460D4625DCA3F550239E4298
:104E10004ADC02460B461DF0B9FB00224E4B1DF04A
:104E2000B3FB002206460F464FF08043204629463A
:104E30001DF0ACFB02460B46304639461DF086FE9F
:104E40004FF0000B04460D4626E7204629461DF08C
:104E50009BFBBDE8F88F424B9E421ADC0022414B7F
:104E60001DF092FB002206460F463E4B2046294687
:104E70001DF042FD0022384B1DF088FB02460B4618
:104E8000304639461DF062FE4FF0020B04460D46D7
:104E900002E702460B46002033491DF057FE4FF053
:104EA000030B04460D46F7E600222B4B1DF06CFB6E
:104EB000002206460F46284B204629461DF066FB79
:104EC00002460B46304639461DF040FE4FF0010BBE
:104ED00004460D46E0E600BF11DA22E33AAD903F0A
:104EE000EB0D76244B7BA93F513DD0A0660DB13F21
:104EF0006E204CC5CD45B73FFF8300922449C23F89
:104F00000D5555555555D53F2F6C6A2C44B4A2BF4D
:104F10009AFDDE522DDEAD3F6D9A74AFF2B0B33F15
:104F2000711623FEC671BC3FC4EB98999999C93F8D
:104F30009C7500883CE4377EFFFF0F440000F07F43
:104F4000FB21F93FFB21F9BF182D4454FFFFDB3F44
:104F5000586C0200386C02000000F03FFFFFF23F87
:104F6000FF7F03400000F83F0000F0BF000000009A
:104F7000C1F30A522DE9F843A2F2FF36132E0B4675
:104F80000D4604468846074621DC002E4CDB3A4A93
:104F900042FA06F901EA090202431DD034A3D3E91B
:104FA00000231DF0F3FA002200231DF035FF48B165
:104FB000002D04DD4FF4801343FA06F6B04428EACE
:104FC000090500273C4629462046BDE8F883332ED4
:104FD00006DDB6F5806F3AD019462046BDE8F88365
:104FE000A2F213424FF0FF3929FA02F919EA000F31
:104FF000F2D01FA3D3E900231DF0C8FA002200233A
:105000001DF00AFF0028DDD0002D09DD142E25D06B
:105010000123C6F1340603FA06F6371928BF98446F
:1050200027EA09074546CDE711A3D3E900231DF080
:10503000ADFA002200231DF0EFFE0028C2D0002DA3
:105040000FDB55EA040707D000270C4DBAE70246EC
:105050001DF09CFA0446C0E73D46B3E705F10108A0
:10506000DEE700274FF00045ACE700BFAFF300805C
:105070009C7500883CE4377EFFFF0F000000F03F86
:10508000C1F30A522DE9F843A2F2FF36132E0B4664
:105090000D460446884607461DDC002E3DDB384A97
:1050A00042FA06F901EA0902024319D032A3D3E910
:1050B00000231DF06BFA002200231DF0ADFED0B3DB
:1050C000002D04DA4FF4801343FA06F6B04428EAC0
:1050D000090500272FE0332E06DDB6F5806F2FD0AF
:1050E00019462046BDE8F883A2F213424FF0FF397B
:1050F00029FA02F919EA000FF2D01FA3D3E900231D
:105100001DF044FA002200231DF086FE98B1002D08
:1051100024DB27EA090745460DE017A3D3E900235E
:105120001DF034FA002200231DF076FE18B1002D88
:105130000BDB00273D463C4629462046BDE8F88368
:1051400002461DF023FA0446CBE725F000430D4A42
:105150001F43002F18BF15460027ECE7142E08D078
:105160000123C6F1340603FA06F6371928BF98441E
:10517000CFE705F10108CCE79C7500883CE4377E59
:10518000FFFF0F000000F0BF2DE9F04FD84B994210
:1051900087B00E46074643DDD64B99428A4600F358
:1051A000F680D54B994240F330810B15A3F2FF3BBB
:1051B00000220023CDE902230446D04BCAF3130A90
:1051C0009A454AF07F5500F3158145F44015204675
:1051D00029460022CA4B1DF0D7F9002204460D468D
:1051E000C84B1DF089FB22462B461DF085FB8046EF
:1051F000894627462E46CDE90089BAF1000F3AD1FB
:1052000000220023204629461DF0DEFD002800F084
:105210001D81BBF1000F40F0858100200146BAE0FE
:10522000B94B21F000449C420A460FDD0022B74BE7
:105230001DF0CAFD002800F0B180002200230020EC
:10524000B3491DF083FC07B0BDE8F08FB14B9C4221
:1052500040F3B180B04B1A449A4240F2D68000220B
:10526000A84B1DF049FB3A4633461DF045FBCDE9FE
:1052700000014FF0000B00224FF0804338463146CA
:105280001DF084F902460B46384631461DF05EFC9F
:1052900002460B46804689461DF02EFB80A3D3E9CB
:1052A000002304460D461DF027FB7FA3D3E900230E
:1052B0001DF06CF922462B461DF01EFB7CA3D3E9A2
:1052C00000231DF063F922462B461DF015FB7AA33F
:1052D000D3E900231DF05AF922462B461DF00CFBA2
:1052E00077A3D3E900231DF051F922462B461DF088
:1052F00003FB75A3D3E900231DF048F922462B4692
:105300001DF0FAFA72A3D3E900231DF03FF92246FB
:105310002B461DF0F1FADDE9004522462B461DF033
:1053200035F942464B461DF0E7FACDE90401BBF1E1
:10533000000F00F0A88058461DF074FA66A3D3E968
:105340000023804689461DF0D7FA65A3D3E90023E0
:1053500004460D46404649461DF0CEFADDE90223DB
:105360001DF014F9DDE904231DF010F902460B4687
:10537000DDE900011DF008F93A4633461DF004F955
:1053800002460B46204629461DF0FEF803E0024681
:105390000B461DF0FBF807B0BDE8F08F3A463346E8
:1053A000384631461DF0F0F802460B461DF0CEFBA4
:1053B00007B0BDE8F08F0022584B1DF0E7F800223F
:1053C00000231DF029FD10B1554B9C4262DD3A4689
:1053D0003346384631461DF08FFA0022494B1DF006
:1053E0008BFA02460B46384631461DF0CDF807B021
:1053F000BDE8F08F45F40015CAF5801A204629460D
:105400004FEAAA0A0BF1010BE3E63D4B3846314661
:1054100000221DF0BBF80B15A3F2FF3BBBF1000F00
:1054200004460D468A4640F3C3803A4633461DF093
:10543000ABF802460B46002031491DF0A5F8224684
:105440002B461DF083FBCDE90201B6E626A3D3E986
:105450000023204629461DF04FFA02460B46002045
:1054600027491DF091F842464B461DF045FA064685
:105470000F46BBF1000F73D102460B46204629466A
:105480001DF082F887E702460B46204629461DF0AC
:105490007BF8A6E7384631467DE700BFAFF30080D2
:1054A00044523EDF12F1C23F9FC678D0099AC33FF3
:1054B000DE03CB966446C73FAF788E1DC571CC3FE7
:1054C000599322942449D23F04FA97999999D93F44
:1054D000935555555555E53F0000E0FE422EE63FF9
:1054E000763C7935EF39EA3D555555555555E53FEB
:1054F0007982DA3FFFFFEF7FFFFF3F439DA0060069
:105500000000F03F0000E03FFFFFEF3F0000F0BF72
:10551000000050C3FFFF1F3E3C412D4000005043A0
:10552000FFFF8F3C58461DF07DF927A3D3E90023E8
:1055300006460F461DF0E0F9DDE902231DF026F8CE
:1055400023A3D3E9002304460D46304639461DF017
:10555000D3F902460B46204629461DF017F81AE7F4
:1055600058461DF05FF91AA3D3E9002382468B4603
:105570001DF0C2F914A3D3E90023804689465046A2
:1055800059461DF0B9F9DDE902231CF0FFFF024680
:105590000B46304639461CF0F7FF22462B461CF0DE
:1055A000F3FF02460B46404649461CF0EDFFF2E68B
:1055B0000022094B1CF0E8FF02460B4638463146F4
:1055C0001CF0E2FF3BE700BF763C7935EF39EA3D5E
:1055D0000000E0FE422EE63F0000F03F0000000029
:1055E00008B51EF0B9FA04A3D3E900231DF0AEFA02
:1055F00008BD00BFAFF30080EF39FAFE422EE63F50
:105600002DE9F043DFF8B4808BB004460D4600F07E
:1056100057FF98F90030013306460F462CD022463A
:105620002B46204629461DF001FC814620BB204622
:1056300029461DF021FF1CA3D3E900231DF0ECFB3C
:10564000D0B11B4A98F90030CDF820900321CDE964
:105650000445CDE90245CDE9001293B1154900207A
:10566000022BCDE9060111D120F00AFA22230360B2
:10567000089B9BB9DDE90667304639460BB0BDE8AB
:10568000F0830D4B4FF06042CDE90623684620F0D1
:10569000A7F80028E8D0089B002BEBD020F0F0F909
:1056A000089B0360E6E700BF7DF8B98FCE338640E4
:1056B000C48702000000F07FFFFFEF471E020020BA
:1056C0002DE9F043DFF8E4808BB004460D4600F08E
:1056D000A3FF98F90030013306460F4633D0204629
:1056E000294620F077F870B329A3D3E90023204698
:1056F00029461DF091FB814650BB27A3D3E9002327
:10570000204629461DF06AFBE8B198F90030244A8A
:10571000CDF82090042600200021022BCDE904457D
:10572000CDE90245CDE90062CDE9060129D0684600
:1057300020F056F828B3089B1BB120F0A1F9089B74
:105740000360DDE90667304639460BB0BDE8F083FB
:10575000134A98F90030019203210022CDE9044553
:10576000CDE90245009108922BB90E4B4FF06042F3
:10577000CDE90623DBE70C490020022BCDE9060129
:10578000D5D120F07DF922230360D4E7AFF3008068
:10579000EF39FAFE422E864051302DD5104987C090
:1057A000CC870200FFFFEF470000F07F1E020020C1
:1057B0002DE9F84FC44E21F00043B3420C46054694
:1057C0000DDD03F1404303F58013034340F0B9803E
:1057D000002940F3408100200021BDE8F88FBB4E36
:1057E000B34208DCBA4A934200F3B5809CA1D1E9E8
:1057F0000001BDE8F88F0029C0F2708102460B4617
:105800000020B4491CF0C0FE0022B34B1DF074F818
:1058100004460D461EF03AFF93A3D3E900238946C0
:105820008046294620461DF067F891A3D3E900235E
:105830001CF0ACFE22462B461DF05EF88EA3D3E989
:1058400000231CF0A1FE22462B461DF055F88CA328
:10585000D3E900231CF09AFE22462B461DF04CF89B
:1058600089A3D3E900231CF08FFE22462B461DF0AE
:1058700043F887A3D3E900231CF088FE22462B4679
:105880001DF03AF884A3D3E9002382468B462046D4
:1058900029461DF031F882A3D3E900231CF074FEE1
:1058A00022462B461DF028F87FA3D3E900231CF0E5
:1058B0006DFE22462B461DF01FF87DA3D3E9002381
:1058C0001CF062FE22462B461DF016F80022814B8A
:1058D0001CF05CFE02460B46504659461DF036F958
:1058E00042464B461DF008F8002682468B4632465B
:1058F0004B46304649461CF0FFFF02460B46204609
:1059000029461CF041FE324604460D464B464046B1
:1059100049461CF03BFE02460B46204629461DF038
:1059200015F902460B46504659461CF02FFE3246EA
:105930004B461CF02BFE02460B461CF027FEBDE832
:10594000F88F02460B461CF01FFE02460B461DF068
:10595000FDF8BDE8F88F02460B461CF0CDFF42A3D0
:10596000D3E9002306460F461CF0C6FF40A3D3E947
:1059700000231CF00BFE32463B461CF0BDFF3EA34D
:10598000D3E900231CF000FE32463B461CF0B4FF76
:105990003BA3D3E900231CF0F9FD32463B461CF043
:1059A000ABFF39A3D3E900231CF0EEFD32463B46A2
:1059B0001CF0A2FF36A3D3E900231CF0E7FD32461A
:1059C0003B461CF099FF34A3D3E900238046894667
:1059D000304639461CF090FF31A3D3E900231CF078
:1059E000D3FD32463B461CF087FF2FA3D3E90023AB
:1059F0001CF0CCFD32463B461CF07EFF2CA3D3E9C5
:105A000000231CF0C1FD32463B461CF075FF00220E
:105A1000304B1CF0BBFD02460B46404649461DF08C
:105A200095F82A4623461CF067FF02460B4622A142
:105A3000D1E900011CF0A8FD02460B46284621468C
:105A40001CF0A2FD02460B4605A1D1E900011CF0A5
:105A50009BFDBDE8F88F1AA1D1E9000179E700BFED
:105A6000182D4454FB21F93F09F7FD0DE13D023F9C
:105A700088B20175E0EF493F3B8F68B52882A43FAB
:105A80005544880E55C1C93F7D6FEB0312D6D43FF4
:105A9000555555555555C53F82922EB1C5B8B33FA2
:105AA00059018D1B6C06E63FC88A599CE52A0040C7
:105AB0004B2D8A1C273A0340075C143326A6913CE1
:105AC000182D4454FB210940FFFFEF3FFFFFDF3F4C
:105AD0000000603C0000F03F0000E03F00225C4B13
:105AE0001CF054FD00225B4B1CF006FF40A3D3E9E1
:105AF000002304460D461CF0FFFE3FA3D3E900231C
:105B00001CF044FD22462B461CF0F6FE3CA3D3E9D4
:105B100000231CF039FD22462B461CF0EDFE3AA373
:105B2000D3E900231CF032FD22462B461CF0E4FE94
:105B300037A3D3E900231CF027FD22462B461CF097
:105B4000DBFE35A3D3E900231CF020FD22462B46C3
:105B50001CF0D2FE80468946204629461EF096FD5E
:105B60002FA3D3E9002306460F46204629461CF002
:105B7000C3FE2DA3D3E900231CF006FD22462B46CD
:105B80001CF0BAFE2AA3D3E900231CF0FFFC224636
:105B90002B461CF0B1FE28A3D3E900231CF0F4FC33
:105BA00022462B461CF0A8FE0022294B1CF0EEFCDE
:105BB00002460B46404649461CF0C8FF32463B466B
:105BC0001CF09AFE1EA3D3E900231CF0DDFC324634
:105BD0003B461CF0DBFC02460B461CF0D7FC0246A1
:105BE0000B4619A1D1E900011CF0CEFCB1E600BFC3
:105BF00009F7FD0DE13D023F88B20175E0EF493F35
:105C00003B8F68B52882A43F5544880E55C1C93FD3
:105C10007D6FEB0312D6D43F555555555555C53FAD
:105C200082922EB1C5B8B33F59018D1B6C06E63F79
:105C3000C88A599CE52A00404B2D8A1C273A03400C
:105C4000075C143326A6913C182D4454FB210940CF
:105C50000000F03F0000E03F414A91422DE9F84347
:105C60000C46054637DD3F4A914209DD02F1795283
:105C700091423EDD02460B461CF088FCBDE8F883ED
:105C800001F1404202F5801202432ED0B1F1804F63
:105C900037DC0022344B1CF077FC02460B460446EE
:105CA0000D461CF073FC224606460F462B46204646
:105CB00029461CF021FE02460B46304639461CF0B0
:105CC00065FC1EF0E3FC22462B461CF05FFCBDE8A1
:105CD000F843FFF759BA02460B461CF055FC024642
:105CE0000B461CF033FFBDE8F88300200021BDE81F
:105CF000F88300F019FE18A3D3E900231CF046FC3A
:105D0000F1E702460B461CF0F7FD0022164B1CF093
:105D10003BFC1EF0BBFC2A468046894623462846AB
:105D200021461CF033FC2A4606460F4623464046D1
:105D300049461CF02BFC02460B4600200A491CF089
:105D400005FF0B460246394630461CF01DFCBDE8F7
:105D5000F84300F0E9BD00BFEF39FAFE422EE63FFE
:105D6000FFFFEF3FFFFFAF410000F03F00000000EA
:105D70002DE9F04FB24B21F000479F4287B00D460E
:105D8000044615DD07F1404707F5801703463B43FE
:105D900026D002460B461CF0F7FB0B4602461CF0D1
:105DA000D5FE04460B462046194607B0BDE8F08FE5
:105DB000A44B9F420E462EDCB7F1795F80F24A81F8
:105DC00083A3D3E900231CF0E1FB00229E4B1DF0CE
:105DD00023F800B32B462046194607B0BDE8F08FE4
:105DE0007DA3D3E900231CF087FD7DA3D3E9002325
:105DF00006460F46204629461CF07EFD02460B460D
:105E0000304639461CF0C2FB04460B462046194674
:105E100007B0BDE8F08F204629461DF02DFB024655
:105E20000B46002088491CF0AFFB0022874B1CF07A
:105E300063FD6DA3D3E9002304460D461CF05CFD11
:105E40006BA3D3E900231CF0A1FB22462B461CF0D8
:105E500053FD69A3D3E900231CF096FB22462B4691
:105E60001CF04AFD66A3D3E900231CF08FFB2246F9
:105E70002B461CF041FD64A3D3E900231CF084FBF6
:105E800022462B461CF038FD61A3D3E900231CF009
:105E90007DFB22462B461CF02FFD5FA3D3E9002398
:105EA000CDE90001204629461CF026FD5CA3D3E97C
:105EB00000231CF069FB22462B461CF01DFD5AA353
:105EC000D3E900231CF062FB22462B461CF014FD94
:105ED00057A3D3E900231CF057FB22462B461CF0A6
:105EE0000BFD594B00221CF051FB82468B4620468D
:105EF0002946CDE902AB1EF0C9FB554B9F428046B7
:105F0000894600F31C8102460B461CF03FFBDDE98D
:105F10000223CDE90401DDE900011CF017FE024671
:105F20000B46DDE904011CF0E7FC4FF0000ACDE967
:105F3000000152464B46504649461CF0DDFC0246E5
:105F40000B46204629461CF01FFB524604460D46D0
:105F50004B46404649461CF019FB02460B4620467C
:105F600029461CF0F3FD02460B461CF00FFB0246CF
:105F70000B461BA1D1E900011CF006FB02460B46B3
:105F8000DDE900011CF000FB524604460D464B467D
:105F9000504649461CF0FAFA02460B4626A1D1E9C2
:105FA00000011CF0F1FA02460B46204629461CF07F
:105FB000EBFA0B46024620A1D1E900011CF0E4FAFD
:105FC00004460B46002E3FF7EEAE03F10043EAE62F
:105FD0009C7500883CE4377E182D4454FB21F93F22
:105FE000075C143326A6913C09F7FD0DE13D023F05
:105FF00088B20175E0EF493F3B8F68B52882A43F26
:106000005544880E55C1C93F7D6FEB0312D6D43F6E
:10601000555555555555C53F82922EB1C5B8B33F1C
:1060200059018D1B6C06E63FC88A599CE52A004041
:106030004B2D8A1C273A0340182D4454FB21E93F7D
:10604000FFFFEF3FFFFFDF3F0000F03F0000E03FBA
:106050003233EF3F02460B461CF04EFC48A3D3E917
:10606000002306460F461CF047FC47A3D3E9002354
:106070001CF08CFA32463B461CF03EFC44A3D3E9AC
:1060800000231CF081FA32463B461CF035FC42A34B
:10609000D3E900231CF07AFA32463B461CF02CFC74
:1060A0003FA3D3E900231CF06FFA32463B461CF0B5
:1060B00023FC3DA3D3E900231CF068FA32463B469B
:1060C0001CF01AFC3AA3D3E90023804689463046E7
:1060D00039461CF011FC38A3D3E900231CF054FA14
:1060E00032463B461CF008FC35A3D3E900231CF0E4
:1060F0004DFA32463B461CF0FFFB33A3D3E90023A5
:106100001CF042FA32463B461CF0F6FB0022344BB0
:106110001CF03CFA02460B46404649461CF016FD70
:1061200022462B461CF0E8FB22462B461CF02EFA9A
:1061300004460B462046194607B0BDE8F08F52468C
:106140005B46DDE900011CF001FD42464B461CF0B8
:10615000D3FB42464B461CF019FA02460B461CF094
:1061600015FA1BA3D3E900231CF00EFA0B460246D6
:1061700019A1D1E900011CF007FA04460B4621E7FA
:1061800009F7FD0DE13D023F88B20175E0EF493F9F
:106190003B8F68B52882A43F5544880E55C1C93F3E
:1061A0007D6FEB0312D6D43F555555555555C53F18
:1061B00082922EB1C5B8B33F59018D1B6C06E63FE4
:1061C000C88A599CE52A00404B2D8A1C273A034077
:1061D000075C143326A6913C182D4454FB21F93F4B
:1061E0000000F03F000000002DE9F84F5442144336
:1061F00023F00048684E48EAD474B44284460F46FF
:106200001FD84442044321F0004A4AEAD474B442FD
:106210008B4616D803F1404404F5801414439E467F
:106220003DD09C1704F0020444EAD1745AEA0001FC
:106230000FD1022C50D0032C3CD145A1D1E9000153
:1062400005E01046194662463B461CF09FF9BDE842
:10625000F88F58EA020126D0B0452DD0B24522D0A1
:10626000AAEB08084FEA2858B8F13C0F38DC002B9D
:106270003ADA18F13C0F37DA00200021012C49D01E
:10628000022C3AD0002CE2D033A3D3E900231CF037
:106290007BF933A3D3E900231CF076F9D7E7BDE8F7
:1062A000F84FFEF7D5BCBBF1000F11DB2EA1D1E9F1
:1062B0000001CCE73946CAE7C2452FD0022C0BD0EB
:1062C000032CBAD0012C4FF0000031D00021BEE7E2
:1062D00027A1D1E90001BAE721A1D1E90001B6E780
:1062E00021A1D1E90001C9E7604639461CF02EFC26
:1062F0001DF0C2F8FEF7ACFCC0E717A3D3E90023FA
:106300001CF042F902460B4615A1D1E900011CF030
:106310003BF99CE701F10043194698E7022C12D0A3
:10632000032C0CD0012C06D013A1D1E900018EE77B
:106330004FF000418BE712A1D1E9000187E712A1DC
:10634000D1E9000183E712A1D1E900017FE700BF95
:10635000182D4454FB2109C0075C143326A6A13C28
:10636000182D4454FB210940182D4454FB21F93FBA
:10637000182D4454FB21F9BF182D4454FB21E93F4B
:10638000182D4454FB21E9BFD221337F7CD902C0B0
:10639000D221337F7CD902400000F07F0000000052
:1063A00043422DE9F047034321F00048404A48EAC0
:1063B000D37393420F462ED890454AD03D4B984513
:1063C0008A4636DD3C4B9845044645464CDD024640
:1063D000434641461CF0DAF8224606460F4643463D
:1063E000002033491CF0D0F802460B4630463946AF
:1063F0001CF0ACFBFEF7C8FE304B00221CF07CFA10
:10640000BAF1000F04460B460FDA01F100432046B3
:106410001946BDE8F08702460B461CF0B5F80B465E
:1064200002461CF093FB04460B4620461946BDE885
:10643000F0871DA3D3E9002304461CF0A7F800222F
:1064400000231CF0E9FC70B13B4620461946BDE82C
:10645000F087002200231CF079FB04460B462046FF
:106460001946BDE8F087454622462B462046294678
:106470001CF08CF822462B4606460F461CF03CFAD0
:106480002246804689462B46002009491CF07CF8AC
:1064900002460B46404649461CF058FB32463B46F6
:1064A0001CF074F8A6E700BF9C7500883CE4377EBA
:1064B0000000F03FFFFF2F3EFFFFDF3F0000E03F07
:1064C0004D4A2DE9F84321F0004494420B4606461C
:1064D0001BDC4A4A944224DD494A944256DD494A2B
:1064E000944248DD484A944271DD013294426BD0B7
:1064F0003FA3D3E90023104619461CF0FDF90646D8
:106500000F4630463946BDE8F88304460D4622461C
:106510002B461CF0F1F906460F4630463946BDE8D9
:10652000F8831CF0A9FF02F06FFC0022374B804675
:1065300089461CF02BF8B4F1725F06460F46ECDB7F
:1065400042464B46404649461CF0D6F932463B4649
:1065500004460D46304639461CF018F802460B46F4
:10656000204629461CF0F2FA0022284B1CF00EF8B7
:1065700006460F46D1E71CF07FFF00F04DF80022E1
:10658000234B1CF0B9F906460F46C6E71CF074FF12
:1065900000F042F800221E4B06460F461CF0ACF9F4
:1065A000324604460D463B46002019491CF0CEFAFF
:1065B00002460B46204629461BF0E8FF06460F46DA
:1065C00030463946BDE8F883124A904290D83046AA
:1065D00019461CF051FF00220D4B1CF08DF900F004
:1065E0001BF800220A4B04460D461CF085F98EE785
:1065F0009C7500883CE4377EFFFFEF7F422ED63F3C
:10660000FFFF3540412E8640CD3386400000F03FED
:106610000000E03F7DF8B98F2DE9F047B84F21F039
:106620000042BA4284B00C464FEAD176054612D9F0
:10663000B44FBA4240F28E80C1F3130303430246C3
:1066400040F0F780002E00F0818000252946284682
:1066500004B0BDE8F087AC4B9A4200F2B880AB4B77
:106660009A4240F2D3804FF0000A2A462346284639
:1066700021461CF041F98CA3D3E9002306460F46BE
:106680001CF03AF98AA3D3E900231BF07DFF3246C0
:106690003B461CF031F988A3D3E900231BF076FFB9
:1066A00032463B461CF028F985A3D3E900231BF0B2
:1066B0006BFF32463B461CF01FF983A3D3E900234E
:1066C0001BF064FF32463B461CF016F902460B46AF
:1066D000284621461BF058FF02460B4606460F4649
:1066E000284621461CF008F980468946BAF1000F79
:1066F00000F0B38032463B4600204FF080411BF053
:1067000043FF02460B46404649461CF01FFA02462C
:106710000B46DDE902011BF037FFDDE900231BF02A
:1067200033FF0B4602467A4900201BF02DFF6FF421
:106730007F739A4580F2AD800AF57A7A01EB0A51AF
:1067400000224FF0B8731CF0D7F80546284604B075
:10675000BDE8F0875EA3D3E900231CF05DFB0028B1
:106760006FD1284621465CA3D3E900231CF036FBF9
:1067700000287FF46AAF674B284603EBC606214624
:1067800057A3D3E900231CF0B7F8D6E900231BF088
:10679000FDFE1CF061FB82461CF044F852A3D3E9D5
:1067A000002306460F461CF0A7F802460B46284673
:1067B00021461BF0E9FE4EA3D3E90023CDE90001F9
:1067C000304639461CF098F8CDE9020115E0524BED
:1067D0009A42D0D8514BF4002344D3E900231BF054
:1067E000D3FE4F4B2344D3E90034CDE90001CDE97A
:1067F0000234C6F1010AAAEB060ADDE90223DDE94B
:1068000000011BF0C1FE05460C462EE73AA3D3E972
:1068100000231BF0BBFE00223D4B1CF0FDFA0028BC
:106820003ED0284621460022394B1BF0AFFE0546DC
:106830008CE70B461BF0AAFE0546284604B0BDE8CF
:10684000F0872DA3D3E90023104619461CF054F815
:106850000546284604B0BDE8F08730463946002298
:106860004FF080431BF090FE02460B4640464946DF
:106870001CF06CF92A4623461BF086FE02460B46A6
:10688000002023491BF080FE0546284604B0BDE8E1
:10689000F087054601EB0A51284604B0BDE8F087B1
:1068A0008246E2E6AFF30080D0A4BE726937663E4E
:1068B000F16BD2C541BDBB3E2CDE25AF6A56113F00
:1068C00093BDBE166CC1663F3E5555555555C53FE7
:1068D000EF39FAFE422E864051302DD5104987C03F
:1068E000FE822B654715F73F0000E0FE422EE63F93
:1068F000763C7935EF39EA3D9C7500883CE4377E7B
:10690000412E8640FFFFEF7F422ED63FFFFF2F3EF6
:106910000000F03F786C0200B1A2F03F886C0200EA
:10692000986C0200000000002DE9F04FB1F5801FC7
:1069300085B006460F460B4680F2D08021F000421B
:10694000024300F0DA800029C0F2E9800022D64B31
:106950001BF0D2FFD54A0B46934206460F466FF016
:10696000350E00F3C180C3F3130505F5152C0CF6A5
:10697000647C0CF4801C8CF07F5282F440121C1555
:1069800042EA0507A4F2FF3474440022C84B3046A3
:10699000394604EB1C541BF0F7FDAB1CC3F3130387
:1069A000022B82468B464FF0000240F3AF804FF03F
:1069B00080431BF0EBFD02460B46504659461CF047
:1069C000C5F8064620460F461BF02CFF3246CDE99F
:1069D00002013B4630463946CDE900671BF08CFF8B
:1069E00002460B46804689461BF086FF9AA3D3E9F0
:1069F000002306460F461BF07FFF99A3D3E900232F
:106A00001BF0C4FD32463B461BF076FF96A3D3E94C
:106A100000231BF0BBFD32463B461BF06DFF94A3E9
:106A2000D3E900231BF0B2FD42464B461BF064FF46
:106A300091A3D3E9002380468946304639461BF0AE
:106A40005BFF8FA3D3E900231BF0A0FD32463B463A
:106A50001BF052FF8CA3D3E900231BF097FD3246B5
:106A60003B461BF049FF0B460246494640461BF099
:106A70008DFDA5F5C223C5F5D725A3F27A4351357F
:106A80001D43002D06460F4640F387800022894BA8
:106A9000504659461BF030FF52465B461BF02CFF18
:106AA00002460B4680468946304639461BF06EFD4D
:106AB000DDE900231BF020FF06460F46002C40F0C6
:106AC000818002460B46404649461BF05DFD02466A
:106AD0000B46504659461BF057FD0BE0734A934254
:106AE0004FF0000E7FF73FAF32463B463046394607
:106AF0001BF04CFD05B0BDE8F08F00220023002004
:106B00006D491CF023F805B0BDE8F08F00231CF0A0
:106B10005BF960B1002C7CD100200021EAE702463D
:106B20001BF032FD002200231CF010F8E2E758A30E
:106B3000D3E90023504659461BF0DEFE02460B46C1
:106B400000205C491BF020FD524606460F465B467E
:106B5000504659461BF0D0FE02460B463046394699
:106B60001BF0CAFE06460F462CB320461BF05AFE09
:106B700049A3D3E90023804689461BF0BDFE48A304
:106B8000D3E9002304460D46404649461BF0B4FEB7
:106B900002460B46304639462CE002460B4650462C
:106BA00059461BF0F1FCDDE900231BF0A5FE06466B
:106BB0000F46002C47D132463B46504659461BF003
:106BC000E3FC97E734A3D3E90023DDE902011BF0DE
:106BD00093FE33A3D3E9002304460D46DDE9020109
:106BE0001BF08AFE32463B461BF0D0FC02460B46A9
:106BF000404649461BF0C8FC52465B461BF0C4FCAD
:106C000002460B46204629461BF0BEFC05B0BDE8F7
:106C1000F08F20461BF006FE1FA3D3E90023064693
:106C20000F461BF069FE1EA3D3E9002304460D4660
:106C3000304639461BF060FE02460B462046294688
:106C40001BF0A4FC56E7DDE9028913A3D3E9002376
:106C50004046494691E700BF44523EDF12F1C23F31
:106C6000DE03CB966446C73F599322942449D23F12
:106C7000935555555555E53F9FC678D0099AC33F62
:106C8000AF788E1DC571CC3F04FA97999999D93F79
:106C9000555555555555D53F0000E0FE422EE63F6F
:106CA000763C7935EF39EA3D00005043FFFFEF7F36
:106CB0000000F03F0000E03F000050C30000000073
:106CC000B1F5801F2DE9F84304460D460B4619DA4D
:106CD00021F00042024359D000295FDB00223A4BE9
:106CE0001BF00AFE394A0B4693420D4604466FF0EC
:106CF00035010CDD22462B46204629461BF046FC7A
:106D0000BDE8F883314A93424FF00001F2DC1815D8
:106D1000A0F2FF3008444FEAD0794844C3F3130887
:106D20001BF080FDC9F57F73033348EA035506461F
:106D30000F4620462946FFF7F7FD1DA3D3E90023A0
:106D400080468946304639461BF0D6FD1AA3D3E962
:106D5000002304460D46404649461BF0CDFD024641
:106D60000B46204629461BF011FC15A3D3E900234E
:106D700004460D46304639461BF0BEFD02460B4622
:106D8000204629461BF002FCBDE8F88300220023C0
:106D900000200F491BF0DAFEBDE8F88302461BF025
:106DA000F3FB002200231BF0D1FEA9E7AFF3008024
:106DB000362BF111F3FE593D0EE526157BCBDB3F5B
:106DC00000609F501344D33F00005043FFFFEF7F0C
:106DD000000050C3000000002DE9F04F23F00045F3
:106DE00055EA020493B00DD0794E21F00044B4422C
:106DF0000F4682460FDD04F1404404F5801454EA46
:106E00000A035BD1734C0023CDE90034DDE90001B6
:106E100013B0BDE8F08F984694464ED0B542EADCF8
:106E20006B4EB54266D0002F8B468146CDE90223DA
:106E300064DB0026BCF1000F0ED1654B9D4246D0AD
:106E4000644B9D4200F09780B8F1804F00F0B28013
:106E5000614B984500F0CC83484659461CF00CFB2A
:106E6000CDE90001BAF1000F06D1002C60D0594BDA
:106E700027F040429A425BD0FF0F013F56EA0703DA
:106E800000F08280554B9D4240F3B08003F10473C3
:106E90009D4240F34184524B9C4240F38280B8F1C2
:106EA000000F40F3828048A3D3E90023104619461F
:106EB0001BF022FDCDE90001A8E728B1494813B035
:106EC000BDE8F04F1EF08EBCA542F7DCA8E704F148
:106ED000404303F5801353EA0A0393D0404B9C428E
:106EE00040F39083B8F1000F5FDBDDE90234CDE9B8
:106EF00000348BE7BCF1000F95D07CE73A4B9D4204
:106F000037DCA3F154739D4293DD2B15A3F2FF33BD
:106F1000142B40F3E983C3F134032CFA03F202FA91
:106F200003F3634585D102F00102C2F1020681E755
:106F3000B8F1000F07DADDE90023002025491BF036
:106F400005FECDE90001002FBFF660AF04F140441B
:106F500004F5801454EA060300F03C84012E7FF40B
:106F600055AFDDE90045224605F10043CDE9002398
:106F70004CE702265EE7B8F1000FC0F24F834846A7
:106F80005946CDE9000141E74A4648465B46594625
:106F90001BF0FAFA02460B461BF0D8FDCDE90001C2
:106FA00034E7B8F1000FFFF67EAF00230024CDE9EF
:106FB00000342BE74A4648465B4659461BF09CFC8A
:106FC000CDE9000122E700BF9C7500883CE4377ED4
:106FD0000000F07F0000F03F0000E03F0000E041D3
:106FE000FFFFEF3FA8750200FFFF3F43B4F5801F8E
:106FF00080F28F83DDE900010022CF4B1BF07CFC87
:10700000CDE900010C466FF0340C2315CB4DC4F3D1
:107010001302A3F2FF3342F07F5403EB0C01AA42A8
:107020000B9144F4401440F36F83C54B9A4240F3F4
:10703000F38300220023CDE9082301310B91A4F54D
:107040008014CDE91023BF4B0022CDE90623002593
:10705000DDE90001DDE90623214682461BF094FAB2
:10706000A346DDE906238046894650462146CDE900
:107070000CAB1BF08BFA02460B460020B1491BF00B
:1070800065FD0A460146CDE90E1213464946024601
:1070900040461BF031FC631043F0005382468B46A0
:1070A00003F500238C46CDE904AB5919D3460023E0
:1070B000CDE900BC0093DDE900AB002004460D469D
:1070C00002460B46504659461BF016FC02460B463C
:1070D000404649461BF058FADDE9062380468946BA
:1070E000204629461BF050FA02460B46DDE90C010A
:1070F0001BF04AFA52465B461BF0FEFB02460B466B
:10710000404649461BF040FADDE90E231BF0F4FB34
:10711000DDE90445CDE9060122462B4620462946F5
:107120001BF0EAFB72A3D3E9002304460D461BF0D3
:10713000E3FB71A3D3E900231BF028FA22462B4678
:107140001BF0DAFB6EA3D3E900231BF01FFA2246E3
:107150002B461BF0D1FB6CA3D3E900231BF016FADE
:1071600022462B461BF0C8FB69A3D3E900231BF082
:107170000DFA22462B461BF0BFFB67A3D3E9002381
:107180001BF004FA2246804689462B4620462946B3
:107190001BF0B2FB02460B46404649461BF0ACFBD7
:1071A000524604460D465B46DDE904011BF0EEF94C
:1071B000DDE906231BF0A0FB22462B461BF0E6F977
:1071C0005246804689465B46504659461BF094FB22
:1071D00000225D4BCDE90C011BF0D8F942464B462D
:1071E0001BF0D4F900980D46044622462B46504623
:1071F00059461BF081FB002282468B46524B2046AB
:1072000029461BF0C1F9DDE90C231BF0BDF902464C
:107210000B46404649461BF0B7F9DDE904231BF055
:107220006BFB2246804689462B46DDE906011BF0B2
:1072300063FB02460B46404649461BF0A7F98046D1
:10724000894602460B46504659461BF09FF9009866
:1072500033A3D3E9002304460D461BF04DFB5246F1
:10726000CDE904015B46204629461BF08DF9024614
:107270000B46404649461BF087F92BA3D3E9002370
:107280001BF03AFB2AA3D3E9002380468946204617
:1072900029461BF031FB02460B46404649461BF08F
:1072A00075F9DDE910231BF071F980460B988946CA
:1072B0001BF0B8FA424682468B464B46DDE9040194
:1072C0001BF064F9DDE908231BF060F952465B46C8
:1072D0001BF05CF9009852465B4604460D461BF0D5
:1072E00053F9DDE908231BF04FF9DDE904232DE014
:1072F000EF4E454A287ECA3F65DBC9934A86CD3F9B
:1073000001411DA96074D13F4D268F515555D53F80
:10731000FFAB6FDBB66DDB3F033333333333E33F18
:10732000000000E009C7EE3FFD033ADC09C7EE3F6D
:10733000F5015B14E02F3EBE000040438E98030031
:1073400079B60B000000F03F000008401BF01CF96C
:107350000B460246494640461BF016F9013E56EAE6
:10736000070382468B46DDE9020114BFD84BD94B97
:107370000022CDE9042302460B46CDE90023002379
:107380000093DDE9006732463B461BF0FDF82246DC
:107390002B461BF0B1FADDE90223804689465046B0
:1073A00059461BF0A9FA02460B46404649461BF0D7
:1073B000EDF83246804689463B4620462946CDE9CF
:1073C00002891BF099FA0B46024606460F464046D4
:1073D00049461BF0DBF8C04B994204460D468A46ED
:1073E00040F3268101F13F4303F5E003034340F0FE
:1073F000F781A3A3D3E90023DDE902011BF0C6F85E
:107400003246804689463B46204629461BF0BCF85A
:1074100002460B46404649461BF0FEFC002840F061
:10742000DF81A8464FEA2853A3F2FE324FF48013BF
:1074300013415344C3F30A52A84DA2F2FF3215413F
:10744000C3F3130423EA05010020C2F1140B44F432
:107450008014BAF1000F02460B4644FA0BFB30468B
:107460003946B8BFCBF1000B1BF08EF802460B4635
:1074700006460F46DDE902011BF088F84FEA0B5A79
:107480000D46002480A3D3E90023204629461BF0A3
:1074900033FA3246804689463B46204629461BF051
:1074A00073F802460B46DDE902011BF06DF878A384
:1074B000D3E900231BF020FA77A3D3E90023064683
:1074C0000F46204629461BF017FA02460B46304667
:1074D00039461BF05BF806460F4602460B4640460F
:1074E00049461BF053F842464B4604460D461BF0F6
:1074F0004BF802460B46304639461BF045F822460B
:10750000804689462B46204629461BF0F5F964A3A0
:10751000D3E9002306460F461BF0EEF962A3D3E938
:1075200000231BF031F832463B461BF0E5F960A31F
:10753000D3E900231BF02AF832463B461BF0DCF966
:107540005DA3D3E900231BF01FF832463B461BF036
:10755000D3F95BA3D3E900231BF018F832463B466E
:107560001BF0CAF902460B46204629461BF00CF8D0
:1075700006460F4602460B46204629461BF0BCF93C
:107580000022CDE900014FF08043304639461AF021
:10759000FBFF02460B46DDE900011BF0D7FA42462D
:1075A00006460F464B46204629461BF0A5F94246A3
:1075B0004B461AF0EBFF02460B46304639461AF0AE
:1075C000E3FF22462B461AF0DFFF02460B4600205F
:1075D0003F491AF0D9FF8A44BAF5801FC0F22D81C5
:1075E0005146DDE904231BF087F9CDE900010DE4E4
:1075F000002FFFF631AC4846594613B0BDE8F04FB6
:107600001DF044B8B8F1000FBFF6CFACDDE902348D
:10761000009304F100430193FFF7F8BB4A465B4631
:1076200000202B491BF092FACDE90001FFF7EEBBD9
:107630002B4B21F00048984540F3E280294B0B4446
:1076400003430AD132463B461AF09EFFDDE902238E
:107650001BF0D8FB00283FF4E5AE1BA3D3E90023C1
:10766000DDE904011BF048F917A3D3E900231BF05F
:1076700043F9CDE90001FFF7C9BB00BFAFF30080BC
:10768000FE822B654715973C00000000432EE63F25
:10769000EF39FAFE422EE63F396CA80C615C20BE41
:1076A000D0A4BE726937663EF16BD2C541BDBB3E08
:1076B0002CDE25AF6A56113F93BDBE166CC1663FE6
:1076C0003E5555555555C53F59F3F8C21F6EA50196
:1076D0000000F03F0000F0BFFFFF8F40FFFF0F00F2
:1076E000FFCB904000346F3FBCF1000F40F0918021
:1076F000C3F1140345FA03F202FA03F3AB4200F0BC
:10770000A0806646FFF79CBB00220023CDE908233A
:1077100097E44FF0000C78E45B4B9C427FF741AC60
:107720005A4B9C423FF7BBABDDE900010022574BAF
:107730001AF02AFF46A3D3E9002304460D461BF0A6
:10774000DBF845A3D3E9002382468B462046294631
:107750001BF0D2F80022CDE900014D4B204629460E
:107760001BF0CAF802460B463DA1D1E900011AF010
:107770000BFF22462B461BF0BFF802460B460020AB
:1077800044491AF001FF2246804689462B4620468E
:1077900029461BF0B1F802460B46404649461BF00D
:1077A000ABF831A3D3E900231BF0A6F802460B4641
:1077B000DDE900011AF0E8FE02460B4680468946E4
:1077C000504659461AF0E2FE002004460D46524645
:1077D0005B46BBE5DDE9002310461946FFF7D8BB41
:1077E00023A3D3E90023DDE904011BF085F820A3DE
:1077F000D3E900231BF080F8CDE90001FFF706BBB9
:10780000244B98453FF70EAEDDE9002392469346A0
:1078100037E60026FFF720BB17A3D3E90023CDE905
:10782000082317A3D3E90023CDE910231A4B002224
:107830004FF48025CDE906230AE45A4601F02CFDD9
:10784000CFE602F00102C2F10206FFF7F9BA00BF6B
:10785000000000604715F73F44DF5DF80BAE543E73
:10786000555555555555D53FFE822B654715F73F64
:107870009C7500883CE4377E0000004003B8E23F7E
:1078800006D0CF43EBFD4C3EFEFFEF3F0000F03F44
:107890000000D03F0000E03F0000F83F0000000083
:1078A0002DE9F04FC84E21F00047B7428FB00B468C
:1078B00040F38F809246C54A97420C4626DC002949
:1078C000B7A3D3E9002340F38F801AF05DFEC04BCD
:1078D0009F4204460D4600F04681B3A3D3E900233E
:1078E0001AF052FE02460B46CAE9002320462946FA
:1078F0001AF04AFEACA3D3E900231AF045FE012595
:10790000CAE9020128460FB0BDE8F08FB14A97429C
:1079100040F38980B04A974200F31C813D15A5F2DF
:107920001645A7EB055319461F4606461BF094FA69
:107930001AF078FF8046894602460B4630463946A3
:10794000CDE908891AF020FE0022A44B1AF0D4FFDA
:10795000894680461BF080FA1AF064FF02460B4607
:1079600006460F4640464946CDE90A671AF00CFE26
:1079700000229A4B1AF0C0FF00220023CDE90C012F
:107980001BF022FA002800F05D81002330463946C2
:1079900000221BF019FA002814BF01230223904A89
:1079A000019202212A46009108A8514600F080FB6E
:1079B000002C054614DADAF80420DAF80C3002F16B
:1079C000004203F100434542CAF80420CAF80C30D3
:1079D00006E0C2E9000100250024C2E902450025B5
:1079E00028460FB0BDE8F08F1AF0D0FD784B9F42CB
:1079F00004460D4600F008816BA3D3E900231AF07A
:107A0000C5FD02460B46CAE90023294620461AF066
:107A1000BBFD65A3D3E900231AF0B8FD4FF0FF3595
:107A2000CAE90201DCE71BF027FD61A3D3E90023CB
:107A3000804689461AF060FF00226A4B1AF0A6FDC4
:107A40001BF00AFA05461AF0EDFE55A3D3E9002310
:107A5000CDE904011AF050FF02460B464046494664
:107A60001AF092FD50A3D3E90023CDE90201DDE92C
:107A700004011AF041FF1F2D8046894602460B463D
:107A8000DDE9020140F3B0801AF07EFD83460E4628
:107A90003F15C6F30A53FB1A102B40F3B08046A3E0
:107AA000D3E90023DDE904011AF026FF8046894668
:107AB00002460B46DDE902011AF066FD02460B465E
:107AC000DDE90201CDE906231AF05EFD42464B4690
:107AD0001AF05AFD3AA3D3E9002380468946DDE92E
:107AE00004011AF009FF42464B461AF04DFD0B46C1
:107AF000024680468946DDE906011AF045FDC1F3DC
:107B00000A53FF1A312F83460E4600F39D8002462A
:107B10000B46CAE90023DDE90623CDE902235A46D4
:107B20003346DDE902011AF02FFD42464B461AF0BA
:107B30002BFD002C02460B46CAE90223BFF650AFCC
:107B400006F1004601F10041CAE900B6CAE90201A6
:107B50006D4245E702461AF017FD0025CAE9020109
:107B6000CAE900013CE714A3D3E900231AF00CFD95
:107B700013A3D3E900230D4604461AF005FD02467F
:107B80000B46CAE90023294620461AF0FDFC0CA347
:107B9000D3E900231AF0F8FC0125CAE902011FE726
:107BA00000004054FB21F93F3163621A61B4D03DBB
:107BB00083C8C96D305FE43F0000601A61B4D03DF6
:107BC0007370032E8A19A33BFB21E93F7BD9024046
:107BD000FB21F93FFB213941FFFFEF7F000070419E
:107BE000908802000000E03F1AF0CEFC3A4B6A1E7B
:107BF000834653F82230BB420E463FF449AF5A4603
:107C00003346CAE900238AE72BA3D3E900231AF0FD
:107C1000BDFC2BA3D3E900230D4604461AF0B6FCA5
:107C200002460B46CAE90023294620461AF0ACFC5E
:107C300023A3D3E900231AF0A9FC4FF0FF35CAE9CA
:107C40000201CDE60323AAE61FA3D3E90023DDE961
:107C500004011AF051FEDDE9068906460F46024688
:107C60000B46404649461AF08FFC02460B464046FA
:107C70004946CDE902231AF087FC32463B461AF00A
:107C800083FC13A3D3E9002306460F46DDE9040174
:107C90001AF032FE32463B461AF076FC02460B469C
:107CA00080468946DDE902011AF06EFC83460E46E5
:107CB000A5E700BFAFF300800000601A61B4D03DBB
:107CC0007370032E8A19A33B0000002E8A19A33B70
:107CD000C14920259A837B391088020000000000EA
:107CE000574A2DE9F84F21F0004890450E460746C7
:107CF0002CDC544B0029B4BF534D544D98454FF0E4
:107D0000000411DC524B984526DC4BA3D3E9002339
:107D10001AF03CFC00224F4B1BF07EF8002840D0AC
:107D200038463146BDE8F88F4B4B984530DD4B4B1C
:107D3000984568DD0133984562D0384631463EA308
:107D4000D3E900231AF0D8FDBDE8F88F02460B46B0
:107D50001AF01CFCBDE8F88F1BF08EFB01F054F804
:107D60003F4B984506460F4623DD0022394B1AF05B
:107D70000DFC02460B46304639461AF0E7FE324605
:107D80003B461AF003FC22462B461AF0B5FDE1E70C
:107D90001BF072FBFEF740FC22462B461AF0ACFDAE
:107DA000D8E7384631461BF067FB01F02DF8064650
:107DB0000F4632463B46304639461AF0E7FB32461C
:107DC00082468B463B46304639461AF095FD0022E6
:107DD000804689461F4B304639461AF0D7FB02468B
:107DE0000B46404649461AF0B1FE02460B46504645
:107DF00059461AF0C9FB22462B461AF07DFDA9E729
:107E0000184B984299D8384631461BF035FB002272
:107E10000E4B1AF071FDFEF7FFFB06460F460246B9
:107E20000B46204629461AF067FD32463B461AF0BB
:107E300063FD8FE7AFF300803374AC3C1F7BAC7FF6
:107E4000FFFFEF7FFFFF35400000E0BF0000E03F95
:107E5000FFFF2F3E0000F03F412E8640CD3386408D
:107E6000FFFFEF3F7DF8B98F2DE9F04F21F000467D
:107E7000B6F1795F85B00C4692469B4605466BDAB3
:107E80001AF0EAFF002800F0E2802A46234628463E
:107E900021461AF031FD74A3D3E9002380468946B8
:107EA0001AF02AFD72A3D3E900231AF06FFB4246B1
:107EB0004B461AF021FD70A3D3E900231AF064FBAE
:107EC00042464B461AF018FD6DA3D3E900231AF081
:107ED0005DFB42464B461AF00FFD6BA3D3E900232E
:107EE0001AF052FB42464B461AF006FD68A3D3E94E
:107EF00000231AF04BFB42464B461AF0FDFCCDE93D
:107F000000010022644B404649461AF0F5FCDDE9C9
:107F1000002306460F46404649461AF0EDFC5246FD
:107F2000804689465B46284621461AF0E5FC024613
:107F30000B46404649461AF027FB02460B463046A0
:107F400039461AF021FB02460B46002053491AF02D
:107F50001BFB05B0BDE8F08F02460B461AF0CCFCC7
:107F600041A3D3E90023804689461AF0C5FC40A30B
:107F7000D3E900231AF00AFB42464B461AF0BCFC38
:107F80003DA3D3E900231AF0FFFA42464B461AF00C
:107F9000B3FC3BA3D3E900231AF0F8FA42464B4660
:107FA0001AF0AAFC38A3D3E900231AF0EDFA4246EE
:107FB0004B461AF0A1FC36A3D3E900231AF0E6FAE7
:107FC0004B4642461AF098FC354B9E42CDE90001E3
:107FD00097DD344B9E424FF000023DDCA6F50013C6
:107FE00000202E4916461F461AF0CEFACDE90201AE
:107FF0000022294B404649461AF07EFC32463B4659
:108000001AF0C2FADDE9002306460F46404649460B
:108010001AF072FC5246804689465B462846214645
:108020001AF06AFC02460B46404649461AF0ACFA82
:1080300002460B46304639461AF0A6FA02460B466F
:10804000DDE902011AF0A0FA05B0BDE8F08F13498E
:10805000002005B0BDE8F08F134B144FCDE902238B
:108060000026C5E7AFF30080D43888BEE9FAA8BD82
:10807000C4B1B4BD9EEE213EAD529C804F7E923E77
:108080009015CB19A001FA3E7751C1166CC1563F2D
:108090004C5555555555A53F0000E03F0000F03FB9
:1080A0003233D33F0000E93F0000E73F0000D23FFA
:1080B0002DE9F04FADF5197DBE4CA29EBE4D54F892
:1080C00026700793D41E85FB0465E417C4EBA50452
:1080D00024EAE4741D46631CA3EB8303013D02EB19
:1080E000C30305937B1909940497019506460B91E8
:1080F000A4EB05041BD423445D1C20AF4FF0000803
:108100004FF00009DDF88CA208E05AF824001AF0BC
:1081100089FB0134AC42E7E8020108D0002CF4DA14
:10812000013440464946AC42E7E80201F6D1049BDF
:10813000002BC0F2B083079BA6F10802DB001146BA
:10814000039220AA02EB0309029301EB0308049BAC
:1081500072AA02EBC30B0DF5E07A019B002BC0F273
:108160009581039C4D460026002775E90223F4E91A
:1081700002011AF0C1FB02460B46304639461AF09E
:1081800005FA444506460F46EFD1EAE80267DA45AC
:1081900009F10809E1D1DDE90204049920448B00CA
:1081A00082460BA8A3F10802C31808930CAB134432
:1081B0000A938B4698AB03EBCB03BBF1000F53E95B
:1081C000284529DD70AB03EBCB080DF13009002207
:1081D0007A4B204629461AF08FFB1AF03DFE1AF022
:1081E00021FB0022764B06460F461AF085FB02461D
:1081F0000B46204629461AF0C7F91AF02DFE78E9F9
:10820000022349F8040B394630461AF0BFF970AB27
:10821000984504460D46DAD1DDF8149020462946EB
:108220004A4601F039F800224FF07F5304460D46CC
:108230001AF062FBFCF724FF0022624B1AF05CFB91
:1082400002460B46204629461AF09EF90D46044682
:108250001AF002FE80461AF0E5FA0B46024629465D
:1082600020461AF091F94B46002B06460F4640F384
:10827000E1800BF1FF320CA9C9F1180351F822502B
:1082800045FA03F101FA03F30CA8EB1A40F8223087
:10829000C9F11705884443FA05F5002D2CDDBBF123
:1082A000000F08F1010840F394820C9C002C40F070
:1082B000A780BBF1010F0AD00CA9012251F8044F8D
:1082C000531C002C40F09E809B451A46F6D1059B1E
:1082D000002B0EDD012B00F09C81022B09D10BF14C
:1082E000FF320CAB0CA953F82230C3F3150341F84D
:1082F0002230022D00F0AF800022002330463946A4
:108300001AF062FD002800F06682049B0BF1FF3931
:108310004B4510DC0BF180430CAA013B089802EBA3
:108320008303002253F80419834242EA0102F9D17F
:10833000002A40F0B580049B0CAA013B52F8233080
:10834000002B40F0A1800A9A012352F8041901334E
:108350000029FAD05B440BF101099945069349DCE9
:10836000099A079909EB020801EB0B0508F180480F
:1083700002EB030BA39B08F1FF3803EB880870ABFB
:1083800003EBC909A39B20A903EB8B0301EBC505F4
:10839000029358F8040F1AF045FA019B002BC5E927
:1083A000000105F1080B28DB083D039C002600278F
:1083B0000CE000BF308D0200ABAAAA2A0000703E7C
:1083C000000070410000204075E80201F4E902233A
:1083D0001AF092FA02460B46304639461AF0D6F8A1
:1083E000544506460F46EFD1029B9845E9E80267DF
:1083F0005D46CED1DDF818B0DCE600260027F3E7B5
:10840000012300220CA9C4F180749B4541F822404D
:108410000EDD51F8232001EB8B0001EB83036FF09D
:108420007F4100E01A688A1A43F8042B8342F9D18D
:1084300001244CE706D10BF1FF330CAA52F823506C
:10844000ED152AE70022BE4B1AF0DCFC002840F0B4
:10845000B981054650E732463B460020B9491AF03B
:1084600093F806460F46002C3FF446AF059AB549EF
:10847000002000F011FF02460B46304639461AF044
:1084800083F806460F4637E7012363E700260027F7
:10849000EAE80267DA4509F108097FF45EAE7AE698
:1084A0000CAB059A53F82930183ACDE906850592A8
:1084B0006BB909F18043013B0CA901EB830353F82D
:1084C000041909F1FF39183A0029F8D00592059AE4
:1084D0009C49002000F0E0FEB9F1000F04460D4673
:1084E000C0F2E0814FEAC90370AA02EB03080893C7
:1084F0000CAB03EB8906DFF850B208F1080704362D
:108500004FF0000A56F8040D1AF08CF922462B465B
:108510001AF0F2F95B4667E9020152462046294605
:108520001AF0EAF90CAB9E4204460D46EAD148AB7C
:1085300003930193CDF8149009F10103DDF8109035
:108540000293C3464FF0000AB9F1000FC0F2378121
:10855000DFF8F8815D4678A3D3E9002300260027E1
:10856000002403E0544510DCF8E80223F5E802019A
:108570001AF0C2F902460B46304639461AF006F8A0
:108580000134A14506460F46ECDA019BE3E8026799
:108590000193029B0AF1010A9A45ABF1080BD3D172
:1085A000A29BDDF81490032B2CD8DFE813F0E80031
:1085B000D300D3003F00079B00200146002B40F072
:1085C00043810D460B460B990446C1E900450399CA
:1085D0000246D1E9000119F0D7FFB9F1000F0CDD17
:1085E000039D0124F5E90223013419F0CFFFA145D1
:1085F000F8DA079B002B40F037810B460B990246B7
:10860000C1E90223069B03F007000DF5197DBDE8C3
:10861000F08F0BF1FF320CAB0CA953F82230C3F3EF
:10862000160341F8223064E648AB0393B9F1000F1A
:1086300040F35581039ACDF808904FEAC90302EB45
:108640000308D8E900AB0193914658E90267524606
:108650005B463046394619F099FF04460D460246FE
:108660000B463046394619F08FFF52465B4619F0EB
:108670008DFFC8E9000168E90245C145A246AB4645
:10868000E3D1DDF80890B9F1010F40F32881019B97
:10869000039A1344D3E9006701939A460DF5947B3E
:1086A0005AE9028932463B464046494619F06EFF78
:1086B00004460D4602460B464046494619F064FF03
:1086C00032463B4619F062FFCAE900016AE90245F9
:1086D000D34526462F46E3D10399019C002301F19F
:1086E0001005083419461E46304674E9022319F075
:1086F0004DFFA5420346F6D10A460399D1E9008C05
:10870000D1E902E90799002900F0B1800B9C2361AF
:10871000069BC4F800800CF1004009F1004102F111
:108720000042606003F00700E1606261C4F808E0A5
:108730000DF5197DBDE8F08F00000040FB21F93FE9
:108740000000E03F0000F03F0000703EC06C0200FF
:1087500048AB0393B9F1000FFFF62DAF039F002044
:1087600007EBC9060836014676E9022319F00EFF29
:10877000B742F9D1079B002B3FF423AF64E0089C7C
:10878000039D083400222C4411461646304674E9F5
:10879000022319F0FBFEA5420246F6D10B460799CB
:1087A00009B103F1004319460B9B1046C3E90001D0
:1087B000069B03F007000DF5197DBDE8F08F00263C
:1087C0000027E2E6BBF1000F08F101087DDD02257C
:1087D0006BE500247BE5CDE90685059D30463946ED
:1087E0006A4200F059FD00223E4B06460F461AF041
:1087F00009FB00B300223C4B304639461AF07CF8A6
:108800001AF02AFB04461AF00DF80022354B1AF034
:1088100073F80B4602463946304619F0B5FE1AF099
:108820001BFB0BF101090CAB183543F82B00059528
:1088300043F829404BE6304639461AF00DFB0CABA5
:10884000D94643F82B0042E60B9C0B4601F1004150
:10885000C4E9000103990246D1E9000119F094FE30
:10886000B9F1000F3FF7BCAE01F10041C5E6184673
:108870000B9B4646744667464D461146C3E90401C4
:10888000C3E90067C3E90245069B03F007000DF545
:10889000197DBDE8F08FA6F108030393079BDB0069
:1088A000029378E4A29B032B3FF6ACAE01A252F8F0
:1088B00023F000BFC58800005187000051870000E9
:1088C000298600000022134669E732463B46002015
:1088D000064919F059FE022506460F460CE500230D
:1088E0001A460AE7000070410000703E0000F03FA9
:1088F0002DE9F04F21F00046B6F1795F85B00C46C6
:1089000090469946054604DA1AF0A6FA002800F0C7
:1089100085802A4623462846214619F0EDFF064663
:108920000F4602460B462846214619F0E5FF3EA3B6
:10893000D3E9002382468B463046394619F0DCFFE6
:108940003BA3D3E9002319F01FFE32463B4619F042
:10895000D3FF39A3D3E9002319F018FE32463B4672
:1089600019F0CAFF36A3D3E9002319F00DFE3246F1
:108970003B4619F0C1FF34A3D3E9002319F006FEEA
:108980000E9BCDE900019BB30022334B4046494684
:1089900019F0B2FFDDE90023CDE902015046594646
:1089A00019F0AAFF02460B46DDE9020119F0ECFDC1
:1089B00032463B4619F0A0FF42464B4619F0E4FD13
:1089C00023A3D3E9002306460F465046594619F023
:1089D00093FF02460B463046394619F0D7FD024652
:1089E0000B462846214619F0CFFD05B0BDE8F08FB3
:1089F00002460B463046394619F07EFF14A3D3E9F0
:108A0000002319F0C1FD52465B4619F075FF2A4656
:108A1000234619F0BBFD05B0BDE8F08F284621467E
:108A200005B0BDE8F08F00BF7CD5CF5A3AD9E53DFF
:108A3000EB9C2B8AE6E55A3E7DFEB157E31DC73E0F
:108A4000D561C119A0012A3FA6F810111111813F6B
:108A5000495555555555C53F0000E03F0000000001
:108A60002DE9F04FDA4C21F00046A64287B08A4645
:108A700089461746984683461BDC1AF0EDF9002814
:108A800039D1109B5A4601331343334300F0A88178
:108A9000109B012B00F0B1815A4653460020CD496E
:108AA0001AF054F804460D462046294607B0BDE8A2
:108AB000F08FC94B9E421EDD002904DA01F100430C
:108AC00008F100489A465A465346A3A1D1E900014D
:108AD00019F05AFD3A46434604460D46A0A1D1E995
:108AE000000119F051FD22462B4619F04FFD0027D9
:108AF00083468A46B8465A4653465846514619F068
:108B0000FBFE03460C46CDE9003402460B4619F045
:108B1000F3FEDDE9002304460D465846514619F0A0
:108B2000EBFE91A3D3E90023CDE9020120462946BB
:108B300019F0E2FE8EA3D3E9002319F027FD2246A7
:108B40002B4619F0D9FE8CA3D3E9002319F01EFDA2
:108B500022462B4619F0D0FE89A3D3E9002319F051
:108B600015FD22462B4619F0C7FE87A3D3E9002343
:108B700019F00CFD22462B4619F0BEFE84A3D3E962
:108B8000002319F003FDDDE9002319F0B5FE82A3EF
:108B9000D3E90023CDE904012046294619F0ACFEB3
:108BA0007FA3D3E9002319F0F1FC22462B4619F0EC
:108BB000A3FE7DA3D3E9002319F0E8FC22462B464F
:108BC00019F09AFE7AA3D3E9002319F0DFFC2246BC
:108BD0002B4619F091FE78A3D3E9002319F0D6FCB7
:108BE00022462B4619F088FE75A3D3E9002319F01D
:108BF000CDFC02460B46DDE9040119F0C7FCDDE9B6
:108C0000022319F079FE3A46434619F0BFFCDDE92C
:108C1000002319F071FE3A46434619F0B7FC6AA3E7
:108C2000D3E9002304460D46DDE9020119F064FE94
:108C300022462B4619F0AAFCCDE900010B4602465C
:108C40005146584619F0A2FC634B9E4204460D461D
:108C50003EDC109B012B36D002460B4600205D49BE
:108C600019F074FF00240F4606465A465346204624
:108C7000294619F089FCA04602460B46DDE90001B1
:108C800019F082FC42463B4619F036FEA9460446DE
:108C90000D4642463B464046494619F02DFE00220D
:108CA0004E4B19F073FC02460B462046294619F03C
:108CB0006DFC32463B4619F01FFE42463B4619F01A
:108CC00065FC04460D462046294607B0BDE8F08FF6
:108CD000109819F0A7FD224606460F462B4620465F
:108CE000294619F009FE3246CDE902013B462046ED
:108CF000294619F04BFC02460B46DDE9020119F04A
:108D000025FFDDE9002319F03FFC02460B465846DB
:108D1000514619F039FC02460B4619F037FC024661
:108D20000B463046394619F02FFC04464FEAA9702D
:108D300000F00200C0F101000D4619F073FD02467B
:108D40000B462046294619F0D7FD04460D4620461D
:108D5000294607B0BDE8F08F182D4454FB21E93FA8
:108D6000075C143326A6813CD47ABF74702AFB3E7C
:108D7000E9A7F0320FB8123F68108D1AF726303F7E
:108D80001583E0FEC8DB573F93846EE9E326823FFC
:108D9000FE41B31BBAA1AB3F735360DBCB75F3BE8F
:108DA000A69237A0887E143F0165F2F2D844433F73
:108DB000280356C9226D6D3F37D60684F464963F6A
:108DC0007AFE10111111C13F635555555555D53FC8
:108DD000FFFF2F3E0000F0BF2794E53F0000F03F6B
:108DE000584651461AF048FB02460B4600200449FB
:108DF00019F0ACFE04460D4665E75C46554662E751
:108E00000000F03F000000002DE9F04FCA4A21F0B9
:108E10000043934285B00C460E46054620D9C74A0A
:108E2000934200F2D480002E80F2A081AAA3D3E95D
:108E300000232846214619F0A9FB0022002319F03F
:108E4000CDFF002840F0CE80A5A3D3E9002328461B
:108E5000214619F051FD02460B460020B84990E129
:108E6000B84A934200F2E280B74A934240F22B8123
:108E7000002301930022B54B2846214619F03CFD02
:108E800006460F4602460B462846214619F034FD99
:108E900095A3D3E9002382468B4619F02DFD94A3B8
:108EA000D3E9002319F072FB52465B4619F024FD0A
:108EB00091A3D3E9002319F067FB52465B4619F0F2
:108EC0001BFD8FA3D3E9002319F060FB52465B46DC
:108ED00019F012FD8CA3D3E9002319F055FB52467B
:108EE0005B4619F009FD0022994B19F04FFB8046B3
:108EF000894602460B463046394619F0FDFC0246CB
:108F00000B460020934919F03FFB064602460B46EC
:108F10000F464046494619F037FB3246804689469F
:108F20003B462846214619F0E7FC02460B46002046
:108F3000894919F029FB02460B464046494619F07B
:108F400005FE52465B4619F0D7FC019E02460B46D1
:108F5000002E4AD0DDE9026732463B4619F014FB89
:108F60002A46234619F0C8FC32463B4619F00CFB52
:108F70005B46524619F008FB019B013306460F463B
:108F800000F01F81019B012B78D0019A531C392BD3
:108F90004FEA025600F22481019F132F40F35181C2
:108FA000019BC3F57F7A0AF1030A00224FEA0A53B4
:108FB00019F0ECFA02460B462846214619F0E4FA6D
:108FC0000022634B19F0E2FA731819461BE0634A5A
:108FD00093421BD9C1F313030343024640F01181AE
:108FE000002910DA00205E490DE02846214619F0DC
:108FF00083FC52465B4619F0C7FA02460B462846E8
:10900000214619F0C1FA05B0BDE8F08F40A3D3E9BD
:10901000002319F001FF00283FF405AF3EA3D3E978
:1090200000231046194619F067FCECE74D4A9342BD
:1090300000F2EB8000293AA3D3E9002339DA19F0D2
:10904000A5FA39A7D7E900674FF0FF338046894674
:10905000019332463B464046494619F095FA02468E
:109060000B4605460C464046494619F08DFA3246F5
:109070003B4619F089FACDE90201FBE62846214674
:109080000022394B19F0AAFE002800F0CB802846B8
:10909000214600222D4B19F079FA02460B46304644
:1090A000394619F071FA00224FF0404319F024FCC0
:1090B000A9E719F069FA01238046894601931CA7A4
:1090C000D7E90067C5E714A3D3E9002319F05EFAD6
:1090D00002460B468FE700BF59F3F8C21F6EA50189
:1090E000FE822B654715F73F2DC3096EB7FD8ABE7B
:1090F0003952E686CACFD03EB7DBAA9E19CE143FBE
:109100008555FE19A0015A3FF41011111111A13F0C
:10911000EF39FAFE422E86409C7500883CE4377E8B
:109120000000E0FE422EE63F763C7935EF39EABD9D
:10913000763C7935EF39EA3D79684340412E8640E7
:109140000000E0BF422ED63FFFFF8F3C0000E03F13
:109150000000F03F0000084000001840FFFFEF7FD4
:109160000000F0BFB1A2F03F0000D0BF40A3D3E9A0
:1091700000232846214619F0BFFB02460B4600207B
:10918000414919F003FA19F067FE019019F04AFB02
:1091900039A3D3E9002306460F4619F0ADFB02467A
:1091A0000B462846214619F0EFF935A3D3E90023F1
:1091B000804689463046394619F09EFB06460F46E2
:1091C00047E732463B462846214619F0DDF90022A2
:1091D0002D4B19F091FB00222B4B19F0D5F912E71A
:1091E0002A46234619F0D0F902460B4600202749AB
:1091F00019F0CAF9731819460022244B19F0C4F962
:1092000001E70B4619F0C2F9FDE619A3D3E90023E3
:1092100019F072FB002C02460B464FF00000AFDA4B
:109220001B49AEE732463B462846214619F0ACF9C9
:1092300002460B4619F0AAF90022144B19F0A6F9C0
:10924000E1E64FF4001C2A4623464CFA07FA19F0CF
:109250009BF9CAF17F594FF0000809F54019024601
:109260000B464046494619F08FF9ADE6AFF3008052
:10927000FE822B654715F73F0000E0FE422EE63FD9
:10928000763C7935EF39EA3D0000E03F0000F03FE1
:109290000000E0BF00000000F8B5C1F30A53044627
:1092A0000D460E4617460BBB21F0004603463343DE
:1092B0001BD0354B002219F01FFB344B9F42044654
:1092C0000D4635DBC1F30A530E46363B3B4440F2B4
:1092D000FE72934232DC002B11DD26F0FF4626F4AD
:1092E000E00646EA035520462946F8BD40F2FF72E3
:1092F0009342EBD102460B4619F048F9F8BD13F141
:10930000350F28DA4CF250339F4222462B460ADDB5
:1093100019A1D1E900011CF097FB17A3D3E90023A1
:1093200019F0EAFAF8BD16A1D1E900011CF08CFB96
:1093300013A3D3E9002319F0DFFAF8BD22462B4628
:109340000DA1D1E900011CF07FFB0BA3D3E90023A1
:1093500019F0D2FAF8BD26F0FF4626F4E0063633BF
:1093600046EA0355204629460022094B19F0C4FA63
:10937000F8BD00BFAFF300809C7500883CE4377EE9
:1093800059F3F8C21F6EA50100005043B03CFFFF27
:109390000000903C10B5054C237833B9044B13B151
:1093A0000448AFF300800123237010BD3002002079
:1093B00000000000B88E020008B5034B1BB1034942
:1093C0000348AFF3008008BD000000003402002015
:1093D000B88E020070B504460E4600F07DFA88B1E2
:1093E0000368DB6A05469847082C0CD0A4F10903F2
:1093F000012B14D93246214610230D20BDE87040C0
:1094000004F064B970BD2B6828465B6A984702284F
:10941000F0DC2B6828461B6A04219847EAE72B6892
:1094200028465B6A98470528E4DC2B6828461B6AB7
:1094300008219847DEE700BF38B52DED028B0546C1
:1094400000F04AFA044640B10368DB6A9847032DEE
:1094500003D8DFE805F02F363D06BDEC028B002077
:1094600038BD20460FF0BEFB07EE900A2046F8EE0E
:10947000E78A0FF0C7FB07EE900A2046B8EEE78AAE
:109480000FF0D0FB68EE087A07EE100AE8EEA87A33
:10949000B8EEC77AE7EE077AF5EE407AF1EE10FA09
:1094A000B1EEE78A1BD4FDEEC87ABDEC028B17EE55
:1094B000900A38BDBDEC028B2046BDE838400FF065
:1094C00091BBBDEC028B2046BDE838400FF09ABB43
:1094D000BDEC028B2046BDE838400FF0A3BB17EE71
:1094E000900A1AF06BFFDEE738B5044600F0F4F995
:1094F00058B10368DB6A0546984744B1012C04D192
:109500002846BDE83840FBF70FBA002038BD284692
:10951000BDE83840FBF7E8B910B5044600F0DCF9C7
:1095200028B1036821461B6ABDE81040184710BDEA
:109530000048704716FCFFFF704700BF10B5034B93
:10954000036004460FF02AF9204610BDF07E0200A9
:1095500010B5054B036004460FF020F920461CF0BF
:1095600010FF204610BD00BFF07E02002DE9F04143
:10957000032184B00546512001F010FDDFF854C3EB
:10958000C94B044604F00F06C4F3031714F48074A7
:1095900008BF6346C54831463A460EF09DFA221C84
:1095A00018BF012231463B46284613F031FE002306
:1095B000AB60BF480EF090FA4FF0FF31032001F08E
:1095C000EDFC04F05DFE4FF0FF310446022001F097
:1095D000E5FC04F055FE002C55D0002853D0014680
:1095E000204604F06FFC0646002865D04FF0FF319E
:1095F000462001F0D3FC3828044600F0D58019DD60
:109600003A2800F0BC8068285DD14FF0FF3101207E
:1096100001F0C4FC04F034FE80464C201CF0BAFE7D
:10962000052301934246009431462B46074611F02C
:1096300063FC18E0302801D0322844D14FF0FF31CC
:10964000012001F0ABFC04F01BFE80464C201CF016
:10965000A1FEA4B207460523019342460094314679
:109660002B4611F0FFF9AF603B6838469B6A98477C
:10967000A8680368DB6A98478E480EF02DFA2846E2
:1096800004B0BDE8F0818C480EF026FA4FF0FF31AF
:10969000192001F083FC04F0F3FD4FF0FF31044684
:1096A000182001F07BFC04F0EBFD0146204604F09D
:1096B00009FC0646002899D180480EF00DFA28468C
:1096C00004B0BDE8F08101243268CDE900440023F4
:1096D000176AAB600F220DF10F0332213046B847F5
:1096E000002800F0A4803368CDE900440F221F6AEF
:1096F00030210DF10F033046B84700286BD0336896
:10970000CDE900440D221F6A38210DF10F033046C8
:10971000B847002800F091803368CDE900440D225D
:109720001F6A3A210DF10F033046B847002800F0B8
:10973000A0803268CDE900440DF10F03176A68215B
:1097400075223046B847002857D168215C480EF092
:10975000C3F94FF0FF31204601F020FC04F090FDEA
:1097600080464C201CF016FE05246823CDE9003409
:10977000424631462B46074611F0BEFB73E74FF0D9
:10978000FF31012001F00AFC04F07AFD80464420FC
:109790001CF000FE052301934246009431462B46FF
:1097A000074611F001FB5EE74FF0FF31012001F0A9
:1097B000F5FB04F065FD804644201CF0EBFD05231D
:1097C0000746019342462B460094314611F0ECFACD
:1097D0003C4B3B6047E7302139480EF07DF930249F
:1097E0004FF0FF31012001F0D9FB04F049FD804624
:1097F0004C201CF0CFFD07462DE733480EF06CF9E6
:10980000AF68002F7FF430AF4FF0FF31032001F03D
:10981000C5FB04F035FD30B12C480EF05DF928464B
:1098200004B0BDE8F0812A480EF056F947E732212E
:1098300023480EF051F93224D2E7382120480EF0A7
:109840004BF94FF0FF31204601F0A8FB04F018FD62
:10985000804644201CF09EFD052438230746CDE9B0
:10986000003442462B46314611F09EFA154B3B60C0
:10987000F9E63A2112480EF02FF94FF0FF31204659
:1098800001F08CFB04F0FCFC804644201CF082FDBF
:1098900005243A23CDE90034424631462B4607469B
:1098A00011F082FADFE600BF446D0200546D020041
:1098B000746D0200346E0200846D0200986D020027
:1098C000C46D0200106D0200B06D0200D86D020080
:1098D000146E02004C6D020038B5104C23680BB1B9
:1098E000986838BD4FF0FF31012001F057FB04F0BC
:1098F000C7FC40B10C201CF04DFD0546FFF736FEBD
:109900002560A86838BD4FF0FF31032001F046FB09
:1099100004F0B6FC0028EDD138BD00BF4C02002099
:1099200008B501F06DFCFBF75BFEBDE8084001F0F7
:10993000C5B900BF08B501F063FCFBF7C1FEBDE887
:10994000084001F0BBB900BF08B501F059FC19F09F
:1099500009FEBDE8084001F0B1B900BF08B501F04B
:109960004FFC1AF07DFBBDE8084001F0A7B900BF2D
:1099700008B501F045FCFBF743FEBDE8084001F0E7
:109980009DB900BF08B501F03BFC1AF019F8BDE81D
:10999000084001F093B900BF08B501F031FCFBF7B6
:1099A000AFF8BDE8084001F089B900BF08B501F083
:1099B00027FC19F05BFFBDE8084001F07FB900BF4C
:1099C00070B5049E96420C4624DB15466BB9042AFA
:1099D00019D0022A02D110F0010310D001462A4604
:1099E000204608F031FA002070BD10440D4410F8F4
:1099F000013D01F8013B8D42F9D1002070BD028884
:109A00000A80184670BD10F00303E7D102680A60AF
:109A1000184670BD0846002109F0A8FB4FF0FF3042
:109A200070BD00BF0830704740B1002905DB4368B6
:109A30008B4202DD0844007A70470020704700BF67
:109A400030B1002904DB43688B42C4BF4018027266
:109A5000704700BF40B1002905DB4368994202DA34
:109A60000844007A70470020704700BF830704D184
:109A7000030F0CBF0120002070470120704700BF7A
:109A800030B1002904DB43689942BCBF4018027220
:109A9000704700BFF8B5002B20DB00291EDB4668AD
:109AA0008E421BDB5468761AE51AB542A8BF3546CC
:109AB000002D13DB824202F108070C4600F1080674
:109AC0002A4605D0F918301908F0BEF90020F8BD73
:109AD000F11838191CF091FC0020F8BD4FF0FF3050
:109AE000F8BD00BF4068704710B4141E10DB426818
:109AF000A2420DDB33EA230328BF1346121B0830B2
:109B00009A422044A8BF1A465DF8044B09F02EBBC8
:109B10005DF8044B704700BF10B443688B4200F1FE
:109B200008041846A8BF084632EA220128BF194691
:109B30001B1A99422044A8BF19465DF8044B00F057
:109B4000B5BE00BF70B5002BBCBF43689B1A002A8E
:109B50000E4620DB44689918A1421CDC91421ADBB6
:109B6000CBB136F0004116D05942B14214DAB342BB
:109B700012DD0830002E00EB020515DB9C1B22468F
:109B8000A91928461CF039FC324628190021BDE8E5
:109B9000704009F0EBBA70BD002211464FF0FF3360
:109BA000BDE87040FFF7A0BF74429A1929462819F2
:109BB0001CF023FC224628460021BDE8704009F035
:109BC000D5BA00BF03460830596800F0EBBD00BFAE
:109BD00070B5054600206968490000F069FD6B68B2
:109BE000002B14DD0A4EEB1D02465C782411991FF0
:109BF000345D94715C7804F00F04491B345DD471BA
:109C00006C688C4202F1020203F10103EDDC70BDCD
:109C1000446E0200002BBCBF43689B1A002A30DB55
:109C200070B445689C18AC4229DC944227DB33B3FE
:109C300031F0004423D00029B8BF01EB032191FB90
:109C4000F3F403FB1411002900F10800B8BFC91890
:109C5000024411448A42134411D00C4604E08A4263
:109C600004460FD094420AD02046157810F8016BB4
:109C700002F8016B83422570F1D10C46F2E770BC0B
:109C8000704770470146EDE700B583B04FF0FF33F2
:109C900000930023FFF7FEFE03B05DF804FB00BF56
:109CA00010B50C1E0EDD4168083002F0D1F81F2CF3
:109CB00007DC0123A34020FA04F4013B444004EAFA
:109CC000030010BD002010BD0146002000F0EEBDD5
:109CD00038B50021054600F093FD0146002000F054
:109CE000E5FD044600F10801284600F089FD204604
:109CF00038BD00BF30B5013A83B004460D460F2A87
:109D000013D8DFE802F0141408086114141B1B7345
:109D10004A2554675A38184601F004FB012D04DD2A
:109D200080B2E20754BF2080208003B030BD1846C7
:109D300001F0F8FA002DF8DD2070F6E7184601F082
:109D4000F1FA012DF1DDC0F3072360702370ECE719
:109D5000184601F07DFA032D0090E6DD9DF8000025
:109D60009DF801109DF802209DF803302370E070EB
:109D7000A1706270D9E7184601F042FA072DCDE9CB
:109D80000001D2DD0DF1FF3204F1080312F8011FCA
:109D900003F8011D9C42F9D1C7E7184601F058FAB3
:109DA000032DC2DDA3070CBF20602060BDE718466D
:109DB00001F050FB032DF5DCB7E7184601F04AFB34
:109DC000032D0090CADCB0E7184601F0ABFA032D72
:109DD000E8DCAAE7184601F013FA072DCDE90001E7
:109DE000A3DD6B4603CB206061609EE7184601F05F
:109DF00099FA032D0090B1DC97E700BF30B4141E30
:109E000007DB456808300A462044291B30BCFFF7B1
:109E100071BF30BC704700BF00B5013A85B00F2A52
:109E200000F28880DFE802F01623303D4A56595C84
:109E30005F626571748083080091012308220DEB35
:109E40000201FFF7BDFDDDE9020100F037FF05B0BB
:109E50005DF804FB00910023012202A9FFF7B0FD89
:109E60009DF9080001F034F805B05DF804FB00919D
:109E70000023012202A9FFF7A3FD9DF8080001F0CD
:109E800027F805B05DF804FB00910023022202A927
:109E9000FFF796FDBDF9080001F01AF805B05DF86E
:109EA00004FB00910023022202A9FFF789FDBDF8FF
:109EB000080001F00DF805B05DF804FB00910023E7
:109EC000042202A9FFF77CFD029801F001F805B019
:109ED0005DF804FB01230091BEE701230091C8E770
:109EE00000910123D2E700910123DCE700910123D7
:109EF000E6E700910023042202A9FFF761FD029822
:109F000000F0F0FF05B05DF804FB00910123F2E7DB
:109F100000910023042202A9FFF752FD029800F0ED
:109F2000CFFF05B05DF804FB0091002386E70091A8
:109F30000123EFE700208AE7131E09DB10B4446811
:109F400008300A461844E11A5DF8044BFFF764BF75
:109F5000002000F0BDBF00BF03F0AABA08B503F0AF
:109F6000ABFA20F0404008BD03F0B0BB0DF014BBCD
:109F7000C11703F061BA00BF03F072BA03F082BAEE
:109F800000B583B003F092FA02AB63E90201082145
:109F9000184601F05DFF20F0404003B05DF804FB7F
:109FA00000B583B003F082FA02AB63E90201082135
:109FB000184600F07BFC03B05DF804FB81B138B5B6
:109FC0000B680C4608461B6A9847236805465B6A7F
:109FD0002046984701462846BDE8384004F062BD57
:109FE000704700BF01F054BE012002F0EBB800BF83
:109FF00008B5022002F0E6F840F29330BDE80840D0
:10A0000009F06EBE014B1860704700BF500200207F
:10A01000704700BF00207047002A2DE9F04340F34D
:10A02000B38000252E464FF0ED0CDFF8BCE11CE0BC
:10A0300003F0E004C02C2AD003F0F004E02C3FD061
:10A0400003F0F804F02C5AD00135023658B19F09BC
:10A05000044667F03F0704F8027B03F03F0363F018
:10A060007F034370204695420EDA4B5D1C06DFD419
:10A070007F2B05F10105E8D801360028F3D0954281
:10A08000037000F10100F0DB3046BDE8F0836C1C8A
:10A090009442D1DA4F197F7807F0C008B8F1800FE9
:10A0A000CAD14FEA831807F03F0708F4F86848EA76
:10A0B00007077F2F6CDC023625460028C7D1D4E77E
:10A0C000AC1C9442BCDA4C19677807F0C008B8F1B0
:10A0D000800FB5D194F8028008F0C004802CAFD175
:10A0E0001C0308F03F08BF01A4B207F47C6744EAF0
:10A0F00008043C43B4F5006FA6DB03352DE0EC1CEF
:10A100009442A1DA4C19677807F0C008B8F1800FC3
:10A110009AD194F8028008F0C009B9F1800F93D168
:10A1200094F8039009F0C004802C8DD19C0409F0B0
:10A130003F093F0304F4E01407F47C374FEA881822
:10A1400044EA09043C4308F47C6844EA0804A4F5A2
:10A15000803777453FF678AF0435B4F5803F1AD2A3
:10A16000033600283FF47FAF270BC4F3851304F0B8
:10A170003F0467F01F0763F07F0364F07F040770FC
:10A180004370847003306EE700263046BDE8F083EC
:10A190003B46023559E7063600283FF464AFA4F584
:10A1A0008034A70AC4F3090407F5584704F55C4353
:10A1B000C7F38518C3F3851407F03F0703F03F0387
:10A1C00068F07F0867F07F0764F07F0463F07F0327
:10A1D00080F800C080F803C080F8018087700471A7
:10A1E000437106303FE700BFFFFF0F0003781A06F8
:10A1F00001D41846704703F0E002C02A10D003F0E3
:10A20000F002E02AF5D1427881781803930103F433
:10A210007C6380B2184301F03F0303431846704744
:10A2200040789B0100F03F0003F4F86303431846B5
:10A23000704700BFC3888B423AD370B41B095B00E0
:10A240000C0986884ABB8568EA184CB104F10040C5
:10A25000013835F81030F61AB6B21A4401F00F0181
:10A260000024234602E001339E4213DB0134A14265
:10A2700002EB0300D55C0EDB2806F4D505F0E00008
:10A28000C02805F0F00511D0E02D08BF02330133DE
:10A290009E42EBDA002070BC704700F108021A44BD
:10A2A000002CDDD000EB4400C388D4E70133DAE7AB
:10A2B0000020704780880A30800870470630704759
:10A2C0008088704783888B4226BF06304018002064
:10A2D000704700BF80880A3080087047063070479A
:10A2E000808870478188E1B130B4841D0020034626
:10A2F00002E00133994210DDE25C150600F1010035
:10A30000F7D502F0E005C02D02F0F00207D0E02AF8
:10A3100008BF023301339942EEDC30BC7047013391
:10A32000E7E70846704700BF70B400228688851DA5
:10A33000134602E001339E4213DB0132914205EBEA
:10A340000300EC5C0EDB2006F4D504F0E000C0282E
:10A3500004F0F00408D0E02C08BF023301339E4221
:10A36000EBDA002070BC70470133E3E7032070474D
:10A37000C38880681B0900EB4300704780887047E2
:10A38000C08870470022FFF755BF00BFC388808890
:10A390001B0900EB43000C3080087047C38800F1B4
:10A3A00008021B0902EB4300704700BF0122FFF7C0
:10A3B00041BF00BF40680B30800870472DE9F04175
:10A3C000C4888588240907460B466400002A44D0C7
:10A3D00000F10808444421B12A46204607F034FD24
:10A3E00000236355FE88360986B3A8F1020808EBFE
:10A3F000460625442746281B1DD422781021002319
:10A4000007E00133984204EB030C14DB0139E25CF2
:10A4100020D012F0800FF4D002F0E00CBCF1C00F9D
:10A4200002F0F00214D0E02A08BF02330133984250
:10A4300004EB030CEADA4FF45C7009F051FC0023E2
:10A440001C46DB1B28F8023F4645D4D1BDE8F0810D
:10A450000133D6E764466346F3E716468268144440
:10A4600029B96155C6883609D7F80880BCE72A465D
:10A47000204607F0E9FC6655FE883609F4E700BF80
:10A48000806808B101F084BD704700BF10B5044674
:10A49000406801F0A9FDA068BDE8104001F0A4BD2E
:10A4A0002DE9F04F404DA98883B08246002957D14D
:10A4B0003D48DFF8F890524600270646B84602F0BD
:10A4C000C5FB0DE002F0DAFB03684B4504465FD0A4
:10A4D0009B6A9847236880445B6A204698470744F4
:10A4E000AB883046002BEDD14FEA18146400781C7D
:10A4F000204402F085F9A98801900444002935D14F
:10A5000029485246814602F0A1FB14E002F0B6FB56
:10A51000264B02689A4283462ED0526A9047DBF857
:10A5200000200646136A58469847324601462046A0
:10A5300007F08AFC3444AA884846002AE6D10199EB
:10A540001B4BCAF8081050461146AAF80470AAF826
:10A550000680CAF8003003B0BDE8F04FFFF72EBF09
:10A5600040F2713009F0BCFBA988A1E740F27130DC
:10A5700009F0B6FBA988C3E78268A988484602F0BB
:10A5800065FBDBF80420A988484602F05FFBD2E7B0
:10A590008268A988304602F059FB6268A988304673
:10A5A00002F054FB9CE700BF58020020B46E02008A
:10A5B000FC6E020010B50446FFF772FFE08810BD84
:10A5C00010B50446FFF76CFFA08810BD10B5044617
:10A5D000FFF766FFE388A0681B0900EB430010BD8E
:10A5E00038B50D460446FFF75BFF2946204600229A
:10A5F000BDE83840FFF71EBE704700BF032070471C
:10A6000003207047C0887047704700BF808870473C
:10A61000704700BF80887047704700BF60B14368D3
:10A620008B4200D02BB9531C06D08368934203D0D1
:10A6300013B100680028F2D1704700BF084B1B68B7
:10A640005BB15A68904201D0002AF8D14A1C04D06C
:10A650009A68914201D0002AF1D11846704700BF94
:10A66000540200202DE9F041104F3B6813B90AE075
:10A670001B6843B15C688442FAD19C688C42F7D174
:10A68000DA60BDE8F0810446102090460D4602F0E5
:10A69000C9F83B684460064685600360012140F8C4
:10A6A0000C8F02F071F93E60BDE8F0815402002089
:10A6B0002DE9F0410C1E07461FDB1CB3A6B22FB3D9
:10A6C0007B1E191913F9012F002A27DB9942F9D1B2
:10A6D000DFF8C880E01D01F0E7FF054608B1C0F8CB
:10A6E0000080AE8039462246A81D07F0ADFB2C4401
:10A6F0000023A3712846BDE8F0811BF0D6FE044676
:10A70000002CDBD1234D2846BDE8F081E01D01F08F
:10A71000CBFF0546002839D1BE80E8E7132C02DCC8
:10A72000DFF87C80D6E70020034602E001339C423C
:10A7300010DDFA5C110600F10100F7D502F0E0012E
:10A74000C02902F0F0021FD0E02A08BF0233013313
:10A750009C42EEDC1FFA80F80028B8BF0F300011D1
:10A76000093404EB400001F09FFF054608B10A4B95
:10A7700003602846AE80A5F8068039460122FFF71F
:10A780001DFE2846BDE8F0810133CFE7034B8680EC
:10A790000360ACE7847002008C6F02005C6F020003
:10A7A0002C6F0200F8B50C1E054603DB3CB9134CB8
:10A7B0002046F8BD1BF079FE0446002CF7D0224657
:10A7C00029460020FFF728FC8442064610D002F0FC
:10A7D00029F8224607462946FFF71EFC314638462F
:10A7E000FFF766FF0446384601F042FF2046F8BDF9
:10A7F00021462846BDE8F840FFF75ABF84700200A2
:10A800002DE9F047036804461B6A88469847236889
:10A8100006465B6A20469847074680B100242546D5
:10A82000335DED2B06EB04000BD0B8F1000F01D027
:10A8300008F8053001350134BC42F1D32846BDE8A3
:10A84000F08704F10509B945EFD2FFF7CFFC824646
:10A85000E01C3044FFF7CAFCAAF55843B3F5806FFB
:10A86000E9D2A0F55C42B2F5806FE4D2B8F1000FF6
:10A8700019D000F5105000EB8323991461F00F01FB
:10A8800008F8051008EB0502C3F30530C3F3851182
:10A8900003F03F0360F07F0061F07F0163F07F030E
:10A8A00050709170D37004354C46C4E770B50D1EDE
:10A8B00012DD064605F1080001F0F6FE044608B177
:10A8C000094B0360656004F108002A46314636B141
:10A8D00007F0BAFA204670BD044C204670BD08F05F
:10A8E00045FC204670BD00BFF86F02007870020082
:10A8F000014B1860704700BF04000020034A044B5E
:10A90000116803FB00F0484010607047040000200D
:10A91000CB5725CA30B40E4D2A6804462146002084
:10A92000930983EAD273534083EA121383EA9203B2
:10A930005208534042EAC37202F00103490843EA55
:10A940004000EDD18442E9D32A6030BC704700BF9B
:10A9500004000020004870478470020000B583B2F4
:10A960007F2B83B029DD00F03F00B3F5006F40F08E
:10A97000800043F3871213DB1B1302F03F0263F0E6
:10A980001F0362F07F028DF80600032101A88DF8F5
:10A9900004308DF80520FFF78BFE03B05DF804FB53
:10A9A00062F03F028DF80500022101A88DF8042015
:10A9B000FFF77EFE03B05DF804FB012101A88DF8CE
:10A9C0000430FFF775FE03B05DF804FB2DE9F04796
:10A9D0000E4600286FD004464A4B002942D09842C8
:10A9E00079D09E426CD02368474DAB4277D05B6AEA
:10A9F00020469847336880465B6A3046984700EBAC
:10AA00000805322D81466DD8236820461B6A984779
:10AA1000336882461B6A304698472946064600201E
:10AA2000FFF746FE03681B6A0746984742460446FE
:10AA3000514607F009FA4A46314604EB080007F090
:10AA400003FA65B194F90030002B3DDB2919601C35
:10AA500003E010F9013B002B36DB8842F9D1384680
:10AA6000BDE8F087984234D00368274D274EAB42AB
:10AA7000BDD1A0680368AB4234D05B6A98473368A5
:10AA800007465B6A30469847384432282AD80C205B
:10AA900001F00AFE074600B10560384601F08EFF5E
:10AAA00063687B603146A068FFF790FFB860384666
:10AAB00001F092FFD3E7154C01B3124B9E4292D1A5
:10AAC00027463846BDE8F087114B3B603846BDE865
:10AAD000F0870E4FC3E70F463846BDE8F08733686E
:10AAE000AB42C6D10C2001F0DFFD074608B1064B92
:10AAF0000360C7E901463846BDE8F087054B2646A6
:10AB000075E700BF84700200B46E0200D8700200C6
:10AB10002C6F02005C6F0200884228D0F8B50368F1
:10AB20000C465B6A05469847236807465B6A2046E1
:10AB300098472B6806461B6A2846984723680546AF
:10AB40001B6A20469847BE4228BF3E46401B2B4604
:10AB50001978C25C914204D02CBF01204FF0FF3025
:10AB6000F8BD01335A1BB242F2D90020F8BD0020D3
:10AB7000704700BF03689B6A184700BFF8B5161EF0
:10AB80002DDD03689B6A0C4605469847002CBCBF28
:10AB9000241824EAE474001BB04212DD2B6821461D
:10ABA000DB6A284698472B68A1190746DB6A2846C6
:10ABB0009847044648B1E11B3846BDE8F840FFF726
:10ABC00077BD00280BDD0646E8E740F2723009F059
:10ABD00087F8E11B3846BDE8F840FFF769BD01483A
:10ABE000F8BD00BF84700200002858D0002956D05C
:10ABF0002DE9F047036805461B6A14460E46984740
:10AC00002B6824EAE4718046DB6A284698472B6863
:10AC100004465B6A284698473368A4EB0805451B41
:10AC20005B6A3046984707469CB3854231D3336808
:10AC300030461B6A9847814690F800A002E0BD426A
:10AC4000344626D32378534505F1FF3504F1010638
:10AC5000F5D13A46494620461BF0C0FB0028EED10C
:10AC6000A4EB0804002C16DD034602E001339C42ED
:10AC700011DD18F80320110600F10100F6D502F0ED
:10AC8000E001C02902F0F00207D0E02A08BF023339
:10AC9000ECE74FF0FF30BDE8F0870133E6E74FF017
:10ACA000FF30704708B5FFF79FFF013018BF012044
:10ACB00008BD00BF80F00100704700BF0A1E38B514
:10ACC00011D138B302460B4604460D4618F0AEF8D3
:10ACD000002841D10C2001F0E7FC08B11F4B0360B4
:10ACE000C0E9014538BDC2F30A54A4F2FF331D2B5D
:10ACF00012D8142B054618DC0028E3D1A4F2F33453
:10AD000012FA04F4DED1D002C3F11F0340F0004078
:10AD1000D8401AE0012038BD1E2BD3D10028D1D154
:10AD20000F4B9A42CED10F4838BDA4F2134410FA0B
:10AD300004F4C7D1D002C3F11F0140F00040C3F1B9
:10AD40003403C84025FA03F31843002AB8BF404231
:10AD5000400040F0010038BD0E2038BD28700200D0
:10AD60000000D0C1010000802DE9F041036882B0ED
:10AD70001B6A984701A9F9F793FA002200230646B7
:10AD80000F4618F021F860BB27F0004530462946F1
:10AD90004FF0FF321F4B34464FF0010818F046F8D1
:10ADA00038B94FF0FF321B4B3046294618F034F8C3
:10ADB000F0B118F0FF0F1FD100224FF4801320468E
:10ADC00029464FF0010818F031F838B920462946D5
:10ADD00000224FF4801318F001F8B0B118F0FF0F03
:10ADE0000AD130463946FFF769FF02B0BDE8F0816D
:10ADF000804618F0FF0FDFD0074F00263046394657
:10AE0000FFF75CFF02B0BDE8F081804618F0FF0F4D
:10AE1000E7D0F1E7FFFFEF7F0000F87F08B517F0FC
:10AE200001FDBDE80840FFF749BF00BFF8B5036862
:10AE3000DB6A04469847A0B10646FFF7D7F90746F4
:10AE400088B9236820461B6A9847236805465B6AD1
:10AE5000204698472844864203D03B4643F00100F1
:10AE6000F8BD0E20F8BD4300B0EB630FF6D0BDE88F
:10AE7000F840FFF7D3BF00BF08B1FFF7D7BF0E20E0
:10AE8000704700BF70B110B5FFF7D0FF0E28044621
:10AE900006D0C30708D56010BDE81040FFF75EBDBF
:10AEA000064810BD0548704740F2713008F018FFA1
:10AEB0006010BDE81040FFF751BD00BF8470020074
:10AEC00008B517F0C1FCBDE80840FFF7F7BE00BFAA
:10AED0004300B0EB630F01D0FFF7A0BF43F00100C8
:10AEE000704700BFB0F1804F08B503D2400040F07A
:10AEF000010008BD17F086FCBDE80840FFF7DEBE84
:10AF0000002814BF42200A20704700BF08B5F9F797
:10AF100083FBBDE80840FFF7D1BE00BF01FB00F096
:10AF2000704700BF90FBF1F0704700BF10B50C20D8
:10AF300001F0BAFB044608B101F0A4FF204610BDA1
:10AF400000897047043001F00FBF00BF03460A4676
:10AF50000430198901F0E8BE043001F015BF00BFCC
:10AF600003894268994234BF52F82100002070479B
:10AF7000043001F0D9BE00BF043001F013BF00BFA0
:10AF8000043001F033BF00BF024B1B68588CC00077
:10AF9000704700BF98020020704700BF38B51C4BB7
:10AFA0001B688BB15C6AACB1236898422DD08BB121
:10AFB000002300E072B1023354F823208242F9D119
:10AFC00001339B00E05838BD124B1C6844F210223C
:10AFD000944216D00D46044603F034FC78B1036861
:10AFE0009C4210D05BB1002300E042B1023350F824
:10AFF0002320A242F9D101339B00C05838BD284616
:10B0000038BD5B68CEE70423F7E70423DAE700BF27
:10B010009802002040660200406870474160704717
:10B0200010B5082001F040FB044608B101F032FFE2
:10B03000204610BD70B50C1E054616460EDB8388F3
:10B040009C420BDA05EB8404E36823B10B2140F248
:10B05000863001F07BFFE660284670BD0A2140F291
:10B06000863001F073FFEDE708F03ABE18B1024BED
:10B07000984208BF0020704784700200003018BF5B
:10B080000120704710B5142001F00EFB044608B1F2
:10B0900001F008FF204610BD10B5044601F00CFF7A
:10B0A000002806DB238AE268984202D252F8200088
:10B0B00010BD002010BD00BF224B1B682DE9F041E0
:10B0C000DE6AB3683468834204F1FF3506F1040692
:10B0D0001ED856F8253083421AD3002D14DD641093
:10B0E00056F82430984210D0012203E056F824305C
:10B0F00083420AD098428CBF621C04F1FF35541978
:10B10000AA424FEA6404F1DD00242046BDE8F08144
:10B11000002DF9DD07464FF0010806E0B4BF04F149
:10B12000010804F1FF354545EEDB08EB050464102A
:10B13000394656F82400FFF7EFFC0028EED12046F0
:10B14000BDE8F08198020020034B1B680131DB6AE7
:10B1500053F82110FFF7A0BF98020020F8B504466D
:10B160000F46164601F0A8FE011E04F10C0505DB92
:10B1700032462846BDE8F84001F0D6BD3A4621895E
:10B18000201D01F0D1FD3246218A2846BDE8F84055
:10B1900001F0CABD034B1B680131DB6A53F8211073
:10B1A000FFF7DCBF98020020014B1868704700BF12
:10B1B00094020020704700BF820708B508D130B163
:10B1C000036823F00103DA78F92A13D1987808BDCF
:10B1D0000028FCD0C3070FD40E280DD042280DD074
:10B1E0000A280BD0062805D040F2213008F078FD5F
:10B1F000042008BD042008BD022008BD012008BDB0
:10B200000E281FD010B5044670B915E0FFF7D4FF23
:10B210000346022B204612D0032B0DD1FFF7A4FDCD
:10B220000E28044608D03CB1A3072046EED000F01B
:10B230000FF817F0F7FA10BD0020044910BDD4E94B
:10B24000010110BD00200149704700BF0000F87FD8
:10B25000C107034651D4820704D59B0914BF0120BE
:10B260000020704700284AD02DE9F041FFF7C8FFC1
:10B2700021F000450F464FF0FF322946274B064686
:10B2800004464FF0010817F0D1FD40B94FF0FF32EE
:10B29000224B3046294617F0BFFD00B9804618F012
:10B2A000FF0F2ED100224FF48013204629464FF085
:10B2B000010817F0BBFD40B92046294600224FF493
:10B2C000801317F08BFD00B9804618F0FF0F18D1DE
:10B2D0003046394618F0C6F90022114B18F0DCFB55
:10B2E0000022002304460D4617F078FD60B9204681
:10B2F000294617F0D9FDBDE8F081401070470020C5
:10B3000070470020BDE8F081204629460022044B0A
:10B3100017F03CF904460D46E9E700BFFFFFEF7F59
:10B320000000F041FFF794BF38B50D46FFF790FFDE
:10B3300004462846FFF78CFF00F01F0004FA00F0D7
:10B340004300B0EB630F03D0BDE83840FFF766BDA4
:10B3500043F0010038BD00BF38B50D46FFF778FF58
:10B3600004462846FFF774FF00F01F0044FA00F07F
:10B370004300B0EB630F03D0BDE83840FFF74EBD8C
:10B3800043F0010038BD00BF38B50D46FFF760FF40
:10B3900004462846FFF75CFF60404300B0EB630FB4
:10B3A00003D0BDE83840FFF739BD43F0010038BD98
:10B3B00038B50D46FFF74CFF04462846FFF748FF17
:10B3C00020434300B0EB630F03D0BDE83840FFF7E4
:10B3D00025BD43F0010038BD08B5FFF739FFC04374
:10B3E0004300B0EB630F03D0BDE80840FFF716BD84
:10B3F00043F0010008BD00BF38B50D46FFF728FF38
:10B4000004462846FFF724FF20404300B0EB630FBB
:10B4100003D0BDE83840FFF701BD43F0010038BD5F
:10B4200038B50D46FFF714FF04462846FFF710FF16
:10B4300000F01F0024FA00F0B0F1804F03D240006A
:10B4400040F0010038BD17F0DDF9BDE83840FFF7E6
:10B4500035BC00BF0E2816D008B50346C0B19B0707
:10B4600008D0FFF7F5FE07EE900AF8EEE77A17EE40
:10B47000900A08BDFFF7C4FE17F036FD07EE900AEC
:10B4800017EE900A08BDDFED057A17EE900A7047B7
:10B49000DFED027A17EE900A08BD00BF0000C07F02
:10B4A00070B50E46FFF7ACFE044630460D46FFF77A
:10B4B000A7FE02460B462046294617F067F8BDE86E
:10B4C0007040FFF7FBBB00BF70B50E46FFF798FE5C
:10B4D000044630460D46FFF793FE02460B462046D3
:10B4E000294617F051F8BDE87040FFF7E7BB00BFF1
:10B4F00001F00103184203D0C3130133012B12D909
:10B50000D0B50C46FFF77CFE064620460F46FFF7F7
:10B5100077FE02460B463046394617F0EDF9BDE896
:10B52000D040FFF7CBBBCB130133012BE8D843103E
:10B53000481000FB03F04300B0EB630F02D143F06F
:10B5400001007047FFF76ABC032912D0D0B50C4642
:10B55000FFF756FE064620460F46FFF751FE02460D
:10B560000B463046394617F0F1FABDE8D040FFF7F8
:10B57000A5BB7047F8B50C46C107034603D5E207E3
:10B5800001D5620811D11846FFF73AFE064620465B
:10B590000F46FFF735FE0B4602463946304618F097
:10B5A0007BFABDE8F840FFF789BBFFF751FE05467F
:10B5B0002046FFF74DFE95FBF0F303FB10504300D0
:10B5C000B0EB630F03D0BDE8F840FFF727BC43F0B2
:10B5D0000100F8BD70B50E46FFF712FE0446304676
:10B5E0000D46FFF70DFE02460B462046294618F091
:10B5F000ADFBBDE87040FFF761BB00BFC2072DE99E
:10B60000F8430C460BD5CB0709D540104C108442AB
:10B6100041DB3DD1640044F00100BDE8F883FFF751
:10B62000EFFD064620460F46FFF7EAFD04460D46AD
:10B6300002460B463046394617F0EEFB90B92246DB
:10B640002B463046394617F0BFFB28B13046394605
:10B65000BDE8F843FFF732BB22462B4634463D4651
:10B6600016461F46F8F7D8FF2246804689462B46E5
:10B670003046394616F088FF42464B4617F03CF9F3
:10B6800022462B4616F082FFBDE8F843FFF716BBB3
:10B69000234604461846001BFFF73CF920444400AB
:10B6A000B0EB640F02D144F00100B6E7BDE8F84307
:10B6B000FFF7B4BB08B5FFF7A3FD18F04DFABDE8DE
:10B6C0000840FFF7FBBA00BF08B5FFF799FD18F077
:10B6D000BFFABDE80840FFF7F1BA00BF08B5FFF7B1
:10B6E0008FFDF9F7CDFCBDE80840FFF7E7BA00BFD2
:10B6F00008B5FFF785FDF9F73BFCBDE80840FFF70B
:10B70000DDBA00BF08B5FFF77BFD17F0ABFFBDE862
:10B710000840FFF7D3BA00BF08B5FFF771FD054B2E
:10B72000002216F033FFF9F7ABFCBDE80840FFF745
:10B73000C5BA00BF0000E03F0E280BD00E2909D08B
:10B740008842F8B5044607D001F00102104205D046
:10B750000020F8BD002070470120F8BD0D46FFF71E
:10B760002BFD06462846FFF727FD8642F0D144EA26
:10B7700005039B07ECD1032E15D0022EE8D12046FD
:10B78000FFF73EFD064628460F46FFF739FD0B46FC
:10B7900002463946304617F017FB4FF0010300B957
:10B7A0000346D8B2F8BD29462046FFF7B5F9B0FAEE
:10B7B00080F04009F8BD00BF08B5FFF7BDFF0028C5
:10B7C00014BF42200A2008BD08B5FFF7B5FF0028C6
:10B7D0000CBF42200A2008BD0E281AD00E29F8B549
:10B7E0000C4614D00628054615D042283FD00A281A
:10B7F0001CD00629034600F08380422C11D00A2C6D
:10B8000037D09C4210D004F001031D4211D000201B
:10B81000F8BD00207047062906D0422C4FF00003E7
:10B82000EDD10322934204D10120F8BD0123062C5F
:10B83000E3D12846FFF7C0FC06462046FFF7BCFCD4
:10B84000032E22D003282FD0012E14D0012821D07E
:10B850008642DCD145EA04039B07D8D1032847D0B0
:10B86000022828D0601BB0FA80F04009F8BD0323FD
:10B87000DDE70122D6E7062D33D0422D4FF0020638
:10B8800034D00A2DE2D10125E0E7022813D00328A5
:10B89000DCD1DFE7062C4FF0020020D0422C23D071
:10B8A0000A2CD5D10124D3E7022E04D0012EAED12B
:10B8B000062DE2D1ABE72846FFF7A2FC064620465C
:10B8C0000F46FFF79DFC02460B463046394617F0FF
:10B8D0007BFA4FF0010400B90446E0B2F8BD002441
:10B8E000B6E702260025B1E70324B1E70325ADE75B
:10B8F00021462846FFF710F9B0FA80F04009F8BD5C
:10B9000000228FE7FFF768BF08B5FFF765FF002843
:10B9100014BF42200A2008BD08B5FFF75DFF0028CC
:10B920000CBF42200A2008BDF8B5078945687FB1E1
:10B930000E46043D002402E00134A74208D03146FF
:10B9400055F8040FFFF748FF0028F5D02046F8BD52
:10B950004FF0FF30F8BD00BF10B500220446FFF7DE
:10B96000E3FF011E04DB201D01F01CFA012010BDC5
:10B97000002010BD38B58307044608D148B1FFF751
:10B980001BFC032812D0022814D0012038BD0A283D
:10B9900001D1002038BD0028FBD00E28F9D00628A0
:10B9A000F7D010F1FF3018BF012038BD0C4B9C427E
:10B9B000EBD1EEE72046FFF723FC02460B46044698
:10B9C0000D4617F033FA0028E3D12046294600221D
:10B9D000002317F0F9F9B0FA80F0400938BD00BF34
:10B9E00084700200422805D00A2801D0FFF7C2BFA8
:10B9F00000207047012070470E2847D00E2945D0FF
:10BA0000F8B50C460546FFF7D7FB06462046FFF77C
:10BA1000D3FB032E2CD0A54228D02846FFF7F0FBFD
:10BA2000064620460F46FFF7EBFB324604460D461E
:10BA30003B463046394617F0F9F908BB22462B46FB
:10BA40002046294617F0F2F9D0B922462B46304657
:10BA5000394617F0C3F9B0B922462B46304639466D
:10BA600017F0DAF9003018BF0120F8BD0020F8BD4A
:10BA70000328D0D121462846BDE8F840FFF74CB84E
:10BA80006FF00100F8BD4FF0FF30F8BD6FF001001E
:10BA9000704700BF38B501F0010313EA000404D079
:10BAA0008842ACBF0020012038BDFFF7A5FF831CF2
:10BAB00014BFC00F204638BD10B501F0010420426C
:10BAC00003D0884207DC422010BDFFF795FF831C9E
:10BAD00001D00028F7DD0A2010BD00BF10B501F02D
:10BAE0000104204203D0884207DA422010BDFFF74C
:10BAF00083FF831C01D00028F7DB0A2010BD00BFA4
:10BB000010B501F00104204203D0884205DB422039
:10BB100010BDFFF771FF0028F9DA0A2010BD00BF41
:10BB200010B501F00104204203D0884205DD422017
:10BB300010BDFFF761FF0028F9DC0A2010BD00BF2F
:10BB4000F0B591B00446FFF737FB03283DD002283B
:10BB50000FD0052848D0002C4CD00A2C42D00E2CF7
:10BB600045D0422C55D02C4B2C48062C08BF1846EB
:10BB70002CE0E3072CD40E2C39D02046FFF740FBF5
:10BB800021F000450F464FF0FF322946244B064670
:10BB900017F04CF938B9304629464FF0FF32204BA8
:10BBA00017F026F940B332463B463046394617F087
:10BBB0003DF9E0B9304639466A46F8F719FC68465F
:10BBC0004FF0FF31FEF774FD00E0204611B0F0BDEC
:10BBD000694660100BF084FD68464FF0FF31FEF7B8
:10BBE00067FDF3E70F48F1E70F4811B0F0BD0F48CC
:10BBF00011B0F0BD0E48E9E7002330463946002277
:10BC000017F0ECF80B4C0C4B002814BF20461846DC
:10BC1000DCE70A48DAE700BFD8700200FC700200D7
:10BC2000FFFFEF7FF07002000C710200BC70020099
:10BC300068700200C8700200AC700200E47002007C
:10BC400008B5FFF7B9FA052810D8DFE800F00305BA
:10BC500007090B0D084808BD084808BD084808BD7D
:10BC6000084808BD084808BD084808BD40F2223011
:10BC700008F036F8002008BD9C70020058700200E1
:10BC80002071020040710200307102008C700200CD
:10BC900070B50446FFF790FA042813D164B1A307E6
:10BCA0000AD12168164821F001025369834220D04D
:10BCB0002046BDE87040184721461248BDE8704054
:10BCC0000BF00ABF2046FFF73BFF05462046FFF773
:10BCD000B7FF03681B6A98472B6806461B6A28460D
:10BCE00098472246034631460748BDE870400BF0AE
:10BCF000F3BE138805481289BDE870400BF0ECBE16
:10BD000091BC0000BC6F0200E86F0200C86F020027
:10BD100010B504460A46124821460BF0DDFE7CB100
:10BD2000A30705D1216821F00101CB78F92B10D0B0
:10BD3000062C05D140F2DD30BDE8104007F0D0BF41
:10BD40002046FFF739FABDE8104000F5757007F09E
:10BD5000C7BF0B898A7803480BF0BEFEE8E700BF37
:10BD6000586E0200786E020008B5014604480BF0D8
:10BD7000B3FE4FF46470BDE8084007F0B1BF00BFE8
:10BD8000E46E020010B501F099FB0446102000F0AB
:10BD900049FD22690260206110BD00BF38B501F085
:10BDA0008DFB0469054634B123682B612046BDE84C
:10BDB000384000F05DBC40F2533007F091FFF3E7EC
:10BDC000F0B585B0074601F079FB046906468CB1F1
:10BDD00094E80F006D46306185E80F00204600F0C2
:10BDE00047FC0A4B77611B68284631469B6B984796
:10BDF00005B0F0BD06480BF06FFE3846FFF748FF70
:10BE000040F2E73007F06CFFE2E700BF9802002045
:10BE1000986E020010B501F051FB446912239C4258
:10BE2000436101D0204610BD40F2533007F058FF67
:10BE3000204610BD08B501F041FB4369122B05D027
:10BE4000FFF7E8FFBDE80840FFF7BABF08BD00BF35
:10BE500079B110B4084B094C014410F8012B04FBD4
:10BE600003F3884283EA0203F7D118465DF8044BD6
:10BE70007047014B18467047C59D1C819301000116
:10BE800038B5046834F00304054611D0A30F14D16B
:10BE90002846E3699847054625B1B5F5004F05D911
:10BEA000002C03DB40F2493007F01AFF284638BD6A
:10BEB00040F2513007F014FFEAE7C4F39905EBE7CD
:10BEC00038B5144B9A881B6892B1551E53F825104B
:10BED00088421AD0023A03EB82032A4602E0216824
:10BEE00081420BD0013A511C1C46A3F10403F6D148
:10BEF0004FF45270BDE8384007F0F2BE954204D0CE
:10BF0000044800F0BBFE206038BD0248BDE8384060
:10BF100000F0B4BE6C02002018210148FEF7C6BC38
:10BF200074020020036823F001031888800870471A
:10BF300030B338B5C5680446A5B155E90132686823
:10BF4000A96862605A0F032AC4E9020105D040F2D1
:10BF5000493007F0C5FE55F8043C43F0004345F86E
:10BF6000043C38BD50F8043C5A0F032A09D143F071
:10BF7000004344F8043C0020BDE8384001F0A6BA74
:10BF8000704740F2493007F0ABFE54F8043CEEE74E
:10BF900038B550F8043CDB070546A0F104041CD476
:10BFA000104B1B6873B103F108029442F9D359682E
:10BFB0000A449442F5D255F8043C43F0010345F895
:10BFC000043C38BD40F24A3007F08AFE55F8043C84
:10BFD00043F0010345F8043C38BD40F24F3007F010
:10BFE0007FFEDDE760020020830709D140B1030F27
:10BFF00006D00168114B194202D1CB78F92B00D041
:10C0000070470F4B10B504461B688BB103F1080253
:10C010009442F9D3586802449442F5D2094841F059
:10C020000101216022468188BDE8104000F00EBE6B
:10C0300040F24A3007F054FE2168EFE70300004069
:10C04000600200205802002000294DD02DE9F84F51
:10C050000F468046DFF89CB0DFF89CA0DFF88C909C
:10C06000061F002502E00135AF423BD056F8044FD1
:10C07000A307F8D1002CF6D0230FF4D0206810EAE3
:10C080000B0FF0D1C378F92BEDD1DAF8003053B1B2
:10C0900003F108018C4203D35A680A44944207D33F
:10C0A0001B68002BF4D140F24A3007F019FE2068DB
:10C0B000B9F8041040F00100206022460B4800F05F
:10C0C000C5FDB9F80430642BCDD90C200CF048FA2A
:10C0D0000135074A08EB85037D1BC0E9013511686E
:10C0E00001601060BDE8F88F704700BF5802002063
:10C0F00064020020030000406002002038B505689B
:10C100004DB104462846FFF743FFA1882846BDE805
:10C110003840FFF799BF38BD830709D140B1030FFD
:10C1200006D00168234B194202D1CB78F92B00D0FD
:10C130007047214B2DE9F04104461B68002B33D09A
:10C1400003F108029442F8D3586802449442F4D2AE
:10C1500021F0030341F001019B6921600BB12046EE
:10C160009847164D164C2F46AB8883B9236818465E
:10C17000C3B1D3E90026D3F8088022600CF016FA88
:10C1800041463046FFF760FFAB88002BEED03846C3
:10C1900000F074FD036823F003039B69002BE3D0D8
:10C1A0009847E1E7BDE8F08140F24A3007F098FD9A
:10C1B0002168CDE703000040600200205802002003
:10C1C000640200202DE9F04F904B85B01B7803905E
:10C1D000980705D54FF4527007F082FD8B4B1B7802
:10C1E0008A498B4A43F002030B70039B14689588BD
:10C1F00013F0020640F0ED806DB104EB850554F8B4
:10C20000040B20F0010310F0010F18BF1868FFF7AE
:10C2100083FFA542F3D17F4C039801F05DF92368B9
:10C22000B3B17D4B1B68B3F82A8000F0A9FE2568E6
:10C23000A0EB080705EB8805002E40F0DA803FB13F
:10C240000024013455F8040BFFF766FFA742F8D12C
:10C25000724A734B16781D683EB10024013455F8BC
:10C26000040BFFF759FFA642F8D16E496E4A0B68DE
:10C27000176801330B606D4B00221A60002F00F02D
:10C28000C180CDE90122904691467B68029A07F170
:10C2900008059B0805EB83061A44B542029248D272
:10C2A0002B6813F001017CD11A0F062A79D0AE4217
:10C2B00040F28780AA4601E0DAF80030002B4FEA0E
:10C2C00013720FDBD90714D4062A12D05C0009D4EC
:10C2D000DB78F92B40F2493001D007F001FD5046E0
:10C2E00000F09EFC5046FFF7CBFD0AEB800A564556
:10C2F000E2D8AAEB05044FEAA40CE0454FEA8C0211
:10C300004FF0FF01284642F0004BB8BFE046E14441
:10C3100006F02CFF042CC5F800B04BDD00236B6049
:10C32000019B002B48D0019B01955D605546AE42B4
:10C33000B6D83F68002FA8D13D4D029B28689A00CF
:10C340004FEA89014FEA880398B1384800684FEAFC
:10C35000590970B10468C4F39906B14506D241E0A9
:10C360000468C4F399042644B1453CD340680028CE
:10C37000F6D12C4C6069C4E9031378B188420DD81A
:10C380000398C00702D52B480BF0A6FB1F4A137871
:10C3900023F00203137005B0BDE8F08F214841611E
:10C3A000EEE723F001032B602846FFF769FD05EB5C
:10C3B0008005BCE75546BAE71C4B01951D60554604
:10C3C000B5E74FF00043B8F1000F2B60AFDA8846B5
:10C3D000ADE719480BF080FB2A46214617480BF0C1
:10C3E0007BFB09E734464C44A41B00EB8400286027
:10C3F000BFE73A46294612480BF06EFB002F7FF448
:10C400001FAF25E73B463A463946B2E7980B002076
:10C410006C0200209402002098020020990B00205A
:10C420008C02002074020020600200209002002094
:10C4300068020020A4710200847102008C71020065
:10C4400098710200F8B5444D2B6843B11968002972
:10C450006CD00220FFF7B6FE152007F041FC00214A
:10C46000CF20FEF79BFD4FF480510746CE20FEF70C
:10C4700095FD064600200CF013F8324604460146AE
:10C480003648A61B0BF028FB002F3CD130460CF0A1
:10C4900067F8A6F1080104468761416022463048EA
:10C4A0000BF01AFB626893073AD12E4B2E4F2F4E9A
:10C4B000D3E9011010440131C3E90110D31C23F06A
:10C4C000004323F0030343F00043A3603B68E360B1
:10C4D000296804F1080303EB92023B60326079B1F2
:10C4E000A1420DD80A689AB3944203D230E0A34225
:10C4F00003D81A461368002BF9D123601460F8BDE5
:10C5000021602C60F8BD04F5FF447F3424F4FF441F
:10C5100024F07F04A4EB8720002814DC0027B5E773
:10C520004FF4527007F0DCFB6268BEE7CD20FEF7E7
:10C5300035FDA0F54130031F002B8ADD0C4CA0F126
:10C540000C016160AAE7361A0CF00AF807469DE76D
:10C5500013460A46D1E700BF60020020C071020006
:10C56000E0710200740200209002002068020020A6
:10C5700000040320F0B1104B1B68CBB103F108029B
:10C580009042F9D359680A449042F5D250F8043CDD
:10C590005A0F032A10B5044605D040F2493007F07F
:10C5A0009FFB54F8043C43F0004344F8043C10BDA6
:10C5B0000BF0FCBF704700BF60020020072953DD6D
:10C5C000002851D02DE9F04107460020CE1CFFF78E
:10C5D000F9FD264B26F003061D680736043F4FEA97
:10C5E0009608F5B115F0030F40F2513001D12B0F31
:10C5F00001D107F075FB2C68002C40F24B3001DBB9
:10C6000007F06EFB7A1B9310C4F39904A4EB0804A3
:10C61000072BA4EB030401DD072C05DC6D68002D5E
:10C62000E0D10020BDE8F081984426F0C04605EB3B
:10C630008801A40026F0030622F00302686842F095
:10C64000004244F0004446F0C04645F828404860A7
:10C6500005EB8304C5E90021002045F82360FFF7BE
:10C66000B1FD201DBDE8F081002070479002002040
:10C6700050F8043C5A0F032A10B5044605D040F286
:10C68000493007F02DFB54F8043C43F0004344F8D4
:10C69000043C204610BD00BF024A137843F0040357
:10C6A00013707047980B00202DE9F04F85B0C51C22
:10C6B000B0F5003F03904FEA950500F389804A4B9F
:10C6C000DFF834815B68C3F30803002B61D198F86D
:10C6D00000301A075DD143F0010388F8003000F004
:10C6E000EDFE10B14368002B79D0DFF810913F4F79
:10C6F0000024D9F800B0BBF1000F51D0002603E0B0
:10C700005E468B4600294BD040F2513014B93A684E
:10C710005A454DD31BF0030F02D15FEA1B7301D1C1
:10C7200007F0DEFADBF800A0BAF1000F40F24B3060
:10C7300001DB07F0D5FACAF39902521B002ADBF895
:10C740000410DDDB0AD0900040F000404BF82500DB
:10C750000BEB8505012A1CBF69602946002E3BD0E2
:10C7600071600022CBF8002049B14A683AB19307C2
:10C7700001D1130F03D14FF4547007F0B1FA98F8B8
:10C780000020584622F0010288F8002005B0BDE8DC
:10C79000F08F40F2923007F0A3FA98F800309AE751
:10C7A00034B1012C08D0152007F09AFA0134A0E723
:10C7B0000020FFF707FDF9E70D490E48D1E90232E5
:10C7C0000969009103990BF087F9FFF73BFEEDE74C
:10C7D000162007F085FA72E7C9F80010C1E740F2A9
:10C7E0004E3007F07DFA80E700ED00E0680200209F
:10C7F0007402002050710200980B0020900200206B
:10C80000033010B520F00304201DFFF74DFFE31D9A
:10C8100023F0804323F0030343F0804340F8043BBC
:10C8200010BD00BF08B538B1FFF7EAFF50F8043C6F
:10C8300043F0005340F8043C08BD00BFF8B5214B5D
:10C840005B68C3F3080306460F46002B34D100F0A3
:10C8500035FE1D4D1D4AF31B9B102B7004461760BF
:10C86000A8B10C20FFF7CCFF50F8043C62680260CE
:10C8700043F00053A26840F8043CE368C0E9012398
:10C88000E0600023A6602B7063602046F8BD18208E
:10C89000FFF7B6FF0E4A50F8043C1268026043F0FE
:10C8A0000053122240F8043C00234261C0E90333E4
:10C8B000044600F00BFEE4E740F2923007F010FA75
:10C8C000C5E700BF00ED00E0990B00208C020020BE
:10C8D0009402002008B50C4B5B68C3F308030246C2
:10C8E00063B90A4B1B784BB938B1FFF789FF50F891
:10C8F000043C43F0005340F8043C08BD1046BDE83A
:10C9000008400BF02DBE00BF00ED00E0980B0020AA
:10C910001C4B1B689BB370B503F10804A04203D302
:10C920005D682C44A04206D31B68002BF4D1BDE8FF
:10C9300070400BF06BBE044608460D46FFF7CAFF79
:10C9400006469CB196B154F8042C530F032B0FD11B
:10C9500022F0704222F00302AA4228BF2A46214652
:10C96000304605F071FA2046FFF704FE304670BDF0
:10C9700040F2493007F0B4F954F8042CE8E70BF022
:10C9800045BE00BF6002002061B1012938B50ADD53
:10C990004C1E013C0121051DFFF7F6FF631C2846D4
:10C9A000F7D138BD7047044B40F001029988184612
:10C9B000BDE8384000F04AB96C020020830702D17C
:10C9C00008B1030F00D17047024B02469988184600
:10C9D00000F03CB96C0200208207034602D108B186
:10C9E0001B0F00D17047FFF76BBA00BF4068FFF71D
:10C9F000FBBA00BF0430FFF781BB00BF03460C3019
:10CA00009988FFF721BB00BF4068FFF7EDBA00BF70
:10CA100010B504460430FFF771FB04F10C00BDE8CB
:10CA20001040FFF76BBB00BF50F8043B23F001033D
:10CA3000198804398908FFF707BB00BF0320704736
:10CA400003207047808880000F308008704700BF47
:10CA500002207047052070470349044A0023C1E9BA
:10CA60000033C2E9003370476C02002058020020F6
:10CA700000F0E4BC002801DB00F0DCBC704700BF24
:10CA8000704700BF0023C0E9013370470023C0E9AD
:10CA90000133C0E903337047054B10B41A6884684A
:10CAA00083880146A21A03485DF8044B0BF014B8C2
:10CAB00098020020DC7202000146426801480BF037
:10CAC0000BB800BFF47102000146028901480BF067
:10CAD00003B800BF8C720200F8B5C3888B420546CC
:10CAE0000E4625D29BB33F2B2FDDB3F5007F36DBFF
:10CAF00003F580734FF6FE724FF6FF74934298BFB2
:10CB00001C46B442B8BF3446A0000BF029FDEB88A8
:10CB10000746F3B9E21A920007EB8300002106F002
:10CB200025FB28680BF042FD2F60EC80AE80F8BD3D
:10CB300082889142FAD20068521A00EB810092007A
:10CB4000002106F013FBAE80F8BD5C00D9E7042499
:10CB5000D7E79A00296805F077F9EB88DAE7034C04
:10CB600003EB8303A4FB03346408CAE7ABAAAAAAB5
:10CB7000704700BF704700BF0B6823F0010370B51A
:10CB80001B89042B0C46054602D16DB9204670BDA9
:10CB90001048012240F285310AF09EFF40F28530B4
:10CBA00007F09EF8002DF1D0E81C8000FFF77CFD17
:10CBB000064608B1084B0360A368B360AAB2B5800B
:10CBC0009200002106F10C00344606F0CFFA204610
:10CBD00070BD00BFCC7202004072020038B502691D
:10CBE0000D4B9A42054609D00C4803224FF462715E
:10CBF0000AF072FF4FF4627007F072F82888FFF7AE
:10CC000053FD044600B105602A880021043A201D26
:10CC100006F0ACFA204638BD81CA0000CC72020092
:10CC2000036823F001031B69184700BF036823F062
:10CC300001031B69184700BF036823F00103014685
:10CC40001A8801480AF048BF247202004FF6FE73AA
:10CC500099420AD883888B4270B5054616460C4621
:10CC600004D92B6843F8246070BD70470131FFF789
:10CC700033FF2B6843F8246070BD00BF83884BB13D
:10CC8000013B9BB202688380002152F8230042F8E6
:10CC90002310704718467047C38870B54BB33F2BBD
:10CCA0000FDDB3F5007F2CDB03F580744FF6FE72C9
:10CCB000944223D8A4B28C4238BF0C46A34207D377
:10CCC00070BD5C00A4B28C4238BF0C46A342F7D2C0
:10CCD0000546A000FFF794FDEB880646E3B9E21A8B
:10CCE000920006EB8300002106F040FA2E60EC80F3
:10CCF00070BD042938BF04210C46E7E74FF6FF74E6
:10CD0000E4E7084A03EB8304A2FB0424C4F34F04C2
:10CD10008C4238BF0C46D9E79A00296805F094F890
:10CD2000EB88DCE7ABAAAAAA30B5C3888B4283B0F4
:10CD300005460C4609D9036843F82120AB889C427C
:10CD400024BF0134AC8003B030BD4FF6FE7399426E
:10CD5000F9D8013189B20192FFF79EFF2B68019A41
:10CD600043F82420EAE700BF38B5C3888B42044665
:10CD70008DB201D2AB4201D9A58038BD2946FFF75B
:10CD80008BFFA58038BD00BF83884BB1013B9BB2B0
:10CD900002688380002152F8230042F82310704774
:10CDA00018467047F8B583888B421DD905684A1C20
:10CDB0008F009342044655F8216005EB070007D821
:10CDC000013B9BB20022A38045F823203046F8BDEA
:10CDD0005A1A02F18042013A391D2944920019F091
:10CDE0000CFBA3882568EBE70026EFE783888B42DE
:10CDF0001CD970B50E461546591CC28889B28A42A4
:10CE000004460FD9701C216880009B1B061F9A00E6
:10CE10000844314419F0F1FAA3882268013395518E
:10CE2000A38070BDFFF738FFA388EBE7FFF77CBF57
:10CE300070B505460A48EB88AA8829680AF04CFEB6
:10CE4000EB885BB1074E00242B68304653F8241062
:10CE50000AF042FEEB880134A342F5D870BD00BF52
:10CE6000A0720200C472020010B501460446028995
:10CE700003480AF031FE201DBDE81040FFF7D8BF7F
:10CE800008720200024A02600022C0E901227047D3
:10CE900058730200024A026000224260704700BFDD
:10CEA00028730200034A02600022C0E90122C0E99F
:10CEB00003227047F87202002DE9F843068947689B
:10CEC0000C46002E34D03B6899423AD03B460020B5
:10CED00003E053F8042FA24225D00130B042F8D12C
:10CEE000236820465B6A9847236880461B6A204671
:10CEF0009847043F8146002457F8045F2B68284672
:10CF00005B6A98478045284608D12B681B6A98477A
:10CF100042460146484619F061FA30B10134B44244
:10CF2000EAD14FF0FF30BDE8F8832046BDE8F88332
:10CF30000B6808465B6A9847236820461B6A984737
:10CF4000EFE70020EFE700BF704700BF10B50446D1
:10CF50000A46044821460AF0BFFD2046BDE81040BD
:10CF600006F0BEBECC720200014B1B681869704708
:10CF700098020020014B1B689869704798020020B6
:10CF8000014B1B68188C704798020020014B1B68EE
:10CF9000D86B7047980200200268F8B544F210235D
:10CFA0009A4200D0FEE741681B4B0A681B4F9A4229
:10CFB0000446396013D0088C194E8000FFF732FC0C
:10CFC0003B6830601A8C0021920006F0CFF83D6873
:10CFD000144B2A6831689A420E600AD0FEE7124864
:10CFE00010310AF079FD40F29F30BDE8F84006F0BC
:10CFF00077BEA3682A699A42F0D100F0FDFA3A6838
:10D000000023146B05F140001A461946A047BDE8FD
:10D01000F84000F00DBA00BF718E3B9298020020DC
:10D0200094020020708E3B92707202000148FFF75C
:10D03000B3BF00BF4066020048B110F0030207D141
:10D04000036823F00103D978F92903D0104670470B
:10D05000002070471889A0F10600B0FA80F040095E
:10D06000704700BF70B505460C20FFF71DFB044656
:10D0700020B1154B03600023C0E901333DB1AB077C
:10D0800005D12B6823F00103DA78F92A01D0204674
:10D0900070BD0E4A9342FAD12E89002EF7D0204659
:10D0A000FFF78CFC63899E4203D93146201DFFF7B0
:10D0B000F3FDB20069682681606804F0C5FE204671
:10D0C000FFF78AFC204670BD58730200F872020018
:10D0D00038B50D46044608B1830714D040F29B30A2
:10D0E00006F0FEFD29462046FFF7E6FE051E08DB9A
:10D0F0002946201DFFF756FE294604F10C00FFF7D4
:10D1000051FE422038BD036823F00103DA78F92A82
:10D11000E4D1024A9342E5D0E0E700BFF872020092
:10D1200070B50E46FEF76CF8044630460D46FEF725
:10D1300067F802460B462046294616F03FFCBDE83C
:10D140007040FDF7BBBD00BF08B5FEF759F816F0FB
:10D15000DBF9BDE80840FDF7B1BD00BF08B5FEF73B
:10D160004FF816F08DF9BDE80840FDF7A7BD00BFE8
:10D1700008B5FEF745F816F035F9BDE80840FDF7AB
:10D180009DBD00BF08B5FEF73BF8F7F761FDBDE8B0
:10D190000840FDF793BD00BF08B5FEF731F816F063
:10D1A000BBFBBDE80840FDF789BD00BF08B5FEF731
:10D1B00027F816F009FBBDE80840FDF77FBD00BF6A
:10D1C00008B5FEF71DF816F0B1FFBDE80840FDF701
:10D1D00075BD00BF2DE9F04187B207F57A66C0F34F
:10D1E000074382B03046002B14BF1C460C4601F0AA
:10D1F00061F8054618B1284602B0BDE8F08104F098
:10D20000F003102B20D0202B1BD0302B1FD040F24E
:10D210002330A84606F064FD384601F031F8074691
:10D22000182019F0B7F804F00F043946CDE900488A
:10D23000B2B2012305460CF047FE284602B0BDE815
:10D24000F0814FF00208E7E74FF00108E4E780467D
:10D25000E2E700BF38B50D464FF0FF31FDF79EFE07
:10D260000446013005D029462046BDE83840FFF786
:10D27000B1BF40F28B3006F033FD29462046BDE8B1
:10D280003840FFF7A7BF00BF2DE9F0418846174699
:10D290001D46064601F00EF818B104462046BDE8CA
:10D2A000F08129464046FFF795FF294680463846DB
:10D2B000FFF790FF0546102019F06CF8B3B2AA886A
:10D2C000B8F8041004460EF07DFB404600210CF037
:10D2D00027FE284600210CF023FE204601210EF0F7
:10D2E00013FB2046BDE8F08170B54FF0FF310446D6
:10D2F0000420FDF753FE4FF0FF3105460520FDF7F2
:10D300004DFE20210646CA20FDF748FE5CB1012CE7
:10D3100015D0022C0DD10346324629460320BDE824
:10D320007040FFF7B1BF01462846BDE87040FFF7E7
:10D3300051BF40F28D3006F0D3FC002070BD014695
:10D340003046BDE87040FFF745BF00BF007C20219C
:10D35000FFF740BF8088102300F0B8B908B5036814
:10D360009B699847003018BF012008BD08B50BF035
:10D3700007FA003018BF012008BD00BF8088704741
:10D38000054B1A6810B4146B0023A4461A461946BC
:10D390005DF8044B604700BF980200202DE9F04380
:10D3A00085B06C4684E80F0094E80F00BDF8026079
:10D3B000114CBDF8007084E80F0038463146FDF787
:10D3C0003DF904463046FDF783FD94B1DFF82C901B
:10D3D0008046D9F80030E0681D6B00231A464146AC
:10D3E000A847206832463946FDF718F90446002858
:10D3F000EFD105B0BDE8F0832002002098020020A4
:10D4000008B5FFF7E9FABDE808400AF097BF00BF8A
:10D4100008B5064E054632680023146B19461A46B5
:10D420002846A04714200AF00FFFF4E798020020D6
:10D430000AF084BF0AF008BF0AF0AAB850B110B5CC
:10D440000446FFF7BBFA2146034A0448BDE81040F2
:10D450000AF0EEBD704700BF7183010011D40000D7
:10D4600050B110B50446FFF7A9FA2146034A044813
:10D47000BDE810400AF0DCBD704700BF01D40000D9
:10D4800081D3000089B280B20AF004BF064B10B508
:10D490001C68FDF779FD04F2FF14204420F4FF70AE
:10D4A00020F0010010BD00BF980200200AF058B81B
:10D4B00008B50CF01DFB08BD0CF02ABB024B186828
:10D4C00000B1006A704700BF380A0020014B1B689A
:10D4D00018627047380A00202DE9F04FDFF8F89005
:10D4E000D9F8003087B0002B69D0824600200AF0BE
:10D4F00037FB8500044628460BF032F803900AF00B
:10D500002FFB844256D1002C40DD039BA3F1040B7A
:10D510000AF0020302930BEB050300934FF000089F
:10D520005BF8047F3E6A76B37069FEF7F5FDDDF8BF
:10D5300008A0CDF804B00436D9F8003034689F4212
:10D540002AD03868BD680AF04FF8D9F80030281A98
:10D550009F420444756807D03868D7F808B00AF0CD
:10D5600043F8ABEB00000544BAF1000F04D017E01C
:10D5700054F8040BFEF7D0FDAC42F9D3B668002E88
:10D58000DAD1DDF804B0009B5B45C9D1039807B040
:10D59000BDE8F04F0BF00AB87568BAF1000FEBD098
:10D5A0002B1B41469B1022460A480AF095FA08F1C7
:10D5B0000108E1E74FF44B7006F092FBA3E701206E
:10D5C0000AF0CEFF0590059807B0BDE8F04F0AF0CD
:10D5D000EDBF00BF98730200380A002010B501F0BB
:10D5E000B5F80446302018F0D5FE2146012300226C
:10D5F000BDE810400CF008BB70B5FFF7EFFF01F07D
:10D600003FF91E4B1B681C8D34BB1D4C1D481E4E24
:10D610000AF0D8FB04F5807501E0AC420AD054F85A
:10D62000040F0028F9D003681B68B342F5D098476F
:10D63000AC42F4D101F000FA4FF0FF310D20FDF7BC
:10D64000ADFC00F01DFE18B1036800211B6898476F
:10D65000BDE8704001F0E6B821464FF02020FEF70B
:10D66000ADFF21460546024608480AF035FA002D6E
:10D67000CBD1142006F034FBC7E700BF980200208E
:10D68000300500209C0200203195000088730200C4
:10D6900010B5084C08480FF057FE20460DF080FEEC
:10D6A000064A0749204618F070FE064B064A1A60E3
:10D6B00010BD00BF9C0200202002002000000020BE
:10D6C000F9B20100C0020020087A02002DE9F04FF3
:10D6D0008DB016461F4604460D46FCF7AFFF38B125
:10D6E000324629462046FCF7BDFF0DB0BDE8F08F5D
:10D6F0000F2CBFB201D1C02F0ED1282018F04AFE46
:10D70000A1B2804600971D4BAAB20AF097FF41468E
:10D710001B480DF02BFD50BB002DE1D14FF0FF3128
:10D720002046FCF78BFF07460028D9D0DFF84CB025
:10D73000DFF84CA01FFA84F94FF010083A89CDF8B1
:10D7400000805B46494602A80AF078FF02A95046CD
:10D750000DF0CAFC02A80AF089FF38684FF0FF32CA
:10D760002146FCF75BFF07460028E7D1B8E74046B3
:10D770000AF07CFF404618F004FECDE79DD3000080
:10D780009C02002000B585B08AB2012381B26846B0
:10D790000FF0BAFD05B05DF804FB00BF4FF0FF319C
:10D7A0000148FCF7FFBF00BFA473020008B50DF0ED
:10D7B00045FF08BD08B503681B6A9847BDE80840E7
:10D7C000014601480AF088B9AC73020010B503683D
:10D7D0001B6A0C46984722460146BDE810400148A6
:10D7E0000AF07AB9B4730200014820F06040704733
:10D7F00000000320BFF34F8F0549064BCA6802F4AF
:10D80000E0621343CB60BFF34F8F00BFFDE700BF63
:10D8100000ED00E00400FA050048704716FCFFFF29
:10D820000048704716FCFFFF0048704716FCFFFFDA
:10D830000020704790F8200080F00100704700BF82
:10D840000048704716FCFFFF00487047C073020095
:10D8500000487047D47302002DE9F047274C90B080
:10D8600081462068189F884616461C460BF0BCFB74
:10D87000002840D0B8F1010F08BF4FF040087A1CD3
:10D8800018BF043409F062FE9CB3B8F1400F14BF16
:10D89000C2464FF0000A1BE0434625462B43009347
:10D8A0007B1C224622D0CDF80170043C151F0DF1DF
:10D8B000050031462A4604F0C7FA641B4022694637
:10D8C000D9F808004FF0FF372E4411F0AFF984B1BA
:10D8D0003C22002101A805F049FC3F2CDCD93F2562
:10D8E00053462B4300937B1C2A46DCD10DF10100EB
:10D8F000DFE709F01DFE10B0BDE8F087600A0020E8
:10D9000000B50749837883B002460868054900914D
:10D910000C330121FFF7A0FF03B05DF804FB00BF4B
:10D92000C80200202000800030B50446C06983B0E2
:10D930000830154604F088FAE2694FF0FF31009193
:10D940002B1D043220464021FFF786FF03B030BD77
:10D950002DE9F041114DDFF85080114F114E2B7819
:10D960008BB9D8F81C3010485F6004223146FFF7AD
:10D97000DBFF14242B783220002BF0D10AF064FC5A
:10D98000013CF7D1EAE7094C206818B10AF00EFE15
:10D990000023236000232B70BDE8F0819A0B002048
:10D9A000FDF99236C40200208C030020CC02002036
:10D9B00010B5047D82B05CB11C46002C4FF0FF34E2
:10D9C000134600940A4614BFC0218021FFF744FF8C
:10D9D000002002B010BD00BF70B590B005464022D7
:10D9E000C068694611F09EF8002820DDEB699DF8BB
:10D9F00000401888E8B904F03F0604333246184462
:10DA00000DF1010104F020FAEB691A8814F0C0004E
:10DA100016441E800BD04028EB6918D080280CBF1C
:10DA2000012202229A70EB69002218881A8010B035
:10DA300070BD22060ED404F03F068219B2F5827F33
:10DA4000DBDDDC200BF098FDEB691888D5E70022C0
:10DA50009A70E8E7DA200BF08FFDEB691888EAE7A7
:10DA600030B5B2F5807F83B00ADD1346C2695268D3
:10DA700000920A464021FFF7EFFE002003B030BDC0
:10DA8000FFF752FF002003B030BD00BF2DE9F04189
:10DA900084B00746FFF7A0FF044630B1FD6995F852
:10DAA0000280B8F1000F04D00024204604B0BDE885
:10DAB000F0812B896E68AB80A5F80680FFF7F8FC33
:10DAC0000121102EB861397500F0D98021D9884B19
:10DAD0009E4200F0CE8062D9864B9E4251D0864B4A
:10DAE0009E4200F0868003F1374303F5AA1303F248
:10DAF00021439E426BD00123EB80FA694FF0FF3344
:10DB000000930432384604234021FFF7A5FE002489
:10DB1000CBE7032E00F0E7801CD9082E72D0092E27
:10DB200040F0CC802A6993001033A34204D040F225
:10DB30008B100BF021FD2A69E868531E1435002A6A
:10DB4000DBD0401B2A18013B55F8041B11605C1CFC
:10DB5000F8D1D2E78E4277D0022ECCD143F6F073C3
:10DB6000DC68A4F58073B3F57C5F80F09B80204671
:10DB700018F09BFC024621463846FFF771FF044629
:10DB800093E7FFF7FDF95D4B029008221B680393B2
:10DB900038460DEB02014446FFF7C6FE85E7202E0E
:10DBA00075D0212EA7D1564B1C68002C00F08E801A
:10DBB00005F10C00A047FA694FF0FF3300930432DF
:10DBC0003846042340214446FFF746FE6DE74B4BA1
:10DBD000FA691B68E8684B4D18604FF0FF330093FB
:10DBE000043229703846042340214446FFF734FEAE
:10DBF0005BE7454B454A196812683846FFF730FF26
:10DC0000044652E7102C03D040F291100BF0B4FC04
:10DC10002C69402C49D805F10803E868621E34B12C
:10DC2000C01A195843F8041B013A511CF9D1FA697A
:10DC3000A3004FF0FF3100910433043238464021F5
:10DC4000FFF70AFE002430E7314B4FF48272C5E93A
:10DC50000523C5E903880221A960FA694FF0FF3363
:10DC6000009304323846182340214446FFF7F4FD60
:10DC70001BE7284B284A1A6009F08EFC3DE727492C
:10DC8000384651F8042BFFF7EBFE04460DE72B7BDB
:10DC90002BB12349234B244A0F601A602DE7214AF8
:10DCA00013602AE7214C032265E740F293100BF042
:10DCB00063FC05F10803E868621EB1E7042E7FF4F7
:10DCC0001AAF1B4BC3F80080FFF794FD0223EB80D3
:10DCD000FA694FF0FF3300930432384604234021A1
:10DCE000FFF7BAFDE1E6124B124A1A60FFF782FD18
:10DCF00093BD2011E066FC53101590709402002033
:10DD0000880300209A0B0020CC020020D0020020C3
:10DD10006044115504D802207FACEBF0340600209B
:10DD2000C80200208403002001D90000E87302002B
:10DD3000FCFF0220EF6926F0002210B4074C0460BB
:10DD4000C161C0E90222027102610275427580F868
:10DD5000202082615DF8044B704700BF1074020000
:10DD6000F0B5044683B0E5692948294609F0B4FEB8
:10DD7000E369002B08DA274A126823F000430321E5
:10DD8000E361116003B0F0BDA06966686B882A8802
:10DD900035F8021CCDE900061F4809F09DFE2B88CE
:10DDA00046F64002934224D0B3F5D04F00D0FEE7B0
:10DDB00004F12406E369194D194FC6F1005202F52A
:10DDC00040322A60DA1CA2613868164A02331360B6
:10DDD00008B10AF0EBFB28680AF0C2FB2A68386039
:10DDE000314604F031F8104B23F00103E36103B036
:10DDF000F0BDE36962680233032AE361C2D1054AD8
:10DE0000A3691268002143F000431160A361B9E7E0
:10DE100024740200940200202C740200D00200201E
:10DE2000CC020020C402002051D9000000B5684691
:10DE3000FFF796FF00BD7047F8B530B30E460546B4
:10DE400019B31C4F3C6814B90CE0246C54B123681E
:10DE50009D42FAD163689E42F7D1174809F03CFE13
:10DE60002046F8BD154809F037FE442018F092FA14
:10DE700032460446C0E900562946083011F012F92E
:10DE80003B6823643C602046F8BD0D4809F024FE41
:10DE90004FF0FF311920FDF781F800F0F1F94FF054
:10DEA000FF3105461820FDF779F800F0E9F906463C
:10DEB000C7E700BFD402002060740200787402003B
:10DEC0004474020008B5FFF7B7FF083008BD00BF73
:10DED0002DE9F041074682B00C4600201146164657
:10DEE0009846FCF7E3FC0546FEF768FD610089B241
:10DEF000334605F10802CDF8008007F1080011F063
:10DF000097F804462846FEF767FD002C0CBF28460C
:10DF1000002002B0BDE8F08110B582B054680093D3
:10DF2000490089B223460832083011F049F802B09E
:10DF300010BD00BF002070470020704700207047D0
:10DF4000002070476FF47D70704700BF6FF47D70E4
:10DF5000704700BF6FF47D70704700BF38B5094D42
:10DF60002C680CB1204638BD4FF4867018F012FAB8
:10DF7000054B0446214640F8043B0CF0A9FC2C60FC
:10DF8000204638BDD80200209C740200FFF7E6BF8F
:10DF900008B5FFF7E3FF002008BD00BFFFF7DEBFB5
:10DFA000FFF7DCBF2DE9F84F037C384E04465811CB
:10DFB000C00100F1824000F50040012703F01F037B
:10DFC00007FA03F3836092469AB21B0C42F0804238
:10DFD00043F040438262836234200D460BF05AFEC8
:10DFE00009F0B4FA2A4B5A6842F006025A601F62DE
:10DFF000A3F50053AA441A8842F480421A801A8872
:10E0000042F400421A80237C95F800B05C09E401D8
:10E0100004F1824403F01F0305F1010804F50044F4
:10E020009F408025B146A7610220B0471BEA050F3B
:10E0300003D00320B047676102E067610220B04768
:10E040006D1003D00420EDB2C847ECE7D04508D2EC
:10E0500008F10105032098F800B0A846C8478025BC
:10E06000E1E70B4A536823F006035360A2F5005220
:10E07000138823F480431B041B0C13801388C3F301
:10E080000E031380BDE8F84F09F052BA25000020B6
:10E09000006000412DE9F04702EB4207F03782B003
:10E0A0008046384615460E4618F06DF93A4600216E
:10E0B000044605F05BF88022114678234FF0000CEF
:10E0C000AC4520DAE05C1043E054501004EB030947
:10E0D00031D016F80CA011EA0A0F4FEAA2025FFA3B
:10E0E00080FE05D099F800A04EEA0A0E89F800E0FB
:10E0F00082BB0133402249102AD10CF1010CAC45FE
:10E100004FF08001DEDB00221146404600F0EEFBBE
:10E11000036814491B680546984729680023009343
:10E120003A462846CD682146A847204602B0BDE8B9
:10E13000F04718F026B916F80C20114203F101033C
:10E140000DD04FF0800E7046402204EB0309C9E762
:10E15000C9B2B5E7801003D101338022CBE720207C
:10E16000C2B2C8E7009F24002DE9F04383B00A46FD
:10E1700000211E460A9F00F0B9FB002403680094AA
:10E180000546D3F80C80144923460422C0472B6867
:10E19000009431463A46DE6828462346B0472B684D
:10E1A0000094DE680C49234628460422B047FF0845
:10E1B0000ED0DFF82890A0462B68CDF80080DE68EE
:10E1C00020340023042249462846B047BC42F3D3FA
:10E1D00003B0BDE8F08300BFDC020020080000208F
:10E1E0002DE9F04184B27F2C25DC154E154D335DB1
:10E1F0002868CBB9144F397801318900FEF788FBC4
:10E200002860242018F0C6F80323E2B204F1640168
:10E21000804611F089FA397828684A1CD2B240F851
:10E220002180325513463A7003F18043013B50F888
:10E230002300BDE8F0814FF4637005F051FDD4E791
:10E24000E0020020600300209B0B002038B54FF057
:10E25000FF310546FCF7A2FE0446013004D02046FB
:10E26000BDE83840FFF7BCBF2946044809F034FC3C
:10E270002046BDE83840FFF7B3BF00BFB8740200C6
:10E28000002804DBFF2802D080B2FFF7A9BF0020DE
:10E29000704700BF08B54FF0FF31FCF77FFE002844
:10E2A00006DBFF2804D080B2BDE80840FFF798BF26
:10E2B000002008BD0B4B10B403F5807401E0A342AD
:10E2C0000AD053F8042B002AF9D091888142F6D164
:10E2D00010465DF8044B7047002210465DF8044B71
:10E2E000704700BF34050020FFF7D4BF014600206F
:10E2F000FCF7DCBA014B9868704700BF2002002091
:10E3000003685B69184700BF0368DB68184700BFF4
:10E31000704700BF0048704716FCFFFF10B5044B64
:10E32000036000230446C38009F0C0FA204610BDF4
:10E33000D074020010B5064B036000230446C3806E
:10E3400009F0B4FA204618F01CF8204610BD00BFB2
:10E35000D074020010B5044B036000230446C38050
:10E3600009F0A4FA204610BDD074020010B5064B87
:10E37000036000230446C38009F098FA204618F091
:10E3800000F8204610BD00BFD074020090F82C3079
:10E3900003B970472DE9F04706468068036884B0EA
:10E3A0001B6800219847B068036801211B689847E3
:10E3B000082400253069036801219B688D40984737
:10E3C000002108B145F00105F06803681B68984713
:10E3D000F068036801211B689847013CEAD1D6E93F
:10E3E00005376F409F4229D006F11C0506F12C0924
:10E3F0004FF0010811E061B940F6020A01235146CD
:10E4000068460EF081FF51460123002268460EF057
:10E410007BFFA94504F101040FD035F8022B08FA5F
:10E4200004F307EA0301002AF3D070690342E2D142
:10E430000029EED040F6030AE0E7776104B0BDE8BA
:10E44000F08700BF08B503685B689847003018BFC5
:10E45000012008BD03681B68184700BF70B503683A
:10E4600004460D461646DB6C032198473246294682
:10E4700020891023BDE87040FFF728B98B1E70B5C6
:10E480000D4604461646032B13D8DFE803F00F0FA2
:10E49000020203680321DB6C204698473246294676
:10E4A00020891023BDE87040FFF710B903680221EE
:10E4B000F1E770BD2DE9F047A1F1040A04461646C4
:10E4C000D7170BF025FBBAFA8AFA4FEA5A1A804698
:10E4D000894609E00BF01CFBB0EB080261EB090375
:10E4E0009F4208BF964220D3236820465B68984726
:10E4F00050450546EED10BF00BFB824609E00BF0D0
:10E5000007FBB0EB080261EB09039F4208BF96428C
:10E510000BD3236820465B6898478542EFD00BF009
:10E52000F7FAA0EB0A00BDE8F0870020BDE8F0870D
:10E5300031B1036801290CBF022100211B6C18476F
:10E54000036801211B6C1847F8B5254D2C680CB1E8
:10E550002046F8BD302017F01DFF0026214B036038
:10E560000446466009F034F91F4B23604FF0FF3139
:10E570004720FCF713FDFFF783FE4FF0FF31A0604B
:10E580004820FCF70BFDFFF77BFE4FF0FF31E0600A
:10E590004920FCF703FDFFF773FEE288E66126627F
:10E5A0006662A6624FF47A670368A78042F400525D
:10E5B0000127E28039466661A661206184F82C70EB
:10E5C0009B689847A068036839461B689847E068CD
:10E5D000036839461B6898472C602046F8BD00BF89
:10E5E00064030020D0740200F074020070B5A0F241
:10E5F0001A45072D04460E460ED9A4F57A73072B4B
:10E6000001D9002070BDFFF79FFFA4F5777400EBE0
:10E6100044040120A68070BDFFF796FF01228369A4
:10E6200002FA05F52B43323C8361E6E7104B10B448
:10E630001C68CCB104F11C02002332F8021B884292
:10E6400006D00133082BF8D100205DF8044B704749
:10E6500061695DF8044B012202FA03F30B420CBF1F
:10E6600000204FF40070704720465DF8044B70475F
:10E6700064030020F8B54FF0FF3107464820FCF74F
:10E680008DFCFFF7FDFD002428B3FFF75DFF054675
:10E690008068036800211B689847A8680368012107
:10E6A0001B689847002F16DD26462869036801215C
:10E6B0009B688C4098470136002108B144F0010462
:10E6C000E86803681B689847E868036801211B68CD
:10E6D0009847B742E9D12046F8BD00BF10B54FF0CA
:10E6E000FF314820FCF75AFCFFF7CAFDA0B1FFF745
:10E6F0002BFF04460069036800219B689847A068C7
:10E70000036800219B689847E068036800219B68C4
:10E710009847002384F82C3010BD00BF03685B6E5F
:10E72000184700BF026810B4146940F2DC53A446D5
:10E730004FF4FA625DF8044B604700BF03681B6E3C
:10E74000184700BF704700BF704700BF2DE9F84F62
:10E750003049DFF8CC80304EDA20FCF71FFC4FF058
:10E76000FF3107462C20FCF719FCD8F800E00128FF
:10E770000CBF4FF0120C4FF0000C18254FF0010B9E
:10E7800027FA05F111F0FF0110D08C450ED01329A6
:10E790000CD0102939D00120112304E0994211D066
:10E7A00016F832301046421C002BF7D1083D15F107
:10E7B000080FE5D14FF46770002505F091FA28465F
:10E7C000BDE8F88F0BFA00F91EEA090FEED106EB4F
:10E7D000C004D4F804A0DAF800309B07E6D401F0B6
:10E7E0000F010E4809F078F9182017F0D3FD627870
:10E7F000514605460FF0F0FED8F8003043EA090311
:10E80000C8F800302846BDE8F88F00204FF0010915
:10E81000DAE700BF00121110187502000875020037
:10E820006803002008B50548FCF762F8044800F0CA
:10E8300033F9BDE8084017F040BD00BFA10D0C0042
:10E8400049E7000043F6F07343F6FE721B68591E59
:10E85000914211D813F003000ED1084A1968914271
:10E860000BD102F1C27202F5D342596808329142CB
:10E8700003D103F11000704700207047F1109E1E75
:10E88000704700BF2DE9F041144F3C6814B90DE00A
:10E89000A46D5CB12568A842FAD16568A942F7D198
:10E8A000A3689A42F4D12046BDE8F08105465C2079
:10E8B00090460E4617F06EFD43460446C0E90056EA
:10E8C000C0F80880324629460C3011F01DFD3B6827
:10E8D000A3653C602046BDE8F08100BF6C030020CA
:10E8E00008B55A2005F0FCF9002008BD08B5FFF76F
:10E8F000C9FF0C3008BD00BF0C3011F0B5BC00BF23
:10E9000070B50D4682B014460646A8B17DB105F13A
:10E9100008016A684CB104F108036468009406F1C8
:10E920000C0011F06DFA02B070BD2346F6E7002C22
:10E93000F9D02A462946EEE740F2DD3005F0D0F95D
:10E94000E4E700BF0C3011F0FBB900BF0C30082227
:10E9500011F0FCB908B54FF4FA7009F075FC0248E3
:10E96000BDE808400AF0E6BDB0030020704700BFD4
:10E9700070B5044608F0F4FD274920F0004008F087
:10E98000AFFE2046254917F098FD00283AD0C379FC
:10E990000D2B00F107052CD92A4642F2014112F84D
:10E9A000013F0D2B21FA03F4F9D8E307F7D5541BE7
:10E9B00004F10A00FDF736FF22462946064603F019
:10E9C00043FA174B17491868305134449A889B7999
:10E9D000A2803046A37117F070FDC8B1002300F883
:10E9E000033B114BC3E9006010490B4ACB609A60AE
:10E9F00070BD42F20144DC40E44314F00104CBD189
:10EA00000A20D7E7084B0A490A4AC3E90012EBE794
:10EA1000054BC3E90066E7E7E404002068750200DF
:10EA20007075020078750200D8040020B003002041
:10EA30007C7502008C75020010B543F6F0730B4C28
:10EA4000D8680B4B2361FFF793FFFFF78FFF20463A
:10EA500008490AF071FA204607490AF06DFA074999
:10EA60000748BDE8104009F0D5BA00BFB003002048
:10EA7000B07502008C030020700300203D8301006C
:10EA800055E9000008B503480AF0AEFA003018BF97
:10EA9000012008BDB0030020014B1860704700BF83
:10EAA000D404002070B50A46002304460D460146F2
:10EAB0000548FEF77DFF054B1B6823B1294620461C
:10EAC000BDE87040184770BD8C030020D4040020BE
:10EAD00008B508210648FFF7E5FF064850F8041B73
:10EAE000FFF7E0FF02210448BDE80840FFF7DABF66
:10EAF000A075020034060020AC75020008B5084875
:10EB00000AF020F907490848FFF716F9074B084AA9
:10EB10001A6000221A71C3E902221A6108BD00BFFF
:10EB2000B0030020CC0300208C03002070030020E1
:10EB3000F473020008B503689B699847002814BF66
:10EB40004FF40070002008BD10B588B06C4684E812
:10EB50000F00BDF80020A2F57A6292B2012340F6C0
:10EB6000020104A80EF0D0FB08B010BD10B588B0AB
:10EB70006C4684E80F00BDF80020A2F57A6292B2DC
:10EB8000012340F6030104A80EF0BEFB08B010BD3F
:10EB900010B5034B036004460BF0F4F8204610BD9B
:10EBA000CC75020010B5054B036004460BF0EAF883
:10EBB000204617F0E6FB204610BD00BFCC750200D2
:10EBC00010B5034B036004460BF0DCF8204610BD83
:10EBD000CC75020010B5054B036004460BF0D2F86B
:10EBE000204617F0CEFB204610BD00BFCC750200BA
:10EBF00038B50546102017F0CDFB2A68456004465D
:10EC0000002352690360A36028469047034BA0810C
:10EC10001A6822601C60204638BD00BFF004002046
:10EC200010B50446FEF744FCA368C31A312B01D883
:10EC3000A08910BD6368A0601A6818465369984798
:10EC400080B2A08110BD00BF38B504468069FFF7CF
:10EC5000E7FFB4F91C30002BACBFA0F50074C0F581
:10EC600000743221D820FCF799F94FF4FA71054667
:10EC7000D920FCF793F9641B401B640294FBF0F06D
:10EC8000B0F5007FA8BF4FF4007020EAE07038BDF7
:10EC900010B504468069FFF7C3FFB4F91C30002BA0
:10ECA000AEBFA0F50070C0F500705B42984209DC71
:10ECB000A27F22B103EB4303B0EBA30F05DC0020DE
:10ECC000A07710BD0120A07710BD012010BD00BFAE
:10ECD00010B50446081ED8BF04F57A60FFF7EAFABB
:10ECE00020B10368BDE810401B6A18472046FFF7B3
:10ECF0009DFC002814BF4FF40070002010BD00BF21
:10ED00002DE9F0410B4682B006464FF0FF31184620
:10ED1000FCF744F9431C0CD0C0F3074306F57A67AF
:10ED2000002B0546384614BF1C462024FFF7C2FAC4
:10ED300010B102B0BDE8F081ADB231462846FFF710
:10ED400055FC03460028F4D1A5F24C46C72E57D9EE
:10ED500004F0F002102A7FD0202A00F08380302AAD
:10ED600000F0828040F223301E4604F0B9FF2846AE
:10ED7000FFF786FA8046182017F00CFB04F00F040A
:10ED8000054601234146CDE90046BAB20BF09CF896
:10ED90003A4B2B60AC880F2CCBD0394E28203768EB
:10EDA00017F0F8FA1023214600930122354B8046D4
:10EDB00009F044FC3B6838465B68414698470028A8
:10EDC00054D1AD8834680F2DB3D0282017F0E2FA63
:10EDD00010232946009302222B4B064609F02EFCF5
:10EDE000236831465B68204698470028A1D030460A
:10EDF00009F03CFC304602B0BDE8F04117F0C1BA62
:10EE00004FF49671D520FCF7C9F8632EC8BFA5F55D
:10EE100096668046C8BFC0F100083046FFF730FA5A
:10EE20001A4B1C6814B919E02468BCB16368984295
:10EE3000FAD1202017F0AEFA0026054661680123BA
:10EE4000BAB2CDE900660BF03FF8114BAC61A5F802
:10EE50001C80AE772B609DE7012688E7FFF7C8FE90
:10EE60000446E6E7022682E7064680E7404609F0C8
:10EE7000FDFB404617F085FAA3E700BFCC75020002
:10EE80006C0A00206DEB000049EB0000F00400204C
:10EE9000F8750200704700BF704700BF704700BFA1
:10EEA0000020704700207047704700BF704700BFC8
:10EEB00000207047002070470020704700207047F6
:10EEC00000207047704700BF38B51A4D2C680CB150
:10EED000204638BD4FF0FF310E20FCF75FF8FFF7FA
:10EEE000CFF920B3182017F055FA4FF0FF31044640
:10EEF0000E20FCF753F8FFF7C3F911220146204614
:10EF00000AF020FF204632210AF040FC20464FF450
:10EF100059710AF033FC204680210AF067FC204634
:10EF20004FF460710AF048FC2C60204638BD2C6814
:10EF3000CEE700BFF404002070B586B004460D464D
:10EF4000FFF7C2FF30B3034668469A88D988ADF808
:10EF500004201A89ADF80610ADF8082059899A895D
:10EF6000DE89ADF80A10ADF80C20198A5A690A4BEF
:10EF7000ADF8101005920093ADF80E600AF0DCFBBE
:10EF8000BDF804002A4621461023FEF79FFB684681
:10EF90000AF0B4FE06B070BD687C020030B587B0E0
:10EFA000FFF792FF30B3034668469A88DC881989D8
:10EFB000ADF804205A899D89ADF80640ADF80810D7
:10EFC000DC89198AADF80A205A690C4BADF80E405D
:10EFD000ADF8101005920093ADF80C500AF078FBD4
:10EFE000041E6846B8BF03340AF088FEA410204609
:10EFF00007B030BD7F24204607B030BD687C0200DA
:10F0000070B586B005460C46FFF75EFF18B38288E0
:10F01000C388ADF80420A10004894289ADF8063008
:10F02000ADF808408389048AC689ADF80A20ADF896
:10F030000C3042690A4BADF81040012D6C46ADF81A
:10F040000E6089B205920093204606D00AF0B4FB08
:10F0500020460AF053FE06B070BD0AF0C7FBF7E782
:10F06000687C020008B5FDF7E1FF002008BD00BF85
:10F0700010B5044600F0AEF822461023022140F6F7
:10F08000B930BDE81040FEF721BB00BF08B500F065
:10F09000A1F878B10EF06CF807EE900AFDEEE77A71
:10F0A00017EE900A772803DC332805DC002008BD22
:10F0B000FF2008BD342008BD9FED0D7ADFED0D6AFD
:10F0C000F8EEE77A77EEC77AFDEEE77A17EE903A38
:10F0D000C3EB032307EE903AF8EEE77A87EEA67AC1
:10F0E000FDEEC77A17EE900AFF28A8BFFF2008BDE3
:10F0F000000050420000884210B5044600F06AF853
:10F10000D8B184F3080307EE903A9FED0C7A9FED97
:10F110000C6ADFED0C6AF8EEE77ABDE8104067EEA6
:10F12000877A87EE867A77EE267AFDEEE77AF8EE32
:10F13000E77A17EE901A0EF045B810BD000088422D
:10F1400000007F430000504270B51D4D2C6884B014
:10F1500014B1204604B070BD4FF4267017F01AF9B0
:10F160004FF0FF3104461120FBF718FFFFF788F836
:10F170004FF0FF3106461020FBF710FFFFF780F835
:10F180001423024631460093204645F2F0530EF018
:10F1900087FD0C4A019240F6B9360B4A0B4B0092A0
:10F1A00004F510710A4A029604F51B700DF0AEFFCB
:10F1B00020460EF06DFE20462C6004B070BD00BFEE
:10F1C000F804002000005042000010410000964268
:10F1D0000000BE4208B5FFF7B7FF08B100F51B708D
:10F1E00008BD00BF41607047064A136883EA433395
:10F1F00083EA534383EA431398B2A0F5FF401360B8
:10F200007F38704710000020B1F5007F0846A8BF86
:10F21000A1F50070B0F5807FC8BFC0F5007000FB9D
:10F2200000F240F63B1303FB02F31B14A3F5A443C7
:10F230003A3B02FB03F34CF6FE0202EB234300FBD6
:10F2400003F00012B1F5007F28BF4042704700BFB5
:10F250008901A1F5FF407F38704700BFB1F5007FFD
:10F2600007D3C1F57F710331C901A1F5FF407F3894
:10F270007047C801A0F5FF407F38704710B4036A9B
:10F28000064A1C780648662313FB042347F6FF72E0
:10F290008B42D8BF10465DF8044B704704FCFFFF5B
:10F2A0000180FFFF836930B403F03F0494421BD018
:10F2B0000F4D2C6884EA443484EA544484EA4414AC
:10F2C00002F03F0204F400431A432C60826143B110
:10F2D000084B47F6FF70B1F5007F38BF184630BCC9
:10F2E0007047184630BC704703F40043EFE700BF97
:10F2F0000C0000200180FFFF10B4036A0D481B784A
:10F300000D4C1844012310F8100C0240501102F06B
:10F310001F0254F8200003FA02F2104006D00748FA
:10F3200047F6FF72B1F5007F28BF10465DF8044B29
:10F33000704700BF3C760200347602000180FFFF78
:10F340000020704738B5114B114DC0F8583103F10A
:10F35000280103F134020446C0F86011C0F86421AA
:10F36000056000F5C2700EF061F804F5C0700EF093
:10F370005DF8084BC4F85831002304F5AC70A4F8CC
:10F380005E3108F093FA204638BD00BF908102003C
:10F3900024760200D074020038B5124B124DC0F82A
:10F3A000583103F1280103F134020446C0F860111A
:10F3B000C0F86421056000F5C2700EF037F804F55E
:10F3C000C0700EF033F8094BC4F85831002304F52F
:10F3D000AC70A4F85E3108F069FA204616F0D1FF4F
:10F3E000204638BD9081020024760200D0740200CD
:10F3F0002DE9F04FD0F85051DFF8BCC04FF0FF3787
:10F400004FF0020E4FF0010B002D4AD02B466FF04B
:10F410007F481A793AB984681968091B002908DD00
:10F420008845A8BF88469B68002BF2D14046BDE8BE
:10F43000F08F81464FF0FF3808EB880100EBC10ADE
:10F44000D9F82C1091B3B8F1FF3F05D0DAF81010BD
:10F45000D9F81060B14200D290460132082A09F171
:10F460002809E9D108EB880200EBC2021032D16909
:10F4700009B181F804E0D3F80C80D36108F10801E8
:10F4800083F804B014601162D8F80430D760ACFB84
:10F490000343DB0803EB430301EB83035362002DBB
:10F4A000B4D16FF07F484046BDE8F08F02EB820296
:10F4B00000EBC2021032DAE7ABAAAAAA002A01DDE9
:10F4C00000F002B8012070472DE9F04F2DED028BBE
:10F4D00004468BB0174609900E460592FFF788FF49
:10F4E000D4F85041003418BF0124B842C0F235812D
:10F4F000059B5D0000212A46304603F037FE099F38
:10F50000A74AF868030282FB0312DB17C3EBA213BE
:10F51000079313F087F902460B460020A14913F028
:10F5200015FBB31E1E46089313F0DEFC33462B4436
:10F53000049308EE100A07F5A87307F1100B069361
:10F54000DBF81C20002A41D0DBF820300599DBF8DD
:10F5500008500C3B0029CBF8203040F3F380002703
:10F56000CDE90277089E0197B8463C46BA46002C82
:10F5700053D0DDF80C90019BAA0EC5F30941584603
:10F580009847029B36F8022F39141F44049B00FB56
:10F5900001F002EBA0329E42454404F1FF340AF12F
:10F5A000010AC8443280E2D1DBE908239A4280F0A4
:10F5B000AA80002C08BF0124CBF80850039BCBF88D
:10F5C0000440CBE90483CBF80C700124069B0BF1BB
:10F5D000280B9B45B4D1099A0599936800290B44DF
:10F5E000936014DD7048089B049E4FF6010540F2BD
:10F5F000FF7102E09E42198009D033F9022FB2F563
:10F60000006FF7DA8242B8BF1D809E42F5D12046D6
:10F610000BB0BDEC028BBDE8F08FDBE9083103F1E4
:10F620000C028A42CBF820206DD2D989DF8AB3F947
:10F630001220B3F914901C8A187B44F62063994277
:10F6400028BF1946BB4228BF3B4640F2FF37BA42AB
:10F65000A8BF3A46B945A8BFB946142938BF1421F6
:10F66000142B38BF142322EAE27229EAE979002C2C
:10F6700047D04EF66027BC4228BF3C46079F07FB99
:10F6800004F4471E042F4CD8DFE807F02F0335326F
:10F69000380046480190A9EB02094FEA0949240ABB
:10F6A00099FBF4F00290BAF1000F6BD007EE901ABC
:10F6B000F8EEE77A8B4267EE887A4FEA0247FCEE73
:10F6C000E77A17EE908A27D007EE903AF8EEE77ABD
:10F6D00067EE887AFCEEE77A17EE903AA3EB080320
:10F6E00093FBF4F30393994645E731480190D2E741
:10F6F00030480190CFE730480190CCE72F48019087
:10F70000C9E7079CBDE7DBF81C2002231371002327
:10F710000124CBF81C3059E74FF00009CDF80C90CC
:10F7200029E7A0F10B07042F09D9DFF89CC0244F6B
:10F730001038022898BFBC46CDF804C0ABE721487A
:10F740000190A8E7DBF824108B42DED24FF00008CE
:10F75000CDF80C804746012430E7099C0546024657
:10F7600031462046FFF7AAFE059B06EB45015A1BD2
:10F770002046FFF7A3FE012420460BB0BDEC028B10
:10F78000BDE8F08FDBF80C70781C8FD0DBF81430FC
:10F790000393DBF80440DBF810809946EBE600BFEA
:10F7A000D34D62100000904101F8FFFF51F20000BC
:10F7B0005DF20000A5F2000009F20000E9F100008E
:10F7C000F9F200007DF2000041F30000F0B54B6853
:10F7D00083B0074663B30E4601A84FF400710DF0E5
:10F7E0000DFE019D2C1D4FF4807221463046FFF71F
:10F7F0006BFE05F50172238803F5006324F8023BD4
:10F80000A242F8D170B1706810B103681B689847C4
:10F8100001A938460DF002FE01A80DF007FE38469A
:10F8200003B0F0BD86F8540138460DF0E1FDF3E772
:10F830000DF0DEFD384603B0F0BD00BF70B54FF0EF
:10F84000FF3105461A20FBF7A9FBFEF719FD90B121
:10F8500004464FF0FF311A20FBF7A0FBC30348BF5B
:10F86000B5FA85F5236848BF6D09294620461B680F
:10F87000BDE87040184770BD0020704700207047F9
:10F8800000207047704700BF704700BF704700BF3F
:10F89000704700BF704700BF704700BF704700BF90
:10F8A000704700BF70B5164B0360002582B0044658
:10F8B00045600220FEF7E4FC04F5AC761323014614
:10F8C0002246009301954AF6444330460DF0FEFF70
:10F8D0004FF0FF30FFF7E4FF3046A56084F8545145
:10F8E0000DF0DAFF2946E0604FF4A07204F1100039
:10F8F00003F03CFC2046C4F8505102B070BD00BF7C
:10F900002476020038B5074D2C680CB1204638BD6E
:10F910004FF4C47016F03EFD0446FFF7C3FF2C60A1
:10F92000204638BDFC0400202DE9F0410C46074676
:10F93000FFF7E8FF06462046FDF740F8102016F0D6
:10F9400029FD0546F0681D4AB168EC6000FB07F030
:10F9500082FB0032C317C3EBA2130B4400222A71AF
:10F960002B6007F0F3FDD6F85041AC60C6F850515B
:10F9700054B910E0A368E068AB60FDF72DF82046AD
:10F9800016F0FFFCAC6834B12379022BF2D0254687
:10F99000A468002CF8D107F0CBFD96F854310BB1D8
:10F9A000BDE8F0817068012386F854310028F7D053
:10F9B0000368BDE8F0411B68184700BFD34D6210D3
:10F9C00038B5FFF79FFF054607F0C0FDD5F8504159
:10F9D0000023C5F85031EB626B65EB67C5F8A430C6
:10F9E000C5F8CC30C5F8F430C5F81C31C5F8443141
:10F9F0004CB1D4E90250FCF7EFFF204616F0C1FCF1
:10FA00002C46002DF5D1BDE8384007F091BD00BF70
:10FA100070B50C4615460646FFF774FF00218C4270
:10FA2000C560416005DD22463146BDE87040FFF704
:10FA30004BBD012070BD00BF10B50446FFF762FF4B
:10FA40002046FFF72DFF10BD704700BF704700BF75
:10FA5000024B1B6803EB4000704700BF9802002078
:10FA6000704700BF704700BF704700BF704700BFBE
:10FA70000B68984221D10B6998421EDC8B69984231
:10FA80001BDA002830B408DB4B681468A3425468C2
:10FA9000B8BF1360A342C8BF53600B6B002B05DDDA
:10FAA0004A688D6A0C6A2A444A601B1B4A6A013004
:10FAB000134408600B6330BC704770470B68984272
:10FAC0002DD1F0B44B684F69BB4226DB8C69A04254
:10FAD00023DA0C6BD1F820C00BE0CD6A4E6A0544E6
:10FAE0003444A8420D60644403F1FF3313D1BB4298
:10FAF00011DB002807DB15689D425568C8BF1360FD
:10FB00009D42B8BF5360002CE7DC0D68A8426444F6
:10FB100003F1FF33EBD00C634B60F0BC70477047D0
:10FB20000B6898422DD1F0B44B684F69BB4226DC7C
:10FB30008C69A04223DA0C6BD1F820C00BE0CD6AAF
:10FB40004E6A0544A41BA8420D60644403F10103FE
:10FB500013D1BB4211DC002807DB15689D425568B4
:10FB6000C8BF13609D42B8BF5360002CE7DC0D682E
:10FB7000A842644403F10103EBD00C634B60F0BC7A
:10FB8000704770474268014693890248528907F0DE
:10FB9000A3BF00BF6C76020043685889884207DD26
:10FBA000002A05DB98898242ACBF00200120704703
:10FBB0000020704770B506464068457A012D82B036
:10FBC00000F110040ED0042D27D183899B001F3330
:10FBD0005B119B0001FB0344C2B9207800F00F00C9
:10FBE00002B070BD83890733DB1001FB03440AB107
:10FBF00004EBE2040123217802F0070203FA02F287
:10FC00000A4214BF1846002002B070BD5310E05CD9
:10FC1000D307E3D5001102B070BD40F23530CDE915
:10FC2000001204F05DF800997368019A5B7A641A17
:10FC300032B1012BDCD0042BE8D0002002B070BD23
:10FC4000042BCAD0012BF8D1D4E700BF70B504460D
:10FC5000FFF7A2FF00B970BD2046BDE87040FFF776
:10FC6000A9BF00BF70B506464068447A012C84B035
:10FC700000F1100513D0042C29D1808980001F3099
:10FC80004011800001FB00519ABB91F9000020F067
:10FC90000F0003F00F0303430B7004B070BD8089A5
:10FCA0000730C01001FB00510AB101EBE201012055
:10FCB00002F0070200FA02F2087823B920EA0200F3
:10FCC000087004B070BD1043087004B070BD40F2FD
:10FCD0003530CDE90223019104F002F8DDE9022379
:10FCE00001997068691A407A82B10128DDD0042830
:10FCF000D3D101EB6201D20791F90000C7D500F022
:10FD00000F0040EA03130B7004B070BD0428BCD090
:10FD10000128CCD004B070BD2DE9F84F0A9FBF1A5E
:10FD200048BF7F42A3EB01094CBF4FF0FF3B4FF0B0
:10FD3000010B7F008B42A7EB09050C46984616463F
:10FD400082464FEA49090EDB324621460B9B50465C
:10FD50000134FFF787FF002DC4BFA5EB09055E4402
:10FD6000A0453D44F0DABDE8F88F00BF2DE9F84F1B
:10FD7000DDF828805B1A48BF5B42A8EB02094CBF44
:10FD80004FF0FF3B4FF0010B5F009045A7EB0905DB
:10FD900014460E4682464FEA49090EDB224631469A
:10FDA0000B9B50460134FFF75DFF002DC4BFA5EB50
:10FDB00009055E44A0453D44F0DABDE8F88F00BF78
:10FDC000D0E90132013282609A0701D11A0F08D1BD
:10FDD00010B50446596803F10800FAF767FD606042
:10FDE00010BD704730B445680B68688923EAE37436
:10FDF000431EA342A8BF23460B60AB891168013B99
:10FE000021EAE1718B42A8BF0B46136030BC7047FA
:10FE100038B5FAF74BFD0546FCF7D0FD0C20FCF792
:10FE200043FC044628B10A4A45600023026083600F
:10FE300025B12846FCF7D0FD204638BD40F23530CC
:10FE400003F04EFF2846FCF7C7FD204638BD00BF33
:10FE500088760200B0F5FA6F24D8B1F5FA6F21D890
:10FE6000012A70B518D0042A1ED18B001F335C11F3
:10FE7000830003FB04F308330D46044619460020B3
:10FE80001646FFF7C5FF4368872100225E725C813A
:10FE90009D811972DA8170BDCB1DDB1000FB03F36D
:10FEA0000833E9E700207047002070BD38B143688F
:10FEB000082B02DD027A872A02D0002070477047A3
:10FEC000427A012A0FD0042AF7D182894089920010
:10FED0001F325211800000FB02F00830181AB0FAED
:10FEE00080F040097047828940890732D21000FBB8
:10FEF00002F00830F2E700BF48B14268042A04DD8E
:10FF0000037AE12B14D0E42B02D000207047704715
:10FF1000817A437A1F2000EB81009B00401103FB94
:10FF200000F30833181F801AB0FA80F040097047B8
:10FF3000817A437AC81DC01003FB00F30833F1E750
:10FF400043685889704700BF43689889704700BF6D
:10FF50004368587AA0F10100B0FA80F04009704778
:10FF600043689A0704D11B0F0CBF01200020704783
:10FF7000012070478068003018BF0120704700BF23
:10FF80002DE9F0410D1E04DB04461F46FFF704FE79
:10FF900008B9BDE8F08116462046FFF711FF3B4641
:10FFA000324629462046BDE8F041FFF75BBE00BF60
:10FFB000002901DBFFF74ABE002070474068437A02
:10FFC000042B00D0704743898B42FBD970B48489DD
:10FFD00055685E1AA30004FB06F4AC4203F11F034C
:10FFE0004FEA6313A8BF2C469B001030641001FB3E
:10FFF000030112D0013C08190A32013911F8013FFE
:020000040001F9
:1000000003F00F0302F8023C0B7881424FEA2313FE
:1000100002F8013C02F10202F0D170BC704700BF4F
:100020002DE9F04143685D7A042D01D0BDE8F081EF
:10003000B3F80A808845F9D9044617469D890E46CB
:10004000FFF7BEFE63685A7A012A03F1100424D038
:10005000042A26D1998989001F31491189007B68BA
:10006000A8EB060805FB08F09842A8BF1846401008
:1000700001FB0641DAD007F10A02084412F8023CFB
:1000800012F8014C03F00F0343EA041301F8013B9B
:10009000814202F10202F1D1C8E799890731C91002
:1000A000DDE740F2353003F01BFE4FF0FF31D6E7BD
:1000B0002DE9F04786B0CDE902210BB10E9D15B9AF
:1000C00006B0BDE8F08745686E89B1420446F7DAAC
:1000D000AD89AA42F4DA01390B440E99013A0A4477
:1000E000002BCDE90432EBDB002AE9DB05AA04A9E9
:1000F000FFF778FE02AA03A92046FFF773FE6168A6
:10010000DDE90475DDE902238889013701354607F9
:10011000A7EB0307A5EB020505D123B91AB94B8953
:100120009F4200F0CA802046FFF74AFE61684B7A82
:10013000012B00F09380042B40F0C780B1F80CE055
:100140000F984FEA8E0E0EF11F0E00F00F06DDE93C
:1001500002324FEA6E1E06EB06164FEA8E0E5FFA6B
:1001600086FA01F11008B1F80CC04FEA8C0C0CF1C2
:100170001F0C4FEA6C1C4FEA8C0C02FB0C8C002B02
:1001800040F09880002F07F1FF3106DC98E7042B40
:100190002FD001394B1CF44492D063685B7A012B59
:1001A000F5D1029A002D02F0070203FA02F3F0DD06
:1001B000E046002205E0384388F80000013295420D
:1001C000E7DDB3F5807F0BD0DFB25B000F9E98F8C0
:1001D0000000002EEFD120EA070088F80000EDE7CC
:1001E00008F10100AB1A072B80462FDC0223012700
:1001F000ECE7029B13F0010F14BFF0270F27002D2F
:10020000C7DDE04600200DE0FAB23F0198F800306B
:1002100083EA0A0902EA090201305340854288F85C
:100220000030B6DDB7F5706FEED108F101022B1A80
:10023000012B9046A3F1020302DCF0270F22E5E731
:100240000230854202F801ABF2DCA2E708329542A7
:1002500000F801ABA3F10803C5DC9AE7B1F80CE0A4
:100260000EF1070E4FEAEE0EF446DDE9023201F11F
:1002700010080CFB028C0F9A42F300065FFA86FA14
:10028000002B3FF47FAF0CEBE30C7BE740F2353003
:10029000CDE9003203F024FD019A009BA8EB020C8B
:1002A000A3B36268527A012A4FF0FF3EEBD0042AD2
:1002B0007FF468AF0CEB630C64E785427FF433AFE7
:1002C00020460F9900F026F8FAE640F2353003F0A8
:1002D00007FD6168487A012808D1B1F80CC00CF11B
:1002E000070C4FEAEC0C4FF0FF3EBEE70F9B03F00C
:1002F0000F0606EB061604285FFA86FADDE90232DD
:1003000001F11008C2D14FF0FF3E2CE74FF0FF3E45
:1003100038E700BF30B5054683B00C4619B14368D5
:1003200099894A072DD12846FFF74AFD69684A7A1C
:1003300001F110034968012AE4B218BF04F00F0468
:10034000A1F108010CBF44F3000404EB04140329D9
:10035000E2B20ED998070DD102EB022021F003047E
:1003600000EB00401C4443F8040BA342FBD101F016
:10037000030121B119441A7001339942FBD103B032
:1003800030BD00225B89009101941146FFF790FE79
:1003900003B030BD10B5141482B0CDE9004313B2E0
:1003A0000A1409B2FFF784FE02B010BD2DE9F04730
:1003B00084B0CDE900210BB10C9C14B904B0BDE8A8
:1003C000F08745686E89B1428246F7DAAE89B2425B
:1003D000F4DA6D7A042DF1D10D9C65680F2DEDDDF9
:1003E00001390B440C99013A0A44002BCDE9023241
:1003F000E4DB002AE2DB03AA02A9FFF7F3FC6A466A
:1004000001A95046FFF7EEFCDDE90223DDE90061BA
:10041000013201335046A2EB01089E1BFFF7D0FCCE
:10042000DAF804700D9A7B7A012B02F1080544D0AA
:10043000042B53D1B7F80CC04FEA8C0C0CF11F0CF5
:100440004FEA6C1CDDE900494FEA8C0C103763461B
:1004500003FB0977002C61D1B8F1000F08F1FF34DC
:10046000ACDD009B002E03F001021FDD3B78384617
:100470000AB301220EE043780132084603F00F016F
:1004800003F0F003695C01F00F010B439642037027
:100490000CDD0132191103F00F0315F801E00146DC
:1004A00043EA0E13964201F8013BE4DC013C631C75
:1004B0006744D6D182E70122E0E7B7F80CC0DDE956
:1004C00000490CF1070C4FEAEC0C1037634603FBB4
:1004D0000977002CC0D007EBE407BDE740F23530C8
:1004E00003F0FEFBDAF80430DDF804905A7A009C41
:1004F000012A03F1100714D0042A1BD040F2353032
:1005000003F0EEFBA7EB09078CB1DAF804305B7A55
:10051000012B4FF0FF3CDED0042B9DD107EB64078D
:100520009AE79B890733DB104FF0FF3CCFE74FF092
:10053000FF3C91E79B899B001F335B119B004FF0B1
:10054000FF3C85E710B5141482B0CDE9004313B227
:100550000A1409B2FFF72AFF02B010BD81B108B535
:100560004068496842684B689A4201D0002008BD43
:100570000831083015F032FFB0FA80F0400908BDAC
:1005800008467047406841680830FFF741BC00BF2B
:100590002DE9F0410746FFF713FC7B685A892AB31F
:1005A00000269C89013C002C1CDD00252A46314692
:1005B0003846FFF7FFFA2246804631463846FFF7B5
:1005C000F9FA2A46034631463846FFF74BFB013518
:1005D0002246434631463846013CFFF743FBA542DD
:1005E000E4DB7B685A8901369642DADBBDE8F081AC
:1005F000F8B5436806465A7A59899889FFF72AFC64
:1006000073685A890746BAB100259A8982B10024D5
:10061000224629463046FFF7CDFA2A4603462146B0
:100620003846FFF71FFB73689A8901349442EFDB69
:100630005A8901359542E8DB3846F8BD2DE9F0438B
:10064000436899897E2983B05ADC81465A7A588951
:100650004900FFF7FFFBD9F804304268597A5F89F7
:100660000129804602F110043FD0042957D19E8908
:10067000B6001F367611B600517A01293CD0042904
:1006800044D19589AD001F356D11AD00D9F8042016
:100690002848517A284A012908BF10460FB303F1B0
:1006A0000F0E4FF0000905F1FF3C002D14DD7146DF
:1006B000002311F8012F02F00F026345825C2270C3
:1006C00008BF013405D00A7812110234825C04F8A4
:1006D000012C0233AB42ECDB09F10109B945B64408
:1006E000E3D1404603B0BDE8F0839E89517A0736D6
:1006F00001294FEAE606C2D195890735ED10C5E715
:100700004FF00008404603B0BDE8F08340F23530BA
:1007100001934FF0FF3503F0E3FA019BB6E740F297
:10072000353001934FF0FF3603F0DAFAD8F80420A1
:10073000019BA1E75C7602004C760200F8B54368A5
:100740005B7A042B00D0F8BD02F00F068E42FAD07F
:1007500005460F46FFF734FB6B6817B99A895207B5
:1007600021D15A68082A03F11001ECD01144340158
:1007700009390F3364B213F8010F00F00F02BA42C7
:1007800004BF20F00F003043B7EB101F03D100F07F
:100790000F002043C0B299421870ECD1F8BD9A897D
:1007A00001379742CFDA5A89002AF8D0002404E0B2
:1007B0006B685A8901349442F1DA3A462146284658
:1007C000FFF7F8F90028F3D133463A462146284688
:1007D000FFF748FAECE700BF2DE9F0411C4684B072
:1007E0008C420746DDE90A5306DB8BE02E462046A5
:1007F00015460C4632460146A142F7DBB2EB05082E
:10080000A1EB040610D1002E6CD04FF0010C0B931D
:100810002A4606EB0C0321463846CDF828C004B022
:10082000BDE8F041FFF744BC7EB9B8F1000F64DDCC
:1008300008F10102CDE90A232A4621463846012360
:1008400004B0BDE8F041FFF733BC002952DBD7F814
:1008500004C0BCF80A00A0424CDD002C05DA04FB01
:1008600008F494FBF6F42D1B0024884207DC0138C1
:10087000411A08FB01FE01469EFBF6F00244954238
:10088000BCF80C0045DB824234DA002D32DB002A52
:1008900005DA06FB02F292FBF8F2891A0022854281
:1008A00007DB0138451B06FB05FC05469CFBF8F001
:1008B00004443846CDE902230191FFF781FAB8F1EB
:1008C000000FDDE90112039B3ADB4645CDE90A231F
:1008D00038460B462A4621463CDC04B0BDE8F041D0
:1008E000FFF744BA2A462146384604B0BDE8F04135
:1008F000FFF746BB04B0BDE8F081C8F10101CDE9C6
:100900000A139AE7164608462A4621463546044603
:1009100074E78542EEDA002AECDB002D05DA06FBEF
:1009200005F595FBF8F5641B00258242C1DB013813
:10093000821A06FB02FC02469CFBF8F00144B8E771
:10094000C8F1000846450B9309DD0A920B462A467A
:100950002146384604B0BDE8F041FFF7DDB90A95FD
:1009600023463846B9E700BF10B5141482B0CDE96C
:10097000004313B20A1409B2FFF72EFF02B010BDF4
:10098000F8B50F1E16DB144600221E460546FFF77B
:1009900003F978B1069B002B0CDB00221946284690
:1009A000FFF7FAF830B1079B002B03DD6B685A7A2A
:1009B000042A00D0F8BD7268517A0429FAD19889C6
:1009C000558981001F3149111033890007FB013718
:1009D000079B1E198642A8BF0646002C4FEA054514
:1009E00095FBF3F52FDB01D007EB6407002193891A
:1009F00006989B001F335B119B00A64200FB03F38C
:100A000002F11002D6DD02EB030C4B14CA031CF8F2
:100A100003304CBF1A1103F00F0297F9003014F0A5
:100A2000010F03F00F0004BF23F00F03134340EA4C
:100A3000021004F1010414BF07F8010B3B70B4422B
:100A40002944E2D1F8BD05FB04F149420024CEE778
:100A500030B51D1483B01CB2CDE9004513460A140D
:100A600009B2FFF78DFF03B030BD00BF2DE9F04F95
:100A70008BB0914601901089059108B153681868B0
:100A8000FAF750FCB9F80830012B88BFD9F80430C8
:100A900004468CBF58680020FAF744FCB9F80830C7
:100AA000022B88BFD9F8043080468CBF986800209C
:100AB000FAF738FCB9F80830032B88BFD9F80430AE
:100AC00007468CBFD8680020FAF72CFCB9F808302C
:100AD000042B88BFD9F8043082468CBF18690020E7
:100AE000FAF720FCB9F80830052B88BFD9F8043094
:100AF00005468CBF58690020FAF714FCB9F8083095
:100B0000062B88BFD9F8043083468CBF9869002033
:100B1000FAF708FCB9F80830072B064640F2B9800E
:100B2000D9F80430D869FAF7FDFBB9F80820D9F8EC
:100B30000410082A034640F2BE80086A422800F0EA
:100B4000BE800A2840F0CB8000200290092A09D9F3
:100B5000486A422800F0C0800A2803D010B1062855
:100B600040F0B0804FF00009059A0199526848683A
:100B70005189B0F80AC0B0F80CE0928930042E44D4
:100B80008E42A8BF0E4603EB0B019142A8BF11464F
:100B90001B0493FBFAF306930B4690FBF7F004EA71
:100BA000E47127441B04C2446745089301FB00F32A
:100BB0000090A8BF6746C3EB0540F245069B08EAD4
:100BC000E872A8BFF246CDF81CA002FB03FA631A34
:100BD000CAEB0B4A049320EAE07336040993A8EBAE
:100BE00002082AEAEA7AB9F1000F60D0079B98451B
:100BF00049DA089B534546DDDDF814B0CDF80CA06A
:100C0000039B4FEA234A049BBB422FDA099CA6426E
:100C10002CDD52464B46C246B146049D1E469046C8
:100C20000AE0002837D1029B8BB10135009BBD4201
:100C30001C4417D0A14515DD424621145846FEF745
:100C4000B9FF002EEDD1029B0BB10028EDD0034679
:100C5000294652460198FFF705F80135009BBD4231
:100C60001C44E7D13346D0464E469946039B069A2C
:100C700013440393079B08F10108984503D0089B90
:100C8000039A9342BCDC4FF0000948460BB0BDE824
:100C9000F08F002047E7524629460198FEF78AFF69
:100CA0000028C2D0B14648460BB0BDE8F08F01988D
:100CB000FFF786F89AE700220292914654E7012056
:100CC000029043E70093FAF755FE10F1000918BFB0
:100CD0004FF00109009B47E74FF0010944E7002866
:100CE0003FF433AF06283FF42FAF0093FAF742FEEC
:100CF000031C18BF01230293D9F80410B9F8082087
:100D0000009B23E72DE9F04F054610899DB016465C
:100D1000894608B153681868FAF704FB3389012B38
:100D200088BF736804468CBF58680020FAF7FAFA47
:100D30006B685A899442074602DA9B89984202DB23
:100D40001DB0BDE8F08F02233246494611A8F3F7E3
:100D50008FFC119B0793002BF2DDDDF84880B8F182
:100D6000000FEDDD159B00931A46179B9B1A14EBA1
:100D70002343E5D4169E189B9B1B17EB2343DFD41C
:100D8000139B0693149B0193199B029328461A9B6D
:100D90000B93FFF715F89DF86C30002B73D00B9B6D
:100DA000002BCDDD4246D317CDE90E23CDE9084710
:100DB0000C95DFF8ACA1029D0A964FF0000B002DB8
:100DC0005BDD0B9BA3F58030A0EB0B00C317190470
:100DD00041EA1041DDE90E23000412F0D5F8069B2C
:100DE0008BFB03234FEA124848EA0348079B194646
:100DF000DA17CDE9041207140024A5F58036301B5C
:100E0000C317190441EA1041DDE90423000412F07C
:100E1000BBF801143A4648462BD4FEF717FF04EB03
:100E20000801019B01EA0A0181FB03234FEA124CEE
:100E30004CEA034CDC44069B0CEA0A0C8CFB0323B3
:100E4000CDE90223039B120C42EA03420A9B1144A0
:100E5000ACEB0302009B01EA0A01C91A0346099898
:100E600000EB2242089800EB214113B10C98FFF7E8
:100E700087F804F58034A542C1DC0B9B0BF5803B61
:100E80005B459CDC5CE70B9A002A7FF759AF424632
:100E90009A46D317CDE90C23CDE908760A95DFF8F9
:100EA000C0B0029DDDF818800694002D51DD524639
:100EB000D317190441EA1A41DDE90C234FEA0A402D
:100EC00012F062F88AFB0823170C47EA0347079BD6
:100ED0001946DA17CDE9041206140024E3171904A1
:100EE00041EA1441DDE90423200412F04DF8011415
:100EF0003246484629D4FEF7A9FEE119019B01EAD2
:100F00000B0181FB03234FEA124C4CEA034CD444FF
:100F10000CEA0B0C8CFB0823CDE90223039B120C7B
:100F200042EA0342099B1144ACEB0302009B01EA35
:100F30000B01C91A0346089800EB2242069800EB01
:100F4000214113B10A98FFF71BF804F58034A5423C
:100F5000C4DC0B9B0AF5803A5345A6DCF0E600BFE3
:100F60000000FFFF2DE9F04F064610899DB01446A2
:100F70000D4608B153681868FAF7D4F92389012B94
:100F800088BF636882468CBF58680020FAF7CAF9A8
:100F900073685A899245834602DA9B89984203DB3B
:100FA00000201DB0BDE8F08F02232246294611A87B
:100FB000F3F75EFB119B0C93002BF1DD129B002BD2
:100FC000EEDD159A00921146179A521A1AEB224238
:100FD000E6D4169A06921146189A521A1BEB224230
:100FE000DED41399079114990191DDE919919DF8C7
:100FF0006C200D91002A77D00029D1DD1846D91731
:10100000CDE90E010022DFF8C4810A96CDE908ABD4
:101010009246B9F1000F61DD0D9BA3F58030A0EB86
:101020000A00C317190441EA1041DDE90E23000448
:1010300011F0AAFF079B8AFB03234FEA124B4BEAEE
:10104000034B0C9B1946DA170714CDE90412002450
:10105000A9F5803603E004F58034A1453EDD301B60
:10106000C317190441EA1041DDE90423000411F01B
:101070008BFF01143A462846EDD4FEF7E7FD04EB5A
:101080000B03019A03EA080383FB02124FEA114C97
:101090004CEA024CD444079A0CEA080C8CFB02126E
:1010A000CDE90212039A090C41EA02411944009B5E
:1010B00001EA0801C91A0028CDD0069B0A98ACEBBA
:1010C0000302099B03EB2242089B13EB2141C2D48C
:1010D000FEF7BCFD0028BED0012062E70D9B0AF59B
:1010E000803A534595DC5BE70D9900297FF758AFAF
:1010F00010461946DA17CDE90A12DFF8D080CDE99B
:1011000008ABDDF81CB007960646B9F1000F56DDB6
:10111000F317190441EA1641DDE90A23300411F0FE
:1011200033FF86FB0B234FEA124A4AEA034A0C9B21
:101130001946DA170714CDE90412002403E004F578
:101140008034A1453BDDE317190441EA1441DDE990
:101150000423200411F018FF01143A462846EED467
:10116000FEF774FD04EB0A03019A03EA080383FB0C
:1011700002124FEA114C4CEA024CB4440CEA080C3F
:101180008CFB0B12CDE90212039A090C41EA0241D1
:101190001944009B01EA0801C91A0028CFD0069B18
:1011A000ACEB0302099B03EB2242DDE9070313EBDF
:1011B0002141C4D4FEF74AFD0028C0D08CE70D9B26
:1011C00006F58036B342A0DCEAE600BF0000FFFF70
:1011D0002DE9F04FB7B01646009010898A4608B145
:1011E00053681868FAF79EF83389012B88BF736833
:1011F00080468CBF58680020FAF794F8022307460F
:101200003246009920A8F3F733FA209C002C15DD14
:10121000219D002D12DD249A269B0F924FEA084152
:101220009B1A8B4201910B9308DD259A279B119203
:1012300039049B1A8B420491109303DC002037B0D1
:10124000BDE8F08F3246229E0E96239E1296289E6F
:101250001596299E1E9605239DF8A8601396514663
:101260002BA8F3F705FA2B9B002BE7DD2C9900291F
:10127000E4DD2F9A06921046319A121A0198C24262
:10128000DCD4309A07921046329A121A0498C2425D
:10129000D4D42D9805902E980A90DDE933B09DF8AE
:1012A000D4201490002A00F0E8800028C6DD002237
:1012B0000E46CF170C921946DA17CDE90212EB173A
:1012C0002A46CDE91A232246E317CDE91C67CDE96A
:1012D0001623CDF87CA0BBF1000F40F3AF80149B28
:1012E0000C9C7F4EA3F58030001BC317190441EA04
:1012F0001041DDE91C23000411F046FE059BDDF8DA
:101300007C8083FB0423110C41EA03434FEA204A0B
:1013100000250BEB0607994614E0159BA3F58030DA
:10132000401AC317190441EA1041DDE916230004ED
:1013300011F02AFE0314089340F1898005F58035E9
:10134000AB457BDD781BC317190441EA1041DDE989
:101350000223000411F018FE0114EFD45246404657
:10136000FEF774FC0028E9D00A9A05EB0903334024
:1013700082FB0301040C0C9A44EA014414440599CD
:1013800004EA060281FB0201CDE908010999000C7B
:1013900040EA01400344049907980C1A0199069801
:1013A0003340091A5B181444C8D4002CC6DB0B9ACE
:1013B0009A42C3DD109AA242C0DD119A14440E9ADB
:1013C00084FB0201020C42EA01420F999B1A591850
:1013D000129B314081FB0323100C40EA0340241A86
:1013E0000E9A344084FB0223100C40EA034022464C
:1013F000E317CDE90823139B091A3140002B8CD148
:10140000CB171B0443EA11410020DDE9162311F03C
:10141000BBFD0314189391D4099A110441EA1441B5
:10142000DDE91A23002011F0AFFD1899021400988D
:10143000FEF70CFC002881D0012000E70C9B149AD9
:1014400003F5803393420C93FFF645AFF6E61E9A00
:10145000A2F58030001BC317190441EA1041DDE9F1
:101460001A23000411F090FD089902140098FEF769
:10147000EDFB00283FF462AFDEE7149A002A7FF705
:10148000DDAEDA1788464FEAE1791946CDE9021256
:10149000EB172A46CDE918232246E317CDE91A892E
:1014A000CDE90C230027CDF870A0BBF1000F40F36D
:1014B000A780FB17190441EA1741DDE91A23380414
:1014C00011F062FD059B064EDDF8708087FB03235B
:1014D000110C41EA03434FEA204A0025994616E0E1
:1014E0000000FFFF159BA3F58030401AC3171904B5
:1014F00041EA1041DDE90C23000411F045FD03141D
:10150000089340F1848005F58035AB4578DDEB1715
:10151000190441EA1541DDE90223280411F034FDE4
:101520000114F0D452464046FEF790FB0028EAD062
:101530000A9A05EB0903334083FB0201040C44EAD9
:1015400001443C44059904EA060282FB0101CDE90D
:1015500008010999000C40EA0140034404990798E6
:101560000C1A019906983340091A5B181444CAD41E
:10157000002CC8DB0B9A9A42C5DD109AA242C2DD4C
:10158000119A14440E9A84FB0201020C42EA0142B1
:101590000F999B1A5918129B314081FB0323100CA1
:1015A00040EA0340241A0E9A344084FB0223100CB4
:1015B00040EA03402246E317CDE90823139B091AAA
:1015C0003140002B8ED1CB171B0443EA1141002080
:1015D000DDE90C2311F0D8FC0314169393D4099A77
:1015E000110441EA1441DDE91823002011F0CCFC7C
:1015F000169902140098FEF729FB002883D01BE7F8
:10160000149B07F580379F42FFF64FAF16E61E9AF0
:10161000A2F58030001BC317190441EA1041DDE92F
:101620001823000411F0B0FC089902140098FEF78A
:101630000DFB00283FF467AFFEE600BFFFF716BAC8
:101640002DE9F04F89B05C000594C4F101040394C6
:101650005C1E53D4012306928B4682460793049363
:10166000002507E0049A013C02321344A54204928B
:10167000039343DC069E129B4FEA4509A6EB05083F
:1016800009F10109CDE90093424601230BEB040166
:101690005046FEF70DFD6700129B0137361BCDE962
:1016A0000073324601230BEB05015046FEF700FDA7
:1016B000129B019342460123ABEB04015046CDF847
:1016C0000090FEF7F5FC129B019332460123009730
:1016D000ABEB05015046FEF7EBFC039B059A002B94
:1016E000A3EB0203BEDC039A079B114601351944A4
:1016F000A54203F1020303910793BBDD09B0BDE8E6
:10170000F08F00BF10B582B00C46009309B21346AB
:101710002214FFF795FF02B010BD00BF70B4BDF9F1
:101720000C500361AC1A84EAE4765B1AA6EBE4760B
:10173000B342C0E902124260036201604FEA430211
:101740004462456111DD002CB8BF64424FEA440495
:10175000ACBF01214FF0FF31E31A81620021C0E9E3
:1017600008240363416370BC70470123002C04FA12
:1017700003F1C362B2BFA418141B02230463C0E9BF
:101780000821436370BC7047F0B505464068467A4F
:1017900085B0012E9DF8287000F110042ED0042E83
:1017A0003BD1808980001F304011800001FB004147
:1017B000002A45D10F25002B1EDD00240AE0E8B2E7
:1017C0002D010A7882EA0706304001344240A342E4
:1017D0000A7011DDB5F5706FF1D1481C1A1B012A92
:1017E0000146A2F1020202DCF0250F20E9E70234F3
:1017F000A34200F8017BF2DC05B0F0BD8089073020
:10180000C01001FB0041002AD4D001EBE20112F02C
:10181000010F14BFF0250F25CDE740F23530CDE99B
:101820000223019102F05CFADDE902230199611AB9
:10183000002ABFD06868407A0128E6D00428E6D1A3
:1018400001EB6201E3E700BF2DE9F04FB9B08B4235
:10185000049198460746439C80F2DE80A1420846E8
:1018600040F3EB80444506DB2146449B429844907C
:10187000444642938846449BDDF808C1BDF910B048
:1018800015B21EB224B20FFA8CF90FFA88FA21466B
:10189000324600955B460EA8FFF740FF32462146D0
:1018A0005346CDF800901CA8FFF738FF4A46514632
:1018B00000955B462AA8FFF731FF634A379B7D6896
:1018C000299C07CA0BAE86E8070038A91B9A6E89C7
:1018D000AD89319501EB830301EB820201EB8404B6
:1018E00053F8B43C059338464FF0FF3352F8B49C9C
:1018F00054F8B4AC309622961496CDE9095323954A
:101900001595FEF75DFA7B681E9C5A7A459B012A65
:10191000DBB216BF03F00F0343F3000303EB031323
:10192000DBB20393731E9845A8BF984644450793BE
:1019300009AE2EDC4FF0FF3B05EB0B03069302973D
:10194000204632460EA9CDE9095BC84720461CA9AE
:101950003246D047002C2146029804F1010415DBE1
:10196000099AAA4212DA0A9B002B0FDB002ABCBF9D
:1019700000220992AB42A8BF069B039FA8BF0A930F
:10198000C2F1010C00976344FFF7FEFE4445D7DD2A
:10199000029F2C98059B32462AA99847049A0799DA
:1019A0002C9C8A42A8BF0A4601349442904630DCFF
:1019B0004FF0FF3A05EB0A0BCDF810B0DDF814B08C
:1019C0000297204632460EA9CDE9095AC84720465B
:1019D0002AA93246D847002C2146029804F1010476
:1019E00015DB099AAA4212DA0A9B002B0FDB002AA8
:1019F000BCBF00220992AB42A8BF049B039FA8BFB3
:101A00000A93C2F1010C00976344FFF7BDFE444501
:101A1000D7DD39B0BDE8F08FA34207DD049BCDF8D8
:101A2000108011469846429A42911BE7449B44928B
:101A300021461A46049C04911DE7449B449221468A
:101A4000049104461A460DE7407602002DE9F04F56
:101A5000C7B01D461EB20B46079112B209B2AB4287
:101A60000EAB8246519CDDF84C91BDF9408102924B
:101A70000391049380F2E2801846CDF8008033464B
:101A8000FFF74CFE529BA5421FB20FFA84FB1CAB22
:101A900080F2CA80069318460097424631465B465C
:101AA000FFF73CFE549B4C451EB20FFA89F82AAB57
:101AB00080F2B1800593184600963A46594643464F
:101AC000FFF72CFE079B4B450DF1E00B80F29A804F
:101AD00000964346DDE902215846FFF71FFE5C4AA7
:101AE000DAF80430379F07CA0BAE86E807001B9868
:101AF00045995A899E893F960DF58C7C0CEB800E9A
:101B000029983E924C4523460CEB800CB8BF4B46BF
:101B100046A8AB4200EB870700EB810107983092A3
:101B2000B8BF2B464C45A8BF4C46834202F1FF3854
:101B3000B8BF0346A542A8BF25469845A8BF98460A
:101B4000079B5EF8EC4C02949D42A8BF1D465CF8D2
:101B5000EC4C03944FF0FF33504657F8EC9C229224
:101B600014920A9351F8EC7C3196239615960996B7
:101B7000FEF726F9DAF804305A7A559B012ADBB2CF
:101B800016BF03F00F0343F3000303EB0313DBB2B1
:101B900045451C4633DC731E07934FF0FF33284640
:101BA0000A9309AA0499029B099698472846039B21
:101BB000069909AA9847284609AA0599C8472846B8
:101BC000594609AAB847002D2946504605F1010596
:101BD00013DB099AB24210DA0A9B002B0DDB002AB4
:101BE000BCBF00220992B342A4BF079B0A93C2F173
:101BF000010C00946344FFF7C7FD4545CDDD47B0B8
:101C0000BDE8F08F029B00933246039B4146584645
:101C1000FFF784FD63E71846059300975B4632465D
:101C20004146FFF77BFD4DE718460693CDF800804F
:101C300033463A465946FFF771FD33E7029A009260
:101C400018464246039B3146FFF768FD1AE700BF7E
:101C5000407602002DE9F04F0546088985B00C4614
:101C600008B14B681868F9F75DFB2389012B88BF21
:101C7000636806468CBF58680020F9F753FB238938
:101C8000022B88BF636807468CBF98680020F9F76D
:101C900049FB2389032B88BF636880468CBFD868C3
:101CA0000020F9F73FFB2389042B88BF6368814636
:101CB0008CBF18690020F9F735FB2389052B88BFF5
:101CC000636882468CBF58690020F9F72BFB238993
:101CD000062B88BF636883468CBF98690020F9F79C
:101CE00021FBCDE9009ACDE902B043463A463146A0
:101CF0002846FFF7A9FD05B0BDE8F08F2DE9F04FAC
:101D00000446088989B0884608B14B681868F9F715
:101D100009FBB8F80830012B88BFD8F80430054615
:101D20008CBF58680020F9F7FDFAB8F80830022B8C
:101D300088BFD8F8043006468CBF98680020F9F7B1
:101D4000F1FAB8F80830032B88BFD8F804300746FA
:101D50008CBFD8680020F9F7E5FAB8F8083006908B
:101D6000042B8ABFD8F8043000201869F9F7DAFA92
:101D7000B8F80830052B88BFD8F8043081468CBFEE
:101D800058690020F9F7CEFAB8F80830062B88BF5A
:101D9000D8F8043082468CBF98690020F9F7C2FA5F
:101DA000B8F80830072B88BFD8F8043083468CBFBA
:101DB000D8690020F9F7B6FAB8F80820082A88BFD1
:101DC000D8F80420034688BF106A079398BF002004
:101DD000F9F7A8FA079BCDF80490CDE90430069BEB
:101DE0000093CDE902AB3B46324629462046FFF739
:101DF0002DFE09B0BDE8F08F10B50422FEF72AF8D9
:101E00000446D8B143685A68083A032A03F110031C
:101E10000BD913F0030009D122F00301194443F850
:101E2000040B8B42FBD102F003022AB11A440021B9
:101E3000197001339342FBD1204610BD40F291301E
:101E400001F04EFF204610BD032A70B40FD940EABE
:101E500001039B0710D003461A440C78E4B21C70AF
:101E60000133934201F10101F7D170BC7047034681
:101E7000002AF1D170BC704722F00303CE18041F72
:101E800051F8045B44F8045FB142F9D102F0030257
:101E90000344002AE0D1EDE770B54A6843685589EC
:101EA0005E89AE4200D070BD96899D89AE42FAD15E
:101EB000527A5B7A9A42F6D10D460446FDF780FFCE
:101EC000696860684A681030083A1031BDE87040AF
:101ED000FFF7BABF2DE9F04FD1F804C0BCF80A50A3
:101EE00005EB0209B9F1000F8BB058DD4468B4F876
:101EF0000AB05A45074652DABCF80C001E18002EEC
:101F000003964CDDB4F80C80434548DA002BC0F250
:101F1000C880A8EB030E86457646A8BF06460696FF
:101F2000667A0296149E9CF809A016F1020F02D15F
:101F3000002A00F09980BAF1010F00F03281BAF165
:101F4000040F40F01C8680001F3040118000049078
:101F50000298012800F01981042840F02186B4F885
:101F60000CC048684FEA8C0C0CF11F0C4FEA6C1C3B
:101F70004FEA8C06103001961034059043B1786812
:101F8000407A012800F08A80042801D104EB630420
:101F90000298042800F08A800299012903D00020C9
:101FA0000BB0BDE8F08FBAF1010FF8D17968487A2B
:101FB000B1F80CA001F11008A8EB040101280AF106
:101FC000FF3A069100F0CC85042840F01786BAF15C
:101FD000000F40F0268606990791002DDFD0039967
:101FE0000198059ECDF8089003F0070A5144089126
:101FF00000FB0244A1F10808059307E0049B1E447E
:10200000019B1C44029B01329A42C8D05A45F5D22A
:10201000069B059F03EB040E079B4745B4462546E8
:1020200003EB040980F2A7850021039207E0014336
:102030002970474505F10105194680F2C0801CF85A
:10204000013BAE4507F1080703FA0AF3F1D843EA6A
:102050002121A945C9B2ECD3149A28780132E6D1DE
:102060000142E6D001209BE7002B7FF464AF029E83
:10207000B2457FF460AF5D457FF45DAF40457FF4CE
:102080005AAF38460193FFF707FF019B184687E7D1
:10209000002B00F0EC854FF0FF30019004EBE304DF
:1020A00076E74645A8BF4646069639E7BAF1040FDB
:1020B00000F0A880BAF1010F7FF471AF002B51DB63
:1020C000002D3FF46CAF059D594203F00100002B39
:1020D00001F007014FF0010305F1010A019D03FA28
:1020E00001F3149905FB0244069DB4BF00200123AF
:1020F0000901054406934BB20390AE46029307E0F4
:10210000049B01329A44019B4A451C443FF447AF6B
:102110005A45F5D2039B1AF801CC73452546D046A3
:10212000EEDA0699059210E095F90000029A00F0A7
:102130000F071743149A20F00F001043002E3CD0D5
:102140002F700135013373455AD0B1F5807F2DD002
:10215000084649001CEA000F03F00106E4D1002EF6
:10216000F0D0EEE74868467A1030012E0590C3F1B2
:10217000000400F05D85042E40F06085059901EBB8
:10218000640105917C6810349AE7B4F80CC0486883
:102190000CF1070C4FEAEC06103001961034059054
:1021A000ECE60730C01004900298D2E698F800C020
:1021B000022108F101080120CCE72870C2E7039A48
:1021C0000899CF1B002F7FF719AFAE453FF616AF2A
:1021D000A945FFF413AF9CF80010287801FA0AF122
:1021E00041EA2323C7F10807FF2141FA07F71499B1
:1021F0003B400131DBB200F0FC8403432B70FDE671
:10220000059A7DE704998910002D3FF4C8AE039824
:10221000DDF814A0CDF80C904045A8BF4046064616
:102220000198059300FB0244A6F10800069088007F
:10223000029003F00100A8F1080704908C465A456B
:1022400080F0EA801498002851462346C0F2FB80B3
:10225000DDE90430251DE646002B40F0AE819046B6
:1022600067E0B84203F00F0200F3E0803AB115F8DE
:10227000049C29F00F0949EA020205F8042C13F026
:10228000F00F09D015F8049C23F00F0209F00F0994
:1022900049EA020205F8042CC3F30329B9F1000F3F
:1022A00007D015F8032C22F00F0242EA090205F8C4
:1022B000032C4FEA133919F00F0F07D015F8032C30
:1022C00002F00F0242EA091205F8032CC3F3034996
:1022D000B9F1000F07D015F8022C22F00F0242EAE4
:1022E000090205F8022C4FEA135919F00F0F07D015
:1022F00015F8022C02F00F0242EA091205F8022C2E
:10230000C3F30369B9F1000F07D015F8012C22F0CF
:102310000F0242EA090205F8012C1B0F07D015F83D
:10232000012C02F00F0242EA031305F8013C0830C9
:1023300004351EF1FF3EC0F02682002851F8043B10
:102340008FDA13F0F00F0DD0421C0BD4964209DD4A
:1023500015F8049C23F00F0209F00F0949EA020264
:1023600005F8042CC3F3032262B110F1020909D469
:102370004E4507DD15F8039C29F00F0949EA0202D2
:1023800005F8032C1A0B12F00F0F0CD010F10309F3
:1023900009D44E4507DD15F8039C09F00F0949EAF9
:1023A000021205F8032CC3F3034262B110F10409D1
:1023B00009D44E4507DD15F8029C29F00F0949EABA
:1023C000020205F8022C1A0D12F00F0F0CD010F1BA
:1023D000050909D44E4507DD15F8029C09F00F09DF
:1023E00049EA021205F8022CC3F3036262B110F14C
:1023F000060909D44E4507DD15F8019C29F00F099F
:1024000049EA020205F8012C1B0F90D0C21D8ED4A0
:1024100096428CDD83E74A46029B9A44019B1C440A
:10242000039B01329A427FF40AAFB8E5002A88D0B4
:10243000B04286DA15F8049C29F00F0949EA020235
:1024400005F8042C7DE714980230049800F09D8173
:10245000059B251D002840F031828646914649E0C3
:102460009F4200F00F02C0F29E8022B115F8042CAA
:1024700012077FF4F7AD10F0F00F05D015F8042C1B
:1024800012F0F00F7FF4EEAD10F4706F04D015F879
:10249000032C12077FF4E6AD10F4704F05D015F849
:1024A000032C12F0F00F7FF4DDAD10F4702F04D088
:1024B00015F8022C12077FF4D5AD10F4700F05D07B
:1024C00015F8022C12F0F00F7FF4CCAD10F0706F05
:1024D00004D015F8012C12077FF4C4AD020F05D00B
:1024E00015F8012C12F0F00F7FF4BCAD0EF1010EC7
:1024F00008330435E6458ED0002B51F8040BAFDAD3
:1025000010F0F00F09D05A1C07D4964205DD15F8DB
:10251000042C12F0F00F7FF4A5AD10F4706F08D00A
:102520009A1C06D4964204DD15F8032C12077FF49A
:1025300099AD10F4704F09D0DA1C07D4964205DD2E
:1025400015F8032C12F0F00F7FF48CAD10F4702FFF
:1025500009D013F1040806D4464504DD15F8022C11
:1025600012077FF47FAD10F4700F09D05A1D07D405
:10257000964205DD15F8022C12F0F00F7FF472ADD3
:1025800010F0706F08D09A1D06D4964204DD15F83D
:10259000012C12077FF466AD020FA7D0DA1DA5D477
:1025A0009642A3DD9CE7002AAAD09E42A8DD15F83A
:1025B000042C12077FF456ADA2E7914664E08742EF
:1025C00003F00F02C0F2D2803AB115F8042C02F0E9
:1025D0000F0242EA031205F8042CC3F30318B8F102
:1025E000000F07D015F8032C22F00F0242EA080270
:1025F00005F8032C4FEA132818F00F0F07D015F831
:10260000032C02F00F0242EA081205F8032CC3F370
:102610000338B8F1000F07D015F8022C22F00F0292
:1026200042EA080205F8022C4FEA134818F00F0F8F
:1026300007D015F8022C02F00F0242EA081205F842
:10264000022CC3F30358B8F1000F07D015F8012C82
:1026500022F00F0242EA080205F8012C4FEA136843
:1026600018F00F0F07D015F8012C02F00F0242EA04
:10267000081205F8012C1B0F04D02A7822F00F0253
:1026800013432B70083004351EF1FF3EFFF4C3AE38
:10269000002851F8043B92DAC3F3031262B110F13F
:1026A000010809D4464507DD15F8038C28F00F080A
:1026B00048EA020205F8032C1A0A12F00F0F0CD098
:1026C00010F1020809D4B04507DA15F8038C08F0B8
:1026D0000F0848EA021205F8032CC3F3033262B173
:1026E00010F1030809D4B04507DA15F8028C28F078
:1026F0000F0848EA020205F8022C1A0C12F00F0F1C
:102700000CD010F1040809D4B04507DA15F8028C92
:1027100008F00F0848EA021205F8022CC3F303522E
:1027200062B110F1050809D4464507DD15F8018CA2
:1027300028F00F0848EA020205F8012C4FEA136856
:1027400018F00F0F0BD0821D09D4964207DD15F843
:10275000012C02F00F0242EA081805F8018C1B0F49
:1027600090D0C21D8ED496428CDD86E7002A93D08D
:10277000864291DD15F8042C02F00F0242EA0312A2
:1027800005F8042C88E7424646E6002840F04881D8
:1027900005980792E64610E0069A82427FDB4FEAF0
:1027A00015294FEA154803F8045C2D0E03F8039C25
:1027B00003F8028C03F8015C08301EF1FF3E7BD366
:1027C000002803F1040351F8045BE5DA10F1010875
:1027D0000BD4464509DD13F8048C25F00F0908F0E9
:1027E0000F0848EA090803F8048C10F102080BD41A
:1027F000464509DD13F8038CC5F3032928F00F08BB
:1028000048EA090803F8038C10F103080BD4464585
:1028100009DD13F8038C4FEA153908F00F0848EA70
:10282000091803F8038C10F104080BD4464509DDA0
:1028300013F8028CC5F3034928F00F0848EA090889
:1028400003F8028C10F105080BD4464509DD13F896
:10285000028C4FEA155908F00F0848EA091803F8E6
:10286000028C10F106080BD4464509DD13F8018CE3
:10287000C5F3036928F00F0848EA090803F8018C3A
:1028800010F1070898D4464596DD13F8018C2D0FFA
:1028900008F00F0848EA051503F8015C8CE786424A
:1028A00094DD13F8048C05F00F0928F00F0848EAAE
:1028B000090803F8048C89E7079AADE54FF0000E8C
:1028C000914648E09F4200F00F02C0F29E802AB17C
:1028D00015F8042C12F0F00F7FF4C4AB10F0F00FD9
:1028E00004D015F8032C12077FF4BCAB10F4706F02
:1028F00005D015F8032C12F0F00F7FF4B3AB10F4F1
:10290000704F04D015F8022C12077FF4ABAB10F413
:10291000702F05D015F8022C12F0F00F7FF4A2AB47
:1029200010F4700F04D015F8012C12077FF49AAB45
:1029300010F0706F05D015F8012C12F0F00F7FF435
:1029400091AB020F03D02A7810077FF48BAB0EF106
:10295000010E08330435E6453FF45DAD002B51F818
:10296000040BAFDA10F0F00F08D05A1C06D49642D0
:1029700004DD15F8032C12077FF474AB10F4706FAC
:1029800009D09A1C07D4964205DD15F8032C12F0E5
:10299000F00F7FF467AB10F4704F08D0DA1C06D448
:1029A000964204DD15F8022C12077FF45BAB10F49D
:1029B000702F0AD013F1040807D4464505DD15F839
:1029C000022C12F0F00F7FF44DAB10F4700F08D012
:1029D0005A1D06D4964204DD15F8012C12077FF427
:1029E00041AB10F0706F09D09A1D07D4964205DDF7
:1029F00015F8012C12F0F00F7FF434AB020FA6D0C3
:102A0000DA1DA4D49642A2DD9DE7002AAAD09E42F8
:102A1000A8DD15F8042C12F0F00FA3D0FFF722BBAD
:102A200005980792E6461FE0069A8242C0F28D8022
:102A300013F8049C93F8008009F00F0928F00F08A0
:102A400049EA051948EA157803F8049C83F80080E0
:102A50004FEA15194FEA15382D0D03F8039C03F8BA
:102A6000028C03F8015C08301EF1FF3EFFF424AF36
:102A7000002803F1040351F8045BD5DA10F10108D2
:102A80000BD4464509DD13F8038CC5F3031928F070
:102A90000F0848EA090803F8038C10F102080BD468
:102AA000464509DD13F8038C4FEA152908F00F0895
:102AB00048EA091803F8038C10F103080BD44645C3
:102AC00009DD13F8028CC5F3033928F00F0848EA32
:102AD000090803F8028C10F104080BD4464509DDFF
:102AE00013F8028C4FEA154908F00F0848EA091854
:102AF00003F8028C10F105080BD4464509DD13F8E4
:102B0000018CC5F3035928F00F0848EA090803F8B7
:102B1000018C10F106080BD4464509DD13F8018C31
:102B20004FEA156908F00F0848EA091803F8018C04
:102B300010F1070897D4464595DD93F8008028F0FA
:102B40000F0848EA15751D708DE7864296DD13F86B
:102B5000048C08F00F0848EA051803F8048C8DE788
:102B6000BAF1000F3FF437AA08EBEA08A8EB04011A
:102B70000791FFF732BA059F0023FFF721BB40F210
:102B8000353007930592019101F0AAF87C68059A07
:102B9000607A01994FF0FF330493079BFFF7D9B98F
:102BA00040F23530CDE90723019101F099F87C68B6
:102BB000019994F809C04868BCF1010F00F11003B5
:102BC000059304F11004DDE907233FF461AABCF189
:102BD000040F46D040F23530CDE90823079101F0CB
:102BE0007FF84FF0FF3301930799DDE90823FFF7E2
:102BF000C5B903423FF402AAFFF734BA40F23530B8
:102C00000793029201F06CF8029A079BBAF1000F49
:102C10003FF4E1A97968497A0129A5D004297FF414
:102C2000DAA908EB6A08A8EB04010791FFF7D5B908
:102C3000059901EBE4010591FFF7A4BA40F23530A4
:102C4000CDE90212079301F04BF80299039A496803
:102C5000079B497A0129EBD004297FF493AAFFF757
:102C60008DBA23B14FF0FF300190FFF78FB94FF0CD
:102C7000FF300190FFF78CB92DE9F04182B00E468C
:102C80001746984605460024FDF79AF843463A460B
:102C9000314628460094FFF71DF902B0BDE8F081E7
:102CA00010B582B04FF0FF340094FFF713F902B073
:102CB00010BD00BF2DE9F041044682B00D46164616
:102CC0001F46FDF77DF863686A685B7A042B02D1C2
:102CD000537A042B16D04FF000085389CDF80480A6
:102CE0009289009231463A462046FDF7E1F9CDF847
:102CF00000803B46324629462046FFF7EBF802B0FB
:102D0000BDE8F0816FF0010C3B4632462946204673
:102D1000CDF800C0FFF7DEF8F1E700BF2DE9F0477E
:102D2000814688461546FDF74BF8D9F80400437AEA
:102D3000012B58D0042B40F0AD808489A4001F34AF
:102D40006411A400002D53D1B8F1000F47891DDB99
:102D50001AD0B84500F1100579DB04FB07F4032C09
:102D60000BD915F0030209D124F003032B4445F8D5
:102D7000042B9D42FBD104F003042CB12C4400230E
:102D80002B700135A542FBD1BDE8F087C8F1000AE0
:102D9000BA4500F11006437A3BDB012B53D0042BDC
:102DA00040F08180828992001F325211920004FB10
:102DB00007F4032C05FB02630BD913F003010AD1BE
:102DC00024F003021A4443F8041B9342FBD104F09D
:102DD0000304002CD8D01C4400221A700133A342F3
:102DE000FBD1BDE8F08784890734E410002DABD017
:102DF00041680830FDF70CF8002104464846FDF70D
:102E000089FA2B46424621464846BDE8F047FFF77F
:102E100051BF012B38D0042B56D1818989001F3135
:102E2000491189000AFB01F108EB070531443046DE
:102E300004FB05F213F0E1FAD9F804005746437A8F
:102E400000F11006A9E782890732D210AFE7437A72
:102E5000012B14D0042B2DD1808980001F3040110C
:102E600080002946A7EB080200FB085004FB02F291
:102E700013F0C3FAD9F80450474610356DE780893E
:102E80000730C0102946EDE781890731C9100AFBD8
:102E900001F1C9E740F2353000F022FF4FF0FF3476
:102EA000D9F804004EE740F2353000F019FF4FF03A
:102EB000FF327CE740F2353000F012FFD9F8041001
:102EC0004FF0FF301031CDE740F2353000F008FF11
:102ED0004146A9E72DE9F843054600AFFCF770FF2E
:102EE0006C68637A012B2FD0042B37D1A589B4F8F5
:102EF0000A80AD001F356D11AD002E4608F1FF3878
:102F000010342B46073308FB064623F00703ADEBCE
:102F1000030DA642E84614D9C5F1000921462A4608
:102F20004046FEF791FF31462A462046FEF78CFFC9
:102F30002C4430462A4641464E44FEF785FFB442B3
:102F4000ECD3BD46BDE8F883A589B4F80A800735FF
:102F5000ED102E4608F1FF381034D2E740F235303C
:102F600000F0BEFE6B685A7A5E89012A06F1FF38CE
:102F700003F110040AD0042A0ED040F2353000F0DC
:102F8000AFFE4FF0FF331D461E46BBE79B8907335C
:102F9000DE104FF0FF35B4E79B899B001F335B11B8
:102FA0009E004FF0FF35ACE72DE9F04743685A89A2
:102FB0007E2A33DC0446998950005A7AFCF74AFF8E
:102FC000636845685A7A5E89012A074605F110054B
:102FD00003F110081ED0042A24D19C89A4001F34B8
:102FE0006411A4009EB14FEA440A4FF00009414623
:102FF00022462846FEF728FF09F101094146281913
:103000002246FEF721FF4E45A0445544EFD13846F5
:10301000BDE8F0879C890734E410E3E700273846D1
:10302000BDE8F08740F2353000F05AFE4FF0FF3433
:10303000D8E700BF38B5FFF7B7FF0446F9F7BEFC85
:103040002046FDF7FBFA05462046F9F7C5FC284661
:1030500038BD00BF38B50546FCF728FFA8B10C20E5
:10306000F9F722FB044628B10B4A456000230260B1
:1030700083605DB12046F9F7A1FC2046FFF7DAFF37
:1030800005462046F9F7A8FC686838BD40F235309F
:1030900000F026FEEEE700BF88760200F8B5044691
:1030A000FCF704FF70BB07462046FCF725FF00280D
:1030B00039D0616838460431F7F7F8FB872303728B
:1030C000237A03F00F034372637A4381A37A8381E7
:1030D000C781626804F10C01043A05461030FEF71E
:1030E000B3FE2846F9F76AFC0C20F9F7DDFA06462C
:1030F00018B1C0E901570D4B03602846F9F76CFC85
:103100003046F8BD0C20F9F7CFFA064658B1074A09
:103110004460002302608360002CF1D140F235301E
:1031200000F0DEFDECE700263046F8BD88760200B0
:10313000F0B50C4683B0064615461F46FCF740FE28
:103140002046FFF7ABFF18B143685B7A012B01D033
:1031500003B0F0BD0146009730462B142AB2FEF7AB
:10316000B9FE03B0F0BD00BFFFF798BF032A19D91D
:10317000830721D130B422F0030301EB012505EBD5
:1031800005450344044644F8045B9C42FBD102F02D
:1031900003022AB1C9B21A44197001339A42FBD111
:1031A00030BC7047034632B1C9B21A4419700133BA
:1031B0009A42FBD1704770470346F5E782B070B57D
:1031C0000C4684B005464968206802AC03C40399E4
:1031D00008AC481084E80C00CB0745BF2A58029B76
:1031E000029CD4580AAB2E1893E803008DE8030024
:1031F00008AB0CCB3046A04704B0BDE8704002B02D
:10320000704700BF82B000B585B00DF1180C0021E9
:103210008CE80C0080F81912012341F29202072178
:1032200068460AF071F805B05DF804EB02B070472B
:10323000F8B51C460B0A0F46054616461AD1330C44
:103240001ED1AA7805F10C01881805F1FC031B1AA0
:1032500004F1040C9C4518D8E4B28C54330A47702E
:103260008670C370AB78073424F003041C44AC7040
:103270000430F8BD40F28F3000F032FD330CE0D066
:1032800040F28F3000F02CFDDBE70020F8BD00BFDE
:1032900090F8193203B9704741F29201072004F007
:1032A000F9BF00BF10B52030FFF7C2FF044608B1D8
:1032B000204610BD40F28F3000F012FD204610BDB8
:1032C00030B50446C06885B018B1036800211B689A
:1032D0009847A068064903680294FC22CDE90021C2
:1032E00004F120011D6904F58E73A84705B030BDB7
:1032F000753701002DE9F047CB6833F0FF0384B048
:1033000021D10C7BA410012C01F1100118DD5B4DC3
:103310005B4E5C4F012309E0B24267D0BA4208BF5E
:1033200080F81E320133DBB2A34209DA51F82320C0
:10333000AA42F1D180F81B320133DBB2A342F5DBA4
:1033400004B0BDE8F087B3F5000FF9D04B7B90F8DF
:103350001E229A425FD090F81B229A424ED090F8DB
:103360001C229A42ECD890F81D229A42E8D3CA89CE
:1033700041F201139A42E3D191F80C8001F110045B
:10338000A044A045064689464FF000054FF0010ACB
:103390000FD9637827781F2B49D9082F55D0A7F16B
:1033A0000903012B64D97B1E062B4FD90234A0459B
:1033B000EFD8D6F82432AB42C2D00024012705E072
:1033C000B3B30134202C56D0D6F8243207FA04F2D5
:1033D0002A4203EA0203F3D1002BF2D0012340F684
:1033E0000201A2B2684609F08FFFEAE790F81C22BA
:1033F0000AB980F81C3280F81D3293E7CB8941F27C
:103400008112934230D041F28212934298D10B8ABA
:10341000A0F8223294E7CB89B3F5845F10D041F253
:10342000811293428CD10B69C0F8343288E7FEE7F1
:103430000123A2B240F60301684609F065FFC0E728
:103440000B699B0AA0F838327AE7072799F80D3004
:1034500096F81C229B1AC3EBC3033B44002BC4BF4A
:103460000AFA03F31D43A1E70B8AA0F8203267E7AD
:1034700004F092F897E7C6F8245261E7E536FA16A9
:103480006EA0EA1D0636C61FF0B50446C06885B0BA
:1034900018B1036801211B68984704F057F82069A8
:1034A00003685B689847002800F0BA80002584F81C
:1034B0001A5247F6CD2604F03BF8C4F82250C4F85F
:1034C0002650C4F82A50E5852684F9F7EFFFB4F8B2
:1034D0001C3160624BF2CD329342A16249D0B342BB
:1034E00043D194F81E31002B43D004F58E76FF278C
:1034F00031462046FFF7FEFE94F8280194F81E316D
:10350000C11D21F003018B4233DD021DA51895F882
:103510002851FF2D00F0B08094F81F01621820F0B0
:10352000020084F81F0192F828E10EF104028818C5
:103530008342C0F2DB8001F10C0CB444634604F515
:10354000927053F8045B40F8045FA3EB0C05AA42A9
:10355000F7DC0EF10703224423F00303A6441944C9
:1035600082F828718EF82D11C2E719467D4804F0C3
:10357000B3FA94F81B12002959D0E36904F120062C
:10358000002B5ED040234FF402523046FFF750FE2E
:103590000546002800F0C980E369284603F140028F
:1035A0001F685D689968D3F80CC0C0F80CC0103370
:1035B000934207604560816000F11000F0D1002364
:1035C000E3618122082394F81B123046FFF730FE96
:1035D000054618B940F28F3000F082FB234603CB3A
:1035E00028606960304694F81B12012342F2010200
:1035F000FFF71EFE0546002800F09C8094F83A3242
:10360000594AC3EB0323A2FB03235B092B7094F8F5
:103610001E32002B6ED12046FFF752FE05B0F0BDE2
:10362000012384F81A3203F083FF05B0F0BD0B4686
:103630000A462046FFF736FE2046FFF741FE05B05A
:10364000F0BD63692BB394F818529D4228BF1D4604
:1036500030462B468322FFF7EBFD064600286ED04E
:103660002A463046A169FEF7EFFBD4E905322A4429
:103670005B1BC4E90532CEE7204490F82D118B4244
:103680007FF777AF8A42FFF647AF384804F024FA55
:103690006FE794F81E1209B3D4F83432D4F830022C
:1036A00083421BD294F81852C01A8542A8BF05461F
:1036B0002B4630468022FFF7BBFD064600284BD044
:1036C000B4F8382269103046FCF7A2F90746D8B39F
:1036D000D4F834022844C4F834029CE7012341F2B0
:1036E00093020721684609F00FFE9EE7204804F088
:1036F000F3F93EE7F9F7E0FED4F82C22D4F82832AB
:1037000032B1C3EB03139B1A03441B09C4F82832DC
:10371000B4F83822C4F82C02C3F3552302FB03F398
:103720009B0A9B00C4F8303275E740F28F3000F0FE
:10373000D7FA31E740F28F3000F0D2FA5EE740F27C
:103740008F3000F0CDFA8BE72A4630463946FFF736
:103750000DFDC4F830725EE740F28F3000F0C0FA21
:10376000AEE700BFB87602001F85EB51D0760200AD
:10377000EC760200FFF788BE82B08DE80C0090F86E
:103780001A320BB902B0704702B0FFF77DBE00BF1E
:10379000F8B51D46DB0704460F46164600D495BB18
:1037A00040F28F3000F09CFAA388B34202D1E38844
:1037B000AB4203D040F28F3000F092FA94F8193205
:1037C00023BB63881BB1B4F822229A4219D96D0831
:1037D000069AE26106FB05F6EC23B3FBF5F313FB57
:1037E00005F50123C4E9056784F8185284F81932F5
:1037F000FC22002104F12000FFF7B8FC2046FFF76F
:1038000043FE0020F8BD002ACED1C9E740F28F3038
:1038100000F066FAD5E700BF2DE9F04F83B0DDE98F
:103820000C9ABDF83880002B3BD0B9F1000F35D091
:103830000F2902D1B8F1C00F33D1074628201D4609
:103840000E46934612F0A6FD0446103009F07CFDAA
:1038500018202680A4F802B012F09CFDCDE9009A51
:1038600006466B46024603CB46F80C5B00233D68D8
:10387000D36048F002087360E360506091600E49C5
:103880005161C4E90833A4F80480A2606B6838462B
:103890002146984740B903B0BDE8F08F1AF0010FF8
:1038A000C6D16FF47A70F6E7204604F0DFFE2046BA
:1038B00012F067FD0148EEE7BD31010016FCFFFF85
:1038C000F0B504462948A16089B00025CDE904057A
:1038D00004A803C81E466423E26084F83A324AF61C
:1038E000444246F2BC63A4F83822C4F8283284F873
:1038F000195284F81A5284F81B5284F81C5284F826
:103900001D5284F81E52C4F82452C4F83452C4F82C
:103910002C5226618DE80300154F1022234638688B
:103920000292072141F29302FFF776FF3368304697
:103930009B68012198470F4B3F68CDE9063508ABDE
:1039400013E903003589C0228DE803002346294688
:10395000029238460222FFF75FFF33683046DB6C85
:1039600002219847204609B0F0BD00BF0532010092
:103970006C0A0020793701002DE9F04100248046CF
:103980000E461546CCB121466408D8F804003940EB
:103990000368C9B2003118BF01211B689847D8F8E5
:1039A0000000036801211B689847D8F800000368ED
:1039B00000211B689847002CE5D12DB13778013DD7
:1039C000402401368021E0E7BDE8F08170B504466F
:1039D000806803680E461B68002115469847E0681A
:1039E00018B1036800211B68984701223146204620
:1039F000FFF7C2FFA068036801211B6898476A1E91
:103A0000002A03DD711C2046FFF7B6FFE06828B1ED
:103A1000036801211B68BDE87040184770BD00BFF6
:103A2000F0B5054687B000262C230F46144601A9A1
:103A30000122CDE90166CDE903668DF804300596D3
:103A4000FFF7C4FFA868036801211B689847E8686E
:103A500018B1036831461B689847621C3B1252102C
:103A600043EA071339118DF80670541E8DF805309E
:103A70008DF804103AB1013C032201A92846FFF752
:103A80007BFF631CF7D1E86818B1036801211B684C
:103A9000984707B0F0BD00BFF0B50B4689B00746A8
:103AA00010E05E788DF8002026F080042246FEF7B4
:103AB000CBF9621C69463846FFF788FF320605EBF2
:103AC000040308D41A789D1C29460DF10100002A30
:103AD000E7D109B0F0BD2A5D4FF47A705C1C00FBA1
:103AE00002F003F055FD2346ECE700BFF0B585B0CA
:103AF000013B0A9C8DF802100B44013C14441D123A
:103B00008DF80430271200238DF803508DF80A2019
:103B10008DF80C4002A904462B262A250522ADF873
:103B20000030ADF808308DF80B708DF800608DF81E
:103B30000850FFF74BFF204669460522FFF746FF76
:103B400005B0F0BD30B583B0150A8DF80110110C29
:103B5000B1238DF807208DF805100222694636241E
:103B60008DF800408DF8043004468DF80650FFF7BC
:103B70002DFF9DF80730FF2B20460CBF03220422A7
:103B800001A9FFF723FF03B030BD00BF70B54FF0B0
:103B9000FF3104462220F7F701FAFAF771FB4FF0E4
:103BA000FF3160602020F7F7F9F9FAF769FB4FF071
:103BB000FF3120602320F7F7F1F9FAF761FB4FF0AE
:103BC000FF31E0602420F7F7E9F9FAF759FB4FF0ED
:103BD000FF31A0602C20F7F7E1F9FAF751FB4FF025
:103BE000FF3106462B20F7F7D9F9FAF749FB0546CE
:103BF000E06818B1036801211B689847A068036852
:103C000001211B68984726B1336830461B680121A3
:103C100098478DB12B6800211B682846984744F6C9
:103C2000206003F0B5FC2B6828461B6801219847EB
:103C300044F6206003F0ACFC40212720F7F7AEF9F2
:103C400040F2036105462820F7F7A8F90A4906461D
:103C50002046FFF721FF3246E9B22046FFF772FF08
:103C6000A0212520F7F79AF9802120822620F7F756
:103C700095F9608270BD00BF447702002DE9F04FD6
:103C8000154F01EB81010F4483B0804692461E46DA
:103C900007F1050B4FF0030917F8015B002445FA03
:103CA00004F3DB0709D40134052CF8D15F4506F194
:103CB0000406F1D103B0BDE8F08F32460AEB84016F
:103CC0004046CDF800900323FFF710FF09220C991E
:103CD0004046FFF7A5FEE6E70C770200704700BFFD
:103CE0002DE9F041054688B072B603F02FFC294655
:103CF0005F4803F0F1FE72B65E4E347804B1FEE721
:103D0000F8F7CAFC01234FF0FF3122203370F7F798
:103D100045F9FAF7B5FA002854D003A8FFF736FFA3
:103D2000BDF81E20BDF81C3000922146224603A893
:103D3000FFF7DCFEBDF81C30BDF81E204E4F2146BB
:103D400002FB03F203A8FFF76BFE4FF470634622F9
:103D50000A2103A800931423FFF790FF474BEC17A9
:103D600083FB0523C4EB631387FB0312D917C1EB55
:103D7000A2014FF47F6601EB8101A3EB41013222E6
:103D800003A83C230096FFF779FF87FB0523C4EBCC
:103D9000A30487FB0437E117C1EBA70101EB810105
:103DA000A4EB410103A83C234A22009604EB8404BF
:103DB000FFF764FFA5EB4401009603A83C236222B1
:103DC000FFF75CFF2846FFF789FF4FF0FF310D201A
:103DD000F7F7E4F8FAF754FA0446294DDFF8AC8017
:103DE000284F04B9FEE70326236801211B682046FB
:103DF0009847284603F0CCFB236800211B68204627
:103E00009847284603F0C4FB013EEDD1404603F03D
:103E1000BFFB0326236801211B68204698473846CC
:103E200003F0B6FB236800211B682046984728460C
:103E300003F0AEFB013EEDD1404603F0A9FB0326A3
:103E4000236801211B6820469847284603F0A0FB01
:103E5000236800211B6820469847284603F098FBFA
:103E6000013EEDD1084803F093FB002CBAD0BAE72D
:103E7000587702009C0B0020676666661F85EB5131
:103E8000A0860100E0930400C0270900400D030054
:103E90002DE9F04FB64D2C6887B01CB1204607B015
:103EA000BDE8F08F4FF0FF312220F7F777F8FAF7EF
:103EB000E7F9002800F0FE80682012F06BFA00217C
:103EC00004462920F7F76AF8402181462720F7F7B2
:103ED00065F840F2036106462820F7F75FF841F6DF
:103EE000376103904E20F7F759F8002780464FF0CE
:103EF000FF3184F86070A7602120F7F74FF8FAF7D8
:103F0000BFF941F29203984582464FEA196B00F0DF
:103F10002A8106F08073BA460493BBF1000F00F0CB
:103F2000FF8040F28F30FFF7DBFE002741F637635A
:103F3000984500F0788142F27D43984500F08F81EA
:103F400041F29203984500F0B78040F28F30FFF7BE
:103F5000C7FE049B002B14BF6FF07F400020310A86
:103F6000320CF6B2606684F85E1084F85F20434637
:103F7000324603997F4803F0AFFD1FB319F0FF09E4
:103F800018BF7D493B6808BF7C491B6818BF01FB0F
:103F900009F1384698473B6808225B68002138469B
:103FA00098474FF0FF312320F6F7F8FFFAF768F94A
:103FB00018B1036801211B6898473B6838469B6825
:103FC000002198474FF0FF312B20F6F7E7FFFAF773
:103FD00057F9074670B1036800211B689847142001
:103FE00004F032F93B6838461B68012198471420D9
:103FF00004F02AF96368A3B14FF0FF312C20F6F7E3
:10400000CDFFFAF73DF918B1036801211B68984705
:10401000606803681B689847039A6068314608F037
:10402000BBF9A0212520F6F7B9FF8021A4F858009C
:104030002620F6F7B3FF676883B2A4F85A30A4F8D5
:104040005C30002F57D086B2B4F8583094F85F2017
:1040500094F85E100096384608F070F994F85F0006
:1040600094F85E30B4F85A20B4F8581000904448E0
:1040700003F032FD94F86030002B48D1B4F858308A
:10408000B4F85A0000FB03F000EBD070401014307D
:10409000F8F7C8FB23460026206543F8546F01213A
:1040A0001846F8F771FC204684F84D602C6007B084
:1040B000BDE8F08F2C68F1E6002363604FF0FF311C
:1040C0002320F6F76BFFFAF7DBF84FF0FF3183465A
:1040D0002420F6F763FFFAF7D3F805904FF40F703A
:1040E00012F058F9059B82465A463946FFF7E8FB1D
:1040F000C4F808A02DE7A26894F85F00B4F858103F
:1041000094F85E60168050809180D380A6E7B4F862
:104110005830B4F85A005B10401000FB03F0B3E7CE
:104120004FF0FF312220F6F739FFFAF7A9F84FF0E8
:10413000FF3183462020F6F731FFFAF7A1F805900A
:104140004C2012F027F95246059B594607460CF0C1
:10415000DBF8082012F01EF93946824608F05EF9B5
:10416000C4F800A0E2E6074803F0B6FC12E000BF86
:1041700000050020CC77020040420F00C0E1E400BF
:10418000FC77020070770200642004F05DF8B00153
:1041900000F184804FF0FF312B20F6F7FFFEFAF795
:1041A0006FF80021074668B103681B6898470A202A
:1041B00003F0EEF93B6838461B680121984703205D
:1041C00004F042F81120FAF755FA0028DCD007462F
:1041D0000146454803F080FC444B9F427DD0B90620
:1041E00026F0C006C7F382174CBF46F0800646F0A3
:1041F0004006022F69D0032F5ED0012F55D040F228
:104200008F30FFF76DFD06F0807304933946039BF2
:104210003748324603F060FC4FF0200941F637681A
:104220004FF0000A79E64FF0FF312320F6F7B6FE93
:10423000FAF726F84FF0FF3183462420F6F7AEFE5A
:10424000FAF71EF80590302012F0A4F8059B2168BB
:1042500082465A4607F0DEFCC4F804A079E64FF027
:10426000FF312320F6F79AFEFAF70AF84FF0FF31F4
:1042700083462420F6F792FEFAF702F805903020E4
:1042800012F088F8059B21685A46824606F0D4FA57
:104290000123C4F804A084F860305AE6154803F0FE
:1042A0001BFC06F080730493B8E706F08073049358
:1042B00040F203630393A9E740F203634FF0807277
:1042C00046F08076CDE90332A0E706F080730493D0
:1042D000094B039346F0080698E7FAF7FFF906F052
:1042E0008073049319E600BF9C770200FFFF010072
:1042F000A877020084770200FF140E0008B5FFF7CC
:10430000C7FD18B183680BB1012008BD4FF0FF3124
:104310002C20F6F743FEF9F7B3FF0028F5D0007C18
:10432000063818BF012008BD642870B50346A8BF31
:104330006423054623EAE374FFF7AAFD20B18368EE
:1043400013B183F83A4270BD4FF0FF312C20F6F7DD
:1043500025FEF9F795FF06460028F4D0002D1FDD55
:10436000632D17DCFFF7CAFF0028ECD033684FF449
:104370007A715B6E3046984704FB04F30B49326850
:10438000C3EB8323A1FB03313046490BD368BDE85F
:1043900070401847036801211B68BDE8704018474A
:1043A000036800211B68BDE8704018475917B7D152
:1043B000F8B50446FFF76CFDC8B16368302B0546BD
:1043C00016D16F6E204604F1300605F10802437ADB
:1043D000047A817A1B0243EA04430B4303307B4097
:1043E000864242F8043FF2D1012385F84C30F8BDF3
:1043F00040F28F30FFF774FCE3E700BF70B582B086
:104400000546FFF745FD10B190F860300BB102B0E2
:1044100070BDB0F85A40466890F85E1090F85F2082
:10442000B0F85830641BA4B2A0F85C4036B980687C
:10443000018042808380C48002B070BD0094304609
:1044400007F07CFF02B070BD10B50446FFF720FDF9
:1044500008B104B1446510BDF0B583B00546FFF75F
:1044600017FD002800F0998090F84D300446002B8D
:1044700040F0938090F860200123002A0CBF1A4678
:10448000022280F84D30002D2ED06B68597A042915
:1044900007D15989B0F8580002FB01F1814200F0C0
:1044A000A48040F28F30FFF71BFC6068002876D0B4
:1044B00007F0EAFC94F84C3004F10C06002B72D0A3
:1044C000002384F84C306968206D4A681031083A3E
:1044D000FDF7BAFC6B6860685A89216D9B890028DA
:1044E00066D0009607F0E2FD636D002B52D094F881
:1044F0006030002B4ED16068002800F08B8007F000
:10450000C3FC656D69684B7A042B07D1B4F85A3047
:10451000B4F85C008A891B1A93426FD040F28F3046
:10452000FFF7DEFB69684A68206D083A1031FDF735
:104530008BFC6068002846D0B4F85C20B4F85A6060
:1045400094F85F70B4F8583094F85E10B61A00967C
:104550003A4407F0F3FE6B6860685A89216D9B89C5
:10456000002851D00025009507F0A0FD60680028C4
:1045700054D007F089FC606894F85E1094F85F20CE
:10458000B4F85830B4F85C50B8B1009507F0D6FED6
:1045900000236365002384F84D3003B0F0BDA068AC
:1045A000FEF776FE86E7A368002B08BF00268AE7A1
:1045B000A0680096FFF7ECF896E7A06801804280BB
:1045C0008380C580E4E7B4F85C0094F85F10B4F829
:1045D0005A20A368B4F8586094F85E701F800144B4
:1045E000121A5980DA809E80B5E79989B4F85C3058
:1045F00002FB01F29A427FF454AF56E7B4F8582018
:104600004B899A428AD18EE7A56800902846FFF729
:10461000BFF8ABE7A068FEF73BFE72E7A068FEF7C5
:1046200037FEA8E7704700BFF8B504461D46016095
:104630001C4BE3610020B5F5003F0F461646C4E968
:104640001E2584F874006060C4E90200C4E9040017
:10465000A061E0622067A4F876001DD83B68384668
:104660001B6831469847431E334204D1B5FBF0F333
:1046700000FB135058B140F29A30FFF731FB0A4D5E
:104680002B8813B906F0DAFF28802046F8BD012BED
:10469000F1D9DB07F3D5EEE740F29A30FFF720FBC4
:1046A000DCE700BF806967FF940B00202DE9F04133
:1046B0000746006803681B680C4601EB0208984730
:1046C000431E2342064625D1444521D2386803685B
:1046D00021461B689847B04203D040F29A30FFF75A
:1046E000FFFA3868036821465B689847002E04EBA0
:1046F00006050ADD2378FF2B04F1010440F29A300D
:1047000001D0FFF7EDFAAC42F4D1A8452C46DDD834
:10471000BDE8F08140F29A30FFF7E2FAD4E700BF3B
:1047200008B5D0E91E12FFF7C1FF40F29A30BDE88C
:104730000840FFF7D5BA00BFF8B5D0E91E122C4CDF
:104740000E685308A642CF5801EB03053AD0A742A2
:1047500001D00020F8BD69688A42FAD129461D447B
:104760004160C56055F8082C0132A5F1080303D05B
:1047700053F8082D0132FBD103F1080202615C6895
:10478000013403F1040303D153F8044D0134FBD089
:104790000B3323F00703836004461868013002D10D
:1047A0005868013006D02046FFF7BAFFE568616817
:1047B0002269A3680F485B1A521A691A03F08CF930
:1047C0000120F8BDB7424C6802D0A242C8D0C0E771
:1047D0006E68B242F9D1A242C0D18C68AA68661C48
:1047E0009642BBD0561CB442BAD09442B8D8B5E772
:1047F000DAE076777C780200C16A01B97047F8B5D3
:104800000246054652F8300B03689C684023A047D7
:10481000B8B96FF02E06761B05F12F0405F16F076E
:10482000321914F8013FFF2B06D0E96A8A5C9A42DC
:10483000284601D0FFF774FFA742F1D10023EB62B5
:10484000F8BD2846FFF76CFFE3E700BF4BB32DE947
:10485000F04781460E4690461D4600F1300A06F0AC
:104860003F07D9F82C30F41BA34209D04846FFF784
:10487000C3FF4022FF215046FEF778FCC9F82C40C8
:10488000C7F14004AC4228BF2C4641460AEB070062
:104890002246FDF7D9FA2D1B2644A044DFD1BDE8FE
:1048A000F0877047F0B50446006F002385B0C4E977
:1048B000053330B10368236711F063FD206F0028D2
:1048C000F8D1154803F008F9D4E91E135A08134823
:1048D0008D584FF0FF36039685424FF0010601EBED
:1048E0000207029611D02046FFF7E0FED4E91E151C
:1048F0000A4B00936A46102320460195FFF7A6FF56
:104900002046FFF779FF05B0F0BD78688342EAD111
:10491000BB6833440293E6E76C780200DAE076770E
:10492000F8B5056F4C88B1F9047045B32E46B21C3A
:10493000002302E00133202B0BD032F8021FA142EA
:10494000F8D1002F19DB06EB430300229A800120E7
:10495000F8BD3668002EEAD1002F26DAAA1C002303
:1049600002E00133202B0ED032F8021F0029F8D1CB
:1049700005EB430308469C80F8BD0120F8BD002FDD
:1049800004DB0020F8BD2D68002DE7D1054644204A
:1049900011F000FD3E22064600210630FEF7E6FB40
:1049A0002B6FB48033602E67EBE73046F8BD00BF55
:1049B00043680BB101207047FFF7BEBE426802B1E9
:1049C000704710B50446FFF7B7FE00B110BD204692
:1049D000FFF768FF6368002BF8D12046FFF7ACFEB5
:1049E0000028F3D12046BDE81040FFF799BE00BF74
:1049F00038B590F8743004464BB1094D298840F21F
:104A0000FF3003F047FC94F87430002BF6D10123FB
:104A100084F874302046BDE83840FFF7CFBF00BFB0
:104A2000940B002010B590F8743084B004461BB984
:104A300040F29A30FFF754F92046FFF7DDFE064AB0
:104A4000002384F874301288012340F2FF31684655
:104A500008F05AFC04B010BD940B00202DE9F84377
:104A6000814608460F4611F020FD01463846F7F70B
:104A7000EFF980EA1045384611F017FDD9E90364D3
:104A8000B44217D20130ADB21FFA80F802E0083408
:104A9000B4420FD22388AB42F9D16388D9F804001D
:104AA00042461844394611F099FC0028EFD12046BF
:104AB000BDE8F88300242046BDE8F883F8B50C462D
:104AC00016461F460546FFF793FFCCB12146284600
:104AD000FFF7C4FFA861A8B1C3889BB18488C4F361
:104AE0000E0446B16968A7423A46304628BF2246BE
:104AF0001944FDF7A9F92846FFF794FF2046F8BDB1
:104B0000A869E8E74FF0FF34F5E700BF10B50446A9
:104B100082B0FFF76DFF6369002B38D0E2689A42DC
:104B200012D903F108026261186859686B4603C321
:104B300069462046FFF7F4FE10B9BDF80630A3B968
:104B40006369E2689342ECD3206F0023636130B164
:104B50000368236711F015FC206F0028F8D1204668
:104B6000FFF760FF002002B010BDBDF80420BDF8C3
:104B700002106368A084C2F30E020B442046226236
:104B8000A362FFF74FFF04F1200002B010BD206FB9
:104B9000236963610028C1D00368236711F0F1FB2A
:104BA000206F0028F8D16369B8E700BFF0B58168CD
:104BB000CB1D23F0070383B0002600275D1A0446AF
:104BC000CDE9006708D153F8043C013310D02046EA
:104BD000FFF712FE03B0F0BD2B466A46FFF736FE24
:104BE000A3681D44A5602046FFF706FE03B0F0BD94
:104BF0006A460823FFF72AFEA3680833A36020460D
:104C0000FFF7FAFD03B0F0BD2DE9F04F83680569A9
:104C1000ED1A01F12003AB428BB003DA01200BB097
:104C2000BDE8F08F04461746039104F061FFB4F825
:104C30007630002B40F0BA802A460399794802F07A
:104C40004BFFA26F616800239142C4E905330ABF9C
:104C5000E36F049201EB5303204608BF0493FFF770
:104C6000CBFD049DE26F294652082046FFF71EFD4A
:104C70002B461033E26FA360002305EB520B019328
:104C800003E00368236711F07CFB206F0028F8D154
:104C9000D4E903369E4240D208364FF0100A32461D
:104CA00006AB52F8080D6568516803C3BDF81A30A9
:104CB000B0461D4417B12846B84748B306A9204658
:104CC000FFF72EFE20BBBDF81E300BB3284611F0B7
:104CD000ECFBBDF81C2000F10109C2F30E0202EB4F
:104CE00009030293019B002B73D01FFA8AF5ABF1E5
:104CF000080BA944ADF81C205946082306AA2046F3
:104D0000ADF81E90ADF81A50FFF7A0FD029B9A4433
:104D1000E368434506F10806C1D8019B0133012B26
:104D200001937BD0019B022B04D0AEE7036823677D
:104D300011F027FB206F0028F8D12046FFF75CFD1B
:104D4000A1683948ABEB010102F0C6FE6268049E1F
:104D50009168E06F354B0693013106AA1023089144
:104D60000790314620464FF0FF350995FFF76EFD5D
:104D70002046FFF741FDA2680398E36F6660ABEB46
:104D800002010246403206EB53039142C4E9033B61
:104D90003FF744AF37B1264B9842014602D0254831
:104DA00002F09AFE00200BB0BDE8F08FE169C3EB82
:104DB000C37200EB42020B449342B6BF1346E36159
:104DC000E2619842BFF638AF40F29930FEF788FFB3
:104DD00032E7A36805932A46194620464B46FFF75B
:104DE00035FDA168BDF81C50BDF81E00626849443D
:104DF000C5F30E052B460244A1602046FFF726FDB1
:104E0000A368029A1D44059BA560EB1A93423FF4E8
:104E10007DAF40F29A30FEF763FF77E72046FFF759
:104E2000C5FE32E71878020040780200DAE07677B3
:104E30000000FF7F5478020038B50D460446FFF7A6
:104E4000D7FD2A4620460449FFF7DEFE2046BDE88E
:104E50003840FFF7E7BD00BF0000FF7F2DE9F04FAE
:104E60000F4683B01E4604469046002A65D0204671
:104E7000FFF7BEFD39462046FFF7F0FD002305464B
:104E8000A361D4F80490002843D1384611F00DFBFB
:104E900006F10801014421F007010831AA46002269
:104EA0002046FFF7B1FE002800F0868063684B457E
:104EB00004D039462046FFF7D1FD05461FFA86F992
:104EC000002D53D02A886B88ADF80020ADF8023051
:104ED000BAF1000F23D00023ADF806306FEA494342
:104EE0006FEA5343ADF804302046FFF75FFE2169B7
:104EF0000839216108236A462046FFF7A7FC2046AF
:104F0000FFF77AFC2046FFF78DFD002003B0BDE8D7
:104F1000F08FF11D21F007019A460831BFE73346B3
:104F20004246A1682046FFF791FCD4E901231E44C4
:104F30009B1AA660ADF80630D0E7013306D0002EEC
:104F400095D040F29A30FEF7CBFE90E7FFF750FD88
:104F500039462046FFF782FDC4F818800546D4F88C
:104F6000049048B308214FF0010A98E7384611F041
:104F70009CFA01463846F6F76BFF80EA1043384644
:104F8000ADF8003011F091FA00F1010B3A465B46A2
:104F9000A1682046FFF75AFCD4E9012303EB0B017B
:104FA0009B1AA160ADF80230BAF1000F0AD0ADF83B
:104FB0000650ADF8049097E72046FFF733FD4FF019
:104FC000FF30A3E7334642462046FFF73FFCD4E9D3
:104FD00001231E449B1AADF80490A660ADF806307C
:104FE00082E700BF4FF0FF330022FFF737BF00BF5B
:104FF000054A93689068C3F302420823934080B245
:1050000000FB03F0704700BF0040004110B4214B8B
:105010001A886FF305121A805A8AD007FCD51888AF
:105020001D4A40F480401880188840F400401880E1
:1050300093686FF3000393601346DA68D207FCD4D9
:105040001A6A144842F001024AF201541A6241619C
:1050500002468480538ADB07FCD511880E4B6FF320
:105060008E31118011886FF3CF3111809A686FF300
:1050700000029A60D86810F00100FBD11A6A42F071
:1050800001021A629A6842F001029A605DF8044BCC
:10509000704700BF0040004100600041036810B548
:1050A000DB680C469847A04205D840F29A30FEF7DC
:1050B00017FE002010BD4FF4005010BD580740F0FF
:1050C000B4802DE9F04F480787B00E4640F0AA8023
:1050D000DC089846174615D002EBC4048D1AAB18AD
:1050E000D3E90001013108BFB0F1FF3F07D0D2E999
:1050F0000001013108BFB0F1FF3F40F08E8008325F
:10510000A242ECD14C4A538AD907FCD511884B4BAB
:1051100041F480411180118841F4004111809A6866
:105120006FF300029A60DC6814F00104FBD11A6A84
:1051300042F001021A62BFF35F8FB8F1000F1ED078
:10514000DFF8F4904FF0FF3A06F00F05C5F1100BB1
:10515000A8EB040293452FD8BBF1100F68D110348F
:10516000354639460A1F01F10C0052F8043F01335D
:1051700030D18242F9D1A0455F445E44E4D82E4A42
:105180002E4B11886FF38E31118011886FF3CF3160
:1051900011809A686FF300029A60D86810F00100DD
:1051A000FBD11A6A42F001021A629A6842F00102C7
:1051B0009A6007B0BDE8F08F444602AB39465819F3
:1051C000CDE902AACDE904AA9346751BFCF73CFE83
:1051D00002A9C7E74AF21553A9F80430B9F812300A
:1051E000DA07FBD5019102F0B1F9019905F110023E
:1051F00051F8043B45F8043B9542F9D14AF2045377
:10520000A9F8043002F094F9B9F81230DB07FBD5A5
:10521000A0455F445E4497D8B1E76FF0020007B045
:10522000BDE8F08F6FF00100C3E74FF0FF3070472B
:105230005C445A46C1E700BF0040004100600041A5
:105240000078A0F12300B0FA80F04009704700BF59
:1052500070B5144D2C680CB1204670BD4FF4004160
:105260005F20F5F79BFE214606466020F5F796FE87
:10527000002818BF0646882011F08CF80A4B044617
:10528000C6F5002240F8043B21463346FFF7CCF92F
:10529000002242F2107384F88420A4F87A302C6043
:1052A000204670BD04050020A478020038B5FFF741
:1052B000CFFF051D04462846FFF77AFB28B90346B1
:1052C0001A4628460249FFF7F9FB204638BD00BFC1
:1052D000C878020070B505460C46FFF7E7FF2B685B
:1052E00006461B6A284698476368014604F108028F
:1052F000301DBDE87040FFF7B1BD00BF38B50446B2
:10530000FFF7D4FF236805461B6A204698470146ED
:10531000281DBDE83840FFF765BE00BF38B504461C
:10532000FFF7C4FF236805461B6A20469847002301
:1053300001461A46281DFFF7C1FBC043C00F38BD08
:1053400038B50446FFF7B2FF2368051D1B6A2046E7
:105350009847002301461A462846FFF7AFFB011E77
:1053600011DB0020F5F7A2FA0446F7F727FB636884
:1053700004F1080200212846FFF7A0FB2046F7F7BA
:105380002BFB204638BD0024204638BD38B5FFF73A
:105390008DFF0446051D0C4802F09EFB0B49284674
:1053A000FFF74AFDD4F88030D4E903125B0803EB21
:1053B0004303521AB2EB930F00D338BD2846BDE821
:1053C0003840FFF76FBA00BFB478020041520100C5
:1053D0002DE9F0470446FFF769FF00238361054686
:1053E000F5F7A4FD8146F7F7E9FA236820461B6A22
:1053F0009847236806465B6A2046984796F80080DF
:105400000746043509F1040A2846FFF77FFB3A46B0
:10541000314618B38468B8F1230F204602D02378B0
:10542000232BF1D010F0DAFF4FF0FF310028EBD141
:105430002046F5F7B7F90446F7F7C0FA2246B9F85F
:1054400008105046F7F770FC2046F7F7C5FA2846D3
:10545000FFF75CFB3A4631460028DBD14846F7F7B8
:10546000BBFA4846BDE8F08701207047012070472D
:10547000002070474FF48020704700BF00487047FD
:10548000EC780200C3684902986A4FF4007301F097
:105490001DBE00BF2DE9F041C468D4E90B5383421F
:1054A0008846174610D0064620632DB1284600F0E6
:1054B000D1FE284610F065FF06F115010122A06A11
:1054C00000F09AFE0546E0624FEA4821284601F0C6
:1054D000F9F93946E06A4FF40072BDE8F04101F095
:1054E000FFB900BF38B504460D4605F0B7F8044AC9
:1054F000A56200232260C4E90B33204638BD00BFFB
:10550000FC780200F0B51D4F3A6853780446013329
:1055100083B0537005F0F8F8A36A186803681B6835
:10552000984700250002164B009022461549019528
:10553000204605F09FF82046134A142105F026F96D
:10554000A36AA3F81A51A06A00F0D6FF80B10F4EEB
:105550001425019503680093224600F108033146A3
:10556000204605F087F8A06A00F0C6FF0028F0D1B9
:10557000386803B0BDE8F04003F0DCBF600A0020EB
:10558000D078020085540100E078020095540100B3
:1055900010B5044610F089FF01462046F6F758FC86
:1055A000C3B2022B03D9FF2B184600D010BD103B0D
:1055B000D8B210BD2DE9F8430746804657F8040BD2
:1055C00002684FF48073546808F103063A4689462E
:1055D000A047344608F2031201E0944206D014F8C2
:1055E000013FFF2BF9D00020BDE8F883D8F8000078
:1055F00003683A465D6809F500714FF48073A84767
:10560000354601E0A54204D015F8013FFF2BF9D043
:10561000E9E7D8F8000003683A465C6809F580615C
:105620004FF48073A04701E0B54204D016F8013F63
:10563000FF2BF9D0D7E70120D6E700BF38B50B4DD7
:1056400001602A88002301210446C0F8101180F867
:105650000C31A0F81A31C0F8043180F80F3112B9BA
:1056600005F0ECFF2880204638BD00BF960B0020D7
:105670002DE9F041066890F80C3132684FEA212894
:10568000434504460D46576803D840F2B630FEF74E
:1056900027FBD4F80821EBB212F80810043403F504
:1056A0007F4303EB0141224630464FF48073B847F5
:1056B0002246012002E00130FF2806D012F8013F07
:1056C000FF2BF8D12843BDE8F0810020BDE8F08130
:1056D0002AB32DE9F84F06460D46934600F104091A
:1056E00001F5803A00F1030800F203143068036802
:1056F0004A465F6829464FF48073B847434601E045
:105700009C4206D013F8012FFF2AF9D00020BDE8F3
:10571000F88F05F580755545E8D15846F7E7FFF74E
:1057200049BF00BF2DE9F04FD0F8043189B00546DC
:105730001BB140F2B630FEF7D3FA284802F0CCF99C
:10574000286803681B689847254A264B0392002463
:105750004FF400725FEA002AADF81020CDE905444D
:1057600007932FD02646A1464FF6F07BB5F81AC115
:10577000A3B2DC454A463146284606F580370193F8
:1057800004F1010409D0FFF7A3FF314628B92868C6
:1057900003681B6998474FF001092868036857455B
:1057A000D3F8088011D30E4B0F4F104C03930025F4
:1057B0004FF0FF33CDE9064303AA3146CDE9047526
:1057C0001423C04709B0BDE8F08F019BADF812303B
:1057D0003146142303AA3E46C047C7E74C7902006E
:1057E0008E347635DCC601460002FFFF63F09FD0A1
:1057F0002DE9F04F90F80E318FB08B4206460291A2
:1058000000F0FA8090F80C218A42C0F2F580B04690
:105810001B042022002106A80193FDF7A7FC58F8DD
:10582000040B029A03684FEA024A5C680AF57F415A
:1058300042464FF480736FF00207A047BF1B4146FA
:1058400006F5817C4FF001094FF0FF0E7B185A11CD
:105850000EA800EB820211F8010F03F01F0390B9AC
:1058600081F800E052F8204CB6F81651B6F818014D
:1058700009FA03F32343013D013042F8203CA6F826
:105880001651A6F818018C45E0D10EAB1A463068C7
:10589000019D002342F8243D0368039229469C6839
:1058A0000C310423A0473068036842469C6805F524
:1058B0007F414FF48073A047D6F800C0DCF8003079
:1058C000D3F8049001243346A3464E4699464FEA46
:1058D000641E0EAD05EB8E0E04F01F055EF820EC85
:1058E0000BFA05F5270215EA0E0F4FF480734246B6
:1058F0000AEB0701604604F101040FD1B047D9F863
:105900000000019A0368D1199D6842464FF48073E4
:10591000A847D9F800C0DCF800305E68FF2CD6D16B
:105920004B466046B14642461E4651464FF4807390
:10593000C8473246019D52F80A0B016802238C6861
:10594000A91DA0473068039F03682F4A9C680592F1
:1059500005F1100104233A46A0473068036800248B
:105960009D68059404233A460AF11001A847F3689C
:105970004FF0FF32C6E904224FF6FF71013335467E
:10598000F360718155F8030B036851461B69984712
:105990002246234615F8011FFF2918BF134601327E
:1059A000B2F5807FF6D13068016801338C684246D9
:1059B0005146A0473068154A036805929C68039ACF
:1059C0000AF10C010423A04796F80C0170B1029C67
:1059D0000023D6F80821D15CA14204D196F80E111B
:1059E000D15496F80C0101339842F2DC029B86F800
:1059F0000E310FB0BDE8F08F40F2B630FEF770F90F
:105A000096F80E3103E700BFDCC6014663F09FD075
:105A10002DE9F04FFF2185B0002490F80C21544E61
:105A2000DFF860A10546D0F80801FDF79FFBCDE93E
:105A300002444FF0FF3B009401942746D846286863
:105A40004B4A03682104D3F804901423C8473368F1
:105A5000534507D0B8F1FF3F4DD00027384605B079
:105A6000BDE8F08F3379002BF4D171790098B368D9
:105A7000F28885F80D114FF6FF7118448A420090A4
:105A80000CD031693B48814208D195F80C11914204
:105A9000E3D9D5F80811885CFF2831D0B8F1FF3F71
:105AA000DBD1F2680293344BA0469A4218BF01271B
:105AB00095F80C3101345A1CA242C0D82F4A0098E4
:105AC000D5F8101185F80E8100FB02224A40B8F18A
:105AD000FF3FC5F81021C0D095F80D21002ABCD099
:105AE000B2EB530FB9D8B7B9039B029A6433934210
:105AF00037D30127B2E7012301931F46A046D7E71A
:105B00008C54BBF1FF3FB36802D0039A9342CFD2CB
:105B10000393A346CCE74146194801F0DDFF194B3A
:105B2000154A33604FF0FF33C6E90323019B164942
:105B300071602BB195F80C31009AB2FBF3F302932C
:105B4000029BB360286803684FEA084841461B6916
:105B500098472868064A036841469C681423A04772
:105B60007CE759462846FFF743FE012776E700BF4A
:105B700008050020DCC6014663F09FD093010001B8
:105B8000347902008E3476350002FFFF2DE9F04FA4
:105B900085B00446039290F80C310D46002979D166
:105BA000C4F81411A4F818110193002B65D00F4606
:105BB00000224FEA072802921FFA88F8914604F162
:105BC000040A04F581764FEA282B5FFA8BF29A4299
:105BD00003D340F2B630FEF783F8D4F808312068DA
:105BE00013F80B100368090401F57F41D3F804B0E2
:105BF00052464FF48073D8475346002108E081B2E3
:105C000025B9B4F816210132A4F816219E4210D00D
:105C100013F8012F481C002AF1D0002DF6D1FF2ADD
:105C200016D0B4F814219E4202F10102A4F8142106
:105C3000EED14945019B88BF029707F1010788BF54
:105C400089469F4208F5807808D294F80C31BAE76B
:105C5000B4F818210132A4F81821D7E785B1B9F1B9
:105C6000000F2CD0D4F80831029A2046995CFFF737
:105C7000BFFD2046FFF7CCFE40B305B0BDE8F08F76
:105C8000B9F1800FEED8B4F8183109EB89099945BC
:105C9000E8D8F2E7039A90F80D711AB9EFB10197BD
:105CA000039F85E79F42019382D3002302930D480F
:105CB00001F012FF40F2B630FEF712F8D2E7039B74
:105CC000002BF4D1084801F007FFF3E740F2B630AB
:105CD00005B0BDE8F04FFEF703B80348029701F0A6
:105CE000FBFEE7E76079020074790200F8B504462C
:105CF000006803681B6898470028B8BFFF3000128F
:105D00000138C0B284F80C0110F03DFBC4F8080162
:105D10002046FFF77DFE054660B9B4F81A214FF61C
:105D2000F0739A420DD02046FFF7FCFC2046FFF7A7
:105D30006FFE08B3002220461146BDE8F840FFF789
:105D400025BF206803681B689847070202D1EAE76D
:105D5000AF42E8D929462046FFF72CFC05F58035EF
:105D600006460028F4D184F80C01D4F8080110F09C
:105D700008FBC4F80861F8BD40F2B630FDF7B0FF8B
:105D8000002220461146BDE8F840FFF7FFBE00BFE5
:105D90002DE9F84F064690F80D01884687B2002994
:105DA0003BD096F80C110346B94608460F46C01A78
:105DB0004FF0010304D05B0043F001039842FAD294
:105DC000D6F81011DFF890C0224D0CFB015101EA0A
:105DD0000304A042F9D94C44A4B2C6F81011FAB990
:105DE0004FF0000BDA462502ADB201E0A7420DD01C
:105DF00029463046FFF73CFC013405F5807580B23A
:105E0000A4B2ADB20028F1D0BDE8F88F4C46BAF18B
:105E1000000F0FD14FF0010AE5E70B468946C6E7B0
:105E200002F47F413046FFF723FC80B20028D7D030
:105E3000BDE8F88FBBF1000F07D142460121304683
:105E4000D346FFF7A3FE4C46CCE740F2B630FDF751
:105E500047FFF2E75FF36E3C0D6619002DE9F0474E
:105E600082B0FF2A8DF8072004460D463AD09446AA
:105E70002E12B4F814312768EDB25FFA86F8BCF13F
:105E8000000F26D1B4F8162194F80D11013B013210
:105E9000B142A4F81431A4F816212ADC0DF1070947
:105EA00094F80C313A684345D2F808A003D840F280
:105EB000B630FDF715FFD4F80831995D05F57F453B
:105EC00005EB01414A4638460123D04702B0BDE800
:105ED000F087B4F818210133013AA4F81431A4F87A
:105EE0001821DBE740F2B630FDF7FAFE9DF807C057
:105EF000BEE73B68D3F808A0ADB194F80C31434538
:105F000003D840F2B630FDF7EBFED4F808319B5DC4
:105F100029020DF10709384601EB03414A460123E6
:105F2000D0472768BCE740F2B630FDF7D9FEE4E77A
:105F300038B590F80F3104464BB10B4D298840F22B
:105F4000FF3002F0A7F994F80F31002BF6D194F846
:105F50000C31012284F80F2103B138BD2046BDE881
:105F60003840FFF7C3BE00BF960B002010B590F875
:105F70000F3184B004461BB940F2B630FDF7B0FED5
:105F8000064A002384F80F311288012340F2FF31C2
:105F9000684607F0B9F904B010BD00BF960B0020A9
:105FA00038B590F80C51044665B94FF6F073A0F877
:105FB0001A31FFF7BDFF2046FFF7D8FFA4F81A51AA
:105FC00094F80C510448294601F086FD94F80C0120
:105FD000003018BF012038BD887902002DE9F04F4C
:105FE00089B0804608460C460491FFF7D1FA064670
:105FF000204610F05AFA023083B2402B029303D9A4
:1060000040F2B630FDF76CFE029C204610F0BBF962
:1060100098F80D318346002B78D008F104030793DC
:106020000023069308F105030093631E08F203178B
:106030000593069BD8F8005098F80C112A684FEA8F
:10604000032A4FEA2A295FFA89F39942546803D850
:1060500040F2B630FDF744FED8F80831079A13F83D
:10606000091009044FF48073284601F57F41A047C9
:106070000FFA8AF301930BF10103009C039301E0F3
:10608000A7423CD014F8013BB342F9D1009BE51A7A
:10609000019B1D43ADB215F0FF094FEA252A29D017
:1060A00098F80C21524503D840F2B630FDF718FE9F
:1060B000D8F80821D8F8000012F80A1003684FEA4F
:1060C000092909EB01415A46D3F80490029BC847BD
:1060D0009BF80030012BD3D1DDE90412039810F0B6
:1060E0007DF90028CCD1584610F04BF9284609B06C
:1060F000BDE8F08F40F2B630FDF7F2FDD0E7069A2A
:1061000098F80D3101329342069292DC584610F015
:1061100038F90025284609B0BDE8F08F38B50446A7
:106120000D46FFF705FF29462046FFF757FF0546B6
:106130002046FFF71BFF281C18BF012038BD00BFF9
:106140002DE9F04F044683B008460F46FFF720FACA
:10615000284BD4F8102100FB033353400022C4F82D
:106160001031114680462046FFF712FE054638469C
:1061700010F09BF904F10409861C4FF48072FF2192
:106180004846FCF7F3FFB6B2012339462371721E6D
:10619000601DFBF759FED4F800B0DBF8003015F0B5
:1061A000FF07D3F808A01FD02B1294F80C11DAB215
:1061B000914205D840F2B6300193FDF791FD019B65
:1061C000D4F8082112F803C0390201EB0C41334620
:1061D0004A465846D047204642462946FFF73EFEEB
:1061E000284603B0BDE8F08F40F2B630FDF778FDE9
:1061F000DAE700BF93010001F8B50F4605461446E3
:10620000FFF796FE39462846FFF7E8FEE0B9ECB105
:1062100039462846FFF794FF0646202010F0BAF8CA
:1062200004460023D5F80421056086814260C5F844
:106230000401638328462382E3816361A374E374CA
:10624000FFF794FE2046F8BD0646E6E72846FFF72E
:106250008DFEF7E710B50368D3F8042182420446A7
:1062600015D04AB1536898420CD02BB15A68A2425B
:1062700009D01346002BF9D140F2B630FDF730FDBE
:10628000204610BD134662685A60204610BD426821
:10629000C3F80421204610BDF0B40123041D02E020
:1062A000402D2B462BD014F8016F5D1C002EF7D12A
:1062B0005C1D03F1030C31B1034446199F79337916
:1062C00043EA07230B8002B1158000EB0C03C0F1F9
:1062D0000307C0F10506C0F102051A79F91832B9B1
:1062E0005A7904441AB92279002A08BF8C46F41856
:1062F0000333EA18FF2AF0DD6046F0BC70474FF028
:10630000430C41254524D6E72DE9F04F87B04FF0E7
:106310000008031D074603910193894645464FF641
:10632000FF76D7F800B0DBF8003019F0FF0A5C68A0
:1063300000F091804FEA292197F80CC1C8B284453A
:1063400005D840F2B6300291FDF7CAFC0299D7F8A1
:106350000801019A415C4FEA0A2303EB01415846C8
:106360004FF48073A0473B79002B79D000220DF1C8
:1063700016013846FFF790FF831CFF2B24DC3C18E6
:106380006279237943EA0223B34218BFC7F1050BB0
:1063900010D12FE00D18B8F1000F1ED10BEB040344
:1063A000FF2B11DC217AE37943EA0123B34204F1A4
:1063B00003041FD0A179FF2905F10100EAD1984615
:1063C0000BEB0403FF2BEDDDBDF81630B34215D007
:1063D000B8F1000F06D19946A3E740F2B630FDF7B9
:1063E0007FFCDBE740F2B630FDF77AFCBDF81630F3
:1063F000994696E7BDF81630B34227D1B8F1000FA1
:1064000033D1039B99452CD03E683368D3F8048080
:10641000039B13F0FF0468D0039A97F80C314FEAFE
:10642000222B5B4503D840F2B630FDF759FCD7F874
:106430000831019A13F80B10240204EB0141304695
:106440004023C047284607B0BDE8F08F40F2B63081
:10645000FDF746FCB8E740F2B630FDF741FC69E7CE
:106460001D46284607B0BDE8F08FD7F80090D9F850
:10647000003018F0FF045E6803D140F2B630FDF73B
:106480002FFC4FEA282897F80C215FFA88F39A42EC
:1064900003D840F2B630FDF723FCD7F80831019A53
:1064A00013F80810240204EB01414FF480734846AE
:1064B000B04707F582710020FF2303E0013B10463F
:1064C0005A1C17D011F8012DFF2AF7D1DA1C3A44D3
:1064D00000E00B46591E1BB112F80149FF2CF8D001
:1064E0009842ACBF2D18ED188EE740F2B630FDF79C
:1064F000F7FB91E70023F3E72DE9F04F044697B04F
:10650000FFF716FDB4F81A5194F80D314FEA252A19
:10651000534573DD04F1040804F1030900272368DF
:1065200094F80C111A68EDB2C5F58076202EA8BF3C
:1065300020265145D2F804B005D840F2B630019378
:10654000FDF7CEFB019BD4F8082112F80A2005F5CF
:106550007F41184601EB024133464246D8474FF08F
:10656000000ACB4609E01BF8013F033BDBB2FB2BE3
:1065700011D90AF1010AB24534DA0AEB0503FF2BFF
:10658000F1D940F2B630FDF7ABFB1BF8013F033BFE
:10659000DBB2FB2BEDD8B4F81A31ADF810705344D0
:1065A0009BB2A4F81A3119462046ADF81230FFF715
:1065B000ABFEB4F81A31227903900133012AA4F812
:1065C0001A31D6D1611D05A80FF067FF03A94C222F
:1065D0004046FBF739FC2046FFF7C8FC404617B0A1
:1065E000BDE8F08FB4F81A5194F80D313544ADB2CE
:1065F0004FEA252A9A45A4F81A5190DB2046FFF766
:10660000B5FC4FF00008404617B0BDE8F08F00BF62
:106610002DE9F04FC48983B005460E460CB9848934
:10662000C48133882F68A34235D10DF10601384665
:106630000022FFF731FE811CFF296BDC2F683B181D
:106640004FF6FF7C5C791A7942EA042262451ED03B
:10665000B5F810E00530BEF1000F0BD1ACE0197AAF
:10666000DC7944EA0124644503F103030FD0724549
:1066700037D02246FF28804600F10300EFDD724547
:1066800048D1BDF806304FF6FF7293423AD1002050
:1066900003B0BDE8F08FD7F800A0DAF8003014F0AE
:1066A000FF08D3F8049040D097F80C31B3EB142FC7
:1066B0004FEA242B03D840F2B630FDF711FBD7F890
:1066C00008312A6813F80B104FEA08284FF480733A
:1066D00008EB014150460432C847EB892F683380EC
:1066E000A3E7B84498F80430EB74002CC9D0FF2B12
:1066F00020D00133EB74002301202C82AB7403B053
:10670000BDE8F08F0022EB8131462A822846FFF750
:106710007FFFBDE740F2B630FDF7E2FABDF8063084
:106720004FF6FF729342B2D0ECE740F2B630FDF77D
:10673000D7FAB9E700233380D7F80080D8F80030C3
:1067400014F0FF06D3F804903DD04FEA242A97F8BE
:106750000C215FFA8AF39A4229D9D7F808312A68BE
:1067600013F80A10360206EB01414FF480734046DD
:106770000432C8472868002600F58271FF2303E031
:10678000013B16465A1C23D011F8012DFF2AF7D1E0
:10679000DA1C024400E00B46591E1BB112F8010935
:1067A000FF28F8D0B342B8BF3346EB74A3E740F2FA
:1067B000B630FDF795FAD0E739440B79EB74002A2F
:1067C000A8D0144693E740F2B630FDF789FABCE74B
:1067D0000023E7E72DE9F04F438BFF2B85B00546FB
:1067E0000F46164602D00068FFF7A2FB0023002EDA
:1067F000ADF80E305ADB4ED0AB7C4FF0000835E0E0
:10680000E41AB442A8BF3446A0443FB329682B8A97
:10681000D1F800A0DAF80020D2F8049013F0FF02BB
:106820004FEA232B2ED091F80C315B4507D840F26C
:10683000B630CDE90012FDF753FADDE90012D1F8C8
:106840000811AB7C11F80B1003EB022303EB0141A1
:106850003A4623465046C847AB7C27446A692344DE
:10686000DBB22244361BAB746A6115D0EC7C9C42CF
:10687000C6D80DF10E012846FFF7CAFE60B1EC7CC8
:10688000AB7CBDE740F2B630CDE90012FDF728FA47
:10689000DDE90012C7E7B0466B8BFF2B02D02868FA
:1068A000FFF764FB404605B0BDE8F08F6FF000468F
:1068B000A2E700BF42698A1A00D170470021FFF7A2
:1068C00089BF00BF43698B4208D005D900230382EA
:1068D000C38143618374C374FFF7ECBF704700BF8B
:1068E0000AB1FFF777BF1046704700BF2DE9F04FA0
:1068F000478B4FF6FF739F4283B0044666D0002F4C
:1069000061D16569FF216B1C618333D1A37CE2896E
:10691000D4F80080677723772283D8F800A0268AEE
:10692000DAF80030D3F804908B4698F80C314FEA2F
:106930002B2B5B4550D9D8F80831226813F80B305F
:10694000090201EB0341043250464FF48073C847FB
:10695000D4F8008008F5827208F1040105E0637F35
:10696000914203F10103637713D012F8013DFF2B2D
:10697000F5D10EE04FF0FF312046FFF79BFF638B10
:10698000E189A27C677721832277268AD4F8008068
:106990004BBBD8F8043160693BB1A1899A898A421E
:1069A00008BF98605B68002BF8D185420AD005D2F9
:1069B00000232382E3816361A374E37429462046A4
:1069C000FFF778FF668303B0BDE8F08F40F2B63082
:1069D000FDF786F9678B92E740F2B6300191FDF73B
:1069E0007FF90199A7E7D8F800A0DAF8002013F0A2
:1069F000FF019B46D2F8049097D140F2B630FDF7E4
:106A00006FF9394691E700BF10B503680446D3F823
:106A1000040150B1A2898389934203D10AE083899A
:106A2000934207D040680028F9D140F2B630FDF714
:106A300057F90020FFF75AFFA06810BD2DE9F04F6D
:106A40000168954BD1F810210546808900FB03337E
:106A50005340C1F810312F682C8BD7F80090D9F82B
:106A6000003014F0FF0683B0D3F8048000F00081FA
:106A700097F80C312412A34203D840F2B630FDF748
:106A80002FF9D7F808312A68195D36024FF4807360
:106A900006EB014104324846C04701AA002128689C
:106AA000FFF7FAFB831CFF2B04462F6856DC0020FF
:106AB0003B1905E0FF2903F1030320463FDC1446A0
:106AC0001A79FF2A04F1050104F10302F2D15E797B
:106AD000FF2EEFD1264678B304463B199B79FF2B56
:106AE00033D16B8B43B32B7FB5F81880013B8DF806
:106AF0000630D7F800B0DBF8003018F0FF09D3F803
:106B000008A000F0C48097F80C314FEA28284345CC
:106B100003D840F2B630FDF7E3F8D7F8083104EBBC
:106B2000092413F80810023404EB014158460123EC
:106B30000DF10602D0472F6886B1B04663E06CB114
:106B40003B1900269B79FF2BCBD040F2B630FDF7E6
:106B5000C7F86B8B2F68002BC5D1EDE700221146DB
:106B60003846FFF715F90222034601462868ADF8BA
:106B70000630FFF773F902232F68ADF80030D7F81D
:106B80000080BDF80640D8F8003014F0FF06D3F8B6
:106B9000089077D097F80C312412A34203D840F222
:106BA000B630FDF79DF8D7F80831195D360206EBCF
:106BB0000141404602236A46C8472E682C8B37683D
:106BC0003B6814F0FF09D3F8088056D096F80C31D2
:106BD0002412A34203D840F2B630FDF781F8D6F86C
:106BE0000821BDF80430115D03EB0923384603EB9F
:106BF00001410DF106020223C047BDF806302F689F
:106C00002B834FF0040838466A8B0121FFF7C0F848
:106C10000122014668832868FFF720F9D5F8009023
:106C20002C8BD9F800A0DAF8003014F0FF069F682A
:106C300019D099F80C312412A34203D840F2B6308F
:106C4000FDF74EF8D9F80831195D360206EB01411F
:106C500041445046022305F11A02B8470023AB8392
:106C600003B0BDE8F08F40F2B630FDF739F8E0E749
:106C700040F2B630FDF734F8FAE640F2B630FDF7F0
:106C80002FF8A3E740F2B630FDF72AF882E740F28A
:106C9000B630FDF725F836E7930100012DE9F04FF6
:106CA000044685B00F461646C2B12068D0F80431BC
:106CB00053B1A1899A898A4203D10BE09A898A4209
:106CC00008D05B68002BF9D140F2B630FDF708F828
:106CD0000024EAE79C4204D01C46E6E705B0BDE884
:106CE000F08FFFF725F92046FFF700FE04F11C03A3
:106CF0000193657F237F1D44C5F1FE05B542A8BF02
:106D00003546002D04DDB4F81A90B9F1000F03D117
:106D10002046FFF793FEECE72368D3F800B0DBF8DA
:106D2000002019F0FF08D2F808A03DD093F80C110C
:106D30004FEA2929494505D840F2B6300293FCF7BD
:106D4000CFFF029BD3F80811237F11F8091003EB42
:106D5000082303EB01413A462B465846D047237F90
:106D60002F442B44237717F8013CFF2B23D02368B3
:106D7000D3F80431761B7BB1A1899A898A4208D164
:106D80001A8A608B904204BF227FDA749A682A4480
:106D90009A605B68002BF0D1002EAAD1206805B064
:106DA000BDE8F04FFFF7E2B840F2B6300293FCF7CF
:106DB00097FF029BBAE7D4F800B0628BDBF800A023
:106DC000DAF8003012F0FF01D3F808901ED09BF8DB
:106DD0000C011212904207D840F2B630CDE90212EF
:106DE000FCF77EFFDDE90212DBF80801637F10F893
:106DF00002C0C3F1FF0202EB012101336377504669
:106E000001EB0C410123019AC847B0E740F2B630CC
:106E1000CDE90221FCF764FFDDE90221D7E700BFDD
:106E20002DE9F04182B002AE002526F8025D04464D
:106E30000F460582C58145618574C574314620467B
:106E40004FF00108FFF7E4FB88B1E1892068A9420F
:106E500001D047BB0D46218A0022FEF7FFFF3146D5
:106E600020464FF00008FFF7D3FB0028EDD107B311
:106E70002368B8F1000F28D1D3F8043183B1A08979
:106E800000224FF6FF749989814206D11A82DA8175
:106E90005A619A74DA749A605C835B68002BF2D151
:106EA00002B0BDE8F0810022FEF7D8FFE18920683A
:106EB000D0E7E289A3899A4201D12368DCE740F256
:106EC000B630FCF70DFF2368D6E70246A1891846C5
:106ED000FEF7C4FF2368CFE710B504460068FFF74C
:106EE00027F82368D3F8040150B1A289838993421B
:106EF00003D10AE08389934207D040680028F9D182
:106F000040F2B630FCF7ECFE00200121FFF788FFCD
:106F10002068BDE81040FFF729B800BF2DE9F04F09
:106F200085B004460068D0F8043100AF0D4616461F
:106F300053B1A1899A898A4203D113E09A898A427E
:106F400010D05B68002BF9D140F2B630FCF7C8FED8
:106F50000023324629461846FFF7E0FF1437BD46A6
:106F6000BDE8F08F9C42F4D1FEF7E2FFD4F8008038
:106F7000B4F80C90D8F800B0DBF80030D3F804A0D7
:106F800019F0FF0300F0928098F80C214FEA2929AC
:106F90004A4505D840F2B6307B60FCF7A1FE7B681D
:106FA000D8F80811226811F809101B0203EB0141FF
:106FB00004324FF480735846D047002211462068AF
:106FC000FFF76AF900F10803FF2B216841DC084450
:106FD000C1F1080203E003301318FF2B39DC0379F9
:106FE000FF2BA0EB0108F6D14379FF2BF3D1B8F1C9
:106FF000000F2ED0002319462046BB81BB73FFF73C
:107000000FFF2268B4F80C90D2F800B0DBF8003023
:1070100019F0FF01D3F808A04FD092F80C314FEAD5
:1070200029294B4507D840F2B630C7E90012FCF7D2
:1070300057FED7E90012D2F8083113F809300902D7
:1070400001EB034141445846032307F10C02D047AA
:1070500019E001F1050840460FF027FAC31D23F09F
:107060000703E946ADEB030D421C41466846FAF7BB
:10707000EBFE01212046FFF7D3FE69462068FFF7AB
:107080005FF8A081CD46002363832382E38163619F
:10709000A374E3742068FEF769FF32462946204650
:1070A000FFF7FCFD1437BD46BDE8F08F40F2B63067
:1070B0007B60FCF715FE7B6866E740F2B630C7E9F7
:1070C0000012FCF70DFED7E90012A6E72DE9F0410A
:1070D00004460E4617469846FEF72AFF20680568C4
:1070E00043463A4631466D68A84705462046FEF7B6
:1070F0003DFF2846BDE8F08100487047E079020076
:10710000F8B5304D2C680CB12046F8BD4FF0FF317A
:107110000B20F3F743FFF7F7B3F800284FD04FF4F5
:10712000DC700FF037F94FF0FF3104460B20F3F716
:1071300035FFF7F7A5F84FF0FF3106460A20F3F7C1
:107140002DFFF7F79DF84FF0FF3107460C20F3F7BE
:1071500025FFF7F795F83A4603463146204609F0F1
:10716000D3F84FF0FF310920F3F718FFF7F788F84D
:107170004FF400110646CC20F3F710FF031EB8BFF2
:10718000FF3304F14C0732461B1204F1640621461A
:10719000384605F04BF939463046FEF74FFA31468E
:1071A00004F5C070FEF79EF9074BC4F880313046F5
:1071B000FEF7F6FE84F8B4012C602046F8BD2C687A
:1071C000A2E700BF1C050020A879020010B5FFF758
:1071D00097FF044668B190F8B43153B9064800F0FF
:1071E0007BFC064904F16400FEF798FF012384F854
:1071F000B431204610BD00BFEC790200C87802000F
:1072000038B50E4D6B7801336B70FFF779FF10B115
:1072100090F8B43123B90948BDE8384002F08AB982
:1072200000F5C0742146284601F086FE2046FEF790
:1072300069F90248BDE8384002F07CB9B00300208B
:107240002DE9F0410446FFF7C1FF074600283BD077
:107250001E4E306878B3CCB12146F3F75DFC28B3FD
:10726000DFF86C80D8F80050ADB934602368204650
:107270001B6A98470122014607F16400FEF7BCFF34
:107280000546C8F800502846BDE8F081DFF8408088
:10729000D8F80050B5B12846FEF7DCFF28460FF0BD
:1072A00070F83460002CE1D12546EAE7084B1D68F0
:1072B0002846BDE8F08101213046F5F765FBDFF88F
:1072C0001080EEE73560DCE70546DCE720050020AE
:1072D0002405002010B50C46FFF7B2FF30B16268FC
:1072E00004F10801BDE81040FFF7D8BC10BD00BF95
:1072F00010B50C46FFF7A4FF30B1626804F1080135
:10730000BDE81040FFF70ABE10BD00BF38B5044607
:10731000FFF75CFF58B1236805461B6A2046984773
:10732000014605F16400BDE83840FEF7F7BE38BD00
:1073300010B50446FFF7EAFF00B910BD2046FFF77D
:107340007FFFFFF7C9FD0020BDE81040FFF778BFC1
:1073500010B50446FFF7DAFF30B12046FFF770FFA3
:10736000BDE81040FFF750BB4FF0FF3010BD00BF2D
:1073700038B5FFF765FFD8B10546FFF745FBB0F517
:10738000803F15D201460020F3F790FA0446F5F746
:1073900015FB28460021FFF795FA626804F1080101
:1073A0002846FFF79DFA2046F5F716FB204638BD24
:1073B0000024204638BD00BF30B5104D2C6883B086
:1073C00014B1204603B030BD18200EF0E3FF4FF09B
:1073D000FF3104460620F3F7E1FDF6F751FF0023E5
:1073E0000222014601922046009340F6B83202F094
:1073F0006BFD20462C6003B030BD00BF2805002087
:1074000070B50D460446FFF7D7FF2A46214680880F
:107410001023BDE87040F6F759B900BF08B5FFF773
:10742000CBFF02F0ABFC003018BF012008BD00BF4D
:1074300030B5164D2C6885B014B1204605B030BD6E
:107440004FF0FF311B20F3F7A9FDF6F719FFD8B174
:107450002C200EF09FFF4FF0FF3104461B20F3F766
:107460009DFDF6F70DFF0A4B0A490B4A0391029363
:107470000146009301922046084B082204F05AFB73
:1074800020462C6005B030BD2C68D6E72C050020C6
:1074900000401C4600C08843004053450000C841DE
:1074A0002DE9F04105460C4690461E46FFF7C0FF09
:1074B00010B303689B6907469847B8F1000F0AD0DC
:1074C00004EB840463000D49A3F5A07381FB032141
:1074D000DC17C4EBA104012DA1B2384609D002F09B
:1074E0006BF932462946B8881023BDE8F041F6F71B
:1074F000EDB802F07BF9F4E7BDE8F081398EE338AE
:1075000010B50446FFF794FF68B102F0E1F84CB102
:1075100000EBC000054B400083FB0023C017C0EB0D
:10752000A300203010BD1520F1E700BF6766666636
:10753000054A1378013B5BB2002B01DD13707047E5
:107540000023137062B670479D0B002072B6024A8A
:1075500013780133137070479D0B002020BF7047D4
:10756000064807490368086800224DF804BD42EA4E
:10757000000B584619465DF804BB70471060800048
:10758000FC6180004FF47A7303FB00F002F082BBD1
:1075900002F080BB00F0D6B8074B084A1A60BFF370
:1075A0004F8F0749074BCA6802F4E0621343CB6070
:1075B000BFF34F8F00BFFDE7FCFF0220EF6926F00D
:1075C00000ED00E00400FA05704700BF0048704776
:1075D000000003204020F5F77DB900BF81637047AC
:1075E00041637047C1637047C06B7047EFF3088019
:1075F000704700BF406B7047C0E90012836070475E
:10760000FEE700BF1C491D4A914208B50ED01C4B35
:107610009A420BD2101D03331B1A23F003030344B9
:1076200051F8040B42F8040B9A42F9D1154A164B53
:107630009A420AD2111D03335B1A23F003030B4451
:10764000002142F8041B9A42FBD1104A104B22F051
:107650007F029A60D3F8882042F47002C3F8882031
:10766000BFF34F8FBFF36F8F00F014F80EF00EFAD8
:10767000F7F7F8FCFEE700BFB88E0200000000201C
:107680002002002020020020D80B00200040000033
:1076900000ED00E008B505F0CDFF06F021F8FFF79A
:1076A00093FF034B1A886FF305121A8008BD00BFC1
:1076B0000040004188B110B504460EF0F6FE0138D6
:1076C0002044844207D22378027804F8012B00F882
:1076D00001398442F7D3002010BD6FF47A707047EF
:1076E000F8B549B380EAE074C4EBE0744F1E00259E
:1076F000DFF84CC000E01D468CFB0423E217C2EB10
:10770000A30202EB8203C4EB43033033564207F873
:10771000013F14466B1C002EEDD1002801EB030243
:1077200003DA2D220235CA544A1900230846137081
:10773000FFF7C0FF3046F8BD6FF47A76FAE700BF76
:1077400067666666014B18600020704730050020B0
:107750000048704716FCFFFF70B584B004AC04E924
:107760000F00BDF80230012B18D0022B14D1154C9C
:10777000154E04F5807501E0AC420DD054F8040FAD
:107780000028F9D0C3885B04F6D503689B68B34230
:10779000F2D09847AC42F1D104B070BD094C0B4E09
:1077A00004F5807501E0A542F6D054F8040F0028D6
:1077B000F9D0C3889A04F6D503685B68B342F2D067
:1077C0009847F0E73005002011E3000039950000EC
:1077D0002DE9F041304C82B02246002302E0013313
:1077E000402B05D052F8041B0029F8D144F823009F
:1077F0002A4C2378DB070AD4294D2B683BB101239F
:1078000010224FF47A60002102F092F910B102B018
:10781000BDE8F0812820D5F80080224E0EF0BAFD98
:10782000C02300930122204B1021074600F006FFE1
:10783000D8F800305B68B34222D1384600F016FF1A
:1078400038460EF09EFD28202F680EF0A3FDC023C1
:1078500000930222144B0F21054600F0EFFE3B6817
:107860005B68B34212D1284600F000FF28460EF0B4
:1078700088FD237843F00103237002B0BDE8F08156
:107880004046394698470028DDD0D6E73846294695
:1078900098470028EDD0E6E7340500209E0B002035
:1078A0006C0A0020517701005977010010B4084C90
:1078B0000023224602E00133402B06D052F8041B7D
:1078C0008142F8D1002244F823205DF8044B704730
:1078D0003405002000487047A4730200084600F0F9
:1078E000B3BC00BF0846FFF755BE00BF0846FCF713
:1078F000F7B900BFFFF734BE0846FFF743BE00BF2D
:10790000FFF74ABE2DE9F047DFF870A0DFF870906E
:107910005646074656F8044B0AF582780B19B3F51C
:10792000806F0D460FD22A4639463019FAF78CFA85
:10793000DAF800301D440AEB050300221A71CAF878
:107940000050BDE8F087A4F58074224641460A48FD
:10795000CAF800400EF051FDC4F5806230190021D4
:10796000FBF704FCDAF800402B19B3F5806F4FF0F9
:107970001501D8D34F46D1E7380600203406002041
:10798000287A020030B587B062B901AC2146FFF712
:10799000A7FE20460EF089FD01462046FFF7B2FF04
:1079A00007B030BD054600241C220CE08BB902B3A1
:1079B00034B10846303006AB2344013403F8140CCC
:1079C000043A131D0AD025FA02F303F00F0300292D
:1079D000ECD0092B58B2EDDD3730ECE706AB1C4498
:1079E000002304F8143C0221034801ACFFF78AFF8E
:1079F000CFE71046DEE700BF247A02002DE9F0430E
:107A000083B00E460546FFF7A1FDDFF8C8802F4F73
:107A1000043E294602E0252A194612D00B460C46A0
:107A200013F8012B002AF6D1491B2846FFF76AFFFD
:107A300002212748FFF766FFFFF77AFD03B0BDE894
:107A4000F083EB4319442846FFF75CFF637856F850
:107A5000049FCDF80490642B04F1020527D00AD8C6
:107A6000582B19D0632B10D0252B1BD00321404657
:107A7000FFF748FFCDE7732B1FD0782B0AD148467C
:107A800001220021FFF77EFFC3E7012101A8FFF7D4
:107A900039FFBEE7702BE9D1012248461146FFF7B6
:107AA00071FFB6E701213846FFF72CFFB1E700224E
:107AB00048461146FFF766FFABE748460EF0F5FC77
:107AC00001464846FFF71EFFA3E700BF407A0200C9
:107AD000487A0200447A02000FB400B583B004A9CA
:107AE00051F8040B0191FFF789FF03B05DF804EB37
:107AF00004B070470048704716FCFFFFB2B1D3696D
:107B000070B505460E46144613B11E20FCF7E8F882
:107B1000326801322B6813B1181D28601C60A469FB
:107B200013460132002CF5D1336070BD704700BFA1
:107B300010B50446FFF70AFDE3696BB1A2699A61CB
:107B4000A3690BB1E269DA610023C4E9063363611A
:107B5000BDE81040FFF7ECBCD4E905321A60EFE74E
:107B600010B584B004AC002344F8043D0190FFF745
:107B7000EDFC0E4B21461A6801A8FFF7BFFF0C4B26
:107B800021461A6801A8FFF7B9FF0A4B21461A6877
:107B900001A8FFF7B3FFFFF7CBFC019B13B1064A27
:107BA00012681A600398013004B010BD480A002022
:107BB000400A0020540A0020500A002038B50D4623
:107BC0000446FFF7C3FC2A6865610AB90AE01A4651
:107BD0009369002BFBD19461C4E90632BDE83840BB
:107BE000FFF7A6BCC4E906222C60BDE83840FFF7C9
:107BF0009FBC00BF2DE9F04184B004AC04E90F0044
:107C0000114B1C68DDE902014FF47A7200230BF07E
:107C10000BFAB4B1DFF8348006460F46E268A56976
:107C200000239F4208BF964208D3636920460BB1E8
:107C3000FFF77EFF20464146FFF7C0FF2C46002D90
:107C4000ECD104B0BDE8F081400A0020480A0020D1
:107C50002DE9F04FDFF8E08093B0D8F8005004AC85
:107C600084E80F00002D32D02F4BBDF810401A6869
:107C7000BDF81260AAB12D4F4FF0000A40F2FE3558
:107C800040F2FF39D368D2F818B0190CAC429BB25D
:107C900088B21FD0002B33D09C4231D05A46002AE4
:107CA000F0D1A4F2FE33012B11D9D8F80050204BAB
:107CB00010273246214608A8009700F0BFFC2B6829
:107CC0001C4A9B6893422AD108A800F0CFFC13B04D
:107CD000BDE8F08F4B45DDD109B1B042DED1BAF13C
:107CE000000FDBD1536923B110460392FFF720FF49
:107CF000039A10463946FFF761FF4FF0010ACDE7BE
:107D000009B1B042CAD1536923B110460392FFF7BB
:107D10000FFF039A10463946FFF750FFBEE728468B
:107D200008A99847D0E700BF540A0020480A00205D
:107D3000517C0100F57A01003C0A002038B5FFF7BC
:107D400005FC124B1C6894B1636913B12046FFF720
:107D5000EFFEFFF7EDFB0023236123622568FFF7A9
:107D600035FC01462846FFF73DFC204638BD24205F
:107D70000EF010FB242200210446FBF7F7F9FFF771
:107D800029FC0023C4E90003A360E2E74C0A0020B9
:107D90000A4B10B51C682369DB0701D4204610BDCF
:107DA000FFF7CCFF064B18600028F7D0236A036268
:107DB000002323620446204610BD00BF380A00207D
:107DC000440A00202DE9F041454D2A7812F00104C3
:107DD00082B002D002B0BDE8F081424E424F306026
:107DE000FFF7ACFF414B42491860FFF7E7FEFFF792
:107DF000A5FF3860D0F80080FFF7E8FB011F404680
:107E0000FFF7EEFB3B683B491868FFF7E7FB376875
:107E1000002F4CD028200EF0BDFAC023224600933C
:107E200040F2FF31344B354C804600F007FC3B6894
:107E30005B68A34242D1404600F018FC40460EF079
:107E4000A0FA2820D6F800800EF0A4FAC0230093F0
:107E50000022294B40F2FE31074600F0EFFBD8F834
:107E600000305B68A34235D1384600F0FFFB38464E
:107E70000EF087FA01230F2200214FF47A6001F0FF
:107E800057FE282037680EF085FAC02300930122A0
:107E90001B4B0F21064600F0D1FB3B685B68A342F9
:107EA00012D1304600F0E2FB30460EF06AFA2B7831
:107EB00043F001032B7002B0BDE8F0813846414623
:107EC00098470028BDD0B6E7384631469847002885
:107ED000EDD0E6E74046394698470028CAD0C3E7C8
:107EE0009F0B00203C0A0020500A0020380A002086
:107EF000480A00204D840100517C010051770100A7
:107F0000F57B0100024B187800F00100704700BFBC
:107F10009F0B0020F0B51F4F3B6883B0002B37D07C
:107F20001D4B1B78DB0733D50E460446FFF730FFA9
:107F3000436944EA06420546C2600BB1FFF7F8FD0B
:107F400028461649FFF73AFEA4F2FE33012B16D954
:107F500028203F680EF01EFAC023324600932146C7
:107F60000F4B054600F06AFB3B680E4A5B68934284
:107F700008D1284600F07AFB28460EF002FA0020CD
:107F800003B0F0BD3846294698470028F7D0F0E7FF
:107F90000548F5E73C0A00209F0B0020540A00200A
:107FA000517C01005177010016FCFFFF2DE9F041E3
:107FB00028B321B30546984617460E46FFF7BEFE86
:107FC0000446E0B132463B4629460068FFF714FB01
:107FD0002568FFF7FBFA011F2846FFF701FB0A4B54
:107FE0000A492068B8F1000F18BF1946FFF7F6FAE2
:107FF00020460749FFF7E2FD2046BDE8F081002456
:108000002046BDE8F08100BF2584010051830100B6
:10801000480A0020054B1B7813F0010303D000230E
:108020001A46FFF7C3BF1846704700BF9F0B0020DA
:10803000074B1B7813F0010308D010B4144601233A
:108040000A4621465DF8044BFFF7B0BF184670475B
:108050009F0B0020024B1868B0FA80F0400970476F
:10806000480A002030B50F4D2B789A0785B004D50B
:108070000D4B1B6873B105B030BD43F00204022202
:1080800001230F2168462C7005F03EF9064B1B6852
:10809000002BF0D12B7823F002032B70FFF75EFA50
:1080A00005B030BD9F0B0020480A00202DE9F041AB
:1080B0005A4D2C682369D90747D4594E594F326815
:1080C0003968002A31D06069B04200F098802A6097
:1080D0008A422BD094426FD08C426FD0524B62694F
:1080E0009A426BD02068FFF77FFA0646FFF77EFAC8
:1080F000D4E90131301ACA1A904268D900F120013E
:108100002F682C6021F01F06002B40F08280304643
:10811000F4F7E0FB3118C4E901012F602068BB6867
:108120003A68BDE8F04105F0E3BA29601B0755D570
:108130002C60FFF797FF3368002BFAD09C422B602E
:108140003AD039688B42C7D14BE0384E206832684C
:1081500043F0020323611369146843F004031361BD
:10816000FFF748FA01462046FFF73CFA37683868BF
:10817000FFF73AFA0446FFF739FAD7E90123201A44
:108180009B1A98420FD92030D5F800802F6020F03C
:108190001F04002A39D12046F4F79CFB0444C7E9A8
:1081A0000104C5F8008033689968186805F0E1FAA1
:1081B0002B681A6992070CD4BDE8F0812A68002167
:1081C000936812680846BDE8F04105F091BA2F683F
:1081D000A4E71868BDE8F04105F005BB2B689C4298
:1081E000EAD01E68FFF7F2F9011F3046FFF7F8F9F1
:1081F0003B680F491868FFF7F1F939686CE7A06927
:10820000002818BF02462A6062E71046F4F7B2F968
:10821000C1E71846F4F7AEF979E700BF380A002045
:10822000480A0020500A00204C0A0020440A00207E
:108230004D840100034B1B78DB0701D5FFF736BFE8
:10824000704700BF9F0B002070B5104D2A78D207F1
:1082500014D50446FFF79CFD064601F049FC7369FE
:108260002044F06013B13046FFF762FC3046084905
:10827000FFF7A4FC2B78DB0704D470BDBDE8704089
:10828000FFF780B9BDE87040FFF710BF9F0B0020DB
:10829000400A002000B583B0FFF73CFE18B9074B39
:1082A0001B78DB0702D403B05DF804FB0190FFF7F5
:1082B000FDFE019803B05DF804FB00BF9F0B00209A
:1082C00038B51B4D2868436913B1FFF731FC2868A6
:1082D000184C2146FFF772FC24684CB1A3690022B8
:1082E00023B11C460132A369002BFAD1032A0EDC0C
:1082F0002B6800221A611C68FFF768F901462046C6
:10830000FFF770F90C4B1B78DB070CD438BDE26922
:1083100020689361F4F72EF96068F4F72BF9204692
:10832000F4F728F9E4E7BDE83840FFF7BFBE00BF27
:10833000380A00204C0A00209F0B0020034B1B78BA
:10834000DB0701D5FFF7BCBF704700BF9F0B0020C4
:1083500010B50C468047A047044B1B78DB0700D4C0
:1083600010BDBDE81040FFF7ABBF00BF9F0B002062
:10837000034B1B78DB0700D47047FFF7A1BF00BF9A
:108380009F0B0020002842D02DE9F041DFF89080BB
:1083900098F80030DC0782B032D51E4F3B680A46A1
:1083A00019694907054601D11C6A44B128460123D1
:1083B0001949FFF7FBFD002002B0BDE8F081186805
:1083C000019205F0F8F93968019A0B6913F0020679
:1083D00018D143F0010310460B61A8473B681869A8
:1083E0001E6220F0010210F004001A61E4D098F837
:1083F000000010F00100DFD0FFF762FF3046DBE73E
:108400000648D9E723F003030B612046D4E76FF455
:108410007A707047380A00207183010016FCFFFF54
:108420009F0B002038B50346144610460D4698476A
:108430002046A847044B1B78DB0700D438BDBDE8B5
:108440003840FFF73DBF00BF9F0B002008B5044C2C
:10845000FFF708FE2378DB07FAD5FFF727FEF7E7DB
:108460009F0B0020F8B50C4C05460E462778FFF709
:108470006DF80A4A731B02EBC7019B0843F00043E7
:1084800042F837504E602B60237801332370FFF79A
:108490004FF80020F8BD00BFA10B0020580A0020B3
:1084A000064B1B78834207D9054B03EBC00253F8F8
:1084B00030305068C01A704700207047A10B002070
:1084C000580A0020F8B583074FEA90063BD188B1DF
:1084D0000D46FFF73BF8D5E90045771CA54206D9C4
:1084E0002368002B07DB04EB8304A542F8D8FFF7D1
:1084F0001FF80020F8BD23F00043990054F8232012
:10850000002A04EB01000DDB0EE022F000421344D0
:1085100043F00042226054F823209900002A04EB23
:10852000010001DA8542F0D89F4201D90C44D5E719
:1085300002369E4209D3236823F000432360FEF7EE
:10854000F7FF201DF8BD0136C2E704EB8606B542F1
:10855000F1D9DB1B43F0004346F8043C2760EEE70B
:1085600038B5044640B10C4D2B783BB120460B4941
:10857000FFF7A8FF044658B1204638BD0849094A0C
:10858000086809491370FFF76DFF01232B70EDE7B1
:108590001420FBF7A5FBEFE7A00B0020580A0020F2
:1085A00014000020A10B002000D80220A0B10E4B27
:1085B0001A6882420DD25B6883420AD950F8043CA3
:1085C000002B10B5044608DD43F0004344F8043C9A
:1085D00010BD1E20FBF784BB70471E20FBF780FBFD
:1085E00054F8043CF0E700BF580A002038B501FBFE
:1085F00000F52846F4F76EF9044628B101232A460F
:1086000003600021FAF7B2FD204638BD70B504467C
:1086100008460E46F4F75EF9054664B158B154F8C1
:10862000042C9200B242A8BF32462146F9F70CFC56
:108630002046F3F79FFF284670BD00BF2DE9F041AB
:1086400004461030884617461E46BDF8185004F000
:108650007BFE0020E060C4E90800A4F80080678089
:10866000A660A5802046BDE8F08100BF83889B07F7
:1086700010B5044602D580680DF083FE204610BD7B
:1086800082B070B586B00AA981E80C00036A4BB3CA
:108690001C696CB1012200E01C4623690132002BE9
:1086A000FAD1092A05DD06B0BDE8704002B0704776
:1086B0001C460AAB0FCB02AD85E80F0018200DF069
:1086C00069FE06AB064613E9030095E80C008DE849
:1086D0000300304604F05EFE266106B0BDE870403F
:1086E00002B0704704460FC902AD85E80F0018209C
:1086F0000DF050FE06AB064613E9030095E80C00AA
:108700008DE80300304604F045FE266206B0BDE861
:10871000704002B0704700BF0020704710B5044B96
:10872000036000230446C380FFF7C0F8204610BD55
:10873000D074020010B5064B036000230446C380CA
:10874000FFF7B4F820460DF01CFE204610BD00BF18
:10875000D074020038B50446074B0360002545601D
:10876000FFF736F8E388054A258143F480532260F9
:10877000E380204638BD00BFD0740200547A020066
:108780000346002200891A81704700BF00897047A4
:10879000807A70470048704716FCFFFF10B5044B05
:1087A000036000230446C380FFF780F8204610BD15
:1087B000D074020010B5064B036000230446C3804A
:1087C000FFF774F820460DF0DCFD204610BD00BF19
:1087D000D074020038B5036881720D4D9A6AAA42BE
:1087E000044608D15B6A0B4A0B4D93420AD1A07A2A
:1087F000A072284638BD90472368064A5B6A9342B8
:108800000546F4D020469847A072284638BD00BFE0
:10881000958701009187010016FCFFFF38B50368BA
:108820000D4D9A6A0181AA42044608D1DB690B4AC0
:108830000B4D93420AD120892081284638BD9047AC
:108840002368064ADB6993420546F4D020469847E0
:108850002081284638BD00BF958701008D87010023
:1088600016FCFFFFF8B504460025144B0360456075
:108870000E461746FEF7ACFF94F82A30A6614FF07B
:108880000112C4E90B22022103F0F90365F3C303CB
:108890000B4E6562142084F83450A1722081A581AA
:1088A000E58125826582A582E582A780E580258510
:1088B000E58684F82A3026602046F8BDD074020090
:1088C000787A0200B0F90C1011F5C87FF8B580F283
:1088D000968090F82A3013F0020340F09880B0F9A7
:1088E0000E5015F5C87F77DA90F82A2012F00402AE
:1088F0007AD1B0F9104014F5C87F3CDA90F82A20FC
:1089000012F008023FD0B2FA82F390F82A6090F891
:1089100034205B0963F3C30680F82A60032A09D870
:108920000132D2B2012A80F8342000F09680042A65
:1089300000F08580C38E90F82A6001339BB216F058
:108940000107C38672D01D2B23D90023C38680F86C
:1089500034300368444ADB6A6FF30006934280F8C0
:108960002A601BD004469847B4F90C10B4F90E5095
:10897000B4F9104012E0B4F5C87F04DD90F82A2065
:1089800012F00802BFD090F83420002BC6D1002A84
:10899000D0D10368344ADB6A9342E3D105FB05F387
:1089A000324A01FB013304FB043393423CD911F5F5
:1089B000487F4EDBB1F5487F4DDC15F5487F4EDB37
:1089C000B5F5487F39DC14F5487F4ADBB4F5487FBC
:1089D000D4BF00200620F8BDB5F5C87F89DD90F82A
:1089E0002A2012F0040284D1B2FA82F390F82A20ED
:1089F0005B0963F3820280F82A20012379E7B1F54D
:108A0000C87F0FDD90F82A3013F002030AD190F8E6
:108A10002A20B3FA83F35B0963F3410280F82A202A
:108A200001235CE700235AE70720F8BD092BB0D9E2
:108A3000013A80F83420C786ABE70120F8BD90F8F2
:108A40002A30002243F0010380F82A30C2860B202E
:108A5000F8BD0320F8BD0420F8BDC28699E70220C6
:108A6000F8BD0520F8BD00BF95870100FF7002002A
:108A700030B50368484ADB6A934285B004465ED14C
:108A8000B4F90E20B4F90C30B4F9105002FB02F224
:108A900003FB032305FB0535B5F5800F16D9A38D20
:108AA000002B4ED0B5F5100F24D8012384F82530C3
:108AB0002046FFF707FF0B2814D0238D834230D0C8
:108AC0000023208584F8243005B030BD94F825308B
:108AD000042B5ED90023C4E90B332046FFF7F2FED6
:108AE0000B28EAD1024601230D21684604F00CFC54
:108AF00005B030BDE38D002B42D0B5F1107FD4D945
:108B0000238EA3B3B5F1806FCFD9638E002BCCD168
:108B100001230A220D21684604F0F6FB0123638637
:108B2000C3E794F82430E28C042B16D80133DBB26F
:108B3000904284F82430C7D0052B10D0C4E7984762
:108B40009EE701230C220D21684604F0DDFB012382
:108B5000B5F5100FA385A8D9CCE79042B4D0E08436
:108B6000024601230D21684604F0CEFBC0E7012335
:108B700009220D21684604F0C7FB01232386C1E7C3
:108B8000012308220D21684604F0BEFB0123E38582
:108B9000B3E70133DBB289E79587010010B588B0F0
:108BA00002AB83E806009A88C0F812100446C2821D
:108BB00081690CCB684604F07DFBE3880098BDF822
:108BC0000420228223F00203E060E3802046FFF7C6
:108BD0004FFF0123A1881A4604A804F095FB00204A
:108BE00008B010BD0368064ADB6A934210B504461C
:108BF00002D1B4F90C0010BD9847B4F90C0010BDB7
:108C0000958701000368064ADB6A934210B5044663
:108C100002D1B4F90E0010BD9847B4F90E0010BD92
:108C2000958701000368064ADB6A934210B5044643
:108C300002D1B4F9100010BD9847B4F9100010BD6E
:108C4000958701002DE9F04F824683B0B0F90C0002
:108C500009F0E8FDCDE90001BAF90E0009F0E2FDE6
:108C60008046BAF91000894609F0DCFD02460B4641
:108C700006460F46404649460AF0A0FE0AF034F97F
:108C8000CAF8200004460AF061FD054620460AF0B5
:108C900021FD8346284609F0D7FD42464B4609F0A0
:108CA0002BFE80465846894609F0CEFD32463B46AB
:108CB00009F022FEDDE9006702460B4640464946C0
:108CC00009F064FC344607F1004502460B46204695
:108CD000294609F03BFFEBF7BBFF0AF005F9BAF8AC
:108CE0000630CAF81C0043F00203AAF8063003B0AD
:108CF000BDE8F08F0368084ADB6A934210B504466A
:108D000007D1E3889B0702D42046FFF79BFFE06969
:108D100010BD9847F5E700BF958701000368084A32
:108D2000DB6A934210B5044607D1E3889B0702D45F
:108D30002046FFF787FF206A10BD9847F5E700BF80
:108D40009587010030B40949094A0860094DC2609D
:108D500040F20114002243F20321056104800181E5
:108D6000C0E905228270426030BC7047600A002072
:108D700018000020007B0200F8B50368DB680C4691
:108D800005469847C37A95F804E090F80CC0C77977
:108D9000067A457A817A23720922042384F802E054
:108DA00084F803C027716671A571E1712270637048
:108DB000F8BD00BF2DE9F04F466887B00190002E46
:108DC00000F09D8009244FF00008072533683046E5
:108DD000DB6898478388C279366909341C4408F1F6
:108DE000010815FB0244002EF0D120460DF0CBFA0D
:108DF0004F4B019A074603CB5568527A3860A3B2AD
:108E000079607B8087F804803A72002D00F08B80B7
:108E100009244FF007094FF040083DE0F17904F1D3
:108E2000070C3A194FF0050E07EB0C0391B3A96834
:108E3000707B91F8441096F80EA007F8049041F06A
:108E400080019170D07082F806A082F801E0A2F84B
:108E50000480F2793748012A40F21B1104F10E0414
:108E600063D9EA6896F80DA092F844B0B27B07F88F
:108E70000C9083F802B083F803A09A7183F801E0A4
:108E8000A3F80480F379022B04D9FEF725FE3220E3
:108E9000FAF726FF2D69D5B12B682846DB6898477D
:108EA00003A906462846FFF767FF03AB03CB3A1931
:108EB00038511B7813725160B2880934002AADD042
:108EC00038193168F8F7C0FFB3881C44A6E77B88DF
:108ED000A34207D0174840F21F11FEF7FDFD3220D4
:108EE000FAF7FEFE019B22465869394605F09EFEC0
:108EF00038460DF046FA002007B0BDE8F08F092093
:108F00000DF041FA0A4B019A074603CB5568537A94
:108F1000386009247960FE703E713B72BC70002D90
:108F20007FF476AFDEE70924D2E76446B2E700BFFC
:108F3000E87A0200B87B02002DE9F041274B1B784C
:108F400007460D46002B3BD12B682846DB68984727
:108F50003B7890F806804344062B3CDCFF222A71C4
:108F60007C6800222A61CCB12269002A31D01C4ED3
:108F700007E0206903681B69B34214D10369044602
:108F8000D3B12B681B69B342F3D028469847002819
:108F9000EFD020690028F1D13B7843447D603B70DD
:108FA0000020BDE8F08198470028F2D023692B61AA
:108FB0003B782046434401E03B7843440561EEE7BB
:108FC0004FF4B7710748FEF787FD3220FAF788FEA5
:108FD000BAE72046F2E76FF47B70E2E7A30B0020CC
:108FE00031D80000B87B0200024B1878003018BF5F
:108FF00001207047A40B00202DE9F84F0B7803F0F7
:109000001F03012B3ED0022B2DD04FF0FF373D46E2
:109010004468002C33D0904606468946DFF874B089
:10902000DFF874A00DE0A3681BB193F84430BB4295
:109030000AD0E3681BB193F84430BB4204D02469E2
:10904000ECB12379AB42EED123687169B8F1000F1E
:109050000FD01B685345F2D04A4620469847002857
:10906000EDD1BDE8F88F8F884FF0FF3507F07F070F
:10907000CEE75B685B45EFD12469002CE1D1044861
:10908000BDE8F88F8D884FF0FF37EDB2C0E700BF25
:1090900016FCFFFF21D8000019D80000F0B5CB78EE
:1090A000022BA3B058D0012B044659D00F2B29D046
:1090B000032B29D18A78017A91422BD3002A56D0EA
:1090C00002F18042013AC16851F8225015B3284696
:1090D0008DF805300DF0E9F901304000C2B2822868
:1090E0008DF8042049D82B7801A93BB128460D46BC
:1090F00025F8023F10F8013F002BF9D1606905F017
:1091000095FD05E0877847B920460022FFF774FFF8
:1091100023B0F0BD1E4823B0F0BD1E4E0FCE01ADF2
:109120000FC50FCE0FC50FCE0FC596E80700A023C1
:1091300003C507EB87060A2113FB071776010E44C8
:109140003F0A2A7001A98DF839608DF83A703922EA
:10915000606905F06BFDDBE7FFF72CFE23B0F0BD87
:109160001222D0E9041005F061FD23B0F0BD0A49D8
:109170004069042205F05AFDCAE740F2531107483E
:10918000FEF7AAFC3220FAF7ABFD9DF80420AAE70F
:1091900016FCFFFFAC7A0200B47B0200B87B020031
:1091A0002DE9F04F85B04369B1F806C00A78CE7852
:1091B00091F802E0A3F846C000AF4FF0000CA7F80A
:1091C0000EC012F0600C04460D460BD149784EEAF1
:1091D0000626092964D8DFE801F08A946365637480
:1091E0008185B1BBBCF1400F41D14B78402B53D0AE
:1091F000412B55D18378002B4ED003EB83067601AB
:1092000006F111016C4A4568C7F804D06846C908E0
:10921000A0EBC1018D4603CA0A36330A8DF80860F7
:10922000009001918DF80930EB46002D00F0B480DC
:10923000DFF89491DFF894A14FF00A0803E02D695C
:10924000002D00F09E802B681B694B45F7D0284607
:1092500098470BEB08030028F1D0A022514618468E
:10926000F8F7F2FD2A79027108F1A008E7E7012278
:10927000FFF7C2FE002863690FDBB3F846303BB14D
:109280004E4840F23E21FEF727FC3220FAF728FD37
:109290001437BD46BDE8F08F6369184605F01CFB26
:1092A0006369EAE732B9012E04D1454A137843F0E5
:1092B0000203137000224249606905F0B7FC63693C
:1092C000DBE7304605F0BAFA00223D49606905F057
:1092D000ADFC304605F0AAFA6369CEE72946FFF7F0
:1092E000DDFEC7E7406905F0F7FA6369C5E7802A44
:1092F00043D0022207F10E01606905F097FC636913
:10930000BBE7002A31D0022AD4D14668002ED1D042
:10931000B06830B1AB8890F8442003F07F039A42E4
:1093200043D0F06830B1AB8890F8442003F07F035D
:109330009A423DD03669002EEAD1BBE707F1100111
:10934000012221F8022D406905F070FC636994E761
:1093500012F01F024369A0D11A48AD780570184970
:10936000184605F063FC636987E7012EA2D1144A11
:10937000137823F0020313709CE7114B1B78FB81D9
:10938000B7E7464508D132465946606905F04EFCBC
:10939000D7F804D0636970E74FF40A710748FEF705
:1093A0009BFB3220FAF79CFCEDE705F049FAC1E798
:1093B00005F0A8FABEE700BFF47A0200B87B02000D
:1093C000A20B0020A40B002031D80000147B020067
:1093D00038B5446864B1074D01E0246944B123689D
:1093E0009B68AB42F9D0204698472469002CF6D1FF
:1093F00038BD00BF29D800002DE9F84F0746406965
:1094000020B10CF0BEFFB8690CF0BBFF48200CF097
:10941000C1FF002211460446402305F0CFFA7C61CB
:1094200048200CF0B7FF002211464023054605F006
:1094300005FB7C68BD610026BE70002C64D0DFF89F
:10944000F080DFF8E8904FF0010A22E0EA799A42D2
:1094500001D3022A07D9484640F26621FEF73CFBB9
:109460003220FAF73DFCA06818B10CF08AFF002307
:10947000A360E06818B10CF084FF0023E360EB798F
:10948000EBB9A979246951445FFA81FA0136002CBD
:109490003CD0236826711A6942452DD1DB682046ED
:1094A00098478379022B0546D0D94FF41971484665
:1094B000FEF712FB3220FAF713FCAB79C6E748201F
:1094C0000CF068FF402383466A7B514605F076FA2C
:1094D000C4F808B0EB79012BD3D948200CF05AFF1F
:1094E000A9796A7B514401398346C9B2402305F00A
:1094F000A5FAC4F80CB0C4E72046904710B1BB7879
:109500000133BB702368C9E74FF0010A3B7853452C
:1095100009D0064840F28121FEF7DEFA3220BDE88C
:10952000F84FFAF7DDBBBDE8F88F00BFB87B02004B
:1095300031D8000010B54378013BDBB2437043B92A
:1095400004460A48FEF7C8FA094B1A7832B10020DF
:1095500010BD0848FEF7C0FA002010BD2078012297
:109560001A7005F0ABF8002010BD00BFEC7B0200C4
:10957000A30B0020D87B020008B501460348FEF784
:10958000ABFA3220BDE80840FAF7AABBB87B02006C
:10959000016882B08DE80C008B6902B0184700BFEB
:1095A00082B070B50C4684B005464968206802ACAC
:1095B00003C4039908AC481084E80C00CB0745BFEE
:1095C0002A58029B029CD4580AAB2E1893E8030039
:1095D0008DE8030008AB0CCB3046A04704B0BDE8D3
:1095E000704002B0704700BF2DE9F043324D056076
:1095F000002683B04660154604460F469846FEF79F
:10960000E7F82E4BA78040F2FF32D3F800902C4BA6
:1096100023609542A8BF15466581B9F1000F2ED091
:1096200028200CF0B7FE0546103003F08DFE032312
:109630002F806B8018200CF0ADFE224ACDE9002669
:1096400007466A46034603CA47F80C4BDE607E6055
:1096500058609960D9F80020EE6052681A49AB60F2
:10966000C220A8808A4219485861C5E908661CD101
:109670002846FEF7FBFF28460CF083FEA788B8F1CA
:10968000000F0CD01FFA88F00021A4F808803A4699
:10969000032300F065FA204603B0BDE8F0834FF4E1
:1096A000FA7000214FF4FA78EFE7484629469047D0
:1096B0000028E3D0DCE700BFD07402006C0A002071
:1096C000307C02009195010051770100A1950100C5
:1096D000008A704710B5C38803F01202102A84B0C4
:1096E000044617D003F00C03082B01D004B010BDC2
:1096F000228AE3899A42F9D801231A46A18868464A
:1097000003F002FEE38823F0020343F00403E38046
:1097100004B010BD018A82899142E3D3012381887C
:109720000222684603F0F0FDE38823F0040343F0CF
:109730000203E380D6E700BF036810B50446DB6987
:109740009847E388DA070FD56189238AC1F57F72CC
:1097500000FB01F0033202FB0300800A2082204656
:10976000BDE81040FFF7B6BF43F001032082E3805D
:109770002046BDE81040FFF7ADBF00BF40F2FF3309
:109780009942A8BF1946418100207047002938B589
:109790000BDD89B28CB200250181828829462046E2
:1097A000032300F0DDF9002038BD4FF4FA714FF4C7
:1097B000FA740025F0E700BF08B5C388DA0602D5C1
:1097C00082898A420FD023F0020242F010021B0766
:1097D0008181C28007D5C38901399942A8BF194642
:1097E00089B200F003F8002008BD00BF08B5C388A7
:1097F0001A0702D5C2898A420FD023F0040242F030
:109800000802DB06C181C28007D5838901319942F4
:10981000B8BF194689B2FFF7CFFF002008BD00BFCF
:1098200010B5044B036000230446C380FEF73EF8E6
:10983000204610BDD0740200C1600020704700BFF8
:1098400008B580680368DB6A9847002008BD00BF40
:1098500008B5806803685B6A9847002008BD00BFB0
:109860002DE9D847044692469946FDF76FFEA66853
:1098700094F80D8034683046636CA76B98474B466C
:109880005246002B08BF0A2A38BF0A22024441462A
:109890003046B847BDE8D847FDF74ABE2DE97848BD
:1098A0000646FDF753FEB06803685B6C9847B288C4
:1098B000F38880B2D6E90645821A92B2134414EBBB
:1098C000020B9BB245F1000CB3F57A7FB080C6E97C
:1098D00006BCF3800DD3D6E90401A3F57A730130F9
:1098E0009BB241F10001B3F57A7FF6D2C6E90401DB
:1098F000F380BDE87848FDF71BBE00BF2DE9F84FA7
:109900001646C26ABDF82880BDF82C909DF830A09C
:10991000002A0EDD446A1F46238873B123460021C6
:1099200002E01D881C4645B10131914203F1180344
:10993000F7D16FF47B70BDE8F88F0546FFF7AEFFF7
:10994000D5E9062312EB060B43EB070CBAF1000F27
:1099500020D100200146C4E90201C4E904BCA4F8F6
:109960000080A4F80290FDF7F1FDA96A39B1D4E9AD
:109970000423D1E904018B4208BF824205D2AC62C4
:1099800032463B462846FFF76BFFFDF7D1FD00202E
:10999000BDE8F88F30463946DDE700BF2DE9F0031A
:1099A000C56A436A00218D4281622DDD0A461C880A
:1099B000013254B139B1D3E90467D1E904894F4583
:1099C00008BF464501D283621946AA4203F1180333
:1099D000EDD1C9B1D0E90689D1E9044518F10A06EB
:1099E00049F10007BD4208BFB44207D3B4EB0802F7
:1099F00065EB0903BDE8F003FFF732BF0A2200233D
:109A0000BDE8F003FFF72CBFBDE8F003704700BFCF
:109A10002DE9F04F82468BB059B18468067B2368EC
:109A200020465A6C9D6B9047274A31460244204697
:109A3000A8475046FFF732FFDAF82C20DAF8244026
:109A4000002A2EDD0025AB46238813B3D4E9040198
:109A5000DAE906678F4208BF8642CDE9040118D3D0
:109A6000D4E9028958EA0901628820D1DAF828107D
:109A70004FF00000A142208022D001210291CDE9C7
:109A80000067194606A803F04FFCDAF82C200BF10A
:109A9000010B0135AA4204F11804D5DCBBF1000F1B
:109AA000CCD15046FFF77AFF0BB0BDE8F08FDDE96F
:109AB000040110EB080041EB0901C4E90401DCE7F3
:109AC0000021CAF82810D8E780969800074B1B6839
:109AD00053B1197B084110F00101184601D1FFF77D
:109AE00097BF0121FFF794BF704700BF680A0020AD
:109AF000064B10B51C682CB12046FFF7CFFED4E909
:109B0000040110BD0020002110BD00BF680A002024
:109B1000064B10B51C682CB12046FFF7BFFED4E9F8
:109B2000060110BD0020002110BD00BF680A002002
:109B300070B5094C266884B066B11D4614460B46C4
:109B400001210246CDE9004530460291FFF7D6FEDD
:109B500004B070BD0148FBE7680A002016FCFFFF57
:109B60002DE9F04F134C266885B006B39C4644019E
:109B70004B01241A43EAD06565EB01058946A30031
:109B8000A900174641EA94711A1841EB0903D9005C
:109B900041EA5271D0000B4601210246CDE9007C1A
:109BA00030460291FFF7AAFE05B0BDE8F08F0248EB
:109BB000FAE700BF680A002016FCFFFF70B50E4DE3
:109BC0002C68B4B12046FFF769FE0C4BA66942F23F
:109BD000107098472C682046FFF760FEA36908497B
:109BE000053B9B1B42F210720020B2FBF3F30B60AB
:109BF00070BD044870BD00BF680A00202500002029
:109C0000640A002016FCFFFFF8B50D4643731646A4
:109C10000A231B4A1B4901600446C3628560067320
:109C20000121F0201460FEF7E1FC2B68164F9A69C1
:109C3000606200210020A162BA424FF00001C4E935
:109C40000401C4E9060115D1104AEA603146104A00
:109C50009B6B28469847A06803681B6A9847A068D2
:109C6000036800225B6CE2809847A080FFF7A6FFA4
:109C70002046F8BD284605499047A5682B68E5E7CA
:109C8000680A0020587C020039980100CD9A010032
:109C9000809698002DE9F843124D2E6806B3124BBA
:109CA00004461868A8B93046FFF7F8FDD6E90667FC
:109CB00016EB040847F100092C682046FFF7EEFD7B
:109CC000D4E906234B4508BF4245F5D30020BDE843
:109CD000F88304FB00F0054B98470020BDE8F883AB
:109CE0000348F4E7680A0020640A002025000020E9
:109CF00016FCFFFF6FF47D70704700BF10B5034B7B
:109D000003600446FFF78CFD204610BD687C02000E
:109D100010B5054B03600446FFF782FD20460CF0AA
:109D200030FB204610BD00BF687C02004069044A39
:109D300003685B69934202D16FF47D7070471847E6
:109D4000F59C010038B504460D464FF4FA731146F0
:109D50004FF45972FFF748FC034B656120462360BE
:109D6000FFF7EAFC204638BD687C02006FF47D7086
:109D7000704700BF6FF47D70704700BFC08800F06F
:109D80000100704710B5034B03600446FEF7C6FCA4
:109D9000204610BD907C020010B5054B03600446C0
:109DA000FEF7BCFC20460CF0ECFA204610BD00BFCC
:109DB000907C0200C388DB0400D470472DE9304852
:109DC000036888B0DB6904469847227CE38878B151
:109DD0000B2A04D80132D2B2082A22740ED9D9072C
:109DE0001ED503F00305012D2CD008B0BDE8308846
:109DF00032B1013AD2B2082A2274F0D8012AF0D83E
:109E0000DA07EED523F00103E38002220123A188C3
:109E1000684603F079FA657C012D2CD0E388E0E7F1
:109E200043F001020123E280A1881A4604A803F04E
:109E30006BFA238901332381FFF75AFE227CE388E2
:109E4000E060DBE7FFF754FEE368B0EB030B61F182
:109E5000000C002340F2DB52634508BF5A45C4D2D0
:109E6000E288A18842F00202E2802B46052204A883
:109E700003F04AFAB9E7FFF73BFEE368B0EB030BE8
:109E800061F1000CBCF1000F08BFBBF57A7F2B46D7
:109E90002CBF04220322A18804A803F035FABDE7F1
:109EA00010B504464069074A03685B68934207D1CE
:109EB0006FF47D70A37C181AB0FA80F0400910BDD1
:109EC0009847F7E76D9D01002DE9F84304460D46DC
:109ED000914698469DF820609DF82470FEF73AFC64
:109EE000002121742B680C481A6C0C4BA4F80490C8
:109EF0008242656184F81180A6742360E16006D116
:109F0000E38843F40053E3802046BDE8F8833946F4
:109F100028469047F4E700BF759D0100907C020041
:109F2000417470474FF6E850704700BF0A4B70B459
:109F3000490202F500750A2618685C18884202F189
:109F4000010283BF207902F8010C013102F8016C93
:109F5000AA42F1D170BC7047340600202DE9F84FB9
:109F60009046074678B3DFF864B08E1C00EB020918
:109F700004464FF0000A14F8015B5846294625B103
:109F80000CF07EFA002818BF5F2506F8025C06F880
:109F900001AC14F8012C31462046E31B7AB99845F0
:109FA0000ADD0231FF220133984501F8022C01F845
:109FB000012C01F10201F6DC0020BDE8F88F4C45D0
:109FC000FBD00236D7E70346EBE700BFD87C0200A0
:109FD00043F6D0712DE9F04F096843F64F73A1F1B4
:109FE000B0059D42ADF5057D0646144674D80D7842
:109FF000BDB10A2D72D00B4601E00A2A03D013F836
:10A00000012F002AF9D18B4268D90131002506E0E1
:10A0100013F8012D202A04D04F2A08BF01259942A8
:10A02000F6D12F4FDFF8C080DFF8C09014F1FF3475
:10A030004BD304A94FF40072304602F00FFC002D00
:10A04000F4D0049BBB42F1D1059B4345EED1839BE9
:10A050004B45EBD1069BD907E8D4D6E9022330461D
:10A0600093F844A092F844B002F0C4FD049BBB42B4
:10A07000DCD1059B4345D9D1839B4B45D6D143F6D3
:10A08000F07343F64F72DB68B03B9342CED843F691
:10A09000F0739B68A3F1B0019142C7D8DA07C5D528
:10A0A0000BF00F0B0AF00F0A00210122CDE9010489
:10A0B00004A80390ADF802108DF801B08DF80020CF
:10A0C0008DF802A068469847B0E7304602F022FDBE
:10A0D0000DF5057DBDE8F08F02498CE70025A0E76E
:10A0E0005546320AE873020057515D9E306FB10A3F
:10A0F0004368B3EB412F0BD9C168531E02F2FF1026
:10A100000A7803F8012F0A7802B101319842F7D199
:10A11000704700BF08B5A0F16103192B03D9A0F166
:10A120004103192B01D8012008BDA0F13003092BF0
:10A13000F9D9014603480CF0A3F9003018BF0120FB
:10A1400008BD00BFE47C02002DE9F84306468718ED
:10A150000C464FF020094FF05F080EE02846FFF74D
:10A16000D9FFF8B1A5F16103192B9CBF203DEDB2D9
:10A17000013435700136B74212D02578002DEDD16B
:10A1800086F80090207820B9F4E714F8010F002831
:10A19000F0D0FFF7BFFF0028F7D00136B742ECD16F
:10A1A000BDE8F8832E2D01D1034CE9E7002DE7D05F
:10A1B00086F80080E6E700BFA8750200436A002B1E
:10A1C00048D02DE9F041002637469C7C1D68E20608
:10A1D0004BBF1F601E60476A466A45622B46002DD2
:10A1E000F3D14662002E33D0DFF86C80736835827D
:10A1F00013F5007248BF03F2FF32337D05EB622591
:10A200004BB933680BB11E46F0E7376007B33B46E6
:10A210001E460027EAE7C7B1FA689A423C4605D0D5
:10A220002468002CEDD0E2689A42F9D106F11500BD
:10A230000CF03BF900F10D03A8FB03239B086268B7
:10A24000013302EB43136360DBE73368002BDAD1A1
:10A25000BDE8F081704700BF4FECC44EF0B5C66852
:10A26000194F33681B6BBB4283B014464FEA01257C
:10A2700020D14FF48020A84201D803B0F0BD134B89
:10A280002360134A134B61616260C4F8FC31336888
:10A290001B6BBB4213D14FF480604FF48072A061FE
:10A2A000294604F12000E560226103B0BDE8F040DA
:10A2B000F7F7CABD0191304698470199DBE7304670
:10A2C0009847000AE9E700BF755401005546320A75
:10A2D00057515D9E306FB10A2DE9F04F8BB0C2EB44
:10A2E000027216010D46044602931BB9002E00F0BF
:10A2F00097800136676A002F00F08F800023039358
:10A3000003E03F68002F00F088803B7D029A934273
:10A31000F7D1039C0F2E04F1010403947DDC07F1B7
:10A32000150A5146082207A8FFF70EFF50462E21B6
:10A330000CF0A6F84E4B002808BF18460322411C1B
:10A3400009A8FFF701FF0DF111012046FDF7C8F93B
:10A350007E2304A88DF810300CF0A7F807AB024656
:10A36000C0F10800184404A9F7F76EFD0024504618
:10A370008DF827400CF099F83E4B00F10D08A3FB37
:10A3800008384FEA980808EB480308EB8303534466
:10A39000019308F1010AC346A1460F2E34D8A34504
:10A3A00054D0A8EB0402D2B22A70002C4AD00F225B
:10A3B000EA7285F80C9007A800220DF1270C10F81E
:10A3C000011BD30143EA52020A446045D2B2F6D1DE
:10A3D000019B6A7304EB4401A3F10D0004EB8101BE
:10A3E000401A0522691C85F81A9085F81B90FFF722
:10A3F000B5FD062205F10E01FFF7B0FD022205F1C1
:10A400001C01FFF7ABFD20350134544506F1010670
:10A41000C3DB3F68002F7FF478AF0BB0BDE8F08F4F
:10A420000368154A5B6B934209D1144928460B22F5
:10A43000FFF78AFE2823EB72012620355AE798475A
:10A440000146F3E742F040022A70B0E707AA03CAC8
:10A45000B2F800C0927828606960A5F808C0AA72B6
:10A46000BA7CEA727A68EA613A8A02326A83CAE797
:10A47000787802004FECC44E7D540100EC78020065
:10A480002DE9F0410C4615460646002110464FF4D2
:10A490000072F8F76BFE002C53D0B4F5FE7F1AD98A
:10A4A000B4F5007F79D9706A6FF40072144480B1FA
:10A4B000018A8C420AD3426812F5007348BF02F247
:10A4C000FF3301EB6323A34200F38380006800287D
:10A4D000EED1BDE8F081631EFD2B88BFA4F1FF0320
:10A4E0001B02C3F101021BB94FF6F071298002353E
:10A4F000002A03DB4FF6FF722A800235766A002EAF
:10A50000E7D0C3F1020302204FF6FF77726812F51D
:10A51000007148BF02F2FF314C12621E002A46DD74
:10A52000591E421C214401E08B4241D00133012BD2
:10A530005CBF2A800235FF2B104602F10102F3DDD9
:10A54000C7E7DFF8BCC02C460CF1300E67460FCFD2
:10A55000774520606160A260E360BC4604F11004AE
:10A56000F4D1BCE80700BCF80030A260A3812060F1
:10A5700061603368204A5B6B934205F12B0424D160
:10A580001E490B222046FFF7DFFD5522AA2385F83E
:10A59000FE2185F8FF31BDE8F0816FF4FE7162188D
:10A5A000304629460023BDE8F041FFF795BE194625
:10A5B000002901F10103A4BF2F800235FF2B88DCA5
:10A5C00036680130002EA1D183E730469847014616
:10A5D000D7E7837CDB06A4EB010104D42A46836819
:10A5E000BDE8F0411847037B0A4630462946BDE8DE
:10A5F000F041FFF771BE00BF7D540100EC7802000E
:10A60000E87C0200F8B5436A05460C46174623B1BC
:10A610001A8A4FF6FF739A421CD04FF400700BF069
:10A62000B2FE064677B12744214632462846FFF758
:10A6300027FF01344FF400723146284602F042F9F8
:10A64000A742F1D130460BF09CFE2846BDE8F84009
:10A6500002F060BAFFF7B2FDDFE700BF10B50446B5
:10A6600002F0DCF8024B236000236362204610BD39
:10A67000307D02002DE9F84F456A9DF82C80064692
:10A680008A4617469B4645B12A8A4FF6FF739A427F
:10A6900003D03220F9F724FB756A58460BF005FF0A
:10A6A00081461930F2F716F90446002309F1010238
:10A6B00059461530C4F81230E382F7F7C5FB0A9A01
:10A6C000E7604FF6FF73C4E9012A84F8148025601F
:10A6D000746223822046BDE8F88F00BFF0B50546BE
:10A6E00083B008460C4616461F460BF0DEFE334686
:10A6F000CDE90007224628460249FFF7BBFF03B019
:10A70000F0BD00BFF1A0010043F6D07330B51B6867
:10A71000174C184AA3F1B00543F64F718D4294BF10
:10A72000194621460446002383B0FFF7D7FF23686C
:10A73000114A1B6B934216D14FF400200025CDE93E
:10A74000000522460D4B0E492046FFF793FF4FF4BC
:10A750008063CDE900350B490B4B22462046FFF7BD
:10A7600089FF03B030BD204698474000E6E700BFB0
:10A77000E8730200B07C020075540100C07C020046
:10A780005DA201002D9F0100CC7C020010B582B0BB
:10A790000024134601940A4600942146FFF76AFFFD
:10A7A0001023837402B010BD6FF47D70704700BF3A
:10A7B00010B5044B036000230446C380FDF776F810
:10A7C000204610BDD074020010B5064B0360002374
:10A7D0000446C380FDF76AF820460BF0D2FD204600
:10A7E00010BD00BFD074020038B50446C06890B1F7
:10A7F00003680F4D1B68AB4216D1206903681B68C4
:10A80000AB420ED10A20FDF71FFD2046094901F099
:10A8100045FD002038BD2069054D03681B68AB422B
:10A82000F0D001219847EDE701219847E5E700BF07
:10A83000A9A70100687D020010B5044601F0EAF9FD
:10A84000034B2360012384F82D30204610BD00BF48
:10A85000E47D020070B5056884B004466A46286845
:10A860006968134603C34CF2DA03984219D00021F9
:10A87000CDE9003192E8030002AB83E8030003CB8B
:10A8800004F10806A060716060680F4903685A69A6
:10A890008A4209D19C690D4B9C420ED1002004B024
:10A8A00070BD019804B070BD29469047D4E90050AE
:10A8B00003689C69054B9C42F0D0324629464023F0
:10A8C000A047002004B070BD4DDF000055DF000040
:10A8D00070B50D4641604FF4807200210446083087
:10A8E000F8F744FC2B6811491A688A420BD19B681F
:10A8F0000F4A93424FF000060DD126602046FFF725
:10A90000A9FF204670BD284690472B68084A9B68DF
:10A9100093420646F1D028469847A6EB00162660DB
:10A920002046FFF797FF204670BD00BF35DF0000CF
:10A930003DDF00000268A0F84210936A184700BF8C
:10A94000B0F84200704700BF026880F84410936A74
:10A95000184700BF90F84400704700BFB0F842109D
:10A9600038B54FF47A75044605FB01F1244802F02E
:10A97000CFFD244A94F844100346A2FB03239B090D
:10A98000A4F84230204802F0C3FDB4F8421084F825
:10A99000440005FB01F11A4802F09AFDA26BB4F8DD
:10A9A0004010156840F00703DBB21046AD69202265
:10A9B000A84718BBA06BB4F84010036822229D6919
:10A9C0001023A847D0B994F844100F4802F080FD36
:10A9D000A26BB4F840101568030103F0F0031046B1
:10A9E000AD692322A84748B9A06BB4F840100368AA
:10A9F00024229C690823A04700B938BD034838BD0C
:10AA0000047E0200D34D6210FC7D02000EFCFFFFAD
:10AA100010B5034B03600446FDF7C0FE204610BD91
:10AA20006C7E020010B5054B03600446FDF7B6FED0
:10AA300020460BF0A6FC204610BD00BF6C7E020035
:10AA4000034611B903689B6A1847806BB3F840103E
:10AA5000036810B49C692022A44600235DF8044BCF
:10AA6000604700BF2DE9F041BDF81C50BDF81860EB
:10AA700004468846174619462A46FDF7F3FE00238A
:10AA8000142102220C482060C4F83880E763A580B6
:10AA9000A4F84060A4F8421084F84420A4F846309A
:10AAA000A4F84830A4F84A30E3802046FFF756FF68
:10AAB0002046BDE8F08100BF6C7E0200C16BC388F8
:10AAC0000A68F0B55268294C43F48043A24287B02B
:10AAD000C38003D10025284607B0F0BD04460846D0
:10AAE000904701280646F5D1A06BB4F840100368E2
:10AAF0000196062200921D6AA82204ABA8470546CB
:10AB000088BB0320FCF744FDA06BB4F84010036839
:10AB1000CDE9006631221E6A0DF10F03B0479DF9A1
:10AB200015309DF913609DF9111094F84470206858
:10AB3000DB00F600C90003FB07F306FB07F611FB79
:10AB400007F12F0CA4F84860A4F846109AB23F040D
:10AB5000A4F84A303A43036BD4F84610204698478D
:10AB6000284607B0F0BD024DB5E700BF6D9D01005E
:10AB70000EFCFFFF08B5FFF7A1FF002008BD00BFD6
:10AB8000FFF79CBF01893F4AF8B54FF47A7303FB86
:10AB900001F39342044668DC3B4A934265D83B4A42
:10ABA000934264D844F62062934262D842F2107213
:10ABB000934260D841F2883293425ED840F6C41284
:10ABC00093425CD8324E40F2E24106F108028B42D9
:10ABD00088BF1646A37A042B44D82E4D032B05F1CB
:10ABE00002032ABF1D460222042233682A49206C30
:10ABF000A272A1FB03230268218F97699B0923811D
:10AC00002A220023B84700282AD1206C218F03680C
:10AC10002B229F691023B84710BB206C218F03683B
:10AC20002D229F690123B847D0B9206C218F03687A
:10AC30002E229F690123B84790B9206C6B78026877
:10AC4000218F95690E22A84750B9206C337902688C
:10AC5000218F946943F001032A22A04700B9F8BD6F
:10AC60000E48F8BD0E4D0822BFE70E4EB2E70E4E5D
:10AC7000B0E70E4EAEE70E4EACE70E4EAAE70E4E14
:10AC8000A8E700BF00C4090000710200803801007D
:10AC9000A87E0200A07E0200D34D62100EFCFFFFD2
:10ACA000A47E0200E07E0200D87E0200D07E020078
:10ACB000C87E0200C07E0200B87E02000368DB6A24
:10ACC000184700BF10B5034B03600446FDF766FD4F
:10ACD000204610BDF07E020010B5054B036004460F
:10ACE000FDF75CFD20460BF04CFB204610BD00BF7D
:10ACF000F07E0200034611B903689B6A1847006C96
:10AD0000198F036810B49C692A22A44600235DF8B9
:10AD1000044B6047C38822495A04C26B58BF43F4AE
:10AD2000804330B558BFC38013685B688B4287B0DF
:10AD300003D10025284607B030BD04461046984789
:10AD40000028F6D1206C218F036806250122CDE969
:10AD500000521D6A04ABA8470546F8B99DF91210C8
:10AD60009DF914209DF91030A07AC900D200DB00B3
:10AD700011FB00F112FB00F213FB00F32068ADF8A9
:10AD80000830ADF80A10ADF80C2002AB93E80600CD
:10AD9000036B20469847284607B030BD014DC9E7F0
:10ADA0006D9D01000EFCFFFFF8B504460E461746E8
:10ADB0001946BDF81C20BDF81850FDF753FD074B90
:10ADC0002587C4E90F7623602046FFF7DBFE18B91C
:10ADD000E38843F48053E3802046F8BDF07E020010
:10ADE00010B5034B03600446FDF7D8FC204610BDA8
:10ADF0003C7F020010B5054B03600446FDF7CEFC16
:10AE000020460BF0BEFA204610BD00BF3C7F02007A
:10AE1000034611B903689B6A1847806BB3F840106A
:10AE2000036810B49C696B22A44640235DF8044B70
:10AE3000604700BF10B5836BB0F840101C6884B049
:10AE40000122CDE900221846246A0DF10F03752274
:10AE5000A04728B99DF80F00C0F3450004B010BD0D
:10AE60004FF6FF7004B010BD38B50446806BB4F8DF
:10AE700040100268802395696B22A8471420FDF7D3
:10AE8000E3F9A06BB4F8401003686B229D690023BE
:10AE9000A847A06BB4F8401003681A229D690123EB
:10AEA000A847A06BB4F8401003681B229D691823C3
:10AEB000A847A06BB4F84010036819229D692023AD
:10AEC000A847A06BB4F84010036837229D6930236F
:10AED000A847A06BB4F84010036838229D6901238D
:10AEE000A8472046FFF7A6FF01460248FCF7F4FDFD
:10AEF000002038BD247F02002DE9F041BDF81C6020
:10AF0000BDF8185004468846174619463246FDF7E4
:10AF1000A9FC6D000023142102220B482060A4F834
:10AF20004050C4E90E87A6802181A272A4F8443063
:10AF3000A4F84630A4F84830E3802046FFF794FF99
:10AF40002046BDE8F08100BF3C7F0200C16BC38892
:10AF50000A68F0B552683D4C43F48043A24287B082
:10AF6000C38003D10025284607B0F0BD044608463B
:10AF7000904701280346F5D1A06BB4F84010026851
:10AF800001930E230093156A02AB3B22A8470546A6
:10AF9000002859D19DF80E209DF80F302C4E9DF8B9
:10AFA00008709DF809009DF811C09DF80A109DF8E1
:10AFB0000BE043EA02231BB203EB83035B0086FB37
:10AFC0000326DB179DF80C20C3EB261340EA07206D
:10AFD0009DF810609DF80D704CEA062C47EA02229D
:10AFE0009DF812609DF81370A4F844C003F6456301
:10AFF000A4F8423000B29DF814304EEA012147EA2D
:10B0000006279DF81560A4F84670002809B246EAA4
:10B010000326B8BF0F3013B200292246B8BF0F3144
:10B02000002BB8BF0F330911E181001152F80C1B3E
:10B03000A0811B112382A4F848600B6B204606CA2E
:10B040009847284607B0F0BD024D8CE76D9D010082
:10B05000797878780EFCFFFF08B5FFF777FF0020BE
:10B0600008BD00BF0368034ADB6A934201D1FFF7C2
:10B070006DBF184759B0010082B08DE80C0001483F
:10B0800002B0704716FCFFFF0029406905DD08B9D2
:10B0900004E010B10139406AFBD17047704700BF2E
:10B0A00082B070B50C4684B005464968206802AC91
:10B0B00003C4039908AC481084E80C00CB0745BFD3
:10B0C0002A58029B029CD4580AAB2E1893E803001E
:10B0D0008DE8030008AB0CCB3046A04704B0BDE8B8
:10B0E000704002B0704700BF00293AD0F8B54469FB
:10B0F000002C33D00D461C4E002705E0A268AB683B
:10B100009A420DD0646AB4B1AA88A38853409907C3
:10B11000F8D49207F2D5A968A06802F035FA78B1A0
:10B120002B888BB96B88ABB9A3883343A380646A3F
:10B130000137002CE8D1002FC8BF20460EDDF8BD36
:10B14000AB889B07DED4D9E722889A42DAD16B8894
:10B15000002BE9D062889A42D4D1E5E76FF47A7087
:10B16000F8BD6FF47A7070470080FFFF00296BD044
:10B17000F0B5446985B00D4606463CB960E0A38849
:10B18000980708D5914212D0646ACCB1AB88216887
:10B190002A689F07F3D49142F6D1A268AB689A421D
:10B1A000F2D1A3881A0447D4294805B0F0BDA96894
:10B1B000A06802F0E9F90028F3D1646A002CE5D117
:10B1C000D6F814C02A88BCF1000F33D06446634619
:10B1D00000E00B461888904211D2596A1C4600299B
:10B1E000F7D163451DD0596A69625D62012340F25F
:10B1F000FD31684602F088F8002005B0F0BD21D18D
:10B200006F885988B94204D31CE04C88BC42E8D20C
:10B210000B46596A0029E4D00C888442F5D0634576
:10B22000E1D119888A4204D3DDD1588869888842DF
:10B23000D9D96B627561D9E7C3F30E03A380B3E775
:10B240000A88F7E72346CCE76FF47A70704700BFAF
:10B2500016FCFFFF2DE9F04183885F0782B00646A8
:10B2600003D59D062DD4DC0638D443F00403B38007
:10B2700006F1100506F1180815E0F368009395E84B
:10B280000F00A047B388DA0618D5346AB4B194E841
:10B290000F00276985E80F00204637620BF071F830
:10B2A000FCF7C8FFB388B46898070DD4D907E4D475
:10B2B00095E80F00A047B388DA06E6D423F004032C
:10B2C000B38002B0BDE8F08198E8030095E80C0077
:10B2D0008DE80300204602F03FF9D3E700F11803A0
:10B2E00093E803008DE8030006F110030CCB304611
:10B2F000FDF7C6F9E5E700BF70B51C4B8CB003F154
:10B300000802283304460260836006A802F01CF895
:10B310000F23182002930BF03DF80025144A0092E9
:10B32000064601956A46034603CA46F80C4B114A85
:10B33000DD60049375605A6158609960204602A9E7
:10B340001223ADF80C300595CDE90A55FFF7CCFE78
:10B3500002A8FDF78BF9084BE58104F10800A36012
:10B36000FCF7A4FA20460CB070BD00BF847F020039
:10B37000F5B50100A1B00100D0740200A0F10800F1
:10B38000FFF7BABF10B50446FFF7B6FF20460AF034
:10B39000F8FF204610BD00BFA0F10800FFF7F2BF84
:10B3A000F0B5254B254A02600025044683B0C0E96C
:10B3B00002350830FCF70CFA214B236003F1200220
:10B3C000A2606561C4E90655658428200AF0E2FFA1
:10B3D0000646103001F0B8FF1A4B336018200AF00F
:10B3E000D9FF194ACDE9002507466A46034603CA34
:10B3F00047F80C4B154ADD604FF0C20C7D60586079
:10B400009960204631465A61C6E90235C6E90855B9
:10B41000A6F804C0FFF7AAFE30B90D4B1A6802B9AE
:10B420001C60204603B0F0BD3046FDF71FF93046E2
:10B430000AF0A7FFF1E700BFD0740200787F020096
:10B440008C7F02000F000200F5B50100A1B00100E1
:10B450006C0A002038B50446FCF778F8A5692DB1D0
:10B460002B69A36133B1638C013B6384FCF760F803
:10B47000284638BDE361F6E72DE9F04144690CB395
:10B48000A388656A00271A0480463E4606D42646ED
:10B4900095B12C46A388656A1A04F8D55B07F6D4E3
:10B4A0006EB17562656A2046FDF7E0F82046013707
:10B4B0000AF067FF002DECD13846BDE8F081C8F8EE
:10B4C0001450F0E727463846BDE8F0812DE9F041F9
:10B4D0004469002C44D016460D46DFF88C800127C5
:10B4E0000CE0A38803F0C003A3F1C003B3FA83F315
:10B4F0005B09B34215D00027646A4CB323882988BE
:10B50000994201D0002BF7D163886A889A4201D012
:10B51000002BF1D1FCF7F6FC0028E2D10123B34265
:10B52000E9D1B4F804E01EF4004FE4D195E80F002F
:10B5300004F1100C1EF0400F8CE80F0002D1FCF754
:10B54000E1FC40B92046FFF785FE646A002CD5D1A6
:10B550003846BDE8F08121464046FCF713FFCBE7B3
:10B5600001273846BDE8F08155B20100F0B501224F
:10B5700087B00446C6690D46FFF7A8FF10B9638C73
:10B58000092B01D907B0F0BD95E80F0002AD85E8A1
:10B590000F0018200AF0FEFE06AB074613E9030071
:10B5A00095E80C008DE80300384601F0F3FEFBF748
:10B5B000CDFF66B133693B6137613B695BB1638C39
:10B5C0000133638407B0BDE8F040FBF7B1BFA36966
:10B5D0003B61A761F2E7E761F1E700BF82B008B520
:10B5E00002A9C1E90023FFF7C1FFBDE80840002020
:10B5F00002B0704782B038B5054604A981E80C0056
:10B60000FFF73AFF2846FFF725FF90B1044604E014
:10B610002846FFF71FFF044658B10022214628465E
:10B62000FFF754FF20460AF0ACFEFCF713FD00289C
:10B63000EED1BDE8384002B0704700BF024B188819
:10B64000421C1A80704700BF1C020020C08800F016
:10B650000300A0F10300B0FA80F04009704700BF7A
:10B6600082B070B50C4684B005464968206802ACCB
:10B6700003C4039908AC481084E80C00CB0745BF0D
:10B680002A58029B029CD4580AAB2E1893E8030058
:10B690008DE8030008AB0CCB3046A04704B0BDE8F2
:10B6A000704002B0704700BF10B5034B0360044602
:10B6B000FDF734F8204610BDCC7F020010B5054BD5
:10B6C00003600446FDF72AF820460AF05AFE204699
:10B6D00010BD00BFCC7F020082B070B588B00CA94D
:10B6E00081E80C004289BDF83050BDF832309542F7
:10B6F00004460BD0022B27D0052B00F08680012BAF
:10B7000078D008B0BDE8704002B070478189022B44
:10B710000E461AD0052B5AD0012BF2D1C3888D4288
:10B7200043F00103C38068D0A9426AD003F002034A
:10B73000002BE6D001231A46A18804A801F0E4FDFD
:10B74000238901332381DCE71646B24217D0A18951
:10B75000B14265D0954267D0A3899D42194600F059
:10B760009C80A17B012900F0C1809D4200F0AE8049
:10B770009542C6D1E38823F01003E380C1E7E38854
:10B7800003F00103002BE5D001230222A1886846C3
:10B7900001F0BAFD63899D4200F09080A289A188E2
:10B7A000AA4250D00123032204A801F0ADFD628912
:10B7B000B24203D1E38843F01003E380A389B3428C
:10B7C00000F08F80954266D09D429AD168E0C38890
:10B7D0008D4243F00403C3801AD0A9421CD003F069
:10B7E0000803002B8DD0A1880123052204A801F0B5
:10B7F0008BFD86E78689B54203D1E38843F00203D7
:10B80000E380E38803F0010392E78689B54203D120
:10B81000E38843F00803E380E38803F00403E0E7F0
:10B82000E38803F00203ADE7E088C6061FD5A389CD
:10B8300020F0010189B29D42E18028D02A4621F002
:10B840000401E18091E7E28802F008000028A9D015
:10B85000B34238D0A389B342A4D102F00802002A2F
:10B86000A0D00123042204A801F04EFD9FE7A37B92
:10B87000012B3ED100F00403002B37D0012304221A
:10B88000294604A801F040FD6289A3899AE720F0C7
:10B89000030189B2D2E7E088CAE7E38898062BD58E
:10B8A000E38823F0020189B29542E1802AD023F097
:10B8B0000A039BB223F02003E38022E7E288A188F9
:10B8C00002F00400C2E702F00402C8E7E18821F0B8
:10B8D00008039BB29542E38004BF21F018039BB29A
:10B8E000E8E7E18841F02001E1806BE701230322D2
:10B8F000C6E7A1890B4665E7A07B0128FAD103F0D2
:10B900000803B9E72B469AE7817370472DE9F04F9A
:10B9100083B0DDE90C9ABDF83870002B40D0B9F146
:10B92000000F3AD00F2901D1C02F39D180462820ED
:10B930001D460E4693460AF02DFD0446103001F0D8
:10B9400003FD18202680A4F802B00AF023FDCDE9FB
:10B95000009A06466B46024603CB46F80C5B002372
:10B96000D8F80050D360E3607360506091606D68F8
:10B9700011491248A26047F002078D42A780C4E92E
:10B98000083350610FD12046FCF770FE20460AF0C4
:10B99000F8FC0B4803B0BDE8F08F1AF0010FC1D1DD
:10B9A0006FF47A70F6E740462146A8470028EAD1AE
:10B9B00003B0BDE8F08F00BF5177010061B6010010
:10B9C00016FCFFFF2DE9F0471C4F044688B088465F
:10B9D00016461D46FCF7BEFE3A681949A5800025AB
:10B9E000A4F80A80A6812160A57312B3DFF854A0E1
:10B9F000CDE904A504AB93E803004FF0C0098DE83E
:10BA00000300234641461046CDF808902A46FFF72A
:10BA10007DFFCDE906A508AB13E903003F68CDF82B
:10BA200008908DE803002A46234638463146FFF742
:10BA30006DFF204608B0BDE8F08700BF6C0A00200B
:10BA4000CC7F0200D9B6010010B50368DFED2C7A77
:10BA5000DB692DED028B90ED098A044628EE278ADA
:10BA6000984707EE900AB8EEE76AD4ED096A94EDBC
:10BA7000077AC8EE067A77EEE67AC7EE877A17EE8F
:10BA8000900A08F0B1FB94ED0A6AD4ED066A94EDD1
:10BA9000087AE38876EE266A07EE900AF7EE005AF7
:10BAA000C7EE877ADA0785EEA67A37EE277AC5EEF3
:10BAB000877A77EEC67AFCEEE77A14D56189228A16
:10BAC00017EE903ABDEC028B9BB2C1F57F7003304C
:10BAD00001FB03F300FB02339B1223822046BDE8E7
:10BAE0001040FDF7F7BDBDEC028B43F00103E3808E
:10BAF00017EE903A20462382BDE81040FDF7EABDDC
:10BB000000C07F4410B5034B03600446FEF7F6F80F
:10BB1000204610BDF07F020010B5054B03600446BF
:10BB2000FEF7ECF820460AF02CFC204610BD00BFC2
:10BB3000F07F02002DE9F84304469946DDF82080A5
:10BB4000099F0A9E0B9DFEF7FDF8064AC4F818905F
:10BB5000C4F81C8027626662A56222602046BDE8A8
:10BB6000F88300BFF07F020010B5044B0360002390
:10BB70000446C380FBF79AFE204610BDD074020035
:10BB800010B5064B036000230446C380FBF78EFE0E
:10BB900020460AF0F6FB204610BD00BFD07402001C
:10BBA00082B000B585B0816A0DF1180C00208CE8D8
:10BBB0000C0081F80C02012365220721684601F080
:10BBC000A3FB05B05DF804EB02B0704782B070B51E
:10BBD0000C4684B005464968206802AC03C403994A
:10BBE00008AC481084E80C00CB0745BF2A58029BDC
:10BBF000029CD4580AAB2E1893E803008DE803008A
:10BC000008AB0CCB3046A04704B0BDE8704002B092
:10BC1000704700BF2DE9F0410B4D0560002504463B
:10BC20004560884617461E46FBF7D2FDC4E90287E9
:10BC3000064820602661A56284F82D5084F82C50B7
:10BC40002046BDE8F08100BFD074020050800200A1
:10BC5000F0B5044683B00F46002964D0826AD2F85A
:10BC60000832994228BF1F46DB1BC2F8083290F801
:10BC70002D30781E73B3A36A03F108010FB303F1EB
:10BC80001005D3F8FC21561CC3F8FC611378A26A96
:10BC900003F00F0684361B1152F8262045F8082CB5
:10BCA000A26A8433013852F8233045F8043C421C20
:10BCB00005F10805A36AE4D101EBC70703F1080108
:10BCC0007F1AA0681B4B056800943A466C68A04731
:10BCD00003B0F0BDA56A05F10801002FF1D000EB1B
:10BCE000400005F10E0C844405F10B0300E0A56A49
:10BCF000D5F8FC21561CC5F8FC6112788432033358
:10BD000055F8222003F8062C150A120C03F8055CDE
:10BD100003F8042C9C45EAD1A36A03300F1803F101
:10BD200008017F1ACDE740F28D30F7F7D9FFA16AFD
:10BD30000831C6E765BF01002DE9F041826AD2F8FB
:10BD400008328B4238BF23F0030182B00646002937
:10BD500000F08B805B1AC2F80832836A90F82D508D
:10BD6000D3F8FC41890803F5047003F10802002DA3
:10BD70004CD0002900F08380283304EB810554F86F
:10BD800004CB0CF00F07CCF3031E50F8277043F8D8
:10BD9000207C50F82E7043F81C7CCCF30327CCF3A6
:10BDA000033E50F8277043F8187C50F82E7043F883
:10BDB000147CCCF30347CCF3035E50F8277043F8B0
:10BDC000107C50F82E7043F80C7CCCF303674FEADC
:10BDD0001C7C50F8277043F8087C50F82C7043F80E
:10BDE000047CAC4203F12003C9D1B36A02EB4112D7
:10BDF000C3F8FC51B068B16A0368009608315C680A
:10BE0000204B521AA04702B0BDE8F081B9B31433F9
:10BE100004EB810554F804CBCCF3072E5FFA8CF7C2
:10BE200050F82E8050F82770CCF3074E47EA086789
:10BE300043F80C7C50F82E704FEA074E4FEA1C6C0A
:10BE40004EEA182E43F808EC50F82CC03F0C47EA95
:10BE50000C27AC4243F8047C03F10C03DAD101EB6C
:10BE6000410102EB8102B36AC2E740F28D30F7F77D
:10BE700037FFB36AD3F8FC5103F10802B8E725464F
:10BE8000B6E700BF65BF0100836A13B193F80C32B7
:10BE900003B9704765210720FCF7FCB92DE9F04193
:10BEA00000F114078F420446154602D03846F5F7D4
:10BEB000CBFF2069194E03681B68B34221D1E068AB
:10BEC00018B103681B68B34221D1A06803683946E2
:10BED0001B6801229847206903681B68B34213D18D
:10BEE0006A1E002A05DDA068036804F115011B68BD
:10BEF0009847E06818B103681B68B3420AD1BDE8EF
:10BF0000F08100219847DAE701219847E8E700210E
:10BF10009847DAE70121BDE8F0411847A9A70100D9
:10BF20000346002908BF2C2170B503F8141F0446EE
:10BF300019460122FFF7B2FF2069094D03681B680B
:10BF4000AB4206D1E06818B103681B68AB4203D16D
:10BF500070BD01219847F5E70021BDE87040184702
:10BF6000A9A70100F0B5846AD4F8047285B006462A
:10BF700087B3002104F108054FF4FA72C4F80412E3
:10BF80002846F7F7F3F83B1F07F13C00E21D53F892
:10BF9000041FC1F3854102F8011F1968C1F385210F
:10BFA00082F8201019688342C1F3850182F860107D
:10BFB000EDD12D213046FFF7B3FFB0680368294665
:10BFC0001B6880229847F06820B10368364A1B68D6
:10BFD000934257D1D4F8001200294AD096F82D2068
:10BFE000D4F8083292B9D4F8FC11002B36D1F0689D
:10BFF00020B103682C4A1B68934251D1012364226B
:10C000000721684601F080F905B0F0BDB3B9236897
:10C010004A1CB1EB430FC4F80022E8D26368D4F89D
:10C02000FC1101335B08D20758BFC91AC4F80832A3
:10C0300058BFC4F8FC11002BD9D00FE0D4F8FC1184
:10C0400001F0030171B9032B24D996F82D30304645
:10C05000DBB9A421FFF770FE05B0F0BD01F00301CC
:10C060000029F0D0C1F104013046FFF7F1FD05B021
:10C07000F0BD3046FFF754FFD4F800120131C4F888
:10C080000012ABE701219847A4E73E21FFF754FED9
:10C0900005B0F0BD19463046FFF7DAFD05B0F0BD3A
:10C0A00001219847AAE700BFA9A701002DE9F047A1
:10C0B000D0F8289082B004460E4615461F46B9F1C6
:10C0C000000F32D099F80C32002B40F0A08094F889
:10C0D0002C30002B40F09B800A9BC9F80432A36AE5
:10C0E000012283F80C22A36AC3F8FC61A36A1D60D5
:10C0F000A36A5F60A36A1744D740C3F8087294F834
:10C100002D3053B1A36A00252046C3F80052FFF733
:10C1100029FF284602B0BDE8F087A26AD2F80832AB
:10C1200005FB03F5C2F80852ECE74FF4C2600AF0D1
:10C1300031F94FF4C262A06249468046F7F716F81B
:10C1400094F82D30002B4CD008F503734946CA00F3
:10C1500042EAE10241EA411042EA002292B2013190
:10C1600042EA0242102943F8042FF0D12C4B282038
:10C17000D3F800900AF00EF98046103001F0E4F890
:10C18000284BC8F8003018200AF004F9264900228C
:10C19000CDE900128646EC460346BCE803004EF8A3
:10C1A0000C4BDA60CEF8042058609960D9F8001082
:10C1B000C8F80C20D1F804A01C49C8F80830122097
:10C1C000C8E908228A451A4AA8F804005A6120D111
:10C1D0004046FCF74BFA40460AF0D3F8D4F82890D2
:10C1E00070E708F5037003F00F02191102EB022E3D
:10C1F00001EB011C02EB0E1201EB0C21013342EAB0
:10C200000122B3F5807F40F8042FECD1AEE7094856
:10C2100080E748464146D0470028DFD0D8E700BF36
:10C220006C0A002007006400A1BB010051770100E7
:10C23000CDBB010012FCFFFF90F82C208A422BD0CE
:10C2400030B5044683B00D46B9B1836A102101228E
:10C250008DF8071080F82C2033B193F80C321BB105
:10C2600065210720FCF716F8204601220DF1070191
:10C27000FFF714FE002003B030BD02A9112301F81E
:10C28000013D0122FFF70AFE7820FBF7DDFF0020C9
:10C2900084F82C5003B030BD002070472DE9F843DE
:10C2A00007460B4600F1150800F114090FE03A7536
:10C2B0005C7824F080052A46F5F7C6FD6A1C4946DD
:10C2C0003846FFF7EBFD220606EB050307D41A7884
:10C2D0009E1C31464046002AE9D1BDE8F8835C1C2B
:10C2E000705DFBF7B1FF2346F1E700BF38B50446A8
:10C2F000C06890B103680F4D1B68AB4216D120692E
:10C3000003681B68AB420ED10A20FBF79DFF204655
:10C310000949FFF7C3FF002038BD2069054D0368B8
:10C320001B68AB42F0D001219847EDE70121984707
:10C33000E5E700BFA9A701001080020070B584B036
:10C34000013B089C8DF802100B44013C14441D1263
:10C350008DF804300B1211128DF8035026128DF84F
:10C3600001308DF80A202A238DF80C408DF8091031
:10C37000044602A92B2505228DF808308DF80B60A4
:10C380008DF80050FFF78AFD204605226946FFF729
:10C3900085FD04B070BD00BF30B583B0130C150A25
:10C3A00014468DF805303622B123FF298DF806504A
:10C3B0008DF807408DF801108DF800208DF80430BD
:10C3C000054603D002226946FFF768FD6FF07F4300
:10C3D0009C4209D09DF80730FF2B28460CBF032252
:10C3E000042201A9FFF75AFD03B030BD10B5406823
:10C3F00082B0002304680093E468A04702B010BD37
:10C4000030B5406885B00468089D0193002302950B
:10C4100000932469A04705B030BD00BF014AC0E9C0
:10C4200000217047708002004068704710B50446D4
:10C43000C4E901310748E2602060136806491B68BF
:10C440008B4201D1204610BD10460121984720465D
:10C4500010BD00BF80800200A9A70100F0B504460E
:10C460001614C068667415122174E274A57401680C
:10C47000184E0D68B54285B01F4620D1A0680168EE
:10C48000531C4FF00003CD6800930CBF012204221F
:10C4900004F11001A847054648B9A0680A9B026844
:10C4A000009329463B46D7682A46B8470546E068C8
:10C4B00003681B68B34207D1284605B0F0BD03925C
:10C4C0000021A847039AD9E701219847284605B0DB
:10C4D000F0BD00BFA9A70100F0B5054640681E46A3
:10C4E0000002CB18834283B00C4617460ED8844214
:10C4F00003D940F28D30F7F7F3FB00963B46224616
:10C5000028460321FFF7AAFF03B0F0BD40F28D30AB
:10C51000F7F7E6FB68680002E9E700BFF0B50446FC
:10C5200083B00D4600F11407012603E0207D10F0D2
:10C53000010012D000963B464FF0FF320521204605
:10C54000FFF78CFF002808DB002DEFD02846FBF713
:10C550007BFE207D10F00100ECD103B0F0BD00BFE8
:10C560002DE9F043B3F5807F83B01E4604460F46A5
:10C57000154659D806EB070808F1FF331B0AB3EB41
:10C58000172F03D040F28D30F7F7AAFB6368B8EBA2
:10C59000032F4ED84FF0000843464FF0FF320621DC
:10C5A000CDF800802046FFF759FF3B123A140221D4
:10C5B000E068E77421746274A3740368264F1B68F3
:10C5C000BB423BD104F1110904F11408A0680368CF
:10C5D0009B689847002812DBC84502D019F8011B58
:10C5E000F4E7AEB1013D2E4401E0AE4210D0A068A8
:10C5F00015F8011F0268926890470028F5DAE06894
:10C6000003681B68BB421DD1144803B0BDE8F0832A
:10C61000E06803681B68BB421AD12046002103B0C2
:10C62000BDE8F043FFF77ABF40F28D30F7F758FBD3
:10C63000A0E740F28D30F7F753FBABE74146984750
:10C64000217CBFE701219847044803B0BDE8F0838F
:10C6500001219847E1E700BFA9A701000AFCFFFFFD
:10C66000F0B583B000240E461746234605464FF02A
:10C67000FF3206210094FFF7F1FE009423463A466C
:10C6800031462846FFF7EAFEA04206DB28460A218B
:10C6900003B0BDE8F040FFF741BF03B0F0BD00BFFD
:10C6A00038B54368B1EB032F05460C460DD2C4F3F1
:10C6B0000B031BB140F28D30F7F712FB22462846E0
:10C6C0002021BDE83840FFF7CBBF40F28D30F7F7AF
:10C6D00007FBECE738B54368B1EB032F05460C4682
:10C6E0000CD2A3B21BB140F28D30F7F7F9FA224613
:10C6F0002846D821BDE83840FFF7B2BF40F28D3060
:10C70000F7F7EEFAEDE700BF4FF0FF32C721FFF772
:10C71000A7BF00BF4FF48040704700BF004870477C
:10C720009880020082B08DE80C000368828B5B6AFF
:10C73000816902B0184700BF82B08DE80C00036821
:10C74000828B9B6A816902B0184700BF82B070B5C6
:10C750000C4684B005464968206802AC03C40399BE
:10C7600008AC481084E80C00CB0745BF2A58029B50
:10C77000029CD4580AAB2E1893E803008DE80300FE
:10C7800008AB0CCB3046A04704B0BDE8704002B007
:10C79000704700BF70B55378FE2B82B005460E4639
:10C7A0001CD0FF2B02D0194802B070BD1848FBF70F
:10C7B00093F9A86802F072F80024E86802F0CEF855
:10C7C00022460DF10701304602F030FA85F820408C
:10C7D000E86802F099F9204602B070BD0D48FBF7F9
:10C7E0007BF92B680C4A5B6993420AD1002302A9AA
:10C7F000304601F8013D012202F018FA002002B093
:10C8000070BD284698470138C3B2F0E716FCFFFF19
:10C81000AC800200B88002006954010038B50025E0
:10C820000D4B03600446C0E90255057105613E20C9
:10C8300009F0B0FD294660613E22F6F797FC0346F9
:10C8400070210A2283F82C1083F83320A577E5772E
:10C8500084F82050204638BD28810200F8B59306A0
:10C86000174605460E461ED1AC7F1CBB002F07DCC9
:10C8700018E06A699368A742A3EB0000906011DD9D
:10C880003A1B3119E86802F04DF900280444F0DA47
:10C8900000230122AA7785F82030E868BDE8F84037
:10C8A00002F032B9F8BD40F22110FCF765FEAC7F12
:10C8B000002CDBD03A4630460021BDE8F840F6F7C0
:10C8C00055BC00BFF8B59306154604460F461DD16A
:10C8D000A67F06B1F8BD626993685B1B9360A2688E
:10C8E00092F8453043F0010382F8453039462A4634
:10C8F000A06802F09BF90028ECDA012384F820609C
:10C90000A377E068BDE8F84002F0FEB840F23D10C1
:10C91000FCF732FEDCE700BF2DE9F84305468068EE
:10C920001C4690F8453003F0FE0380F84530631C48
:10C9300000AF8846164622D094421FDDE31D23F047
:10C940000703E946ADEB030D224600216846F6F7E2
:10C950000DFC324641466846F5F776FA22466946AE
:10C96000A86802F063F9002814DBCD466A69936871
:10C9700001209E1B9660BD46BDE8F88326464146D1
:10C980003246A86802F052F90028EFDA0020BD46CE
:10C99000BDE8F8830020CD46BD46BDE8F88300BF62
:10C9A00010B54369044681B393F82E206FF3030258
:10C9B00083F82E204269002382F8383041691A46F4
:10C9C00081F83930636983F82B206369532255203D
:10C9D0004221D87783F8202083F8222083F8211081
:10C9E00063695A68C3F8232063699A68C3F82720EB
:10C9F000616920461F314FF0FF330D22FFF78CFF96
:10CA000080F00100C0B2404210BD93F82E100348E0
:10CA100001F00F01FBF760F80122D3E7C4800200A8
:10CA200070B542698AB0937CD47C0546202201A867
:10CA3000002144EA0324F6F799FB802223468DF86F
:10CA4000052001A9284602261F25054C8DF8076000
:10CA500024228DF808500994FFF75EFF0AB070BDDC
:10CA6000312E303010B503680B4A1B6A934282B0F6
:10CA700004460DD1094800904FF0FF3320460822AC
:10CA80004FF4003469460194FFF746FF02B010BD31
:10CA90009847013800BAEEE715C7010000003FFFD4
:10CAA00010B541690B7C13F0040302460FD191F8D5
:10CAB0002E00052464F3030081F82E005169242020
:10CAC00081F83800526982F83930184610BD036881
:10CAD0000F4C9B69A34206D100230B724B728B72E1
:10CAE000CB72012010BD0446984770B9636993F872
:10CAF0002E20042161F3030283F82E20636983F85A
:10CB00003800636983F8390010BD6169E4E700BF4C
:10CB10006D54010038B5857F0023044680F820302D
:10CB2000837785F00105C06801F0EEFF29462046B5
:10CB3000BDE83840FFF734BF70B50368134ADB69BE
:10CB4000934282B004460D461AD10026204655B9BC
:10CB50004FF0FF330422694600958DF80260FFF71D
:10CB6000DBFE02B070BD0022CDE9002269464FF025
:10CB7000FF3308228DF80360FFF7CEFE02B070BDD0
:10CB800098470028E1D08026E0E700BF71540100FB
:10CB900030B50368164A1B6A934285B004461FD11C
:10CBA000002319461A4640258DF8082000220392DA
:10CBB00001928DF809108DF80A508DF80B3020463F
:10CBC00001A9022408254FF0FF330C228DF80750ED
:10CBD0008DF80C408DF80E40FFF79EFE05B030BD7D
:10CBE0009847020EC0F30741C0F30725C3B2DBE745
:10CBF00015C7010043695868704700BF2DE9F04F21
:10CC000083B0DDE90C9ABDF83870002B40D0B9F143
:10CC1000000F3AD00F2901D1C02F39D180462820EA
:10CC20001D460E46934609F0B5FB0446103000F051
:10CC30008BFB18202680A4F802B009F0ABFBCDE9ED
:10CC4000009A06466B46024603CB46F80C5B00236F
:10CC5000D8F80050D360E3607360506091606D68F5
:10CC600011491248A26047F002078D42A780C4E92B
:10CC7000083350610FD12046FBF7F8FC204609F03D
:10CC800080FB0B4803B0BDE8F08F1AF0010FC1D153
:10CC90006FF47A70F6E740462146A8470028EAD1AB
:10CCA00003B0BDE8F08F00BF517701004DC7010010
:10CCB00016FCFFFF2DE9F04102688CB004460E46D9
:10CCC00019B9D36942498B4265D16369126AD87C2C
:10CCD0001D7D404945EA0025A561987DDB7D8A429E
:10CCE00043EA0023A3836ED14FF48040854215D2DE
:10CCF000E57F0023A3773DB3E06801F0F7FE002E47
:10CD00004FF001030CBF02221A4684F8203017218D
:10CD100008A800F0F9FA0CB0BDE8F081636993F857
:10CD20002E20052161F3030283F82E20636921225E
:10CD300083F8382063690021204683F83910FFF713
:10CD40002FFE0CB0BDE8F081234BDFF89480CDE9D5
:10CD5000043504AB93E80300D8F800300122102713
:10CD60008DE80300E2771846029723461721FFF764
:10CD700045FF1A4BD8F80020CDE9063506AB93E8FD
:10CD8000030002978DE80300234610461721022274
:10CD9000FFF734FFB0E79847C0B1636993F82E20DE
:10CDA000072161F3030283F82E206369272283F8A9
:10CDB00038206369314683F839602046FFF7F0FD7B
:10CDC0000CB0BDE8F081204690478FE722687CE7F1
:10CDD0007154010015C7010025C7010039C70100C2
:10CDE0006C0A002010B54169CB7B04465A2B64D8ED
:10CDF000DFE803F03763633E636363636363636326
:10CE00006363636363634563636363636363493756
:10CE1000634E376363636352635663635A635F634E
:10CE200063636337636363636363636363636363FE
:10CE300063636363636363636363636363636363C2
:10CE400063636363636363636363636363632E004A
:10CE50000121FFF771FE01462046BDE81040FFF7B3
:10CE60009FBD00230B724B728B72CB720121F3E7D3
:10CE7000CB7C12222C31FFF74FFD0146ECE7FFF788
:10CE8000CFFD0146E8E70021FFF756FE0146E3E744
:10CE9000FFF706FE0146DFE7FFF77AFE0146DBE714
:10CEA000FFF7E0FD0146D7E70121FFF703FF002070
:10CEB00010BD0021FFF7FEFEF9E791F82E300522A4
:10CEC00062F3030381F82E304369202283F838206F
:10CED0004369002183F83910BEE700BF38B590F8E8
:10CEE00020300BB1002038BD04464169C0681F22C4
:10CEF00001F018FE0028F5D01F280BD00146174876
:10CF0000FAF7EAFDE06801F045FDA06801F0E4FCF5
:10CF1000002038BD6369124A1968914204D0997B98
:10CF20001048FAF7D9FDEDE722680F4952695D7B99
:10CF30008A420ED101208542997BF1DA1B7BDB0608
:10CF4000EED14B1E0F2BEBD82046BDE83840FFF743
:10CF500049BF204690476369EDE700BFE4800200C7
:10CF600055534243FC8002006954010010B5054B43
:10CF7000054A8360002304460260C380FAF796FCEA
:10CF8000204610BD80810200D074020010B5074B0E
:10CF9000074A8360002304460260C380FAF786FCD8
:10CFA000204609F0EEF9204610BD00BF8081020046
:10CFB000D0740200F0B5C1682DED068B0B6887B008
:10CFC00004461B6801A89847019D6E88761064D0BE
:10CFD000A169B14261DC9FED47AADFED479A9FED61
:10CFE000479ADFED478A0435B3EE048A05EB41002A
:10CFF000A8427CD92A46002332F9027B90423B4466
:10D00000FAD893FBF1F12B4609B233F8022B521AEE
:10D01000984223F8022CF8D82A46002132F9023B24
:10D02000002BB8BF5B42994200DA19B29042F5D8A2
:10D0300007EE901AF8EEE77A87EEA97AD4ED097A2E
:10D0400067EE277AC7EE897A17EE900A07F040F963
:10D0500007EE900A67EE887AA269B0EEE77AB4EE3E
:10D06000687AF1EE10FA84BFA36AE361E38898BF9F
:10D07000C4ED077AB61A9A0708D494ED077AD4ED6E
:10D08000047AB4EEE77AF1EE10FA0EDC03F0040352
:10D09000BBB116B1A169B142A8DD01A800F0C6F983
:10D0A000002007B0BDEC068BF0BD01230222A18851
:10D0B00002A800F029F9E38823F0040343F00203F7
:10D0C000E38094ED077AD4ED057AB4EEE77AF1EED9
:10D0D00010FADED501231A46A18802A800F014F93F
:10D0E000E38823F0020343F00403E380D1E7B0EECA
:10D0F0004A7AA3E70000000000FEFF46ACC5A73750
:10D10000FFFF7F7FA0F10800FFF754BF2DE9F84330
:10D110000446154D0560002646600D4617461E461E
:10D12000DDF82080BDF82890FAF752FBE1880F481F
:10D13000666141F0010329682761802200F1080738
:10D1400000262C30A060E38028464B68E560A4F8F8
:10D150000490C4F824802760E661A26104F108010C
:10D1600098472046BDE8F883D0740200548102003D
:10D17000C069704790ED057A07EE901AB4EE677AB1
:10D18000F1EE10FA14D090ED047AC3884161F4EE08
:10D19000C77A23F00402F1EE10FAC28008DDF7EE40
:10D1A000006A77EEA67AB4EE677AF1EE10FA01D152
:10D1B0000020704723F00603C380C0ED047A0020EE
:10D1C000704700BF90ED047A07EE901AB4EE677ACC
:10D1D000F1EE10FA0FD090ED057AC28808B5F4EEA2
:10D1E000C77A034622F00202F1EE10FA1961C280FA
:10D1F00003D4002008BD00207047B7EE007A77EE18
:10D20000C77A17EE901AFFF7B5FF002008BD00BFE0
:10D2100010B40170427043605DF8044B704700BF6A
:10D2200010B483B06C4684E80C004B78A48802608C
:10D2300084809DF810202BB10488838864425B426F
:10D24000048083804B68022B2CD0032B23D0012B2E
:10D2500010D0012A15D0022A08D1B0F90020838805
:10D260004188018052425B424280838003B05DF876
:10D27000044B70470388418801805B42012A438048
:10D28000E9D10288438852425B420280438003B066
:10D290005DF8044B70474388B0F9001041805B4251
:10D2A0000380D6E70188438849425B42018043807E
:10D2B000CFE700BF10B584B002AC84E80C000B7857
:10D2C000009394E80C00FFF7ABFF04B010BD00BF63
:10D2D00030B50B4B1C6883B024B12268094B15682C
:10D2E0009D4201D103B030BD00F10802034692E82F
:10D2F00003008DE8030020460CCBA84703B030BDE7
:10D300006C0A002079B0010038B5018042800446E3
:10D310001D46FCF7FDFBC4E9020115B12046FFF7ED
:10D32000D7FF204638BD00BFD0B5DDE904679DF8C2
:10D33000183001800446C0E9026742800BB1FFF754
:10D34000C7FF2046D0BD00BF10B5002303600446D0
:10D35000FCF7DEFBC4E90201204610BD30B50B4BE3
:10D360001C6883B024B12268094B15689D4201D125
:10D3700003B030BD00F10802034692E803008DE8D7
:10D38000030020460CCBA84703B030BD6C0A002038
:10D3900079B0010082B038B5002504A905600446C3
:10D3A00081E80C00FCF7B4FB04AB0FCB256184E8EB
:10D3B0000F002046BDE8384002B0704770B5054602
:10D3C000101D14460E46EFF785FA286000F07CF831
:10D3D0002B685C8028682246043031461EB1BDE8C7
:10D3E0007040F4F731BDBDE87040F5F7BFBE00BF37
:10D3F000014B0360704700BF848102000A1E10B514
:10D40000044604DD0021FFF7D9FF204610BD024B82
:10D410000360204610BD00BF8481020010B50446A1
:10D420000868206000F01AF8204610BD10B50446C8
:10D43000006800F027F8204610BD00BF38B504464C
:10D440000B680068984206D00D4600F01BF828686B
:10D45000206000F003F8204638BD00BF03884FF677
:10D46000FF7293420CD0012B10B5044601D0DA07AD
:10D4700003D41E20F6F734FC23880233238010BD2A
:10D48000704700BF03884FF6FF72934219D0012BFB
:10D4900010B5044607D0DA0705D5023B9BB2012B35
:10D4A000238009D010BD1E20F6F71AFC2388023B0A
:10D4B0009BB2012B2380F5D12046BDE8104000F03F
:10D4C00001B87047EFF756B803230380704700BFD9
:10D4D000D0E9002303F10053013B10B402EBC30475
:10D4E000A24210D852F8333099420CD8A21A22F036
:10D4F00007022346A21A03E053F8080D814202D81E
:10D5000093421C46F8D160685DF8044B704700BF39
:10D51000D0E9002303F10050013802EBC0039A4226
:10D5200052F8300016D8814215D89A1A22F0070214
:10D5300010B49A1A03E053F8080D814206D89342BA
:10D540001C46F8D118685DF8044B704720685DF8F8
:10D55000044B70477047704782B070B582B0044684
:10D5600008A906A880E80C0003C9266865698DE84B
:10D57000030006AB0CCB3046211DA84702B0BDE826
:10D58000704002B0704700BF08B502680B689A424D
:10D5900001D0002008BD04311022043008F01EFF25
:10D5A000B0FA80F0400908BD034B083053F8200062
:10D5B000C0F30020704700BF001C004000F00F00C7
:10D5C0002031044A40F0400042F821005368002B0B
:10D5D000FCD17047001C0040FF2A10B40CD90F2367
:10D5E00001E0013B21D042FA03F4E407F9D5013B05
:10D5F0001AB24FF4805400E0002401F00F0343F40A
:10D60000106323430A4900F1080443EA024341F846
:10D61000243001230A4603FA00F05368C3F38B0356
:10D620000342FAD15DF8044B70474FF48054E4E7AD
:10D63000001C004070B4224A224ED069224B23497C
:10D64000234C244D40F00400D061D0696FF34100B9
:10D65000D061107C6FF302001074012272711E48B9
:10D660001E4A1C625D621C63452558633B249A6315
:10D6700000200222C3F884504C630B46886381F873
:10D68000302002E01A6C900702D41A6CD407F9D546
:10D690000E4A0D4B4525312400200221C3F8885045
:10D6A00094641346D06482F8441002E05A6D9207E5
:10D6B00002D45A6DD107F9D570BC03F05FBA00BF30
:10D6C0000014004000080040001C00400010004012
:10D6D00007090100060901000609180008090100F0
:10D6E000024A936843F00103936070470060004171
:10D6F000002815D0006041608260C360046145610C
:10D700008661C761444604624C4644625446846262
:10D710005C46C462644604636E4646637446846332
:10D72000002906D0C46B043C043925680D60B4425E
:10D73000F9D1946BA646566BB546002B06D0D46B38
:10D74000043C043B1D682560B442F9D1146BA44627
:10D75000D46AA346946AA246546AA146146AA046B3
:10D76000D769966955691469D368516810689268D9
:10D770007047006041608260C360046145618661FA
:10D78000C761444604624C464462544684625C4627
:10D79000C462644604636E46466374468463C46B25
:10D7A000043C043925680D60B442F9D1C769866923
:10D7B000456904697047006041608260C36004612C
:10D7C00045618661C761444604624C4644625446E2
:10D7D00084625C46C462644604636C464463744677
:10D7E000846304697047846BA646446BA546046B4A
:10D7F000A446C46AA346846AA246446AA146046A4F
:10D80000A046C769866945690469C368826800687B
:10D81000416870470D4B03F1080103F130023C33BE
:10D8200010B50446C0E9022301602C30FFF7FEFD6D
:10D8300004F12800FFF7FAFD054B23600023204682
:10D84000E380FAF733F8204610BD00BF888102005C
:10D85000D07402000E4B03F1080103F130023C3397
:10D8600010B50446C0E9022301602C30FFF7DEFD4D
:10D8700004F12800FFF7DAFD064B23600023E38064
:10D880002046FAF713F8204608F07BFD204610BD2D
:10D8900088810200D07402008069704738B5044660
:10D8A000094BC06993FBF1F50021B3FBF5F3A361CC
:10D8B00003F0F6F9E369ADB29D83E069012103F05D
:10D8C000EFF9002038BD00BF00127A002DE9F046C4
:10D8D0005C4D056083B000254560044689461646C8
:10D8E0001F46BDF828A0F9F773FF574B236003F1DB
:10D8F000340203F12801C4E90212666204F128002F
:10D90000FFF776FD04F12C00FFF772FDD9F8003027
:10D91000A4F804A01B6825742946C4E905574846A5
:10D9200098472A464846012102F012F999F810302A
:10D93000022B02D05A20F6F7D3F9444944480A6A28
:10D94000444B42F400720A624422C0F828211A783B
:10D9500042F001021A701A78D007FCD40B9A4FF0EB
:10D960008041550005F006050A224FF40070086258
:10D970009A815D701978374A41F0020119709368F5
:10D980009907FCD4334AD379DB07FCD53249334AB3
:10D99000E161002352F8040B8842DDB203F1010378
:10D9A00006D0062BF6D15A201D46F6F799F9E06904
:10D9B000002103F075F904222946012003F000F943
:10D9C0000021E06903F06CF9E06903F0A7F9E3696D
:10D9D0001A686FF383021A60E36901221A73E2691D
:10D9E000136843F040031360E3691A686FF30A2277
:10D9F0001A60E269137943F0010339461371204636
:10DA0000FFF74CFF04F0D4F82062A8B104F108013C
:10DA100004F012F9124B206A0093012200233521F1
:10DA200004F046F9336830465B6804F10C0198470E
:10DA3000204603B0BDE8F0865A20F6F751F9206A77
:10DA4000E4E700BFD07402009081020000080040AB
:10DA5000001C00400024004300C00141C8860200B1
:10DA600010240043436923B370B5416A057C0A68FA
:10DA7000013B436182B00446136800F12C0655B1A6
:10DA800001A8984701A93046FFF7D8FC01A8FFF785
:10DA9000CDFC02B070BD0122027401A8984701A913
:10DAA0003046FFF7CBFC01A8FFF7C0FC257402B09D
:10DAB00070BD704730B5C36A5B8883B00446C3B19C
:10DAC00004F12C05294604F12800FFF7B7FC01A852
:10DAD000FFF78EFC01A92846FFF7B0FC01A8FFF76D
:10DAE000A5FCA16A4B883BB900206361237403B095
:10DAF00030BDFFF7B7FFE3E704310022206A04F0EE
:10DB00009FF8012320462374FFF7ACFF002003B0E9
:10DB100030BD00BF4269017C013208B5426109B9DC
:10DB2000FFF7C8FF002008BDA0F10C00FFF7F2BF0F
:10DB300042690AB902747047FFF7BCBFA0F1080040
:10DB4000FFF7F6BF82B070B50C4684B00546496851
:10DB5000206802AC03C4039908AC481084E80C00A8
:10DB6000CB0745BF2A58029B029CD4580AAB2E18FB
:10DB700093E803008DE8030008AB0CCB3046A047C8
:10DB800004B0BDE8704002B0704700BF10B5183156
:10DB90000446FFF743FC204610BD00BFA1F10C0175
:10DBA000FFF7F4BF0D4B03F1080103F134024033DA
:10DBB00010B50446C0E90223016000F5107004F0BE
:10DBC00069FC04F11800FFF731FC054B23600023CA
:10DBD0002046E380F9F76AFE204610BD508202001D
:10DBE000D074020010B5012984B013D0D0F82832C7
:10DBF0000446A3B1237C5BB14FF48073D4F82C228C
:10DC0000D4F83C02002104F01BF80F4B5A6B5A6306
:10DC100004B010BD0D4C2046F9F75EFFFBE7D0F8CD
:10DC20002C32C0F8283201231A4681886846FFF753
:10DC30006BFBD4F82C2204F128039A4208BF04F5A8
:10DC40009473C4F82C32D5E70028004348820200C0
:10DC5000A0F10800FFF7C6BF0F4B03F1080103F165
:10DC60003402403310B50446C0E90223016000F5D8
:10DC7000107004F00FFC04F11800FFF7D7FB074BFE
:10DC800023600023E3802046F9F710FE204608F0C9
:10DC900078FB204610BD00BF50820200D074020005
:10DCA0002DE9F04F6F4C046085B0002444600546B8
:10DCB000884617469B46BDF83860F9F789FD6A4AE1
:10DCC0002A6002F12C0305F1180A3832C5E9023244
:10DCD000504605F51079FFF78BFB05F10C0148461E
:10DCE00004F0BAFB03F064FFC5F83C02002800F022
:10DCF000AF804FEA0B12002405F128034FF40071A6
:10DD0000C5F83022C5F82C32E961AE80C5F820B0E4
:10DD10002C74C5F8284202A8FFF770FB02A95046F0
:10DD2000FFF78CFB02A8FFF781FBAB6904332146A8
:10DD300048466B6204F0C4FBD8F8003040465B688C
:10DD400098473B6821461B6838469847224640461C
:10DD5000062101F0FDFE22463846062101F0F8FEBC
:10DD600002F01CFF2B210120FFF728FCD5F83C0214
:10DD70003E4B009402224D2103F09AFF05F1080169
:10DD8000D5F83C0203F058FFD5F830723848874286
:10DD900062D8012302E01F2A134655D05A1C90FB7B
:10DDA000F2F1B942F7D25A1ED20442F005023049CC
:10DDB00091FBF3F12F4BC5F83012002409092962B9
:10DDC0001C705A6048F282025A622B483E221A7036
:10DDD000D0F80080B8F1000F01D00F2E03D12846F3
:10DDE00005B0BDE8F08F282008F0D4FA07461030BF
:10DDF000FFF7AAFA01233E807B80182008F0CAFAB8
:10DE00001E4903940291064602AB024603CB46F834
:10DE10000C5BD460746050609160D8F80030184991
:10DE2000FC601220B8805161BA60C7E908445B68A1
:10DE30004046394698470028D1D03846FAF716FCB4
:10DE4000384608F09EFACAE7B94208D90D4AB1E748
:10DE50005A20F5F745FF4CE70B4A2346A7E70B4A44
:10DE60001E23A4E7D0740200588202003428004325
:10DE7000006CDC02002800436C0A0020CDDE0100AB
:10DE800045DB01000500F0000500F8FF0500E80093
:10DE9000017C01B1704708B501220323027443617C
:10DEA000D0F82C22D0F83C024FF4807303F0C8FE67
:10DEB000014B5A6B5A6308BD0028004300F51070EF
:10DEC00004F0ECB9A0F10C00FFF7F8BF82B02DE927
:10DED000F04182B008A981E80C00D0F82832002B6C
:10DEE00000F0EF801D4603F580739D4204464FF01D
:10DEF0000007824E00F5107800F0E080804BC4F8F7
:10DF00003472C4F8386205F1100E2846002250F829
:10DF1000045BE90704D533F8201C0A44C4F8342212
:10DF20006910A3F11E0C11F0010FC4F838C204D01F
:10DF300033F81ECC6244C4F83422A3F11C0C11F057
:10DF4000020FC4F838C204D033F81CCC6244C4F8C1
:10DF50003422A3F11A0C11F0040FC4F838C204D013
:10DF600033F81ACC6244C4F83422A3F1180C11F02F
:10DF7000080FC4F838C204D033F818CC6244C4F88F
:10DF80003422A3F1160C11F0100FC4F838C204D0DB
:10DF900033F816CC6244C4F83422A3F1140C11F007
:10DFA000200FC4F838C204D033F814CC6244C4F84B
:10DFB0003422A3F1120C11F0400FC4F838C204D07F
:10DFC00033F812CC6244C4F83422A3F1100C11F0DF
:10DFD000800FC4F838C204D033F810CC6244C4F8BF
:10DFE0003422A3F10E0C11F4807FC4F838C204D09F
:10DFF00033F80ECC6244C4F83422A3F10C0C11F4B3
:10E00000007FC4F838C204D033F80CCC6244C4F8A2
:10E010003422A3F10A0C11F4806FC4F838C204D082
:10E0200033F80ACC6244C4F83422A3F1080C11F48A
:10E03000006FC4F838C204D033F808CC6244C4F886
:10E040003422A3F1060C11F4805FC4F838C204D066
:10E0500033F806CC6244C4F83422A3F1040C8904DA
:10E06000C4F838C204D533F8041C0A44C4F8342276
:10E07000991EC4F83812290404D533F8021C0A4446
:10E08000C4F834227045C4F8383203F120037FF419
:10E090003EAF616AA3698D1CA2F5004265620A80E9
:10E0A000E169626A043319448A4205460ED0D4F805
:10E0B000283203F580739D427FF420AF0023C4F81B
:10E0C000283202B0BDE8F04102B0704762691AB16F
:10E0D000013A62616362EAE7404604F04FF9E169A0
:10E0E00001A8FFF78BF901A904F11800FFF7A6F9C1
:10E0F00001A8FFF79BF9A3690433EBE7C88102008D
:10E10000E8810200007A7047037C03F1604303F565
:10E1100061434901C9B283F800130020704700BF72
:10E1200000207047437A8B4238D3037A012B10B416
:10E1300028D013D3032B21D143698C1D03EB840317
:10E140005A60436918690028FCD10431012202FA9F
:10E1500001F1C9B259725DF8044B704743690B4431
:10E16000D2B21A77436918690028FCD10A1D01212F
:10E170009140C9B259725DF8044B704700205DF8B8
:10E18000044B7047436901F10C0403EB440392B262
:10E190009A80436918690028FCD1E7E76FF47A7028
:10E1A000704700BF437A8B423BD3037A012B10B4F4
:10E1B0002BD014D3032B24D1436903EB8103DC69F7
:10E1C0002244DA61436918690028FCD10431012234
:10E1D00002FA01F1C9B259725DF8044B7047446903
:10E1E0000C44237F1A44D2B222774369186900286D
:10E1F000FCD10A1D01219140C9B259725DF8044B4E
:10E20000704700205DF8044B7047436903EB4103FE
:10E210009C8B224492B29A83436918690028FCD1EE
:10E22000E7E76FF47A707047427A8A421FD338B5B5
:10E230000368044600229B6B0D469847227A012A08
:10E240000DD003D3032A01D0002038BD2B1D01259A
:10E25000626905FA03F3DBB21372002038BD2B1D8F
:10E2600002FA03F36269DBB21372002038BD6FF467
:10E270007A70704710B403290DD8DFE801F020163A
:10E28000110243691A68022464F383021A60426926
:10E290001369002BFCD101725DF8044B002070471C
:10E2A0006FF47A705DF8044B704743691A686FF336
:10E2B00083021A6042691369002BFCD1EBE74369C2
:10E2C0001A68012464F383021A6042691369002BFF
:10E2D000FCD1E0E710B5044B036000230446C38083
:10E2E000F9F7E4FA204610BDD074020010B5064BD1
:10E2F000036000230446C380F9F7D8FA204608F0EB
:10E3000040F8204610BD00BFD074020038B5037C31
:10E3100009495A096032012503F01F0305FA03F386
:10E3200041F82230036804465B6A984760692946D1
:10E3300002F0B6FC002038BD00E100E010B5036833
:10E340000446DB6A98476069002102F0A9FC0020BE
:10E3500010BD00BF10B40346284C1A7C510901209F
:10E36000203102F01F0200FA02F244F82120BFF32C
:10E370004F8FBFF36F8F1A7A82422ED01DD3032A9C
:10E380000ED15A698021517159690A695007FCD42C
:10E3900080224A7159690A695207FCD4486900E031
:10E3A00000201B7C154903F01F0401225B09A240D9
:10E3B00041F823205DF8044B70475A698021517160
:10E3C00059690A695407FCD480224A7159690A695B
:10E3D0005007FCD4087DC0B2E3E75A69802151712F
:10E3E00059690A695207FCD480224A7159690A693D
:10E3F0005407FCD4888A80B2D3E700BF00E100E074
:10E4000070B4104E002201234FF4FA54B4FBF3F31E
:10E410008B42D5B20DD8037A012B02D001D3032B46
:10E4200004D143691A6865F30A221A60002070BC9F
:10E4300070470132082A02D036F81230E6E7154656
:10E44000E9E700BF98820200B1F5FA5F01D8FFF753
:10E45000D7BF6FF47A70704770B5264D55F82030ED
:10E460005BB3DA684AB31A682349126D8A423BD11A
:10E47000187A012827D001D303281FD15A69907A2E
:10E48000C0F3001048B1507A10F0100005D0917A16
:10E4900041F0100191725A690120917A8C0608D5D9
:10E4A000517A890605D5917A41F0200140F00200A9
:10E4B0009172DB68BDE87040184770BD0020DB68D2
:10E4C000BDE8704018475A69917AC1F3001149B10B
:10E4D000517A11F0100105D0917A41F0100191723A
:10E4E0005A69DAE70846D8E704461846904755F8CF
:10E4F0002430BEE7700A002005E10100037C0549D5
:10E5000003F01F0001225B09824041F82320002014
:10E51000704700BF00E100E0037C08485A09203240
:10E52000012103F01F0301FA03F340F82230BFF387
:10E530004F8FBFF36F8F0020704700BF00E100E0F6
:10E5400010B4037C1B4C5A090121203203F01F0335
:10E5500001FA03F344F82230BFF34F8FBFF36F8FFC
:10E56000037A8B421ED015D3032B06D143690022B8
:10E570005A6142691369002BFCD1037C0D4903F0F9
:10E580001F0001225B09824041F8232000205DF832
:10E59000044B7047436900221A7542691369002BC6
:10E5A000FCD1EAE7436900229A8242691369002B91
:10E5B000FCD1E2E700E100E0062210B5114604209C
:10E5C000FFF70AF800240120E1B20422044402F01B
:10E5D000F7FA062CF7D110BDF8B5324B03600024D2
:10E5E000054644600E461746F9F7F2F802202E4918
:10E5F0002E4B2F746E616872296053F8042BB2425F
:10E6000005D00134062CF8D15A20F5F769FB284FC4
:10E6100057F8243013B15A20F5F762FB042225483D
:10E620002146F9F759FA224B002203F1180053F85A
:10E63000041B002918BF01229842F8D147F8245042
:10E6400052B32846FFF768FF0021686902F028FBF3
:10E65000304602F063FB6B691A686FF383021A603D
:10E660006A691369002BFCD101232B72337943F0C3
:10E67000010333713369002BFCD14FF47A712846C2
:10E68000FFF7BEFE2B7C03F1604303F5614340229C
:10E6900083F800232846F8BD074802F047FBFFF740
:10E6A0008BFFCEE7D0740200CC820200C886020045
:10E6B000700A0020A882020059E40100F8B5544C09
:10E6C00023780546002B40F09880002D00F09B80B9
:10E6D0006801257007F057FE22784E4C5201002148
:10E6E0002060F4F743FD4C4B4C4A93F858004C49DA
:10E6F00040F0010083F8580093F83C0000F0F0006F
:10E7000083F83C0093F83C0040F0070083F83C009D
:10E7100093F8590040F0010083F8590093F83C0049
:10E7200000F00F0083F83C0093F83C00412540F0D6
:10E73000700083F83C00C2F8A8500B6943F4806372
:10E740000B618B6943F001038B6153685B07FCD459
:10E750004FF082431A46197841F0010119709378FD
:10E7600013F00103FBD12F4A2F4811684FF082426A
:10E7700001F01F05168D1F2D08BF052565F38A16AC
:10E780001685C1F34415168D1F2D08BF1D2565F391
:10E7900004061685C1F38221158D072908BF0321C0
:10E7A00061F30E351585117863F3C7111170117877
:10E7B00041F00401117021685162118963F38301F2
:10E7C0001181138923F001031B041B0C138140F2F8
:10E7D000FF374FF4002308264FF480354FF4003400
:10E7E0004FF4802197821683856084608160836006
:10E7F000137843F002031370F8BD2F20FAF7BCFE24
:10E80000002D7FF465AF3020FAF7B6FE60E700BF59
:10E81000A50B0020880A002000800041001C004059
:10E82000000800408400800000E100E060F07F000C
:10E830004FF08243C0B29872704700BF704700BF6C
:10E8400010B50446144894F84410F9F745F994F8C3
:10E8500044305B0103F1824393F80621910616D5FB
:10E86000202283F8042194F844305B0103F18243B1
:10E8700093F8072152060AD5402283F8072194F81D
:10E8800044305B0103F18243022283F8042100201B
:10E89000A4F8460010BD00BF2C83020010B504464A
:10E8A0000C4894F84410F9F717F994F844305B01D8
:10E8B00003F18243802283F8042194F844305B0101
:10E8C00003F182430022022183F80711A4F84620B5
:10E8D000104610BD4083020010B50446084894F865
:10E8E0004410F9F7F9F894F844305B0103F18243DE
:10E8F0000022202183F80511A4F84620104610BDFF
:10E900004C83020010B50446134894F84410F9F7FC
:10E91000E3F894F844305B0103F1824393F8062155
:10E92000D10616D5102283F8042194F844305B01F7
:10E9300003F1824393F8072192060AD5202283F837
:10E94000072194F844305B0103F18243012283F8EC
:10E950000421002010BD00BF5883020010B50446FA
:10E960000B4894F84410F9F7B7F894F844305B0179
:10E9700003F18243402283F8052194F844305B017F
:10E9800003F18243012283F80721002010BD00BF5C
:10E990006C83020010B50446074894F84410F9F758
:10E9A0009BF894F844305B0103F18243102283F812
:10E9B0000521002010BD00BF7C830200402B70B5F4
:10E9C00006460C46154603D04FF49170FAF7D4FD75
:10E9D000032D27D814BF0023012386F8444086F86E
:10E9E0004530610101F18241013591F80031124851
:10E9F0002D0103F0070305F070051D4381F8005158
:10EA000096F84420036803EB421303205A698025DB
:10EA100060F31E727F245A6181F8045181F8084125
:10EA2000304670BD40F22310FAF7A6FD002386F8A9
:10EA3000444086F84530D4E7880A0020402B70B562
:10EA400004460E46154603D04FF49E70FAF794FD27
:10EA5000032D44D8730103F1824384F8446093F892
:10EA600000212149013502F0700205F00705154328
:10EA700083F8005194F84420096801EB4212032501
:10EA8000506865F31E70506094F844205201402590
:10EA90008C507F2283F8055183F8082194F8442094
:10EAA0005301002A03F182430CBF1022012283F894
:10EAB000092194F8442052018B188C505A686FF346
:10EAC0000D025A605A686FF39B325A6094F84430D2
:10EAD0005B0103F18243204683F8045170BD40F28C
:10EAE0003D10FAF749FDB5E7880A002090F8442068
:10EAF0005301002A03F182430CBF1022012283F844
:10EB000008210020704700BF90F844205301002ADC
:10EB100003F182430CBF1022012283F80921002057
:10EB2000704700BF2DE9F04190F844506B0103F1AC
:10EB30008243002D93F807610CBF102701273E4048
:10EB40002FD0194BD3F8008008EB451504466E68AA
:10EB5000C6F30D069642A8BF164608463246214621
:10EB6000F3F772F994F84420520102F18242FBB2A9
:10EB700082F8073194F84420520108EB020348F868
:10EB800002405A686FF30D025A605A686FF39B3265
:10EB90005A6094F844305B0103F18243402283F8C9
:10EBA00004213046BDE8F081880A002030B54FF0DE
:10EBB0008244184AA38B15681A0783B01DD494F8B1
:10EBC0000731DB0604D42846FAF702FC03B030BD57
:10EBD00069460822A869FFF7A5FF082802D0B620D9
:10EBE000FAF7CAFC4FF0824310226946284683F8A0
:10EBF0000721FAF7D5FA03B030BD0748F8F76CFFE4
:10EC000008228023A2832846A372FAF7F5FB03B0FB
:10EC100030BD00BF600A002020830200FFF7C6BF9E
:10EC2000FFF7C4BFFFF7C2BFFFF7C0BF2DE9F8432E
:10EC30000546344895F84430046895F84560B5F8C1
:10EC4000460004EB43144FF001086369C3F30273F9
:10EC50000333F643174608FA03F806F0010638B105
:10EC600090424FF00003DCBF07460026A5F846306F
:10EC7000474541DDB1F1005F894638D3C4F81090B3
:10EC8000626995F8443067F30D02626162695B0165
:10EC900003F182436FF39B3262610221802283F889
:10ECA000071183F8052193F807219207FBD5DEB100
:10ECB000D7B108F1FF333B4016D1616995F8442084
:10ECC00063F30D0161616169520102F1824263F3F4
:10ECD0009B3102208023616182F8070182F80531AF
:10ECE00092F807319B07FBD50020BDE8F8834FF46D
:10ECF000D970FAF741FCC1E73A462846F3F7A4F881
:10ED0000A946BBE7880A002038B500F11004204668
:10ED10000D4602F0CFF9094AA2FB05329209002103
:10ED2000204602F0C9F90546204602F0C1F9002D3F
:10ED3000B4BF6FF47A70002038BD00BFD34D6210AD
:10ED4000F0B585B004AC066804F8012D9DF82C7070
:10ED5000009722461F467669012305460C46B047B8
:10ED600038B92B68009021463A46DC690A9B284650
:10ED7000A04705B0F0BD00BF2DE9F04100F110063D
:10ED80000746304602F096F9304602F089F93B6BAF
:10ED90008A4C1A7C530904EBC31302F01F0213447C
:10EDA000012593F8402002F0FE0283F840207B6B9F
:10EDB0001A7C530904EBC31302F01F0213440A2008
:10EDC00093F8402002F0FE0283F840203B6B1B7C4E
:10EDD00003F01F0205FA02F25B1104EBC3131FFAE2
:10EDE00082FC110C4CF0804C41F040419A60C3F819
:10EDF00028C099627B6B1B7C03F01F0205FA02F2AC
:10EE00005B1104EBC3131FFA82FC110C4CF0804C15
:10EE100041F040419A60C3F828C099623B6B1B7C6B
:10EE20005A1104EBC21203F01F0305FA03F35361F6
:10EE30007B6B1B7C5A1104EBC21203F01F0305FA13
:10EE400003F35361F8F7A4FB3B6B1B7C5A1104EBF3
:10EE5000C21203F01F0305FA03F393617B6B1B7C63
:10EE60005A1104EBC21203F01F0305FA03F3936176
:10EE70004FF008087B6B1B7C5A1104EBC21203F0A5
:10EE80001F0305FA03F393610320F8F781FB7B6B03
:10EE90001B7C5A1104EBC21203F01F0305FA03F3A3
:10EEA00053610320F8F774FBB8F10108E2D17B6BE2
:10EEB000197C4B0904EBC31401F01F03E0185A102E
:10EEC00090F8403003F0FE03144443F0010380F84F
:10EED000403094F83030C8074BBF03F00F0303F005
:10EEE000F00343F0100343F0010384F830303B6B30
:10EEF000187C4309DB0103F1824300F01F0203F594
:10EF000000439C18511094F8402002F0FE020B447C
:10EF100042F0010284F8402093F83020C1074BBF33
:10EF200002F00F0202F0F00242F0100242F0010281
:10EF300083F830207B6B21491A7C531101EBC313FA
:10EF400002F01F021344002293F8400000F0FB007F
:10EF500083F840003B6B187C431101EBC31100F0B8
:10EF60001F030B4493F8401001F0FB0183F840109D
:10EF70007968786B00F0ECFD0022B968386B00F01E
:10EF8000E7FD202200213046F4F7F0F8F96830461A
:10EF900002F078F864220021304602F08DF8304605
:10EFA00002F086F8FB685A8B012161F305125A833F
:10EFB000FA68D3695B07FCD4BDE8F08100800041AA
:10EFC0002DE9F04385B000F110089DF83040002C89
:10EFD0004FEA51070CBF4FF400450025814601A9B7
:10EFE000404614461E46CDE90232ADF80470ADF835
:10EFF000065002F045F970B101A94046ADF8047021
:10F000000296ADF80650039402F03AF918B10530B3
:10F01000012803D9054805B0BDE8F0834846FFF74D
:10F02000ABFE024805B0BDE8F08300BF0EFCFFFF59
:10F030002DE9F04385B0194C9DF83050002D18BFD4
:10F04000012400F110094FEA51080746A4B24846CE
:10F0500001A915461E46CDE90232ADF80480ADF88F
:10F06000064002F00DF970B101A94846ADF80480E0
:10F070000296ADF80640039502F002F918B105308A
:10F08000012803D9064805B0BDE8F0833846FFF7EC
:10F0900073FE034805B0BDE8F08300BF0180FFFFA9
:10F0A0000EFCFFFF2DE9F04F8846174685B0054658
:10F0B00003F0EEF8C5E90C87B34B2B6098F810000D
:10F0C00001F0FAFD8146387C01F0F6FD99F8086000
:10F0D00006F03F033F2B824624D016F0C00F21D10B
:10F0E0000223019306F03F0600939AF8083003F0DC
:10F0F0003F023F2A06D0B24204D103F0C003402BA6
:10F1000000F03E819AF8093003F03F023F2A1CD0FC
:10F11000B2421AD103F0C003402B16D10323CDE92C
:10F1200002331AE099F8096006F03F033F2B03D041
:10F1300016F0C00F00F016814FF0FF331C465A2026
:10F1400001932646F4F7CCFD00944FF0FF331C46A4
:10F150005A200393F4F7C4FD029499F800208B4CD5
:10F16000DFF834C28A48012302F01F0103FA01F1DB
:10F17000521104EBC2121FFA81FB4FEA114E4BF001
:10F18000804B4EF0404E9160C2F828B0C2F828E0A3
:10F190009AF8002002F01F0103FA01F1521104EB6A
:10F1A000C2121FFA81FB4FEA114E4EF0404E4BF057
:10F1B000804B9160C2F828B0C2F828E099F800208E
:10F1C000511104EBC11102F01F0203FA02F28A612D
:10F1D0009AF80020511104EBC11102F01F0203FA4A
:10F1E00002F28A6199F800104A0904EBC21E01F08C
:10F1F0001F02724492F8401001F0FE0182F84010A4
:10F200009AF800104A0904EBC21E01F01F02724472
:10F2100092F8401001F0FE0182F8401099F80020A9
:10F2200002F01F01521104EBC21203FA01F11FFA9E
:10F2300081FE51604EEA0C0E40EA1141C2F828E00E
:10F2400091629AF8002002F01F0103FA01F15211B5
:10F250001FFA81FE04EBC2124EEA0C0C40EA114088
:10F260005160C2F828C0906299F80020511104EB57
:10F27000C11102F01F0201EB020C03FA02F24A6014
:10F280009CF8400040F004008CF840004A619AF875
:10F290000000421104EBC21200F01F00111883405D
:10F2A000536091F8400040F0040081F84000536141
:10F2B0000A20F8F76DF999F80020531104EBC313F5
:10F2C00002F01F021344032093F8402002F0FB02D7
:10F2D00083F840209AF800305A1104EBC21403F06E
:10F2E0001F031C4405F1100994F8403003F0FB03A0
:10F2F00084F84030F8F74CF9039B6B60019BAB60DE
:10F3000000994046002200F023FC00220299384672
:10F3100000F01EFC1F4B53F82600E860F1B201F02C
:10F3200043FD202200214846F3F720FFE9684846C4
:10F3300001F0A8FE48466422002101F0BDFED8B9C4
:10F34000484601F0B5FE98B9EB685A8B012161F38C
:10F3500005125A83EA68D3695B07FCD4284605B0D6
:10F36000BDE8F08F0323019306F03F060093BCE64F
:10F370005A20F4F7B5FCE7E75A20F4F7B1FCDFE7D1
:10F380000223CDE90233E8E69483020000800041C5
:10F39000000002C030000020000002406FF47D70C9
:10F3A000704700BF6FF47D70704700BF6FF47D70D1
:10F3B000704700BFC1600020704700BF10B50368F0
:10F3C00004461B6C9847236820465B68BDE81040E4
:10F3D000184700BFF0B40479A40728D5002922DB20
:10F3E000002A20DD002B1EDDB4294FF47A74A8BF5B
:10F3F000B42104FB01F10F4F05680F4E2D6E8908F3
:10F40000A7FB017102EBD277A3EB670304FB03F3C5
:10F41000890802FB013286FB0231D2172B46C2EB70
:10F42000A111F0BC18476FF47A70F0BC7047034824
:10F43000FBE700BF176CC116D34D621016FCFFFF2F
:10F44000C08800F00500003018BF0120704700BFE1
:10F45000037C0A495A11D20103F01F038958012283
:10F4600002FA03F30B4206D1C08800F00A00003014
:10F4700018BF012070470020704700BF0080004186
:10F48000C08810F0030018BF01207047C08800F04A
:10F490000C00003018BF0120704700BF03684FF414
:10F4A0007A725B6E02FB01F1184700BFC3881B072D
:10F4B00046BF836918680148704700BF16FCFFFF0C
:10F4C00008B50368084A9B6B934206D1FFF7EEFF2D
:10F4D000064BA3FB0030800908BD9847034BA3FBF4
:10F4E0000030800908BD00BFADF40100D34D6210AB
:10F4F000036A21EA0301816081617047036A194050
:10F5000081604161704700BFD0B5044684B08AB2C3
:10F51000002321896846FDF7F7FEA369D3E90001BE
:10F5200050EA0102DDE9026708D0321A67EB0103F5
:10F530006846CDE90223FDF711FFA369C3E900671F
:10F5400004B0D0BD2DE970438AB0067C054605A8FD
:10F5500001F0E0FC74111E49E301CA18C958136A8E
:10F5600014695C4005A80C405C4006F01F0601F0E1
:10F57000D9FC0123B340EA881C4014BF01260026B1
:10F58000500608D52B68002C0CBF042105215B6DAB
:10F5900028469847EA88910611D5002C4FF00103C0
:10F5A0004FF000084FF000092989029314BF02228E
:10F5B0000322CDE9008906A8FDF7B6FEEA88130606
:10F5C00002D5EB68304698470AB0BDE8708300BFAB
:10F5D00000800041A0F11400FFF7B4BFC38813F00E
:10F5E000E00F70B504460D4635D1DE0746D5E0691B
:10F5F000002869D04378D8074CD5A369002B5ED08A
:10F60000236A002B4DD0207C4309DB0103F18243A8
:10F6100000F01F0203F500439E18511096F8402099
:10F6200002F0FE020B4442F0010286F8402093F8FB
:10F630003020C1074CBF02F00F0202F0F00283F845
:10F64000302004F11401206A02F0D2FB0321206A69
:10F6500002F0D8FBE38823F0E003022D9BB214D024
:10F66000032D06D0012D08BF43F08003E380002066
:10F6700070BD43F04003E380002070BD03685B6809
:10F680009847E0690028B5D11EE043F02003E380ED
:10F69000002070BD5A20F4F723FBA369002BAFD1E3
:10F6A0000DE002F0D5FBE3695978490802F0E2FB6E
:10F6B00020620028A7D15A20F4F712FBA3E7082004
:10F6C00006F068FEA0619BE7207C01F0F5FAE0619E
:10F6D00000288FD15A20F4F703FBE0698AE700BFC6
:10F6E00000B583B004291BD8DFE801F0110A0A0A2B
:10F6F000030003689B6A9847002003B05DF804FB91
:10F7000003689B6D9847002003B05DF804FB036815
:10F710000191DB6D98470199084603B05DF804FB41
:10F720006FF47A70E9E700BFF0B4094E018100255B
:10F7300006F108077C3607604661C580C5604571E3
:10F740008561C0E9075502740371F0BC704700BFC2
:10F75000B883020038B50446006A02F043FBA06992
:10F760000025256210B106F00CFEA56138BD00BF72
:10F7700010B50446F7F7EAFEE3881A0709D5A06931
:10F7800028B106F0FEFDA06901F0DAF9E388002255
:10F79000A26113F0E00F0ED1DB0606D5A06910B10F
:10F7A00003685B6998470023A3610023E380BDE8F9
:10F7B0001040F7F7BDBE2046FFF7CCFFE388EBE72C
:10F7C00038B5C3889B0704460D4610D5237C03F04B
:10F7D0001F015B11DB0103F1824303F500430122AA
:10F7E0008A40002DCCBF9A615A61002038BDFFF7D6
:10F7F000BFFF217C114B4A0903EBC21201F01F012C
:10F800000A44012192F8400000F0FE0082F8400016
:10F81000227C501102F01F0201FA02F203EBC01326
:10F82000110C90B240F0804041F040419A609862E3
:10F830009962E38843F00203E380C7E70080004158
:10F8400038B5C38803F0E10304468BB1227C531121
:10F85000DB0103F1824303F5004302F01F02196A42
:10F86000012303FA02F20A4214BF1846002038BDF1
:10F87000FFF77EFF227C5311DB0103F1824303F586
:10F88000004302F01F029D18012000FA02F195F8D2
:10F89000402059606179D3B211B3217C4A11D20161
:10F8A00002F1824202F5004201F01F0123F007033A
:10F8B0000A4443F0060382F840306379012B20D0DC
:10F8C000227C5311DB0103F1824303F5004302F074
:10F8D0001F0290409861E38843F00103E380B5E79D
:10F8E000217C4A11D20102F1824202F5004201F06C
:10F8F0001F0123F007030A4443F0020382F840305B
:10F90000E9E7217C4A11D20102F1824202F500426C
:10F9100001F01F018B405361DDE700BF03799B07B6
:10F9200074D5F0B50446C06983B0002867D0C578A7
:10F93000FF2D37D0364EE38800225807ADF8062059
:10F9400035D5344C002323603146204601F084FA3B
:10F950000321204601F058FB0221204601F05AFB0A
:10F960002946204601F022FB2B4629461822204634
:10F9700001F056FB29460DF106020223204601F054
:10F980001BFB29460DF106020223204601F014FB61
:10F990000546204601F004FB002D35DDBDF80600CC
:10F9A00003B0F0BD0579FF2D2ED01B4EC3E72046D6
:10F9B000FFF7DEFE217C4B09DB0103F1824301F0FE
:10F9C0001F0703F50043D81903EB570390F84020B5
:10F9D00002F0FE0242F0010280F8402093F830204D
:10F9E000C9074BBF02F00F0202F0F00242F0100212
:10F9F00042F0010283F830200423E380A1E7207C59
:10FA000001F05AF9E06192E70448C9E703487047FA
:10FA1000001C00438C0A00200020004316FCFFFF5E
:10FA20000379DB0721D570B5C38813F0100582B0C8
:10FA3000044607D0866933689B69304602B0BDE84A
:10FA400070401847FFF794FE182006F0A3FC2289A7
:10FA50000123CDE9005521460646FAF735FAE38839
:10FA6000A66143F01003E380E5E70148704700BF5B
:10FA700016FCFFFF42798A420AD010B50446417154
:10FA8000FFF776FE236820465B689847002010BD8C
:10FA90000020704710B50446F7F758FDE38813F0CF
:10FAA000F00F10D1DB0603D4F7F742FD002010BDA4
:10FAB0002046FFF75DFE236820465B689847F7F70E
:10FAC00037FD002010BD2046FFF744FE227C51097F
:10FAD00002F01F0303EBC11303F1824303F500435C
:10FAE000012193F8402002F0FE0283F84020E180DB
:10FAF000F7F71EFD002010BD70B5037C5A11D2012E
:10FB000002F1824202F50042012403F01F0315684E
:10FB10009C40254216D10E4605462146104676B930
:10FB2000FFF7ECFC136823420ED02846FFF720FEB7
:10FB30002B6831461B6828469847002070BDFFF7A8
:10FB4000D7FCEFE7002070BD004870BD12FCFFFF3E
:10FB500070B505460C46FFF70BFE2B7C294A03F0D7
:10FB60001F00012181405B1102EBC3138EB2080C10
:10FB700040F0404046F0804699609E629862297C41
:10FB80004B1102EBC31301F01F010B4493F840101B
:10FB900001F0FB0183F840102B7C44EA0341580933
:10FBA00002EBC012481C03F01F0422D01519DB071A
:10FBB00095F8400000F0FE0040F001004FEA6404B8
:10FBC000C9B285F84000224409D492F8303001F0DF
:10FBD0000F0103F0F003194382F8301070BD92F862
:10FBE000303003F00F0343EA0111C9B282F830103C
:10FBF00070BD224492F8403003F0FE0382F840309A
:10FC000070BD00BF00800041C388914228BF1146EB
:10FC10001B0770B504460E4633D41546FFF7A8FD02
:10FC2000237C1A4A580902EBC01003F01F03184442
:10FC3000012390F8401001F0FE0180F84010207C74
:10FC4000411100F01F0003FA00F002EBC112030C97
:10FC500081B241F0804143F04043906091621420B2
:10FC6000936206F097FB2B46A0613246217C00F0A0
:10FC700047FF0823E38010B15A20F4F731F8002041
:10FC800070BD806900F05EFFF5E700BF00800041B5
:10FC9000B1F5806F21D2F8B5C38813F0080317D1EE
:10FCA00044F620621546CF1701FB03F302FB07332E
:10FCB0000446A1FB0201194440F2FF32002303F085
:10FCC000B3F92A4601462046BDE8F840FFF79CBF3D
:10FCD00083691D6800232A46E5E76FF47A70704750
:10FCE00003799B0708D5002903DB44F62062FFF760
:10FCF0008BBF6FF47A7070470048704716FCFFFFA7
:10FD0000F8B5C38813F0080305D10A461946BDE8C3
:10FD1000F840FFF779BF8269D2E900230C46054617
:10FD2000E717A3FB010103FB0711002303F07CF994
:10FD3000224601462846BDE8F840FFF765BF00BFF0
:10FD40000123416180F844300020704708B5082A3B
:10FD50004FF0010380F8311080F8302080F84430F3
:10FD600002D05A20F3F7BCFF002008BD00B583691C
:10FD700085B01A7E9107FCD51A7E520703D59A6A80
:10FD80001A7E5207FBD45A8B42F004025A838369CD
:10FD900080221A76C36B33B10022C263006C98478D
:10FDA00005B05DF804FBB0F84820012340F2FE31B5
:10FDB0006846FDF7A9FAF3E7A0F10400FFF7D6BF04
:10FDC0002DE9F043044685B00E4640F2FF30B4F80A
:10FDD00048100C9F90469946F8F79CF8002125683A
:10FDE0000097CDE901114B464246314620462C6929
:10FDF000A0470446F8F71EFA204605B0BDE8F08398
:10FE000010B4019C02B924B101945DF8044BFFF7D2
:10FE1000D7BF20465DF8044B704700BF2DE9F04F77
:10FE20008369002289B0044680F8442000F11C0652
:10FE3000002B5AD06069DFF8F48200F095FFD4E916
:10FE40000529A8FB02329509074600F0A5FFA8FB8B
:10FE500000239B092A46B14800974946F7F73CFE24
:10FE60003046E56901F096F8EB6913F0170FFBD106
:10FE700094F8313003F00102EB6913F0170FFBD156
:10FE80002B6823F0805343EA02732B6094F83130DF
:10FE9000C3F34002EB6913F0170FFBD12B6823F07B
:10FEA000005343EA42732B60EB6913F0170FFBD149
:10FEB0002B6843F080032B606A6894F8303022F09E
:10FEC000070203F0070313436B602B7B2F73EB696F
:10FED00013F0170FFBD1304601F05AF8EB6913F01D
:10FEE000170FFBD109B0BDE8F08F0369002B00F0BC
:10FEF0000E81187C00F02CFAE3688146002B00F09C
:10FF00000481187C00F024FAA3688246002B00F0DC
:10FF1000FA80187C824F00F01BFA002504940390AD
:10FF2000544617F8012B002A40F0BB80294648466A
:10FF300000F034FAB0F1FF3F804600F0B28029466D
:10FF4000204600F02BFAB0F1FF3F834600F0A98075
:10FF50002946039800F022FA431C059000F0A18086
:10FF6000B9F1000F00F0E48009EB0802039B92F85E
:10FF700008A04FEA9A1A002B76D0039B059A9A188C
:10FF8000127A9109002C00F0138104EB0B02127A13
:10FF9000930907935046069100F058FF06990028F0
:10FFA0007FD0504600F048FF03287ADC079B049C72
:10FFB0001F05D94607F440174FEA004A594B584AE3
:10FFC00053F82500A0610123E9B2535500F0ECFE7F
:10FFD0000023E3617360B360F3603361A16930466D
:10FFE00000F0C2FF002840F0DE80A269D36913F060
:10FFF000170FFBD1136823F4403343EA0A0313605D
:020000040002F8
:10000000A269D36913F0170FFBD11368464823F494
:1000100040131F43176000F0A7FE0146304600F072
:10002000BBFF002840F0BA80206938B1B8F1000F5A
:1000300014BF032102210022FFF78AFDA06838B116
:10004000059B002B14BF032102210022FFF780FD36
:10005000E068002851D04B46002B14BF0321022139
:100060000122FFF775FD21E0002C00F0A58004EBD4
:100070000B025046127A9309079300F0E7FE80B115
:100080000022CDF8188090465FFA88F1504600F0C3
:10009000D3FE032808F1010840F39C80B8F1040F57
:1000A000F2D10135062D7FF43CAF049CA369002BEF
:1000B00061D0E36823B301F07BFDA369A063A91CB1
:1000C0004900002201F0FE012833009201F0F0FD0A
:1000D000A768F7B101F06CFDA3696063690003F1E3
:1000E0002802053100230092C9B21A4601F0E0FD52
:1000F000211D606B01F0A0FD9CE6A369002B3AD0A6
:100100000023A363E4E7762004E77620FAE676206E
:10011000F0E65A20F3F7E4FD67638BE638840200CB
:10012000A80B00203000002090D00300D34D6210B7
:10013000039B2BB3039B059A9A1892F808A04FEAE9
:100140009A130693002C41D004EB0B02127A930908
:1001500007934FF0000A5346C24698465FFA88F06C
:10016000069900F069FE032808F1010835DDB8F1B1
:10017000040FF3D195E740F28730F3F7B1FD98E72C
:10018000A246D946049CBAF1000F28D00AEB0B0313
:10019000DDF80CA01F7ABF093F050FE740F286305B
:1001A000F3F79EFD40E740F28530F3F799FD1CE739
:1001B0004FF0FF330793EDE6504600F047FE00286E
:1001C0003FF46FAF4FF0FF33079359E74FF0FF3322
:1001D0000793BEE7DDF81880E8E6D046E6E64FF480
:1001E0004017EBE62DE9F0440F4682B090F844103A
:1001F000089D044616469A4681BB02AB002203F8CE
:10020000012D9F4218D29A4516D2099AA369E2633A
:100210000A99216405221A7696B915BB5A205746C9
:10022000F3F75EFD606B33463946002201F008FDAE
:10023000002002B0BDE8F0845A20F3F751FDE4E756
:10024000002DEFD0AE4202D05A20F3F749FD2B46E5
:1002500052460021A06B01F0F3FCE3E7FFF7DEFD5F
:10026000CBE72E465746F2E770B50022054680F8E8
:10027000461080F8452055F8462B836BD6680E4A09
:1002800082B0044683B196424FF0010200F145036B
:10029000294600920ED1FFF793FD0028ACBF94F8D9
:1002A0004500064802B070BD9642009329464FF0C3
:1002B0000102F0D0B047F0E701FE01000AFCFFFFA9
:1002C00038B5007C00F044F8002405462B7A9909E3
:1002D00003F03F033F2BE0B203D000F0ADFD032855
:1002E0000FD9697A01F03F033F2B05D08909E0B2AD
:1002F00000F0A2FD032804D90134042CE6D100202B
:1003000038BD012038BD00BF70B50F4D044605F162
:1003100008002835C4E902122361C4E90005FBF78F
:100320008DF908260023094D26860121E361236209
:100330006362A362E362A4F84800656184F8441034
:10034000A361204670BD00BF6884020090D0030006
:1003500076281ED010B5104C2378762B0DD09842FD
:1003600015D02346002101E082420BD09A7A762AEA
:1003700001F1010103F10A03F6D15A20F3F7B0FCB1
:10038000002010BD01EB810104EB410010BD2046AF
:1003900010BD0020704700BFAC84020078B1037A22
:1003A00003F03F03994208D0407A00F03F008142B9
:1003B0000CBF01204FF0FF307047002070476FF0F6
:1003C00001007047F8B5836813B3C2681378D90683
:1003D000044603F00F001CD41E491F4D0B5C1F4F39
:1003E000013B0B54137803F00F005B092E5C93FB69
:1003F000F6F506FB15363B5C0125B54023EA0503FF
:100400003B54137803F00F03C95C89B10023A36048
:10041000F8BD134B53F820500021284600F040FC53
:100420002B6843F001032B60284600F041FCEDE708
:100430000C480D4A50F8235042F82310284600F08B
:1004400065FC2B6843F001032B60AB68DB07FCD431
:10045000DCE700BFB00B00209C840200CC0B002026
:10046000C8860200E0860200B80B0020D0E9023204
:10047000002B3AD070B51478E30604F00F0513D5BD
:100480001B4B1C4853F825201B4B02FB01F2A0FB21
:10049000021253F82530C2F3CF321869C0F3C010EE
:1004A0000028FAD15A8670BD144B53F825004FF638
:1004B000FF720023A1FB000102F0B6FD104A114BB0
:1004C000525D53F82510640994FBF2F302FB1344C8
:1004D00001220646A2408B68C3F3052313EA0200FB
:1004E000F9D11C3441F8246070BD6FF0630070478F
:1004F000900A002001800080C8860200A80A00201F
:100500009C840200E08602002DE9F04F4C79816066
:100510008BB004F00F049DF850500395052C057422
:1005200005D98D7905F00F05042D00F2EB80BB4D48
:100530005E1EAE4200F2CF819B46039B0592029065
:100540000E46002B00F0C1800025A8464FF0010E9A
:100550000023DFF8E4920493771905EB0E03787912
:100560005BB2C0F30010D9B210B9042C00F2D380F2
:100570007A79019212F0100A40F0D78059F82420BD
:10058000D2F800C01CF0020F40F0C580002840F0F7
:10059000C280A34A12F804A0A24A125D0692019AF0
:1005A000520992FBFAFC0AFB1C2A4FF0010C069A36
:1005B0000CFA0AFA1AEA020A40F0AD80053502295F
:1005C000354400F26981002D00F0A880BAF1000FD7
:1005D00040F0F480944B089310238DF824300AAB3C
:1005E0002344012113F8083C9940904ADFF84CC29B
:1005F000002332F8029FBCFBF9F9B9FBFBF909F1C2
:10060000FF3989455FFA83FA03F1010302D3082B0E
:10061000EFD19A462146002200F0D2FA7B7913F0FE
:10062000100103F00F0300F00D818149814A41F868
:10063000239052F82340236843F00103236023688A
:10064000D907FCD4002120464FEA0A2A00F028FBF3
:100650001FFA89F903210AF4E0630022236020468F
:100660002173A4F830900121628600F019FB029BEF
:10067000DD6030784309DB0103F1824303F5004379
:1006800000F01F015C1808F1040894F8402002F003
:10069000FE0242F00102490884F84020C2075FFAD6
:1006A00088F80B447CD493F8302008F00F0802F04F
:1006B000F00242EA080883F8308005990298FFF7B3
:1006C000D5FE00200BB0BDE8F08FDFF874E15A4F83
:1006D000DFF850A1D8469C46A34662465EF8221039
:1006E000531C41455FFA83FC34D01A46DBB2052B1C
:1006F000F4D1C346F479022504F00F04A8464FF064
:10070000FF3E25E7CD7905F00F05042D7FF60FAFED
:100710004FF0FF30D6E7022900F2C180F218884678
:1007200054791D4604F00F0416E7052CF3D8414A0E
:1007300052F82420D2F800C01CF0020F04D1019A14
:1007400002F0E002202A36D0022900F2B280012213
:100750000492E3E75846002319466346DC469B466D
:10076000CDB26B1C8242DBB20CD170184079C4064A
:1007700008D4042A06D857F822402468C4F3400459
:100780000194F4B9032B05D033440131587900F0BA
:100790000F00E5E75B46052BE3469C469DD1A8E7A5
:1007A00093F8302002F00F0242EA08185FFA88F846
:1007B00083F8308081E701220492FFE64FF4803114
:1007C00013E7C406DED41AF802400494440914481E
:1007D0000694805C0790069C94FBF0F08146079895
:1007E00000FB1940019C04FA00F9049C14EA090F6B
:1007F0004846C7D15C46E346A446049C0531044301
:10080000032B31440AF8024068D1BCF1050F6CD0CB
:1008100000293FF462AFA8460D4628E77F8D5B00B4
:100820009C840200CC0B002018181010B686020021
:10083000900A0020C8860200E0860200000E27070A
:10084000B80B00202C482D4A50F8234042F8239042
:10085000204600F05BFA23686AF30A232360236CC6
:1008600069F317032364E36B022262F30203E36379
:100870002046012100F04AFA7B792149214803F002
:100880000F03CA5C40F823B00132CA54039A9AB1EC
:100890001D4AFF21D154EAE6002D7FF497AE049B58
:1008A000002B0CBF6FF003006FF002000BB0BDE82F
:1008B000F08F6FF0020005E714497A79CC5C12489A
:1008C000520992FBF4F104FB1121C45C01228A401D
:1008D0002243C254CBE66FF00100F3E600299AD11F
:1008E000F118487900F00F0036E7C346A8460D46D8
:1008F00000297FF4BCAEFDE6E0860200A80A0020D5
:10090000B00B0020B80B0020CC0B00209C84020010
:1009100038B5C5682B78D90603F00F0424D41E49D6
:100920001E4A51F82400155D016B5B09C1F30541B6
:1009300093FBF5F205FB123341FA03F2D2070FD411
:10094000103300EB83035868154A4FF6FF7352F8D3
:100950002420A0FB0301002302F066FB80B238BD17
:100960001C3350F82300EFE70E4B53F82440204689
:1009700000F09EF92B780C495A090C3204EB420422
:1009800003F00F03A08851F82330C0EB0040B0FB08
:10099000F3F080B238BD00BFE08602009C84020004
:1009A000A80A0020C8860200900A00204D4B4A1E6B
:1009B0009A4200F293802DE9F047D0F80C804A4B20
:1009C00098F80020064612F0100F48480CBF4FF070
:1009D00080724FF48032002533F8024FB0FBF4F4FC
:1009E000B4FBF1F4013C94425FFA85F957D3013529
:1009F000082DF1D13046FFF78BFF98F8003013F047
:100A0000100F824603F00F0325D1394A52F82370A4
:100A10003B68A9460021384600F078F93B6869F345
:100A20000A233B600121384600F070F998F8003045
:100A300003F00F032F4A42F82340BB68002BFCD180
:100A4000FB6E64F31703FB6651463046FFF70EFD5D
:100A50000020BDE8F087284A52F823703B68002543
:100A60000021384600F01CF93B6865F30A233B601F
:100A70000121384600F014F998F8003003F00F0314
:100A80001E4A42F823403B69002BFCD1A4B23C86AD
:100A900051463046FFF7EAFC0020BDE8F0873046BB
:100AA000FFF736FF98F8003013F0100F824603F07E
:100AB0000F030AD0104A52F823703A68C2F3022298
:100AC0004A45DDD005F00705CAE7094A52F8237008
:100AD0003A68C2F302224A45ACD09BE76FF00100AE
:100AE000704700BF7F8D5B00B6860200000E2707AF
:100AF000E0860200A80A0020C8860200900A0020B2
:100B000070B50446002582B0C4E90032A560E560F6
:100B10002561C8B2FFF71CFCD4E90052012601464A
:100B200000962046054BB3FBF5F3C2EB0242B2FB45
:100B3000F5F292B2FFF7E8FC02B070BD40420F0040
:100B4000FFF740BC38B50368934205460C4607D012
:100B500009490260B1FBF2F1FFF728FF58B92A6892
:100B60006C602846C4EB0444B4FBF2F1BDE83840A5
:100B700089B2FFF77BBC38BD40420F0070B5064E0E
:100B80000024E5B22846FCF70FFD013400B13570B2
:100B90000C2CF6D170BD00BFA60B0020074A08B58B
:100BA000136A43F4806313622B210520FCF706FDD2
:100BB0002C210520BDE80840FCF700BD00080040DE
:100BC000A8B1334B5B5C07290AD8DFE801F0043792
:100BD0003D43494F555B2F48416941F48041416194
:100BE00020332D4942F0400241F8232070472B4B1F
:100BF0005B5C0429F4D8DFE801F0090F151B030042
:100C00002448016A41F010010162E9E72148816945
:100C100041F400618161E3E71E48816941F480513C
:100C20008161DDE71B48C16941F00801C161D7E777
:100C30001848C16941F01001C161D1E71548416907
:100C400041F400414161CBE71248816941F4005110
:100C50008161C5E70F48816941F480418161BFE747
:100C60000C48C16941F02001C161B9E70948C16977
:100C700041F04001C161B3E70648016A41F020013B
:100C80000162ADE70348016A41F040010162A7E754
:100C90009484020000080040001C0040A48402006C
:100CA000036861F34103036003699B07FCD4704749
:100CB0000369002BFCD170470E4B30B41C68002C2C
:100CC0000DDD0D4D2B78834212D02A46002303E020
:100CD00012F80A1F814205D00133A342F8D1002047
:100CE00030BC704703EB830305EB430030BC704717
:100CF0002846F5E7B4860200AC840200704700BFC6
:100D0000014B1B68184700BF2C000020036861F3EB
:100D10004103036083689B07FCD47047036843F07A
:100D2000010303600368DB07FCD47047014B1860C4
:100D3000704700BF2C0000200020FFF7E1BF00BF7C
:100D40000120FFF7DDBF00BF0220FFF7D9BF00BFC2
:100D50000320FFF7D5BF00BF0420FFF7D1BF00BFBE
:100D60000520FFF7CDBF00BF400007EE900ADFED82
:100D7000096AB8EE677AC6EE877AB6EE007A77EE41
:100D8000C77AFCEEE77A17EE900AFF2828BFFF200B
:100D9000C0B2704720BCBE4C0130024B400093FBF8
:100DA000F0F0704700E1F5051F4A204B525C5B5C98
:100DB0001F482032203330B44625432440F82250C7
:100DC00040F82340052909D8DFE801F00A11181F6F
:100DD0002603184A136A43F00203136230BC7047BB
:100DE000144A536943F48053536130BC7047114A2D
:100DF000536943F40053536130BC70470D4A936903
:100E000043F40073936130BC70470A4A936943F41A
:100E10008063936130BC7047064A136A43F0010354
:100E2000136230BC704700BFF4860200FC860200EB
:100E3000001C004000080040012805D129B1032909
:100E400014BFFF2002207047FF207047A0F101006F
:100E5000B0FA80F04009704738B52A4B99420C46E9
:100E600039D0294B994202462BD010462146002208
:100E700000F094F84FF080131868C0F3C242C0F33A
:100E80008255C0F30240B4F8481021F4E06109042F
:100E9000090C41EA0221A4F84810B4F8482022F0D5
:100EA00070021204120C42EA0512A4F84820B4F8A9
:100EB000483023F007031B041B0C0343A4F84830FD
:100EC00038BD124912480B6A412543F480730B6206
:100ED000C0F82451C9E70D4A0D4D136A43F0800351
:100EE00013624123C5F82031002200F057F84FF07B
:100EF00080131868C0F34212C0F30225C0F38200C9
:100F0000C1E700BF001C0043002000430008004070
:100F1000001C0040EFF31083036072B6BFF35F8FD5
:100F2000704700BFBFF35F8F036883F3108870477B
:100F300000B585B000230191083801A9CDE902323E
:100F400000F078FC05B05DF804FB00BF00B585B08B
:100F500000230291083801A90392019300F06AFC72
:100F600005B05DF804FB00BF10B50160044600F059
:100F7000B5FB002807DB044A044BC4E902324FF4F6
:100F800000412182002010BD4D0F0200310F0200F0
:100F900000F026BC00F034BC00F042BC00F0F0BC15
:100FA00008B500F0F1FC002008BD00BF08B500F056
:100FB000FDFC002008BD00BF2DE9F0470D46174697
:100FC0009A46044600F0FCFC002680461FFA80F991
:100FD000204600F005FD2946204600F0FBFC0028D5
:100FE000F9D02946204600F007FDB8F1010FB855A9
:100FF00002D9BB19000A58704E44B6B25645E7D321
:101000003046BDE8F08700BF08B500F0F9FC0020CD
:1010100008BD00BF08B500F0F7FC002008BD00BF08
:1010200008B500F003FD002008BD00BF10B584B076
:1010300014460391028902944FF4004301A9143825
:10104000ADF80420ADF8063000F01AF9002808BF0A
:10105000204604B010BD00BF10B584B01446039103
:101060000289029448F2010301A91438ADF8042062
:10107000ADF8063000F004F9002808BF204604B09F
:1010800010BD00BF10B5044600F0BAF818B9024A06
:10109000024BC4E9053210BD591002002D100200A8
:1010A00010B5044600F0B0F808B9C4E9050010BD59
:1010B00000F0BCB800F0DAB8E3F756BC10B58469AC
:1010C000227ED107034608D5A27DD20705D501228D
:1010D00003682275BDE810401847227E900709D5A5
:1010E000A27D910706D50222227518469A68BDE8AE
:1010F00010401047227E52070AD5628B02F0370259
:1011000092B9A16A5A68C9B21846BDE810401047A2
:10111000227ED20907D0184680232376C3689847D9
:10112000638B9BB2638310BDFF23638310BD00BF3D
:1011300070B4104D104E0FCD87B06C460FC495E8BB
:1011400003006B4684E80300002053F8042BB242EE
:1011500007D001300628F8D14FF0FF3007B070BC3F
:101160007047C0B210F1FF3018BF4FF0FF3007B02A
:1011700070BC70470487020000340040F8B5054693
:101180000C46FFF7D5FFC0B2E369DF07FCD4E36983
:101190009E07FCD1236899072CD4E369DA07FCD4B5
:1011A000236843F001032360E369DB07FCD44600B6
:1011B0001249321801EBC202D2E901372360C3F3AE
:1011C0000163012BD2686760E26094BF00270127AA
:1011D000AB81E36913F00403FBD1626A304401EB95
:1011E000C00122F48042498A42EA8732626218468C
:1011F000E981F8BD6FF01000F8BD00BF1C87020048
:101200000161FFF7BBBF00BF0369DA699207FCD138
:101210001A6822F002021A60D86910F00100FBD1AE
:101220001A6842F001021A60704700BF10B40369E7
:10123000DA699107FCD11A6842F002021A604FF68F
:10124000FF711024D86910F00400FBD15A8BC2F34F
:101250000112012A07D001390029F3DCDA695207AB
:10126000FCD45C83EEE75DF8044B70470369D869F2
:1012700010F00300FBD11A6822F002021A607047D6
:101280004388DB05F0B4046900F19E814B8843F488
:1012900080734B8005460E4607C9012985E8070083
:1012A000236800F02E81E3695907FCD4636823F4B6
:1012B0008023636029884A054FEA41033AD468884D
:1012C000626ADBB200F00100034302F48042134380
:1012D0006362237EA24ADBB203E0237E013ADBB2E3
:1012E00001D09807F9D02068E2695207FCD4628BDC
:1012F000DF0792B230D5970740F10E8101232376A4
:101300006B8843F480536B806B8823F480731B04D9
:1013100012F0010F4FEA13436B800CBF6FF0030014
:101320006FF004006B8823F480731B041B0C6B802C
:10133000F0BC70476A88D70703D56A8842F4806298
:101340006A80626A40F2FE7002F4804242F4004217
:10135000034013436362BCE79B0721D56B68002BF6
:1013600000F05481570700F15181013B6B60C0F3DD
:10137000C060002B40F0E280002800F0E5806B8820
:10138000190400F1EF806B8823F480731B041B0C9D
:101390006B80AB68A16A581C0222A8601970227683
:1013A000002002274FF0010C6B88DA05C0D52969AF
:1013B0006B4A0B7EDBB203E00B7E013ADBB279D0E5
:1013C00013F0030FF8D02168E2695207FCD4628B56
:1013D00013F0010F92B216D093074DD584F818C0C0
:1013E0006B8843F480536B806B8823F480731B04F9
:1013F00012F0010F4FEA13436B800CBF6FF0030034
:101400006FF00400D0E713F00200CDD06B68002B22
:1014100000F0DD80520700F1DA80013B6B60C1F320
:10142000C0618BB9A1B16B881B041DD46B8823F4F8
:1014300080731B041B0C6B80AB68A26A591CA960EB
:1014400000201A702776AFE7012BF5D10029F3D0E1
:10145000E2695007FCD4626842F480226260002B8B
:10146000EAD16B881B04E1D5E3695907FCD46368B2
:1014700043F440336360D9E712F0040040F0AB80DE
:101480006B8813F480632AD16868002840F08B8051
:101490006B881B0406D46B8823F480731B041B0C1D
:1014A0006B8081E7E3695907FCD4636843F44033F8
:1014B0006360F0E773881B0409D46B8823F480739E
:1014C0001B041B0C6B806FF00400F0BC7047E369D9
:1014D0005907FCD4636843F440336360EDE7626A04
:1014E0002B8802F48042DB0942F0F10203F006038C
:1014F000134363626B8823F480631B041B0C6B80B3
:1015000052E71F017FF5CFAEE3695807FCD463684B
:1015100043F480236360CDE653077CD46B88580581
:1015200030D46B68002B47D16B88190422D46B88A8
:1015300023F480731B041B0C6B8031E7012B7FF4B9
:1015400028AF00283FF425AFE2695207FCD4626857
:1015500042F480226260002B3FF411AF19E700BF14
:10156000FFFF3F00E3695B07FCD4636843F440334B
:10157000636008E7E3695A07FCD4636843F44033C7
:101580006360D4E7626ACB0902F4804203F0060389
:1015900042F0F102134363626B8823F480631B04FF
:1015A0001B0C6B80FCE6AA68411E12F8010BA062BE
:1015B0001846C5E90112F7E6AA6812F8011BA162F4
:1015C000013BC5E90132EBE66FF00500B0E6277696
:1015D0006FF00100E8E66B68002B03DD6B8843F4D5
:1015E00080536B806B88190408D46B8823F4807354
:1015F0001B041B0C6B806FF00100D5E6E3695A07F2
:10160000FCD4636843F440336360EEE7022323763F
:101610006FF0010086E66B68002B03DD6B8843F4F6
:1016200080536B806B881F0408D46B8823F480730D
:101630001B041B0C6B806FF0010073E6E3695E070F
:10164000FCD4636843F440336360EEE7014B1868F1
:10165000FFF734BDBC0A0020FFF7F8BFFFF7F6BF65
:10166000FFF7F4BF014B1868FFF728BDC00A002040
:10167000FFF7F8BFFFF7F6BFFFF7F4BF014B18689D
:10168000FFF71CBDC40A0020FFF7F8BFFFF7F6BF45
:10169000FFF7F4BF014B1868FFF710BDC80A002020
:1016A000FFF7F8BFFFF7F6BFFFF7F4BF014B18686D
:1016B000FFF704BDCC0A0020FFF7F8BFFFF7F6BF25
:1016C000FFF7F4BF014B1868FFF7F8BCD00A002001
:1016D000FFF7F8BFFFF7F6BFFFF7F4BFF0B53D4FD8
:1016E000DFF8F8C006460C460FCF87B06D460FC531
:1016F00097E8030085E803006A46002352F8041BBC
:10170000614558D00133062BF8D10022E369DF0789
:10171000FCD4E3699D07FCD12368980755D4E3699D
:10172000D907FCD4236843F001032360E369DB0796
:10173000FCD41001284B3460811819448C4691F870
:101740000DE05CF8045B25F4817705F01C05082D9D
:10175000DCF800C027F001071BD02CF4383525F445
:101760001075097B276045F400356560217384F8A6
:1017700030E0024413441CF0070F9A7BDB7B14BF5C
:101780000221012142EA0323F3803171002007B0D6
:10179000F0BD2CF4083525F4107545F40035896842
:1017A000276045F410756560616284F830E0E16996
:1017B0000029FCD1DDE7DAB253B1032A08BF0122C8
:1017C000A4D06FF00C0007B0F0BD6FF01000DEE7A2
:1017D0001A469BE70487020034870200003000406D
:1017E0000368DA69D20708D4D86910F00300FBD186
:1017F0001A6842F002021A6070476FF003007047E7
:101800000368DA69D20708D4D86910F00300FBD165
:101810001A6822F002021A6070476FF003007047E6
:101820000368D86910F0010006BFC9B219736FF0E0
:1018300003007047F0B50468D1F800E0E3694E6832
:1018400090F804C05A0747D1E26912F00302FBD1B5
:1018500023689B0743D51546237EDBB25F0720D460
:10186000AA4210D8DF070ED5C788BEF1000F08D0F6
:10187000BCF1010F9EF800708CBF3EF8027B0EF1A8
:10188000010E0132A7621F0619D48B689342E3D878
:10189000AB42E1D8237E9B07104617D00323237663
:1018A000F0BDA76A3EB1BCF1010F377085BF3F0A9A
:1018B0007770013602361F0605F10105E5D54FF6B2
:1018C000FF72802362836FF012002376237E9B07D2
:1018D000FCD003232376E3E76FF00300F0BD6FF045
:1018E0001300F0BD10B4036B9B07FCD10288C2F358
:1018F0004002036B9C07FCD1038823F002031B0406
:101900001B0C0380036BC3F30B03002BFAD1037A88
:1019100001F00F0403F0F0012143017232B1036BB7
:101920009B07FCD1038843F0020303805DF8044B5E
:10193000704700BF03461A6BD207FCD41A6B90079E
:10194000FCD11A88910718D41A6BD207FCD41A88D4
:1019500042F001021A801A6B12F00102FBD1DA8008
:1019600010461A729A709A809A72DA729A81DA81A3
:101970001A825A82DA701A8070476FF0100070472E
:1019800001600846FFF7D6BF03681A6B9107FCD1C8
:101990001A8822F002021204120C1A801A6BD20763
:1019A000FCD41A8842F001021A8070470268136B57
:1019B0009B07FCD1138843F002031380704700BFDC
:1019C0000368DB88C3F3C103032B0CBF0120022093
:1019D000704700BF036893F82E0000F001007047C5
:1019E0000268136BC3F30B03002BFAD1137D43F092
:1019F00002031375704700BF0368B3F840007047D7
:101A00000068FFF76FBF00BF0268136BC3F30B03DF
:101A1000002BFAD1D38823F01803C9001B0401F06E
:101A200018011B0C0B43D380704700BF0068036B89
:101A3000C3F30B03002BFAD1838823F01F031B048D
:101A400001F01F011B0C0B4392B28380036BC3F3A5
:101A50000B03002BFAD1838823F4F85312021B04E2
:101A600002F4F8521B0C13438380704738B5174BB0
:101A70001A8C02F01F021401234493F84E1011F047
:101A8000010112D00121124883F84E1050F82200B3
:101A900018B183680BB100F0BBF804F1824303F581
:101AA0002043002283F84E2038BD93F84E00800773
:101AB000F3D50225064883F84E5050F8220000283E
:101AC000EBD08368002BE6D1E7E700BF00A0004120
:101AD000D40A0020FFF7CABFFFF7C8BFFFF7C6BF91
:101AE000FFF7C4BFFFF7C2BF0207F8B5044602D034
:101AF00001300307FCD1C4F810014FF480720021BB
:101B0000F1F734FB194A1A4811881A4B6FF3410157
:101B10001180016941F40071016101264FF4706583
:101B20000021168015805180D4F810118031516346
:101B3000D4F810119163158845F002051580202115
:101B40004FF0004720460225042408221F6083F836
:101B50001F135E6083F820135D6083F821135C60BF
:101B600083F822135A6083F82313F8BD00A00041C4
:101B70000008004000E100E010B5202200210648E6
:101B8000F1F7F4FA4FF48A7004F004FC0446FFF70E
:101B9000ABFF024B1C6010BDD40A0020F40A0020E9
:101BA0000729D0F81001DCBF083100EB01107047A5
:101BB00038B5134C2368F3B1D3F8103100248033C7
:101BC0001A88D20707D50134082C03F11003F7D186
:101BD0000025284638BD1A8842F001021A800C20E0
:101BE00004F0D8FB2146054600F00EF8054B2846C8
:101BF00043F8245038BDFFF7BFFF2368DCE700BF80
:101C0000F40A0020D40A00200022C0E90112704723
:101C100010B44368074A1B019C586FF341049C5061
:101C2000806820B103685DF8044B1B6818475DF8B5
:101C3000044B704740A0004181600020704700BF06
:101C4000F8B50D4641680029044616461F4627DBB5
:101C5000F5F77CFC144B61681868FFF7A1FF018859
:101C6000C1F3012127FA01F189B241800188C1F352
:101C7000012127FA01F121600DB13D4445600EB10B
:101C80003E4486606368094A1B01991807208873DF
:101C9000995841F002019950BDE8F840F5F748BC69
:101CA0005A20F2F71DF8D3E7F40A002040A00041C3
:101CB0002DE9F84F894641680A9E002905461746D6
:101CC00098466DDBF5F742FC6A6837481201111837
:101CD00013586FF341031350135843F0010313508B
:101CE0000C6814F00104FBD1DFF8C0E06B68DEF88B
:101CF00010B0DFF8BCC04FF0010A0AFA03F32BEA78
:101D00000303CEF8103013584FF0020E6EF3155344
:101D10001350135869F30E2313504B7BDCF800006B
:101D200043EA0A034B734B7B43EA0E034B73696828
:101D3000FFF736FF0480038864F34F3303802EB32C
:101D4000038864F30C330380038864F3CB2303809C
:101D500003886AF38A230380038867F309230380D7
:101D600003886FF3C40303800388002243F0060353
:101D700003804280C0F804808660C260038843F01C
:101D800001030380BDE8F84FF5F7D2BB038843F4A5
:101D900080530380038843F400630380B246D7E78F
:101DA0005A20F1F79DFF8DE740A0004100A00041BF
:101DB000F40A0020704700BF074B1B6853B1074B64
:101DC00053F8203033B1986820B10368044A1B6887
:101DD000934200D170471847F80A0020FC0A0020FF
:101DE000B51D020000210171007800F07BB800BF32
:101DF00038B504460D46F5F7A9FBA560BDE83840A7
:101E0000F5F796BB38B504460D462171007800F011
:101E100069F8294620780322BDE8384000F07EB8F2
:101E200010B54022002104460748F1F79FF900F061
:101E300099F8064800F090F800F0CEF8012000F084
:101E4000BFF8204610BD00BFFC0A0020B91D0200EB
:101E500038B5074D2C680CB1204638BD012004F080
:101E600099FA0446FFF7DCFF2C60204638BD00BF1E
:101E7000F80A0020F8B50D4E56F821400CB1204666
:101E8000F8BD0D46F5F762FB0C2004F083FA074617
:101E9000E8B2BC6000F07EF83D6046F82570F5F7CA
:101EA00047FB56F825402046F8BD00BFFC0A00203D
:101EB00010B40123084C0949834063610B5C032B78
:101EC00002D05DF8044B7047054B1B68002BF8D01F
:101ED0005DF8044B184700BF00280040800B00202D
:101EE0003C0B002038B5044600200D4600F068F891
:101EF000E3089B0003F1804303F5205304F007043B
:101F0000A400DA690F21A140A54022EA01042C4374
:101F1000DC610120BDE8384000F052B838B541F02E
:101F2000080115460446FFF7DDFF0123054AA340DB
:101F3000136105B938BD044B1D552046BDE8384036
:101F400000F028B800280040800B0020014B43F827
:101F500020107047400B0020014B1860704700BFF5
:101F60003C0B002008B5094A536943F48063536170
:101F700004210120FBF722FB054A137843F00203FA
:101F8000137053689B07FCD408BD00BF00080040D5
:101F9000002800400C3043099B0003F1604300F02F
:101FA0001F0203F5614301209040C3F88000BFF396
:101FB0004F8FBFF36F8FC3F880011860704700BF69
:101FC000044A137860F34103137053689B07FCD4F1
:101FD000704700BF002800400F4B1A7842F0010202
:101FE00070B51A705C6814F00104FBD10B4D01262A
:101FF0000021E0B2FFF7AAFF04F10C0306FA03F395
:10200000C5F88030BFF34F8FBFF36F8F0134102CB2
:10201000C5F88031ECD170BD0028004000E100E03F
:102020000020FFF745BF00BF0120FFF741BF00BF01
:102030000220FFF73DBF00BF0320FFF739BF00BFFD
:102040000420FFF735BF00BF0520FFF731BF00BFF9
:102050000620FFF72DBF00BF0720FFF729BF00BFF5
:102060000820FFF725BF00BF0920FFF721BF00BFF1
:102070000A20FFF71DBF00BF0B20FFF719BF00BFED
:102080000C20FFF715BF00BF0D20FFF711BF00BFE9
:102090000E20FFF70DBF00BF0F20FFF709BF00BFE5
:1020A0006FF47D70704700BF6FF47D70704700BFA4
:1020B0006FF47D70704700BF10B584B004688DF870
:1020C0000C20002200928DF80D306469022303AACF
:1020D000A04704B010BD00BF2DE9F04186B00668EE
:1020E0009DF834508DF80F2004461F4676698846C7
:1020F00085B1012300930DF10F02B04738B9236871
:102100000090DD690C9B3A4641462046A84706B040
:10211000BDE8F08106AA9DF80F3002F8013D009558
:102120000123B047EAE700BF2DE9F84F9DF828707A
:10213000002A3CD0002B3ADD88460168DFF8749015
:102140001E464B684B458246144628D1CD68DFF8C1
:1021500068B05D451BD1264405E00134A6420AD093
:10216000DAF80030DD685D45F7D02178504601345B
:10217000A847A642F4D117B10020BDE8F88FDAF8DD
:1021800000309B684B450ED13846BDE8F88F5FFAAA
:1021900088F15046A847DAF80030DD68DBE7984759
:1021A000DAF80010D2E7504698473846E5E76FF472
:1021B0007A70E2E7A9200200B12002002DE9F04F79
:1021C00083B09DF83090002A5AD0002B984657DDF6
:1021D000056892466B682C4A934206463DD1EB68EF
:1021E0002A4FBB4241D1B8F1010F1BD0A8F1020820
:1021F0000AEB080B0AF1FF3405E00B2004F8010F8D
:10220000A3450BD035682D69BD42F6D0002130467C
:10221000A847C0B204F8010FA345F3D108F10108A3
:102220003568C2442B69BB4212D10B208AF80000EA
:10223000B9F1000F03D0002003B0BDE8F08F336880
:10224000114A9B68934217D1484603B0BDE8F08F0E
:10225000012130469847C0B2E8E7019198473568B8
:102260000A4FEB680199BB42BDD041F00101C9B2F0
:10227000304698473568B6E7304698474846DBE72A
:102280006FF47A70D8E700BFA9200200B1200200E5
:10229000014B0360704700BF6087020041627047D6
:1022A000406A82B08DE80C0018B1036802B01B6868
:1022B000184702B0704700BF82B070B50C4684B0BA
:1022C00005464968206802AC03C4039908AC48106D
:1022D00084E80C00CB0745BF2A58029B029CD458C7
:1022E0000AAB2E1893E803008DE8030008AB0CCB73
:1022F0003046A04704B0BDE8704002B0704700BF50
:10230000F0B50F4601F1080485B021460646FBF7FB
:1023100085F8FB68002B2CDD012B2CD000252046F6
:1023200004342146FBF78AF8F86801350138A842E1
:10233000F5DC6D46023007EB80042846FBF758F8C1
:1023400029462046FBF77AF82846FBF76FF8FA682B
:1023500031683B69013AFA604A889B1A3B61BA8B43
:102360002846012340F2FE31FAF7CEFF304605B091
:10237000F0BD6D46F3E70020DBE700BF8369C2686C
:102380001344002B59DD90F82030002B5CD010B5A1
:10239000816A0B68044686B01B6801A89847E0680C
:1023A000A369C218002A31DC6269002A2CDD216988
:1023B0008A422BDB53BB8A4200DB4BB10133A36162
:1023C000F5F738FFA369E068013B0028A361E8DC6A
:1023D000023001A904EB8000FBF730F8019B226971
:1023E0005988E368606A0A440133C4E9033228B1BA
:1023F00094F82030CBB103681B68984701A8FBF71D
:1024000015F8002006B010BD002BE1D0A18B40F2E2
:10241000FF30F5F77FFDA369E0681A18002ACDDCCC
:102420006269002AC9DD2169C5E7E28B012340F218
:10243000FF3102A8FAF768FFE0E74369002BA6DD49
:1024400002699342A3DA9EE76FF47B70704700BF86
:10245000A0F10400FFF792BF0D4B70B503F1080225
:1024600004461C330025C0E9002308300E46FAF765
:10247000BFFFC4E903556561E583F9F7DFF8012380
:10248000A083A561C4E9095684F82030204670BDB8
:1024900084870200094B03F1140270B5C0E90032D1
:1024A000064600F1080500F10C04043C2046FAF74A
:1024B000BDFFA542F9D1304670BD00BF8C87020038
:1024C00080F8201039B92DE9F041C58B82B01DB1DB
:1024D00002B0BDE8F08170470446F9F7AFF81D4B34
:1024E000E0831F688046002FF2D0282003F052FFBF
:1024F00006461030FAF728FF40F2FF3318203380E9
:10250000A6F8028003F046FF134ACDE90025844671
:102510006A46034603CA4CF80C4BDD60CCF8045005
:10252000586099603A680D49F56012205961B360AE
:10253000B080C6E9085553683846314698470028A8
:10254000C6D03046F6F792F8304602B0BDE8F0410A
:1025500003F017BF6C0A0020A1220200B92202007A
:10256000024B1868BFF35B8F704700BF900B0020D1
:10257000024B1868BFF35B8F704700BF4800002014
:1025800081F0004102E000BF83F0004330B54FEA24
:1025900041044FEA430594EA050F08BF90EA020F91
:1025A0001FBF54EA000C55EA020C7FEA645C7FEA24
:1025B000655C00F0E2804FEA5454D4EB5555B8BF47
:1025C0006D420CDD2C4480EA020281EA030382EAB8
:1025D000000083EA010180EA020281EA0303362D4A
:1025E00088BF30BD11F0004F4FEA01314FF4801C1D
:1025F0004CEA113102D0404261EB410113F0004F2F
:102600004FEA03334CEA133302D0524263EB4303E5
:1026100094EA050F00F0A780A4F10104D5F1200E83
:102620000DDB02FA0EFC22FA05F2801841F10001DE
:1026300003FA0EF2801843FA05F359410EE0A5F1B2
:1026400020050EF1200E012A03FA0EFC28BF4CF0E3
:10265000020C43FA05F3C01851EBE37101F0004599
:1026600007D54FF0000EDCF1000C7EEB00006EEBA6
:102670000101B1F5801F1BD3B1F5001F0CD3490830
:102680005FEA30004FEA3C0C04F101044FEA445287
:1026900012F5800F80F09A80BCF1004F08BF5FEA0E
:1026A000500C50F1000041EB045141EA050130BDEE
:1026B0005FEA4C0C404141EB010111F4801FA4F191
:1026C0000104E9D191F0000F04BF01460020B1FAE6
:1026D00081F308BF2033A3F10B03B3F120020CDA1E
:1026E0000C3208DD02F1140CC2F10C0201FA0CF0FC
:1026F00021FA02F10CE002F11402D8BFC2F1200C61
:1027000001FA02F120FA0CFCDCBF41EA0C01904016
:10271000E41AA2BF01EB0451294330BD6FEA04045F
:102720001F3C1CDA0C340EDC04F11404C4F120024A
:1027300020FA04F001FA02F340EA030021FA04F35C
:1027400045EA030130BDC4F10C04C4F1200220FAB3
:1027500002F001FA04F340EA0300294630BD21FAF1
:1027600004F0294630BD94F0000F83F4801306BFB7
:1027700081F480110134013D4EE77FEA645C18BFAB
:102780007FEA655C29D094EA050F08BF90EA020F42
:1027900005D054EA000C04BF1946104630BD91EA3A
:1027A000030F1EBF0021002030BD5FEA545C05D13D
:1027B0004000494128BF41F0004130BD14F580047C
:1027C0003CBF01F5801130BD01F0004545F0FE41F0
:1027D00041F470014FF0000030BD7FEA645C1ABF25
:1027E000194610467FEA655C1CBF0B46024650EA5C
:1027F000013406BF52EA033591EA030F41F4002188
:1028000030BD00BF90F0000F04BF0021704730B50D
:102810004FF4806404F132044FF000054FF00001E2
:1028200050E700BF90F0000F04BF0021704730B5A3
:102830004FF4806404F1320410F0004548BF404278
:102840004FF000013EE700BF42004FEAE2014FEACD
:1028500031014FEA02701FBF12F07F4393F07F4FA8
:1028600081F06051704732F07F4208BF704793F0AB
:102870007F4F04BF41F40021704730B54FF46074BE
:1028800001F0004521F000411CE700BF50EA0102C1
:1028900008BF704730B54FF000050AE050EA01026A
:1028A00008BF704730B511F0004502D5404261EBDA
:1028B00041014FF4806404F132045FEA915C3FF41B
:1028C000D8AE4FF003025FEADC0C18BF03325FEAB8
:1028D000DC0C18BF033202EBDC02C2F1200300FA69
:1028E00003FC20FA02F001FA03FE40EA0E0021FA8E
:1028F00002F11444BDE600BF70B54FF0FF0C4CF47C
:10290000E06C1CEA11541DBF1CEA135594EA0C0F2D
:1029100095EA0C0F00F0DEF82C4481EA030621EA68
:102920004C5123EA4C5350EA013518BF52EA0335A3
:1029300041F4801143F4801338D0A0FB02CE4FF055
:102940000005E1FB02E506F00042E0FB03E54FF085
:102950000006E1FB03569CF0000F18BF4EF0010E7D
:10296000A4F1FF04B6F5007F64F5407404D25FEA79
:102970004E0E6D4146EB060642EAC62141EA55512C
:102980004FEAC52040EA5E504FEACE2EB4F1FD0C6E
:1029900088BFBCF5E06F1ED8BEF1004F08BF5FEAEC
:1029A000500E50F1000041EB045170BD06F000469E
:1029B00046EA010140EA020081EA0301B4EB5C044B
:1029C000C2BFD4EB0C0541EA045170BD41F4801143
:1029D0004FF0000E013C00F3AB8014F1360FDEBF68
:1029E000002001F0004170BDC4F10004203C35DA44
:1029F0000C341BDC04F11404C4F1200500FA05F3C7
:102A000020FA04F001FA05F240EA020001F0004267
:102A100021F0004110EBD37021FA04F642EB0601DD
:102A20005EEA430E08BF20EAD37070BDC4F10C0407
:102A3000C4F1200500FA04F320FA05F001FA04F2CB
:102A400040EA020001F0004110EBD37041F10001B7
:102A50005EEA430E08BF20EAD37070BDC4F12005C2
:102A600000FA05F24EEA020E20FA04F301FA05F22A
:102A700043EA020321FA04F001F0004121FA04F2D2
:102A800020EA020000EBD3705EEA430E08BF20EAA2
:102A9000D37070BD94F0000F0FD101F000464000DC
:102AA00041EB010111F4801F08BF013CF7D041EA5E
:102AB000060195F0000F18BF704703F00046520062
:102AC00043EB030313F4801F08BF013DF7D043EA33
:102AD0000603704794EA0C0F0CEA135518BF95EAE9
:102AE0000C0F0CD050EA410618BF52EA4306D1D170
:102AF00081EA030101F000414FF0000070BD50EA8F
:102B0000410606BF1046194652EA430619D094EA18
:102B10000C0F02D150EA013613D195EA0C0F05D102
:102B200052EA03361CBF104619460AD181EA030156
:102B300001F0004141F0FE4141F470014FF000000E
:102B400070BD41F0FE4141F4780170BD70B54FF0A9
:102B5000FF0C4CF4E06C1CEA11541DBF1CEA135529
:102B600094EA0C0F95EA0C0F00F0A7F8A4EB05040B
:102B700081EA030E52EA03354FEA013100F0888002
:102B80004FEA03334FF0805545EA131343EA1263CB
:102B90004FEA022245EA111545EA10654FEA002680
:102BA0000EF000419D4208BF964244F1FD0404F539
:102BB000407402D25B084FEA3202B61A65EB030595
:102BC0005B084FEA32024FF480104FF4002CB6EB52
:102BD000020E75EB030E22BFB61A754640EA0C00D2
:102BE0005B084FEA3202B6EB020E75EB030E22BF12
:102BF000B61A754640EA5C005B084FEA3202B6EB53
:102C0000020E75EB030E22BFB61A754640EA9C0011
:102C10005B084FEA3202B6EB020E75EB030E22BFE1
:102C2000B61A754640EADC0055EA060E18D04FEA9F
:102C3000051545EA16754FEA06164FEAC30343EA3F
:102C400052734FEAC2025FEA1C1CC0D111F4801F0C
:102C50000BD141EA00014FF000004FF0004CB6E705
:102C600011F4801F04BF01430020B4F1FD0C88BFA4
:102C7000BCF5E06F3FF6AFAEB5EB030C04BFB6EBAF
:102C8000020C5FEA500C50F1000041EB045170BDA2
:102C90000EF0004E4EEA113114EB5C04C2BFD4EBCF
:102CA0000C0541EA045170BD41F480114FF0000E53
:102CB000013C90E645EA060E8DE60CEA135594EACF
:102CC0000C0F08BF95EA0C0F3FF43BAF94EA0C0FD2
:102CD0000AD150EA01347FF434AF95EA0C0F7FF447
:102CE00025AF104619462CE795EA0C0F06D152EA9B
:102CF00003353FF4FDAE1046194622E750EA41067F
:102D000018BF52EA43067FF4C5AE50EA41047FF48F
:102D10000DAF52EA43057FF4EBAE12E74FF0FF3CF4
:102D200006E000BF4FF0010C02E000BF4FF0010CC5
:102D30004DF804CD4FEA410C7FEA6C5C4FEA430C3E
:102D400018BF7FEA6C5C1BD001B050EA410C0CBF8D
:102D500052EA430C91EA030F02BF90EA020F0020EF
:102D6000704710F1000F91EA030F58BF994208BF56
:102D700090422CBFD8176FEAE37040F00100704713
:102D80004FEA410C7FEA6C5C02D150EA013C07D16A
:102D90004FEA430C7FEA6C5CD6D152EA033CD3D0B5
:102DA0005DF8040B704700BF8446104662468C46AF
:102DB0001946634600E000BF01B5FFF7B7FF0028E2
:102DC00048BF10F1000F01BD4DF808EDFFF7F4FF0B
:102DD0000CBF012000205DF808FB00BF4DF808ED96
:102DE000FFF7EAFF34BF012000205DF808FB00BFB9
:102DF0004DF808EDFFF7E0FF94BF012000205DF8DB
:102E000008FB00BF4DF808EDFFF7CEFF94BF01208F
:102E100000205DF808FB00BF4DF808EDFFF7C4FF88
:102E200034BF012000205DF808FB00BF4FEA410CD1
:102E30007FEA6C5C02D150EA013C0AD14FEA430CB4
:102E40007FEA6C5C02D152EA033C02D14FF00000F1
:102E500070474FF0010070474FEA410212F500122F
:102E600015D211D56FF47873B3EB625212D94FEAD1
:102E7000C12343F0004343EA505311F0004F23FABB
:102E800002F018BF404270474FF00000704750EA10
:102E9000013005D111F0004008BF6FF000407047CD
:102EA0004FF00000704700BF4A0011D212F5001227
:102EB00011D20DD56FF47873B3EB62520ED44FEA92
:102EC000C12343F0004343EA505323FA02F0704712
:102ED0004FF00000704750EA013002D14FF0FF3050
:102EE00070474FF0000070474FEA4102B2F1E043F3
:102EF00024BFB3F5001CDCF1FE5C0DD901F0004CE1
:102F00004FEAC0024CEA5070B2F1004F40EB830030
:102F100008BF20F00100704711F0804F21D113F15C
:102F20003872BCBF01F00040704741F480114FEA95
:102F30005252C2F11802C2F1200C10FA0CF320FA1E
:102F400002F018BF40F001004FEAC1234FEAD3233B
:102F500003FA0CFC40EA0C0023FA02F34FEA4303A5
:102F6000CCE77FEA625307D150EA01331EBF4FF02E
:102F7000FE4040F44000704701F0004040F0FE4049
:102F800040F40000704700BF7BB972B90029BEBF92
:102F900000204FF0004106E008BF00281CBF6FF082
:102FA00000414FF0FF3000F01BBAADF1080C6DE9A5
:102FB00004CE002909DB002B1ADB00F0ABF8DDF8AA
:102FC00004E0DDE9022304B07047404261EB4101B7
:102FD000002B1BDB00F09EF8DDF804E0DDE90223A6
:102FE00004B0404261EB4101524263EB430370473E
:102FF000524263EB430300F08DF8DDF804E0DDE9B5
:10300000022304B0404261EB41017047524263EB3E
:10301000430300F07FF8DDF804E0DDE9022304B0AB
:10302000524263EB4303704753B94AB9002908BFC2
:1030300000281CBF4FF0FF314FF0FF3000F0D0B937
:10304000ADF1080C6DE904CE00F064F8DDF804E0A1
:10305000DDE9022304B070472DE9F84382EAE27407
:10306000A4EBE2741546E20758BFDFF8609006460D
:103070000F4652BF4FF0000880468946640832462A
:103080003B463046394613D0FFF736FCE307064689
:103090000F46F3D54046494632463B46FFF72CFCE7
:1030A00064088046894632463B4630463946EBD175
:1030B000002D07DA42464B4600200449FFF746FD43
:1030C0008046894640464946BDE8F8830000F03F07
:1030D000D0B500220D4B06460F46FFF70DFCFFF75B
:1030E000E3FE0446FFF78EFB0022094BFFF704FCCA
:1030F00002460B4630463946FFF746FAFFF7D4FE44
:103100000022234610431946D0BD00BF0000F03D09
:103110000000F0412DE9F047089E04468846002B48
:103120004BD18A42154667D9B2FA82F24AB1C2F14E
:10313000200701FA02F320FA07F7954047EA03084F
:1031400094404FEA154E230CB8FBFEF71FFA85FC9E
:103150000EFB178843EA084307FB0CF1994209D993
:10316000EB1807F1FF3080F01B81994240F2188183
:10317000023F2B445B1AA4B2B3FBFEF00EFB1033EC
:1031800044EA034400FB0CFCA44509D92C1900F1C6
:10319000FF3380F00781A44540F2048102382C44BB
:1031A00040EA0740A4EB0C0400271EB1D4400023E2
:1031B000C6E900433946BDE8F0878B4209D9002EA5
:1031C00000F0EB800027C6E9000138463946BDE82B
:1031D000F087B3FA83F7002F47D18B4202D38242A4
:1031E00000F2FA80841A61EB030301209846002E56
:1031F000E0D0C6E90048DDE702B9FFDEB2FA82F2AC
:10320000002A40F08F80491B4FEA154E1FFA85F8BF
:103210000127B1FBFEFC230C0EFB1C1143EA01430A
:1032200008FB0CF1994207D9EB180CF1FF3002D2E0
:10323000994200F2CD808446591AA3B2B1FBFEF048
:103240000EFB101443EA044408FB00F8A04507D91C
:103250002C1900F1FF3302D2A04500F2B6801846C7
:10326000A4EB080440EA0C409FE7C7F1200CBB40E8
:1032700022FA0CFE4EEA030E01FA07F420FA0CF5CE
:1032800021FA0CF34FEA1E482543B3FBF8F92C0C46
:1032900008FB19331FFA8EFA44EA034309FB0AF4C8
:1032A0009C4202FA07F200FA07F10BD91EEB030366
:1032B00009F1FF3080F087809C4240F28480A9F1C0
:1032C000020973441B1BADB2B3FBF8F008FB1033CB
:1032D00045EA034400FB0AFAA24508D91EEB0404A0
:1032E00000F1FF336BD2A24569D90238744440EA39
:1032F0000940A0FB0289A4EB0A044C45C2464B4698
:1033000054D351D0002E69D0B1EB0A0564EB03040D
:1033100004FA0CFCFD40FC404CEA0505C6E90054EB
:10332000002747E7C2F1200320FA03F7954001FA8E
:1033300002F021FA03F34FEA154E3843010CB3FBB8
:10334000FEF71FFA85F80EFB173341EA034107FB2E
:1033500008F38B4204FA02F407D9691807F1FF3C1D
:103360002FD28B422DD9023F2944CB1A81B2B3FB15
:10337000FEF00EFB103341EA034100FB08F38B42E1
:1033800007D9691800F1FF3C17D28B4215D90238D2
:103390002944C91A40EA07473BE73746304609E760
:1033A0000746E7E61846FBE64145ABD2B8EB020A12
:1033B00069EB0E0201381346A4E76046E9E71846B8
:1033C00095E76746D1E781467CE702382C4447E71A
:1033D000ACF1020C2B442FE7384608E73746E9E604
:1033E000704700BF30B5224A21F00043934287B0B6
:1033F0001BDD204A934205DD02460B46FFF7C4F869
:1034000007B030BD02AAE4F74BFA00F00303012B2A
:1034100011D0022B22D0D3B10124DDE90423DDE950
:1034200002010094E5F764FAEAE700220023E4F7DA
:103430001BFD07B030BDDDE904450093DDE9020165
:1034400022462B46E5F754FA01F10041D8E7DDE9C1
:103450000423DDE90201E4F707FDD1E7DDE90423F8
:10346000DDE90201E4F700FD01F10041C8E700BF1A
:10347000FB21E93FFFFFEF7F21F000431946704732
:1034800030B51F4A21F00043934287B01BDD1D4A2F
:10349000934205DD02460B46FFF776F807B030BDD4
:1034A00002AAE4F7FDF900F003000128DDE9042396
:1034B00011D002281BD098B1DDE90201E4F7D4FC59
:1034C00001F10041EAE70023009300220023E5F721
:1034D0000FFA07B030BDDDE90201E4F7C5FCDDE716
:1034E0000124DDE902010094E5F702FAD6E70124A0
:1034F000DDE902010094E5F7FBF901F10041CDE7B8
:10350000FB21E93FFFFFEF7F30B5144A21F0004374
:10351000934287B019DD124A934205DD02460B46FD
:10352000FFF732F807B030BD02AAE4F7B9F944005A
:1035300004F00204C4F10104DDE90423DDE9020121
:103540000094E5F78DFA07B030BD01230093002207
:103550000023E5F785FA07B030BD00BFFB21E93F46
:10356000FFFFEF7F3B4A21F00043934270B50D46C9
:103570000C46064611DD02460B4600203649FFF791
:10358000E5FA002D4FF00002334B35DBFEF7FEFF6E
:1035900002460B461046194670BD304A934208DD7C
:1035A0002D4B0022002CB8BF03F1004310461946F2
:1035B00070BDB3F1725F26DB294A934230DDFFF71D
:1035C0005BFF02460B46FEF7E1FFE5F71DFC00221C
:1035D0004FF08043FEF7DAFF02460B4600204FF023
:1035E0008041FFF7B3FA02460B4600201A49FEF766
:1035F000CBFF02460B46D5E7FEF7C6FF02460B4659
:103600001046194670BD0022134BFEF7BFFF32462D
:103610002B46FFF771F902460B461046194670BD5E
:10362000FFF72AFF00224FF04043FFF765F9E5F767
:10363000EBFB00224FF08043064601F10045FEF708
:10364000A5FF02460B4630462946FFF77FFA0246A1
:103650000B46A7E7FFFFEF7F0000F03FFFFF35407D
:10366000FFFFEF3F70B5C1F30A56A6F2FF34132CEB
:103670000D460BDC002C1FDB154941FA04F4002237
:1036800025EA040316461946304670BD332C02461F
:1036900006DDB4F5806F0B4615D00646304670BD8A
:1036A0004FF0FF33A6F2134623FA06F622EA06008D
:1036B00006462946304670BD002201F000431646FA
:1036C0001946304670BDFEF761FF0646DCE700BFD5
:1036D000FFFF0F0000B51C4A20F00043934283B067
:1036E00018DDB3F1FF4F05DB014602F027FA03B006
:1036F0005DF804FB694601F00BFA00F00302012AB1
:103700000ED0022A18D092B101220199009801F03E
:10371000EBFFECE7002101F0C1FB03B05DF804FB17
:103720000199009801F0E0FF00F10040DFE7019906
:10373000009801F0B3FBDAE70199009801F0AEFBC5
:1037400000F10040D3E700BFD80F493F00B51D4A44
:1037500020F00043934283B019DDB3F1FF4F05DB46
:10376000014602F0EBF903B05DF804FB694601F095
:10377000CFF900F00300012810D0022819D090B131
:103780000199009801F08AFB00F10040EBE700226C
:10379000002101F0A9FF03B05DF804FB0199009836
:1037A00001F07CFBDFE701220199009801F09CFF0A
:1037B000D9E701220199009801F096FF00F100403D
:1037C000D1E700BFD80F493F2DE9F043DFF89880DB
:1037D0008BB004460D46E1F7EBFF98F9003001335A
:1037E00006460F462BD022462B4620462946FFF799
:1037F0001DFB814618BB20462946FFF73DFE0022EF
:10380000164BFFF709FBD0B1154B16480193012267
:10381000CDF820900092CDE90445CDE9024501F0B4
:10382000E1FF98F90030022BCDE906010CD0684683
:1038300001F0D6FF40B1089B5BB9DDE90667304671
:1038400039460BB0BDE8F08302F01AF9212303607A
:10385000F1E702F015F9089B0360EEE70000F03F86
:10386000A4870200A87502001E0200202DE9F04383
:103870008BB004460D46E2F7EFF9244B93F9008034
:10388000B8F1FF3F06460F460ED022462B46204693
:103890002946FFF7CBFA814630B900221C4B20465F
:1038A0002946FFF79BFA20B9304639460BB0BDE8F0
:1038B000F0830022002301210091164ECDF82090C4
:1038C00010461946CDE90445CDE902450196FFF7BA
:1038D0003DF9B8F1020FCDE906010CD0684601F0C0
:1038E0007FFF40B1089B5BB9DDE90667304639468A
:1038F0000BB0BDE8F08302F0C3F821230360F1E7C9
:1039000002F0BEF8089B0360EEE700BF1E02002035
:103910000000F03FAC8702002DE9F043DFF898800B
:103920008BB004460D46E2F723FA98F900300133D4
:1039300006460F462BD022462B4620462946FFF747
:1039400075FA814618BB20462946FFF795FD0022EF
:10395000164BFFF761FAD0B1154B164801930122BF
:10396000CDF820900092CDE90445CDE9024501F063
:1039700039FF98F90030022BCDE906010CD06846DA
:1039800001F02EFF40B1089B5BB9DDE906673046C8
:1039900039460BB0BDE8F08302F072F821230360D2
:1039A000F1E702F06DF8089B0360EEE70000F03FDE
:1039B000B4870200A87502001E020020E2F714BCC2
:1039C0002DE9F04FDFF8CCA08BB004460D46E2F7AE
:1039D000E7FC9AF90030013306460F4637D02246FD
:1039E0002B4620462946FFF721FA834678BB20461E
:1039F0002946FFF741FD0022244B80468946FFF708
:103A000001FA20B3404649460022204BFFF704FA52
:103A10009AF9006060B3CDE90445CDE90245012182
:103A2000002200231A4F0091CDF820B0104619460D
:103A30000197FFF78BF8022ECDE906010CD06846FE
:103A400001F0CEFE40B1089B6BB9DDE90667304658
:103A500039460BB0BDE8F08F02F012F82123036065
:103A6000089B002BF1D002F00BF8089B0360ECE7F9
:103A7000022308900093064FCDE90445CDE90245A5
:103A80002046294600220023D2E700BF0000F03F75
:103A9000BC8702001E0200202DE9F04F8BB01D46AE
:103AA00006460F46144600F0D9FC294B93F900A0B6
:103AB000BAF1FF3F8046894635D022462B46204644
:103AC0002946FFF7B3F970BB32463B4630463946CC
:103AD000FFF7ACF9834630BB00220023204629467D
:103AE000FFF772F9F8B11B4BCDF820B00122CDE9F8
:103AF0000267CDE90445CDE90023BAF1000F17D0E4
:103B00000022002310461946FFF720F8BAF1020FF1
:103B1000CDE906010ED101F0B3FF21230360089B1C
:103B200083B9DDE90689404649460BB0BDE8F08F10
:103B3000CDE90667684601F053FE0028EBD0089BEC
:103B4000002BEED001F09CFF089B0360E9E700BF6B
:103B50001E020020D08702002DE970438AB004467F
:103B60000D46E2F7E1FE354B93F90060731C804689
:103B700089460DD022462B4620462946FFF756F9A6
:103B800030B90022002320462946FFF745F920B12D
:103B9000404649460AB0BDE87083294B0890CDE9FC
:103BA0000245CDE90445019320462946CEB9254D6D
:103BB0004FF0604400220023CDE90645FFF704F9E9
:103BC000002833D002230093684601F009FEA8B113
:103BD000089BC3B9DDE90689404649460AB0BDE8FD
:103BE0007083194B0022CDE9062300220023FFF742
:103BF000EBF868B102239E420093E5D101F040FF4B
:103C000022230360E4E701F03BFF089B0360E1E748
:103C10000123022E00930BD101F032FF2123036018
:103C20000A4801F0DFFDCDE90601D1E70123009349
:103C3000684601F0D5FD0028F2D1EDE71E02002014
:103C4000D8870200FFFFEFC70000F0FFA875020051
:103C50002DE9F0438BB004460D46E3F731F8364BBF
:103C600093F90060731C804689460ED022462B468D
:103C700020462946FFF7DAF8074630B9002200232C
:103C800020462946FFF7B4F820B9404649460BB014
:103C9000BDE8F083294B0897CDE90245CDE90445FD
:103CA000019320462946CEB9254D4FF060440022AD
:103CB0000023CDE90645FFF787F8002833D002231B
:103CC0000093684601F08CFDA8B1089BC3B9DDE9FB
:103CD0000689404649460BB0BDE8F083194B0022E7
:103CE000CDE9062300220023FFF76EF868B1022316
:103CF0009E420093E5D101F0C3FE22230360E4E776
:103D000001F0BEFE089B0360E1E70123022E009351
:103D10000BD101F0B5FE212303600B4801F062FDD9
:103D2000CDE90601D1E701230093684601F058FD73
:103D30000028F2D1EDE700BF1E020020DC87020060
:103D4000FFFFEFC70000F0FFA87502002DE9F04F5C
:103D5000DFF808938DB006460F4614461D46E3F77C
:103D60003BF899F90080B8F1FF3FCDE9000136D06A
:103D700022462B4620462946FFF758F8834670BB5B
:103D800032463B4630463946FFF750F8002282461D
:103D90000023002840F0A08030463946FFF714F891
:103DA00010B30022002320462946FFF70DF8834672
:103DB000002867D00122A24B029200210022CDF8F8
:103DC00028A0CDE90467CDE90645CDE908120393A3
:103DD000B8F1000F41D09B4C0023CDE90034DDE960
:103DE00000010DB0BDE8F08FDDE9000101F0F2FC4B
:103DF0008046002800F08B804FF0000A4FF0000B47
:103E000052465B46DDE90001FEF7DEFF0028E6D002
:103E10003046394601F0DEFC0028E0D02046294635
:103E200001F0D8FC0028DAD099F90030844A0392D6
:103E300004210022022BCDE90467CDE90645CDE936
:103E400008AB02910A9203D002A801F0C9FC50B954
:103E500001F016FE2223036005E002A801F0C0FC79
:103E6000002800F098800A9B1BB101F009FE0A9B14
:103E70000360DDE90834CDE90034DDE900010DB06F
:103E8000BDE8F08F2046294601F0A4FC0028A6D00A
:103E90000022002320462946FEF7A0FF00289ED0DE
:103EA000674A99F90030CDF828B00121CDE90467BF
:103EB000CDE90645CDE90212002B71D06249002000
:103EC000022BCDE908016FD101F0DAFD2123036057
:103ED0000A9B002BCDD0C8E720462946FEF774FF89
:103EE00000283FF47CAF01230293564B5449CDF890
:103EF00028B00022B8F1020FCDE90467CDE90645EC
:103F00000391CDE90823A8D1CDE9002367E7304626
:103F1000394601F05FFC00283FF46EAF2046294689
:103F200001F058FC00283FF467AFDDE9002310469C
:103F30001946FEF77BFF99F900A0002866D10323FC
:103F4000DFF8FCC00A9029462046029300223F4B2E
:103F5000CDF80CC0CDE90645CDE90467FEF7CCFCF1
:103F6000002204460D46002330463946BAF1000FC0
:103F700020D1374F4FF06046CDE90867FEF72EFF9E
:103F800018BB02A801F02CFC0028A1D101F078FD9B
:103F9000222303609CE701F073FD2123036062E7A5
:103FA00000230024CDE9083402A801F019FC002800
:103FB0008ED189E7274F0026CDE90867FEF70EFF6F
:103FC000A0B9BAF1020FE1D0DBE72046294601F0A3
:103FD0000FFC22462B46FEF7F7FEA0B91E4B99F9BF
:103FE00000A04FF06042CDE90823EAE720462946C9
:103FF00001F0FEFB22462B46FEF7E6FE18B9124BF7
:104000000022CDE9082399F900A0DAE701220C4B40
:10401000CDF828800292CDE90467CDE906450393E7
:10402000BAF1000FBCD00022002310461946FEF75B
:104030008DFDBAF1020FCDE908013FF445AFB3E7BA
:10404000E48702000000F03F0000F0FF0000E03FC6
:10405000FFFFEF470000F07FFFFFEFC71E020020C9
:104060002DE9F0432B4E8BB080468946E3F738FEAE
:1040700096F90030013304460D4603D001F0AAFB47
:10408000074620B1204629460BB0BDE8F0834046E4
:10409000494601F09FFB0028F4D01F4B96F90040E1
:1040A00008970322CDE90023CDE90489CDE90289EF
:1040B000404649460022002364B9FEF7ADFE4FF0AA
:1040C0006042E8B1154BCDE90623684601F088FB54
:1040D00068B908E0FEF7A0FE002298B1104B022C50
:1040E000CDE90623F1D101F0CBFC22230360089B2C
:1040F00053B9DDE90645204629460BB0BDE8F083FB
:10410000084BE0E7084BEAE701F0BAFC089B0360C4
:10411000EFE700BF1E020020E8870200FFFFEF4725
:104120000000F07FFFFFEFC70000F0FF2DE9F04F28
:104130008BB004460D4600F0A9FA294B93F900A074
:10414000BAF1FF3F06460F4612D022462B462046C4
:104150002946FEF76BFE834650B94FF000084FF03A
:10416000000942464B4620462946FEF737FE20B955
:10417000304639460BB0BDE8F08F0122194BCDF81F
:1041800020B00092CDE90445CDE902450193BAF192
:10419000000F17D042464B4640464946FEF7D6FC34
:1041A000BAF1020FCDE906010ED101F069FC21231D
:1041B0000360089B73B9DDE90667304639460BB0EA
:1041C000BDE8F08FCDE90689684601F009FB0028BB
:1041D000EFD1EAE701F054FC089B0360EBE700BF76
:1041E0001E020020F087020070B58AB0044600F07D
:1041F0000FFB324B93F900506B1C064609D0214649
:10420000204601F06BFF20B90021204601F05CFF41
:1042100010B130460AB070BD294B0890204601937A
:10422000FEF712FBCDE90401CDE902012046CDB92C
:10423000244B4FF060420021CDE9062301F01CFF22
:10424000002833D002230093684601F0C9FAA8B1D0
:10425000089BC3B9DDE90601FEF746FE0646304677
:104260000AB070BD184B00220021CDE9062301F0F1
:1042700003FF68B102239D420093E5D101F000FCE9
:1042800022230360E4E701F0FBFB089B0360E1E706
:104290000123022D00930BD101F0F2FB21230360D7
:1042A0000A4801F09FFACDE90601D1E70123009306
:1042B000684601F095FA0028F2D1EDE71E020020D1
:1042C000F8870200FFFFEFC70000F0FFA8750200AB
:1042D000F0B58BB0044600F0C9FB334B93F90050A6
:1042E0006B1C06460AD02146204601F0F7FE074621
:1042F00020B90021204601F0D3FE10B930460BB0A2
:10430000F0BD2A4B089720460193FEF79DFACDE9B0
:104310000401CDE902012046CDB9254B4FF06042A2
:104320000021CDE9062301F0A7FE002833D00223A7
:104330000093684601F054FAA8B1089BC3B9DDE9BF
:104340000601FEF7D1FD064630460BB0F0BD194B15
:1043500000220021CDE9062301F08EFE68B1022380
:104360009D420093E5D101F08BFB22230360E4E73B
:1043700001F086FB089B0360E1E70123022D009317
:104380000BD101F07DFB212303600B4801F02AFAD9
:10439000CDE90601D1E701230093684601F020FA38
:1043A0000028F2D1EDE700BF1E02002000880200C5
:1043B000FFFFEFC70000F0FFA8750200F0B58BB05B
:1043C000044600F017FD234B93F900506B1C064682
:1043D0000AD02146204601F081FE074620B900217F
:1043E000204601F053FE10B930460BB0F0BD1A4B19
:1043F000089701222046CDE90023FEF725FA002286
:10440000CDE90401CDE902010023ADB11046194602
:10441000FEF79CFB022DCDE906010FD101F030FB28
:1044200021230360089B7BB9DDE90601FEF75CFDF3
:10443000064630460BB0F0BDCDE90623684601F0D4
:10444000CFF90028EED1E9E701F01AFB089B0360E1
:10445000EAE700BF1E020020088802002DE9F047AD
:1044600023F0004E5EEA020620D0814E21F0004883
:10447000B04589461ADC564216437E4F4EEAD67640
:10448000BE42144612D8F0451D4694468246064662
:1044900001F0004716DC13DB904211D312D1764BAA
:1044A000FF0F03EBC703D3E9004106E0FEF724FA50
:1044B00002460B46FEF74AFB04462046BDE8F0875D
:1044C0000446FAE7B8F5801F3BDB4FEA2853A3F216
:1044D000FF33BEF5801F80F28F80BEF1000F40F0E9
:1044E0009F80002C2246654904DD5200002A01F11C
:1044F000FF31FADC624A934270DBC9F3130242F4E3
:1045000080125F4881425BDBC5F3130444F48014DE
:10451000581A07E053EA050221D0EA0F02EB4302E2
:104520006E000138131BA6EB0C05F8B1664538BFC9
:1045300003F1FF33002BEDDAF30F03EB42027600B9
:10454000EFE7B8F1000F5CD1BAF1000F52464B4BC8
:10455000BFDD5200002A03F1FF33FADCB9E7464B16
:10456000FF0F03EBC707D7E90041A6E7664538BF51
:1045700003F1FF33002BBCBF3546134653EA050257
:10458000EDD04048834208DCEA0F02EB430383424C
:1045900001F1FF314FEA4505F6DD394A91424EDA25
:1045A000521A142A55DC01F21E41D54003FA01F1DA
:1045B00043FA02F2174341EA050339461C467CE7F9
:1045C000401A1F2826DC01F21E450EFA00FE24FACE
:1045D00005F504FA00FC45EA0E0499E7D61A1F2EE9
:1045E00027DC03F21E4208FA06F82AFA02F20AFA57
:1045F00006F642EA080284E74FEA2E51A1F2FF31A3
:1046000078E71F4B4FEAC8225200002A03F1FF331C
:10461000FADC5EE71C4D6D1AAC404FF0000C77E7FA
:1046200017494FEACE225200002A01F1FF31FADC8D
:1046300060E7154AD21A0AFA02F2002661E7A3F5EA
:10464000801301F2FF311F4347EA01532C461946FC
:1046500033E71F2A07DC01F21E4103FA01F125FAB4
:1046600002F30B43A9E7084A511A0B41A5E700BF23
:10467000FFFFEF7F0000F07FA86C0200EDFBFFFF63
:1046800002FCFFFFFFFF0F00E2FBFFFF5F4A8A43D0
:104690002DE9F0410D46074600F0948000290B46B5
:1046A0000446064654DD0F1500F0A780C3F313033C
:1046B000A7F2FF3743F48013F20FF80702EB43032E
:1046C0004FEA460503D5ED0F05EB4303B500002681
:1046D0007F10B44616224FF400110CEB01009842F3
:1046E0004FEAD5744FEA450503DC1B1A00EB010CB9
:1046F0000E44013A04EB43034FEA5101EDD1104659
:10470000964620244FF0004209E052D05B00013C65
:1047100003EBD5734FEA52024FEA450537D06345A4
:1047200002EB0E01F1DD002901EB020E0ADBE0468F
:10473000A3EB0C03A94288BF03F1FF336D1A1044A9
:10474000C446E3E7BEF1000FF1DB0CF10108EFE72F
:1047500021F00042024329D0002945D10146CA0A6E
:10476000153B4905002AFAD012F4801001D048E028
:1047700030465200D40200F10106F9D5C6F12004FA
:1047800001FA06F6E1401F1A41EA02038EE72B43C5
:1047900024D14408731003F17F53F20703F500138B
:1047A00048BF44F0004403EB075127463846BDE8B4
:1047B000F081A942AAD8002901EB020EC2DB98467B
:1047C0000023BBE702460B46FEF796F83A462B4617
:1047D000FDF7DCFE07463846BDE8F081411C16BFF8
:1047E000421C01365408D5E70246FDF7CDFE0246CD
:1047F0000B46FEF7ABF90746D8E71A4621463B467B
:10480000B2E70E4620244FF0FF30BBE70000F07FF8
:104810002DE9F84F30F000435DD0002801460446F2
:1048200060DBB0F1FF4F75DAB0F5000F80F2DD808C
:104830004FF0984101F08CFA6FF0180604467F4A59
:10484000C4F316052A4402F40002E41582F07E50F7
:104850007F3C34444FF07E51284304EBD25401F0A6
:104860006DF905F10F03C3F316030F2B064655DC54
:10487000002101F001FC00283BD17149304601F0D4
:1048800067FA01464FF07C5001F058F93146054671
:10489000304601F05DFA0146284601F059FA054616
:1048A000002C00F0B180204601F0FEF96549074672
:1048B00001F04EFA64490446384601F049FA0146CF
:1048C000284601F03BF9314601F038F9014620460F
:1048D00001F034F904E000214FF04C4001F0ECFA13
:1048E000BDE8F88F01F02AF9002101F0E5FABDE8F2
:1048F000F88F002C00F09F80204601F0D5F9514937
:10490000054601F025FA50490446284601F020FAF0
:104910000146204601F014F9BDE8F88F4FF08041C0
:1049200001F00EF90146304601F0C6FA80462046F5
:1049300001F0BAF941468146404601F009FA0146C4
:10494000834601F005FA4149DFF81CA1074601F052
:10495000FFF93F4901F0F4F8394601F0F9F93D4912
:1049600001F0EEF8394601F0F3F93B4901F0E8F8BF
:10497000594601F0EDF939498346384601F0E8F926
:10498000374901F0DDF8394601F0E2F9354901F027
:10499000D7F8394601F0DCF90146584601F0D0F865
:1049A000C5F55713AA4403F5227343EA0A03002B03
:1049B00007462EDD4FF07C51304601F0C9F93146F3
:1049C00001F0C6F901460546384601F0B9F84146FE
:1049D00001F0BEF9074654B90146284601F0AEF889
:1049E0000146304601F0AAF87AE7002627E7154984
:1049F000484601F0ADF914490446484601F0A8F9CB
:104A0000394601F09DF85AE72946304601F096F8FC
:104A100066E70146304601F091F8414601F098F909
:104A20000546002CF0D00749484601F091F90649A7
:104A30000446484641E7002052E700BF20FB4A00F9
:104A4000ABAAAA3E8071313FD1F717379788173E3E
:104A500025333A3E2549923EABAA2A3F4FD01C3E11
:104A6000298E633ECDCCCC3E305CCFFF30F000438E
:104A700070B538D00028014604463ADBB0F1FF4F4C
:104A80002EDAB0F5000F3ADA4FF0984101F060F9F4
:104A90006FF018020446E0157F381044C50F284413
:104AA00001F002F9C4F316040646C5F17F0044EA9A
:104AB000C050FFF7ADFE13490546304601F048F9F6
:104AC00011490446284601F043F90146204601F009
:104AD00037F80E490446304601F03AF901462046BF
:104AE00001F02EF870BD00214FF04C4001F0E4F9C8
:104AF00070BD01F023F8002101F0DEF970BD002245
:104B0000C9E700BFDB275435D95BDE3E80209A3EE3
:104B10002DE9F04FAA4A20F00044944289B06FDD9D
:104B2000A84A944206460D461CDC002824F00F04D7
:104B3000A5496DDD01F002F8A44B9C42064600F049
:104B4000E980A34900F0FAFF01462860304600F0F2
:104B5000F5FF9F4900F0F2FF01276860384609B071
:104B6000BDE8F08F9B4A944268DDB4F1FF4F80F2BC
:104B7000CA80E715863FA4EBC754204601F0C4FA6B
:104B800001F092F8034601462046059300F0D6FF57
:104B90004FF0874101F0DCF8804601F0B5FA01F0F2
:104BA00083F8014604464046069400F0C7FF4FF0E4
:104BB000874101F0CDF80021079001F05DFA00284F
:104BC00000F0DB802046002101F056FA002814BFD7
:104BD00001230223804A019202213A46009105A84E
:104BE000294600F01FFA002E07460DDAD5E900230A
:104BF00002F1004203F1004347422A606B6003E088
:104C0000002208604A600027384609B0BDE8F08FEE
:104C100000F096FF6D4B9C42064600F09B806C496D
:104C200000F08EFF01462860304600F087FF68499B
:104C300000F086FF4FF0FF376860E5E700F064FEA4
:104C40006649804601F084F84FF07C5100F078FF0F
:104C500001F05AFA074601F027F85B49834601F054
:104C600077F80146404600F069FF594981465846A9
:104C700001F06EF81F2F8246014648465CDD00F0C9
:104C80005DFF8046E215C8F3C753D31A082B5EDDDB
:104C900053490392584601F05BF880460146484666
:104CA00000F04CFF01460446484600F047FF4146ED
:104CB00000F044FF4B498046584601F049F8414610
:104CC00000F03CFF01468246204600F037FF039A81
:104CD000C0F3C753D21A192A804650DC2860A14677
:104CE0004146484600F02AFF514600F027FF002EBB
:104CF000686089DA08F1004800F10040C5F80080DA
:104D000068607F4280E7014600F018FF0027686076
:104D1000286079E7324900F011FF3249044600F07B
:104D20000DFF01462860204600F008FF2D4900F0E5
:104D300005FF0127686067E700F000FF2A4A791E37
:104D400024F0FF0352F82120934280469AD0C5F800
:104D50000080C5E7224900F0F3FE2249044600F036
:104D6000EFFE01462860204600F0E8FE1D4900F0F5
:104D7000E7FE4FF0FF37686046E703232AE71B4949
:104D8000584600F0E5FF80460146204600F0D6FE7A
:104D900001468146204600F0D1FE414600F0CEFE9D
:104DA00013490446584600F0D3FF214600F0C6FEE2
:104DB00001468246484600F0C1FE8046C7E700BF74
:104DC000D80F493FE3CB1640800FC93FD00FC93FF2
:104DD00043443537800F4943188A020084F9223F43
:104DE0000044353708A3852E9889020000A3852E3C
:104DF00032318D2420F00042B2F1FF4FF8B5044665
:104E00003BD2CAB3002803463EDBB2F5000F4FEA9F
:104E1000E0500AD214F4000201D03CE00A465B00E4
:104E20001C0202F10101F9D5801AC3F316037F3881
:104E300043F40002C1074FF000064FEA42034FEA75
:104E4000600748BF9300314619244FF080728D18D7
:104E50009D4202DC5B1BA9181644013C4FEA430348
:104E60004FEA5202F3D113B1013626F00106701059
:104E700000F17C5000EBC750F8BD014600F068FF20
:104E8000214600F05DFEF8BD014600F057FE0146E8
:104E900001F012F8F8BD4FF0FF32C5E72DE9F843F5
:104EA00020F00045B5F1485F06460F4649DA01F0AB
:104EB0002BF9002800F099803146304600F048FF79
:104EC0004E49044600F044FF4D4900F039FE2146AA
:104ED00000F03EFF4B4900F031FE214600F038FF64
:104EE000494900F02DFE214600F032FF474900F00D
:104EF00025FE214600F02CFF454900F021FE214609
:104F000000F026FF80464FF07C51204600F020FF45
:104F100041460546204600F01BFF39460446304610
:104F200000F016FF0146204600F008FE0146284624
:104F300000F004FE01464FF07E5000F0FFFDBDE89A
:104F4000F883014600F004FF2C49044600F000FFFE
:104F50002B4900F0F5FD214600F0FAFE294900F04A
:104F6000EDFD214600F0F4FE274900F0E9FD214661
:104F700000F0EEFE254900F0E1FD214600F0E8FEDC
:104F8000234900F0DDFD214600F0E2FE214B9D4269
:104F90008046B8DD204B9D422BDC05F17F4529463C
:104FA0004FF07E5000F0CAFD81464FF07C51204604
:104FB00000F0CEFE294600F0C1FD414605462046E0
:104FC00000F0C6FE39460446304600F0C1FE0146F8
:104FD000204600F0B3FD0146284600F0AFFD014633
:104FE000484600F0ABFDBDE8F8834FF07E50BDE8C9
:104FF000F883DFF82C90094DD7E700BF4ED747ADB7
:10500000F6740F317CF29334010DD037610BB63A50
:10501000ABAA2A3D9999993E0000483F0000903E76
:105020000000383F2DE9F04FDDB0C64C0793013B3F
:105030000193D31E48BF131DDB10669D0B9123EA1D
:10504000E37154F8254004944B1CA2EBC303059371
:10505000049A019B0991CF1AD318064618D43B44F1
:1050600000255C1C0DF18008DDF89C9108E059F8E2
:10507000270000F019FE0137A74248F8040B07D0BB
:10508000002FF4DA01372846A74248F8040BF7D17D
:10509000049B002BC0F2FD82079B0499321F9B00EA
:1050A000D518039220AA89000693D61849AB02911D
:1050B00003EB010848AF4FF00009019B002BC0F241
:1050C0009F81039CB246CB465AF8041D54F8040F46
:1050D00000F03EFE0146584600F032FDAC428346E9
:1050E000F2D147F804BB474506F10406E5D1029A20
:1050F00006990398049C0DF1300AA2F10803534469
:105100000A930BAB014413440D460893A3005CAA19
:105110000293D318002C53F850BC22DD0DF5907883
:1051200008EB840657464FF06E51584600F010FECB
:1051300000F0EAFF00F0B8FD4FF08741814600F033
:1051400007FE0146584600F0F9FC00F0DDFF56F876
:10515000041D47F8040B484600F0F2FC4645834620
:10516000E1D1059F5846394600F016FC4FF07851C2
:10517000064600F0EDFD00F0CBFB4FF0824100F061
:10518000E7FD0146304600F0D9FC064600F0BCFFC2
:10519000834600F089FD0146304600F0CFFC002F29
:1051A000064640F3D180611EC7F108035AF821205A
:1051B000384642FA03F707FA03F3D31AC0F1070897
:1051C0004AF82130BB4443FA08F8B8F1000F29DD52
:1051D000002C0BF1010B40F34582DAF80070002F30
:1051E00040F09780012C0AD05146012251F8047FEB
:1051F000531C002F40F08F809C421A46F6D1059B2D
:10520000002B0BDD012B00F09781022B06D1621ED3
:105210005AF8223003F03F034AF82230B8F1020F67
:1052200000F0D7800021304600F026FF002800F073
:10523000A180049B671EBB420FDC04F18043013B4D
:1052400008980AEB8303002253F80419834242EAC8
:105250000102F9D1002A40F0DC80049B013B5AF89E
:105260002330002B40F0C9800A9B4FF0010853F80F
:10527000042908F10108002AF9D008EB040304F11D
:1052800001099945069339DC099A079909EB020649
:1052900002EB030B06F18046679B013E03EB86069B
:1052A00048AB03EB8909679B0C4403EB8B0320A9F4
:1052B00001EB8404029356F8040F00F0F5FC019B07
:1052C0002746002B47F8040B1ADB043CDDF80CB032
:1052D0004FF0000801E054F804095BF8041F00F0E7
:1052E00037FD0146404600F02BFCAB458046F2D12D
:1052F000029B49F8048B9E423C46DCD1069C05E7A4
:10530000029B4FF000089E4249F8048B3C46D2D1E4
:10531000F4E701230022C7F580779C424AF8227007
:105320000EDD02995AF82320514489460AEB830383
:1053300000E01A68C2F1FF0243F8042B4B45F8D194
:1053400001275CE76C8D020005D1631E5AF82330FB
:105350004FEA232839E74FF07C5100F0ABFE0028DC
:1053600040F0798180460021304600F085FE00281B
:105370007FF45FAF059BCDF808805942304600F0BE
:105380000BFB4FF08741054600F094FE002800F02B
:105390006B814FF06E51284600F0DAFC00F0B4FE4D
:1053A00000F082FC4FF08741064600F0D1FC014638
:1053B000284600F0C3FB00F0A7FE4AF82400304660
:1053C00000F0A2FE059B671C083305934AF82700EE
:1053D00033E031464FF07E5000F0B0FB0646002F20
:1053E0003FF420AF05994FF07E5000F0D5FA01460A
:1053F000304600F0A3FB064614E74FF001083CE7F7
:10540000CB4647F804BB474506F104067FF455AE8A
:105410006DE6059A5AF82730CDF80880083A0592CB
:105420005BB907F18043013B0AEB830353F804198E
:10543000013F083A0029F9D0059205994FF07E50B6
:1054400000F0AAFA002F0446C0F22C814FEA870828
:1054500048AA08F10403904406934FF06E560AEBF5
:10546000030908F1040559F8040D00F01DFC21465C
:1054700000F06EFC314645F8040D204600F068FC53
:10548000D1450446EFD134AB7A1CDDF8109003937C
:10549000A8F10408019200269A46CDF814B00497AA
:1054A000B9F1000FC0F2D5808D4D8E48C34600275C
:1054B000002403E0B4420DDC55F8040F5BF8041F30
:1054C00000F046FC0146384600F03AFB0134A145A5
:1054D0000746EFDA019B4AF8047B01369E42A8F1A9
:1054E0000408DDD1669BDDE9047B032B1FD8DFE8D0
:1054F00003F09A87872B029B0020002B40F0BB8093
:105500000B9B01461860349800F018FB002F0CDD4F
:1055100034AD0124013455F8041F00F011FBA742FB
:10552000F8DA029B002B40F0B1800B9B58600BF027
:1055300007005DB0BDE8F08F621E5AF8223003F01C
:105540007F034AF8223069E6002F40F3C680BE0090
:105550005CAB334434AA53F8A08C0392941992465E
:1055600054F8049C4146484600F0EAFA05460146D4
:10557000484600F0E3FA414600F0E2FA206044F8C1
:10558000045DA245A846EBD1012F40F3A6805CAB99
:105590003344039A53F8A08C1644344635AF54F87C
:1055A000049C4146484600F0CBFA05460146484671
:1055B00000F0C4FA414600F0C3FA206044F8045DEC
:1055C000A742A846EBD1039D00200436083556F8C3
:1055D000041D00F0B5FAB542F9D10299349A359B11
:1055E00029B102F1004203F1004300F100400B99A0
:1055F00088600BF007000A604B605DB0BDE8F08F7B
:10560000002FFFF678AF34AD05EB8704002004349B
:1056100054F8041D00F094FAA542F9D1029B002B26
:105620003FF46EAF27E0069B039D1C4600202C44F0
:1056300054F8041D00F084FAA542F9D1029B0BB185
:1056400000F100400B9B18600BF007005DB0BDE857
:10565000F08F00273EE7002C0BF1010B34DD4FF0FB
:105660000208BAE50027CAE5284600F04DFD2746A6
:105670004AF82400E1E60B9A00F10043014613606A
:10568000349800F05BFA002F3FF742AF00F1004082
:105690004BE7331F0393079B9B000693049B9B00E0
:1056A000029324E5669B032B3FF641AF01A252F81B
:1056B00023F000BFC5560200015602000156020049
:1056C000495502000020B9E731464FF07E5000F006
:1056D00035FA4FF002080646A4E500207DE700BF3A
:1056E000408D02000000C93F2DE9F84320F000433F
:1056F000B3F1485F04460F46904603DA00F004FD1C
:10570000002858D02146204600F022FB05460146DD
:10571000204600F01DFB29490646284600F018FBEC
:10572000274900F00BFA294600F012FB254900F04A
:1057300007FA294600F00CFB234900F0FFF929463F
:1057400000F006FB214900F0FBF98146B8F1000F9B
:1057500022D04FF07C51384600F0FAFA4946804694
:10576000304600F0F5FA0146404600F0E7F92946D8
:1057700000F0EEFA394600F0E1F9154905463046E9
:1057800000F0E6FA0146284600F0DAF90146204624
:1057900000F0D4F9BDE8F8830146284600F0D8FAB5
:1057A0000B4900F0CBF9314600F0D2FA214600F067
:1057B000C7F9BDE8F8832046BDE8F883D3C92E2F8A
:1057C000342FD7321BEF3836010D50398988083C09
:1057D000ABAA2A3E41F0004101F58010C00F70478E
:1057E0000020704700200149704700BF0000F87F8B
:1057F0002DE9F041C1F30A57A7F2FF35132D82B00E
:1058000002460B460C464FEAD178064633DC002DA3
:105810004EDB3B49294103EA0100104326D04908E9
:105820000B4052EA03060CD04FF48023132D24EAD8
:10583000010143FA05F444EA01040CBF4FF00046AD
:105840000026304901EBC8082346D8E90045324616
:1058500020462946FCF79AFECDE9000122462B4658
:10586000DDE90001FCF790FE02460B4610461946A2
:1058700002B0BDE8F081332D07DDB5F5806FF5D1BD
:10588000FCF784FE02460B46F0E7A7F213474FF001
:10589000FF31F9400842E9D049080842D1D04FF021
:1058A000804320EA010143FA07F741EA0706C8E707
:1058B00021F000410143D9D0C3F3130101434E420B
:1058C000104D0E43360B05EBC8055C0C06F40023A7
:1058D000D5E90067640443EA04010B4630463946C3
:1058E000FCF754FECDE9000132463B46DDE90001FC
:1058F000FCF74AFE21F00041024641EAC873B5E7D1
:10590000FFFF0F00F86C020020F00040704700BF5E
:105910002DE9F04120F00047FC0D7F3C162C054698
:1059200018DC002C804620DB184F2741384214D069
:10593000174900F005F9002100F0C6FB68B1002D01
:1059400004DA4FF4000343FA04F4A04428EA070001
:10595000BDE8F081B7F1FF4F02D22846BDE8F081E3
:10596000014600F0EDF8BDE8F081094900F0E8F8E3
:10597000002100F0A9FB0028EFD0002D01DB002062
:10598000ECE7002FE9D00348E8E700BFFFFF7F0006
:10599000CAF24971000080BF10B50C4630F00041DA
:1059A000034610D0B1F1FF4F0ED2B1F5000F0FD367
:1059B0000246C80D2044FE281EDC002824DD22F00B
:1059C000FF4242EAC05010BD014600F0B9F810BDD8
:1059D0004FF0984100F0BCF9184A9442034607DBA7
:1059E0000246C0F3C7501938E4E7154800F034F810
:1059F000134900F0ADF910BD1946124800F02CF81B
:105A0000104900F0A5F910BD10F1160F0BDA4CF299
:105A1000503294421946E8DD0A4800F01DF8094961
:105A200000F096F910BD22F0FF42193042EAC05052
:105A30004FF04C5100F08CF910BD00BFB03CFFFF9F
:105A40006042A20DCAF2497103F0004321F0004206
:105A500042EA0301704700BF01F0004120F000401E
:105A60000843704710B5054C13462CB10A46014651
:105A70000220AFF3008010BD2046FCE700000000CC
:105A8000014B1868704700BF4C00002070B50D4EE8
:105A90000D4CA41BA4100025A54209D10B4E0C4CA3
:105AA00003F0F0F9A41BA4100025A54205D170BD98
:105AB00056F8253098470135EEE756F825309847D7
:105AC0000135F2E7908E0200908E0200908E020067
:105AD000A08E0200024B0146186800F0A7BC00BF70
:105AE0004C00002038B5074C0023054608461146F7
:105AF000236000F037FB431C02D1236803B12B6005
:105B000038BD00BFD40B0020084B37B51C68084DCA
:105B1000236A002B08BF2B46009313460A46014612
:105B2000204600F0E4FC03B030BD00BF4C00002074
:105B3000B000002080F0004002E000BF81F0004192
:105B400042001FBF5FEA410392EA030F7FEA226C23
:105B50007FEA236C6AD04FEA1262D2EB1363C1BFB3
:105B6000D218414048404140B8BF5B42192B88BF22
:105B7000704710F0004F40F4000020F07F4018BF45
:105B8000404211F0004F41F4000121F07F4118BF65
:105B9000494292EA030F3FD0A2F1010241FA03FC0D
:105BA00010EB0C00C3F1200301FA03F100F00043F5
:105BB00002D5494260EB4000B0F5000F13D3B0F1BD
:105BC000807F06D340084FEA310102F10102FE2A2C
:105BD00051D2B1F1004F40EBC25008BF20F001009C
:105BE00040EA03007047490040EB000010F4000F4A
:105BF000A2F10102EDD1B0FA80FCACF1080CB2EBDD
:105C00000C0200FA0CF0AABF00EBC250524218433B
:105C1000BCBFD0401843704792F0000F81F40001E0
:105C200006BF80F400000132013BB5E74FEA4103B3
:105C30007FEA226C18BF7FEA236C21D092EA030F1F
:105C400004D092F0000F08BF0846704790EA010F99
:105C50001CBF0020704712F07F4F04D1400028BFC6
:105C600040F00040704712F100723CBF00F50000A8
:105C7000704700F0004343F0FE4040F400007047DE
:105C80007FEA226216BF08467FEA2363014642028A
:105C900006BF5FEA412390EA010F40F4800070479D
:105CA0004FF0000304E000BF10F0004348BF404243
:105CB0005FEA000C08BF704743F0964301464FF07F
:105CC00000001CE050EA010208BF70474FF00003DB
:105CD0000AE000BF50EA010208BF704711F000431C
:105CE00002D5404261EB41015FEA010C02BF8446EC
:105CF0000146002043F0B64308BFA3F18053A3F54B
:105D00000003BCFA8CF2083AA3EBC25310DB01FA91
:105D100002FC634400FA02FCC2F12002BCF1004F15
:105D200020FA02F243EB020008BF20F001007047A6
:105D300002F1200201FA02FCC2F1200250EA4C00FA
:105D400021FA02F243EB020008BF20EADC70704740
:105D50004FF0FF0C1CEAD0521EBF1CEAD15392EA4E
:105D60000C0F93EA0C0F6FD01A4480EA010C40022A
:105D700018BF5FEA41211ED04FF0006343EA501084
:105D800043EA5111A0FB01310CF00040B1F5000FC6
:105D90003EBF490041EAD3715B0040EA010062F175
:105DA0007F02FD2A1DD8B3F1004F40EBC25008BF5F
:105DB00020F00100704790F0000F0CF0004C08BF7D
:105DC00049024CEA502040EA51207F3AC2BFD2F14A
:105DD000FF0340EAC250704740F400004FF0000358
:105DE000013A5DDC12F1190FDCBF00F00040704792
:105DF000C2F10002410021FA02F1C2F1200200FAD0
:105E000002FC5FEA310040F1000053EA4C0308BF96
:105E100020EADC70704792F0000F00F0004C02BFE7
:105E2000400010F4000F013AF9D040EA0C0093F062
:105E3000000F01F0004C02BF490011F4000F013BBC
:105E4000F9D041EA0C018FE70CEAD15392EA0C0F2A
:105E500018BF93EA0C0F0AD030F0004C18BF31F095
:105E6000004CD8D180EA010000F00040704790F06B
:105E7000000F17BF90F0004F084691F0000F91F00F
:105E8000004F14D092EA0C0F01D142020FD193EAD5
:105E90000C0F03D14B0218BF084608D180EA01005D
:105EA00000F0004040F0FE4040F40000704740F039
:105EB000FE4040F4400070474FF0FF0C1CEAD05207
:105EC0001EBF1CEAD15392EA0C0F93EA0C0F69D063
:105ED000A2EB030280EA010C49024FEA402037D0CE
:105EE0004FF0805343EA111143EA10130CF00040C5
:105EF0008B4238BF5B0042F17D024FF4000C8B42B5
:105F000024BF5B1A40EA0C00B3EB510F24BFA3EB94
:105F1000510340EA5C00B3EB910F24BFA3EB910364
:105F200040EA9C00B3EBD10F24BFA3EBD10340EABE
:105F3000DC001B0118BF5FEA1C1CE0D1FD2A3FF604
:105F400050AF8B4240EBC25008BF20F001007047B9
:105F50000CF0004C4CEA50207F32C2BFD2F1FF035C
:105F600040EAC250704740F400004FF00003013A8D
:105F700037E792F0000F00F0004C02BF400010F431
:105F8000000F013AF9D040EA0C0093F0000F01F045
:105F9000004C02BF490011F4000F013BF9D041EA67
:105FA0000C0195E70CEAD15392EA0C0F08D142029A
:105FB0007FF47DAF93EA0C0F7FF470AF084676E76D
:105FC00093EA0C0F04D14B023FF44CAF08466EE746
:105FD00030F0004C18BF31F0004CCAD130F0004214
:105FE0007FF45CAF31F000437FF43CAF5FE700BF6C
:105FF0004FF0FF3C06E000BF4FF0010C02E000BF95
:106000004FF0010C4DF804CD4FEA40024FEA410336
:106010007FEA226C18BF7FEA236C11D001B052EAEC
:10602000530C18BF90EA010F58BFB2EB030088BFB2
:10603000C81738BF6FEAE17018BF40F00100704721
:106040007FEA226C02D15FEA402C05D17FEA236C03
:10605000E4D15FEA412CE1D05DF8040B704700BF4A
:10606000844608466146FFE70FB5FFF7C9FF0028E1
:1060700048BF10F1000F0FBD4DF808EDFFF7F4FF1A
:106080000CBF012000205DF808FB00BF4DF808EDB3
:10609000FFF7EAFF34BF012000205DF808FB00BFD6
:1060A0004DF808EDFFF7E0FF94BF012000205DF8F8
:1060B00008FB00BF4DF808EDFFF7D2FF94BF0120A9
:1060C00000205DF808FB00BF4DF808EDFFF7C8FFA2
:1060D00034BF012000205DF808FB00BF4FEA4002FA
:1060E0004FEA41037FEA226C02D15FEA402C08D1DB
:1060F0007FEA236C02D15FEA412C02D14FF000000D
:1061000070474FF0010070474FEA4002B2F1FE4F76
:106110000FD34FF09E03B3EB12620DD94FEA002369
:1061200043F0004310F0004F23FA02F018BF404242
:1061300070474FF00000704712F1610F01D1420229
:1061400005D110F0004008BF6FF0004070474FF0DD
:1061500000007047024B58221A604FF0FF30704722
:10616000D40B0020024B58221A604FF0FF307047CA
:10617000D40B0020FEE700BF182A70B514460E4667
:10618000054602D9FAF79CF830B92246314628462E
:10619000BDE87040E7F706BF224631462846BDE815
:1061A0007040E7F777BF02682DE9F0471268089E54
:1061B0000C46002107469946904720252368012177
:1061C0001B6820469847236800211B682046984793
:1061D000013DF3D116B309EB060A0AF1FF3A09F1C2
:1061E000FF3919F8018F082680253B6818EA050F4A
:1061F00014BF012100211B683846984723680121FC
:106200001B6820469847236800211B682046984752
:10621000013E4FEA5505E8D1CA45E2D13B68384610
:106220001B68012198472025236801211B6820460F
:106230009847236800211B6820469847013DF3D109
:10624000BDE8F0872DE9F041069EA0B199B193B168
:106250008EB1182E07461D4690460C4602D9FAF715
:106260002FF850B906962B46424621463846BDE8DF
:10627000F041FFF798BFBDE8F08106962B464246F5
:1062800021463846BDE8F041E7F76EBFA0B19BB1AB
:1062900030B55C6883B06CB1042A03F1080306D002
:1062A0002246194603B0BDE83040FFF765BF0094B1
:1062B000FFF7C8FF03B030BD70472DE9F04182B051
:1062C0004FF0FF31142002AFE4F768FEE7F7D8FF84
:1062D00000210546C820E4F761FE0DB1002838DA38
:1062E0004FF0FF310820E4F759FEE7F7C9FF4FF000
:1062F000FF3105460720E4F751FEE7F7C1FF002113
:106300000646C920E4F74AFE05B3FEB100281DDDAC
:106310008400E31D23F00703E846ADEB030D02AB59
:10632000184622460021ECF721FF002C034605DD2C
:106330000022E021995404329442FBDC009431465F
:1063400028464FF48072FFF72EFFC546BD46BDE8D4
:10635000F08100EB4004E31D23F007036E46ADEB34
:10636000030D02AB184622460021ECF7FFFE0CB9E4
:10637000B546B5E7014622462846FFF7FDFEB5467D
:10638000AEE7E6F7F7B800F005B80B460146184649
:10639000FFF768BB10B5002814BF0446012420464F
:1063A000E6F798FA30B9FCF7DBF808B900F00FF817
:1063B0008047F4E710BD08B500F004F808B5804741
:1063C00000F005F808B5FCF7D3F8FFF7F7FF08B5BC
:1063D0000620FFF77FFB0120FFF7CCFE30B500243D
:1063E000A24201D1002007E0035D01340D1915F828
:1063F000015CAB42F4D0581B30BD884210B501EBB4
:10640000020307D8421E99420AD011F8014B02F844
:10641000014FF8E78342F5D98118D21AD34200D14F
:1064200010BD13F8014D01F8014DF7E71F2938B5EC
:1064300004460D4604D9162303604FF0FF3038BDE3
:10644000426C12B152F821304BB9204600F016F8D8
:106450002A4601462046BDE83840FFF743BB012BE2
:106460000AD0591C03D1162303600120E7E700245A
:1064700042F82540284698470020E0E7FFF76ABE2B
:10648000C9B2034610F8012B1AB18A42F9D1184655
:106490007047002918BF0023F9E7034611F8012BC4
:1064A00003F8012B002AF9D17047034613F8012B9A
:1064B000002AFBD1181A01387047F0B503787BB178
:1064C000044623782046661C7BB14A1E631E12F8E0
:1064D000015F4DB113F8017FAF423446F7D0F0E7CA
:1064E0000B78002B18BF0020F0BD1846FCE72DE903
:1064F000F0478046894692461E460F463D4608981C
:1065000015F8014B00F06EF82044437813F00803AF
:1065100032D12D2C32D17C78BD1C0122002E5DD0D1
:10652000102E09D1302C07D12B7803F0DF03582B24
:106530004FD16C7810260235002A14BF4FF000416D
:106540006FF000410027B1FBF6FC384606FB1C1E2D
:10655000A4F13003092B17D81C46A64223DD7B1C6F
:1065600007D084451CD301D1A64519DB00FB0640AA
:10657000012715F8014BEBE72F46BFE72B2C04BF93
:10658000BD1C7C781A46C9E7A4F14103192B01D838
:10659000373CE2E7A4F16103192B04D8573CDCE750
:1065A0004FF0FF37E5E77B1C08D12223C8F8003005
:1065B0000846BAF1000F07D1BDE8F08702B14042AA
:1065C000BAF1000FF8D00FB105F1FF39CAF8009009
:1065D000F2E73024002EAFD10826ADE7302CA3D04F
:1065E0000A26A9E7D0F8EC00704782B001B901A9EA
:1065F00042B14BB113780B601278101C18BF012008
:1066000002B070471046FBE76FF00100F8E749B1B0
:10661000FF2A85BF8A2303600A704FF0FF3098BFBE
:10662000012070470846704700000000000000008D
:10663000000000000000000000000000000000005A
:106640000108010842424242010801083ED8E98D92
:1066500000000000D593000039940000E994000088
:10666000199500008DD40000D1EA000079CB00001C
:1066700069CF000075CF00008DCF000089AF00000A
:1066800081CF0000DDCB000049CF000091BC0000AD
:106690009DAF000025B3000051B2000001B2000020
:1066A00055B40000BDAC0000C1AE0000D1AE00008A
:1066B000E5AE000001AF0000D9B7000039B7000017
:1066C00011BD000069BD000049FA00004DFA00004C
:1066D0005C6F02002C6F0200B46E0200FC6E0200C0
:1066E0008C6F0200F86F02002870020040720200F6
:1066F00081CA000039CC000029CA000025BF000073
:1067000069FA000061FA000065FA000041BB000070
:1067100075B90000E5B9000085B0000099B000002F
:10672000B9B0000049B100005DB1000095B10000B2
:1067300019AB00002DAF000041AF000045AF0000D5
:106740004DAF000059AF000061AF000071AF000015
:1067500079AF000081AF000029B9000059B90000ED
:106760002DCC000039D0000065D00000D1D0000051
:1067700019BF000031BF00003DC80000F1A80000B3
:10678000FDA8000055A900005DA9000079AE000039
:1067900085AE0000CDA9000075AB000069AD00001A
:1067A0007DAB0000E9AB0000A5AC0000B5AC00007B
:1067B00005B90000A1B40000C9B40000F1B40000A4
:1067C00049B5000075B5000029B3000021B40000F0
:1067D00059B3000089B30000B1B30000D9B3000081
:1067E000F9B3000095BA0000B9BA0000DDBA0000A4
:1067F00001BB000021BB000009B9000019B900006D
:10680000B9B70000C9B70000D5B500000DAF000052
:10681000FDB50000B5B60000C9B60000DDB6000049
:10682000F1B6000005B7000019B700001DAF000069
:1068300025AF000051FA000089AF000099AF0000B9
:106840009DAF000019B000001DB0000021B0000095
:1068500035B0000069B000006DB000007DB00000F0
:10686000A9B10000B5B10000B9B1000041BC000001
:1068700085BD00009DBD0000C1BD000015BE00002B
:1068800035BE0000219900003599000049990000AB
:106890005D990000719900008599000099990000A8
:1068A000AD99000021D1000049D100005DD1000068
:1068B00071D1000085D1000099D10000ADD1000058
:1068C000C1D10000259A0000299A0000419A0000D9
:1068D000559A00006D9A0000819A0000FD9D00000D
:1068E000399F0000E59A0000E99A0000199B00001A
:1068F000459B0000C59B0000D19B0000159C00003B
:10690000899C0000A19C0000C99C0000D19C000053
:1069100071CA000075CA0000599F00005D9F000009
:10692000699F00006D9F0000719F0000799F00002B
:106930007D9F0000819F0000A19F0000BD9F00007F
:10694000E59F0000E99F0000F19F000005A0000006
:1069500011A0000015A00000D5D1000055D2000004
:10696000E9D200004DD3000055D300005DD30000F4
:106970006DD300007DD300008D6202008D250200E2
:10698000DD2D0200192E0200892502004D2B020088
:10699000F92802008DD4000085EA0000E1E1000042
:1069A0004DE2000081E2000095E20000E9E2000013
:1069B000EDE20000F5E2000001E3000009E3000061
:1069C00045E4000055E400005DE400007DE40000C3
:1069D000B5E4000031E5000075E600001DE70000A9
:1069E00025E700003DE7000045E7000085D70000EF
:1069F0009DD70000ADD70000B5D70000CDD700006F
:106A0000E9D70000D1DE000019DF000039DE000008
:106A100085E80000E1E80000F9E8000001E9000075
:106A200045E900004DE900008DDF000091DF000026
:106A30009DDF0000A1DF0000A9EE0000ADEE000028
:106A4000B1EE0000B5EE0000B9EE0000BDEE0000B2
:106A5000C1EE0000D1EC000001ED000095EE000059
:106A600099EE00009DEE0000A1EE0000A5EE0000F2
:106A7000C5EE000039EF00009DEF000001F00000BE
:106A800071F000008DF00000F9F000003DF800000A
:106A900039FA000029F90000C1F9000079F8000076
:106AA0007DF8000081F8000085F8000089F80000FA
:106AB0008DF8000091F8000095F8000099F80000AA
:106AC0009DF80000FD42010029430100B14301008F
:106AD000FD430100494401005944010025460100DD
:106AE00041FF000049FF000051FF000061FF00006E
:106AF00075FF0000991E010081FF0000B1FF00003A
:106B000015030100BDFF00002100010095030100F5
:106B1000450501005D05010085050100D52E010038
:106B200091050100F10501001D2D0100A92F0100B3
:106B30003D0601003D07010035300100B52C010084
:106B4000792C0100A12C01003131010069090100FB
:106B5000510A0100050D0100650F0100D11101006E
:106B60003D16010005170100551C0100FD1C010028
:106B7000F91D01006931010055300100D5520100B5
:106B8000FD5201001D530100415301008D530100CE
:106B9000D153010001720100D5720100F1720100B0
:106BA0000D73010031730100517301007173010015
:106BB000017401001D740100A17401000175010040
:106BC00001000000000000000A00000000000000BA
:106BD0006400000000000000E80300000000000066
:106BE0001027000000000000A08601000000000047
:106BF00040420F0000000000809698000000000056
:106C000000E1F5050000000000CA9A3B000000000A
:106C100000E40B540200000000E876481700000072
:106C20000010A5D4E800000000A0724E1809000072
:106C300000407A10F35A00004FBB610567ACDD3F9E
:106C4000182D4454FB21E93F9BF681D20B73EF3F93
:106C5000182D4454FB21F93FE2652F227F2B7A3C0B
:106C6000075C143326A6813CBDCBF07A8807703CC4
:106C7000075C143326A6913C000000000000E03FB2
:106C8000000000000000E0BF0000E0FE422EE63FF2
:106C90000000E0FE422EE6BF763C7935EF39EA3D52
:106CA000763C7935EF39EABD0000000000000000B5
:106CB000000000000000008000000040FB21F93FC0
:106CC000000000002D44743E000000809846F83C0F
:106CD0000000006051CC783B00000080831BF0393D
:106CE0000000004020257A38000000802282E33630
:106CF000000000001DF36935000000000000304373
:106D000000000000000030C3000000000000000090
:106D10003195000039950000BDAC0100F5AC0100D3
:106D20003D950000519500001D8801008D870100F0
:106D3000D58701009187010085AB010015AD0100E9
:106D40009D8B010075707369646500006E6F726DD4
:106D5000616C0000636F6F7264696E6174652073AB
:106D6000706163653A202564202F2025642C20253E
:106D7000730000006163633A206D6F756E74696E15
:106D8000670000006163633A207573696E67205382
:106D900044412C2053434C006163633A206E6F20C2
:106DA00069326320617661696C61626C6500000024
:106DB0006163633A206E6F74206465746563746503
:106DC000640000006163633A206465746563746500
:106DD00064202564000000006163633A2064616DF3
:106DE0006167656420616363656C6572656F6D746E
:106DF0006572206F7220696E76616C696420414310
:106E000043454C45524F4D455445525F54595045AA
:106E1000000000006163633A20696E76616C69640A
:106E200020414343454C45524F4D455445525F54D4
:106E3000595045006163633A206D6F756E746564E7
:106E40000000000030313233343536373839616272
:106E500063646566000000006661696C65642074A7
:106E600079706520636865636B20666F722025709A
:106E700020402570000000005654202570202D2051
:106E80006F626A7479706520256420636C61737326
:106E90004E6F202564000000756E68616E646C653D
:106EA0006420657863657074696F6E2C2076616C00
:106EB00075653A000C0003F90000000001000000B5
:106EC0000000000019A6000091BC00008DA4000085
:106ED00001A60000CDA50000C1A50000B5A50000D9
:106EE000E1A500006D697373696E672070726F7041
:106EF00065727479206F6E20257000000C0003F914
:106F000000000000010000000000000019A60000C1
:106F100091BC000081A400006DA3000071A30000DB
:106F20007DA3000081A3000085A300000C0003F9ED
:106F300000000000010000000000000019A6000091
:106F400091BC0000F9A50000D5A20000DDA2000060
:106F5000E1A20000E5A2000029A300000C0003F953
:106F600000000000010000000000000019A6000061
:106F700091BC000011A60000B5A20000BDA2000057
:106F8000C1A2000015A60000C5A200000C0003F974
:106F900000000000010000000000000019A6000031
:106FA00091BC000009A600008DA300009DA3000075
:106FB0000DA6000005A60000ADA300005B4E6174A5
:106FC0006976652025705D005B5265664F626A6573
:106FD00063742076743D257020636C3D25642073B6
:106FE0007A3D25645D0000005B2573202570203DFF
:106FF0002025735D00000000080004F90000000077
:10700000030000000000000019A6000091BC000071
:1070100000000000B5A30000000000000000000018
:1070200000000000000000000C0002F90000000059
:10703000020000000000000019A6000091BC000042
:1070400000000000FDA5000000000000000000009E
:1070500000000000000000005C6F02000700626F8B
:107060006F6C65616E0000005C6F02000900756E58
:10707000646566696E656400F86F020000000000D8
:10708000000000005C6F0200000000005C6F020066
:10709000080066756E6374696F6E00005C6F0200B5
:1070A0000900756E646566696E6564005C6F020058
:1070B0000800496E66696E69747900005C6F0200B1
:1070C00003004E614E0000005C6F020009002D4974
:1070D0006E66696E697479005C6F020004006E75FB
:1070E0006C6C00005C6F0200040074727565000037
:1070F0005C6F0200050066616C7365005C6F0200E6
:1071000008005B4F626A6563745D00005C6F02009B
:107110000A005B46756E6374696F6E5D0000000067
:107120005C6F020006006E756D6265720000000003
:107130005C6F020006006F626A6563740000000005
:107140005C6F02000600737472696E6700000000D5
:107150006763416C6C6F6328256429202825642FA0
:10716000256420667265653B202564206D6178206A
:10717000626C6F636B29202D3E206E657720626CF8
:107180006F636B002D2D4D41524B000052503A253C
:10719000702F25640000000052473A25702F2564A7
:1071A0000000000047432025642F25642066726597
:1071B000653B202564206D6178426C6F636B000035
:1071C000686561703A20256420286D696E757320AA
:1071D0002564207379732062797465732900000037
:1071E000474320626C6F636B20256462204020253A
:1071F000700000005265665265664C6F63616C20DA
:10720000257020763D257000526566436F6C6C6575
:107210006374696F6E2025702073697A653D2564FB
:10722000000000005265665265636F72642025702D
:107230002073697A653D2564206279746573000066
:107240000C0005F900000000040000000000000030
:1072500071CB000099CA0000FDC9000045CA0000BA
:10726000000000000000000000000000000000001E
:1072700076617269616E74206E6F742073757070C0
:107280006F727465643A2025730000005265664D84
:1072900061702025702073697A653D2564000000C7
:1072A0005365676D656E743A2025702C206C656E91
:1072B0006774683A2025642C2073697A653A202522
:1072C000640000002D3E2025640000004572726FAE
:1072D000723A202564205B25645D0000526566419A
:1072E0006374696F6E2025702070633D255820738C
:1072F000697A653D25640000140004F9000000006F
:1073000008000000000000008DCA0000C9CA00008B
:1073100011CA000055CA0000000000000000000073
:107320000000000000000000080004F90000000058
:10733000070000000000000075CB0000B9CA000083
:1073400009CA000051CA000000000000000000004F
:1073500000000000000000000C0004F90000000024
:10736000060000000000000085CA000069CE000091
:10737000F5C9000041CA0000000000000000000044
:107380000000000000000000636F6D6D2025642088
:107390002D3E202570000000525325643A25702FA1
:1073A00025640000756E6B6E6F776E002320257369
:1073B00000000000232025733A2025700000000003
:1073C0000000000000000202FF2A01020002000289
:1073D000000000000000000000000000FFFFFF00B0
:1073E00000000000000000004E2F410000000000DF
:1073F0000000000019D8000021D8000029D80000A2
:1074000051D8000031D8000000000000000000004A
:1074100019D8000041D800008DDA000049D80000DA
:1074200035D80000464C54202570000042422025EB
:1074300070202570202570206C723D2570207230E0
:107440003D2570006932633A206C6F6F6B75702058
:1074500064656661756C742070696E73000000006D
:107460006932633A20666F756E642065786973745B
:10747000696E6720693263006932633A206D6F7507
:107480006E74696E67206F6E206E65772064657616
:1074900069636500000000000000000035DF0000A7
:1074A00039DF00003DDF000041DF000045DF000064
:1074B0004DDF000055DF00006E6F2070696E2063A5
:1074C00066673A202564000000000000000000000C
:1074D000319500003995000011E3000015E300002C
:1074E0001DE3000035E30000000000000000000084
:1074F000319500008DE3000011E3000015E300006A
:1075000055E300006DE30000616C6C6F63617465AE
:107510002054432564000000106B2C00003800400C
:10752000116C2F00003C0040126D320000A00141A0
:10753000136E350000C00141146F38000014004282
:1075400015703B00001800422055160000600141F4
:10755000215C1D000080014122612200000C0042DC
:1075600000000000000000004D6F64656C3A2000D0
:107570002028617070290000202F2000556E6B6E4E
:107580006F776E20436F72702E00000050585420A9
:1075900044657669636520286170702900000000E9
:1075A0000A444D4553473A0A000000000A0A000009
:1075B0001201100200000040EB03662002420102AB
:1075C00003010000000000000000000031950000F1
:1075D000B59D010011E3000015E3000091EB0000F0
:1075E000A5EB00007D9D0100A19E010035EB000090
:1075F000000000000000000031950000B59D010072
:1076000011E3000015E30000C1EB0000D5EB000022
:107610007D9D010091EC000049EC0000000000009D
:1076200000000000CDF70000E5F1000045F3000088
:1076300099F3000047EBF02D935A16C80F1F3F0037
:1076400071FA0000BDFA000021FB000000030C0FDE
:1076500030333C3FC0C3CCCFF0F3FCFF00112233EA
:10766000445566778899AABBCCDDEEFF5265664922
:107670006D6167652025702073697A653D256420FA
:1076800078202564000000000C0004F900000000D0
:1076900005000000000000006DFA000085FB0000FE
:1076A000EDC900003DCA000000000000000000001D
:1076B00000000000000000004A44413A206D61676C
:1076C0006963206D69736D617463682025780000BB
:1076D000696E76616C69642073757065722D66726F
:1076E000616D65202564202564000000696E766167
:1076F0006C69642073757065722D6672616D6520AA
:10770000256420256420256400000000060909097D
:1077100006040604040E070806010F0F08040906F4
:107720000C0A091F081F010F100F08040E110E1F6D
:10773000080402010E110E110E0E110E04021100AA
:107740000E1B110001807811807820003A0103138C
:10775000800A29800A0000002A2A2A20434F444137
:107760004C2050414E4943203A205B25645D000087
:10777000373448433A2077616974696E672E2E2E3C
:1077800000000000373448433A206E6F207761696B
:10779000742072657175657374656400373448438D
:1077A0003A20257800000000636F6E6669672074D8
:1077B0007970653A2025643B20636667303D257803
:1077C00020636667313D257800000000636F6E66B8
:1077D00069677572652073637265656E3A204652FB
:1077E0004D435452313D2570204D414443544C3D4E
:1077F000257020747970653D25640000736372659F
:10780000656E3A20256420782025642C206F6666FA
:107810003D25642C2564000072756E6E696E6720CC
:10782000666C6173682046532047433B206E656554
:107830006465642025642C206C65667420256400D2
:10784000474320646F6E653A202564206672656543
:10785000000000006F7574206F66207370616365AF
:1078600021206E65656465643D256400666F726DF8
:10787000617474696E672E2E2E0000006D6F756E38
:107880007465642C20656E643D2578206D65746197
:107890003D257820667265653D2578000000000072
:1078A000000000009D5001000D500100BD5001007E
:1078B000F14F0100636C656172696E6720757365D5
:1078C000722066696C657300666F6F62617200009A
:1078D000737069666C6173682E62696E00000000E7
:1078E000535049464C41534800000000434F444127
:1078F0004C000000000000000000000095C70100DF
:1079000021D80000DDCE01001DC7010031D80000E4
:10791000695401006D54010071540100259F01005C
:1079200005A60100D19F0100055501007554010015
:107930007D540100666978696E672066726565200E
:10794000726F773A2025640A00000000666F726D3E
:10795000617474696E6720534E4F524653000000A5
:107960006F7574206F662064617461207370616349
:10797000650A00006F7574206F66206D6574612064
:1079800073706163650A00006D6F756E7420534EED
:107990004F5246532C20726F77733D2564000000D0
:1079A000000000000000000095C7010021D8000081
:1079B000DDCE01001DC7010031D80000695401006F
:1079C0006D54010071540100259F010005A60100BE
:1079D000D19F01000555010075540100F9700100A7
:1079E0004D414B45434F444500000000666F726DAA
:1079F000617474696E672073746F726167650000EB
:107A0000000000000000000001790100DD780100A5
:107A1000F9780100D5780100F5780100ED780100D2
:107A2000E578010030780000444D455347206C69EB
:107A30006E6520746F6F206C6F6E67210A00000006
:107A4000250000003F3F3F000D0A0000000000003D
:107A500000000000319500003995000011E300009E
:107A600015E300001D87010035870100198701001B
:107A70000000000000000000319500003995000072
:107A800011E3000015E300009D870100B5870100A8
:107A90001D8801008D870100D587010091870100B5
:107AA00095870100958701009D8B0100050F390026
:107AB000021810050038B60834A909A0478BFDA0AC
:107AC000768815B665000140001C100500DF60DDFA
:107AD000D88945C74C9CD2659D9E648A9F0000034F
:107AE00006FFFF41000000000902000000010080C5
:107AF000000000000A00000000000306FFFF000075
:107B00001201100200000040EB0366200242010255
:107B10000301000008000200FF00A00014000300A1
:107B200057494E555342000000000000000000007D
:107B30008400040007002A00440065007600690004
:107B40006300650049006E00740065007200660005
:107B50006100630065004700550049004400730060
:107B6000000050007B003900320043004500360021
:107B70003400360032002D00390043003700370052
:107B80002D0034003600460045002D00390033003A
:107B9000330042002D003300310043004200390021
:107BA00043003500410041003300420041007D00A8
:107BB00000000000040309045553422061737365FB
:107BC0007274696F6E206661696C65643A206C69D5
:107BD0006E65202564000000555342207374617265
:107BE000742064656C61796564000000555342201F
:107BF0007374617274000000436F44414C2044650B
:107C0000766963657300000047656E65726963207D
:107C1000436F44414C206465766963650000000051
:107C20003432343200000000000000000000000088
:107C3000319500003995000011E3000015E30000C4
:107C4000000000000000000039970100B763020047
:107C50000000000000000000519801004198010060
:107C60000000000000000000319500003995000080
:107C700011E3000015E30000FD9C0100119D0100CF
:107C8000399701002D9D0100000000000000000058
:107C900031950000B59D010011E3000015E30000DF
:107CA000859D0100999D01007D9D0100A19E01001F
:107CB000696E666F5F7566322E747874000000001E
:107CC00063757272656E742E75663200646D6573CD
:107CD000672E7478740000002F3F3C3E5C3A2A7C8B
:107CE0005E0000005F2D0000EB3C90434F44414C90
:107CF0002030300002010100024000E6FDF8FE00E5
:107D00000100010000000000000000000000294206
:107D1000004200000000000000000000000046419A
:107D20005431362020200000000000000000000038
:107D300095C7010021D80000DDCE01001DC701005C
:107D400031D80000695401006D54010071540100E4
:107D5000259F010005A60100D19F010009A7010090
:107D6000755401007D540100EF03038002CF03002E
:107D7000C130ED0464031281E803850078CB053936
:107D80002C003402F70120EA020000C00123C101E7
:107D900010C5023E28C701863601083701003A01A6
:107DA00055B1020018B603088227F201002601012E
:107DB000E00F0F312B0C0E084EF1370710030E09A0
:107DC00000E10F000E1403110731C148080F0C31F8
:107DD000360F118078298078000000000000000034
:107DE00000000000E9A701003995000011E3000040
:107DF00039C20100B1A70100C9A701000C7E020031
:107E0000040000002C7E02000700000002000000B9
:107E10000000000004000000010000000800000055
:107E2000020000001000000003000000C409000070
:107E300070000000881300006000000010270000A0
:107E400050000000204E000040000000409C000058
:107E500030000000A08601002000000040420F001A
:107E6000100000000000000000000000319500003C
:107E70003995000081AB010041AA010011AA01005F
:107E800025AA010035A9010041A9010049A9010065
:107E900055A901005DA9010075AB01009D8B010092
:107EA0000200040108020000E204000000000000DB
:107EB000C409000008000000881300001000000042
:107EC0001027000018000000204E000020000000D5
:107ED000803801002800000000710200300000001E
:107EE00000C409003800000000000000000000008D
:107EF0003195000039950000BDAC0100F5AC0100E2
:107F0000C5AC0100D9AC01001D8801008D870100BE
:107F1000D58701009187010085AB010015AD0100F7
:107F20009D8B01004D50553630353020696E697497
:107F300020257800000000000000000031950000BE
:107F40003995000065B0010011AE0100E1AD0100FE
:107F5000F5AD01001D8801008D870100D587010066
:107F60009187010069AE010059B001009D8B0100AD
:107F7000000000000000000079B00100517701000E
:107F8000F57A01000000000000000000DDB50100EE
:107F90006DB10100E9B0010089B00100F9B2010042
:107FA00085B30100F8FFFFFF0000000031950000DD
:107FB0003995000011E3000015E300007DB30100D6
:107FC00099B301000000000000000000319500009E
:107FD0003995000011E3000015E30000A9B6010087
:107FE000BDB601004DB60100000000000000000019
:107FF000319500003995000011E3000015E3000001
:1080000005BB010019BB010049BA01002D9D01000B
:1080100001807811807820003A0103E010021C07EB
:10802000123732292D29252B3900010310E11003C5
:108030001D07062E2C292D2E2E373F00000210136F
:10804000800A29800A0000000000000000000000F3
:10805000EDC201003995000011E3000039C20100B2
:1080600069BB010081BB01000000000000000000AE
:10807000EDC3010001C40100000000000000000089
:1080800029C40100D9C4010061C50100A1C60100D5
:10809000D5C6010009C7010000000000000002026F
:1080A0000806500000020002000000004D5343206B
:1080B0007265736574000000676574206D617820D7
:1080C0006C756E00726573706F6E736520666169A2
:1080D0006C65643A2073656E7365206B6579202545
:1080E000780000004D53433A207265616420636D4F
:1080F00064206C656E3D2564000000004D53433ADA
:10810000207265616420636D6420696E76616C69BC
:10811000643B20636D646C656E3D25640000000067
:10812000000000000000000095C7010021D80000F9
:10813000DDCE01001DC7010031D8000069540100E7
:108140006D5401007154010015C70100B7630200AE
:10815000B76302000000000000000000319500003D
:108160003995000011E3000015E300006DCF010018
:108170008DCF0100B5CF0100F8FFFFFF0000000028
:1081800005D10100FFFF000000000000000000001A
:10819000319500003995000011E3000015E300005F
:1081A00015D8010055D8010015DB010031DB0100B5
:1081B000F8FFFFFF000000003DDB0100F4FFFFFFC0
:1081C0000000000029DB010000000200090015008A
:1081D00027003F005E008400B300EC002E017B010D
:1081E000D3013502A202180398031F04AC043D0515
:1081F000CF056106F0067907FA076F08D70830093E
:108200007609AA09CA09D409CA09AA09760930094E
:10821000D7086F08FA077907F0066106CF053D0514
:10822000AC041F0498031803A2023502D3017B019A
:108230002E01EC00B30084005E003F002700150013
:108240000900020000000000504F4F2121210000D2
:10825000000000000000000031950000399500008A
:1082600011E3000015E30000A5DB010059DC01006B
:108270008DDB0100BDDE0100E5DB0100F8FFFFFF43
:108280000000000051DC0100F4FFFFFF00000000CF
:108290009DDB0100C5DE01000100020004000800B2
:1082A000100040000001000474635F696E643A20AE
:1082B000256420636C6B5F696E6465783A20256481
:1082C00000000000000000000000000031950000E8
:1082D0003995000011E3000015E30000D5E201002C
:1082E000EDE201003998010009E101000DE3010010
:1082F000FDE401003DE3010019E5010041E5010055
:1083000021E1010025E10100A5E1010029E20100D0
:1083100055E3010049E4010075E2010005E10100B7
:1083200055534220454F525354000000636C656121
:1083300072207374616C6C20494E2025640000002B
:10834000726573657420494E202564007374616CF6
:108350006C20494E20256400636C65617220737443
:10836000616C6C204F555420256400007265736564
:1083700074204F5554202564000000007374616C14
:108380006C204F55542025640000000000000000C0
:108390000000000009ED0100A9200200A920020050
:1083A000B1200200B1200200C1EF0100B92002009B
:1083B00031F0010041ED010000000000000000006C
:1083C000C1F7010041F80100BDF3010091FC01007B
:1083D000D5F301001DF9010041F4010051F4010041
:1083E00081F401008DF4010021FA01009DF30100E8
:1083F0009DF40100A5F30100ADF40100C1F40100FA
:1084000075FA0100ADF30100B5F30100E1F60100DA
:10841000F9FA010009F50100DDF5010095FA010006
:10842000E1FC010001FD010045F50100ECFFFFFF4B
:1084300000000000D5F5010053504920696E7374A7
:10844000616E6365202570207265712025646B481C
:108450007A2C20676F742025646B487A20626175DE
:10846000643D2564000000000000000000000000E2
:1084700041FD01004DFD01006902020001FE010005
:10848000E50102006DFD0100FCFFFFFF00000000A0
:10849000B9FD010009091A1A1E1E00000604030294
:1084A0000200000019191D1D2600000023072B0FD4
:1084B000FF0F0F0F3F45000100FFFF120F0F3F019D
:1084C000010300FFFF320F0F3F4102050000FF0FC5
:1084D0000F0F3F3F03070101FF0F0F0F3F3F24091D
:1084E0002DFF060F0F0F3F3F250B2FFF070F0F0F1D
:1084F0003F3F260D31FF080F0F0F3F3F270F33FF80
:10850000090F0F0F3F3F2811030200140F0F3F0404
:108510002913050301340F0F3F4404090704FF101A
:108520000F0F3F00050B0005FF300F0F3F40060DFA
:108530000906FF110F0F3F80070F0B07FF310F0FC9
:108540003FC008000D0802100081004209130F0906
:10855000033020A140020A15110AFF1140C1808298
:108560000B17130BFF1160E1C0C22A1500FFFF15A6
:1085700080013F842B1700FFFF35A0213FC42C1939
:1085800035FFFF140300043F2D1B37FFFF3423206A
:10859000443F2E1D39FFFF150440843F2F1F3BFF32
:1085A000FF352460C43F0C1900FFFF12C041024494
:1085B0000D1B00FFFF32E06142040E1D00FFFF13A0
:1085C000024182840F1F00FFFF332261C2C41001E9
:1085D00015FFFF1201800143110317FFFF3221A095
:1085E0004103120519FFFF1341C0818313071BFFCD
:1085F000FF3361E0C1C3300100FFFF0F0380053F7F
:10860000310300FFFF0F23A0453F14091DFFFF0F9B
:1086100081008583150B1FFFFF0FA120C5C3160D19
:1086200021FFFF14C1400345170F23FFFF34E16012
:108630004305181100FFFF15420F8385191300FF32
:10864000FF350F0FC3C5360D00FFFF0F0F0F8185DC
:10865000370F00FFFF0F0F0FC1C51B1725FFFF0FBF
:108660000F0F3F3F1E1D27FFFF0F020F3F811F1FF0
:1086700000FFFF0F220F3FC13E1D00FFFF1004C08F
:108680003F453F1F00FFFF3024E03F0520013D0C28
:10869000FF0F0F0F3F8521033F0DFF0F0F0F3FC54A
:1086A0002205290EFF0F420F3F05760000FFFF0F46
:1086B0000F0F3F3F340000000100020004000800DB
:1086C000100040000001000400380040003C004061
:1086D00000A0014100C00141001400420018004206
:1086E0000060014100800141000C00420010004286
:1086F0000010004307081718222300000303030398
:10870000030300000030004000340040002001411D
:10871000004001410000004300040043010000004C
:108720001400200000010000E5E600000000D70072
:10873000006CDC020C0020000000020000000000C1
:10874000FE00FF01000C00200000000200000000FD
:1087500000FE00FF01030000000000000000000018
:10876000A1200200A9200200A9200200B1200200DD
:10877000B120020029210200B9200200BD2102001F
:10878000D9200200000000000000000001230200C8
:108790009D2202007D230200FCFFFFFF000000007D
:1087A0005124020061636F730000000061636F7306
:1087B000680000006173696E000000006174616E02
:1087C00068000000636F7368000000006578700047
:1087D000666D6F64000000006C6F67006C6F67313E
:1087E00030000000706F770073696E680000000051
:1087F00073717274000000006C6F67660000000007
:108800006C6F67313066000073717274660000002F
:10881000FB21F93FFB2109407CD91240FB21194083
:108820007A6A1F407CD92240BBFD2540FB212940AC
:108830003A462C407A6A2F405C4731407CD932401E
:108840009C6B3440BBFD3540DB8F3740FB2139400A
:108850001BB43A403A463C405AD83D407A6A3F40C1
:108860004C7E40405C4741406C1042407CD94240C5
:108870008CA243409C6B4440AC344540BBFD45401A
:10888000CBC64640DB8F4740EB584840FB21494070
:1088900083F9A200444E6E00FC291500D157270031
:1088A000DD34F50062DBC0003C9995004190430047
:1088B0006351FE00BBDEAB00B761C5003A6E240019
:1088C000D24D42004906E00009EA2E001C92D10078
:1088D000EB1DFE0029B11C00E83EA700F535820023
:1088E00044BB2E009CE98400B4267000417E5F00EA
:1088F000D6913900538339009CF439008B5F840092
:1089000028F9BD00F81F3B00DEFF97000F98050017
:10891000112FEF000A5A8B006D1F6D00CF7E3600BD
:1089200009CB2700464FB7009E663F002DEA5F0047
:10893000BA277500E5EBC7003D7BF100F73907006A
:1089400092528A00FB6BEA001FB15F00085D8D0048
:10895000300356007BFC4600F0AB6B0020BCCF0020
:1089600036F49A00E3A91D005E619100081BE60041
:1089700085996500A0145F008D40680080D8FF00D5
:1089800027734D0006063100CA561500C9A87300AA
:108990007BE260006B8CC000000FC93F000F4940B4
:1089A00000CB9640000FC9400053FB4000CB16415E
:1089B00000ED2F41000F49410031624100537B41DE
:1089C000003A8A4100CB9641005CA34100EDAF41E3
:1089D000007EBC41000FC94100A0D5410031E241F9
:1089E00000C2EE410053FB4100F20342003A0A424A
:1089F0000083104200CB164200141D42005C23424B
:108A000000A5294200ED2F4200363642007E3C424E
:108A100000C74242000F4942A2000000F9000000D6
:108A2000830000006E0000004E00000044000000C3
:108A30001500000029000000FC00000027000000D5
:108A400057000000D1000000F500000034000000D5
:108A5000DD000000C0000000DB000000620000003C
:108A600095000000990000003C0000004300000059
:108A70009000000041000000FE00000051000000D6
:108A800063000000AB000000DE000000BB0000003F
:108A9000C500000061000000B700000024000000D5
:108AA0006E0000003A000000420000004D0000008F
:108AB000D2000000E00000000600000049000000B5
:108AC0002E000000EA00000009000000D1000000B4
:108AD000920000001C000000FE0000001D000000CD
:108AE000EB0000001C000000B100000029000000A5
:108AF000A70000003E000000E80000008200000027
:108B000035000000F50000002E000000BB00000052
:108B10004400000084000000E90000009C00000008
:108B20007000000026000000B40000005F0000009C
:108B30007E000000410000003900000091000000AC
:108B4000D600000039000000830000005300000040
:108B500039000000F40000009C00000084000000C8
:108B60005F0000008B000000BD000000F900000065
:108B7000280000003B0000001F000000F80000007B
:108B800097000000FF000000DE000000050000006C
:108B9000980000000F000000EF0000002F00000010
:108BA000110000008B0000005A0000000A000000C5
:108BB0006D0000001F0000006D0000003600000086
:108BC0007E000000CF00000027000000CB00000066
:108BD00009000000B70000004F0000004600000040
:108BE0003F000000660000009E0000005F000000E3
:108BF000EA0000002D0000007500000027000000C2
:108C0000BA000000C7000000EB000000E500000013
:108C1000F10000007B0000003D00000007000000A4
:108C200039000000F70000008A0000005200000038
:108C300092000000EA0000006B000000FB00000052
:108C40005F000000B10000001F0000008D00000068
:108C50005D00000008000000560000000300000056
:108C60003000000046000000FC0000007B00000017
:108C70006B000000AB000000F0000000CF0000001F
:108C8000BC000000200000009A000000F40000007A
:108C9000360000001D000000A9000000E3000000F5
:108CA00091000000610000005E000000E60000008E
:108CB0001B00000008000000650000009900000093
:108CC000850000005F00000014000000A00000000C
:108CD00068000000400000008D000000FF00000060
:108CE000D8000000800000004D000000730000006C
:108CF0002700000031000000060000000600000010
:108D00001500000056000000CA00000073000000BB
:108D1000A8000000C900000060000000E2000000A0
:108D20007B000000C00000008C0000006B00000011
:108D30000200000003000000040000000600000024
:108D40000000C93F0000F0390000DA370000A2330C
:108D50000000842E0000502B0000C2270000D0220B
:108D60000000C41F0000C61B0000441704000000E0
:108D700007000000090000004300504F534958000D
:108D80002E000020202020202020202028282828F5
:108D900028202020202020202020202020202020CB
:108DA000202020881010101010101010101010101B
:108DB000101010040404040404040404041010102B
:108DC00010101010414141414141010101010101D7
:108DD0000101010101010101010101010101101065
:108DE00010101010424242424242020202020202AB
:108DF0000202020202020202020202020202101037
:108E00001010200000000000000000000000000022
:108E10000000000000000000000000000000000052
:108E20000000000000000000000000000000000042
:108E30000000000000000000000000000000000032
:108E40000000000000000000000000000000000022
:108E50000000000000000000000000000000000012
:108E60000000000000000000000000000000000002
:108E700000000000000000000000000000000000F2
:108E800000000000F8B500BFF8BC08BC9E46704763
:108E9000B993000059CA000091D60000FDEA000015
:108EA000F8B500BFF8BC08BC9E467047959300001B
:088EB00064A2FF7F0100000035
:108EB80000000000A10D0C000101010180BA010FA2
:108EC80080BA010FD80B0020F87B0200087C020052
:108ED800207C02000138FDD170470000FD0C020023
:108EE80000300040003400400020014100400141B2
:108EF8000000004300040043CF630200500000203C
:108F08000000000000000000000000000000000059
:108F18000000000000000000000000000000000049
:108F28000000000000000000000000000000000039
:108F38000000000000000000000000000000000029
:108F48000000000000000000000000000000000019
:108F58000000000000000000000000000000000009
:108F680043000000000000000000000000000000B6
:108F780000000000000000000000000000000000E9
:108F88004300000000000000000000000000000096
:108F980000000000000000000000000000000000C9
:108FA8004300000000000000000000000000000076
:108FB80000000000000000000000000000000000A9
:108FC8004300000000000000000000000000000056
:108FD8000000000000000000000000000000000089
:108FE8004300000000000000000000000000000036
:108FF8000000000000000000000000000000000069
:109008004300000000000000000000000000000015
:109018000000000000000000000000000000000048
:1090280043000000000000000000000000000000F5
:109038000000000000000000000000000000000028
:109048000F660200EB65020000000000828D02003E
:10905800808D0200818D0200818D0200818D0200C9
:10906800818D0200818D0200818D0200818D0200B8
:10907800818D0200818D0200FFFFFFFFFFFFFFFFD0
:10908800FFFFFFFFFFFF0000010041534349490074
:1090980000000000000000000000000000000000C8
:1090A800000000000000000000004153434949004F
:1090B80000000000000000000000000000000000A8
:1090C8000000000000000000000000000004010093
:0890D800000000000000000090
:0400000300004000B9
:00000001FF
