:020000040002F8
:106000000000042071C6030099C603009BC603006C
:106010009DC603009FC60300A1C603000000000048
:10602000000000000000000000000000A3C6030004
:10603000A5C6030000000000A7C60300A9C6030010
:10604000ABC60300ABC6030011C50300D5C40300F3
:10605000E9C40300ABC6030001B60300B9CB0300DB
:10606000ADC00300B5C00300BDC00300ABC6030054
:10607000ABC60300ABC60300ABC60300ABC6030050
:10608000ABC60300ABC60300ABC60300ABC6030040
:10609000ABC60300ABC60300ABC60300ABC6030030
:1060A000ABC60300ABC60300C5C00300CDC00300F0
:1060B000ABC60300ABC603000000000000000000F8
:1060C000ABC60300ABC60300ABC60300FDC40300B0
:1060D000ABC60300ABC60300ABC60300ABC60300F0
:1060E00039C50300ABC60300ABC6030000000000C7
:1060F00000000000ABC603000000000025C503003F
:10610000000000000000000000000000000000008F
:10611000000000000000000000000000000000007F
:10612000000000000000000000000000000000006F
:10613000000000000000000000000000000000005F
:10614000000000000000000000000000000000004F
:10615000000000000000000000000000000000003F
:10616000000000000000000000000000000000002F
:10617000000000000000000000000000000000001F
:10618000000000000000000000000000000000000F
:1061900000000000000000000000000000000000FF
:1061A00000000000000000000000000000000000EF
:1061B00000000000000000000000000000000000DF
:1061C00000000000000000000000000000000000CF
:1061D00000000000000000000000000000000000BF
:1061E00000000000000000000000000000000000AF
:1061F000000000000000000000000000000000009F
:106200007CB0EE877CB0EE87FF00FF00FF00FF0050
:10621000FF00FF00FF00FF00FF00FF00FF00FF0086
:10622000FF00FF00FF00FF00FF00FF00FF00FF0076
:10623000FF00FF00FF00FF002DE9F04F85B0039144
:106240000778A7F10903042B044607F07F0200F149
:106250000100F5D9202AF3D02B2F04BF677804461C
:106260002D2F75D09FED427B8DED007B4FF0000808
:106270004FF000099FB34FF0000C25464FF0000A85
:10628000DFF8FCB0644619E019F036FD8046894617
:10629000304619F0C7FC42464B4619F077FB524690
:1062A000804689465B46DDE900013CB319F04EFEAD
:1062B000CDE90001A44615F8017F7FB1A7F13006B2
:1062C000092E52465B4640464946DDD9CCB92E2FB1
:1062D00017D115F8017F0124002FEFD12C4642463B
:1062E0004B46DDE9000119F007FD80468946039B16
:1062F000404649461C6005B0BDE8F08F4FF0010CE8
:10630000D9E72C46BCF1000F29D042464B46DDE9C7
:10631000000119F0F1FC07F0DF07452F80468946A0
:10632000E5D10399681C0A2219F014FB14490246AE
:1063300000201AF091F802460B464046494619F0F3
:10634000DBFC804689464046494605B0BDE8F08FF3
:106350009FED097B67788DED007B013486E7DFF8E0
:1063600024904FF000084046494605B0BDE8F08F44
:10637000000000000000F03F000000000000F0BF3F
:10638000000024400000F87F2DE9F0470023144668
:1063900000228046894619F021FF28B109F1004307
:1063A00099462D232370013400220023404649469C
:1063B00019F00AFF28B13022002322706370BDE873
:1063C000F0874046494617F093FD19F045FF73A347
:1063D000D3E9002307464946404619F0FFFE00284E
:1063E0004ED170A3D3E900234046494619F014FF6B
:1063F000002845D10E2F07F1010540F3B980A7F120
:106400000E063246002062491AF026F802460B4674
:106410004046494619F09AFD00225E4B19F0B6FA43
:106420001AF056F8002DA7F10F0E4FF0010C4DDDBC
:10643000594FDFF87881012245F6F3294FF02E0AF3
:10644000494508BF40454FF030030AD3B0EB080080
:1064500061EB0901494508BF404503F10103F5D24D
:10646000DBB2237050EA010304F101084AD19542DE
:1064700052DD0132102A4FD0444677E90289DFE726
:10648000002F33DB3A460020414919F0E5FF024670
:106490000B464046494619F059FD3BA3D3E900237A
:1064A00080468946012500264046494619F024FCCD
:1064B0000022384B19F06AFA1AF00AF8002DBC468F
:1064C0004FF0FF3E37464FF00006B1DC2346302246
:1064D0004FF02E0803F8022B84F80180FC4345D0CE
:1064E0001C4403F8012BA342FBD1A1E77A42002010
:1064F000274919F0B1FF02460B464046494619F0BC
:10650000FBFBCAE7954202F1010204BF84F801A037
:1065100004F10208102AAFD16EB14246302102F8D0
:10652000011BC2F1010373444344002BF7DC2EEA44
:10653000EE7301339844BCF1010F12D0BCF1000F8F
:106540004FF0650388F80030C5BF2B2388F8013071
:1065500008F1010108F102016046BDE8F0470FF0C3
:106560001FBD002388F80030BDE8F0871C465FE7B8
:10657000C7F10E020020064919F06EFF3E460246A2
:106580000B46012790E700BF0000901EC4BCD64216
:10659000000024400000E03F081004008DEDB5A08D
:1065A000F7C6B03E50EFE2D6E41A4B4400407A10F2
:1065B00070B54FF0FF3006F0DDFA04466FF07F4013
:1065C00006F0D8FA0646204619F01CFB00220C4BB8
:1065D00019F092FB044630460D4619F013FB06A352
:1065E000D3E9002319F0B2FC02460B4620462946A7
:1065F00019F0CCF970BD00BF0000E0DFFFFF6F4372
:106600000000F03D000000002DE9F04F1D46138909
:10661000AB4288BF536885B004468CBF53F8250051
:10662000002090468A4606F019FF0022904B19F090
:1066300063FB19F011FEB8F808206B1C9A4288BF62
:10664000D8F8042006468CBF52F82300002006F03C
:1066500005FF0022864B19F04FFB19F0FDFDB8F83D
:1066600008300235AB4288BFD8F8043007468CBFEB
:1066700053F82500002006F0F1FE002EC4E9006763
:1066800040F3E280002F40F3DF8071A3D3E90023C1
:10669000002584F8285017F04DFB00220023804687
:1066A000894619F09BFD40B14046494668A3D3E9AD
:1066B000002319F06BF98046894667A3D3E90023CC
:1066C0004046494619F0A8FDC0B165A3D3E90023AF
:1066D0004046494619F08CFD80B1012340464946A9
:1066E00084F8283060A3D3E9002319F04FF958A3A8
:1066F000D3E9002317F01EFB8046894600225D4B3C
:106700004046494619F0F8FA17F048F801F10043FD
:1067100000221946564B19F0EFFA19F09DFD494633
:106720000546404616F0F6FF0022514B19F0E4FAF8
:1067300019F092FDDAF804304F49B3F80CB0B3F811
:106740000AA0A56007FB0BF303EB010806FB0AF6A2
:10675000019388FB05234FEA124C00960E444CEA45
:10676000034C06EA010383FB009A06EB0C0E0EEACB
:10677000010ED346CA468EFB00675246CDE902673A
:10678000120C42EA0B42DDE902AB0CEA010C8CFB75
:1067900000674FEA164956460A40360C46EA0B4651
:1067A00049EA074982FB05AB5F46C144B0445646FF
:1067B000CDE90267039FE060360C09EA010908EAA7
:1067C000010846EA074689FB05AB334488FB0556BA
:1067D000CDE9025655462D0C45EA0B45DDE902ABE5
:1067E0000B40AC4403EAE3770CEA010C554623EA7C
:1067F000E37367454FEA154502EAE276A8BF6746AC
:1068000045EA0B45634522EAE272B8BF6346AE44EF
:106810004E450EEA010EA8BF4E464A45B8BF4A464D
:106820007745A8BF77467345B8BF73464645A8BFAE
:106830004646C4E905634245B8BF424600980199FF
:10684000206261622761E261204605B0BDE8F08FF9
:10685000EA2E4454FB211940F4D64354FB21F93F5E
:10686000320D337F7CD91240EA2E4454FB2109407B
:106870000000F0400000E03F0000FFFF00000000CB
:106880002DE9F04F2DED028B044683B0C06819F05E
:10689000C9F980462069894619F0C4F982466069C1
:1068A0008B4619F0BFF9024601F1004306460F4638
:1068B0004046494617F0D0F919F016FDE06205464A
:1068C00017F082F80190284617F032F8019B054630
:1068D000184619F0B9F942464B4619F00DFA8046B0
:1068E0002846894619F0B0F932463B4619F004FAB9
:1068F00002460B464046494619F046F802460B460A
:106900005046594617F0A8F919F0EEFC002208EE9F
:10691000100A00233046394619F07EFC28B3B5EE44
:10692000C08AF1EE10FA1CDD11A7D7E9006718EE56
:10693000100A19F089F902460B463046394619F01B
:1069400023F832463B4619F021F819F0CDFCA0623D
:10695000E38843F00203E38003B0BDEC028BBDE8A3
:10696000F08F05A7D7E90067E1E784ED0A8AEFE732
:10697000EA2E4454FB21F93FEA2E4454FB21F9BF8F
:1069800008B510F0D3FDDFED0C7A07EE100A67EEC4
:10699000277A17EE900A19F057F905A3D3E90023D7
:1069A00019F0D4FA19F058FC08BD00BFAFF300800D
:1069B000EA2E4454FB2119400000B44300000000BB
:1069C00008B510F0C7FDDFED0C7A07EE100A67EE90
:1069D000277A17EE900A19F037F905A3D3E90023B7
:1069E00019F0B4FA19F038FC08BD00BFAFF300800D
:1069F000EA2E4454FB2119400000B443000000007B
:106A0000494A21F0004393422DE9704304460D4664
:106A100049DC464A93420E460EDC3FA3D3E90023ED
:106A200018F0B4FF0022424B19F0F6FB00284AD0C0
:106A300020462946BDE870833E4A934239DCB3F1D3
:106A4000804F40DD16F062FE2246804689462B4686
:106A50002046294619F050F90022354B18F096FFD0
:106A600017F0E4FD42464B4618F090FF02460B46F5
:106A700000202F4919F06AFA424604460D464B465B
:106A80004046494618F082FF02460B4620462946FA
:106A900018F07CFF02F040F8002E08DC01F1004302
:106AA0001946BDE8708302460B4618F06FFFBDE83B
:106AB000708316F02BFE02F02FF819A3D3E9002300
:106AC00018F064FFE8E722462B462046294619F0D5
:106AD00013F9804689462046294616F017FE002203
:106AE00004460D46124B4046494618F04FFF17F03A
:106AF0009DFD00220E4B18F049FF02460B46404612
:106B0000494619F023FA22462B4618F03FFF00F0C1
:106B1000A7FAC1E7AFF300809C7500883CE4377E9C
:106B2000EF39FAFE422EE63FFFFFEF7FFFFF2F3ED9
:106B30000000F03F0000B0412DE9F84FBE4B21F0BE
:106B400000469E4204460D468A460EDDBB4B9E42E1
:106B500000F3B18000F0AC80BAF1000F40F3EA809E
:106B600099A1D1E90001BDE8F88FB54B9E4200F331
:106B7000BA80A3F1DE739E4240F3A5804FF0FF3B45
:106B800022462B462046294619F0B6F802460B4607
:106B90008046894619F0B0F88DA3D3E90023064654
:106BA0000F4619F0A9F88CA3D3E9002318F0EEFEE4
:106BB00032463B4619F0A0F889A3D3E9002318F028
:106BC000E5FE32463B4619F097F887A3D3E9002348
:106BD00018F0DCFE32463B4619F08EF884A3D3E968
:106BE000002318F0D3FE32463B4619F085F882A305
:106BF000D3E9002318F0CAFE42464B4619F07CF850
:106C00007FA3D3E90023804689463046394619F0F0
:106C100073F87DA3D3E9002318F0B6FE32463B4655
:106C200019F06AF87AA3D3E9002318F0ADFE3246D2
:106C30003B4619F061F878A3D3E9002318F0A4FECD
:106C400032463B4619F058F875A3D3E9002318F0F3
:106C50009BFE32463B4619F04FF802460B46404633
:106C6000494618F093FE22462B4619F045F8BBF131
:106C7000FF3F02460B4661D0724B734E4FEACB0B7F
:106C80005B44D3E9002318F07FFE22462B4618F020
:106C90007BFEB34402460B46DBE9000118F074FEAC
:106CA000BAF1000F0DDA01F100431946BDE8F88F83
:106CB00000283FF451AF22462B462046294618F0C3
:106CC00065FEBDE8F88F58A3D3E9002318F05EFEF7
:106CD00000225E4B19F0A0FA00283FF44FAF204687
:106CE0002946BDE8F88F16F011FD594B9E42044627
:106CF0000D4629DCA3F550239E424EDC02460B468E
:106D000018F044FE0022514B18F03EFE00220646C9
:106D10000F464FF080432046294618F037FE0246C2
:106D20000B463046394619F011F94FF0000B044676
:106D30000D4625E73EA1D1E90001C2E720462946DC
:106D400018F022FEBDE8F88F424B9E421ADC00226A
:106D5000414B18F019FE002206460F463E4B2046D6
:106D6000294618F0C9FF0022384B18F00FFE0246E2
:106D70000B463046394619F0E9F84FF0020B04464D
:106D80000D46FDE602460B460020344919F0DEF8B8
:106D90004FF0030B04460D46F2E600222B4B18F091
:106DA000F3FD002206460F46284B2046294618F0E0
:106DB000EDFD02460B463046394619F0C7F84FF054
:106DC000010B04460D46DBE6182D4454FB21F93F28
:106DD00011DA22E33AAD903FEB0D76244B7BA93FCD
:106DE000513DD0A0660DB13F6E204CC5CD45B73F9B
:106DF000FF8300922449C23F0D5555555555D53F47
:106E00002F6C6A2C44B4A2BF9AFDDE522DDEAD3F3A
:106E10006D9A74AFF2B0B33F711623FEC671BC3FDA
:106E2000C4EB98999999C93F9C7500883CE4377EDA
:106E3000182D4454FB21F9BFFFFF0F440000F07FE1
:106E4000FFFFDB3F30100400101004000000F03F93
:106E5000FFFFF23FFF7F03400000F83F0000F0BF5C
:106E60002DE9F041C1F30A57A7F2FF35132D024671
:106E70000B460C468846064620DC002D4ADB364F82
:106E80002F4101EA070C5CEA000C1CD030A3D3E9C7
:106E9000002318F07BFD0022002319F0BDF948B152
:106EA000002C04DD4FF4801343FA05F5A84428EACA
:106EB0000704002621463046BDE8F081332D06DD6B
:106EC000B5F5806F38D010461946BDE8F081A7F2BD
:106ED00013474FF0FF3C2CFA07F70742F3D01CA3EF
:106EE000D3E9002318F052FD0022002319F094F991
:106EF0000028DFD0002C09DD142D22D00123C5F19C
:106F0000340503FA05F5AE1928BF984426EA0706AA
:106F10004446CFE70EA3D3E9002318F037FD002243
:106F2000002319F079F90028C4D0002C0CDB26438B
:106F300005D00026094CBDE718F028FDC5E734460A
:106F4000B8E704F10108E1E700264FF00044B1E79B
:106F50009C7500883CE4377EFFFF0F000000F03F87
:106F60002DE9F041C1F30A57A7F2FF35132D024670
:106F70000B460C46884606461DDC002D3CDB364F92
:106F80002F4101EA070C5CEA000C19D030A3D3E9C9
:106F9000002318F0FBFC0022002319F03DF9C8B3D0
:106FA000002C04DA4FF4801343FA05F5A84428EACC
:106FB000070400262EE0332D06DDB5F5806F2DD0B9
:106FC00010461946BDE8F081A7F213474FF0FF3C89
:106FD0002CFA07F70742F3D01DA3D3E9002318F0DA
:106FE000D5FC0022002319F017F998B1002C21DB01
:106FF00026EA070644460DE015A3D3E9002318F05E
:10700000C5FC0022002319F007F918B1002C08DB99
:107010000026344621463046BDE8F08118F0B6FC23
:10702000D0E724F000430D4A1E43002E18BF14463B
:107030000026EFE7142D08D00123C5F1340503FA2B
:1070400005F5AE1928BF9844D2E704F10108CFE74F
:107050009C7500883CE4377EFFFF0F000000F0BF06
:107060002DE9F04FD84B994287B08046894643DDE1
:10707000D64B99420E4600F3F480D54B994240F32B
:107080002D819FEDBB7B8DED047B4FEA215A044699
:10709000AAF2FF3ACF4BC6F313069E4246F07F5545
:1070A00000F3128145F44015204629460022CA4BC0
:1070B00018F06AFC002204460D46C84B18F01CFE6E
:1070C00022462B4618F018FEA046CDE90201A9463B
:1070D000CDE90001002E3AD10022002320462946A6
:1070E00019F072F8002800F01B81BAF1000F40F08F
:1070F000858100200021B8E0B94B21F000449C427A
:107100000A460FDD0022B74B19F05EF8002800F0A8
:10711000AF80002200230020B34918F017FF07B00A
:10712000BDE8F08FB14B9C4240F3AF80B04B1A44A6
:107130009A4240F2D3800022A84B18F0DDFD42466F
:107140004B4618F0D9FDCDE900014FF0000A0022AE
:107150004FF080434046494618F018FC02460B4663
:107160004046494618F0F2FE02460B4606460F46D8
:1071700018F0C2FD80A3D3E9002304460D4618F0A1
:10718000BBFD7FA3D3E9002318F000FC22462B4669
:1071900018F0B2FD7CA3D3E9002318F0F7FB2246D8
:1071A0002B4618F0A9FD7AA3D3E9002318F0EEFBD3
:1071B00022462B4618F0A0FD77A3D3E9002318F050
:1071C000E5FB22462B4618F097FD75A3D3E9002373
:1071D00018F0DCFB22462B4618F08EFD72A3D3E993
:1071E000002318F0D3FB22462B4618F085FDDDE97D
:1071F000002318F0CBFB32463B4618F07DFD0446D9
:107200000D46BAF1000F00F0A880504618F00AFDB4
:1072100067A3D3E9002382468B4618F06DFD66A371
:10722000D3E9002306460F465046594618F064FD40
:10723000DDE9042318F0AAFB22462B4618F0A6FB32
:1072400002460B46DDE9000118F09EFB42464B4624
:1072500018F09AFB02460B463046394618F094FB6C
:1072600003E002460B4618F091FB07B0BDE8F08F33
:1072700042464B464046494618F086FB02460B46BE
:1072800018F064FE07B0BDE8F08F0022594B18F0EB
:107290007DFB0022002318F0BFFF10B1564B9C422B
:1072A00062DD42464B464046494618F025FD002225
:1072B0004A4B18F021FD02460B464046494618F05D
:1072C00063FB07B0BDE8F08F45F40015C6F58016E6
:1072D00020462946B6100AF1010AE7E600223E4B95
:1072E0004046494618F052FB4FEA215AAAF2FF3AAB
:1072F000BAF1000F04460D460E4640F3BD804246EB
:107300004B4618F041FB02460B460020324918F06C
:107310003BFB22462B4618F019FECDE90401B9E6E5
:1073200027A3D3E900232046294618F0E5FC0246AE
:107330000B460020284918F027FBDDE9022318F04E
:10734000DBFC06460F46BAF1000F75D102460B462C
:107350002046294618F018FB87E702460B46DDE970
:10736000000118F011FBA6E7404649467DE700BF43
:10737000000000000000000044523EDF12F1C23F56
:107380009FC678D0099AC33FDE03CB966446C73FB9
:10739000AF788E1DC571CC3F599322942449D23FBA
:1073A00004FA97999999D93F935555555555E53F05
:1073B0000000E0FE422EE63F763C7935EF39EA3DAB
:1073C000555555555555E53F7982DA3FFFFFEF7F1B
:1073D000FFFF3F439DA006000000F03F0000E03F9C
:1073E000FFFFEF3F0000F0BF000050C3FFFF1F3E54
:1073F0003C412D4000005043FFFF8F3C504618F0A9
:1074000011FC24A3D3E9002306460F4618F074FCB0
:10741000DDE9042318F0BAFA20A3D3E900230446D7
:107420000D463046394618F067FC02460B462046AA
:10743000294618F0ABFA18E7504618F0F3FB17A3EB
:10744000D3E9002382468B4618F056FC11A3D3E9FA
:107450000023804689465046594618F04DFCDDE928
:10746000042318F093FA02460B463046394618F0CA
:107470008BFA22462B4674E70022054B18F084FA5B
:1074800002460B464046494618F07EFA41E700BFE7
:107490000000F03F763C7935EF39EA3D0000E0FE30
:1074A000422EE63F0000000008B516F0A3FC04A33E
:1074B000D3E9002318F04AFD08BD00BFAFF30080F8
:1074C000EF39FAFE422EE63F2DE9F043DFF8B480B3
:1074D0008BB004460D4601F0F7F898F900300133FF
:1074E00006460F462CD022462B462046294618F049
:1074F0009DFE814620BB2046294616F007F91FA3B2
:10750000D3E9002318F088FED0B1194A98F9003069
:10751000CDF820900321CDE90445CDE90245CDE920
:10752000001293B113490020022BCDE9060111D1BD
:1075300018F0B8F922230360089B9BB9DDE90667C0
:10754000304639460BB0BDE8F0830B4B4FF060423C
:10755000CDE90623684618F021F80028E8D0089BFA
:10756000002BEBD018F09EF9089B0360E6E700BF04
:10757000882204000000F07FFFFFEF477DF8B98FFD
:10758000CE338640FF8100202DE9F043DFF8E48010
:107590008BB004460D4601F047F998F900300133ED
:1075A00006460F4633D02046294617F0F1FF70B348
:1075B0002CA3D3E900232046294618F02DFE81464E
:1075C00050BB2AA3D3E900232046294618F006FE23
:1075D000E8B198F90030204ACDF820900020002131
:1075E0000426022BCDE90445CDE902450096CDE9FC
:1075F0000601019229D0684617F0D0FF28B3089BF6
:107600001BB118F04FF9089B0360DDE906673046AF
:1076100039460BB0BDE8F0830F4A98F9003001926B
:1076200003210022CDE90445CDE9024500910892ED
:107630002BB90A4B4FF06042CDE90623DBE708493E
:107640000020022BCDE90601D5D118F02BF9222319
:107650000360D4E7AFF3008090220400FFFFEF4700
:107660000000F07FEF39FAFE422E864051302DD5D2
:10767000104987C0FF8100202DE9F04FDFF82C93DF
:107680008DB006460F4614461D4601F09DFC99F943
:107690000080B8F1FF3FCDE9000136D022462B46ED
:1076A0002046294618F0C2FD834670BB32463B4651
:1076B0003046394618F0BAFD8246002840F0A280D4
:1076C000304639460022002318F07EFD10B3002218
:1076D00000232046294618F077FD8346002867D00E
:1076E0009FEDA77B0122AC4BCDF828A00292CDE9FB
:1076F0000467CDE906458DED087B0393B8F1000FD3
:1077000041D09FEDA17B8DED007BDDE900010DB047
:10771000BDE8F08FDDE9000117F03AFF8046002850
:1077200000F08D804FF0000A4FF0000BDDE9000102
:1077300052465B4618F048FD0028E6D030463946F0
:1077400017F026FF0028E0D02046294617F020FF3A
:107750000028DAD099F900308F4A039204210022E0
:10776000022BCDE90467CDE90645CDE908AB0291CE
:107770000A9203D002A817F011FF50B918F092F83E
:107780002223036005E002A817F008FF002800F09C
:107790009B800A9B1BB118F085F80A9B03609DED46
:1077A000087B8DED007BDDE900010DB0BDE8F08FB9
:1077B0002046294617F0ECFE0028A6D00022002320
:1077C0002046294618F00AFD00289ED0724A99F9F1
:1077D0000030CDF828B00121CDE90467CDE9064598
:1077E000CDE90212002B74D06C490020022BCDE9A8
:1077F000080172D118F056F8212303600A9B002B70
:10780000CDD0C8E7002200232046294618F0DCFC32
:1078100000283FF47AAF624B5F49CDF828B00022D0
:107820000120B8F1020FCDE904670290CDE90645C9
:10783000CDE908230391A6D1CDE9002365E73046C1
:10784000394617F0A5FE00283FF46CAF20462946C4
:1078500017F09EFE00283FF465AFDDE900231046D7
:10786000194618F0E3FC99F900A000286BD1032316
:10787000DFF824C10A902946204602930022494B92
:10788000CDF80CC0CDE90645CDE9046718F034FA0F
:1078900004460D46BAF1000F25D1DFF814B14FF0C0
:1078A000604A0022002330463946CDE908AB18F083
:1078B00095FC38BB02A817F071FE00289ED117F086
:1078C000F1FF2223036099E717F0ECFF2123036007
:1078D0005FE79FED2B7B8DED087B02A817F05EFE26
:1078E00000288BD186E79FED2A7B002200233046BB
:1078F00039468DED087B18F071FCA0B9BAF1020F82
:10790000DDD0D7E72046294617F050FE22462B4609
:1079100018F05AFCA0B9244B99F900A04FF060422E
:10792000CDE90823EAE72046294617F03FFE224624
:107930002B4618F049FC18B9184B0022CDE9082352
:1079400099F900A0DAE70122134BCDF828800292C2
:10795000CDE90467CDE906450393BAF1000FB8D02D
:10796000002200231046194618F0F0FABAF1020F6F
:10797000CDE908013FF43EAFAFE700BFAFF30080B1
:107980000000000000000000000000000000F03FC8
:10799000000000000000F07FA82204000000F0FFBB
:1079A0000000F03F0000E03FFFFFEFC7FF81002035
:1079B000FFFFEF47000000002DE9F84FC44E21F013
:1079C0000043B34204460D460DDD03F1404303F589
:1079D0008013034340F0B980002940F34081002028
:1079E0000021BDE8F88FBB4EB34208DCBA4A93428F
:1079F00000F3B5809CA1D1E90001BDE8F88F002912
:107A0000C0F2708102460B460020B44917F0BCFF5B
:107A10000022B34B18F070F904460D4616F006FE2E
:107A200093A3D3E90023894680462946204618F0CF
:107A300063F991A3D3E9002317F0A8FF22462B4650
:107A400018F05AF98EA3D3E9002317F09DFF2246C0
:107A50002B4618F051F98CA3D3E9002317F096FFB9
:107A600022462B4618F048F989A3D3E9002317F0E2
:107A70008BFF22462B4618F03FF987A3D3E900235A
:107A800017F084FF22462B4618F036F984A3D3E979
:107A9000002382468B462046294618F02DF982A302
:107AA000D3E9002317F070FF22462B4618F024F983
:107AB0007FA3D3E9002317F069FF22462B4618F075
:107AC0001BF97DA3D3E9002317F05EFF22462B4666
:107AD00018F012F90022814B17F058FF02460B46AE
:107AE0005046594618F032FA42464B4618F004F90F
:107AF000002682468B4632464B463046494618F0B1
:107B0000FBF802460B462046294617F03DFF324659
:107B100004460D464B464046494617F037FF02469D
:107B20000B462046294618F011FA02460B465046ED
:107B3000594617F02BFF32464B4617F027FF0246F7
:107B40000B4617F023FFBDE8F88F02460B4617F0EF
:107B50001BFF02460B4618F0F9F9BDE8F88F024604
:107B60000B4618F0C9F842A3D3E9002306460F4696
:107B700018F0C2F840A3D3E9002317F007FF3246FC
:107B80003B4618F0B9F83EA3D3E9002317F0FCFEFA
:107B900032463B4618F0B0F83BA3D3E9002317F078
:107BA000F5FE32463B4618F0A7F839A3D3E9002387
:107BB00017F0EAFE32463B4618F09EF836A3D3E9AA
:107BC000002317F0E3FE32463B4618F095F834A345
:107BD000D3E90023804689463046394618F08CF8B0
:107BE00031A3D3E9002317F0CFFE32463B4618F00D
:107BF00083F82FA3D3E9002317F0C8FE32463B4693
:107C000018F07AF82CA3D3E9002317F0BDFE324612
:107C10003B4618F071F80022304B17F0B7FE0246D1
:107C20000B464046494618F091F922462B4618F07B
:107C300063F802460B4622A1D1E9000117F0A4FE29
:107C400002460B462046294617F09EFE02460B468A
:107C500005A1D1E9000117F097FEBDE8F88F1AA140
:107C6000D1E9000179E700BF182D4454FB21F93F09
:107C700009F7FD0DE13D023F88B20175E0EF493F94
:107C80003B8F68B52882A43F5544880E55C1C93F33
:107C90007D6FEB0312D6D43F555555555555C53F0D
:107CA00082922EB1C5B8B33F59018D1B6C06E63FD9
:107CB000C88A599CE52A00404B2D8A1C273A03406C
:107CC000075C143326A6913C182D4454FB2109402F
:107CD000FFFFEF3FFFFFDF3F0000603C0000F03F91
:107CE0000000E03F00225C4B17F050FE00225B4B8F
:107CF00018F002F840A3D3E9002304460D4617F01C
:107D0000FBFF3FA3D3E9002317F040FE22462B469A
:107D100017F0F2FF3CA3D3E9002317F035FE22460B
:107D20002B4617F0E9FF3AA3D3E9002317F02EFE04
:107D300022462B4617F0E0FF37A3D3E9002317F0C4
:107D400023FE22462B4617F0D7FF35A3D3E90023A5
:107D500017F01CFE22462B4617F0CEFF80468946C0
:107D60002046294616F062FC2FA3D3E900230646DD
:107D70000F462046294617F0BFFF2DA3D3E9002365
:107D800017F002FE22462B4617F0B6FF2AA3D3E9CE
:107D9000002317F0FBFD22462B4617F0ADFF28A36A
:107DA000D3E9002317F0F0FD22462B4617F0A4FF7D
:107DB0000022294B17F0EAFD02460B464046494691
:107DC00018F0C4F832463B4617F096FF1EA3D3E9DD
:107DD000002317F0D9FD32463B4617F0D7FD024687
:107DE0000B4617F0D3FD02460B4619A1D1E900015D
:107DF00017F0CAFDB1E600BF09F7FD0DE13D023FF6
:107E000088B20175E0EF493F3B8F68B52882A43FF7
:107E10005544880E55C1C93F7D6FEB0312D6D43F40
:107E2000555555555555C53F82922EB1C5B8B33FEE
:107E300059018D1B6C06E63FC88A599CE52A004013
:107E40004B2D8A1C273A0340075C143326A6913C2D
:107E5000182D4454FB2109400000F03F0000E03F92
:107E6000414A91422DE9F84304460D4637DD3F4A29
:107E700091420B4608DD02F1795291423DDD024606
:107E800017F084FDBDE8F88301F1404202F580124D
:107E900002432ED0B1F1804F37DC0022344B17F073
:107EA00073FD02460B4604460D4617F06FFD224651
:107EB00006460F462B462046294617F01DFF024670
:107EC0000B463046394617F061FD16F0AFFB2246EF
:107ED0002B4617F05BFDBDE8F843FFF7C1B802463B
:107EE0000B4617F051FD02460B4618F02FF8BDE87F
:107EF000F88300200021BDE8F88300F00DFE18A3F0
:107F0000D3E9002317F042FDF1E7024617F0F4FE33
:107F10000022174B17F038FD16F088FB22468046EA
:107F200089462B462046294617F030FD2246064654
:107F30000F462B464046494617F028FD02460B46A1
:107F400000200B4918F002F80B460246394630462D
:107F500017F01AFDBDE8F84300F0DEBDAFF3008076
:107F6000EF39FAFE422EE63FFFFFEF3FFFFFAF4142
:107F70000000F03F000000002DE9F04FAE4B21F073
:107F800000479F4287B004460D4611DD07F1404788
:107F900007F5801703463B4321D002460B4617F0F6
:107FA000F3FC02460B4617F0D1FF07B0BDE8F08F97
:107FB000A24B9F420E4629DCB7F1795F80F24681E1
:107FC00081A3D3E9002317F0E1FC00229C4B18F0B9
:107FD00023F9D8B12046294607B0BDE8F08F7CA32D
:107FE000D3E9002317F088FE7BA3D3E900230646DC
:107FF0000F462046294617F07FFE02460B463046C4
:10800000394617F0C3FC07B0BDE8F08F204629467B
:1080100015F07CFB02460B460020894917F0B4FCA2
:108020000022884B17F068FE6DA3D3E900230446B5
:108030000D4617F061FE6CA3D3E9002317F0A6FCF0
:1080400022462B4617F058FE69A3D3E9002317F008
:108050009BFC22462B4617F04FFE67A3D3E9002373
:1080600017F094FC22462B4617F046FE64A3D3E992
:10807000002317F089FC22462B4617F03DFE62A331
:10808000D3E9002317F082FC22462B4617F034FE7A
:108090005FA3D3E90023CDE900012046294617F06C
:1080A0002BFE5DA3D3E9002317F06EFC22462B467E
:1080B00017F022FE5AA3D3E9002317F067FC2246EB
:1080C0002B4617F019FE58A3D3E9002317F05CFCE8
:1080D00022462B4617F010FE594B002217F056FC93
:1080E00082468B4620462946CDE902AB16F09EFA21
:1080F000554B9F428046894600F3198102460B4644
:1081000017F044FCDDE90223CDE90401DDE90001BB
:1081100017F01CFF02460B46DDE9040117F0ECFDE9
:108120004FF0000ACDE9000152464B465046494601
:1081300017F0E2FD02460B462046294617F024FCC4
:10814000524604460D464B464046494617F01EFC33
:1081500002460B462046294617F0F8FE02460B461B
:1081600017F014FC02460B461BA1D1E9000117F0E1
:108170000BFC02460B46DDE9000117F005FC5246F8
:1081800004460D464B465046494617F0FFFB024653
:108190000B4627A1D1E9000117F0F6FB02460B467A
:1081A0002046294617F0F0FB02460B4620A1D1E9F4
:1081B000000117F0E9FB002E3FF7F7AE01F1004395
:1081C0001946F2E6AFF300809C7500883CE4377EE8
:1081D000182D4454FB21F93F075C143326A6913C2B
:1081E00009F7FD0DE13D023F88B20175E0EF493F1F
:1081F0003B8F68B52882A43F5544880E55C1C93FBE
:108200007D6FEB0312D6D43F555555555555C53F97
:1082100082922EB1C5B8B33F59018D1B6C06E63F63
:10822000C88A599CE52A00404B2D8A1C273A0340F6
:10823000182D4454FB21E93FFFFFEF3FFFFFDF3FD5
:108240000000F03F0000E03F3233EF3F02460B46B4
:1082500017F052FD4BA3D3E9002306460F4617F053
:108260004BFD4AA3D3E9002317F090FB32463B466F
:1082700017F042FD47A3D3E9002317F085FB3246F0
:108280003B4617F039FD45A3D3E9002317F07EFBE9
:1082900032463B4617F030FD42A3D3E9002317F0E6
:1082A00073FB32463B4617F027FD40A3D3E900237A
:1082B00017F06CFB32463B4617F01EFD3DA3D3E999
:1082C0000023804689463046394617F015FD3BA30A
:1082D000D3E9002317F058FB32463B4617F00CFD5C
:1082E00038A3D3E9002317F051FB32463B4617F081
:1082F00003FD36A3D3E9002317F046FB32463B4685
:1083000017F0FAFC00221E4B17F040FB02460B460A
:108310004046494617F01AFE22462B4617F0ECFC61
:1083200022462B4617F032FB07B0BDE8F08F5246CD
:108330005B46DDE9000117F009FE42464B4617F0A7
:10834000DBFC42464B4617F021FB02460B4617F07A
:108350001DFB07A3D3E9002317F016FB02460B46CB
:1083600005A1D1E9000117F00FFB24E7AFF300806E
:10837000075C143326A6913C182D4454FB21F93F89
:108380000000F03F09F7FD0DE13D023F88B20175A5
:10839000E0EF493F3B8F68B52882A43F5544880EE3
:1083A00055C1C93F7D6FEB0312D6D43F5555555586
:1083B0005555C53F82922EB1C5B8B33F59018D1BAB
:1083C0006C06E63FC88A599CE52A00404B2D8A1C62
:1083D000273A0340000000002DE9F84F1D465342A4
:1083E000134325F00049DFF8C8C149EAD373634558
:1083F000144606460F4626D8C0F1000848EA000891
:1084000021F0004A4AEAD878E04503468B461AD85C
:1084100005F1404808F5801858EA0208AE4643D0F6
:108420004FEAA57808F002085AEA030348EAD1782F
:1084300011D1B8F1020F55D0B8F1030F09D14AA1FB
:10844000D1E9000105E032463B462046294617F0B7
:108450009DFABDE8F88F59EA020329D0E1452ED0F4
:10846000E24525D0AAEB09094FEA2959B9F13C0F99
:108470003CDC002D3EDA19F13C0F3BDA00200021F4
:10848000B8F1010F4ED0B8F1020F3ED0B8F1000F95
:10849000DFD037A3D3E9002317F076FA36A3D3E968
:1084A000002317F071FAD4E7BDE8F84FFEF744BB9C
:1084B000BBF1000F12DB32A1D1E90001C9E7CA45C7
:1084C00034D0B8F1020F0DD0B8F1030FB7D0B8F126
:1084D000010F4FF0000036D00021BAE72AA1D1E900
:1084E0000001B6E724A1D1E90001B2E724A1D1E956
:1084F0000001C5E722462B463046394617F026FDD7
:1085000015F004F9FEF718FBBAE719A3D3E9002325
:1085100017F03AFA02460B4617A1D1E9000117F00D
:1085200033FA96E701F10043194692E7B8F1020FDA
:1085300014D0B8F1030F0DD0B8F1010F06D014A17B
:10854000D1E9000185E74FF0004182E712A1D1E9AE
:1085500000017EE712A1D1E900017AE712A1D1E979
:10856000000176E7AFF30080182D4454FB2109C0C9
:10857000075C143326A6A13C182D4454FB21094066
:10858000182D4454FB21F93F182D4454FB21F9BF09
:10859000182D4454FB21E93F182D4454FB21E9BF19
:1085A000D221337F7CD902C0D221337F7CD90240D3
:1085B0000000F07F0000000043422DE9F047034334
:1085C00021F000463C4A46EAD373934204460D46E6
:1085D0002AD8964240D0394B9E428A462EDD384BEF
:1085E0009E4235463FDD33460246314617F0CEF90E
:1085F000224606460F462B4600202F4917F0C4F9A5
:1086000002460B463046394617F0A0FCFEF728FD1F
:1086100000222C4B17F070FBBAF1000F0CDA01F1BD
:1086200000431946BDE8F08702460B4617F0ACF947
:1086300002460B4617F08AFCBDE8F0871CA3D3E97D
:10864000002317F0A3F90022002317F0E5FD48B13D
:1086500020462946BDE8F0870022002317F076FC6B
:10866000BDE8F087354622462B462046294617F0BE
:108670008DF922462B4606460F4617F03DFB224653
:10868000804689462B4600200B4917F07DF90246AB
:108690000B464046494617F059FC32463B4617F018
:1086A00075F9FEF7DDFC0022064B17F025FBB3E75A
:1086B0009C7500883CE4377E0000F03FFFFF2F3EB2
:1086C000FFFFDF3F0000E03F2DE9F8434E4B21F074
:1086D00000449C4206460F461BDC4C4B9C4222DD6C
:1086E0004B4B9C4254DD4B4B9C4246DD4A4B9C42DB
:1086F0006FDD01339C4269D041A3D3E900231046CA
:10870000194617F0F9FA06460F4630463946BDE8D5
:10871000F88302460B4617F0EFFA06460F4630463E
:108720003946BDE8F88314F0F1FF02F04DFC002259
:108730003A4B8046894617F029F9B4F1725F064634
:108740000F46ECDB42464B464046494617F0D4FA0A
:1087500032463B4604460D463046394617F016F978
:1087600002460B462046294617F0F0FB00222B4B11
:1087700017F00CF906460F46D1E714F0C7FF00F0DA
:1087800053F80022264B17F0B7FA06460F46C6E705
:1087900014F0BCFF00F048F80022214B06460F46BB
:1087A00017F0AAFA324604460D463B4600201C4903
:1087B00017F0CCFB02460B462046294617F0E6F898
:1087C00006460F4630463946BDE8F883154B9842B9
:1087D00092D83046394614F099FF0022104B17F01A
:1087E0008BFA00F021F8002204460D460C4B17F0DE
:1087F00083FA22462B4617F07FFA06460F468EE78D
:108800009C7500883CE4377EFFFFEF7F422ED63F09
:10881000FFFF3540412E8640CD3386400000F03FBB
:108820000000E03F7DF8B98F2DE9F047B04F21F00F
:108830000042BA4284B004460D464FEAD17610D9C0
:10884000AC4FBA4240F28A80C1F31303034302469D
:1088500040F0F180002E7ED00020002104B0BDE861
:10886000F087A54B9A4200F2B680A44B9A4240F2A0
:10887000D1804FF0000A22462B462046294617F0A9
:108880003BFA85A3D3E9002306460F4617F034FAD6
:1088900083A3D3E9002317F077F832463B4617F05D
:1088A0002BFA81A3D3E9002317F070F832463B4638
:1088B00017F022FA7EA3D3E9002317F065F83246B9
:1088C0003B4617F019FA7CA3D3E9002317F05EF8B2
:1088D00032463B4617F010FA02460B462046294620
:1088E00017F052F802460B4606460F462046294628
:1088F00017F002FA80468946BAF1000F00F0AB800B
:1089000032463B4600204FF0804117F03DF80246CA
:108910000B464046494617F019FB02460B46DDE977
:10892000020117F031F8DDE9002317F02DF80B46AE
:1089300002467349002017F027F86FF47F739A45B9
:1089400080F2A3800AF57A7A01EB0A5100224FF0F7
:10895000B87317F0D1F904B0BDE8F08758A3D3E994
:10896000002317F059FC00286BD157A3D3E900234B
:108970002046294617F032FC00287FF46DAF61498C
:1089800053A3D3E9002301EBC6062046294617F07E
:10899000B3F9D6E9002316F0F9FF17F05DFC824623
:1089A00017F040F94CA3D3E9002306460F4617F011
:1089B000A3F902460B462046294616F0E5FF48A3D8
:1089C000D3E90023CDE900013046394617F094F988
:1089D000CDE9020115E04C4B9A42D0D84B4BF40044
:1089E0002344D3E9002316F0CFFF494B234493EDF2
:1089F000007BCDE900018DED027BC6F1010AAAEBF7
:108A0000060ADDE90223DDE9000116F0BDFF044698
:108A10000D4630E734A3D3E9002316F0B7FF002258
:108A2000374B17F0F9FBA8B3204629460022344BF8
:108A300016F0ACFF8FE70B4616F0A8FF04B0BDE8B8
:108A4000F08729A3D3E900231046194617F054F9FB
:108A500004B0BDE8F0873046394600224FF080432D
:108A600016F092FF02460B464046494617F06EFA52
:108A700022462B4616F088FF02460B46002020496E
:108A800016F082FF04B0BDE8F08701EB0A5104B094
:108A9000BDE8F0878246EEE6D0A4BE726937663E36
:108AA000F16BD2C541BDBB3E2CDE25AF6A56113FEE
:108AB00093BDBE166CC1663F3E5555555555C53FD5
:108AC000EF39FAFE422E864051302DD5104987C02D
:108AD000FE822B654715F73F0000E0FE422EE63F81
:108AE000763C7935EF39EA3D9C7500883CE4377E69
:108AF000412E8640FFFFEF7F422ED63FFFFF2F3EE5
:108B00000000F03F50100400B1A2F03F60100400DC
:108B100070100400000000002DE9F04FB1F5801F37
:108B200085B006460F460B4680F2D08021F0004209
:108B3000024300F0DA800029C0F2E9800022D64B1F
:108B400017F0DAF8D54A0B46934206460F466FF007
:108B5000350E00F3C180C3F3130505F5152C0CF693
:108B6000647C0CF4801C8CF07F5282F440121C1543
:108B700042EA0507A4F2FF3474440022C84B304691
:108B8000394604EB1C5416F0FFFEAB1CC3F3130371
:108B9000022B82468B464FF0000240F3AF804FF02D
:108BA000804316F0F3FE02460B465046594617F036
:108BB000CDF9064620460F4617F034F83246CDE987
:108BC00002013B4630463946CDE9006717F094F87C
:108BD00002460B468046894617F08EF89AA3D3E9E1
:108BE000002306460F4617F087F899A3D3E9002320
:108BF00016F0CCFE32463B4617F07EF896A3D3E93A
:108C0000002316F0C3FE32463B4617F075F894A3D6
:108C1000D3E9002316F0BAFE42464B4617F06CF833
:108C200091A3D3E90023804689463046394617F0A0
:108C300063F88FA3D3E9002316F0A8FE32463B4623
:108C400017F05AF88CA3D3E9002316F09FFE3246A2
:108C50003B4617F051F80B4602464946404616F08F
:108C600095FEA5F5C223C5F5D725A3F27A43513564
:108C70001D43002D06460F4640F387800022894B96
:108C80005046594617F038F852465B4617F034F80C
:108C900002460B46804689463046394616F076FE37
:108CA000DDE9002317F028F806460F46002C40F0B7
:108CB000818002460B464046494616F065FE024654
:108CC0000B465046594616F05FFE0BE0734A93423E
:108CD0004FF0000E7FF73FAF32463B4630463946F5
:108CE00016F054FE05B0BDE8F08F002200230020EE
:108CF0006D4917F02BF905B0BDE8F08F002317F090
:108D000063FA60B1002C7CD100200021EAE7024622
:108D100016F03AFE0022002317F018F9E2E758A3F4
:108D2000D3E900235046594616F0E6FF02460B46AB
:108D300000205C4916F028FE524606460F465B4668
:108D40005046594616F0D8FF02460B463046394683
:108D500016F0D2FF06460F462CB3204616F062FFEF
:108D600049A3D3E900238046894616F0C5FF48A3EE
:108D7000D3E9002304460D464046494616F0BCFFA1
:108D800002460B46304639462CE002460B4650461A
:108D9000594616F0F9FDDDE9002316F0ADFF064651
:108DA0000F46002C47D132463B465046594616F0F6
:108DB000EBFD97E734A3D3E90023DDE9020116F0C8
:108DC0009BFF33A3D3E9002304460D46DDE90201EE
:108DD00016F092FF32463B4616F0D8FD02460B468F
:108DE0004046494616F0D0FD52465B4616F0CCFD93
:108DF00002460B462046294616F0C6FD05B0BDE8E2
:108E0000F08F204616F00EFF1FA3D3E9002306467D
:108E10000F4616F071FF1EA3D3E9002304460D464A
:108E20003046394616F068FF02460B462046294672
:108E300016F0ACFD56E7DDE9028913A3D3E9002360
:108E40004046494691E700BF44523EDF12F1C23F1F
:108E5000DE03CB966446C73F599322942449D23F00
:108E6000935555555555E53F9FC678D0099AC33F50
:108E7000AF788E1DC571CC3F04FA97999999D93F67
:108E8000555555555555D53F0000E0FE422EE63F5D
:108E9000763C7935EF39EA3D00005043FFFFEF7F24
:108EA0000000F03F0000E03F000050C30000000061
:108EB000B1F5801F2DE9F84304460D460B4619DA3B
:108EC00021F00042024359D000295FDB00223A4BD7
:108ED00016F012FF394A0D462B46934204466FF0B6
:108EE00035010CDD22462B462046294616F04EFD64
:108EF000BDE8F883314A93424FF00001F2DC1815C7
:108F0000A0F2FF3008444FEAD0794844C3F3130875
:108F100016F088FEC9F57F73033348EA0355064609
:108F20000F4620462946FFF7F7FD1DA3D3E900238E
:108F3000804689463046394616F0DEFE1AA3D3E94C
:108F4000002304460D464046494616F0D5FE02462B
:108F50000B462046294616F019FD15A3D3E9002338
:108F600004460D463046394616F0C6FE02460B460C
:108F70002046294616F00AFDBDE8F88300220023AA
:108F800000200F4916F0E2FFBDE8F883024616F014
:108F9000FBFC0022002316F0D9FFA9E7AFF3008005
:108FA000362BF111F3FE593D0EE526157BCBDB3F49
:108FB00000609F501344D33F00005043FFFFEF7FFA
:108FC000000050C3000000002DE9F04F23F00045E1
:108FD00055EA020493B00DD06B4E21F00044B44228
:108FE0000F4682460BDD04F1404404F5801454EA38
:108FF0000A0350D16549002013B0BDE8F08F9B46AD
:10900000944647D0B542EEDC5F4EB5425DD0002FAE
:1090100080468946CDE900235BDB0026BCF1000FCA
:109020000ED1594B9D423FD0584B9D4200F0888055
:10903000BBF1804F00F09C80554B9B4500F0B883FE
:109040004046494614F062FBBAF1000F06D1002CED
:1090500059D04E4B27F040429A4254D0FF0F013F67
:1090600056EA070373D04B4B9D4240F39B8003F1BC
:1090700004739D4240F33E84474B9C4272DDBBF13A
:10908000000F72DD3EA3D3E900231046194616F007
:1090900033FEB1E728B1414813B0BDE8F04F16F0F8
:1090A0007FBAA542F7DCAFE704F1404303F5801334
:1090B00053EA0A039ED0384B9C4240F38383BBF1B2
:1090C000000F52DBDDE9000196E7BCF1000F9ED0F6
:1090D00089E7334B9D4231DCA3F154739D429CDD03
:1090E0002B15A3F2FF33142B40F3A583C3F13403F4
:1090F0002CFA03F202FA03F363458ED102F0010267
:10910000C2F102068AE7BBF1000F05DA02460B4600
:1091100000201E4916F01AFF002FBFF66DAF04F1B4
:10912000404404F5801454EA060300F03F84012E05
:109130007FF462AF01F1004319465DE702266DE757
:10914000BBF1000FC0F248834046494654E742460F
:109150004B461046194616F017FC02460B4616F011
:10916000F5FE49E7BBF1000F8CDB0020002143E74F
:1091700042464B464046494616F0BEFD3CE700BF1E
:109180009C7500883CE4377E0000F07F0000F03FD3
:109190000000E03F0000E041FFFFEF3FB418040093
:1091A000FFFF3F43B4F5801F80F261830022D24B62
:1091B00016F0A2FD6FF0340C0C462315CF4DC4F30E
:1091C0001302A3F2FF3342F07F546344AA420B938D
:1091D00044F4401440F33F83C94B9A4240F3048463
:1091E0009FEDAF7B8DED087B8DED107B9FEDAE7B12
:1091F0000B9B8DED067B01330B93A4F580140025AA
:10920000DDE906232146824616F0BEFBA346DDE9D2
:1092100006238046894650462146CDE90CAB16F020
:10922000B5FB02460B460020B64916F08FFE0A46F3
:109230000146CDE90E12134649460246404616F055
:109240005BFD631043F0005382468B4603F5002319
:109250008C46CDE904AB5919D3460023CDE902BCB5
:109260000293DDE902AB002004460D4602460B46A0
:109270005046594616F040FD02460B4640464946C8
:1092800016F082FBDDE90623804689462046294602
:1092900016F07AFB02460B46DDE90C0116F074FB72
:1092A00052465B4616F028FD02460B4640464946AC
:1092B00016F06AFBDDE90E2316F01EFDDDE904451C
:1092C000CDE9060122462B462046294616F014FD1C
:1092D00077A3D3E9002304460D4616F00DFD76A3CF
:1092E000D3E9002316F052FB22462B4616F004FD6C
:1092F00073A3D3E9002316F049FB22462B4616F050
:10930000FBFC71A3D3E9002316F040FB22462B4659
:1093100016F0F2FC6EA3D3E9002316F037FB2246C9
:109320002B4616F0E9FC6CA3D3E9002316F02EFBC4
:109330002246804689462B462046294616F0DCFC0C
:1093400002460B464046494616F0D6FC52460446B5
:109350000D465B46DDE9040116F018FBDDE9062346
:1093600016F0CAFC22462B4616F010FB52468046E9
:1093700089465B465046594616F0BEFC0022624BB9
:10938000CDE90C0116F002FB42464B4616F0FEFA00
:1093900002980D46044622462B465046594616F082
:1093A000ABFC002282468B46574B2046294616F0DE
:1093B000EBFADDE90C2316F0E7FA02460B464046CD
:1093C000494616F0E1FADDE9042316F095FC224641
:1093D000804689462B46DDE9060116F08DFC0246E3
:1093E0000B464046494616F0D1FA80468946024669
:1093F0000B465046594616F0C9FA029838A3D3E9ED
:10940000002304460D4616F077FC5246CDE90401D0
:109410005B462046294616F0B7FA02460B46404600
:10942000494616F0B1FA30A3D3E9002316F064FCE4
:109430002FA3D3E90023804689462046294616F00B
:109440005BFC02460B464046494616F09FFADDE9B2
:10945000102316F09BFA80460B98894616F0E2FB23
:10946000424682468B464B46DDE9040116F08EFAF1
:10947000DDE9082316F08AFA52465B4616F086FAB2
:10948000029852465B4604460D4616F07DFADDE929
:10949000082316F079FADDE9042337E0AFF3008002
:1094A0000000000000000000000000000000F03F8D
:1094B000EF4E454A287ECA3F65DBC9934A86CD3FB9
:1094C00001411DA96074D13F4D268F515555D53F9F
:1094D000FFAB6FDBB66DDB3F033333333333E33F37
:1094E000000000E009C7EE3FFD033ADC09C7EE3F8C
:1094F000F5015B14E02F3EBE000040438E98030050
:1095000079B60B000000F03F0000084016F03CFA6E
:109510000B4602464946404616F036FA013E56EAE8
:10952000070382468B4600F05E819FEDD37B8DED75
:10953000047BDDE9001200230E461746CDE90267E1
:109540000293DDE9026708463B461146324616F0B3
:109550001BFA22462B4616F0CFFBDDE9002380469E
:1095600089465046594616F0C7FB02460B46404610
:10957000494616F00BFA3246804689463B4620465D
:109580002946CDE9008916F0B7FB0B460246064690
:109590000F464046494616F0F9F9D14B9942044628
:1095A0000D468A4640F3248101F13F4303F5E00371
:1095B000034340F0FF81B2A3D3E90023DDE90001BA
:1095C00016F0E4F93246804689463B462046294655
:1095D00016F0DAF902460B464046494616F01CFEE4
:1095E000002840F0E781A8464FEA2853A3F2FE3254
:1095F0004FF4801313415344C3F30A52B94DA2F2FE
:10960000FF321541C3F3130423EA05010020C2F120
:10961000140B44F48014BAF1000F02460B4644FACE
:109620000BFB30463946B8BFCBF1000B16F0ACF956
:1096300006460F463246DDE900013B4616F0A6F924
:109640004FEA0B5A0D4600248FA3D3E9002320468E
:10965000294616F051FB3246804689463B46204655
:10966000294616F091F902460B46DDE9000116F095
:109670008BF987A3D3E9002316F03EFB86A3D3E939
:10968000002306460F462046294616F035FB0246C3
:109690000B463046394616F079F906460F46024623
:1096A0000B464046494616F071F942464B46044681
:1096B0000D4616F069F902460B463046394616F05B
:1096C00063F92246804689462B462046294616F0F5
:1096D00013FB73A3D3E9002306460F4616F00CFBD9
:1096E00071A3D3E9002316F04FF932463B4616F03A
:1096F00003FB6FA3D3E9002316F048F932463B463B
:1097000016F0FAFA6CA3D3E9002316F03DF93246BD
:109710003B4616F0F1FA6AA3D3E9002316F036F9B6
:1097200032463B4616F0E8FA02460B4620462946EA
:1097300016F02AF906460F4602460B4620462946F1
:1097400016F0DAFA0022CDE900014FF080433046EE
:10975000394616F019F902460B46DDE9000116F00C
:10976000F5FB424606460F464B462046294616F074
:10977000C3FA42464B4616F009F902460B463046FC
:10978000394616F001F922462B4616F0FDF802463E
:109790000B460020544916F0F7F88A44BAF5801FAA
:1097A000C0F232815146DDE9042316F0A5FA23E424
:1097B000002FFFF645AC4046494613B0BDE8F04FD8
:1097C00014F034BFBBF1000FBFF6CFACDDE90034BD
:1097D000184604F100410FE442464B46002042493E
:1097E00016F0B4FB08E49FED387B8DED047BA0E61A
:1097F0003E4B21F00048984540F3EA803C4B0B4437
:1098000003430AD132463B4616F0BEF8DDE9002399
:1098100016F0F8FC00283FF4E7AEDDE904012CA3C4
:10982000D3E9002316F068FA29A3D3E9002316F040
:1098300063FAFFF7E1BBBCF1000F40F0D280C3F147
:10984000140345FA03F202FA03F3AB4200F0E0809E
:109850006646FFF7E9BB9FED207B8DED087B8DED24
:10986000107B9FED057B00258DED067BC8E44FF056
:10987000000CA2E4AFF30080000000000000F03F05
:10988000FE822B654715973C00000000432EE63F03
:10989000EF39FAFE422EE63F396CA80C615C20BE1F
:1098A000D0A4BE726937663EF16BD2C541BDBB3EE6
:1098B0002CDE25AF6A56113F93BDBE166CC1663FC4
:1098C0003E5555555555C53F000000000000F0BFFE
:1098D00059F3F8C21F6EA50100000000000000004F
:1098E000FFFF8F40FFFF0F000000F03FFFCB9040D5
:1098F00000346F3F5A4B9C427FF734AC594B9C422B
:109900003FF7BDAB0022574B16F03EF844A3D3E916
:10991000002304460D4616F0EFF943A3D3E90023D4
:1099200082468B462046294616F0E6F90022CDE90C
:1099300002014D4B2046294616F0DEF902460B4641
:109940003BA1D1E9000116F01FF822462B4616F084
:10995000D3F902460B460020444916F015F822467A
:10996000804689462B462046294616F0C5F9024610
:109970000B464046494616F0BFF92FA3D3E9002312
:1099800016F0BAF902460B46DDE9020115F0FCFFBC
:1099900002460B46804689465046594615F0F6FF6A
:1099A000002004460D4652465B46AFE502460B4694
:1099B000FFF7CFBBDDE9040121A3D3E9002316F0B3
:1099C0009BF91FA3D3E9002316F096F9FFF714BB08
:1099D000264B98453FF708AEDDE9022392469346B1
:1099E00031E60026FFF72CBB9FED177B8DED087B42
:1099F0009FED177B8DED107B9FED177B4FF480253E
:109A00008DED067BFFF7FCBB5A4601F029FDCAE647
:109A100002F00102C2F10206FFF706BBAFF30080BD
:109A2000000000604715F73F44DF5DF80BAE543E81
:109A3000555555555555D53FFE822B654715F73F72
:109A40009C7500883CE4377E0000004003B8E23F8C
:109A500006D0CF43EBFD4C3E000000000000F83F75
:109A6000FEFFEF3F0000F03F0000D03F0000E03F6E
:109A70002DE9F047CA4B21F000479F4290B0804645
:109A8000894640F38F80C74B9F420C46924626DCA6
:109A90000029B9A3D3E9002340F38F8015F074FFA8
:109AA000C14B9F4204460D4600F04781B4A3D3E961
:109AB000002315F069FF02460B46CAE90023204641
:109AC000294615F061FFAEA3D3E9002315F05CFF32
:109AD0000125CAE90201284610B0BDE8F087B34B62
:109AE0009F4240F38980B24B9F4200F31C813D1599
:109AF000A5F21645A7EB055319461F46064616F074
:109B0000ABFB16F08FF88046894642464B463046FE
:109B10003946CDE90A8915F037FF0022A54B16F02A
:109B2000EBF88946804616F097FB16F07BF8064660
:109B30000F4632463B4640464946CDE90C6715F094
:109B400023FF00229B4B16F0D7F800220023CDE91B
:109B50000E0116F039FB002800F06081002330462A
:109B60003946002216F030FB002814BF01230223DF
:109B7000914A019202212A4600910AA8514600F01A
:109B800087FB002C054614DADAF80420DAF80C30EA
:109B900002F1004203F100434542CAF80420CAF82A
:109BA0000C3006E000200021C2E90089C2E9020170
:109BB0000025284610B0BDE8F08715F0E7FE7A4B87
:109BC0009F4204460D4600F00B816DA3D3E90023AC
:109BD00015F0DCFE02460B46CAE900232946204662
:109BE00015F0D2FE66A3D3E9002315F0CFFE4FF0A7
:109BF000FF35CAE90201DCE713F088FD62A3D3E96F
:109C000000238046894616F077F800226B4B15F04A
:109C1000BDFE16F021FB054616F004F856A3D3E965
:109C20000023CDE9060116F067F802460B464046D0
:109C3000494615F0A9FE52A3D3E900238046894680
:109C4000DDE90601CDE9028916F056F81F2D02461E
:109C50000B46CDE9042340F3B380DDE90423DDE9BD
:109C6000020115F091FE804689463F15C9F30A535B
:109C7000FB1A102B40F3B18045A3D3E90023DDE9A3
:109C8000060116F039F88046894602460B46DDE9A2
:109C9000020115F079FE02460B46DDE90201CDE92D
:109CA000082315F071FE42464B4615F06DFE3AA3AF
:109CB000D3E9002380468946DDE9060116F01CF849
:109CC00042464B4615F060FE0B46CDE904010246C4
:109CD000DDE9080115F058FEC1F30A53FF1A312FD0
:109CE0008046894600F39C809DED087BCAE9008987
:109CF0008DED027B42464B46DDE9020115F044FE44
:109D0000DDE9042315F040FE002CCAE90201BFF68C
:109D100050AF09F1004401F100436D42CAE90084EB
:109D2000CAE9020345E702460B4615F02DFE002561
:109D3000CAE90201CAE900013BE715A3D3E9002300
:109D400015F022FE14A3D3E900230D46044615F0B6
:109D50001BFE02460B46CAE900232946204615F0A1
:109D600013FE0DA3D3E9002315F00EFE0125CAE969
:109D700002011EE7AFF3008000004054FB21F93FD1
:109D80003163621A61B4D03D83C8C96D305FE43F6E
:109D90000000601A61B4D03D7370032E8A19A33B92
:109DA000FB21E93F7BD90240FB21F93FFB213941EF
:109DB000FFFFEF7F00007041542304000000E03FEC
:109DC0004046494615F0E0FD394B6A1E804653F87F
:109DD0002230BB4289463FF448AFCAE9008989E78F
:109DE0002BA3D3E9002315F0D1FD2BA3D3E9002346
:109DF0000D46044615F0CAFD02460B46CAE900238B
:109E00002946204615F0C0FD23A3D3E9002315F011
:109E1000BDFD4FF0FF35CAE90201CAE60323A7E6FC
:109E20001FA3D3E90023DDE9060115F065FF06460F
:109E30000F4602460B46DDE9080115F0A5FD8046F8
:109E4000894602460B46DDE90801CDE9028915F095
:109E50009BFD32463B4615F097FD13A3D3E9002343
:109E600006460F46DDE9060115F046FF32463B4641
:109E700015F08AFD02460B4640464946CDE90423CB
:109E800015F082FD80468946A7E700BFAFF300804A
:109E90000000601A61B4D03D7370032E8A19A33B91
:109EA0000000002E8A19A33BC14920259A837B39E3
:109EB000D422040000000000574A2DE9F84F21F099
:109EC0000048904506460F462CDC544B0029B4BF91
:109ED000534D544D98454FF0000411DC524B9845BA
:109EE00026DC4BA3D3E9002315F050FD00224F4B95
:109EF00016F092F9002840D030463946BDE8F88F78
:109F00004B4B984530DD4B4B984568DD0133984508
:109F100062D0304639463EA3D3E9002315F0ECFE6B
:109F2000BDE8F88F02460B4615F030FDBDE8F88F0E
:109F300013F0ECFB01F048F83F4B984506460F46FE
:109F400023DD0022394B15F021FD02460B46304639
:109F5000394615F0FBFF32463B4615F017FD224609
:109F60002B4615F0C9FEE1E713F0D0FBFEF75CFCD1
:109F700022462B4615F0C0FED8E73046394613F08E
:109F8000C5FB01F021F806460F4632463B463046F7
:109F9000394615F0FBFC324682468B463B4630463E
:109FA000394615F0A9FE0022804689461F4B3046EF
:109FB000394615F0EBFC02460B464046494615F083
:109FC000C5FF02460B465046594615F0DDFC2246B9
:109FD0002B4615F091FEA9E7184B984299D83046C8
:109FE000394613F093FB00220E4B15F085FEFEF769
:109FF0001BFC06460F4602460B462046294615F036
:10A000007BFE32463B4615F077FE8FE7AFF30080CC
:10A010003374AC3C1F7BAC7FFFFFEF7FFFFF35400D
:10A020000000E0BF0000E03FFFFF2F3E0000F03FD8
:10A03000412E8640CD338640FFFFEF3F7DF8B98F3C
:10A040002DE9F04F21F00048B8F1795F85B0064660
:10A050000F4692469B466BDA16F0FEF8002800F099
:10A06000E18032463B463046394615F045FE74A342
:10A07000D3E9002304460D4615F03EFE72A3D3E952
:10A08000002315F083FC22462B4615F035FE70A305
:10A09000D3E9002315F078FC22462B4615F02CFE60
:10A0A0006DA3D3E9002315F071FC22462B4615F071
:10A0B00023FE6BA3D3E9002315F066FC22462B4652
:10A0C00015F01AFE68A3D3E9002315F05FFC2246C1
:10A0D0002B4615F011FECDE900010022664B20460B
:10A0E000294615F009FEDDE9002380468946204611
:10A0F000294615F001FE524604460D465B463046A1
:10A10000394615F0F9FD02460B462046294615F062
:10A110003BFC02460B464046494615F035FC0246DC
:10A120000B460020554915F02FFC05B0BDE8F08F17
:10A1300002460B4615F0E0FD41A3D3E90023044697
:10A140000D4615F0D9FD40A3D3E9002315F01EFC00
:10A1500022462B4615F0D0FD3DA3D3E9002315F090
:10A1600013FC22462B4615F0C7FD3BA3D3E9002381
:10A1700015F00CFC22462B4615F0BEFD38A3D3E9A2
:10A18000002315F001FC22462B4615F0B5FD36A341
:10A19000D3E9002315F0FAFB2B46224615F0ACFD5F
:10A1A000374B9845CDE9000197DD364B98453EDCAD
:10A1B000A8F500130022002030499046994615F07A
:10A1C000E3FBCDE9020100222B4B2046294615F086
:10A1D00093FD42464B4615F0D7FBDDE90023804650
:10A1E00089462046294615F087FD524604460D460D
:10A1F0005B463046394615F07FFD02460B46204649
:10A20000294615F0C1FB02460B464046494615F06B
:10A21000BBFB02460B46DDE9020115F0B5FB05B0BC
:10A22000BDE8F08F1549002005B0BDE8F08F9FED27
:10A23000107B4FF000088DED027BDFF84C90C2E7F9
:10A24000D43888BEE9FAA8BDC4B1B4BD9EEE213EA3
:10A25000AD529C804F7E923E9015CB19A001FA3EE4
:10A260007751C1166CC1563F4C5555555555A53FB4
:10A27000000000000000E73F0000E03F0000F03F6A
:10A280003233D33F0000E93F0000D23F000000001E
:10A290002DE9F04FADF5197DBE4CA29EBE4D54F890
:10A2A00026600793D41E85FB0475E417C4EBA50450
:10A2B00024EAE4741D46631CA3EB8303013D02EB17
:10A2C000C3030593731904960994019503900B91A8
:10A2D000A4EB05071AD43B44002400255E1C0DF1B5
:10A2E0008008DDF88C9208E059F8270015F09AFCF8
:10A2F0000137B742E8E8020108D0002FF4DA01374D
:10A3000020462946B742E8E80201F6D1049B002B1B
:10A31000079B4FEAC30302932ADB039A20A902EBAF
:10A32000030801EB0309049B72AA02EBC30B0DF5B2
:10A33000E07A019B002B4FF000064FF0000711DB85
:10A34000039C4D4675E90223F4E8020115F0D4FCA4
:10A3500002460B463046394615F018FB4445064682
:10A360000F46EFD1EAE80267DA4509F10809E0D1C2
:10A37000DDE90204049920448B0082460BA8A3F176
:10A380000802C31808930CAB13440A938B4698AB8E
:10A3900003EBCB03BBF1000F53E9284529DD70AB7C
:10A3A00003EBCB080DF1300900227C4B20462946F7
:10A3B00015F0A2FC15F050FF15F034FC0022784B8C
:10A3C00006460F4615F098FC02460B4620462946E5
:10A3D00015F0DAFA15F040FF78E9022349F8040B8A
:10A3E0003946304615F0D2FA70AB984504460D4612
:10A3F000DAD1DDF81490204629464A4601F030F8BB
:10A4000000224FF07F5304460D4615F075FCFCF713
:10A41000A7FD0022634B15F06FFC02460B46204659
:10A42000294615F0B1FA0D46044615F015FF804691
:10A4300015F0F8FB0B4602462946204615F0A4FA13
:10A440004B46002B06460F4640F3E1800BF1FF32EE
:10A450000CA9C9F1180351F8225045FA03F101FA89
:10A4600003F30CA8EB1A40F82230C9F11705884411
:10A4700043FA05F5002D2CDDBBF1000F08F10108B2
:10A4800040F381820C9C002C40F0A780BBF1010FAF
:10A490000AD00CA9012251F8044F531C002C40F0A3
:10A4A0009E809B451A46F6D1059B002B0EDD012BA5
:10A4B00000F0D980022B09D10BF1FF320CAB0CA9B3
:10A4C00053F82230C3F3150341F82230022D00F077
:10A4D000AF80002200233046394615F075FE002873
:10A4E00000F05382049B0BF1FF394B4510DC0BF15C
:10A4F00080430CAA013B089802EB8303002253F827
:10A500000419834242EA0102F9D1002A40F0B680E0
:10A51000049B0CAA013B52F82330002B40F0A18091
:10A520000A9A012352F8041901330029FAD05B4436
:10A530000BF10109994506934CDC099A079909EB3F
:10A54000020801EB0B0508F1804802EB030BA39B0B
:10A5500008F1FF3803EB880870AB03EBC909A39B34
:10A5600020A903EB8B0301EBC505029358F8040FF8
:10A5700015F058FB0B4601990246002905F1080B1E
:10A58000C5E900234FF000064FF000071CDB039CD9
:10A590000CE000BFF4270400ABAAAA2A0000703E1A
:10A5A000000070410000204075E90223F4E8020138
:10A5B00015F0A2FB02460B463046394615F0E6F987
:10A5C000544506460F46EFD1029B9845E9E80267DD
:10A5D0005D46CBD1DDF818B0D9E6012300220CA9E5
:10A5E000C4F180749B4541F822400EDD51F82320D0
:10A5F00001EB8B0001EB83036FF07F4100E01A68F1
:10A600008A1A43F8042B8342F9D101244CE706D17E
:10A610000BF1FF330CAA52F82350ED152AE7002264
:10A620007B4B15F0EFFD002840F0A381054650E775
:10A6300032463B460020774915F0A6F906460F46FC
:10A64000002C3FF446AF059A7249002000F008FF45
:10A6500002460B463046394615F096F906460F4637
:10A6600037E7012363E70BF1FF320CAB0CA953F87A
:10A670002230C3F3160341F8223027E70CAB059ACA
:10A6800053F82930183ACDE9068505926BB909F1DE
:10A690008043013B0CA901EB830353F8041909F132
:10A6A000FF39183A0029F8D00592059A5949002037
:10A6B00000F0D6FEB9F1000F04460D46C0F2C0818D
:10A6C0004FEAC90370AA02EB030808930CAB03EB33
:10A6D0008906DFF844B14FF0000A08F10807043694
:10A6E00056F8040D15F09EFA22462B4615F004FB91
:10A6F0005B4667E9020152462046294615F0FCFAFE
:10A700000CAB9E4204460D46EAD148AB039301933D
:10A71000CDF8149009F10103DDF810900293C346BF
:10A720004FF0000AB9F1000FC0F22A81DFF8EC8087
:10A730005D4635A3D3E9002300260027002403E06B
:10A74000544510DCF8E80223F5E8020115F0D4FACC
:10A7500002460B463046394615F018F90134A1453A
:10A7600006460F46ECDA019BE3E802670193029B81
:10A770000AF1010A9A45ABF1080BD3D1A29BDDF88F
:10A780001490032B39D8DFE813F0D9000600060037
:10A790004D0048AB0393B9F1000F4FF000004FF0AC
:10A7A000000109DB039D05EBC904083474E90223A9
:10A7B00015F0ECF8A542F9D1079B002B40F01E8163
:10A7C0000B9BC3E900010B4603990246D1E9000146
:10A7D00015F0DAF8B9F1000F0CDD4AAD01240134AF
:10A7E000F5E8022315F0D2F8A145F8DA079B002B13
:10A7F00040F014810B9BC3E90201069B03F00700A4
:10A800000DF5197DBDE8F08F00000040FB21F93FF8
:10A810000000E03F0000F03F0000703E9810040090
:10A8200048AB0393B9F1000F40F32781039ACDF8A9
:10A8300010904FEAC9030193D318D3E900AB09F193
:10A840000053013B02EBC9080293914678E9026785
:10A8500052465B463046394615F098F804460D4698
:10A8600002460B463046394615F08EF852465B4696
:10A8700015F08CF8C145A246AB46C8E90201C8E90B
:10A880000045E3D1DDF81090B9F1010F40F3F580F8
:10A89000019B039A02991344C900D3E9006701F1AF
:10A8A000080A019192440DF5947B7AE902893246B7
:10A8B0003B464046494615F069F804460D460246B7
:10A8C0000B464046494615F05FF832463B4615F0C8
:10A8D0005DF8D34526462F46CAE90201CAE900457C
:10A8E000E3D1019C039B1034002000211C4403F1A0
:10A8F000100574E9022315F049F8A542F9D1039C2B
:10A90000079ED4E90023D4E90245002E00F08A8096
:10A9100003F1004701F100430B99C1E90403069BD1
:10A920002646944605F1004403F00700C1E900C73C
:10A93000C1E902640DF5197DBDE8F08F089C039D07
:10A940000834002000212C4474E9022315F01EF87D
:10A95000A542F9D1079B13B101F1004319460B9BA6
:10A96000C3E90001069B03F007000DF5197DBDE862
:10A97000F08FBBF1000F08F1010874DD022581E5BD
:10A9800000260027EFE600248EE5CDE90685059D2B
:10A99000304639466A4200F063FD0022384B0646D5
:10A9A0000F4615F02FFC00B30022364B30463946D7
:10A9B00015F0A2F915F050FC044615F033F9002209
:10A9C0002F4B15F099F90B4602463946304614F0E4
:10A9D000DBFF15F041FC0BF101090CAB183543F816
:10A9E0002B00059543F829405FE63046394615F0BF
:10A9F00033FC0CABD94643F82B0056E60B9C01F117
:10AA00000043C4E900030B4603990246D1E9000163
:10AA100014F0BAFFB9F1000F3FF7DFAE01F10043C8
:10AA20001946E7E60B9EC6E90023069BC6E904012A
:10AA300003F00700C6E902450DF5197DBDE8F08F6A
:10AA4000A29B032B3FF6D9AE01A252F823F000BF20
:10AA500061AA020093A7020093A7020021A80200A6
:10AA60000020002176E732463B460020064914F0DC
:10AA70008BFF022506460F462BE5002000213EE70E
:10AA8000000070410000703E0000F03F0000000038
:10AA90002DE9F04F21F00046B6F1795F85B004460C
:10AAA0000D469046994604DA15F0D6FB002800F0D2
:10AAB000858022462B462046294615F01DF906467C
:10AAC0000F4602460B462046294615F015F941A3CC
:10AAD000D3E9002382468B463046394615F00CF9FF
:10AAE0003EA3D3E9002314F04FFF32463B4615F056
:10AAF00003F93CA3D3E9002314F048FF32463B4658
:10AB000015F0FAF839A3D3E9002314F03DFF3246DB
:10AB10003B4615F0F1F837A3D3E9002314F036FFD4
:10AB20000E9BCDE900019BB30022294B40464946CC
:10AB300015F0E2F8DDE90023CDE90201504659465F
:10AB400015F0DAF802460B46DDE9020114F01CFFAD
:10AB500032463B4615F0D0F842464B4614F014FFFF
:10AB600019A3D3E9002306460F465046594615F06F
:10AB7000C3F802460B463046394614F007FF02463A
:10AB80000B462046294614F0FFFE05B0BDE8F08FC5
:10AB900002460B463046394615F0AEF80AA3D3E913
:10ABA000002314F0F1FE52465B4615F0A5F822464C
:10ABB0002B4614F0EBFE05B0BDE8F08F2046294689
:10ABC00005B0BDE8F08F00BF495555555555C53FF7
:10ABD0000000E03F7CD5CF5A3AD9E53DEB9C2B8A6B
:10ABE000E6E55A3E7DFEB157E31DC73ED561C1196A
:10ABF000A0012A3FA6F810111111813F00000000AA
:10AC00002DE9F04FC04C21F0004687B0A6428246A5
:10AC10008B460F46CDE900231ADC15F01DFB0028FA
:10AC20003FD1109B524601331343334300F0B781A9
:10AC3000109B012B00F0C0815B460020B34915F04A
:10AC400085F904460D462046294607B0BDE8F08F39
:10AC5000AF4B9E4225DD002909DADDE90045224699
:10AC600005F10043CDE900230BF100418B4652462C
:10AC70005B4685A1D1E9000114F086FEDDE90023E1
:10AC800004460D4682A1D1E9000114F07DFE9FED3E
:10AC9000827B22462B468DED007B14F077FE8246A8
:10ACA0008B4652465B465046594615F025F80246FB
:10ACB0000B468046894615F01FF8424604460D466D
:10ACC0004B465046594615F017F875A3D3E90023B3
:10ACD000CDE902012046294615F00EF872A3D3E90A
:10ACE000002314F053FE22462B4615F005F870A3FE
:10ACF000D3E9002314F04AFE22462B4614F0FCFF51
:10AD00006DA3D3E9002314F041FE22462B4614F034
:10AD1000F3FF6BA3D3E9002314F038FE22462B4641
:10AD200014F0EAFF68A3D3E9002314F02FFE424693
:10AD30004B4614F0E1FF66A3D3E90023CDE90401FB
:10AD40002046294614F0D8FF63A3D3E9002314F06A
:10AD50001DFE22462B4614F0CFFF61A3D3E900234A
:10AD600014F014FE22462B4614F0C6FF5EA3D3E96E
:10AD7000002314F00BFE22462B4614F0BDFF5CA30B
:10AD8000D3E9002314F002FE22462B4614F0B4FF50
:10AD900059A3D3E9002314F0F9FD02460B46DDE97F
:10ADA000040114F0F3FDDDE9022314F0A5FFDDE951
:10ADB000004522462B4614F0E9FD42464B4614F06E
:10ADC0009BFF22462B4614F0E1FD4DA3D3E900235F
:10ADD00004460D46DDE9020114F08EFF22462B46A3
:10ADE00014F0D4FD0B46024680468946504659462B
:10ADF00014F0CCFD464B9E4204460D4600F38C8079
:10AE0000109B012B3BD002460B4600203F4915F01A
:10AE10009DF8002406460F462046294652465B46CA
:10AE2000CDE90067CDE90201009414F0ADFDDDE944
:10AE300000AB02460B464046494614F0A5FD52467B
:10AE40005B4614F059FF524604460D465B46DDE969
:10AE5000020114F051FF00222E4B14F097FD024620
:10AE60000B462046294614F091FD32463B4614F02D
:10AE700043FF52465B4614F089FD04460D462046CA
:10AE8000294607B0BDE8F08F182D4454FB21E93F57
:10AE9000075C143326A6813C00000000000000007F
:10AEA000D47ABF74702AFB3EE9A7F0320FB8123F84
:10AEB00068108D1AF726303F1583E0FEC8DB573F38
:10AEC00093846EE9E326823FFE41B31BBAA1AB3FF8
:10AED000735360DBCB75F3BEA69237A0887E143F18
:10AEE0000165F2F2D844433F280356C9226D6D3FF5
:10AEF00037D60684F464963F7AFE10111111C13FD3
:10AF0000635555555555D53FFFFF2F3E0000F0BF07
:10AF10002794E53F0000F03F109814F083FE22468E
:10AF2000CDE900012B462046294614F0E5FEDDE977
:10AF30000023CDE902012046294614F027FD0246F0
:10AF40000B46DDE9020115F001F842464B4614F0CC
:10AF50001BFD02460B465046594614F015FD0246AD
:10AF60000B4614F013FD02460B46DDE9000114F018
:10AF70000BFD0446B81700F00200C0F101000D46B9
:10AF800014F050FE02460B462046294614F0B4FE4B
:10AF900004460D462046294607B0BDE8F08F5046CE
:10AFA000594612F0B3FB02460B460020044914F048
:10AFB000CDFF04460D4662E754465D465FE700BF9D
:10AFC0000000F03F000000002DE9F04FCC4A21F0D6
:10AFD0000043934285B082468B460C4620D9C94A2D
:10AFE000934200F2D780002C80F2A481ACA3D3E975
:10AFF00000235046594614F0C9FC0022002315F0E6
:10B00000EDF8002840F0D180A7A3D3E900235046F3
:10B01000594614F071FE02460B460020BA4994E1ED
:10B02000BA4A934200F2E580B94A934240F22E8137
:10B03000002301930022B74B5046594614F05CFEA2
:10B0400006460F4602460B465046594614F054FE3B
:10B0500097A3D3E9002304460D4614F04DFE96A3B2
:10B06000D3E9002314F092FC22462B4614F044FE50
:10B0700093A3D3E9002314F087FC22462B4614F057
:10B080003BFE91A3D3E9002314F080FC22462B461B
:10B0900014F032FE8EA3D3E9002314F075FC22468F
:10B0A0002B4614F029FE00229B4B14F06FFC8046C7
:10B0B000894602460B463046394614F01DFE0246CC
:10B0C0000B460020954914F05FFC064602460B46ED
:10B0D0000F464046494614F057FC324680468946A2
:10B0E0003B465046594614F007FE02460B460020E8
:10B0F0008B4914F049FC02460B464046494614F081
:10B1000025FF22462B4614F0F7FD019E02460B4612
:10B11000002E4DD0DDE9026732463B4614F034FC88
:10B1200052465B4614F0E8FD32463B4614F02CFCD8
:10B130002B46224614F028FC019B013306460F469D
:10B1400000F02381019B012B7BD0019A531C392BEA
:10B150004FEA025500F22881019A132A40F35581E3
:10B16000019BC3F57F7403340022230514F00EFC09
:10B1700002460B465046594614F006FC0022664B28
:10B1800014F004FC824605EB010B5046594605B00D
:10B19000BDE8F08F634A93421BD9C1F31303034305
:10B1A000024640F012810029EFDA00205E490DE0EE
:10B1B0005046594614F0A0FD22462B4614F0E4FBFD
:10B1C00002460B465046594614F0DEFB05B0BDE87A
:10B1D000F08F41A3D3E9002315F01EF800283FF4B7
:10B1E00002AF3FA3D3E900231046194614F084FDB3
:10B1F000ECE74E4A934200F2EC8000293AA3D3E9EF
:10B20000002339DA14F0C2FB39A7D7E900674FF001
:10B21000FF3380468946019332463B4640464946C5
:10B2200014F0B2FB02460B4682468B464046494626
:10B2300014F0AAFB32463B4614F0A6FBCDE902010E
:10B24000F8E600223A4B5046594614F0C7FF002852
:10B2500000F0CC805046594600222E4B14F096FB4D
:10B2600002460B463046394614F08EFB00224FF062
:10B27000404314F041FDA9E714F086FB012380460A
:10B28000894601931CA7D7E90067C5E714A3D3E952
:10B29000002314F07BFB02460B468FE7AFF30080E0
:10B2A00059F3F8C21F6EA501FE822B654715F73FC3
:10B2B0002DC3096EB7FD8ABE3952E686CACFD03E8D
:10B2C000B7DBAA9E19CE143F8555FE19A0015A3F3F
:10B2D000F41011111111A13FEF39FAFE422E8640F0
:10B2E0009C7500883CE4377E0000E0FE422EE63F7D
:10B2F000763C7935EF39EABD763C7935EF39EA3D70
:10B3000079684340412E86400000E0BF422ED63F80
:10B31000FFFF8F3C0000E03F0000F03F00000840CE
:10B3200000001840FFFFEF7F0000F0BFB1A2F03F28
:10B330000000D0BF44A3D3E900235046594614F07F
:10B34000DBFC02460B460020414914F01FFB14F0C1
:10B3500083FF019014F066FC37A3D3E9002306466F
:10B360000F4614F0C9FC02460B465046594614F0ED
:10B370000BFB33A3D3E90023804689463046394688
:10B3800014F0BAFC06460F4646E702460B46504606
:10B39000594614F0F9FA00222D4B14F0ADFC0022AE
:10B3A0002B4B14F0F1FA11E752465B4614F0ECFA1D
:10B3B00002460B460020274914F0E6FA6B1819469E
:10B3C0000022244B14F0E0FA00E70B4614F0DEFAFA
:10B3D000FCE61DA3D3E9002314F08EFC002C0246EA
:10B3E0000B464FF00000AFDA1B49AEE732463B4652
:10B3F0005046594614F0C8FA02460B4614F0C6FAF5
:10B400000022144B14F0C2FAE0E64FF4001343FAA2
:10B4100002F452465B4614F0B7FAC4F17F57002697
:10B4200007F5401702460B463046394614F0ACFA91
:10B43000A8E600BFAFF300800000E0FE422EE63F2A
:10B44000763C7935EF39EA3DFE822B654715F73FAB
:10B450000000E03F0000F03F0000E0BF00000000FF
:10B46000F8B5C1F30A5304460D460E4617460BBB0A
:10B4700021F00046034633431BD0354B002214F025
:10B480003BFC344B9F4204460D4635DBC1F30A5367
:10B490000E46363B3B4440F2FE72934232DC002BB8
:10B4A00011DD26F0FF4626F4E00646EA0355204665
:10B4B0002946F8BD40F2FF729342EBD102460B469B
:10B4C00014F064FAF8BD13F1350F28DA4CF250335A
:10B4D0009F4222462B460ADD19A1D1E9000114F052
:10B4E000C5F917A3D3E9002314F006FCF8BD16A193
:10B4F000D1E9000114F0BAF913A3D3E9002314F041
:10B50000FBFBF8BD22462B460DA1D1E9000114F04A
:10B51000ADF90BA3D3E9002314F0EEFBF8BD26F040
:10B52000FF4626F4E006363346EA03552046294610
:10B530000022094B14F0E0FBF8BD00BFAFF3008020
:10B540009C7500883CE4377E59F3F8C21F6EA50154
:10B5500000005043B03CFFFF0000903C10B5054C8C
:10B56000237833B9044B13B10448AFF300800123AF
:10B57000237010BD10850020000000004C2904003D
:10B5800008B5034B1BB103490348AFF3008008BD66
:10B5900000000000148500204C290400154B002BEE
:10B5A00008BF134B9D46A3F5803A00218B460F46FA
:10B5B0001348144A121A09F0A7F90F4B002B00D0B8
:10B5C00098470E4B002B00D0984700200021040024
:10B5D0000D000D48002802D00C48AFF3008014F095
:10B5E0007BF92000290005F00BF914F061F900BF88
:10B5F000000008000000042000000000000000001F
:10B6000000840020B08C002000000000000000003A
:10B6100070B504460E4600F08DFA88B10368DB6A07
:10B6200005469847082C0CD0A4F10903012B14D926
:10B630003246214610230D20BDE8704004F096B933
:10B6400070BD2B6828465B6A98470228F0DC2B689F
:10B6500028461B6A04219847EAE72B6828465B6A5C
:10B6600098470528E4DC2B6828461B6A0821984780
:10B67000DEE700BF38B52DED028B054600F05AFA23
:10B68000044640B10368DB6A9847032D03D8DFE81E
:10B6900005F02F363D06BDEC028B002038BD20465C
:10B6A0000BF01AFF07EE900A2046F8EEE78A0BF03F
:10B6B00021FF07EE900A2046B8EEE78A0BF028FF3C
:10B6C00068EE087A07EE100AE8EEA87AB8EEC77AB4
:10B6D000E7EE077AF5EE407AF1EE10FAB1EEE78A7E
:10B6E0001BD4FDEEC87ABDEC028B17EE900A38BD74
:10B6F000BDEC028B2046BDE838400BF0EDBEBDEC42
:10B70000028B2046BDE838400BF0F4BEBDEC028B46
:10B710002046BDE838400BF0FBBE17EE900A12F051
:10B720001FFEDEE738B5044600F004FA58B103689E
:10B73000DB6A0546984744B1012C04D12846BDE890
:10B740003840FBF73DB9002038BD2846BDE83840F9
:10B75000FBF716B910B5044600F0ECF928B1036800
:10B7600021461B6ABDE81040184710BD00487047CD
:10B7700016FCFFFF704700BF10B5034B0360044683
:10B780000BF0A6FC204610BD801D040010B5054B33
:10B79000036004460BF09CFC204615F035F820466B
:10B7A00010BD00BF801D04002DE9F041032184B0CD
:10B7B0000546512001F020FDDFF838C3C24B044696
:10B7C00004F00F06C4F3031714F4807408BF634633
:10B7D000BE4831463A460AF0E5FD221C18BF012258
:10B7E00031463B4628460EF09DFC0023AB60B8482E
:10B7F0000AF0D8FD4FF0FF31032001F0FDFCC0B28C
:10B8000004F0A8FB4FF0FF310446022001F0F4FCE5
:10B81000C0B204F09FFB002C57D0002855D0014641
:10B82000204604F07FF90646002869D04FF0FF312A
:10B83000462001F0E1FC3828044600F0DB801ADDE8
:10B840003A2800F0C180682861D14FF0FF31012013
:10B8500001F0D2FCC0B204F07DFB80465C2014F005
:10B86000DCFF052301934246009431462B460746F0
:10B870000CF086FF19E0302801D0322847D14FF074
:10B88000FF31012001F0B8FCC0B204F063FB804638
:10B89000542014F0C2FFA4B2074605230193424688
:10B8A000009431462B460CF015FDAF603B683846DE
:10B8B0009B6A9847A8680368DB6A984785480AF03E
:10B8C00071FD284604B0BDE8F08183480AF06AFDA6
:10B8D0004FF0FF31192001F08FFCC0B204F03AFBA9
:10B8E0004FF0FF310446182001F086FCC0B204F08E
:10B8F00031FB0146204604F015F90646002895D193
:10B9000076480AF04FFD284604B0BDE8F0810124D6
:10B910003268CDE900440023576AAB600F220DF175
:10B920000F0332213046B847002800F0A980336861
:10B93000CDE900440F225F6A30210DF10F0330463C
:10B94000B84700286ED03368CDE900440D225F6A05
:10B9500038210DF10F033046B847002800F09680DB
:10B960003368CDE900440D225F6A3A210DF10F03DF
:10B970003046B847002800F0BF803268CDE9004467
:10B980000DF10F03576A682175223046B847002829
:10B990005BD1682152480AF005FD4FF0FF31204687
:10B9A00001F02AFCC0B204F0D5FA80465C2014F005
:10B9B00034FF05246823CDE90034424631462B4646
:10B9C00007460CF0DDFE70E74FF0FF31012001F07B
:10B9D00013FCC0B204F0BEFA8046502014F01DFFE4
:10B9E000052301934246009431462B4607460CF04E
:10B9F000A7FD5AE74FF0FF31012001F0FDFBC0B277
:10BA000004F0A8FA8046502014F007FF05230746EB
:10BA1000019342462B46009431460CF091FD314B88
:10BA20003B6042E730212E480AF0BCFC30244FF046
:10BA3000FF31012001F0E0FBC0B204F08BFA804638
:10BA4000542014F0EAFE074627E727480AF0AAFC2C
:10BA5000AF68002F7FF42AAF4FF0FF31032001F0D1
:10BA6000CBFBC0B204F076FA30B120480AF09AFC61
:10BA7000284604B0BDE8F0811D480AF093FC42E777
:10BA8000322117480AF08EFC3224D0E738211448BE
:10BA90000AF088FC4FF0FF31204601F0ADFBC0B248
:10BAA00004F058FA8046502014F0B7FE05243823DD
:10BAB0000746CDE9003442462B4631460CF040FDA6
:10BAC000084B3B60F1E600BF1C1104002C11040080
:10BAD0004C1104000C1204005C11040070110400ED
:10BAE0009C110400E810040088110400B011040047
:10BAF000EC110400241104003A210D480AF052FC14
:10BB00004FF0FF31204601F077FBC0B204F022FA7B
:10BB10008046502014F081FE05243A23CDE90034FC
:10BB2000424631462B4607460CF00AFDBDE600BFF3
:10BB30009C11040038B5114C23680BB1986838BDCE
:10BB40004FF0FF31012001F057FBC0B204F002FAC0
:10BB500040B10C2014F061FE0546FFF725FE25607C
:10BB6000A86838BD4FF0FF31032001F045FBC0B29B
:10BB700004F0F0F90028ECD138BD00BF2C8500207E
:10BB800008B501F06BFCFBF78FFCBDE8084001F045
:10BB9000C5B900BF08B501F061FCFBF7F5FCBDE8D5
:10BBA000084001F0BBB900BF08B501F057FC11F027
:10BBB00023FEBDE8084001F0B1B900BF08B501F0AF
:10BBC0004DFC12F015FABDE8084001F0A7B900BF1E
:10BBD00008B501F043FCFBF777FCBDE8084001F035
:10BBE0009DB900BF08B501F039FC12F037F8BDE887
:10BBF000084001F093B900BF08B501F02FFCFAF737
:10BC0000FFFEBDE8084001F089B900BF08B501F0AA
:10BC100025FC11F079FFBDE8084001F07FB900BFB5
:10BC200070B5049E96420C4624DB15466BB9042A77
:10BC300019D0022A02D110F0010310D001462A4681
:10BC4000204607F0CFFC002070BD10440D4410F8D2
:10BC5000013D01F8013B8D42F9D1002070BD028801
:10BC60000A80184670BD10F00303E7D102680A602D
:10BC7000184670BD0846002108F046FE4FF0FF3020
:10BC800070BD00BF0830704740B1002905DB436834
:10BC90008B4202DD0844007A70470020704700BFE5
:10BCA00030B1002904DB43688B42C4BF40180272E4
:10BCB000704700BF40B1002905DB4368994202DAB2
:10BCC0000844007A70470020704700BF830704D102
:10BCD000030F0CBF0120002070470120704700BFF8
:10BCE00030B1002904DB43689942BCBF401802729E
:10BCF000704700BFF8B5002B20DB00291EDB46682B
:10BD00008E421BDB5468761AE51AB542A8BF354649
:10BD1000002D13DB824202F108070C4600F10806F1
:10BD20002A4605D0F918301907F05CFC0020F8BD50
:10BD3000F118381914F0A4FD0020F8BD4FF0FF30C1
:10BD4000F8BD00BF4068704710B4141E10DB426895
:10BD5000A2420DDB33EA230328BF1346121B08302F
:10BD60009A422044A8BF1A465DF8044B08F0CCBDA7
:10BD70005DF8044B704700BF10B443688B4200F17C
:10BD800008041846A8BF084632EA220128BF19460F
:10BD90001B1A99422044A8BF19465DF8044B00F0D5
:10BDA000B5BE00BF70B5002BBCBF43689B1A002A0C
:10BDB0000E4620DB44689918A1421CDC91421ADB34
:10BDC000CBB136F0004116D05942B14214DAB34239
:10BDD00012DD0830002E00EB020515DB9C1B22460D
:10BDE000A919284614F04CFD324628190021BDE857
:10BDF000704008F089BD70BD002211464FF0FF333E
:10BE0000BDE87040FFF7A0BF74429A19294628196F
:10BE100014F036FD224628460021BDE8704008F0A7
:10BE200073BD00BF03460830596800F0EBBD00BF8A
:10BE300070B5054600206968490000F069FD6B682F
:10BE4000002B14DD0A4EEB1D02465C782411991F6D
:10BE5000345D94715C7804F00F04491B345DD47137
:10BE60006C688C4202F1020203F10103EDDC70BD4B
:10BE70001C120400002BBCBF43689B1A002A30DB55
:10BE800070B445689C18AC4229DC944227DB33B37C
:10BE900031F0004423D00029B8BF01EB032191FB0E
:10BEA000F3F403FB1411002900F10800B8BFC9180E
:10BEB000024411448A42134411D00C4604E08A42E1
:10BEC00004460FD094420AD02046157810F8016B32
:10BED00002F8016B83422570F1D10C46F2E770BC89
:10BEE000704770470146EDE700B583B04FF0FF3370
:10BEF00000930023FFF7FEFE03B05DF804FB00BFD4
:10BF000010B50C1E0EDD4168083002F0CFF81F2C72
:10BF100007DC0123A34020FA04F4013B444004EA77
:10BF2000030010BD002010BD0146002000F0EEBD52
:10BF300038B50021054600F093FD0146002000F0D1
:10BF4000E5FD044600F10801284600F089FD204681
:10BF500038BD00BF30B5013A83B004460D460F2A04
:10BF600013D8DFE802F0141408086114141B1B73C3
:10BF70004A2554675A38184601F002FB012D04DDAA
:10BF800080B2E20754BF2080208003B030BD184645
:10BF900001F0F6FA002DF8DD2070F6E7184601F002
:10BFA000EFFA012DF1DDC0F3072360702370ECE799
:10BFB000184601F07BFA032D0090E6DD9DF80000A5
:10BFC0009DF801109DF802209DF803302370E07069
:10BFD000A1706270D9E7184601F040FA072DCDE94B
:10BFE0000001D2DD0DF1FF3204F1080312F8011F48
:10BFF00003F8011D9C42F9D1C7E7184601F056FA33
:10C00000032DC2DDA3070CBF20602060BDE71846EA
:10C0100001F04EFB032DF5DCB7E7184601F048FBB5
:10C02000032D0090CADCB0E7184601F0A9FA032DF1
:10C03000E8DCAAE7184601F011FA072DCDE9000166
:10C04000A3DD6B4603CB206061609EE7184601F0DC
:10C0500097FA032D0090B1DC97E700BF30B4141EAF
:10C0600007DB456808300A462044291B30BCFFF72F
:10C0700071BF30BC704700BF00B5013A85B00F2AD0
:10C0800000F28880DFE802F01623303D4A56595C02
:10C090005F626571748083080091012308220DEBB3
:10C0A0000201FFF7BDFDDDE9020100F037FF05B039
:10C0B0005DF804FB00910023012202A9FFF7B0FD07
:10C0C0009DF9080001F034F805B05DF804FB00911B
:10C0D0000023012202A9FFF7A3FD9DF8080001F04B
:10C0E00027F805B05DF804FB00910023022202A9A5
:10C0F000FFF796FDBDF9080001F01AF805B05DF8EC
:10C1000004FB00910023022202A9FFF789FDBDF87C
:10C11000080001F00DF805B05DF804FB0091002364
:10C12000042202A9FFF77CFD029801F001F805B096
:10C130005DF804FB01230091BEE701230091C8E7ED
:10C1400000910123D2E700910123DCE70091012354
:10C15000E6E700910023042202A9FFF761FD02989F
:10C1600000F0F0FF05B05DF804FB00910123F2E759
:10C1700000910023042202A9FFF752FD029800F06B
:10C18000CFFF05B05DF804FB0091002386E7009126
:10C190000123EFE700208AE7131E09DB10B444688F
:10C1A00008300A461844E11A5DF8044BFFF764BFF3
:10C1B000002000F0BDBF00BF03F0B8BA08B503F01F
:10C1C000B9FA20F0404008BD03F0D0BB10F012B81F
:10C1D000C11703F06FBA00BF03F080BA03F090BA42
:10C1E00000B583B003F0A0FA02AB63E902010821B5
:10C1F000184601F05BFF20F0404003B05DF804FBFF
:10C2000000B583B003F090FA02AB63E902010821A4
:10C21000184600F07BFC03B05DF804FB81B138B533
:10C220000B680C4608461B6A9847236805465B6AFC
:10C230002046984701462846BDE8384004F0E8B952
:10C24000704700BF01F052BE012002F0E9B800BF04
:10C2500008B5022002F0E4F840F29330BDE808404F
:10C2600009F012B9014B1860704700BF30850020FB
:10C27000704700BF00207047002A2DE9F04340F3CB
:10C28000B38000252E464FF0ED0CDFF8BCE11CE03A
:10C2900003F0E004C02C2AD003F0F004E02C3FD0DF
:10C2A00003F0F804F02C5AD00135023658B19F093A
:10C2B000044667F03F0704F8027B03F03F0363F096
:10C2C0007F034370204695420EDA4B5D1C06DFD497
:10C2D0007F2B05F10105E8D801360028F3D09542FF
:10C2E000037000F10100F0DB3046BDE8F0836C1C08
:10C2F0009442D1DA4F197F7807F0C008B8F1800F67
:10C30000CAD14FEA831807F03F0708F4F86848EAF3
:10C3100007077F2F6CDC023625460028C7D1D4E7FB
:10C32000AC1C9442BCDA4C19677807F0C008B8F12D
:10C33000800FB5D194F8028008F0C004802CAFD1F2
:10C340001C0308F03F08BF01A4B207F47C6744EA6D
:10C3500008043C43B4F5006FA6DB03352DE0EC1C6C
:10C360009442A1DA4C19677807F0C008B8F1800F41
:10C370009AD194F8028008F0C009B9F1800F93D1E6
:10C3800094F8039009F0C004802C8DD19C0409F02E
:10C390003F093F0304F4E01407F47C374FEA8818A0
:10C3A00044EA09043C4308F47C6844EA0804A4F520
:10C3B000803777453FF678AF0435B4F5803F1AD221
:10C3C000033600283FF47FAF270BC4F3851304F036
:10C3D0003F0467F01F0763F07F0364F07F0407707A
:10C3E0004370847003306EE700263046BDE8F0836A
:10C3F0003B46023559E7063600283FF464AFA4F502
:10C400008034A70AC4F3090407F5584704F55C43D0
:10C41000C7F38518C3F3851407F03F0703F03F0304
:10C4200068F07F0867F07F0764F07F0463F07F03A4
:10C4300080F800C080F803C080F801808770047124
:10C44000437106303FE700BFFFFF0F0003781A0675
:10C4500001D41846704703F0E002C02A10D003F060
:10C46000F002E02AF5D1427881781803930103F4B1
:10C470007C6380B2184301F03F03034318467047C2
:10C4800040789B0100F03F0003F4F8630343184633
:10C49000704700BFC3888B423AD370B41B095B005E
:10C4A0000C0986884ABB8568EA184CB104F1004043
:10C4B000013835F81030F61AB6B21A4401F00F01FF
:10C4C0000024234602E001339E4213DB0134A142E3
:10C4D00002EB0300D55C0EDB2806F4D505F0E00086
:10C4E000C02805F0F00511D0E02D08BF023301335C
:10C4F0009E42EBDA002070BC704700F108021A443B
:10C50000002CDDD000EB4400C388D4E70133DAE728
:10C510000020704780880A308008704706307047D6
:10C520008088704783888B4226BF063040180020E1
:10C53000704700BF80880A30800870470630704717
:10C54000808870478188E1B130B4841D00200346A3
:10C5500002E00133994210DDE25C150600F10100B2
:10C56000F7D502F0E005C02D02F0F00207D0E02A76
:10C5700008BF023301339942EEDC30BC704701330F
:10C58000E7E70846704700BF70B400228688851D23
:10C59000134602E001339E4213DB0132914205EB68
:10C5A0000300EC5C0EDB2006F4D504F0E000C028AC
:10C5B00004F0F00408D0E02C08BF023301339E429F
:10C5C000EBDA002070BC70470133E3E703207047CB
:10C5D000C38880681B0900EB430070478088704760
:10C5E000C08870470022FFF755BF00BFC38880880E
:10C5F0001B0900EB43000C3080087047C38800F132
:10C6000008021B0902EB4300704700BF0122FFF73D
:10C6100041BF00BF40680B30800870472DE9F041F2
:10C62000C4888588240907460B466400002A44D044
:10C6300000F10808444421B12A46204606F0D2FF02
:10C6400000236355FE88360986B3A8F1020808EB7B
:10C65000460625442746281B1DD422781021002396
:10C6600007E00133984204EB030C14DB0139E25C70
:10C6700020D012F0800FF4D002F0E00CBCF1C00F1B
:10C6800002F0F00214D0E02A08BF023301339842CE
:10C6900004EB030CEADA4FF45C7008F0F5FE0023BB
:10C6A0001C46DB1B28F8023F4645D4D1BDE8F0818B
:10C6B0000133D6E764466346F3E7164682681444BE
:10C6C00029B96155C6883609D7F80880BCE72A46DB
:10C6D000204606F087FF6655FE883609F4E700BF5E
:10C6E000806808B101F082BD704700BF10B50446F4
:10C6F000406801F0A7FDA068BDE8104001F0A2BDB0
:10C700002DE9F04F404DA98883B08246002957D1CA
:10C710003D48DFF8F890524600270646B84602F03A
:10C72000C3FB0DE002F0D8FB03684B4504465FD025
:10C730009B6A9847236880445B6A20469847074471
:10C74000AB883046002BEDD14FEA18146400781CFA
:10C75000204402F083F9A98801900444002935D1CE
:10C7600029485246814602F09FFB14E002F0B4FBD8
:10C77000264B02689A4283462ED0526A9047DBF8D5
:10C7800000200646136A584698473246014620461E
:10C7900006F028FF3444AA884846002AE6D10199C9
:10C7A0001B4BCAF8081050461146AAF80470AAF8A4
:10C7B0000680CAF8003003B0BDE8F04FFFF72EBF87
:10C7C00040F2713008F060FEA988A1E740F27130B4
:10C7D00008F05AFEA988C3E78268A988484602F093
:10C7E00063FBDBF80420A988484602F05DFBD2E732
:10C7F0008268A988304602F057FB6268A9883046F3
:10C8000002F052FB9CE700BF388500208C12040028
:10C81000D412040010B50446FFF772FFE08810BD83
:10C8200010B50446FFF76CFFA08810BD10B5044694
:10C83000FFF766FFE388A0681B0900EB430010BD0B
:10C8400038B50D460446FFF75BFF29462046002217
:10C85000BDE83840FFF71EBE704700BF0320704799
:10C8600003207047C0887047704700BF80887047BA
:10C87000704700BF80887047704700BF60B1436851
:10C880008B4200D02BB9531C06D08368934203D04F
:10C8900013B100680028F2D1704700BF084B1B6835
:10C8A0005BB15A68904201D0002AF8D14A1C04D0EA
:10C8B0009A68914201D0002AF1D11846704700BF12
:10C8C000348500202DE9F041104F3B6813B90AE090
:10C8D0001B6843B15C688442FAD19C688C42F7D1F2
:10C8E000DA60BDE8F0810446102090460D4602F063
:10C8F000C7F83B684460064685600360012140F844
:10C900000C8F02F06FF93E60BDE8F08134850020A5
:10C910002DE9F0410C1E07461FDB1CB3A6B22FB356
:10C920007B1E191913F9012F002A27DB9942F9D12F
:10C93000DFF8C880E01D01F0E5FF054608B1C0F84A
:10C940000080AE8039462246A81D06F04BFE2C44DE
:10C950000023A3712846BDE8F08113F0D4FF0446FC
:10C96000002CDBD1234D2846BDE8F081E01D01F00D
:10C97000C9FF0546002839D1BE80E8E7132C02DC48
:10C98000DFF87C80D6E70020034602E001339C42BA
:10C9900010DDFA5C110600F10100F7D502F0E001AC
:10C9A000C02902F0F0021FD0E02A08BF0233013391
:10C9B0009C42EEDC1FFA80F80028B8BF0F3000114F
:10C9C000093404EB400001F09DFF054608B10A4B15
:10C9D00003602846AE80A5F8068039460122FFF79D
:10C9E0001DFE2846BDE8F0810133CFE7034B86806A
:10C9F0000360ACE75C140400641304003413040007
:10CA000004130400F8B50C1E054603DB3CB9134CB7
:10CA10002046F8BD13F077FF0446002CF7D02246DD
:10CA200029460020FFF728FC8442064610D002F079
:10CA300027F8224607462946FFF71EFC31463846AE
:10CA4000FFF766FF0446384601F040FF2046F8BD78
:10CA500021462846BDE8F840FFF75ABF5C140400A1
:10CA60002DE9F047036804461B6A88469847236807
:10CA700006465B6A20469847074680B10024254653
:10CA8000335DED2B06EB04000BD0B8F1000F01D0A5
:10CA900008F8053001350134BC42F1D32846BDE821
:10CAA000F08704F10509B945EFD2FFF7CFFC8246C4
:10CAB000E01C3044FFF7CAFCAAF55843B3F5806F79
:10CAC000E9D2A0F55C42B2F5806FE4D2B8F1000F74
:10CAD00019D000F5105000EB8323991461F00F0179
:10CAE00008F8051008EB0502C3F30530C3F3851100
:10CAF00003F03F0360F07F0061F07F0163F07F038C
:10CB000050709170D37004354C46C4E770B50D1E5B
:10CB100012DD064605F1080001F0F4FE044608B1F6
:10CB2000094B0360656004F108002A46314636B1BE
:10CB300006F058FD204670BD044C204670BD07F03D
:10CB4000E3FE204670BD00BFD01304005014040063
:10CB5000014B1860704700BF04800020034A044B5B
:10CB6000116803FB00F0484010607047048000200B
:10CB7000CB5725CA30B40E4D2A6804462146002002
:10CB8000930983EAD273534083EA121383EA920330
:10CB90005208534042EAC37202F00103490843EAD3
:10CBA0004000EDD18442E9D32A6030BC704700BF19
:10CBB00004800020004870475C14040000B583B274
:10CBC0007F2B83B029DD00F03F00B3F5006F40F00C
:10CBD000800043F3871213DB1B1302F03F0263F064
:10CBE0001F0362F07F028DF80600032101A88DF873
:10CBF00004308DF80520FFF78BFE03B05DF804FBD1
:10CC000062F03F028DF80500022101A88DF8042092
:10CC1000FFF77EFE03B05DF804FB012101A88DF84B
:10CC20000430FFF775FE03B05DF804FB2DE9F04713
:10CC30000E4600286FD004464A4B002942D0984245
:10CC400079D09E426CD02368474DAB4277D05B6A67
:10CC500020469847336880465B6A3046984700EB29
:10CC60000805322D81466DD8236820461B6A9847F7
:10CC7000336882461B6A304698472946064600209C
:10CC8000FFF746FE03681B6A07469847424604467C
:10CC9000514606F0A7FC4A46314604EB080006F070
:10CCA000A1FC65B194F90030002B3DDB2919601C13
:10CCB00003E010F9013B002B36DB8842F9D13846FE
:10CCC000BDE8F087984234D00368274D274EAB4229
:10CCD000BDD1A0680368AB4234D05B6A9847336823
:10CCE00007465B6A30469847384432282AD80C20D9
:10CCF00001F008FE074600B10560384601F08CFFE0
:10CD000063687B603146A068FFF790FFB8603846E3
:10CD100001F090FFD3E7154C01B3124B9E4292D124
:10CD200027463846BDE8F087114B3B603846BDE8E2
:10CD3000F0870E4FC3E70F463846BDE8F0873368EB
:10CD4000AB42C6D10C2001F0DDFD074608B1064B11
:10CD50000360C7E901463846BDE8F087054B264623
:10CD600075E700BF5C1404008C120400B0140400CA
:10CD70000413040034130400884228D0F8B5036873
:10CD80000C465B6A05469847236807465B6A20465F
:10CD900098472B6806461B6A28469847236805462D
:10CDA0001B6A20469847BE4228BF3E46401B2B4682
:10CDB0001978C25C914204D02CBF01204FF0FF30A3
:10CDC000F8BD01335A1BB242F2D90020F8BD002051
:10CDD000704700BF03689B6A184700BFF8B5161E6E
:10CDE0002DDD03689B6A0C4605469847002CBCBFA6
:10CDF000241824EAE474001BB04212DD2B6821469B
:10CE0000DB6A284698472B68A1190746DB6A284643
:10CE10009847044648B1E11B3846BDE8F840FFF7A3
:10CE200077BD00280BDD0646E8E740F2723008F0D7
:10CE30002BFBE11B3846BDE8F840FFF769BD014810
:10CE4000F8BD00BF5C140400002858D0002956D05B
:10CE50002DE9F047036805461B6A14460E469847BD
:10CE60002B6824EAE4718046DB6A284698472B68E1
:10CE700004465B6A284698473368A4EB0805451BBF
:10CE80005B6A3046984707469CB3854231D3336886
:10CE900030461B6A9847814690F800A002E0BD42E8
:10CEA000344626D32378534505F1FF3504F10106B6
:10CEB000F5D13A464946204613F0D3FC0028EED17E
:10CEC000A4EB0804002C16DD034602E001339C426B
:10CED00011DD18F80320110600F10100F6D502F06B
:10CEE000E001C02902F0F00207D0E02A08BF0233B7
:10CEF000ECE74FF0FF30BDE8F0870133E6E74FF095
:10CF0000FF30704708B5FFF79FFF013018BF0120C1
:10CF100008BD00BF80F00100704700BF0A1E38B591
:10CF200011D138B302460B4604460D4613F07EF984
:10CF3000002841D10C2001F0E5FC08B11F4B036033
:10CF4000C0E9014538BDC2F30A54A4F2FF331D2BDA
:10CF500012D8142B054618DC0028E3D1A4F2F334D0
:10CF600012FA04F4DED1D002C3F11F0340F00040F6
:10CF7000D8401AE0012038BD1E2BD3D10028D1D1D2
:10CF80000F4B9A42CED10F4838BDA4F2134410FA89
:10CF900004F4C7D1D002C3F11F0140F00040C3F137
:10CFA0003403C84025FA03F31843002AB8BF4042AF
:10CFB000400040F0010038BD0E2038BD00140400D0
:10CFC0000000D0C1010000802DE9F041036882B06B
:10CFD0001B6A984701A9F9F72FF90022002306469A
:10CFE0000F4613F0F1F860BB27F0004530462946A4
:10CFF0004FF0FF321F4B34464FF0010813F016F983
:10D0000038B94FF0FF321B4B3046294613F004F974
:10D01000F0B118F0FF0F1FD100224FF4801320460B
:10D0200029464FF0010813F001F938B92046294686
:10D0300000224FF4801313F0D1F8B0B118F0FF0FB5
:10D040000AD130463946FFF769FF02B0BDE8F081EA
:10D05000804618F0FF0FDFD0074F002630463946D4
:10D06000FFF75CFF02B0BDE8F081804618F0FF0FCB
:10D07000E7D0F1E7FFFFEF7F0000F87F08B512F07F
:10D08000D1FDBDE80840FFF749BF00BFF8B5036810
:10D09000DB6A04469847A0B10646FFF7D7F9074672
:10D0A00088B9236820461B6A9847236805465B6A4F
:10D0B000204698472844864203D03B4643F001006F
:10D0C000F8BD0E20F8BD4300B0EB630FF6D0BDE80D
:10D0D000F840FFF7D3BF00BF08B1FFF7D7BF0E205E
:10D0E000704700BF70B110B5FFF7D0FF0E2804469F
:10D0F00006D0C30708D56010BDE81040FFF75EBD3D
:10D10000064810BD0548704740F2713008F0BCF980
:10D110006010BDE81040FFF751BD00BF5C14040073
:10D1200008B512F091FDBDE80840FFF7F7BE00BF5B
:10D130004300B0EB630F01D0FFF7A0BF43F0010045
:10D14000704700BFB0F1804F08B503D2400040F0F7
:10D15000010008BD12F056FDBDE80840FFF7DEBE35
:10D16000002814BF42200A20704700BF08B5F9F715
:10D170001FFABDE80840FFF7D1BE00BF01FB00F079
:10D18000704700BF90FBF1F0704700BF10B50C2056
:10D1900001F0B8FB044608B101F0A2FF204610BD23
:10D1A00000897047043001F00DBF00BF03460A46F6
:10D1B0000430198901F0E6BE043001F013BF00BF4E
:10D1C00003894268994234BF52F821000020704719
:10D1D000043001F0D7BE00BF043001F011BF00BF22
:10D1E000043001F031BF00BF024B1B68588CC000F7
:10D1F000704700BF7885002038B51C4B1B688BB189
:10D200005C6AACB1236898422DD08BB1002300E05A
:10D2100072B1023354F823208242F9D101339B00CA
:10D22000E05838BD124B1C6844F21022944216D0CC
:10D230000D46044603F05CF978B103689C4210D0B7
:10D240005BB1002300E042B1023350F82320A24238
:10D25000F9D101339B00C05838BD284638BD5B6802
:10D26000CEE70423F7E70423DAE700BF7885002040
:10D27000800A0400406870474160704710B508207C
:10D2800001F040FB044608B101F032FF204610BD1A
:10D2900070B50C1E054616460EDB83889C420BDAE1
:10D2A00005EB8404E36823B10B2140F2863001F0E2
:10D2B0007BFFE660284670BD0A2140F2863001F00F
:10D2C00073FFEDE708F0E0B818B1024B984208BFD1
:10D2D000002070475C140400003018BF0120704724
:10D2E00010B5142001F00EFB044608B101F008FF50
:10D2F000204610BD10B5044601F00CFF002806DBE7
:10D30000238AE268984202D252F8200010BD002021
:10D3100010BD00BF224B1B682DE9F041DE6AB368E7
:10D320003468834204F1FF3506F104061ED856F82E
:10D33000253083421AD3002D14DD641056F82430B2
:10D34000984210D0012203E056F8243083420AD0DC
:10D3500098428CBF621C04F1FF355419AA424FEA6F
:10D360006404F1DD00242046BDE8F081002DF9DDE4
:10D3700007464FF0010806E0B4BF04F1010804F1CC
:10D38000FF354545EEDB08EB05046410394656F8D9
:10D390002400FFF7F1FC0028EED12046BDE8F08123
:10D3A00078850020034B1B680131DB6A53F821109C
:10D3B000FFF7A0BF78850020F8B504460F46164653
:10D3C00001F0A8FE011E04F10C0505DB32462846DB
:10D3D000BDE8F84001F0D6BD3A462189201D01F094
:10D3E000D1FD3246218A2846BDE8F84001F0CABD89
:10D3F000034B1B680131DB6A53F82110FFF7DCBFD8
:10D4000078850020014B1868704700BF74850020A4
:10D41000704700BF820708B508D130B1036823F018
:10D420000103DA78F92A13D1987808BD0028FCD0D6
:10D43000C3070FD40E280DD042280DD00A280BD0D8
:10D44000062805D040F2213008F01EF8042008BD5F
:10D45000042008BD022008BD012008BD0E281FD0F1
:10D4600010B5044670B915E0FFF7D4FF0346022B50
:10D47000204612D0032B0DD1FFF7A6FD0E2804463F
:10D4800008D03CB1A3072046EED000F00FF812F010
:10D49000C9FB10BD0020044910BDD4E9010110BD35
:10D4A00000200149704700BF0000F87FC107034614
:10D4B00051D4820704D59B0914BF01200020704776
:10D4C00000284AD02DE9F041FFF7C8FF21F00045C0
:10D4D0000F464FF0FF322946274B064604464FF0D1
:10D4E000010812F0A3FE40B94FF0FF32224B304644
:10D4F000294612F091FE00B9804618F0FF0F2ED198
:10D5000000224FF48013204629464FF0010812F004
:10D510008DFE40B92046294600224FF4801312F0B8
:10D520005DFE00B9804618F0FF0F18D1304639462D
:10D5300010F0D2F90022114B10F0FCFB0022002366
:10D5400004460D4612F04AFE60B92046294612F004
:10D55000ABFEBDE8F081401070470020704700200E
:10D56000BDE8F081204629460022044B12F00EFA55
:10D5700004460D46E9E700BFFFFFEF7F0000F041E2
:10D58000FFF794BF38B50D46FFF790FF04462846D5
:10D59000FFF78CFF00F01F0004FA00F04300B0EB2F
:10D5A000630F03D0BDE83840FFF768BD43F00100CA
:10D5B00038BD00BF38B50D46FFF778FF0446284652
:10D5C000FFF774FF00F01F0044FA00F04300B0EBD7
:10D5D000630F03D0BDE83840FFF750BD43F00100B2
:10D5E00038BD00BF38B50D46FFF760FF044628463A
:10D5F000FFF75CFF60404300B0EB630F03D0BDE872
:10D600003840FFF73BBD43F0010038BD38B50D464B
:10D61000FFF74CFF04462846FFF748FF204343002E
:10D62000B0EB630F03D0BDE83840FFF727BD43F0F0
:10D63000010038BD08B5FFF739FFC0434300B0EB28
:10D64000630F03D0BDE80840FFF718BD43F00100A9
:10D6500008BD00BF38B50D46FFF728FF0446284631
:10D66000FFF724FF20404300B0EB630F03D0BDE879
:10D670003840FFF703BD43F0010038BD38B50D4613
:10D68000FFF714FF04462846FFF710FF00F01F00C5
:10D6900024FA00F0B0F1804F03D2400040F00100C6
:10D6A00038BD12F0AFFABDE83840FFF737BC00BF15
:10D6B0000E2816D008B50346C0B19B0708D0FFF767
:10D6C000F5FE07EE900AF8EEE77A17EE900A08BD2D
:10D6D000FFF7C4FE12F008FE07EE900A17EE900A5C
:10D6E00008BDDFED057A17EE900A7047DFED027A8C
:10D6F00017EE900A08BD00BF0000C07F70B50E464F
:10D70000FFF7ACFE044630460D46FFF7A7FE024683
:10D710000B462046294612F039F9BDE87040FFF764
:10D72000FDBB00BF70B50E46FFF798FE04463046BD
:10D730000D46FFF793FE02460B462046294612F09F
:10D7400023F9BDE87040FFF7E9BB00BF01F001031A
:10D75000184203D0C3130133012B12D9D0B50C46A4
:10D76000FFF77CFE064620460F46FFF777FE02468F
:10D770000B463046394612F0BFFABDE8D040FFF7FD
:10D78000CDBBCB130133012BE8D84310481000FB6D
:10D7900003F04300B0EB630F02D143F00100704788
:10D7A000FFF76CBC032912D0D0B50C46FFF756FE2C
:10D7B000064620460F46FFF751FE02460B4630460E
:10D7C000394612F0C3FBBDE8D040FFF7A7BB704756
:10D7D000F8B50C46C107034603D5E20701D5620838
:10D7E00011D11846FFF73AFE064620460F46FFF7CE
:10D7F00035FE0B4602463946304610F09BFABDE82E
:10D80000F840FFF78BBBFFF751FE05462046FFF7B8
:10D810004DFE95FBF0F303FB10504300B0EB630F9C
:10D8200003D0BDE8F840FFF729BC43F00100F8BD84
:10D8300070B50E46FFF712FE044630460D46FFF760
:10D840000DFE02460B4620462946F9F715FFBDE8B6
:10D850007040FFF763BB00BFC2072DE9F8430C46D9
:10D860000BD5CB0709D540104C10844241DB3DD18C
:10D87000640044F00100BDE8F883FFF7EFFD0646C1
:10D8800020460F46FFF7EAFD04460D4602460B46CA
:10D890003046394612F0C0FC90B922462B4630463D
:10D8A000394612F091FC28B130463946BDE8F843BC
:10D8B000FFF734BB22462B4634463D4616461F46EC
:10D8C000F8F776FE2246804689462B463046394692
:10D8D00012F05AF842464B4612F00EFA22462B46F8
:10D8E00012F054F8BDE8F843FFF718BB234604468E
:10D8F0001846001BFFF73EF920444400B0EB640FCC
:10D9000002D144F00100B6E7BDE8F843FFF7B6BB2B
:10D9100008B5FFF7A3FD10F06DFABDE80840FFF76A
:10D92000FDBA00BF08B5FFF799FD10F0E1FABDE8B8
:10D930000840FFF7F3BA00BF08B5FFF78FFDF9F70E
:10D940000FFBBDE80840FFF7E9BA00BF08B5FFF7D5
:10D9500085FDF9F785FABDE80840FFF7DFBA00BF9B
:10D9600008B5FFF77BFD0FF0B7FFBDE80840FFF7F4
:10D97000D5BA00BF08B5FFF771FD054B002212F0C4
:10D9800005F8F9F7EDFABDE80840FFF7C7BA00BFA0
:10D990000000E03F0E280BD00E2909D08842F8B5D0
:10D9A000044607D001F00102104205D00020F8BD66
:10D9B000002070470120F8BD0D46FFF72BFD0646FD
:10D9C0002846FFF727FD8642F0D144EA05039B076E
:10D9D000ECD1032E15D0022EE8D12046FFF73EFDF4
:10D9E000064628460F46FFF739FD0B4602463946E4
:10D9F000304612F0E9FB4FF0010300B90346D8B2FC
:10DA0000F8BD29462046FFF7B7F9B0FA80F0400983
:10DA1000F8BD00BF08B5FFF7BDFF002814BF4220C6
:10DA20000A2008BD08B5FFF7B5FF00280CBF42204B
:10DA30000A2008BD0E281AD00E29F8B50C4614D0BD
:10DA40000628054615D042283FD00A281CD00629B2
:10DA5000034600F08380422C11D00A2C37D09C4220
:10DA600010D004F001031D4211D00020F8BD0020A9
:10DA70007047062906D0422C4FF00003EDD1032257
:10DA8000934204D10120F8BD0123062CE3D128469E
:10DA9000FFF7C0FC06462046FFF7BCFC032E22D051
:10DAA00003282FD0012E14D0012821D08642DCD1AA
:10DAB00045EA04039B07D8D1032847D0022828D081
:10DAC000601BB0FA80F04009F8BD0323DDE70122B6
:10DAD000D6E7062D33D0422D4FF0020634D00A2D62
:10DAE000E2D10125E0E7022813D00328DCD1DFE7EB
:10DAF000062C4FF0020020D0422C23D00A2CD5D186
:10DB00000124D3E7022E04D0012EAED1062DE2D19E
:10DB1000ABE72846FFF7A2FC064620460F46FFF774
:10DB20009DFC02460B463046394612F04DFB4FF045
:10DB3000010400B90446E0B2F8BD0024B6E70226AD
:10DB40000025B1E70324B1E70325ADE721462846C8
:10DB5000FFF712F9B0FA80F04009F8BD00228FE714
:10DB6000FFF768BF08B5FFF765FF002814BF422024
:10DB70000A2008BD08B5FFF75DFF00280CBF422052
:10DB80000A2008BDF8B5078945687FB10E46043DF7
:10DB9000002402E00134A74208D0314655F8040FB2
:10DBA000FFF748FF0028F5D02046F8BD4FF0FF30C2
:10DBB000F8BD00BF10B500220446FFF7E3FF011EC9
:10DBC00004DB201D01F01CFA012010BD002010BD57
:10DBD00038B58307044608D148B1FFF71BFC03287A
:10DBE00012D0022814D0012038BD0A2801D100200B
:10DBF00038BD0028FBD00E28F9D00628F7D010F148
:10DC0000FF3018BF012038BD0C4B9C42EBD1EEE732
:10DC10002046FFF723FC02460B4604460D4612F051
:10DC200005FB0028E3D1204629460022002312F0FC
:10DC3000CBFAB0FA80F0400938BD00BF5C14040094
:10DC4000422805D00A2801D0FFF7C2BF0020704744
:10DC5000012070470E2847D00E2945D0F8B50C4654
:10DC60000546FFF7D7FB06462046FFF7D3FB032EFA
:10DC70002CD0A54228D02846FFF7F0FB06462046C8
:10DC80000F46FFF7EBFB324604460D463B46304657
:10DC9000394612F0CBFA08BB22462B4620462946CD
:10DCA00012F0C4FAD0B922462B463046394612F05B
:10DCB00095FAB0B922462B463046394612F0ACFAF6
:10DCC000003018BF0120F8BD0020F8BD0328D0D1D6
:10DCD00021462846BDE8F840FFF74EB86FF0010036
:10DCE000F8BD4FF0FF30F8BD6FF00100704700BF86
:10DCF00038B501F0010313EA000404D08842ACBF38
:10DD00000020012038BDFFF7A5FF831C14BFC00F02
:10DD1000204638BD10B501F00104204203D08842EE
:10DD200007DC422010BDFFF795FF831C01D00028BF
:10DD3000F7DD0A2010BD00BF10B501F0010420423C
:10DD400003D0884207DA422010BDFFF783FF831C0F
:10DD500001D00028F7DB0A2010BD00BF10B501F08C
:10DD60000104204203D0884205DB422010BDFFF7AA
:10DD700071FF0028F9DA0A2010BD00BF10B501F0CC
:10DD80000104204203D0884205DD422010BDFFF788
:10DD900061FF0028F9DC0A2010BD00BFF0B591B08A
:10DDA0000446FFF737FB03283DD002280FD0052893
:10DDB00048D0002C4CD00A2C42D00E2C45D0422CFE
:10DDC00055D02C4B2C48062C08BF18462CE0E307F6
:10DDD0002CD40E2C39D02046FFF740FB21F0004513
:10DDE0000F464FF0FF322946244B064612F01EFA2A
:10DDF00038B9304629464FF0FF32204B12F0F8F97F
:10DE000040B332463B463046394612F00FFAE0B98D
:10DE1000304639466A46F8F7B7FA68464FF0FF31A0
:10DE2000FEF776FD00E0204611B0F0BD69466010B7
:10DE300008F0B6F868464FF0FF31FEF769FDF3E7EA
:10DE40000F48F1E70F4811B0F0BD0F4811B0F0BD19
:10DE50000E48E9E7002330463946002212F0BEF9A9
:10DE60000B4C0C4B002814BF20461846DCE70A4830
:10DE7000DAE700BFB0140400D4140400FFFFEF7F02
:10DE8000C8140400E41404009414040040140400B2
:10DE9000A014040084140400BC14040008B5FFF7A7
:10DEA000B9FA052810D8DFE800F0030507090B0DC3
:10DEB000084808BD084808BD084808BD084808BD0E
:10DEC000084808BD084808BD40F2223007F0DCFAD7
:10DED000002008BD7414040030140400F814040079
:10DEE00018150400081504006414040070B50446F5
:10DEF000FFF790FA042813D164B1A3070AD121686F
:10DF0000164821F001025369834220D02046BDE823
:10DF10007040184721461248BDE8704008F042BAE8
:10DF20002046FFF73BFF05462046FFF7B7FF036893
:10DF30001B6A98472B6806461B6A28469847224664
:10DF4000034631460748BDE8704008F02BBA1388F5
:10DF500005481289BDE8704008F024BAEDDE0200E1
:10DF600094130400C0130400A013040010B5044669
:10DF70000A461248214608F015FA7CB1A30705D1DC
:10DF8000216821F00101CB78F92B10D0062C05D1A6
:10DF900040F2DD30BDE8104007F076BA2046FFF7CA
:10DFA00039FABDE8104000F5757007F06DBA0B89BD
:10DFB0008A78034808F0F6F9E8E700BF3012040059
:10DFC0005012040008B50146044808F0EBF94FF47C
:10DFD0006470BDE8084007F057BA00BFBC120400E7
:10DFE00010B501F0A9FB0446102000F049FD22699C
:10DFF0000260206110BD00BF38B501F09DFB0469CF
:10E00000054634B123682B612046BDE8384000F056
:10E010005DBC40F2533007F037FAF3E7F0B585B056
:10E02000074601F089FB046906468CB194E80F00AD
:10E030006D46306185E80F00204600F047FC0A4B32
:10E0400077611B68284631469B6B984705B0F0BD49
:10E05000064808F0A7F93846FFF748FF40F2E730D6
:10E0600007F012FAE2E700BF788500207012040082
:10E0700010B501F061FB446912239C42436101D059
:10E08000204610BD40F2533007F0FEF9204610BD87
:10E0900008B501F051FB4369122B05D0FFF7E8FFEB
:10E0A000BDE80840FFF7BABF08BD00BF79B110B4A2
:10E0B000084B094C014410F8012B04FB03F3884280
:10E0C00083EA0203F7D118465DF8044B7047014B11
:10E0D00018467047C59D1C819301000138B504683E
:10E0E00034F00304054611D0A30F14D12846E36988
:10E0F0009847054625B1B5F5004F05D9002C03DB3F
:10E1000040F2493007F0C0F9284638BD40F251309E
:10E1100007F0BAF9EAE7C4F39905EBE738B5144B11
:10E120009A881B6892B1551E53F8251088421AD060
:10E13000023A03EB82032A4602E0216881420BD0B7
:10E14000013A511C1C46A3F10403F6D14FF452705E
:10E15000BDE8384007F098B9954204D0044800F073
:10E16000BBFE206038BD0248BDE8384000F0B4BEB8
:10E170004C85002018210148FEF7C8BC54850020BA
:10E18000036823F0010318888008704730B338B55E
:10E19000C5680446A5B155E901326868A96862609E
:10E1A0005A0F032AC4E9020105D040F2493007F0B2
:10E1B0006BF955F8043C43F0004345F8043C38BD86
:10E1C00050F8043C5A0F032A09D143F0004344F8A5
:10E1D000043C0020BDE8384001F0B6BA704740F278
:10E1E000493007F051F954F8043CEEE738B550F8DF
:10E1F000043CDB070546A0F104041CD4104B1B684B
:10E2000073B103F108029442F9D359680A44944265
:10E21000F5D255F8043C43F0010345F8043C38BD01
:10E2200040F24A3007F030F955F8043C43F001035E
:10E2300045F8043C38BD40F24F3007F025F9DDE7E2
:10E2400040850020830709D140B1030F06D0016843
:10E25000114B194202D1CB78F92B00D070470F4BEC
:10E2600010B504461B688BB103F108029442F9D340
:10E27000586802449442F5D2094841F001012160F6
:10E2800022468188BDE8104000F00EBE40F24A30C0
:10E2900007F0FAF82168EFE703000040408500200E
:10E2A0003885002000294DD02DE9F84F0F468046D3
:10E2B000DFF89CB0DFF89CA0DFF88C90061F0025EB
:10E2C00002E00135AF423BD056F8044FA307F8D126
:10E2D000002CF6D0230FF4D0206810EA0B0FF0D1F9
:10E2E000C378F92BEDD1DAF8003053B103F108010E
:10E2F0008C4203D35A680A44944207D31B68002B0C
:10E30000F4D140F24A3007F0BFF82068B9F80410A1
:10E3100040F00100206022460B4800F0C5FDB9F82E
:10E320000430642BCDD90C2008F0AEFD0135074A2E
:10E3300008EB85037D1BC0E90135116801601060A1
:10E34000BDE8F88F704700BF388500204485002065
:10E35000030000404085002038B505684DB10446F3
:10E360002846FFF743FFA1882846BDE83840FFF75D
:10E3700099BF38BD830709D140B1030F06D00168AA
:10E38000234B194202D1CB78F92B00D07047214B97
:10E390002DE9F04104461B68002B33D003F108023D
:10E3A0009442F8D3586802449442F4D221F0030313
:10E3B00041F001019B6921600BB120469847164D41
:10E3C000164C2F46AB8883B923681846C3B1D3E9EE
:10E3D0000026D3F80880226008F07CFD41463046D4
:10E3E000FFF760FFAB88002BEED0384600F074FDDD
:10E3F000036823F003039B69002BE3D09847E1E710
:10E40000BDE8F08140F24A3007F03EF82168CDE7E0
:10E41000030000404085002038850020448500200E
:10E420002DE9F04F904B85B01B780390980705D5E8
:10E430004FF4527007F028F88B4B1B788A498B4AAF
:10E4400043F002030B70039B1468958813F00206D7
:10E4500040F0ED806DB104EB850554F8040B20F01D
:10E46000010310F0010F18BF1868FFF783FFA542E2
:10E47000F3D17F4C039801F06DF92368B3B17D4B64
:10E480001B68B3F82A8000F0A9FE2568A0EB0807F6
:10E4900005EB8805002E40F0DA803FB100240134FE
:10E4A00055F8040BFFF766FFA742F8D1724A734B89
:10E4B00016781D683EB10024013455F8040BFFF7AF
:10E4C00059FFA642F8D16E496E4A0B6817680133AE
:10E4D0000B606D4B00221A60002F00F0C180CDE967
:10E4E0000122904691467B68029A07F108059B0835
:10E4F00005EB83061A44B542029248D22B6813F00A
:10E5000001017CD11A0F062A79D0AE4240F28780F1
:10E51000AA4601E0DAF80030002B4FEA13720FDB55
:10E52000D90714D4062A12D05C0009D4DB78F92B61
:10E5300040F2493001D006F0A7FF504600F09EFCA3
:10E540005046FFF7CBFD0AEB800A5645E2D8AAEB0E
:10E5500005044FEAA40CE0454FEA8C024FF0FF019E
:10E56000284642F0004BB8BFE046E14406F0CCF943
:10E57000042CC5F800B04BDD00236B60019B002B21
:10E5800048D0019B01955D605546AE42B6D83F68C4
:10E59000002FA8D13D4D029B28689A004FEA8901BF
:10E5A0004FEA880398B1384800684FEA590970B1BA
:10E5B0000468C4F39906B14506D241E00468C4F387
:10E5C00099042644B1453CD340680028F6D12C4C30
:10E5D0006069C4E9031378B188420DD80398C00775
:10E5E00002D52B4807F0DEFE1F4A137823F0020302
:10E5F000137005B0BDE8F08F21484161EEE723F0CC
:10E6000001032B602846FFF769FD05EB8005BCE799
:10E610005546BAE71C4B01951D605546B5E74FF0CE
:10E620000043B8F1000F2B60AFDA8846ADE7194818
:10E6300007F0B8FE2A462146174807F0B3FE09E75F
:10E6400034464C44A41B00EB84002860BFE73A46E4
:10E650002946124807F0A6FE002F7FF41FAF25E7DA
:10E660003B463A463946B2E7A08C00204C85002054
:10E670007485002078850020A18C00206C85002006
:10E6800054850020408500207085002048850020AA
:10E690007C1504005C15040064150400701504006A
:10E6A000F8B5444D2B6843B1196800296CD002209D
:10E6B000FFF7B6FE152006F0E7FE0021CF20FEF79B
:10E6C0009BFD4FF480510746CE20FEF795FD064690
:10E6D000002008F079FB3246044601463648A61B66
:10E6E00007F060FE002F3CD1304608F0CDFBA6F1CC
:10E6F00008010446876141602246304807F052FE17
:10E70000626893073AD12E4B2E4F2F4ED3E901105A
:10E7100010440131C3E90110D31C23F0004323F05E
:10E72000030343F00043A3603B68E360296804F1FE
:10E73000080303EB92023B60326079B1A1420DD82D
:10E740000A68A2B3944203D231E0A34203D81A4626
:10E750001368002BF9D123601460F8BD21602C6090
:10E76000F8BD04F5FF447F3424F4FF4424F07F0413
:10E77000A4EB8720002815DC0027B5E74FF4527082
:10E7800006F082FE6268BEE7CD20FEF735FDA0F1FF
:10E790000410A0F58063002B89DD0C4CA0F581618D
:10E7A0006160A9E7361A08F06FFB07469CE713463D
:10E7B0000A46D0E74085002098150400B8150400EB
:10E7C0005485002070850020488500200004042026
:10E7D000F0B1104B1B68CBB103F108029042F9D3A2
:10E7E00059680A449042F5D250F8043C5A0F032A63
:10E7F00010B5044605D040F2493006F045FE54F805
:10E80000043C43F0004344F8043C10BD08F062BBF4
:10E81000704700BF40850020072953DD002851D0F4
:10E820002DE9F04107460020CE1CFFF7F9FD264BED
:10E8300026F003061D680736043F4FEA9608F5B137
:10E8400015F0030F40F2513001D12B0F01D106F02A
:10E850001BFE2C68002C40F24B3001DB06F014FE4E
:10E860007A1B9310C4F39904A4EB0804072BA4EBC0
:10E87000030401DD072C05DC6D68002DE0D10020CC
:10E88000BDE8F081984426F0C04605EB8801A4005D
:10E8900026F0030622F00302686842F0004244F0CA
:10E8A000004446F0C04645F82840486005EB830424
:10E8B000C5E90021002045F82360FFF7B1FD201DC8
:10E8C000BDE8F081002070477085002050F8043CBE
:10E8D0005A0F032A10B5044605D040F2493006F01D
:10E8E000D3FD54F8043C43F0004344F8043C204674
:10E8F00010BD00BF024A137843F004031370704741
:10E90000A08C00202DE9F04F85B0C51CB0F5003F6C
:10E9100003904FEA950500F389804A4BDFF8348174
:10E920005B68C3F30803002B61D198F800301A0725
:10E930005DD143F0010388F8003000F0FDFE10B116
:10E940004368002B79D0DFF810913F4F0024D9F8AD
:10E9500000B0BBF1000F51D0002603E05E468B46AD
:10E9600000294BD040F2513014B93A685A454DD382
:10E970001BF0030F02D15FEA1B7301D106F084FD87
:10E98000DBF800A0BAF1000F40F24B3001DB06F0DB
:10E990007BFDCAF39902521B002ADBF80410DDDB71
:10E9A0000AD0900040F000404BF825000BEB8505A5
:10E9B000012A1CBF69602946002E3BD071600022ED
:10E9C000CBF8002049B14A683AB1930701D1130F3F
:10E9D00003D14FF4547006F057FD98F800205846C4
:10E9E00022F0010288F8002005B0BDE8F08F40F267
:10E9F000923006F049FD98F800309AE734B1012CC6
:10EA000008D0152006F040FD0134A0E70020FFF7F4
:10EA100007FDF9E70D490E48D1E902320969009175
:10EA2000039907F0BFFCFFF73BFEEDE7162006F069
:10EA30002BFD72E7C9F80010C1E740F24E3006F036
:10EA400023FD80E700ED00E048850020548500208C
:10EA500028150400A08C002070850020033010B51C
:10EA600020F00304201DFFF74DFFE31D23F080433A
:10EA700023F0030343F0804340F8043B10BD00BF84
:10EA800008B538B1FFF7EAFF50F8043C43F00053F3
:10EA900040F8043C08BD00BFF8B5214B5B68C3F3E8
:10EAA000080306460F46002B34D100F045FE1D4DED
:10EAB0001D4AF31B9B102B7004461760A8B10C2055
:10EAC000FFF7CCFF50F8043C6268026043F000534B
:10EAD000A26840F8043CE368C0E90123E060002339
:10EAE000A6602B7063602046F8BD1820FFF7B6FFC4
:10EAF0000E4A50F8043C1268026043F000531222A0
:10EB000040F8043C00234261C0E90333044600F0AE
:10EB10001BFEE4E740F2923006F0B6FCC5E700BF0A
:10EB200000ED00E0A18C00206C85002074850020A1
:10EB300008B50C4B5B68C3F30803024663B90A4B84
:10EB40001B784BB938B1FFF789FF50F8043C43F00C
:10EB5000005340F8043C08BD1046BDE8084008F0EA
:10EB600093B900BF00ED00E0A08C00201C4B1B6897
:10EB70009BB370B503F10804A04203D35D682C4435
:10EB8000A04206D31B68002BF4D1BDE8704008F00A
:10EB9000D1B9044608460D46FFF7CAFF06469CB1A8
:10EBA00096B154F8042C530F032B0FD122F070426E
:10EBB00022F00302AA4228BF2A462146304604F02A
:10EBC00011FD2046FFF704FE304670BD40F249308B
:10EBD00006F05AFC54F8042CE8E708F0ABB900BF83
:10EBE0004085002061B1012938B50ADD4C1E013C89
:10EBF0000121051DFFF7F6FF631C2846F7D138BD3C
:10EC00007047044B40F0010299881846BDE838402F
:10EC100000F04AB94C850020830702D108B1030FE8
:10EC200000D17047024B02469988184600F03CB963
:10EC30004C8500208207034602D108B11B0F00D18A
:10EC40007047FFF76BBA00BF4068FFF7FBBA00BF21
:10EC50000430FFF781BB00BF03460C309988FFF7F3
:10EC600021BB00BF4068FFF7EDBA00BF10B50446F6
:10EC70000430FFF771FB04F10C00BDE81040FFF712
:10EC80006BBB00BF50F8043B23F001031988043923
:10EC90008908FFF707BB00BF0320704703207047B8
:10ECA000808880000F308008704700BF02207047C6
:10ECB000052070470349044A0023C1E90033C2E933
:10ECC000003370474C8500203885002000F0F4BCEC
:10ECD000002801DB00F0ECBC704700BF704700BFAC
:10ECE0000023C0E9013370470023C0E90133C0E9C4
:10ECF00003337047054B10B41A6884688388014653
:10ED0000A21A03485DF8044B07F04CBB788500203D
:10ED1000B416040001464268014807F043BB00BF37
:10ED2000CC15040001460289014807F03BBB00BF37
:10ED300064160400F8B5C3888B4205460E4625D2FA
:10ED40009BB33F2B2FDDB3F5007F36DB03F58073DC
:10ED50004FF6FE724FF6FF74934298BF1C46B442C2
:10ED6000B8BF3446A00008F08FF8EB880746F3B927
:10ED7000E21A920007EB8300002105F0C5FD286828
:10ED800008F0A8F82F60EC80AE80F8BD8288914230
:10ED9000FAD20068521A00EB81009200002105F0BF
:10EDA000B3FDAE80F8BD5C00D9E70424D7E79A0034
:10EDB000296804F017FCEB88DAE7034C03EB8303C4
:10EDC000A4FB03346408CAE7ABAAAAAA704700BF31
:10EDD000704700BF0B6823F0010370B51B89042B3B
:10EDE0000C46054602D16DB9204670BD104801227F
:10EDF00040F2853107F0D6FA40F2853006F044FB48
:10EE0000002DF1D0E81C8000FFF77CFD064608B11C
:10EE1000084B0360A368B360AAB2B58092000021DA
:10EE200006F10C00344605F06FFD204670BD00BFB2
:10EE3000A41604001816040038B502690D4B9A4256
:10EE4000054609D00C4803224FF4627107F0AAFA74
:10EE50004FF4627006F018FB2888FFF753FD044654
:10EE600000B105602A880021043A201D05F04CFD00
:10EE7000204638BDDDEC0200A4160400036823F030
:10EE800001031B69184700BF036823F001031B69D6
:10EE9000184700BF036823F0010301461A880148A0
:10EEA00007F080BAFC1504004FF6FE7399420AD8A9
:10EEB00083888B4270B5054616460C4604D92B68EC
:10EEC00043F8246070BD70470131FFF733FF2B68B2
:10EED00043F8246070BD00BF83884BB1013B9BB2F7
:10EEE00002688380002152F8230042F82310704703
:10EEF00018467047C38870B54BB33F2B0FDDB3F591
:10EF0000007F2CDB03F580744FF6FE72944223D809
:10EF1000A4B28C4238BF0C46A34207D370BD5C003C
:10EF2000A4B28C4238BF0C46A342F7D20546A000DB
:10EF3000FFF794FDEB880646E3B9E21A920006EB70
:10EF40008300002105F0E0FC2E60EC8070BD0429F8
:10EF500038BF04210C46E7E74FF6FF74E4E7084AA0
:10EF600003EB8304A2FB0424C4F34F048C4238BF98
:10EF70000C46D9E79A00296804F034FBEB88DCE7FB
:10EF8000ABAAAAAA30B5C3888B4283B005460C460B
:10EF900009D9036843F82120AB889C4224BF01347F
:10EFA000AC8003B030BD4FF6FE739942F9D8013101
:10EFB00089B20192FFF79EFF2B68019A43F8242043
:10EFC000EAE700BF38B5C3888B4204468DB201D250
:10EFD000AB4201D9A58038BD2946FFF78BFFA5803C
:10EFE00038BD00BF83884BB1013B9BB20268838070
:10EFF000002152F8230042F823107047184670474A
:10F00000F8B583888B421DD905684A1C8F0093424E
:10F01000044655F8216005EB070007D8013B9BB279
:10F020000022A38045F823203046F8BD5A1A02F189
:10F030008042013A391D2944920011F021FCA38835
:10F040002568EBE70026EFE783888B421CD970B573
:10F050000E461546591CC28889B28A4204460FD909
:10F06000701C216880009B1B061F9A0008443144D5
:10F0700011F006FCA388226801339551A38070BD6E
:10F08000FFF738FFA388EBE7FFF77CBF70B50546B5
:10F090000A48EB88AA88296807F084F9EB885BB1F5
:10F0A000074E00242B68304653F8241007F07AF9F5
:10F0B000EB880134A342F5D870BD00BF7816040078
:10F0C0009C16040010B5014604460289034807F067
:10F0D00069F9201DBDE81040FFF7D8BFE015040016
:10F0E000024A02600022C0E9012270473017040082
:10F0F000024A026000224260704700BF001704000D
:10F10000034A02600022C0E90122C0E903227047DD
:10F11000D01604002DE9F843068947680C46002EF6
:10F1200034D03B6899423AD03B46002003E053F884
:10F13000042FA24225D00130B042F8D123682046E6
:10F140005B6A9847236880461B6A20469847043FBD
:10F150008146002457F8045F2B6828465B6A98476D
:10F160008045284608D12B681B6A984742460146CD
:10F17000484611F076FB30B10134B442EAD14FF089
:10F18000FF30BDE8F8832046BDE8F8830B680846E9
:10F190005B6A9847236820461B6A9847EFE7002080
:10F1A000EFE700BF704700BF10B504460A460448A9
:10F1B000214607F0F7F82046BDE8104006F064B994
:10F1C000A4160400014B1B6818697047788500205D
:10F1D000014B1B689869704778850020014B1B68BC
:10F1E000188C704778850020014B1B68D86B7047DE
:10F1F000788500200268F8B544F210239A4200D0C6
:10F20000FEE741681B4B0A681B4F9A42044639606F
:10F2100013D0088C194E8000FFF732FC3B68306039
:10F220001A8C0021920005F06FFB3D68144B2A6890
:10F2300031689A420E600AD0FEE71248103107F09A
:10F24000B1F840F29F30BDE8F84006F01DB9A36860
:10F250002A699A42F0D100F01FFB3A680023146B30
:10F2600005F140001A461946A047BDE8F84000F0F5
:10F270001DBA00BF718E3B927885002074850020F6
:10F28000708E3B92481604000148FFF7B3BF00BFE1
:10F29000800A040048B110F0030207D1036823F08C
:10F2A0000103D978F92903D0104670470020704730
:10F2B0001889A0F10600B0FA80F04009704700BF3D
:10F2C00070B505460C20FFF71DFB044620B1154B19
:10F2D00003600023C0E901333DB1AB0705D12B68C2
:10F2E00023F00103DA78F92A01D0204670BD0E4AD6
:10F2F0009342FAD12E89002EF7D02046FFF78CFCDE
:10F3000063899E4203D93146201DFFF7F3FDB20009
:10F3100069682681606804F065F92046FFF78AFC79
:10F32000204670BD30170400D016040038B50D46D5
:10F33000044608B1830714D040F29B3006F0A4F8CD
:10F3400029462046FFF7E6FE051E08DB2946201D5C
:10F35000FFF756FE294604F10C00FFF751FE42204C
:10F3600038BD036823F00103DA78F92AE4D1024AB0
:10F370009342E5D0E0E700BFD016040070B50E461A
:10F38000FEF76CF8044630460D46FEF767F8024675
:10F390000B46204629460EF05FFCBDE87040FDF7A5
:10F3A000BDBD00BF08B5FEF759F80EF0F7F9BDE88E
:10F3B0000840FDF7B3BD00BF08B5FEF74FF80EF0EB
:10F3C000A9F9BDE80840FDF7A9BD00BF08B5FEF7E3
:10F3D00045F80EF053F9BDE80840FDF79FBD00BFAA
:10F3E00008B5FEF73BF8F7F7A7FBBDE80840FDF7C7
:10F3F00095BD00BF08B5FEF731F80EF0DBFBBDE8A8
:10F400000840FDF78BBD00BF08B5FEF727F80EF0EA
:10F4100029FBBDE80840FDF781BD00BF08B5FEF738
:10F420001DF80EF04BFEBDE80840FDF777BD00BFAC
:10F430002DE9F04187B207F57A66C0F3074382B041
:10F440003046002B14BF1C460C4600F09DFD0546BF
:10F4500018B1284602B0BDE8F08104F0F003102B8B
:10F4600020D0202B1BD0302B1FD040F22330A846B9
:10F4700006F00AF8384600F06DFD0746182011F036
:10F48000CCF904F00F043946CDE90048B2B20123AB
:10F49000054608F005FD284602B0BDE8F0814FF0B2
:10F4A0000208E7E74FF00108E4E78046E2E700BF23
:10F4B00038B50D464FF0FF31FDF79EFE0446013092
:10F4C00005D029462046BDE83840FFF7B1BF40F2DD
:10F4D0008B3005F0D9FF29462046BDE83840FFF7BC
:10F4E000A7BF00BF2DE9F041884617461D460646D6
:10F4F00000F04AFD18B104462046BDE8F0812946D7
:10F500004046FFF795FF294680463846FFF790FFB3
:10F510000546102011F081F9B3B2AA88B8F804109A
:10F52000044609F003FE4046002108F0E5FC2846A9
:10F53000002108F0E1FC2046012109F099FD204658
:10F54000BDE8F08170B54FF0FF3104460420FDF7AF
:10F5500053FE4FF0FF3105460520FDF74DFE2021FB
:10F560000646CA20FDF748FE5CB1012C15D0022CDE
:10F570000DD10346324629460320BDE87040FFF70F
:10F58000B1BF01462846BDE87040FFF751BF40F2C9
:10F590008D3005F079FF002070BD01463046BDE892
:10F5A0007040FFF745BF00BF007C2021FFF740BF40
:10F5B0008088102300F0DAB908B503689B69984782
:10F5C000003018BF012008BD08B507F073FD0030FA
:10F5D00018BF012008BD00BF80887047054B1A681E
:10F5E00010B4146B0023A4461A4619465DF8044B68
:10F5F000604700BF788500202DE9F04385B06C4658
:10F6000084E80F0094E80F00BDF80260114CBDF8CB
:10F61000007084E80F0038463146FDF73FF9044694
:10F620003046FDF785FD94B1DFF82C908046D9F87F
:10F630000030E0681D6B00231A464146A847206849
:10F6400032463946FDF71AF904460028EFD105B0D5
:10F65000BDE8F083008500207885002008B5FFF71D
:10F66000E9FABDE8084007F0A9BA00BF08B5064EA0
:10F67000054632680023146B19461A462846A047EF
:10F68000142007F005FAF4E77885002010B5044649
:10F6900006F074FF034638B100200CB144F8203066
:10F6A0001B6A0130002BF8D110BD00BF07F086BAED
:10F6B00007F0EEB907F0C6BC50B110B50446FFF72D
:10F6C000ABFA2146034A0448BDE8104007F0D2B81F
:10F6D000704700BFF16B03006DF6020050B110B52A
:10F6E0000446FFF799FA2146034A0448BDE8104052
:10F6F00007F0C0B8704700BF5DF60200DDF50200FC
:10F7000089B280B207F0EAB9064B10B51C68FDF764
:10F710006BFD04F6FF74204420F47F6020F00F009E
:10F7200010BD00BF788500200CF056BD08B508F06C
:10F73000C5F908BD08F0D2B9024B186800B1406A9B
:10F74000704700BF188B0020014B1B685862704740
:10F75000188B00202DE9F04FDFF81C91D9F800300C
:10F7600087B0002B70D0824606F008FF03460028C1
:10F7700074D000241B6A0134002BFBD1A50028465D
:10F7800007F082FB0390FFF781FFA04257D1002CC6
:10F7900041DD039BA3F1040B0AF0020302930BEB80
:10F7A000050300934FF000085BF8047F7E6A7EB388
:10F7B0007069FEF7DFFDDDF808A0CDF804B004366F
:10F7C000D9F8003034689F422BD03868BD680CF0FF
:10F7D0004DFDD9F80030281A9F420444756807D0BF
:10F7E0003868D7F808B00CF041FDABEB00000544D9
:10F7F000BAF1000F19D1A54205D954F8040BFEF750
:10F80000B9FDAC42F9D3B668002ED9D1DDF804B009
:10F81000009B5B45C8D1039807B0BDE8F04F07F0E7
:10F8200059BB7568BAF1000FE5D02B1B41469B1000
:10F830002246104806F0B6FD08F10108DBE74FF458
:10F840004B7005F021FEA2E7012007F01DFB05909B
:10F85000059807B0BDE8F04F07F03CBB07F014FB7C
:10F860000390FFF713FF0028D5D04FF44B7005F03D
:10F870000BFED0E770170400188B002010B500F0C5
:10F880008BFD0446302010F0C8FF214601230022E2
:10F89000BDE8104008F09EB970B5FFF7EFFF00F02B
:10F8A00043FE1E4B1B681C8D3CBB1D4C1D481E4E51
:10F8B00006F0B8FE04F5807501E0AC420AD054F8B9
:10F8C000040F0028F9D003681B68B342F5D09847AD
:10F8D000AC42F4D100F098FE4FF0FF310D20FDF75F
:10F8E0008BFCC0B200F036FB18B1036800211B6826
:10F8F0009847BDE8704000F0A9BD21464FF0202098
:10F90000FEF78AFF214605460246084806F04AFDF2
:10F91000002DCAD1142005F0B7FDC6E77885002078
:10F92000108600207C8500206DB70200601704005F
:10F9300010B5084C08480AF099FC204609F0E4F894
:10F94000064A0749204610F063FF064B064A1A6034
:10F9500010BD00BF7C8500200085002000800020B5
:10F96000618A0300A4850020CC1A04002DE9F04F21
:10F970008DB016461F4604460D46FCF78FFF38B182
:10F98000324629462046FCF79DFF0DB0BDE8F08FBA
:10F990000F2CBFB201D1C02F0ED1282010F03DFF97
:10F9A000A1B2804600971D4BAAB207F0DBFA414690
:10F9B0001B4808F08FFF50BB002DE1D14FF0FF3105
:10F9C0002046FCF76BFF07460028D9D0DFF84CB083
:10F9D000DFF84CA01FFA84F94FF010083A89CDF8EF
:10F9E00000805B46494602A807F0BCFA02A95046CF
:10F9F00008F024FF02A807F0CDFA38684FF0FF3274
:10FA00002146FCF73BFF07460028E7D1B8E7404610
:10FA100007F0C0FA404610F0F7FECDE7F9F5020016
:10FA20007C85002000B585B08AB2012381B268468A
:10FA30000AF0FCFB05B05DF804FB00BF4FF0FF319E
:10FA40000148FCF7DFBF00BF7C17040008B509F0D0
:10FA5000A9F908BD08B503681B6A9847BDE80840C6
:10FA60000146014806F09EBC8417040010B50368E7
:10FA70001B6A0C46984722460146BDE810400148E3
:10FA800006F090BC8C170400014820F060407047DD
:10FA900000000420F8B538B30E46054621B31D4FCB
:10FAA0003C6814B90CE0A46954B123689D42FAD1B2
:10FAB00063689E42F7D1184806F074FC2046F8BDF2
:10FAC000164806F06FFC1C2010F0A7FE32460446D4
:10FAD000C0E900562946002308300AF0ADFD3B6816
:10FAE000A3613C602046F8BD0D4806F05BFC4FF07A
:10FAF000FF311920FDF780FBC0B200F02BFA4FF068
:10FB0000FF3105461820FDF777FBC0B200F022FA5E
:10FB10000646C4E7A8850020B4170400CC170400EB
:10FB20009817040008B5FFF7B5FF083008BD00BFFF
:10FB30002DE9F041074682B00C46002011461646DA
:10FB40009846FCF7E3FF0546FFF766F8610089B2C7
:10FB5000334605F10802CDF8008007F108000AF0ED
:10FB600021FE04462846FFF765F8002C0CBF284606
:10FB7000002002B0BDE8F08110B582B05468009357
:10FB8000490089B22346083208300AF0C3FD02B0AA
:10FB900010BD00BF00207047002070470020704754
:10FBA000002070476FF47D70704700BF6FF47D7068
:10FBB000704700BF6FF47D70704700BF38B50A4DC5
:10FBC0002C680CB1204638BD102010F026FE074BE3
:10FBD0000446214640F8043B6FF0030208F048FA5F
:10FBE0002C60204638BD00BFAC850020F017040013
:10FBF000FFF7E4BF08B5FFF7E1FF002008BD00BF35
:10FC0000FFF7DCBFFFF7DABF2DE9F04F02EB820709
:10FC1000F03783B08046384615460E4610F0F6FDA4
:10FC20003A460021044604F06FFE802211467823F4
:10FC30004FF0000CAC4528DAE05C5FEA620940EA6C
:10FC40000200E05404EB030E39D016F80CB0921009
:10FC500011EA0B0F5FFA82FA5FFA89F055D09EF82D
:10FC600000B040EA0B008EF80000002A43D10133B7
:10FC70001022E05C60F07F00E05449101DD10CF1CF
:10FC8000010CAC454FF08001D6DB00221146404606
:10FC900000F086FC036822491B68054698472968DE
:10FCA000002300933A462846CD682146A8472046BF
:10FCB00003B0BDE8F04F10F0A7BDC9B2BAE716F81F
:10FCC0000C20114203F101030BD14FF0200A4FEA3F
:10FCD0006A0A5FFA8AF2BAF1000FCED101338022AC
:10FCE000CBE7E05C40F08000E05404EB030E4FF003
:10FCF000400A4FF0800940EA0A005FEAA9098EF83D
:10FD0000000005D101332022B7E7002AFAD001E034
:10FD10005FFA89FA5FEA6A0AD9D101334022ACE777
:10FD200000093D00182A01D9FFF76EBF0CF0C4BAD4
:10FD300002682DE9F0471268089E0C46002107462C
:10FD4000994690472025236801211B682046984743
:10FD5000236800211B6820469847013DF3D116B364
:10FD600009EB060A0AF1FF3A09F1FF3919F8018F88
:10FD7000082680253B6818EA050F14BF01210021E1
:10FD80001B6838469847236801211B68204698471E
:10FD9000236800211B6820469847013E4FEA55051D
:10FDA000E8D1CA45E2D13B6838461B680121984733
:10FDB0002025236801211B682046984723680021DD
:10FDC0001B6820469847013DF3D1BDE8F08700BF8E
:10FDD0002DE9F04383B00A4600211E460A9F00F039
:10FDE000DFFB0024036800940546D3F80C80144917
:10FDF00023460422C0472B68009431463A46DE6809
:10FE000028462346B0472B680094DE680C492346F9
:10FE100028460422B047FF080ED0DFF82890A046FD
:10FE20002B68CDF80080DE68203400230422494688
:10FE30002846B047BC42F3D303B0BDE8F08300BF0F
:10FE4000B08500200880002070B4039D38B131B126
:10FE50002BB125B1182D04D970BCFFF7B9BF70BC08
:10FE6000704770BCFFF764BFA0B19BB130B55C6850
:10FE700083B06CB1042A03F1080306D02246194668
:10FE800003B0BDE83040FFF74DBF0094FFF7DCFF43
:10FE900003B030BD704700BF2DE9F04B85B22F2D68
:10FEA00033DC1C4F1C4E7C5D30683CBBDFF86C8043
:10FEB00098F8001001318900FEF758FE30601820D4
:10FEC00010F0ABFC4FF0FF3121FA05FB00230BF0E3
:10FED000010213430CBF01230323EAB205F16401BD
:10FEE00081460BF0B1FA98F800203068531CDBB261
:10FEF00040F822907B551C4688F8003004F180447D
:10FF0000013C50F82400BDE8F08B4FF4637005F01D
:10FF1000BBFAC6E7B4850020E4850020A28C00204F
:10FF200038B54FF0FF310546FDF766F9044601305C
:10FF300004D02046BDE83840FFF7AEBF294604484C
:10FF400006F030FA2046BDE83840FFF7A5BF00BFF5
:10FF50000C180400002804DBFF2802D080B2FFF751
:10FF60009BBF0020704700BF08B54FF0FF31FDF781
:10FF700043F9002806DBFF2804D080B2BDE8084022
:10FF8000FFF78ABF002008BD0B4B10B403F5807447
:10FF900001E0A3420AD053F8042B002AF9D091883B
:10FFA0008142F6D110465DF8044B7047002210469E
:10FFB0005DF8044B704700BF14860020FFF7D4BFE4
:10FFC00001460020FCF7A2BD014B9868704700BFB6
:10FFD0000085002003685B69184700BF0368DB6881
:10FFE000184700BF704700BF0048704716FCFFFF6E
:10FFF00010B5044B036000230446C38006F0B6F836
:020000040003F7
:10000000204610BD2418040010B5064B03600023E1
:100010000446C38006F0AAF8204610F0F5FB2046FF
:1000200010BD00BF2418040010B5044B036000236A
:100030000446C38006F09AF8204610BD2418040038
:1000400010B5064B036000230446C38006F08EF80B
:10005000204610F0D9FB204610BD00BF2418040034
:1000600090F82C3003B970472DE9F04706468068B8
:10007000036884B01B6800219847B06803680121B9
:100080001B689847082400253069036801219B6894
:100090008D409847002108B145F00105F0680368DC
:1000A0001B689847F068036801211B689847013C6A
:1000B000EAD1D6E905376F409F4229D006F11C05E9
:1000C00006F12C094FF0010811E061B940F6020A6F
:1000D0000123514668460AF0A9F85146012300223F
:1000E00068460AF0A3F8A94504F101040FD035F8D9
:1000F000022B08FA04F307EA0301002AF3D070691F
:100100000342E2D10029EED040F6030AE0E777612E
:1001100004B0BDE8F08700BF08B503685B68984786
:10012000003018BF012008BD03681B68184700BFD6
:1001300070B5036804460D4616461B6D03219847AB
:100140003246294620891023BDE87040FFF70EBCD7
:100150008B1E70B50D4604461646032B13D8DFE8F8
:1001600003F00F0F0202036803211B6D204698471E
:100170003246294620891023BDE87040FFF7F6BBC0
:1001800003680221F1E770BD2DE9F047A1F1040AEF
:1001900004461646D71707F0A1FCBAFA8AFA4FEAC6
:1001A0005A1A8046894609E007F098FCB0EB08022D
:1001B00061EB09039F4208BF964220D32368204683
:1001C0005B68984750450546EED107F087FC8246AC
:1001D00009E007F083FCB0EB080261EB09039F42E2
:1001E00008BF96420BD3236820465B689847854238
:1001F000EFD007F073FCA0EB0A00BDE8F087002009
:10020000BDE8F08731B1036801290CBF022100214C
:100210001B6C1847036801211B6C1847F8B5264D65
:100220002C680CB12046F8BD302010F0F6FA0026FC
:10023000224B03600446466005F02AFF204B2360F2
:100240004FF0FF314720FCF7D7FFC0B2FFF782FE27
:100250004FF0FF31A0604820FCF7CEFFC0B2FFF79F
:1002600079FE4FF0FF31E0604920FCF7C5FFC0B2D6
:10027000FFF770FEE288E66126626662A6624FF4CE
:100280007A670368A78042F400520127E28039466A
:100290006661A661206184F82C709B689847A0680D
:1002A000036839461B689847E068036839461B684D
:1002B00098472C602046F8BDE885002024180400EB
:1002C00044180400F8B54FF0FF3107464820FCF70A
:1002D00093FFC0B2FFF73EFE002428B3FFF79EFF56
:1002E00005468068036800211B689847A868036872
:1002F00001211B689847002F16DD264628690368F0
:1003000001219B688C4098470136002108B144F0D8
:100310000104E86803681B689847E86803680121DE
:100320001B689847B742E9D12046F8BD10B54FF099
:10033000FF314820FCF760FFC0B2FFF70BFEA0B111
:10034000FFF76CFF04460069036800219B6898472B
:10035000A068036800219B689847E0680368002153
:100360009B689847002384F82C3010BD03685B6BB2
:10037000184700BF026810B4146940F2DC53A44669
:100380004FF4FA625DF8044B604700BF0368DB6A14
:10039000184700BF704700BF2DE9F0412449254DA3
:1003A000DA20FCF729FFDFF894C0DCF8007018268B
:1003B0004FF0010E20FA06F1C9B2102935D0012400
:1003C000112304E0994211D015F832301446621C12
:1003D000002BF7D1083E16F1080FEBD14FF46770F0
:1003E000002505F051F82846BDE8F0810EFA04F327
:1003F0001F42EFD105EBC404D4F80480D8F80423DD
:10040000002AE7D11F4310390B48CCF8007005F0E3
:10041000C9FF182010F001FA94F901200546414661
:100420000BF058FE2846BDE8F08100240123DFE7E9
:10043000131012117C1804005C180400EC850020D5
:100440004FF080430122C3F80025704708B52348C8
:10045000FCF77EFB4FF01023D3F80C2232B9D3F80F
:10046000043303F00703052B00D108BD1C4805F039
:1004700099FF1C4B0122C3F80425D3F80024002A5D
:10048000FBD04FF01023D3F80C2212B10022C3F896
:100490000C224FF01022D2F8043303F00703052B8F
:1004A00007D0D2F8043323F0070343F00503C2F862
:1004B00004330C4B0022C3F80425D3F80024002A8F
:1004C000FBD0BFF34F8F0849084BCA6802F4E062C3
:1004D0001343CB60BFF34F8F00BFFDE7A10D0C00AE
:1004E0007018040000E0014000ED00E00400FA058F
:1004F000094A0A4B12689A420BD1094A0948126804
:1005000003F1C27303F5D34308339A4218BF0020A6
:1005100070470020704700BF00D80F00F1109E1EEA
:1005200004D80F0010D80F00704700BF2DE9F0412C
:10053000174F3C6882B014B90EE0646B64B1256853
:10054000A842FAD16568A942F7D1A3689A42F4D1CA
:10055000204602B0BDE8F0810546382090460E46A0
:1005600010F05BF94FF0000C0446C0E90056C0F8EB
:100570000880434632462946CDF800C00C300BF0C7
:1005800047FB3B68636320463C6002B0BDE8F081F6
:10059000F085002008B55A2004F076FF002008BD41
:1005A00008B5FFF7C3FF0C3008BD00BF0C300BF0DF
:1005B000E9BB00BF70B50D4682B014460646A8B12F
:1005C0007DB105F108016A684CB104F10803646863
:1005D000009406F10C000BF091FB02B070BD2346B5
:1005E000F6E7002CF9D02A462946EEE740F2DD3046
:1005F00004F04AFFE4E700BF0C300BF0F3B900BF92
:100600000C3008220BF0DCB9704700BF00207047A7
:10061000024B1B6803B11847704700BFF4850020E8
:1006200010B50A4C23687BB108210948984709484E
:100630002368016843B104309847236823B102213D
:100640000548BDE81040184710BD00BFF4850020E4
:10065000AC18040014870020B8180400704700BFCD
:1006600038B51B4D2C680CB1204638BD4FF0FF311A
:100670000E20FCF7C1FDC0B2FFF76CFC28B31820B8
:1006800010F0CBF84FF0FF3104460E20FCF7B4FD1C
:10069000C0B2FFF75FFC11220146204607F03EFB87
:1006A0002046322107F068F820464FF4597107F0D0
:1006B0005BF82046802107F08FF820464FF46071E8
:1006C00007F070F82C60204638BD2C68CCE700BFDE
:1006D000F885002070B586B004460D46FFF7C0FFD0
:1006E00030B3034668469A88D988ADF804201A8941
:1006F000ADF80610ADF8082059899A89DE89ADF861
:100700000A10ADF80C20198A5A690A4BADF810107E
:1007100005920093ADF80E6007F004F8BDF80400F0
:100720002A4621461023FFF721F9684607F0D2FA3E
:1007300006B070BDB01B040030B587B0FFF790FF66
:1007400030B3034668469A88DC881989ADF80420DE
:100750005A899D89ADF80640ADF80810DC89198AE0
:10076000ADF80A205A690C4BADF80E40ADF81010E8
:1007700005920093ADF80C5006F0A0FF041E6846E9
:10078000B8BF033407F0A6FAA410204607B030BD66
:100790007F24204607B030BDB01B040070B586B082
:1007A00005460C46FFF75CFF18B38288C388ADF896
:1007B0000420A10004894289ADF80630ADF8084054
:1007C0008389048AC689ADF80A20ADF80C304269E5
:1007D0000A4BADF81040012D6C46ADF80E6089B2A1
:1007E00005920093204606D006F0DCFF204607F075
:1007F00071FA06B070BD06F0EFFFF7E7B01B04001A
:1008000008B5FEF741FD002008BD00BF10B5044645
:1008100000F0ACF822461023022140F6B930BDE8C2
:100820001040FFF7A3B800BF08B500F09FF878B1FB
:1008300009F028FC07EE900AFDEEE77A17EE900A21
:10084000772803DC332805DC002008BDFF2008BD25
:10085000342008BD9FED0D7ADFED0D6AF8EEE77AE2
:1008600077EEC77AFDEEE77A17EE903AC3EB0323F3
:1008700007EE903AF8EEE77A87EEA67AFDEEC77AB1
:1008800017EE900AFF28A8BFFF2008BD00005042C5
:100890000000884210B5044600F068F8D8B184F32F
:1008A000080307EE903A9FED0C7A9FED0C6ADFED9E
:1008B0000C6AF8EEE77ABDE8104067EE877A87EEBB
:1008C000867A77EE267AFDEEE77AF8EEE77A17EE8B
:1008D000901A09F001BC10BD0000884200007F435F
:1008E0000000504270B51C4D2C6884B014B12046F5
:1008F00004B070BD7C200FF090FF4FF0FF31044634
:100900001120FCF779FCC0B2FFF724FB4FF0FF3158
:1009100006461020FCF770FCC0B2FFF71BFB314607
:1009200002461423204609F0CBFF0C4A019240F600
:10093000B9360B4A0B4B009204F124010A4A029685
:1009400004F1500009F06CFB20460AF067F82046DD
:100950002C6004B070BD00BFFC8500200000504238
:1009600000001041000096420000BE4208B5FFF7AB
:10097000B9FF00B1503008BD41607047064A1368A6
:1009800083EA433383EA534383EA431398B2A0F5DF
:10099000FF4013607F38704710800020B1F5007F62
:1009A0000846A8BFA1F50070B0F5807FC8BFC0F5AC
:1009B000007000FB00F240F63B1303FB02F31B1434
:1009C000A3F5A4433A3B02FB03F34CF6FE0202EB11
:1009D000234300FB03F00012B1F5007F28BF404223
:1009E000704700BF8901A1F5FF407F38704700BF05
:1009F000B1F5007F07D3C1F57F710331C901A1F5BE
:100A0000FF407F387047C801A0F5FF407F3870472E
:100A100010B4036A064A1C780648662313FB0423B5
:100A200047F6FF728B42D8BF10465DF8044B704703
:100A300004FCFFFF0180FFFF836930B403F03F0433
:100A400094421BD00F4D2C6884EA443484EA544409
:100A500084EA441402F03F0204F400431A432C6079
:100A6000826143B1084B47F6FF70B1F5007F38BF94
:100A7000184630BC7047184630BC704703F400433A
:100A8000EFE700BF0C8000200180FFFF10B4036A75
:100A90000D481B780D4C1844012310F8100C02402F
:100AA000501102F01F0254F8200003FA02F2104025
:100AB00006D0074847F6FF72B1F5007F28BF104601
:100AC0005DF8044B704700BFE8180400E01804000C
:100AD0000180FFFF00207047F8B5104B10490160FE
:100AE00003F124020546C0F85831C0F8602100F532
:100AF000AC7700F5BE7600F5C274043C204609F0E0
:100B000027FCA642F9D1074BC5F8583100233846D7
:100B1000A5F85E3105F02AFB2846F8BD0420040044
:100B2000C418040024180400F8B5124B12490160DF
:100B300003F124020546C0F85831C0F8602100F5E1
:100B4000AC7700F5BE7600F5C274043C204609F08F
:100B5000FFFBA642F9D1094BC5F8583100233846AE
:100B6000A5F85E3105F002FB28460FF04DFE284641
:100B7000F8BD00BF04200400C418040024180400B9
:100B80002DE9F04FD0F85051DFF8BCC04FF0FF37DF
:100B90004FF0020E4FF0010B002D4AD02B466FF0A4
:100BA0007F481A793AB984681968091B002908DD59
:100BB0008845A8BF88469B68002BF2D14046BDE817
:100BC000F08F81464FF0FF3808EB880100EBC10A37
:100BD000D9F82C1091B3B8F1FF3F05D0DAF8101016
:100BE000D9F81060B14200D290460132082A09F1CA
:100BF0002809E9D108EB880200EBC2021032D16962
:100C000009B181F804E0D3F80C80D36108F1080140
:100C100083F804B014601162D8F80430D760ACFBDC
:100C20000343DB0803EB430301EB83035362002D13
:100C3000B4D16FF07F484046BDE8F08F02EB8202EE
:100C400000EBC2021032DAE7ABAAAAAA002A01DD41
:100C500000F002B8012070472DE9F04F2DED028B16
:100C600004468BB0174609900E460592FFF788FFA1
:100C7000D4F85041003418BF0124B842C0F2358185
:100C8000059B5D0000212A46304603F03DFE099F8A
:100C9000A74AF868030282FB0312DB17C3EBA21317
:100CA00007930EF0BFFF02460B460020A1490FF04C
:100CB0004DF9B31E1E4608930FF016FB33462B4426
:100CC000049308EE100A07F5A87307F1100B0693BA
:100CD000DBF81C20002A41D0DBF820300599DBF836
:100CE00008500C3B0029CBF8203040F3F38000275C
:100CF000CDE90277089E0197B8463C46BA46002CDB
:100D000053D0DDF80C90019BAA0EC5F3094158465B
:100D10009847029B36F8022F39141F44049B00FBAE
:100D200001F002EB20429E42454404F1FF340AF1F7
:100D3000010AC8443280E2D1DBE908239A4280F0FC
:100D4000AA80002C08BF0124CBF80850039BCBF8E5
:100D50000440CBE90483CBF80C700124069B0BF113
:100D6000280B9B45B4D1099A0599936800290B4437
:100D7000936014DD089B049D4FF6016040F2FF1163
:100D800002E09D4219800AD033F9022FB2F5007FAC
:100D9000F7DA12F5007FD8BF18809D42F4D12046C3
:100DA0000BB0BDEC028BBDE8F08FDBE9083103F13D
:100DB0000C028A42CBF820206DD2D989DF8AB3F9A0
:100DC0001220B3F914901C8A187B44F620639942D0
:100DD00028BF1946BB4228BF3B4640F2FF37BA4204
:100DE000A8BF3A46B945A8BFB946142938BF14214F
:100DF000142B38BF142322EAE27229EAE979002C85
:100E000047D04EF66027BC4228BF3C46079F07FBF1
:100E100004F4471E042F4CD8DFE807F02F033532C7
:100E2000380045480190A9EB02094FEA0949240A14
:100E300099FBF4F00290BAF1000F6BD007EE901A14
:100E4000F8EEE77A8B4267EE887A4FEA0247FCEECB
:100E5000E77A17EE908A27D007EE903AF8EEE77A15
:100E600067EE887AFCEEE77A17EE903AA3EB080378
:100E700093FBF4F30393994645E730480190D2E79A
:100E80002F480190CFE72F480190CCE72E480190E2
:100E9000C9E7079CBDE7DBF81C2002231371002380
:100EA0000124CBF81C3059E74FF00009CDF80C9025
:100EB00029E7A0F10B07042F09D9DFF898C0234FC9
:100EC0001038022898BFBC46CDF804C0ABE72048D4
:100ED0000190A8E7DBF824108B42DED24FF0000827
:100EE000CDF80C804746012430E7099C05460246B0
:100EF00031462046FFF7AAFE059B06EB45015A1B2B
:100F00002046FFF7A3FE012420460BB0BDEC028B68
:100F1000BDE8F08FDBF80C70781C8FD0DBF8143054
:100F20000393DBF80440DBF810809946EBE600BF42
:100F3000D34D621000009041E5090300F109030060
:100F4000390A03009D0903007D0903008D0A03008F
:100F5000110A0300D50A03002DE9F0414B6882B065
:100F60000646002B38D00F4601A84FF4007109F057
:100F7000D7F9019D2C1D4FF4807221463846FFF7AA
:100F80006BFE804607F5AC7009F0A6FE05F5017210
:100F9000B4F90030C3F5007300FB03F39B1224F88F
:100FA000023B9442F4D1B8F1000F0FD0786810B131
:100FB00003681B68984701A9304609F0C1F901A8E8
:100FC00009F0C6F9304602B0BDE8F08187F85481D7
:100FD000304609F09FF9F2E709F09CF9304602B07B
:100FE000BDE8F08170B54FF0FF3105461A20FCF7DF
:100FF00003F9C0B2FEF7AEFF60B104464FF0FF3117
:101000001A20FCF7F9F82368294620461B68BDE83A
:101010007040184770BD00BF70B5184B036082B0B8
:101020000446002500F5AC76132322466560304661
:10103000009313494FF47A5309F07CFD4FF0FF31D0
:101040004120FCF7D9F8C0B2FEF784FF2A460146DA
:10105000304609F059FF3046A56084F8545109F034
:1010600039FE2946E0604FF4A07204F1100003F04D
:101070004BFC2046C4F8505102B070BDC4180400A7
:1010800000C0014038B5074D2C680CB1204638BD72
:101090004FF4C4700FF0C1FB0446FFF7BDFF2C6096
:1010A000204638BD00860020FFF7ECBF2DE9F04157
:1010B0000C460746FFF7E6FF06462046FDF7ACFD67
:1010C00010200FF0AAFB0546F0681D4AB168EC60DD
:1010D00000FB07F082FB0032C317C3EBA2130B44E3
:1010E00000222A712B600BF06DF8D6F85041AC60ED
:1010F000C6F8505154B910E0A368E068AB60FDF742
:1011000099FD20460FF080FBAC6834B12379022BA7
:10111000F2D02546A468002CF8D10BF045F896F8DB
:1011200054310BB1BDE8F0817068012386F8543169
:101130000028F7D00368BDE8F0411B68184700BFDE
:10114000D34D621038B5FFF79DFF05460BF03AF816
:10115000D5F850410023C5F85031EB626B65EB6761
:10116000C5F8A430C5F8CC30C5F8F430C5F81C314A
:10117000C5F844314CB1D4E90250FDF75BFD20467F
:101180000FF042FB2C46002DF5D1BDE838400BF0A6
:101190000BB800BF00207047002070470020704748
:1011A000704700BF704700BF704700BF704700BF67
:1011B000704700BF704700BF704700BF70B50C4656
:1011C00015460646FFF75EFF00218C42C560416070
:1011D00005DD22463146BDE87040FFF73DBD0120E8
:1011E00070BD00BF704700BF704700BF024B1B6857
:1011F00003EB4000704700BF78850020704700BFB8
:10120000704700BF704700BF704700BF0B6898422F
:1012100021D10B6998421EDC8B6998421BDA0028A9
:1012200030B408DB4B681468A3425468B8BF13603D
:10123000A342C8BF53600B6B002B05DD4A688D6A63
:101240000C6A2A444A601B1B4A6A01301344086036
:101250000B6330BC704770470B6898422DD1F0B4D7
:101260004B684F69BB4226DB8C69A04223DA0C6BCA
:10127000D1F820C00BE0CD6A4E6A05443444A84240
:101280000D60644403F1FF3313D1BB4211DB00282E
:1012900007DB15689D425568C8BF13609D42B8BF03
:1012A0005360002CE7DC0D68A842644403F1FF336F
:1012B000EBD00C634B60F0BC704770470B689842F2
:1012C0002DD1F0B44B684F69BB4226DC8C69A0423B
:1012D00023DA0C6BD1F820C00BE0CD6A4E6A0544CE
:1012E000A41BA8420D60644403F1010313D1BB4267
:1012F00011DC002807DB15689D425568C8BF1360E4
:101300009D42B8BF5360002CE7DC0D68A8426444DE
:1013100003F10103EBD00C634B60F0BC70477047E6
:101320004268014693890248528905F03BB800BFE4
:101330001819040043685889884207DD002A05DB34
:1013400098898242ACBF002001207047002070477E
:1013500070B506464068457A012D82B000F1100450
:101360000ED0042D27D183899B001F335B119B0076
:1013700001FB0344C2B9207800F00F0002B070BD39
:1013800083890733DB1001FB03440AB104EBE20459
:101390000123217802F0070203FA02F20A4214BF85
:1013A0001846002002B070BD5310E05CD307E3D5AF
:1013B000001102B070BD40F23530CDE9001204F0EA
:1013C00063F800997368019A5B7A641A32B1012B51
:1013D000DCD0042BE8D0002002B070BD042BCAD0B2
:1013E000012BF8D1D4E700BF70B50446FFF7A2FF88
:1013F00000B970BD2046BDE87040FFF7A9BF00BF2F
:1014000070B506464068447A012C84B000F110059E
:1014100013D0042C29D1808980001F304011800016
:1014200001FB00519ABB91F9000020F00F0003F07E
:101430000F0303430B7004B070BD80890730C010E8
:1014400001FB00510AB101EBE201012002F00702A9
:1014500000FA02F2087823B920EA0200087004B00A
:1014600070BD1043087004B070BD40F23530CDE956
:101470000223019104F008F8DDE902230199706864
:10148000691A407A82B10128DDD00428D3D101EB5A
:101490006201D20791F90000C7D500F00F0040EAC1
:1014A00003130B7004B070BD0428BCD00128CCD04D
:1014B00004B070BD2DE9F84F0A9FBF1A48BF7F42A4
:1014C000A3EB01094CBF4FF0FF3B4FF0010B7F0036
:1014D0008B42A7EB09050C469846164682464FEA12
:1014E00049090EDB324621460B9B50460134FFF77B
:1014F00087FF002DC4BFA5EB09055E44A0453D4410
:10150000F0DABDE8F88F00BF2DE9F84FDDF828804C
:101510005B1A48BF5B42A8EB02094CBF4FF0FF3B90
:101520004FF0010B5F009045A7EB090514460E46EE
:1015300082464FEA49090EDB224631460B9B504654
:101540000134FFF75DFF002DC4BFA5EB09055E4424
:10155000A0453D44F0DABDE8F88F00BFD0E9013284
:10156000013282609A0701D11A0F08D110B50446E2
:10157000596803F10800FBF7C9FA606010BD7047B5
:1015800030B445680B68688923EAE374431EA342BC
:10159000A8BF23460B60AB891168013B21EAE171CA
:1015A0008B42A8BF0B46136030BC704738B5FBF7C1
:1015B000ADFA0546FDF730FB0C20FDF7A3F9044614
:1015C00028B10A4A456000230260836025B128469D
:1015D000FDF730FB204638BD40F2353003F054FFB4
:1015E0002846FDF727FB204638BD00BF341904000C
:1015F000B0F5FA6F24D8B1F5FA6F21D8012A70B589
:1016000018D0042A1ED18B001F335C11830003FB0A
:1016100004F308330D460446194600201646FFF72A
:10162000C5FF4368872100225E725C819D8119722B
:10163000DA8170BDCB1DDB1000FB03F30833E9E753
:1016400000207047002070BD38B14368082B02DDD0
:10165000027A872A02D0002070477047427A012A16
:101660000FD0042AF7D18289408992001F3252118B
:10167000800000FB02F00830181AB0FA80F0400930
:101680007047828940890732D21000FB02F008308F
:10169000F2E700BF48B14268042A04DD037AE12B77
:1016A00014D0E42B02D0002070477047817A437A2F
:1016B0001F2000EB81009B00401103FB00F3083367
:1016C000181F801AB0FA80F040097047817A437A77
:1016D000C81DC01003FB00F30833F1E743685889C5
:1016E000704700BF43689889704700BF4368587AC5
:1016F000A0F10100B0FA80F04009704743689A07F2
:1017000004D11B0F0CBF012000207047012070473F
:101710008068003018BF0120704700BF2DE9F041FC
:101720000D1E04DB04461F46FFF704FE08B9BDE8A2
:10173000F08116462046FFF711FF3B463246294608
:101740002046BDE8F041FFF75BBE00BF002901DB8A
:10175000FFF74ABE002070474068437A042B00D050
:10176000704743898B42FBD970B4848955685E1AEF
:10177000A30004FB06F4AC4203F11F034FEA63131A
:10178000A8BF2C469B001030641001FB030112D04F
:10179000013C08190A32013911F8013F03F00F0327
:1017A00002F8023C0B7881424FEA231302F8013C15
:1017B00002F10202F0D170BC704700BF2DE9F04188
:1017C00043685D7A042D01D0BDE8F081B3F80A804A
:1017D0008845F9D9044617469D890E46FFF7BEFE97
:1017E00063685A7A012A03F1100424D0042A26D10E
:1017F000998989001F31491189007B68A8EB060887
:1018000005FB08F09842A8BF1846401001FB0641AE
:10181000DAD007F10A02084412F8023C12F8014C2F
:1018200003F00F0343EA041301F8013B814202F184
:101830000202F1D1C8E799890731C910DDE740F20A
:10184000353003F021FE4FF0FF31D6E72DE9F047A8
:1018500086B0CDE902210BB10E9D15B906B0BDE8E9
:10186000F08745686E89B1420446F7DAAD89AA422D
:10187000F4DA01390B440E99013A0A44002BCDE900
:101880000432EBDB002AE9DB05AA04A9FFF778FEA6
:1018900002AA03A92046FFF773FE6168DDE904751B
:1018A000DDE902238889013701354607A7EB0307E5
:1018B000A5EB020505D123B91AB94B899F4200F067
:1018C000CA802046FFF74AFE61684B7A012B00F080
:1018D0009380042B40F0C780B1F80CE00F984FEADA
:1018E0008E0E0EF11F0E00F00F06DDE902324FEAF8
:1018F0006E1E06EB06164FEA8E0E5FFA86FA01F1AF
:101900001008B1F80CC04FEA8C0C0CF11F0C4FEA18
:101910006C1C4FEA8C0C02FB0C8C002B40F0988066
:10192000002F07F1FF3106DC98E7042B2FD0013997
:101930004B1CF44492D063685B7A012BF5D1029A78
:10194000002D02F0070203FA02F3F0DDE046002268
:1019500005E0384388F8000001329542E7DDB3F531
:10196000807F0BD0DFB25B000F9E98F80000002E46
:10197000EFD120EA070088F80000EDE708F1010048
:10198000AB1A072B80462FDC02230127ECE7029BD2
:1019900013F0010F14BFF0270F27002DC7DDE0461D
:1019A00000200DE0FAB23F0198F8003083EA0A09FE
:1019B00002EA090201305340854288F80030B6DD62
:1019C000B7F5706FEED108F101022B1A012B90468A
:1019D000A3F1020302DCF0270F22E5E70230854283
:1019E00002F801ABF2DCA2E70832954200F801AB45
:1019F000A3F10803C5DC9AE7B1F80CE00EF1070E7D
:101A00004FEAEE0EF446DDE9023201F110080CFB5C
:101A1000028C0F9A42F300065FFA86FA002B3FF41D
:101A20007FAF0CEBE30C7BE740F23530CDE90032C1
:101A300003F02AFD019A009BA8EB020CA3B3626895
:101A4000527A012A4FF0FF3EEBD0042A7FF468AFB0
:101A50000CEB630C64E785427FF433AF20460F99AB
:101A600000F026F8FAE640F2353003F00DFD61682B
:101A7000487A012808D1B1F80CC00CF1070C4FEAE4
:101A8000EC0C4FF0FF3EBEE70F9B03F00F0606EB9A
:101A9000061604285FFA86FADDE9023201F1100821
:101AA000C2D14FF0FF3E2CE74FF0FF3E38E700BFBA
:101AB00030B5054683B00C4619B1436899894A0789
:101AC0002DD12846FFF74AFD69684A7A01F11003D3
:101AD0004968012AE4B218BF04F00F04A1F108011B
:101AE0000CBF44F3000404EB04140329E2B20ED942
:101AF00098070DD102EB022021F0030400EB004017
:101B00001C4443F8040BA342FBD101F0030121B1B3
:101B100019441A7001339942FBD103B030BD002241
:101B20005B89009101941146FFF790FE03B030BD30
:101B300010B5141482B0CDE9004313B20A1409B2EF
:101B4000FFF784FE02B010BD2DE9F04784B0CDE967
:101B500000210BB10C9C14B904B0BDE8F0874568B6
:101B60006E89B1428246F7DAAE89B242F4DA6D7A12
:101B7000042DF1D10D9C65680F2DEDDD01390B446D
:101B80000C99013A0A44002BCDE90232E4DB002A29
:101B9000E2DB03AA02A9FFF7F3FC6A4601A950465B
:101BA000FFF7EEFCDDE90223DDE9006101320133DC
:101BB0005046A2EB01089E1BFFF7D0FCDAF8047038
:101BC0000D9A7B7A012B02F1080544D0042B53D1E6
:101BD000B7F80CC04FEA8C0C0CF11F0C4FEA6C1CD0
:101BE000DDE900494FEA8C0C1037634603FB0977A7
:101BF000002C61D1B8F1000F08F1FF34ACDD009B7F
:101C0000002E03F001021FDD3B7838460AB30122A3
:101C10000EE043780132084603F00F0103F0F003B1
:101C2000695C01F00F010B43964203700CDD013239
:101C3000191103F00F0315F801E0014643EA0E13F2
:101C4000964201F8013BE4DC013C631C6744D6D1B9
:101C500082E70122E0E7B7F80CC0DDE900490CF1AA
:101C6000070C4FEAEC0C1037634603FB0977002C96
:101C7000C0D007EBE407BDE740F2353003F004FCC9
:101C8000DAF80430DDF804905A7A009C012A03F156
:101C9000100714D0042A1BD040F2353003F0F4FBB7
:101CA000A7EB09078CB1DAF804305B7A012B4FF00F
:101CB000FF3CDED0042B9DD107EB64079AE79B899C
:101CC0000733DB104FF0FF3CCFE74FF0FF3C91E7CD
:101CD0009B899B001F335B119B004FF0FF3C85E706
:101CE00010B5141482B0CDE9004313B20A1409B23E
:101CF000FFF72AFF02B010BD81B108B540684968FE
:101D000042684B689A4201D0002008BD0831083073
:101D10000EF0A7FDB0FA80F0400908BD08467047F4
:101D2000406841680830FFF741BC00BF2DE9F04131
:101D30000746FFF713FC7B685A892AB300269C8963
:101D4000013C002C1CDD00252A4631463846FFF7B1
:101D5000FFFA2246804631463846FFF7F9FA2A460E
:101D6000034631463846FFF74BFB013522464346D2
:101D700031463846013CFFF743FBA542E4DB7B6874
:101D80005A8901369642DADBBDE8F081F8B543683E
:101D900006465A7A59899889FFF72AFC73685A8946
:101DA0000746BAB100259A8982B100242246294605
:101DB0003046FFF7CDFA2A46034621463846FFF75C
:101DC0001FFB73689A8901349442EFDB5A8901350D
:101DD0009542E8DB3846F8BD2DE9F0434368998920
:101DE0007E2983B05ADC81465A7A58894900FFF728
:101DF000FFFBD9F804304268597A5F89012980468F
:101E000002F110043FD0042957D19E89B6001F3635
:101E10007611B600517A01293CD0042944D1958924
:101E2000AD001F356D11AD00D9F804202848517A56
:101E3000284A012908BF10460FB303F10F0E4FF0D7
:101E4000000905F1FF3C002D14DD7146002311F857
:101E5000012F02F00F026345825C227008BF01343B
:101E600005D00A7812110234825C04F8012C023386
:101E7000AB42ECDB09F10109B945B644E3D1404678
:101E800003B0BDE8F0839E89517A073601294FEAF5
:101E9000E606C2D195890735ED10C5E74FF0000879
:101EA000404603B0BDE8F08340F2353001934FF077
:101EB000FF3503F0E9FA019BB6E740F235300193B4
:101EC0004FF0FF3603F0E0FAD8F80420019BA1E7B9
:101ED00008190400F8180400F8B543685B7A042B6D
:101EE00000D0F8BD02F00F068E42FAD005460F462C
:101EF000FFF734FB6B6817B99A89520721D15A68EA
:101F0000082A03F11001ECD01144340109390F33D0
:101F100064B213F8010F00F00F02BA4204BF20F0C0
:101F20000F003043B7EB101F03D100F00F00204328
:101F3000C0B299421870ECD1F8BD9A890137974226
:101F4000CFDA5A89002AF8D0002404E06B685A8955
:101F500001349442F1DA3A4621462846FFF7F8F96F
:101F60000028F3D133463A4621462846FFF748FA7F
:101F7000ECE700BF2DE9F0411C4684B08C420746D7
:101F8000DDE90A5306DB8BE02E46204615460C465B
:101F900032460146A142F7DBB2EB0508A1EB04068D
:101FA00010D1002E6CD04FF0010C0B932A4606EB9B
:101FB0000C0321463846CDF828C004B0BDE8F041F6
:101FC000FFF744BC7EB9B8F1000F64DD08F10102EF
:101FD000CDE90A232A4621463846012304B0BDE84C
:101FE000F041FFF733BC002952DBD7F804C0BCF83E
:101FF0000A00A0424CDD002C05DA04FB08F494FB37
:10200000F6F42D1B0024884207DC0138411A08FB36
:1020100001FE01469EFBF6F002449542BCF80C001E
:1020200045DB824234DA002D32DB002A05DA06FB7A
:1020300002F292FBF8F2891A0022854207DB01388E
:10204000451B06FB05FC05469CFBF8F0044438469E
:10205000CDE902230191FFF781FAB8F1000FDDE924
:102060000112039B3ADB4645CDE90A2338460B466D
:102070002A4621463CDC04B0BDE8F041FFF744BAF3
:102080002A462146384604B0BDE8F041FFF746BB7A
:1020900004B0BDE8F081C8F10101CDE90A139AE767
:1020A000164608462A4621463546044674E78542C8
:1020B000EEDA002AECDB002D05DA06FB05F595FBD0
:1020C000F8F5641B00258242C1DB0138821A06FB49
:1020D00002FC02469CFBF8F00144B8E7C8F1000896
:1020E00046450B9309DD0A920B462A46214638469F
:1020F00004B0BDE8F041FFF7DDB90A952346384644
:10210000B9E700BF10B5141482B0CDE9004313B293
:102110000A1409B2FFF72EFF02B010BDF8B50F1E6A
:1021200016DB144600221E460546FFF703F978B178
:10213000069B002B0CDB002219462846FFF7FAF815
:1021400030B1079B002B03DD6B685A7A042A00D05C
:10215000F8BD7268517A0429FAD1988955898100AD
:102160001F3149111033890007FB0137079B1E19E6
:102170008642A8BF0646002C4FEA054595FBF3F5BD
:102180002FDB01D007EB64070021938906989B00A1
:102190001F335B119B00A64200FB03F302F1100208
:1021A000D6DD02EB030C4B14CA031CF803304CBF02
:1021B0001A1103F00F0297F9003014F0010F03F029
:1021C0000F0004BF23F00F03134340EA021004F191
:1021D000010414BF07F8010B3B70B4422944E2D15B
:1021E000F8BD05FB04F149420024CEE730B51D14CB
:1021F00083B01CB2CDE9004513460A1409B2FFF7BB
:102200008DFF03B030BD00BF2DE9F04F8BB091467C
:1022100001901089059108B153681868FBF7B0F96F
:10222000B9F80830012B88BFD9F8043004468CBFB8
:1022300058680020FBF7A4F9B9F80830022B88BFD2
:10224000D9F8043080468CBF98680020FBF798F9D5
:10225000B9F80830032B88BFD9F8043007468CBF83
:10226000D8680020FBF78CF9B9F80830042B88BF38
:10227000D9F8043082468CBF18690020FBF780F93A
:10228000B9F80830052B88BFD9F8043005468CBF53
:1022900058690020FBF774F9B9F80830062B88BF9D
:1022A000D9F8043083468CBF98690020FBF768F9A1
:1022B000B9F80830072B064640F2B980D9F8043047
:1022C000D869FBF75DF9B9F80820D9F80410082A95
:1022D000034640F2BE80086A422800F0BE800A2809
:1022E00040F0CB8000200290092A09D9486A422890
:1022F00000F0C0800A2803D010B1062840F0B0805A
:102300004FF00009059A0199526848685189B0F860
:102310000AC0B0F80CE0928930042E448E42A8BF67
:102320000E4603EB0B019142A8BF11461B0493FB21
:10233000FAF306930B4690FBF7F004EAE4712744A6
:102340001B04C2446745089301FB00F30090A8BF3B
:102350006746C3EB0540F245069B08EAE872A8BF52
:10236000F246CDF81CA002FB03FA631ACAEB0B4A33
:10237000049320EAE07336040993A8EB02082AEAE2
:10238000EA7AB9F1000F60D0079B984549DA089BBB
:10239000534546DDDDF814B0CDF80CA0039B4FEAA1
:1023A000234A049BBB422FDA099CA6422CDD5246ED
:1023B0004B46C246B146049D1E4690460AE00028A0
:1023C00037D1029B8BB10135009BBD421C4417D015
:1023D000A14515DD424621145846FEF7B9FF002EEF
:1023E000EDD1029B0BB10028EDD0034629465246A1
:1023F0000198FFF705F80135009BBD421C44E7D169
:102400003346D0464E469946039B069A134403939F
:10241000079B08F10108984503D0089B039A934253
:10242000BCDC4FF0000948460BB0BDE8F08F00203F
:1024300047E7524629460198FEF78AFF0028C2D096
:10244000B14648460BB0BDE8F08F0198FFF786F81B
:102450009AE700220292914654E70120029043E756
:102460000093FBF7B5FB10F1000918BF4FF001090D
:10247000009B47E74FF0010944E700283FF433AFE2
:1024800006283FF42FAF0093FBF7A2FB031C18BFF5
:1024900001230293D9F80410B9F80820009B23E720
:1024A0002DE9F04F054610899DB01646894608B1C2
:1024B00053681868FBF764F83389012B88BF736889
:1024C00004468CBF58680020FBF75AF86B685A899D
:1024D0009442074602DA9B89984202DB1DB0BDE8B0
:1024E000F08F02233246494611A8F4F78DF8119B6C
:1024F0000793002BF2DDDDF84880B8F1000FEDDD29
:10250000159B00931A46179B9B1A14EB2343E5D4A3
:10251000169E189B9B1B17EB2343DFD4139B06933C
:10252000149B0193199B029328461A9B0B93FFF768
:1025300015F89DF86C30002B73D00B9B002BCDDD74
:102540004246D317CDE90E23CDE908470C95DFF8B5
:10255000ACA1029D0A964FF0000B002D5BDD0B9B9A
:10256000A3F58030A0EB0B00C317190441EA10411A
:10257000DDE90E2300040DF007FF069B8BFB032310
:102580004FEA124848EA0348079B1946DA17CDE993
:10259000041207140024A5F58036301BC317190454
:1025A00041EA1041DDE9042300040DF0EDFE0114C1
:1025B0003A4648462BD4FEF717FF04EB0801019B6F
:1025C00001EA0A0181FB03234FEA124C4CEA034C57
:1025D000DC44069B0CEA0A0C8CFB0323CDE90223A6
:1025E000039B120C42EA03420A9B1144ACEB030228
:1025F000009B01EA0A01C91A0346099800EB22422E
:10260000089800EB214113B10C98FFF787F804F507
:102610008034A542C1DC0B9B0BF5803B5B459CDC09
:102620005CE70B9A002A7FF759AF42469A46D317C8
:10263000CDE90C23CDE908760A95DFF8C0B0029DFC
:10264000DDF818800694002D51DD5246D317190489
:1026500041EA1A41DDE90C234FEA0A400DF094FEED
:102660008AFB0823170C47EA0347079B1946DA172A
:10267000CDE9041206140024E317190441EA1441B9
:10268000DDE9042320040DF07FFE011432464846A4
:1026900029D4FEF7A9FEE119019B01EA0B0181FB98
:1026A00003234FEA124C4CEA034CD4440CEA0B0CC3
:1026B0008CFB0823CDE90223039B120C42EA034260
:1026C000099B1144ACEB0302009B01EA0B01C91A00
:1026D0000346089800EB2242069800EB214113B113
:1026E0000A98FFF71BF804F58034A542C4DC0B9B65
:1026F0000AF5803A5345A6DCF0E600BF0000FFFF74
:102700002DE9F04F064610899DB014460D4608B1DC
:1027100053681868FAF734FF2389012B88BF636870
:1027200082468CBF58680020FAF72AFF73685A89DE
:102730009245834602DA9B89984203DB00201DB054
:10274000BDE8F08F02232246294611A8F3F75CFF6B
:10275000119B0C93002BF1DD129B002BEEDD159AE3
:1027600000921146179A521A1AEB2242E6D4169A90
:1027700006921146189A521A1BEB2242DED4139984
:10278000079114990191DDE919919DF86C200D9143
:10279000002A77D00029D1DD1846D917CDE90E01DE
:1027A0000022DFF8C4810A96CDE908AB9246B9F160
:1027B000000F61DD0D9BA3F58030A0EB0A00C3176D
:1027C000190441EA1041DDE90E2300040DF0DCFD9F
:1027D000079B8AFB03234FEA124B4BEA034B0C9BEC
:1027E0001946DA170714CDE904120024A9F580363A
:1027F00003E004F58034A1453EDD301BC317190406
:1028000041EA1041DDE9042300040DF0BDFD01148F
:102810003A462846EDD4FEF7E7FD04EB0B03019A98
:1028200003EA080383FB02124FEA114C4CEA024C04
:10283000D444079A0CEA080C8CFB0212CDE9021270
:10284000039A090C41EA02411944009B01EA08017C
:10285000C91A0028CDD0069B0A98ACEB0302099B4D
:1028600003EB2242089B13EB2141C2D4FEF7BCFDCF
:102870000028BED0012062E70D9B0AF5803A53453F
:1028800095DC5BE70D9900297FF758AF1046194694
:10289000DA17CDE90A12DFF8D080CDE908ABDDF810
:1028A0001CB007960646B9F1000F56DDF317190460
:1028B00041EA1641DDE90A2330040DF065FD86FB8F
:1028C0000B234FEA124A4AEA034A0C9B1946DA17CD
:1028D0000714CDE90412002403E004F58034A14577
:1028E0003BDDE317190441EA1441DDE90423200428
:1028F0000DF04AFD01143A462846EED4FEF774FD69
:1029000004EB0A03019A03EA080383FB02124FEA6D
:10291000114C4CEA024CB4440CEA080C8CFB0B1230
:10292000CDE90212039A090C41EA02411944009BC5
:1029300001EA0801C91A0028CFD0069BACEB0302BC
:10294000099B03EB2242DDE9070313EB2141C4D4C9
:10295000FEF74AFD0028C0D08CE70D9B06F58036B7
:10296000B342A0DCEAE600BF0000FFFF2DE9F04F14
:10297000B7B01646009010898A4608B153681868A7
:10298000FAF7FEFD3389012B88BF736880468CBF40
:1029900058680020FAF7F4FD0223074632460099F2
:1029A00020A8F3F731FE209C002C15DD219D002D81
:1029B00012DD249A269B0F924FEA08419B1A8B4204
:1029C00001910B9308DD259A279B119239049B1ADC
:1029D0008B420491109303DC002037B0BDE8F08FE8
:1029E0003246229E0E96239E1296289E1596299E6A
:1029F0001E9605239DF8A860139651462BA8F3F761
:102A000003FE2B9B002BE7DD2C990029E4DD2F9A98
:102A100006921046319A121A0198C242DCD4309ABA
:102A200007921046329A121A0498C242D4D42D98B2
:102A300005902E980A90DDE933B09DF8D4201490CB
:102A4000002A00F0E8800028C6DD00220E46CF17DD
:102A50000C921946DA17CDE90212EB172A46CDE996
:102A60001A232246E317CDE91C67CDE91623CDF8DA
:102A70007CA0BBF1000F40F3AF80149B0C9C7F4EF9
:102A8000A3F58030001BC317190441EA1041DDE9AA
:102A90001C2300040DF078FC059BDDF87C8083FB93
:102AA0000423110C41EA03434FEA204A00250BEBB3
:102AB0000607994614E0159BA3F58030401AC3170A
:102AC000190441EA1041DDE9162300040DF05CFC15
:102AD0000314089340F1898005F58035AB457BDD13
:102AE000781BC317190441EA1041DDE902230004F1
:102AF0000DF04AFC0114EFD452464046FEF774FC38
:102B00000028E9D00A9A05EB0903334082FB030150
:102B1000040C0C9A44EA01441444059904EA0602A0
:102B200081FB0201CDE908010999000C40EA01404E
:102B30000344049907980C1A019906983340091A1E
:102B40005B181444C8D4002CC6DB0B9A9A42C3DD30
:102B5000109AA242C0DD119A14440E9A84FB02011D
:102B6000020C42EA01420F999B1A5918129B3140FC
:102B700081FB0323100C40EA0340241A0E9A3440D0
:102B800084FB0223100C40EA03402246E317CDE900
:102B90000823139B091A3140002B8CD1CB171B043F
:102BA00043EA11410020DDE916230DF0EDFB03148B
:102BB000189391D4099A110441EA1441DDE91A23CA
:102BC00000200DF0E1FB189902140098FEF70CFCB0
:102BD000002881D0012000E70C9B149A03F5803374
:102BE00093420C93FFF645AFF6E61E9AA2F58030AD
:102BF000001BC317190441EA1041DDE91A23000440
:102C00000DF0C2FB089902140098FEF7EDFB0028B6
:102C10003FF462AFDEE7149A002A7FF7DDAEDA17E1
:102C200088464FEAE1791946CDE90212EB172A46A8
:102C3000CDE918232246E317CDE91A89CDE90C2303
:102C40000027CDF870A0BBF1000F40F3A780FB1761
:102C5000190441EA1741DDE91A2338040DF094FB09
:102C6000059B064EDDF8708087FB0323110C41EABB
:102C700003434FEA204A0025994616E00000FFFF73
:102C8000159BA3F58030401AC317190441EA10417F
:102C9000DDE90C2300040DF077FB0314089340F1E9
:102CA000848005F58035AB4578DDEB17190441EAE2
:102CB0001541DDE9022328040DF066FB0114F0D470
:102CC00052464046FEF790FB0028EAD00A9A05EBF0
:102CD0000903334083FB0201040C44EA01443C44F1
:102CE000059904EA060282FB0101CDE90801099970
:102CF000000C40EA01400344049907980C1A01991A
:102D000006983340091A5B181444CAD4002CC8DB57
:102D10000B9A9A42C5DD109AA242C2DD119A144460
:102D20000E9A84FB0201020C42EA01420F999B1A9F
:102D30005918129B314081FB0323100C40EA0340D9
:102D4000241A0E9A344084FB0223100C40EA0340FC
:102D50002246E317CDE90823139B091A3140002BC3
:102D60008ED1CB171B0443EA11410020DDE90C236F
:102D70000DF00AFB0314169393D4099A110441EA47
:102D80001441DDE9182300200DF0FEFA1699021413
:102D90000098FEF729FB002883D01BE7149B07F55A
:102DA00080379F42FFF64FAF16E61E9AA2F580309D
:102DB000001BC317190441EA1041DDE91823000480
:102DC0000DF0E2FA089902140098FEF70DFB0028B6
:102DD0003FF467AFFEE600BFFFF716BA2DE9F04FEC
:102DE00089B05C000594C4F1010403945C1E53D4C3
:102DF000012306928B46824607930493002507E041
:102E0000049A013C02321344A5420492039343DC2A
:102E1000069E129B4FEA4509A6EB050809F1010938
:102E2000CDE90093424601230BEB04015046FEF727
:102E30000DFD6700129B0137361BCDE9007332464A
:102E400001230BEB05015046FEF700FD129B019399
:102E500042460123ABEB04015046CDF80090FEF74B
:102E6000F5FC129B0193324601230097ABEB050161
:102E70005046FEF7EBFC039B059A002BA3EB0203E5
:102E8000BEDC039A079B114601351944A54203F1A4
:102E9000020303910793BBDD09B0BDE8F08F00BFCB
:102EA00010B582B00C46009309B213462214FFF706
:102EB00095FF02B010BD00BF70B4BDF90C500361A6
:102EC000AC1A84EAE4765B1AA6EBE476B342C0E976
:102ED00002124260036201604FEA430244624561AC
:102EE00011DD002CB8BF64424FEA4404ACBF01219D
:102EF0004FF0FF31E31A81620021C0E90824036327
:102F0000416370BC70470123002C04FA03F1C362D3
:102F1000B2BFA418141B02230463C0E90821436351
:102F200070BC7047F0B505464068467A85B0012E02
:102F30009DF8287000F110042ED0042E3BD180891A
:102F400080001F304011800001FB0041002A45D164
:102F50000F25002B1EDD00240AE0E8B22D010A78BF
:102F600082EA0706304001344240A3420A7011DD74
:102F7000B5F5706FF1D1481C1A1B012A0146A2F168
:102F8000020202DCF0250F20E9E70234A34200F838
:102F9000017BF2DC05B0F0BD80890730C01001FB79
:102FA0000041002AD4D001EBE20112F0010F14BF5E
:102FB000F0250F25CDE740F23530CDE90223019110
:102FC00002F062FADDE902230199611A002ABFD0FA
:102FD0006868407A0128E6D00428E6D101EB620156
:102FE000E3E700BF2DE9F04FB9B08B42049198465A
:102FF0000746439C80F2DE80A142084640F3EB8006
:10300000444506DB2146449B429844904446429303
:103010008846449BDDF808C1BDF910B015B21EB258
:1030200024B20FFA8CF90FFA88FA2146324600953D
:103030005B460EA8FFF740FF324621465346CDF8C7
:1030400000901CA8FFF738FF4A46514600955B46A2
:103050002AA8FFF731FF634A379B7D68299C07CA7E
:103060000BAE86E8070038A91B9A6E89AD893195A9
:1030700001EB830301EB820201EB840453F8B43CBF
:10308000059338464FF0FF3352F8B49C54F8B4AC73
:10309000309622961496CDE9095323951595FEF79F
:1030A0005DFA7B681E9C5A7A459B012ADBB216BFEB
:1030B00003F00F0343F3000303EB0313DBB20393AB
:1030C000731E9845A8BF98464445079309AE2EDC69
:1030D0004FF0FF3B05EB0B03069302972046324669
:1030E0000EA9CDE9095BC84720461CA93246D04746
:1030F000002C2146029804F1010415DB099AAA422A
:1031000012DA0A9B002B0FDB002ABCBF00220992B7
:10311000AB42A8BF069B039FA8BF0A93C2F1010C54
:1031200000976344FFF7FEFE4445D7DD029F2C98CD
:10313000059B32462AA99847049A07992C9C8A42F3
:10314000A8BF0A4601349442904630DC4FF0FF3A63
:1031500005EB0A0BCDF810B0DDF814B0029720464D
:1031600032460EA9CDE9095AC84720462AA9324657
:10317000D847002C2146029804F1010415DB099A76
:10318000AA4212DA0A9B002B0FDB002ABCBF0022E6
:103190000992AB42A8BF049B039FA8BF0A93C2F148
:1031A000010C00976344FFF7BDFE4445D7DD39B0FD
:1031B000BDE8F08FA34207DD049BCDF810801146D7
:1031C0009846429A42911BE7449B449221461A46F4
:1031D000049C04911DE7449B4492214604910446BB
:1031E0001A460DE7EC1804002DE9F04FC7B01D4654
:1031F0001EB20B46079112B209B2AB420EAB824629
:10320000519CDDF84C91BDF94081029203910493E9
:1032100080F2E2801846CDF800803346FFF74CFE7E
:10322000529BA5421FB20FFA84FB1CAB80F2CA80EE
:10323000069318460097424631465B46FFF73CFE30
:10324000549B4C451EB20FFA89F82AAB80F2B1802C
:103250000593184600963A4659464346FFF72CFE1A
:10326000079B4B450DF1E00B80F29A800096434698
:10327000DDE902215846FFF71FFE5C4ADAF8043008
:10328000379F07CA0BAE86E807001B9845995A89F5
:103290009E893F960DF58C7C0CEB800E29983E9212
:1032A0004C4523460CEB800CB8BF4B4646A8AB42BE
:1032B00000EB870700EB810107983092B8BF2B46DF
:1032C0004C45A8BF4C46834202F1FF38B8BF0346C5
:1032D000A542A8BF25469845A8BF9846079B5EF81B
:1032E000EC4C02949D42A8BF1D465CF8EC4C039444
:1032F0004FF0FF33504657F8EC9C229214920A93F9
:1033000051F8EC7C3196239615960996FEF726F92E
:10331000DAF804305A7A559B012ADBB216BF03F063
:103320000F0343F3000303EB0313DBB245451C46D5
:1033300033DC731E07934FF0FF3328460A9309AA24
:103340000499029B099698472846039B069909AA67
:103350009847284609AA0599C8472846594609AA00
:10336000B847002D2946504605F1010513DB099A9F
:10337000B24210DA0A9B002B0DDB002ABCBF0022F0
:103380000992B342A4BF079B0A93C2F1010C0094B7
:103390006344FFF7C7FD4545CDDD47B0BDE8F08F7D
:1033A000029B00933246039B41465846FFF784FD3B
:1033B00063E71846059300975B4632464146FFF7A0
:1033C0007BFD4DE718460693CDF8008033463A461C
:1033D0005946FFF771FD33E7029A009218464246BC
:1033E000039B3146FFF768FD1AE700BFEC180400A5
:1033F0002DE9F04F0546088985B00C4608B14B68A9
:103400001868FAF7BDF82389012B88BF6368064660
:103410008CBF58680020FAF7B3F82389022B88BFC5
:10342000636807468CBF98680020FAF7A9F82389DB
:10343000032B88BF636880468CBFD8680020FAF7EA
:103440009FF82389042B88BF636881468CBF186965
:103450000020FAF795F82389052B88BF6368824618
:103460008CBF58690020FAF78BF82389062B88BF98
:10347000636883468CBF98690020FAF781F8CDE92C
:10348000009ACDE902B043463A4631462846FFF756
:10349000A9FD05B0BDE8F08F2DE9F04F044608897D
:1034A00089B0884608B14B681868FAF769F8B8F827
:1034B0000830012B88BFD8F8043005468CBF586807
:1034C0000020FAF75DF8B8F80830022B88BFD8F86A
:1034D000043006468CBF98680020FAF751F8B8F817
:1034E0000830032B88BFD8F8043007468CBFD86853
:1034F0000020FAF745F8B8F808300690042B8ABF88
:10350000D8F8043000201869FAF73AF8B8F808300B
:10351000052B88BFD8F8043081468CBF586900203D
:10352000FAF72EF8B8F80830062B88BFD8F8043020
:1035300082468CBF98690020FAF722F8B8F8083064
:10354000072B88BFD8F8043083468CBFD869002089
:10355000FAF716F8B8F80820082A88BFD8F8042027
:10356000034688BF106A079398BF0020FAF708F84F
:10357000079BCDF80490CDE90430069B0093CDE97C
:1035800002AB3B46324629462046FFF72DFE09B0E6
:10359000BDE8F08F10B50422FEF72AF80446D8B132
:1035A00043685A68083A032A03F110030BD913F051
:1035B000030009D122F00301194443F8040B8B42A4
:1035C000FBD102F003022AB11A4400211970013321
:1035D0009342FBD1204610BD40F2913001F054FFE0
:1035E000204610BD032A70B40FD940EA01039B079F
:1035F00010D003461A440C78E4B21C700133934295
:1036000001F10101F7D170BC70470346002AF1D1E6
:1036100070BC704722F00303CE18041F51F8045BFE
:1036200044F8045FB142F9D102F003020344002AD6
:10363000E0D1EDE770B54A68436855895E89AE42CE
:1036400000D070BD96899D89AE42FAD1527A5B7ADC
:103650009A42F6D10D460446FDF780FF696860681E
:103660004A681030083A1031BDE87040FFF7BABF21
:103670002DE9F04FD1F804C0BCF80A5005EB02095F
:10368000B9F1000F8BB058DD4468B4F80AB05A4560
:10369000074652DABCF80C001E18002E03964CDDCB
:1036A000B4F80C80434548DA002BC0F2C880A8EB80
:1036B000030E86457646A8BF06460696667A0296AB
:1036C000149E9CF809A016F1020F02D1002A00F006
:1036D0009980BAF1010F00F03281BAF1040F40F085
:1036E0001C8680001F304011800004900298012841
:1036F00000F01981042840F02186B4F80CC0486815
:103700004FEA8C0C0CF11F0C4FEA6C1C4FEA8C0634
:10371000103001961034059043B17868407A012842
:1037200000F08A80042801D104EB63040298042885
:1037300000F08A800299012903D000200BB0BDE877
:10374000F08FBAF1010FF8D17968487AB1F80CA07E
:1037500001F11008A8EB040101280AF1FF3A0691D3
:1037600000F0CC85042840F01786BAF1000F40F035
:10377000268606990791002DDFD003990198059EB2
:10378000CDF8089003F0070A5144089100FB024469
:10379000A1F10808059307E0049B1E44019B1C440B
:1037A000029B01329A42C8D05A45F5D2069B059F2A
:1037B00003EB040E079B4745B446254603EB04097B
:1037C00080F2A7850021039207E001432970474555
:1037D00005F10105194680F2C0801CF8013BAE4599
:1037E00007F1080703FA0AF3F1D843EA2121A945B2
:1037F000C9B2ECD3149A28780132E6D10142E6D05E
:1038000001209BE7002B7FF464AF029EB2457FF45A
:1038100060AF5D457FF45DAF40457FF45AAF3846F9
:103820000193FFF707FF019B184687E7002B00F085
:10383000EC854FF0FF30019004EBE30476E746455A
:10384000A8BF4646069639E7BAF1040F00F0A880F3
:10385000BAF1010F7FF471AF002B51DB002D3FF463
:103860006CAF059D594203F00100002B01F00701E8
:103870004FF0010305F1010A019D03FA01F31499C8
:1038800005FB0244069DB4BF002001230901054445
:1038900006934BB20390AE46029307E0049B0132BD
:1038A0009A44019B4A451C443FF447AF5A45F5D220
:1038B000039B1AF801CC73452546D046EEDA0699EB
:1038C000059210E095F90000029A00F00F071743E7
:1038D000149A20F00F001043002E3CD02F700135B9
:1038E000013373455AD0B1F5807F2DD00846490089
:1038F0001CEA000F03F00106E4D1002EF0D0EEE741
:103900004868467A1030012E0590C3F1000400F09B
:103910005D85042E40F06085059901EB64010591F9
:103920007C6810349AE7B4F80CC048680CF1070CB6
:103930004FEAEC061030019610340590ECE60730A3
:10394000C01004900298D2E698F800C0022108F155
:1039500001080120CCE72870C2E7039A0899CF1B21
:10396000002F7FF719AFAE453FF616AFA945FFF41C
:1039700013AF9CF80010287801FA0AF141EA2323DA
:10398000C7F10807FF2141FA07F714993B400131BD
:10399000DBB200F0FC8403432B70FDE6059A7DE763
:1039A00004998910002D3FF4C8AE0398DDF814A0E7
:1039B000CDF80C904045A8BF4046064601980593B7
:1039C00000FB0244A6F1080006908800029003F074
:1039D0000100A8F1080704908C465A4580F0EA805F
:1039E0001498002851462346C0F2FB80DDE90430DC
:1039F000251DE646002B40F0AE81904667E0B842B8
:103A000003F00F0200F3E0803AB115F8049C29F0AE
:103A10000F0949EA020205F8042C13F0F00F09D04F
:103A200015F8049C23F00F0209F00F0949EA02027D
:103A300005F8042CC3F30329B9F1000F07D015F8DA
:103A4000032C22F00F0242EA090205F8032C4FEA88
:103A5000133919F00F0F07D015F8032C02F00F02DD
:103A600042EA091205F8032CC3F30349B9F1000F28
:103A700007D015F8022C22F00F0242EA090205F8DD
:103A8000022C4FEA135919F00F0F07D015F8022C2A
:103A900002F00F0242EA091205F8022CC3F303698F
:103AA000B9F1000F07D015F8012C22F00F0242EAFD
:103AB000090205F8012C1B0F07D015F8012C02F0A4
:103AC0000F0242EA031305F8013C083004351EF1E9
:103AD000FF3EC0F02682002851F8043B8FDA13F035
:103AE000F00F0DD0421C0BD4964209DD15F8049C52
:103AF00023F00F0209F00F0949EA020205F8042C2D
:103B0000C3F3032262B110F1020909D44E4507DD67
:103B100015F8039C29F00F0949EA020205F8032C65
:103B20001A0B12F00F0F0CD010F1030909D44E45F7
:103B300007DD15F8039C09F00F0949EA021205F8A0
:103B4000032CC3F3034262B110F1040909D44E45BA
:103B500007DD15F8029C29F00F0949EA020205F871
:103B6000022C1A0D12F00F0F0CD010F1050909D418
:103B70004E4507DD15F8029C09F00F0949EA0212CB
:103B800005F8022CC3F3036262B110F1060909D4EF
:103B90004E4507DD15F8019C29F00F0949EA02029C
:103BA00005F8012C1B0F90D0C21D8ED496428CDDDF
:103BB00083E74A46029B9A44019B1C44039B0132C3
:103BC0009A427FF40AAFB8E5002A88D0B04286DA7C
:103BD00015F8049C29F00F0949EA020205F8042CA3
:103BE0007DE714980230049800F09D81059B251D07
:103BF000002840F031828646914649E09F4200F01D
:103C00000F02C0F29E8022B115F8042C12077FF437
:103C1000F7AD10F0F00F05D015F8042C12F0F00FEE
:103C20007FF4EEAD10F4706F04D015F8032C12077A
:103C30007FF4E6AD10F4704F05D015F8032C12F0A8
:103C4000F00F7FF4DDAD10F4702F04D015F8022CC6
:103C500012077FF4D5AD10F4700F05D015F8022CC3
:103C600012F0F00F7FF4CCAD10F0706F04D015F8A7
:103C7000012C12077FF4C4AD020F05D015F8012CFA
:103C800012F0F00F7FF4BCAD0EF1010E08330435D5
:103C9000E6458ED0002B51F8040BAFDA10F0F00F90
:103CA00009D05A1C07D4964205DD15F8042C12F0F1
:103CB000F00F7FF4A5AD10F4706F08D09A1C06D4F5
:103CC000964204DD15F8032C12077FF499AD10F429
:103CD000704F09D0DA1C07D4964205DD15F8032C85
:103CE00012F0F00F7FF48CAD10F4702F09D013F1A7
:103CF000040806D4464504DD15F8022C12077FF4AB
:103D00007FAD10F4700F09D05A1D07D4964205DD1F
:103D100015F8022C12F0F00F7FF472AD10F0706FF6
:103D200008D09A1D06D4964204DD15F8012C12071E
:103D30007FF466AD020FA7D0DA1DA5D49642A3DDAD
:103D40009CE7002AAAD09E42A8DD15F8042C120791
:103D50007FF456ADA2E7914664E0874203F00F027C
:103D6000C0F2D2803AB115F8042C02F00F0242EAF8
:103D7000031205F8042CC3F30318B8F1000F07D0A1
:103D800015F8032C22F00F0242EA080205F8032C72
:103D90004FEA132818F00F0F07D015F8032C02F084
:103DA0000F0242EA081205F8032CC3F30338B8F1F6
:103DB000000F07D015F8022C22F00F0242EA080289
:103DC00005F8022C4FEA134818F00F0F07D015F82A
:103DD000022C02F00F0242EA081205F8022CC3F38B
:103DE0000358B8F1000F07D015F8012C22F00F028C
:103DF00042EA080205F8012C4FEA136818F00F0F89
:103E000007D015F8012C02F00F0242EA081205F85B
:103E1000012C1B0F04D02A7822F00F0213432B70C1
:103E2000083004351EF1FF3EFFF4C3AE002851F800
:103E3000043B92DAC3F3031262B110F1010809D412
:103E4000464507DD15F8038C28F00F0848EA020202
:103E500005F8032C1A0A12F00F0F0CD010F102080B
:103E600009D4B04507DA15F8038C08F00F0848EAC2
:103E7000021205F8032CC3F3033262B110F10308F8
:103E800009D4B04507DA15F8028C28F00F0848EA83
:103E9000020205F8022C1A0C12F00F0F0CD010F1D0
:103EA000040809D4B04507DA15F8028C08F00F08A9
:103EB00048EA021205F8022CC3F3035262B110F172
:103EC000050809D4464507DD15F8018C28F00F08D0
:103ED00048EA020205F8012C4FEA136818F00F0FA8
:103EE0000BD0821D09D4964207DD15F8012C02F093
:103EF0000F0242EA081805F8018C1B0F90D0C21D72
:103F00008ED496428CDD86E7002A93D0864291DDDE
:103F100015F8042C02F00F0242EA031205F8042CF3
:103F200088E7424646E6002840F048810598079217
:103F3000E64610E0069A82427FDB4FEA15294FEAF7
:103F4000154803F8045C2D0E03F8039C03F8028C5B
:103F500003F8015C08301EF1FF3E7BD3002803F11B
:103F6000040351F8045BE5DA10F101080BD446456F
:103F700009DD13F8048C25F00F0908F00F0848EA52
:103F8000090803F8048C10F102080BD4464509DD3A
:103F900013F8038CC5F3032928F00F0848EA090831
:103FA00003F8038C10F103080BD4464509DD13F820
:103FB000038C4FEA153908F00F0848EA091803F88E
:103FC000038C10F104080BD4464509DD13F8028C6C
:103FD000C5F3034928F00F0848EA090803F8028CE2
:103FE00010F105080BD4464509DD13F8028C4FEAA1
:103FF000155908F00F0848EA091803F8028C10F167
:1040000006080BD4464509DD13F8018CC5F3036996
:1040100028F00F0848EA090803F8018C10F1070896
:1040200098D4464596DD13F8018C2D0F08F00F0843
:1040300048EA051503F8015C8CE7864294DD13F825
:10404000048C05F00F0928F00F0848EA090803F866
:10405000048C89E7079AADE54FF0000E914648E0E1
:104060009F4200F00F02C0F29E802AB115F8042C86
:1040700012F0F00F7FF4C4AB10F0F00F04D015F87D
:10408000032C12077FF4BCAB10F4706F05D015F849
:10409000032C12F0F00F7FF4B3AB10F4704F04D088
:1040A00015F8022C12077FF4ABAB10F4702F05D07B
:1040B00015F8022C12F0F00F7FF4A2AB10F4700F81
:1040C00004D015F8012C12077FF49AAB10F0706F32
:1040D00005D015F8012C12F0F00F7FF491AB020F10
:1040E00003D02A7810077FF48BAB0EF1010E083352
:1040F0000435E6453FF45DAD002B51F8040BAFDA13
:1041000010F0F00F08D05A1C06D4964204DD15F8C2
:10411000032C12077FF474AB10F4706F09D09A1C53
:1041200007D4964205DD15F8032C12F0F00F7FF44A
:1041300067AB10F4704F08D0DA1C06D4964204DD49
:1041400015F8022C12077FF45BAB10F4702F0AD025
:1041500013F1040807D4464505DD15F8022C12F0CA
:10416000F00F7FF44DAB10F4700F08D05A1D06D439
:10417000964204DD15F8012C12077FF441AB10F0D4
:10418000706F09D09A1D07D4964205DD15F8012CF1
:1041900012F0F00F7FF434AB020FA6D0DA1DA4D4D6
:1041A0009642A2DD9DE7002AAAD09E42A8DD15F81E
:1041B000042C12F0F00FA3D0FFF722BB0598079252
:1041C000E6461FE0069A8242C0F28D8013F8049CF6
:1041D00093F8008009F00F0928F00F0849EA051943
:1041E00048EA157803F8049C83F800804FEA151913
:1041F0004FEA15382D0D03F8039C03F8028C03F8E1
:10420000015C08301EF1FF3EFFF424AF002803F1EB
:10421000040351F8045BD5DA10F101080BD44645CC
:1042200009DD13F8038CC5F3031928F00F0848EAD9
:10423000090803F8038C10F102080BD4464509DD88
:1042400013F8038C4FEA152908F00F0848EA0918FB
:1042500003F8038C10F103080BD4464509DD13F86D
:10426000028CC5F3033928F00F0848EA090803F85F
:10427000028C10F104080BD4464509DD13F8028CBA
:104280004FEA154908F00F0848EA091803F8028CAC
:1042900010F105080BD4464509DD13F8018CC5F370
:1042A000035928F00F0848EA090803F8018C10F1B7
:1042B00006080BD4464509DD13F8018C4FEA156951
:1042C00008F00F0848EA091803F8018C10F10708F4
:1042D00097D4464595DD93F8008028F00F0848EA0A
:1042E00015751D708DE7864296DD13F8048C08F075
:1042F0000F0848EA051803F8048C8DE7BAF1000F9F
:104300003FF437AA08EBEA08A8EB04010791FFF78E
:1043100032BA059F0023FFF721BB40F235300793E7
:104320000592019101F0B0F87C68059A607A0199D4
:104330004FF0FF330493079BFFF7D9B940F23530B4
:10434000CDE90723019101F09FF87C68019994F869
:1043500009C04868BCF1010F00F11003059304F196
:104360001004DDE907233FF461AABCF1040F46D035
:1043700040F23530CDE90823079101F085F84FF080
:10438000FF3301930799DDE90823FFF7C5B903421D
:104390003FF402AAFFF734BA40F235300793029295
:1043A00001F072F8029A079BBAF1000F3FF4E1A9FD
:1043B0007968497A0129A5D004297FF4DAA908EBA4
:1043C0006A08A8EB04010791FFF7D5B9059901EB3D
:1043D000E4010591FFF7A4BA40F23530CDE90212AD
:1043E000079301F051F80299039A4968079B497AAB
:1043F0000129EBD004297FF493AAFFF78DBA23B1EA
:104400004FF0FF300190FFF78FB94FF0FF30019070
:10441000FFF78CB92DE9F04182B00E461746984659
:1044200005460024FDF79AF843463A4631462846A9
:104430000094FFF71DF902B0BDE8F08110B582B01D
:104440004FF0FF340094FFF713F902B010BD00BF26
:104450002DE9F041044682B00D4616461F46FDF791
:104460007DF863686A685B7A042B02D1537A042B67
:1044700016D04FF000085389CDF80480928900923D
:1044800031463A462046FDF7E1F9CDF800803B463B
:10449000324629462046FFF7EBF802B0BDE8F0812E
:1044A0006FF0010C3B46324629462046CDF800C04D
:1044B000FFF7DEF8F1E700BF2DE9F04781468846B7
:1044C0001546FDF74BF8D9F80400437A012B58D074
:1044D000042B40F0AD808489A4001F346411A40033
:1044E000002D53D1B8F1000F47891DDB1AD0B84514
:1044F00000F1100579DB04FB07F4032C0BD915F050
:10450000030209D124F003032B4445F8042B9D42F8
:10451000FBD104F003042CB12C4400232B70013593
:10452000A542FBD1BDE8F087C8F1000ABA4500F109
:104530001006437A3BDB012B53D0042B40F08180E3
:10454000828992001F325211920004FB07F4032C5F
:1045500005FB02630BD913F003010AD124F0030217
:104560001A4443F8041B9342FBD104F00304002CCB
:10457000D8D01C4400221A700133A342FBD1BDE8FD
:10458000F08784890734E410002DABD041680830EF
:10459000FDF70CF8002104464846FDF789FA2B4642
:1045A000424621464846BDE8F047FFF751BF012B80
:1045B00038D0042B56D1818989001F3149118900D7
:1045C0000AFB01F108EB07053144304604FB05F214
:1045D0000CF056F9D9F804005746437A00F110065A
:1045E000A9E782890732D210AFE7437A012B14D0B2
:1045F000042B2DD1808980001F3040118000294676
:10460000A7EB080200FB085004FB02F20CF038F99B
:10461000D9F80450474610356DE780890730C0103F
:104620002946EDE781890731C9100AFB01F1C9E785
:1046300040F2353000F028FF4FF0FF34D9F8040085
:104640004EE740F2353000F01FFF4FF0FF327CE7BD
:1046500040F2353000F018FFD9F804104FF0FF3069
:104660001031CDE740F2353000F00EFF4146A9E7AA
:104670002DE9F843054600AFFCF770FF6C68637ADC
:10468000012B2FD0042B37D1A589B4F80A80AD00B7
:104690001F356D11AD002E4608F1FF3810342B4642
:1046A000073308FB064623F00703ADEB030DA642D4
:1046B000E84614D9C5F1000921462A464046FEF7CE
:1046C00091FF31462A462046FEF78CFF2C443046A7
:1046D0002A4641464E44FEF785FFB442ECD3BD4620
:1046E000BDE8F883A589B4F80A800735ED102E4699
:1046F00008F1FF381034D2E740F2353000F0C4FE44
:104700006B685A7A5E89012A06F1FF3803F11004BA
:104710000AD0042A0ED040F2353000F0B5FE4FF03A
:10472000FF331D461E46BBE79B890733DE104FF063
:10473000FF35B4E79B899B001F335B119E004FF050
:10474000FF35ACE72DE9F04743685A897E2A33DC10
:104750000446998950005A7AFCF74AFF6368456815
:104760005A7A5E89012A074605F1100503F11008FF
:104770001ED0042A24D19C89A4001F346411A400F3
:104780009EB14FEA440A4FF00009414622462846AE
:10479000FEF728FF09F10109414628192246FEF7D4
:1047A00021FF4E45A0445544EFD13846BDE8F0877F
:1047B0009C890734E410E3E700273846BDE8F0871A
:1047C00040F2353000F060FE4FF0FF34D8E700BF14
:1047D00038B5FFF7B7FF0446FAF71EFA2046FDF793
:1047E000FBFA05462046FAF725FA284638BD00BFF1
:1047F00038B50546FCF728FFA8B10C20FAF782F877
:10480000044628B10B4A45600023026083605DB115
:104810002046FAF701FA2046FFF7DAFF0546204660
:10482000FAF708FA686838BD40F2353000F02CFE1F
:10483000EEE700BF34190400F8B50446FCF704FFA6
:1048400070BB07462046FCF725FF002839D0616879
:1048500038460431F8F75AF987230372237A03F0B4
:104860000F034372637A4381A37A8381C7816268AD
:1048700004F10C01043A05461030FEF7B3FE284659
:10488000FAF7CAF90C20FAF73DF8064618B1C0E964
:1048900001570D4B03602846FAF7CCF93046F8BDB6
:1048A0000C20FAF72FF8064658B1074A4460002357
:1048B00002608360002CF1D140F2353000F0E4FD5D
:1048C000ECE700263046F8BD34190400F0B50C467C
:1048D00083B0064615461F46FCF740FE2046FFF70C
:1048E000ABFF18B143685B7A012B01D003B0F0BD78
:1048F0000146009730462B142AB2FEF7B9FE03B0EA
:10490000F0BD00BFFFF798BF032A19D9830721D153
:1049100030B422F0030301EB012505EB0545034408
:10492000044644F8045B9C42FBD102F003022AB126
:10493000C9B21A44197001339A42FBD130BC704796
:10494000034632B1C9B21A44197001339A42FBD1FD
:10495000704770470346F5E782B070B50C4684B0E7
:1049600005464968206802AC03C4039908AC4810A6
:1049700084E80C00CB0745BF2A58029B029CD45800
:104980000AAB2E1893E803008DE8030008AB0CCBAC
:104990003046A04704B0BDE8704002B0704700BF89
:1049A00082B000B585B00DF1180C00218CE80C0028
:1049B00080F81912012341F292020721684605F09E
:1049C00035FC05B05DF804EB02B07047F8B51C4645
:1049D0000B0A0F46054616461AD1330C1ED1AA788B
:1049E00005F10C01881805F1FC031B1A04F1040CF5
:1049F0009C4518D8E4B28C54330A47708670C37053
:104A0000AB78073424F003041C44AC700430F8BDC8
:104A100040F28F3000F038FD330CE0D040F28F30A0
:104A200000F032FDDBE70020F8BD00BF90F819323E
:104A300003B9704741F29201072002F04FB800BF5E
:104A400010B52030FFF7C2FF044608B1204610BD64
:104A500040F28F3000F018FD204610BD30B50446FE
:104A6000C06885B018B1036800211B689847A0682A
:104A7000064903680294FC22CDE9002104F12001DB
:104A80001D6904F58E73A84705B030BD114F0300B2
:104A90002DE9F047CB6833F0FF0384B021D10C7BC4
:104AA000A410012C01F1100118DD5B4D5B4E5C4F31
:104AB000012309E0B24267D0BA4208BF80F81E3233
:104AC0000133DBB2A34209DA51F82320AA42F1D123
:104AD00080F81B320133DBB2A342F5DB04B0BDE842
:104AE000F087B3F5000FF9D04B7B90F81E229A4265
:104AF0005FD090F81B229A424ED090F81C229A4226
:104B0000ECD890F81D229A42E8D3CA8941F20113E9
:104B10009A42E3D191F80C8001F11004A044A04521
:104B2000064689464FF000054FF0010A0FD9637819
:104B300027781F2B49D9082F55D0A7F10903012B3E
:104B400064D97B1E062B4FD90234A045EFD8D6F886
:104B50002432AB42C2D00024012705E0B3B30134B4
:104B6000202C56D0D6F8243207FA04F22A4203EA5F
:104B70000203F3D1002BF2D0012340F60201A2B2CE
:104B8000684605F053FBEAE790F81C220AB980F862
:104B90001C3280F81D3293E7CB8941F28112934297
:104BA00030D041F28212934298D10B8AA0F822327F
:104BB00094E7CB89B3F5845F10D041F28112934220
:104BC0008CD10B69C0F8343288E7FEE70123A2B22A
:104BD00040F60301684605F029FBC0E70B699B0A14
:104BE000A0F838327AE7072799F80D3096F81C229A
:104BF0009B1AC3EBC3033B44002BC4BF0AFA03F365
:104C00001D43A1E70B8AA0F8203267E707F0F2FA0C
:104C100097E7C6F8245261E7E536FA166EA0EA1D5A
:104C20000636C61FF0B50446C06885B018B10368E3
:104C300001211B68984707F0C5FA206903685B6883
:104C40009847002800F0BA80002584F81A5247F6E9
:104C5000CD2607F0A9FAC4F82250C4F82650C4F8AB
:104C60002A50E5852684FAF75FFDB4F81C316062AE
:104C70004BF2CD329342A16249D0B34243D194F872
:104C80001E31002B43D004F58E76FF273146204697
:104C9000FFF7FEFE94F8280194F81E31C11D21F0A3
:104CA00003018B4233DD021DA51895F82851FF2D15
:104CB00000F0B08094F81F01621820F0020084F820
:104CC0001F0192F828E10EF1040288188342C0F215
:104CD000DB8001F10C0CB444634604F5927053F888
:104CE000045B40F8045FA3EB0C05AA42F7DC0EF16D
:104CF0000703224423F00303A644194482F82871D1
:104D00008EF82D11C2E719467D4801F04BFB94F84F
:104D10001B12002959D0E36904F12006002B5ED054
:104D200040234FF402523046FFF750FE054600285C
:104D300000F0C980E369284603F140021F685D68FE
:104D40009968D3F80CC0C0F80CC0103393420760C8
:104D50004560816000F11000F0D10023E361812201
:104D6000082394F81B123046FFF730FE054618B9A9
:104D700040F28F3000F088FB234603CB2860696047
:104D8000304694F81B12012342F20102FFF71EFE87
:104D90000546002800F09C8094F83A32594AC3EB4B
:104DA0000323A2FB03235B092B7094F81E32002B14
:104DB0006ED12046FFF752FE05B0F0BD012384F806
:104DC0001A3207F0F1F905B0F0BD0B460A4620464D
:104DD000FFF736FE2046FFF741FE05B0F0BD6369E0
:104DE0002BB394F818529D4228BF1D4630462B46DF
:104DF0008322FFF7EBFD064600286ED02A46304698
:104E0000A169FEF7EFFBD4E905322A445B1BC4E934
:104E10000532CEE7204490F82D118B427FF777AF13
:104E20008A42FFF647AF384801F0BCFA6FE794F8C2
:104E30001E1209B3D4F83432D4F8300283421BD2A4
:104E400094F81852C01A8542A8BF05462B46304632
:104E50008022FFF7BBFD064600284BD0B4F838226D
:104E600069103046FCF7AAF90746D8B3D4F83402E3
:104E70002844C4F834029CE7012341F2930207213D
:104E8000684605F0D3F99EE7204801F08BFA3EE72B
:104E9000FAF750FCD4F82C22D4F8283232B1C3EB04
:104EA00003139B1A03441B09C4F82832B4F83822B0
:104EB000C4F82C02C3F3552302FB03F39B0A9B00A7
:104EC000C4F8303275E740F28F3000F0DDFA31E798
:104ED00040F28F3000F0D8FA5EE740F28F3000F0F9
:104EE000D3FA8BE72A4630463946FFF70DFDC4F862
:104EF00030725EE740F28F3000F0C6FAAEE700BFD6
:104F0000641904001F85EB517C19040098190400F2
:104F1000FFF788BE82B08DE80C0090F81A320BB90A
:104F200002B0704702B0FFF77DBE00BFF8B51D4666
:104F3000DB0704460F46164600D495BB40F28F307F
:104F400000F0A2FAA388B34202D1E388AB4203D0B7
:104F500040F28F3000F098FA94F8193223BB63883E
:104F60001BB1B4F822229A4219D96D08069AE2615F
:104F700006FB05F6EC23B3FBF5F313FB05F5012364
:104F8000C4E9056784F8185284F81932FC2200211C
:104F900004F12000FFF7B8FC2046FFF743FE002095
:104FA000F8BD002ACED1C9E740F28F3000F06CFA8C
:104FB000D5E700BF2DE9F04F83B0DDE90C9ABDF8CD
:104FC0003880002B3BD0B9F1000F35D00F2902D12A
:104FD000B8F1C00F33D1074628201D460E46934630
:104FE0000BF01BFC0446103005F040F91820268019
:104FF000A4F802B00BF011FCCDE9009A06466B460E
:10500000024603CB46F80C5B00233D68D36048F0B2
:1050100002087360E360506091600E495161C4E919
:105020000833A4F80480A2606B683846214698478C
:1050300040B903B0BDE8F08F1AF0010FC6D16FF48C
:105040007A70F6E7204601F0A5FF20460BF0DCFB66
:105050000148EEE75949030016FCFFFFF0B504468E
:105060002948A16089B00025CDE9040504A803C83A
:105070001E466423E26084F83A324AF6444246F21D
:10508000BC63A4F83822C4F8283284F8195284F892
:105090001A5284F81B5284F81C5284F81D5284F86A
:1050A0001E52C4F82452C4F83452C4F82C5226615B
:1050B0008DE80300154F102223463868029207211D
:1050C00041F29302FFF776FF336830469B68012177
:1050D00098470F4B3F68CDE9063508AB13E903004D
:1050E0003589C0228DE803002346294602923846BE
:1050F0000222FFF75FFF336830461B6D022198479D
:10510000204609B0F0BD00BFA14903004C8B002030
:10511000154F03002DE9F041002480460E46154648
:10512000CCB121466408D8F8040039400368C9B2FC
:10513000003118BF01211B689847D8F800000368A8
:1051400001211B689847D8F80000036800211B68FC
:105150009847002CE5D12DB13778013D4024013628
:105160008021E0E7BDE8F08170B5044680680368FF
:105170000E461B68002115469847E06818B1036881
:1051800000211B689847012231462046FFF7C2FFE5
:10519000A068036801211B6898476A1E002A03DD86
:1051A000711C2046FFF7B6FFE06828B103680121B3
:1051B0001B68BDE87040184770BD00BFF0B50546DC
:1051C00087B000262C230F46144601A90122CDE901
:1051D0000166CDE903668DF804300596FFF7C4FF3C
:1051E000A868036801211B689847E86818B103683C
:1051F00031461B689847621C3B12521043EA071362
:1052000039118DF80670541E8DF805308DF8041094
:105210003AB1013C032201A92846FFF77BFF631C3A
:10522000F7D1E86818B1036801211B68984707B0F7
:10523000F0BD00BFF0B50B4689B0074610E05E78C0
:105240008DF8002026F080042246FEF7CBF9621C80
:1052500069463846FFF788FF320605EB040308D499
:105260001A789D1C29460DF10100002AE7D109B0EA
:10527000F0BD2A5D4FF47A705C1C00FB02F001F077
:10528000E1FE2346ECE700BFF0B585B0013B0A9C88
:105290008DF802100B44013C14441D128DF80430AB
:1052A000271200238DF803508DF80A208DF80C404A
:1052B00002A904462B262A250522ADF80030ADF8B8
:1052C00008308DF80B708DF800608DF80850FFF7EE
:1052D0004BFF204669460522FFF746FF05B0F0BDAB
:1052E00030B583B0150A8DF80110110CB1238DF87B
:1052F00007208DF805100222694636248DF80040FB
:105300008DF8043004468DF80650FFF72DFF9DF808
:105310000730FF2B20460CBF0322042201A9FFF710
:1053200023FF03B030BD00BF70B54FF0FF3104461E
:105330002220F7F761FFC0B2FAF70CFE4FF0FF3101
:1053400060602020F7F758FFC0B2FAF703FE4FF075
:10535000FF3120602320F7F74FFFC0B2FAF7FAFDC4
:105360004FF0FF31E0602420F7F746FFC0B2FAF7B4
:10537000F1FD4FF0FF31A0602C20F7F73DFFC0B2E8
:10538000FAF7E8FD4FF0FF3106462B20F7F734FF20
:10539000C0B2FAF7DFFD0546E06818B103680121E5
:1053A0001B689847A068036801211B68984726B1CD
:1053B000336830461B68012198478DB12B68002166
:1053C0001B682846984744F6206001F03BFE2B6896
:1053D00028461B680121984744F6206001F032FE00
:1053E00040212720F7F708FF40F2036105462820F7
:1053F000F7F702FF0A4906462046FFF71BFF324631
:10540000E9B22046FFF76CFFA0212520F7F7F4FE54
:10541000802120822620F7F7EFFE608270BD00BF5A
:10542000F01904002DE9F04F154F01EB81010F44F5
:1054300083B0804692461E4607F1050B4FF00309E4
:1054400017F8015B002445FA04F3DB0709D40134A3
:10545000052CF8D15F4506F10406F1D103B0BDE893
:10546000F08F32460AEB84014046CDF800900323CA
:10547000FFF70AFF09220C994046FFF79FFEE6E777
:10548000B8190400704700BF2DE9F041054688B007
:1054900072B606F097FE2946604800F083FF72B6A8
:1054A0005F4E347804B1FEE7F9F724FA01234FF098
:1054B000FF3122203370F7F79FFEC0B2FAF74AFDA2
:1054C000002854D003A8FFF72FFFBDF81E20BDF819
:1054D0001C3000922146224603A8FFF7D5FEBDF8F6
:1054E0001C30BDF81E204F4F214602FB03F203A8DB
:1054F000FFF764FE4FF4706346220A2103A800936D
:105500001423FFF78FFF484BEC1783FB0523C4EBF5
:10551000631387FB0312D917C1EBA2014FF47F6617
:1055200001EB8101A3EB4101322203A83C23009649
:10553000FFF778FF87FB0523C4EBA30487FB043741
:10554000E117C1EBA70101EB8101A4EB410103A825
:105550003C234A22009604EB8404FFF763FFA5EB8B
:105560004401009603A83C236222FFF75BFF284614
:10557000FFF788FF4FF0FF310D20F7F73DFEC0B277
:10558000FAF7E8FC0446294DDFF8AC80284F04B94F
:10559000FEE70326236801211B682046984728461A
:1055A00001F050FD236800211B68204698472846DB
:1055B00001F048FD013EEDD1404601F043FD0326D8
:1055C000236801211B6820469847384601F03AFDC0
:1055D000236800211B6820469847284601F032FDC9
:1055E000013EEDD1404601F02DFD03262368012147
:1055F0001B6820469847284601F024FD23680021B7
:105600001B6820469847284601F01CFD013EEDD15D
:10561000084801F017FD002CBAD0BAE7041A0400BC
:10562000A38C0020676666661F85EB51A08601008B
:10563000E0930400C0270900400D03002DE9F04F5E
:10564000002187B004462920F7F7D6FD4021804687
:105650002720F7F7D1FD40F2036105462820F7F730
:10566000CBFD41F6376181464E20F7F7C5FD002698
:1056700007464FF0FF3184F86060A6602120F7F7FD
:10568000BBFDC0B2FAF766FC41F292039F424FEABB
:10569000186A00F0548105F08073B3460393BAF1A1
:1056A000000F00F0028140F28F30FFF7EDFE41F66F
:1056B00037639F424FF0000600F0238142F27D43A2
:1056C0009F4200F09D8141F292039F4200F0B7801B
:1056D00040F28F30FFF7D8FE039B002B14BF6FF012
:1056E0007F400020290A2A0CEDB2606684F85E1023
:1056F00084F85F203B462A464946B94800F052FEEE
:1057000026B318F0FF0818BFB649336808BFB6497A
:105710001B6818BF01FB08F1304698473368082220
:105720005B680021304698474FF0FF312320F7F7A0
:1057300063FDC0B2FAF70EFC18B1036801211B68C3
:105740009847336830469B68002198474FF0FF31F7
:105750002B20F7F751FDC0B2FAF7FCFB064670B1FB
:10576000036800211B689847142001F091F9336801
:1057700030461B6801219847142001F089F96368BD
:10578000ABB14FF0FF312C20F7F736FDC0B2FAF77E
:10579000E1FB18B1036801211B6898476068036842
:1057A0001B6898474A462946606804F0A9F9A02179
:1057B0002520F7F721FD8021A4F858002620F7F7CF
:1057C0001BFD666883B2A4F85A30A4F85C30002E42
:1057D00056D080B2B4F8583094F85F2094F85E1038
:1057E0000090304604F05EF994F85F0094F85E3063
:1057F000B4F85A20B4F8581000907C4800F0D2FD5C
:1058000094F86030002B47D1B4F85830B4F85A00FF
:1058100000FB03F000EBD07040101430F9F730F9C2
:1058200023460025206543F8545F01211846F9F707
:10583000D9F9204684F84D5007B0BDE8F08F002319
:1058400063604FF0FF312320F7F7D6FCC0B2FAF7C0
:1058500081FB4FF0FF3183462420F7F7CDFCC0B227
:10586000FAF778FB04904FF40F700AF0D6FF049B10
:1058700082465A463146FFF7F1FBC4F808A02BE7F1
:10588000A26894F85F00B4F8581094F85E50158040
:1058900050809180D380A7E7B4F85830B4F85A000C
:1058A0005B10401000FB03F0B4E74FF0FF31222003
:1058B000F7F7A2FCC0B2FAF74DFB4FF0FF310590AD
:1058C0002020F7F799FCC0B2FAF744FB0490282097
:1058D0000AF0A3FFDDE90432CDF800A011465A46D4
:1058E000064606F095F908200AF097FF31468246F1
:1058F00004F048F941F637639F42C4F800A07FF4F2
:10590000DDAE4FF0FF312320F7F776FCC0B2FAF797
:1059100021FB4FF0FF3183462420F7F76DFCC0B226
:10592000FAF718FB049030200AF077FF049B2168F7
:1059300082465A4603F022FDC4F804A0CCE6834612
:105940002B4800F02FFD04E0642001F0A1F8AA012B
:1059500077D44FF0FF312B20F7F74EFCC0B2FAF7A7
:10596000F9FA0021064668B103681B6898470A20C7
:1059700001F068FB336830461B680121984703201B
:1059800001F086F81120FAF79DFC06460028DBD0CE
:105990000146184800F006FD174B9E4272D0B30630
:1059A00025F0C005C6F382164CBF45F0800545F0D2
:1059B0004005022E5ED0032E4ED0012E54D040F270
:1059C0008F30FFF761FD05F08073039331464B463E
:1059D0002A460A4800F0E6FC4FF0200837E000BFF6
:1059E000781A040040420F00C0E1E400A81A040045
:1059F0001C1A0400481A0400FFFF0100541A040096
:105A00004FF0FF312320F7F7F7FBC0B2FAF7A2FA05
:105A10004FF0FF3183462420F7F7EEFBC0B2FAF7D0
:105A200099FA049030200AF0F8FE049B21685A4647
:105A3000824602F0ABFA0123C4F804A084F8603077
:105A40004AE6134800F0AEFC05F08073039341F67C
:105A500037674FF0000B22E64FF0807345F08075FA
:105A6000039340F20369B1E705F08073039340F2BA
:105A70000369ABE705F080730393DFF8189045F0F6
:105A80000805A3E7FAF752FC05F08073039306E6D6
:105A9000301A0400FF140E0038B50C4D2C680CB100
:105AA000204638BD4FF0FF312220F7F7A5FBC0B2EA
:105AB000FAF750FA40B168200AF0AFFE0446FFF74B
:105AC000BDFD2C60204638BD2C68E9E70486002027
:105AD00008B5FFF7E1FF18B183680BB1012008BDDD
:105AE0004FF0FF312C20F7F787FBC0B2FAF732FAFC
:105AF000002008BD642870B50346A8BF642305468E
:105B000023EAE374FFF7C8FF20B1836813B183F879
:105B10003A4270BD4FF0FF312C20F7F76DFBC0B259
:105B2000FAF718FA06460028F3D0002D1FDD632D82
:105B300017DCFFF7CDFF0028EBD033684FF47A7104
:105B40005B6B3046984704FB04F30C493268C3EBA7
:105B50008323A1FB03313046490BD368BDE8704075
:105B60001847036801211B68BDE8704018470368A7
:105B700000211B68BDE87040184700BF5917B7D116
:105B8000F8B50446FFF788FFC8B16368302B0546B7
:105B900016D16F6E204604F1300605F10802437AF3
:105BA000047A817A1B0243EA04430B4303307B40AF
:105BB000864242F8043FF2D1012385F84C30F8BD0B
:105BC00040F28F30FFF760FCE3E700BF70B582B0B2
:105BD0000546FFF761FF10B190F860300BB102B0DD
:105BE00070BDB0F85A40466890F85E1090F85F209B
:105BF000B0F85830641BA4B2A0F85C4036B9806895
:105C0000018042808380C48002B070BD0094304621
:105C100003F048FF02B070BD10B50446FFF73CFF2B
:105C200008B104B1446510BDF0B583B00546FFF777
:105C300033FF002800F0998090F84D300446002B87
:105C400040F0938090F860200123002A0CBF1A4690
:105C5000022280F84D30002D2ED06B68597A04292D
:105C600007D15989B0F8580002FB01F1814200F0D8
:105C7000A48040F28F30FFF707FC6068002876D0E0
:105C800003F0B6FC94F84C3004F10C06002B72D0F3
:105C9000002384F84C306968206D4A681031083A56
:105CA000FDF7A0FC6B6860685A89216D9B8900280C
:105CB00066D0009603F0AEFD636D002B52D094F8D1
:105CC0006030002B4ED16068002800F08B8003F01C
:105CD0008FFC656D69684B7A042B07D1B4F85A3094
:105CE000B4F85C008A891B1A93426FD040F28F305F
:105CF000FFF7CAFB69684A68206D083A1031FDF762
:105D000071FC6068002846D0B4F85C20B4F85A6092
:105D100094F85F70B4F8583094F85E10B61A009694
:105D20003A4403F0BFFE6B6860685A89216D9B8915
:105D3000002851D00025009503F06CFD6068002814
:105D400054D003F055FC606894F85E1094F85F201E
:105D5000B4F85830B4F85C50B8B1009503F0A2FE26
:105D600000236365002384F84D3003B0F0BDA068C4
:105D7000FEF75CFE86E7A368002B08BF00268AE7D3
:105D8000A0680096FFF7D2F896E7A06801804280ED
:105D90008380C580E4E7B4F85C0094F85F10B4F841
:105DA0005A20A368B4F8586094F85E701F800144CC
:105DB000121A5980DA809E80B5E79989B4F85C3070
:105DC00002FB01F29A427FF454AF56E7B4F8582030
:105DD0004B899A428AD18EE7A56800902846FFF742
:105DE000A5F8ABE7A068FEF721FE72E7A068FEF712
:105DF0001DFEA8E7704700BF30B5104D2C6883B07A
:105E000014B1204603B030BD18200AF006FD4FF053
:105E1000FF3104460620F7F7EFF9C0B2FAF79AF817
:105E200000230222014601922046009340F6B83238
:105E300002F036F820462C6003B030BD0886002002
:105E400070B50D460446FFF7D7FF2A4621468088E5
:105E50001023BDE87040F9F789BD00BF08B5FFF712
:105E6000CBFF01F077FF003018BF012008BD00BF55
:105E700030B5174D2C6885B014B1204605B030BD43
:105E80004FF0FF311B20F7F7B7F9C0B2FAF762F80D
:105E9000E0B12C200AF0C1FC4FF0FF3104461B207A
:105EA000F7F7AAF9C0B2FAF755F80A4B0A490B4AB4
:105EB000039102930146009301922046084B082269
:105EC00003F0ECF920462C6005B030BD2C68D4E717
:105ED0000C86002000401C4600C08843004053450B
:105EE0000000C8412DE9F04105460C4690461E468B
:105EF000FFF7BEFF10B303689B6907469847B8F1E8
:105F0000000F0AD004EB840463000D49A3F5A073CD
:105F100081FB0321DC17C4EBA104012DA1B238469B
:105F200009D001F03FFC32462946B8881023BDE86D
:105F3000F041F9F71BBD01F04FFCF4E7BDE8F0813B
:105F4000398EE33810B50446FFF792FF68B101F0CF
:105F5000B5FB4CB100EBC000054B400083FB0023B8
:105F6000C017C0EBA300203010BD1520F1E700BF23
:105F70006766666688B110B504460AF0C4FC01384D
:105F80002044844207D22378027804F8012B00F8D9
:105F900001398442F7D3002010BD6FF47A70704746
:105FA000F8B549B380EAE074C4EBE0744F1E0025F5
:105FB000DFF84CC000E01D468CFB0423E217C2EB67
:105FC000A30202EB8203C4EB43033033564207F8CB
:105FD000013F14466B1C002EEDD1002801EB03029B
:105FE00003DA2D220235CA544A19002308461370D9
:105FF000FFF7C0FF3046F8BD6FF47A76FAE700BFCE
:1060000067666666014B18600020704710860020A6
:106010000048704716FCFFFF70B584B004AC04E97B
:106020000F00BDF80230012B18D0022B14D1154CF3
:10603000154E04F5807501E0AC420DD054F8040F04
:106040000028F9D0C3885B04F6D503689B68B34287
:10605000F2D09847AC42F1D104B070BD094C0B4E60
:1060600004F5807501E0A542F6D054F8040F00282D
:10607000F9D0C3889A04F6D503685B68B342F2D0BE
:106080009847F0E710860020E5FF020075B7020090
:106090002DE9F041304C82B02246002302E001336A
:1060A000402B05D052F8041B0029F8D144F82300F6
:1060B0002A4C2378DB070AD4294D2B683BB10123F6
:1060C00010224FF47A60002101F018FD10B102B0E7
:1060D000BDE8F0812820D5F80080224E0AF09DFB13
:1060E000C02300930122204B1021074600F03AFF05
:1060F000D8F800305B68B34222D1384600F04AFF3E
:1061000038460AF081FB28202F680AF086FBC0235E
:1061100000930222144B0F21054600F023FF3B6839
:106120005B68B34212D1284600F034FF28460AF0DB
:106130006BFB237843F00103237002B0BDE8F081CC
:106140004046394698470028DDD0D6E738462946EC
:1061500098470028EDD0E6E714860020A48C0020A4
:106160004C8B0020116003001960030010B4084C30
:106170000023224602E00133402B06D052F8041BD4
:106180008142F8D1002244F823205DF8044B704787
:1061900014860020004870477C170400084600F071
:1061A00077BC00BF084600F04FBF00BF0846FFF7AE
:1061B0006BB900BF06F010B8084600F041BF00BF41
:1061C00006F018B82DE9F047DFF870A0DFF87090FE
:1061D0005646074656F8044B0AF582780B19B3F574
:1061E000806F0D460FD22A4639463019FDF7FAF96D
:1061F000DAF800301D440AEB050300221A71CAF8D0
:106200000050BDE8F087A4F58074224641460A4854
:10621000CAF800400AF034FBC4F58062301900214E
:10622000FEF772FBDAF800402B19B3F5806F4FF0E0
:106230001501D8D34F46D1E71887002014870020D6
:10624000EC1A040030B587B062B901AC2146FFF703
:10625000A7FE20460AF057FB01462046FFF7B2FF93
:1062600007B030BD054600241C220CE08BB902B3F8
:1062700034B10846303006AB2344013403F8140C23
:10628000043A131D0AD025FA02F303F00F03002984
:10629000ECD0092B58B2EDDD3730ECE706AB1C44EF
:1062A000002304F8143C0221034801ACFFF78AFFE5
:1062B000CFE71046DEE700BFE81A04002DE9F047FB
:1062C00082B0154681460E4605F07CFFDFF8D0808F
:1062D000314F043D494602E02528194614D00B46AB
:1062E0000C4613F8010B0028F6D1A1EB0901484632
:1062F000FFF768FF1EB102212848FFF763FF05F092
:1063000053FF02B0BDE8F0876FEA0903194448461D
:10631000FFF758FF637855F804AFCDF804A0642B5D
:1063200004F102091DD00CD9732B28D01FD9752B6D
:1063300017D0782B0BD1504601220021FFF782FFA6
:10634000C8E7582B15D0632B06D0252B1FD003216F
:106350004046FFF737FFBDE7012101A8FFF732FFF5
:10636000B8E7002250461146FFF76CFFB2E7702BEA
:10637000EDD1012250461146FFF764FFAAE75046CF
:106380000AF0C1FA01465046FFF71CFFA2E70121BF
:106390003846FFF717FF9DE7041B04000C1B0400A1
:1063A000081B04000FB400B583B004AA012152F801
:1063B000040B0192FFF782FF03B05DF804EB04B019
:1063C000704700BF0048704716FCFFFF10B5044639
:1063D00005F0F8FEE3696BB1A2699A61A3690BB19C
:1063E000E269DA610023C4E906336361BDE8104065
:1063F00005F0DABED4E905321A60EFE738B50D468C
:10640000044605F0DFFE2A6865610AB90AE01A460B
:106410009369002BFBD19461C4E90632BDE8384092
:1064200005F0C2BEC4E906222C60BDE8384005F084
:10643000BBBE00BF2DE9F04184B004AC04E90F00FD
:10644000114B1C68DDE902014FF47A72002309F058
:10645000EBFFB4B1DFF8348006460F46E268A56969
:1064600000239F4208BF964208D3636920460BB1C0
:10647000FFF7ACFF20464146FFF7C0FF2C46002D3A
:10648000ECD104B0BDE8F081208B0020288B0020E7
:106490002DE9F04FDFF8E08093B0D8F8005004AC5D
:1064A00084E80F00002D32D02F4BBDF810401A6841
:1064B000BDF81260AAB12D4F4FF0000A40F2FE3530
:1064C00040F2FF39D368D2F818B0190CAC429BB235
:1064D00088B21FD0002B33D09C4231D05A46002ABC
:1064E000F0D1A4F2FE33012B11D9D8F80050204B83
:1064F00010273246214608A8009700F033FD2B688C
:106500001C4A9B6893422AD108A800F043FD13B0AF
:10651000BDE8F08F4B45DDD109B1B042DED1BAF113
:10652000000FDBD1536923B110460392FFF74EFFF2
:10653000039A10463946FFF761FF4FF0010ACDE795
:1065400009B1B042CAD1536923B110460392FFF793
:106550003DFF039A10463946FFF750FFBEE7284635
:1065600008A99847D0E700BF388B0020288B00206F
:1065700091640300C56303001C8B0020014B186865
:10658000704700BF2C8B002038B505F01BFE164B62
:106590001C68D4B1636913B12046FFF717FF05F0FB
:1065A00003FE002323616362256805F051FE014666
:1065B000284605F059FE05F005FE0C4B1A682262CC
:1065C0001C6005F0F1FD204638BD28200AF025F9B1
:1065D000282200210446FEF797F905F03DFE00232E
:1065E000C4E90003A360DAE7308B00202C8B002085
:1065F00038B50A4B1C682369DB0707D5084D2868A6
:1066000030B1636A4362002363620446204638BDAA
:10661000FFF7BAFF28600028F8D0F2E7188B0020B7
:10662000248B00202DE9F041454D2A7812F0010419
:1066300082B002D002B0BDE8F081424E424F3060DD
:10664000FFF7A2FF414B42491860FFF7D7FEFFF763
:106650009BFF3860D0F8008005F0FAFD011F40462E
:1066600005F000FE3B683B49186805F0F9FD376806
:10667000002F4CD028200AF0D0F8C02322460093E7
:1066800040F2FF31344B354C804600F06BFC3B68E8
:106690005B68A34242D1404600F07CFC40460AF0D1
:1066A000B3F82820D6F800800AF0B7F8C02300938A
:1066B0000022294B40F2FE31074600F053FCD8F887
:1066C00000305B68A34235D1384600F063FC3846A1
:1066D0000AF09AF801230F2200214FF47A6001F0AA
:1066E0000DFA282037680AF098F8C0230093012299
:1066F0001B4B0F21064600F035FC3B685B68A3424C
:1067000012D1304600F046FC30460AF07DF82B7876
:1067100043F001032B7002B0BDE8F08138464146DA
:1067200098470028BDD0B6E738463146984700283C
:10673000EDD0E6E74046394698470028CAD0C3E77F
:10674000A58C00201C8B0020348B0020188B00208F
:10675000288B0020CD6C03009164030011600300BE
:1067600035640300024B187800F00100704700BF49
:10677000A58C0020F0B51F4F3B6883B0002B37D0AD
:106780001D4B1B78DB0733D50E460446FFF730FF61
:10679000436944EA06420546C2600BB1FFF716FEA4
:1067A00028461649FFF72AFEA4F2FE33012B16D91C
:1067B00028203F680AF031F8C02332460093214672
:1067C0000F4B054600F0CEFB3B680E4A5B689342D8
:1067D00008D1284600F0DEFB28460AF015F8002014
:1067E00003B0F0BD3846294698470028F7D0F0E7B7
:1067F0000548F5E71C8B0020A58C0020388B002075
:10680000916403001160030016FCFFFF2DE9F041C5
:1068100028B321B30546984617460E46FFF7B4FE47
:106820000446E0B132463B462946006805F026FDA5
:10683000256805F00DFD011F284605F013FD0A4BE4
:106840000A492068B8F1000F18BF194605F008FD85
:1068500020460749FFF7D2FD2046BDE8F08100241D
:106860002046BDE8F08100BFA56C0300D16B03009A
:10687000288B0020074B1B7813F0010308D010B4BD
:10688000144601230A4621465DF8044BFFF7BEBFBC
:1068900018467047A58C0020024B1868B0FA80F0AB
:1068A00040097047288B002030B50F4D2B789A0790
:1068B00085B004D50D4B1B6873B105B030BD43F0F6
:1068C0000204022201230F2168462C7003F0AEFC63
:1068D000064B1B68002BF0D12B7823F002032B70A2
:1068E00005F078FC05B030BDA58C0020288B002079
:1068F0002DE9F0415B4D2C682369D90747D45A4EE6
:106900005A4F32683968002A31D06069B04200F0CD
:106910009A802A608A422BD0944271D08C4271D0E6
:10692000534B62699A426DD0206805F09FFC064681
:1069300005F09EFCD4E90131301ACA1A90426AD996
:1069400000F120012F682C6021F01F06002B40F081
:1069500084803046F8F7ECF83118C4E901012F6063
:106960002068BB683A68BDE8F04105F0EFBD2960DA
:106970001B0757D52C60FFF797FF3368002BFAD021
:106980009C422B603CD039688B42C7D14DE0394ED8
:106990002068326843F0020323611369146843F0EE
:1069A0000403136105F068FC0146204605F05CFC19
:1069B0003768386805F05AFC044605F059FCD7E9F9
:1069C0000123201A9B1A98420FD92030D5F8008055
:1069D0002F6020F01F04002A3BD12046F8F7A8F8CA
:1069E0000444C7E90104C5F8008033689968186851
:1069F00005F0EDFD2B681A690021920731600CD477
:106A0000BDE8F0812A680021936812680846BDE855
:106A1000F04105F09BBD2F68A2E71868BDE8F04182
:106A200005F00FBE2B689C42EAD01E6805F010FCF2
:106A3000011F304605F016FC3B680F49186805F049
:106A40000FFC39686AE7A069002818BF02462A606F
:106A500060E71046F7F7BCFEBFE71846F7F7B8FE49
:106A600077E700BF188B0020288B0020348B002094
:106A7000308B0020248B0020CD6C0300034B1B784F
:106A8000DB0701D5FFF734BF704700BFA58C00209E
:106A900070B5104D2A78D20714D50446FFF7A8FD2B
:106AA000064601F00BF873692044F06013B13046DC
:106AB000FFF78CFC30460849FFF7A0FC2B78DB077A
:106AC00004D470BDBDE8704000F0BABABDE87040B3
:106AD000FFF70EBFA58C0020208B002000B583B0EF
:106AE000FFF748FE18B9074B1B78DB0702D403B049
:106AF0005DF804FB0190FFF7FBFE019803B05DF821
:106B000004FB00BFA58C002038B5284D28684369D8
:106B100013B1FFF75BFC2868254C2146FFF76EFC9C
:106B200024684CB1A369002223B11C460132A36939
:106B3000002BFAD1032A22DC2B6800221A611C6880
:106B400005F086FB0146204605F08EFB05F03AFB7A
:106B5000184B29681A688A4225D04AB1136A9942AB
:106B60001DD02BB11A6A91421AD01346002BF9D1CD
:106B700005F01AFB104B1B78DB070CD438BDE2691B
:106B800020689361F7F724FE6068F7F721FE20463E
:106B9000F7F71EFED0E7BDE83840FFF7A9BE134661
:106BA0000A6A1A62E4E7126A1A60E1E7188B0020A9
:106BB000308B00202C8B0020A58C0020034B1B78F1
:106BC000DB0701D5FFF7A0BF704700BFA58C0020F1
:106BD00010B50C468047A047044B1B78DB0700D458
:106BE00010BDBDE81040FFF78FBF00BFA58C00208F
:106BF000034B1B78DB0700D47047FFF785BF00BF4E
:106C0000A58C0020002842D02DE9F041DFF89080CB
:106C100098F80030DC0782B032D51E4F3B680A4638
:106C200019694907054601D15C6A44B12846012328
:106C30001949FFF7EBFD002002B0BDE8F0811868AC
:106C4000019205F0E6FC3968019A0B6913F002061F
:106C500018D143F0010310460B61A8473B6818693F
:106C60005E6220F0010210F004001A61E4D098F88E
:106C7000000010F00100DFD0FFF746FF3046DBE7F1
:106C80000648D9E723F003030B612046D4E76FF4ED
:106C90007A707047188B0020F16B030016FCFFFF21
:106CA000A58C002038B50346144610460D4698477B
:106CB0002046A847044B1B78DB0700D438BDBDE84D
:106CC0003840FFF721BF00BFA58C002008B5044C59
:106CD000FFF7EAFD2378DB07FAD5FFF709FEF7E7B0
:106CE000A58C0020002242600270704770B50D4DE7
:106CF0002B78DA0704D50378044613B901232370EF
:106D000070BDFFF775FC436906460BB1FFF75EFBEC
:106D10003046211DFFF772FB2B78DB07EED5FFF71E
:106D2000E7FDEBE7A58C002038B54468054644B183
:106D3000636913B12046FFF749FB20460249FFF77C
:106D40005DFB00232B7038BD288B002070B5446894
:106D5000054664B1074E636920460BB1FFF736FB69
:106D600020463146FFF74AFB6C68002CF3D1002324
:106D70002B7070BD288B002043682BB100209B69CD
:106D80000130002BFBD1704718467047F8B50C4C0A
:106D900005460E46277805F015FA0A4A731B02EBE2
:106DA000C7019B0843F0004342F837504E602B6008
:106DB00023780133237005F0F7F90020F8BD00BFF8
:106DC000A78C00203C8B0020064B1B78834207D900
:106DD000054B03EBC00253F830305068C01A7047BF
:106DE00000207047A78C00203C8B0020F8B583075B
:106DF0004FEA90063BD188B10D4605F0E3F9D5E99D
:106E00000045771CA54206D92368002B07DB04EB5D
:106E10008304A542F8D805F0C7F90020F8BD23F097
:106E20000043990054F82320002A04EB01000DDBF5
:106E30000EE022F00042134443F00042226054F876
:106E400023209900002A04EB010001DA8542F0D8E2
:106E50009F4201D90C44D5E702369E4209D32368EC
:106E600023F00043236005F09FF9201DF8BD013693
:106E7000C2E704EB8606B542F1D9DB1B43F00043C1
:106E800046F8043C2760EEE738B5044640B10C4DA7
:106E90002B783BB120460B49FFF7A8FF044658B1B9
:106EA000204638BD0849094A086809491370FFF7A8
:106EB0006DFF01232B70EDE71420FEF7E5FAEFE7F5
:106EC000A68C00203C8B002020800020A78C002076
:106ED00000F80320A0B10E4B1A6882420DD25B6805
:106EE00083420AD950F8043C002B10B5044608DD53
:106EF00043F0004344F8043C10BD1E20FEF7C4BA22
:106F000070471E20FEF7C0FA54F8043CF0E700BFBB
:106F10003C8B002038B501FB00F52846F7F708FE4A
:106F2000044628B101232A4603600021FDF7ECFC4A
:106F3000204638BD70B5044608460E46F7F7F8FD02
:106F4000054664B158B154F8042C9200B242A8BF6F
:106F500032462146FCF746FB2046F7F739FC284627
:106F600070BD00BF2DE9F041044610308846174639
:106F70001E46BDF8185003F079F90020E060C4E91E
:106F80000800A4F800806780A660A5802046BDE8C0
:106F9000F08100BF83889B0710B5044602D5806846
:106FA00009F032FC204610BD82B070B586B00AA947
:106FB00081E80C00036A4BB31C696CB1012200E04C
:106FC0001C4623690132002BFAD1092A05DD06B0DF
:106FD000BDE8704002B070471C460AAB0FCB02AD53
:106FE00085E80F00182009F018FC06AB064613E9E7
:106FF000030095E80C008DE80300304603F05CF9CF
:10700000266106B0BDE8704002B0704704460FC963
:1070100002AD85E80F00182009F0FFFB06AB06461D
:1070200013E9030095E80C008DE80300304603F0F7
:1070300043F9266206B0BDE8704002B0704700BF59
:1070400000F03EBE00F00CBEFEF7DCBF0020704733
:1070500010B5044B036000230446C380FFF786F895
:10706000204610BD2418040010B5064B0360002311
:107070000446C380FFF77AF8204609F0C5FB204696
:1070800010BD00BF2418040038B50446074B036048
:1070900000254560FEF7FCFFE388054A258143F49F
:1070A00080532260E380204638BD00BF24180400CE
:1070B000181B04000346002200891A81704700BF94
:1070C00000897047807A70470048704716FCFFFFC0
:1070D00010B5044B036000230446C380FFF746F855
:1070E000204610BD2418040010B5064B0360002391
:1070F0000446C380FFF73AF8204609F085FB204696
:1071000010BD00BF2418040038B5036881720D4D0E
:107110009A6AAA42044608D15B6A0B4A0B4D934215
:107120000AD1A07AA072284638BD90472368064A43
:107130005B6A93420546F4D020469847A0722846E1
:1071400038BD00BFC9700300C570030016FCFFFF07
:1071500038B503680D4D9A6A0181AA42044608D1E8
:10716000DB690B4A0B4D93420AD1208920812846C6
:1071700038BD90472368064ADB6993420546F4D040
:10718000204698472081284638BD00BFC9700300BB
:10719000C170030016FCFFFFF8B504460025154B2F
:1071A000036045600E461746FEF772FF94F83630CE
:1071B00066624FF00112C4E90E22022103F0F903C6
:1071C00065F3C3030C4E2563142084F84050A1726C
:1071D0002081E560C4E90455C4E906552562A7800D
:1071E000E580A586A4F8425084F836302660204613
:1071F000F8BD00BF241804003C1B0400C16811F551
:10720000C87FF0B480F2848090F8363013F0020327
:1072100040F08680046914F5C87F66DA90F836205D
:1072200012F0040269D1456915F5C87F31DA90F88A
:10723000362012F0080234D0B2FA82F390F83660A9
:1072400090F840205B0963F3C30680F83660032A98
:1072500008D80132D2B2012A80F8402000F08B8099
:10726000042A77D0B0F8423090F8366001339BB2F0
:1072700016F00107A0F8423062D01D2B17D9002369
:107280006FF3000680F83660A0F8423080F8403096
:107290000DE0B5F5C87F04DD90F8362012F0080245
:1072A000CAD090F84020002BD1D1002ADAD104FBBB
:1072B00004F301FB0133334A05FB053393423CD908
:1072C00011F5487F51DBB1F5487F51DC14F5487F5B
:1072D00054DBB4F5487F3BDC15F5487F50DBB5F552
:1072E000487FD4BF0020062028E0B4F5C87F9ADD8F
:1072F00090F8362012F0040295D1B2FA82F390F899
:1073000036205B0963F3820280F8362001238AE786
:10731000B1F5C87F0FDD90F8363013F002030AD1C3
:1073200090F83620B3FA83F35B0963F3410280F8E7
:10733000362001236EE700236CE70720F0BC70477E
:10734000092BB4D9013A80F84020A0F84270AEE78A
:107350000120F3E790F83630002243F0010380F873
:107360003630A0F842200B20E8E70320F0BC70473D
:107370000420F0BC7047A0F8422098E70220DDE727
:107380000520DBE7FF700200D0E9033230B502FBD5
:1073900002F2456903FB032305FB0535B5F5800FB4
:1073A00085B0044616D9038F002B4DD0B5F5100FCC
:1073B00025D8012384F831302046FFF71FFF0B2822
:1073C00014D0A38E834231D00023A08684F83030BD
:1073D00005B030BD90F83130042B56D90023C0E9F8
:1073E0000E332046FFF70AFF0B28EAD160860246DB
:1073F00001230D21684602F019FF05B030BD638FEF
:10740000002B39D0B5F1107FD3D9A38F5BB3B5F181
:10741000806FCED9E38F002BCBD101230A220D211F
:10742000684602F003FF0123E387C2E794F8303097
:10743000628E042B14D80133DBB2904284F83030D2
:10744000C6D0052BD2D0C3E701230C220D216846FC
:1074500002F0ECFE0123B5F5100F2387A9D9CEE782
:107460009042C3D1B4E7012309220D21684602F0FE
:10747000DDFE0123A387CAE7012308220D21684608
:1074800002F0D4FE01236387BCE70133DBB291E74E
:1074900030B5D0E908218BB002AD009200F118039D
:1074A00004460CCB284602F08FFE95E80700E388DF
:1074B00004F10C0523F0020385E80700E380204671
:1074C000FFF762FF0123A1881A4606A802F0AEFE6C
:1074D00000200BB030BD00BF0368054ADB6A934251
:1074E00010B5044601D1E06810BD9847E06810BDB2
:1074F000C97003000368054ADB6A934210B504466D
:1075000001D1206910BD9847206910BDC9700300E2
:107510000368054ADB6A934210B5044601D16069ED
:1075200010BD9847606910BDC97003000368084A20
:10753000DB6A934210B5044607D1E3889B0702D467
:107540002046EFF79DF9A06A10BD9847F5E700BF08
:10755000C97003000368084ADB6A934210B5044609
:1075600007D1E3889B0702D42046EFF789F9E06A48
:1075700010BD9847F5E700BFC9700300016882B0ED
:107580008DE80C008B6902B0184700BF82B070B55F
:107590000C4684B005464968206802AC03C40399D0
:1075A00008AC481084E80C00CB0745BF2A58029B62
:1075B000029CD4580AAB2E1893E803008DE8030010
:1075C00008AB0CCB3046A04704B0BDE8704002B019
:1075D000704700BF2DE9F043324D0560002683B0AF
:1075E0004660154604460F469846FEF751FD2E4B61
:1075F000A78040F2FF32D3F800902C4B23609542D5
:10760000A8BF15466581B9F1000F2ED0282009F0DA
:1076100004F90546103002F029FE03232F806B8009
:10762000182009F0FAF8224ACDE9002607466A46F2
:10763000034603CA47F80C4BDE607E6058609960D1
:10764000D9F80020EE6052681A49AB60C220A880C9
:107650008A4219485861C5E908661CD12846FFF7D7
:1076600099FC284609F0D0F8A788B8F1000F0CD093
:107670001FFA88F00021A4F808803A46032300F09E
:1076800055FA204603B0BDE8F0834FF4FA700021AC
:107690004FF4FA78EFE74846294690470028E3D0B0
:1076A000DCE700BF241804004C8B0020781B04008A
:1076B0007D750300116003008D750300008A70471B
:1076C00010B5C38803F01202102A84B0044617D004
:1076D00003F00C03082B01D004B010BD228AE3890B
:1076E0009A42F9D801231A46A188684602F09EFD05
:1076F000E38823F0020343F00403E38004B010BDE9
:10770000018A82899142E3D301238188022268465B
:1077100002F08CFDE38823F0040343F00203E380CE
:10772000D6E700BF036810B50446DB699847E388D5
:10773000DA070FD56189238AC1F57F7200FB01F05A
:10774000033202FB0300800A20822046BDE810407D
:10775000FFF7B6BF43F001032082E3802046BDE877
:107760001040FFF7ADBF00BF40F2FF339942A8BF02
:107770001946418100207047002938B50BDD89B2D8
:107780008CB200250181828829462046032300F01F
:10779000CDF9002038BD4FF4FA714FF4FA7400258A
:1077A000F0E700BF08B5C388DA0602D582898A42AD
:1077B0000FD023F0020242F010021B078181C28029
:1077C00007D5C38901399942A8BF194689B200F08B
:1077D00003F8002008BD00BF08B5C3881A0702D50A
:1077E000C2898A420FD023F0040242F00802DB066D
:1077F000C181C28007D5838901319942B8BF19463A
:1078000089B2FFF7CFFF002008BD00BF10B5044BC1
:10781000036000230446C380FEF7A8FC204610BD89
:1078200024180400C1600020704700BF08B58068BC
:107830000368DB6A9847002008BD00BF08B5806870
:1078400003685B6A9847002008BD00BF2DE9D84750
:1078500004469246994604F0B5FCA66894F80D805B
:1078600034683046636CA76B98474B465246002BF2
:1078700008BF0A2A38BF0A22024441463046B847A8
:10788000BDE8D84704F090BC2DE97848064604F0DE
:1078900099FCB06803685B6C9847B288F38880B243
:1078A000D6E90645821A92B2134414EB020B9BB23E
:1078B00045F1000CB3F57A7FB080C6E906BCF380D1
:1078C0000DD3D6E90401A3F57A7301309BB241F1DF
:1078D0000001B3F57A7FF6D2C6E90401F380BDE872
:1078E000784804F061BC00BF2DE9F84F1646C26A23
:1078F000BDF82880BDF82C909DF830A0002A0EDD40
:10790000446A1F46238873B12346002102E01D8884
:107910001C4645B10131914203F11803F7D16FF4D0
:107920007B70BDE8F88F0546FFF7AEFFD5E906236B
:1079300012EB060B43EB070CBAF1000F20D100202D
:107940000146C4E90201C4E904BCA4F80080A4F81B
:10795000029004F037FCA96A39B1D4E90423D1E9D3
:1079600004018B4208BF824205D2AC6232463B46DC
:107970002846FFF76BFF04F017FC0020BDE8F88FE6
:1079800030463946DDE700BF2DE9F003C56A436A9A
:1079900000218D4281621EDD0A461C88013254B1ED
:1079A00039B1D3E90467D1E904894F4508BF464599
:1079B00001D283621946AA4203F11803EDD151B1F5
:1079C00083690A69D21A0A2AB8BF0A22D317BDE806
:1079D000F003FFF73BBFBDE8F00370472DE9F04F20
:1079E00082468BB059B18468067B236820465A6C66
:1079F0009D6B9047274A314602442046A84750468F
:107A0000FFF742FFDAF82C20DAF82440002A2EDDB6
:107A10000025AB46238813B3D4E90401DAE90667ED
:107A20008F4208BF8642CDE9040118D3D4E9028908
:107A300058EA0901628820D1DAF828104FF00000D6
:107A4000A142208022D001210291CDE90067194690
:107A500006A802F0FBFBDAF82C200BF1010B013534
:107A6000AA4204F11804D5DCBBF1000FCCD150467A
:107A7000FFF78AFF0BB0BDE8F08FDDE9040110EBE2
:107A8000080041EB0901C4E90401DCE70021CAF860
:107A90002810D8E780969800074B1B6853B1197BD4
:107AA000084110F00101184601D1FFF797BF0121ED
:107AB000FFF794BF704700BF488B0020064B10B5FE
:107AC0001C682CB12046FFF7DFFED4E9040110BD8D
:107AD0000020002110BD00BF488B0020064B10B5D0
:107AE0001C682CB12046FFF7CFFED4E9060110BD7B
:107AF0000020002110BD00BF488B002070B5094C4C
:107B0000266884B066B11D4614460B460121024624
:107B1000CDE9004530460291FFF7E6FE04B070BDA6
:107B20000148FBE7488B002016FCFFFF2DE9F04FD2
:107B3000134C266885B006B39C4644014B01241AB9
:107B400043EAD06565EB01058946A300A900174605
:107B500041EA94711A1841EB0903D90041EA5271C4
:107B6000D0000B4601210246CDE9007C304602914F
:107B7000FFF7BAFE05B0BDE8F08F0248FAE700BF94
:107B8000488B002016FCFFFF70B50E4D2C68B4B179
:107B90002046FFF779FE0C4BA66942F21070984719
:107BA0002C682046FFF770FEA3690849053B9B1B24
:107BB00042F210720020B2FBF3F30B6070BD044878
:107BC00070BD00BF488B002015800020448B002032
:107BD00016FCFFFFF8B50D46437316460A231B4AF1
:107BE0001B4901600446C362856006730121F020D1
:107BF0001460FFF78FF92B68164F9A6960620021B5
:107C00000020A162BA424FF00001C4E90401C4E9B6
:107C1000060115D1104AEA603146104A9B6B28468E
:107C20009847A06803681B6A9847A0680368002209
:107C30005B6CE2809847A080FFF7A6FF2046F8BD66
:107C4000284605499047A5682B68E5E7488B002042
:107C5000A01B040025780300997A03008096980001
:107C60002DE9F843124D2E6806B3124B04461868EE
:107C7000A8B93046FFF708FED6E9066716EB0408F8
:107C800047F100092C682046FFF7FEFDD4E90623E2
:107C90004B4508BF4245F5D30020BDE8F88304FBFF
:107CA00000F0054B98470020BDE8F8830348F4E74F
:107CB000488B0020448B00201580002016FCFFFF1D
:107CC0004FF47A7303FB00F0FFF7CABF6FF47D70C7
:107CD000704700BF10B5034B03600446FFF796FDE5
:107CE000204610BDB01B040010B5054B03600446D0
:107CF000FFF78CFD204608F087FD204610BD00BF31
:107D0000B01B04004069044A03685B69934202D1D6
:107D10006FF47D7070471847CD7C030038B504467A
:107D20000D464FF4FA7311464FF45972FFF752FCA7
:107D3000034B656120462360FFF7F4FC204638BD05
:107D4000B01B04006FF47D70704700BF6FF47D704E
:107D5000704700BFC08800F00100704710B5034BAA
:107D600003600446FFF774F9204610BDD81B0400D9
:107D700010B5054B03600446FFF76AF9204608F08A
:107D800043FD204610BD00BFD81B0400C388DB04A0
:107D900000D470472DE93048036888B0DB69044699
:107DA0009847227CE38878B10B2A04D80132D2B2FA
:107DB000082A22740ED9D9071ED503F00305012D18
:107DC0002CD008B0BDE8308832B1013AD2B2082ACE
:107DD0002274F0D8012AF0D8DA07EED523F0010397
:107DE000E38002220123A188684602F01FFA657C25
:107DF000012D2CD0E388E0E743F001020123E2806B
:107E0000A1881A4604A802F011FA238901332381BC
:107E1000FFF754FE227CE388E060DBE7FFF74EFECD
:107E2000E368B0EB030B61F1000C002340F2DB527E
:107E3000634508BF5A45C4D2E288A18842F00202D5
:107E4000E2802B46052204A802F0F0F9B9E7FFF71B
:107E500035FEE368B0EB030B61F1000CBCF1000FE1
:107E600008BFBBF57A7F2B462CBF04220322A188D2
:107E700004A802F0DBF9BDE710B504464069074AE3
:107E800003685B68934207D16FF47D70A37C181A76
:107E9000B0FA80F0400910BD9847F7E7457D030030
:107EA0002DE9F84304460D46914698469DF820601A
:107EB0009DF82470FFF7E8F8002121742B680C4826
:107EC0001A6C0C4BA4F804908242656184F811800E
:107ED000A6742360E16006D1E38843F40053E38095
:107EE0002046BDE8F883394628469047F4E700BFAE
:107EF0004D7D0300D81B0400417470476FF47D7002
:107F0000704700BF10B5044B036000230446C380D4
:107F1000FEF72CF9204610BD2418040010B5064BBE
:107F2000036000230446C380FEF720F9204608F0D2
:107F30006BFC204610BD00BF2418040038B5044671
:107F4000C06890B103680F4D1B68AB4216D1206921
:107F500003681B68AB420ED10A20FEF799FD20464C
:107F6000094901F04FFD002038BD2069054D036827
:107F70001B68AB42F0D001219847EDE701219847FB
:107F8000E5E700BFFD7E0300F81B040010B50446C2
:107F900001F0F4F9034B2360012384F82D302046CF
:107FA00010BD00BF741C040010B50446806830B1D9
:107FB0004FF480720021BDE81040FCF7A5BC4FF4DF
:107FC0008070F6F7B5FD4FF48072A0600021BDE827
:107FD0001040FCF799BC00BF70B504464068204AC9
:107FE00003681E6984B000239642CDE900336D46D4
:107FF0001DD11C4B0093204600230193FFF7D4FFB3
:1080000095E8030002AB83E8030003CBA368164D99
:1080100018605960D4E9001003689A69AA4211D126
:108020005D69124B9D4215D1019804B070BD0223C9
:1080300022682946B0470B4B009A9A42D9D1019841
:1080400004B070BD9047D4E9001003685D69074B28
:108050009D42E9D0A2684023A847019804B070BDB2
:10806000A5FB0200A10D0C00B5FB0200ADFB020058
:10807000F8B50446171E4FF000000E46C4E9011083
:108080000B680EDB1968194DA94218D19B68184975
:108090008B4205461BD125602046FFF79DFF2046F9
:1080A000F8BD5A6813498A421BD105469B68104A9D
:1080B0009342F0D03046984700FB1755EBE7304627
:1080C000884733680A499B688B420546E3D03046AF
:1080D000984700FB075525602046FFF77DFF2046A7
:1080E000F8BD3046904733680546DFE795FB020050
:1080F0009DFB020099FB0200018938B54FF47A75A7
:10810000044605FB01F1224802F0A0F9214AA17AB8
:108110000346A2FB03239B0923811F4802F096F923
:108120002189A07205FB01F1194802F06FF9626C18
:10813000B4F84C10156840F00703DBB21046ED6947
:108140002022A84710BB606CB4F84C1003682222B0
:10815000DD691023A847C8B9A17A0F4802F056F983
:10816000626CB4F84C101568030103F0F00310467C
:10817000ED692322A84748B9606CB4F84C10036835
:108180002422DC690823A04700B938BD034838BD64
:10819000941C0400D34D62108C1C04000EFCFFFFE5
:1081A000836C10B504462BB123682046DB6ABDE81A
:1081B00010401847FFF782FC236D1BB12289C31AB8
:1081C0009342F1D9E388206523F04003E380EBE795
:1081D00010B5034B03600446FEF77AFF204610BD3E
:1081E000FC1C040010B5054B03600446FEF770FF4D
:1081F000204608F009FB204610BD00BFFC1C04000F
:10820000034611B903689B6A1847406CB3F84C10D9
:10821000036810B4DC692022A44600235DF8044BF7
:10822000604700BF70B5C3880446806C43F4804348
:1082300086B0E38020B10268244952688A423ED168
:108240005A0638D4606CB4F84C1002680625012632
:10825000CDE9005643F04003556AE380A82204AB01
:10826000A847054680BB0320FEF7ECFE606CB4F81F
:108270004C100368CDE9006631225E6A0DF10F03F0
:10828000B0479DF913009DF915209DF91160A37A5F
:108290002168C000D200F60003FB00F003FB02F2ED
:1082A00003FB06F3C4E90702A36120460B6B984762
:1082B000284606B070BD0025284606B070BD904720
:1082C0000128E388BED0BBE7014DF1E7457D0300FF
:1082D0000EFCFFFF2DE9F041BDF81C50BDF8186001
:1082E00004468846174619462A46FEF755FF084AAF
:1082F000C4F844800023A764A580A4F84C602260E1
:10830000E3802046FFF7F8FE2046BDE8F08100BF7D
:10831000FC1C04000189424AF8B54FF47A7303FB50
:1083200001F3934204466EDC3E4A93426BD83E4AC8
:1083300093426AD844F62062934268D842F210729F
:10834000934266D841F28832934264D840F6C41210
:10835000934262D8354E40F2E24106F108028B4268
:1083600088BF1646A37A042B4AD8314D032B05F15A
:1083700002032ABF1D460222042233682D49E06C05
:10838000A272A1FB03230268B4F84410D7699B09C9
:1083900023812A220023B84700282FD1E06CB4F8AB
:1083A000441003682B22DF691023B84730BBE06C10
:1083B000B4F8441003682D22DF690123B847E8B9F7
:1083C000E06CB4F8441003682E22DF690123B8473B
:1083D000A0B9E06C6B780268B4F84410D5690E223D
:1083E000A84758B9E06C33790268B4F84410D469EE
:1083F00043F001032A22A04700B9F8BD0E48F8BD9A
:108400000E4D0822B9E70E4EACE70E4EAAE70E4E0F
:10841000A8E70E4EA6E70E4EA4E70E4EA2E700BF59
:1084200000C409000071020080380100381D0400FA
:10843000301D0400D34D62100EFCFFFF341D0400FC
:10844000701D0400681D0400601D0400581D040018
:10845000501D0400481D04000368DB6A184700BF74
:1084600010B5034B03600446FEF732FE204610BDF4
:10847000801D040010B5054B03600446FEF728FE7E
:10848000204608F0C1F9204610BD00BF801D040041
:10849000034611B903689B6A1847C06CB3F84410CF
:1084A000036810B4DC692A22A44600235DF8044B5B
:1084B000604700BFC38820495A04826C58BF43F408
:1084C000804370B558BFC38013685B688B4284B02B
:1084D00003D10025284604B070BD044610469847D5
:1084E0000028F6D1E06CB4F8441003680625012298
:1084F000CDE900525D6A02ABA8470546C8B99DF9AF
:108500000A009DF90C209DF90860A37A2168F60005
:10851000C000D20003FB02F203FB00F003FB06F3F2
:10852000C4E90702A36120460B6B9847284604B0B4
:1085300070BD024DCEE700BF457D03000EFCFFFF7E
:10854000F8B504460E4617461946BDF81C20BDF87E
:108550001850FEF721FE084BA4F84450C4E91276E7
:1085600023602046FFF7D6FE18B9E38843F4805312
:10857000E3802046F8BD00BF801D04000368DB6A6D
:10858000184700BF10B5034B03600446FEF7A0FD7B
:10859000204610BDCC1D040010B5054B03600446F9
:1085A000FEF796FD204608F02FF9204610BD00BFCB
:1085B000CC1D0400034611B903689B6A1847406C40
:1085C000B3F84C10036810B4DC696B22A446402356
:1085D0005DF8044B604700BF816CC3880A68F0B542
:1085E0005268334C43F48043A24287B0C38003D126
:1085F0000025284607B0F0BD0446084690470128EC
:108600000346F5D1606CB4F84C10026801930E2358
:108610000093556A02AB3B22A8470546002844D187
:108620009DF80E609DF80F30BDF80800BDF80A10E7
:10863000BDF80C20BDF810C0BDF8127043EA062347
:1086400040BA49BAC0F30B10C1F30B111BB2C4E915
:108650000301184EBDF8140052BA03EB8303C2F3B2
:108660000B125B00626186FB036104F10C02DB17F5
:10867000C3EB211346BA9CFA9CFC07CA7FBA1FFAC7
:108680008CFCBFB2C4E914C703F645632768A4F89D
:108690004E30B6B204F11803A66583E807003B6BC1
:1086A00020469847284607B0F0BD034DA1E700BF1C
:1086B000457D0300797878780EFCFFFF10B5436C98
:1086C000B0F84C101C6884B00122CDE90022184695
:1086D000646A0DF10F037522A04728B99DF80F00B9
:1086E000C0F3450004B010BD4FF6FF7004B010BDDC
:1086F00038B50446406CB4F84C1002688023D56944
:108700006B22A8471420FEF7C3F9606CB4F84C1034
:1087100003686B22DD690023A847606CB4F84C1035
:1087200003681A22DD690123A847606CB4F84C1075
:1087300003681B22DD691823A847606CB4F84C104D
:1087400003681922DD692023A847606CB4F84C1037
:1087500003683722DD693023A847606CB4F84C10F9
:1087600003683822DD690123A8472046FFF7A6FFEA
:1087700001460248FDF716FE002038BDB41D040076
:108780002DE9F041BDF81C60BDF81850044688463C
:10879000174619463246FEF7FFFC6D0000231421F0
:1087A000022209482060A4F84C50C4E91187A68031
:1087B0002181A272C4E91433A365E3802046FFF748
:1087C00097FF2046BDE8F081CC1D040082B08DE803
:1087D0000C00014802B0704716FCFFFF00298069B9
:1087E00005DD08B904E010B10139406AFBD17047DA
:1087F000704700BF82B070B50C4684B0054649682A
:10880000206802AC03C4039908AC481084E80C004B
:10881000CB0745BF2A58029B029CD4580AAB2E189E
:1088200093E803008DE8030008AB0CCB3046A0476B
:1088300004B0BDE8704002B0704700BF002943D0CB
:108840002DE9F0418469002C3BD00D460646DFF847
:108850008080002705E0A268AB689A420DD0646A68
:10886000DCB1AA88A38853409907F8D49207F2D5BF
:10887000A968A06801F056FEA8B12B88BBB96B8827
:10888000DBB9B3680BB120469847A38843EA0803D5
:10889000A380646A0137002CE3D1002FC8BF2046B3
:1088A0000FDDBDE8F081AB889B07D8D4D3E72288E1
:1088B0009A42D4D16B88002BE3D062889A42CED101
:1088C000DFE76FF47A70ECE76FF47A70704700BFFF
:1088D0000080FFFF00296BD0F0B5846985B00D469C
:1088E00006463CB960E0A388980708D5914212D0AB
:1088F000646ACCB1AB8821682A689F07F3D491429F
:10890000F6D1A268AB689A42F2D1A3881A0447D480
:10891000294805B0F0BDA968A06801F003FE002851
:10892000F3D1646A002CE5D1D6F818C02A88BCF1CE
:10893000000F33D06446634600E00B46188890422F
:1089400011D2596A1C460029F7D163451DD0596AD6
:1089500069625D62012340F2FD31684601F066FC08
:10896000002005B0F0BD21D16F885988B94204D3E9
:108970001CE04C88BC42E8D20B46596A0029E4D07E
:108980000C888442F5D06345E1D119888A4204D32A
:10899000DDD1588869888842D9D96B62B561D9E739
:1089A000C3F30E03A380B3E70A88F7E72346CCE7B7
:1089B0006FF47A70704700BF16FCFFFF2DE9F0419D
:1089C00083885F0782B0064603D59D062DD4DC065A
:1089D00038D443F00403B38006F1100506F11808FB
:1089E00015E0F368009395E80F00A047B388DA0616
:1089F00018D5346AB4B194E80F00276985E80F00F0
:108A00002046376207F000FFFEF738F8B388B468F5
:108A100098070DD4D907E4D495E80F00A047B38890
:108A2000DA06E6D423F00403B38002B0BDE8F08197
:108A300098E8030095E80C008DE80300204601F05B
:108A400059FDD3E700F1180393E803008DE8030014
:108A500006F110030CCB3046FEF7A6FAE5E700BF9F
:108A600070B51C4B8CB003F1080228330446026039
:108A7000C36006A801F0FAFB0F231820029307F049
:108A8000CCFE0025144A0092064601956A4603462C
:108A900003CA46F80C4B114ADD60049375605A61B5
:108AA00058609960204602A91223ADF80C30059554
:108AB000CDE90A55FFF7C2FE02A8FEF76BFA084B94
:108AC000658204F10C00E360FDF750FB20460CB01A
:108AD00070BD00BF141E04005D8D0300F587030008
:108AE00024180400A0F10C00FFF7BABF10B504462B
:108AF000FFF7B6FF204607F087FE204610BD00BFF7
:108B0000A0F10C00FFF7F2BFF0B5254B254A02603B
:108B10000025044683B0C0E9025305610C30FDF71F
:108B2000B7FA214B236003F12002E260A561C4E99A
:108B30000755E584282007F070FE0646103001F046
:108B400095FB1A4B3360182007F067FE184ACDE9F1
:108B5000002507466A46034603CA47F80C4B154AE8
:108B6000DD604FF0C20C7D60586099602046314650
:108B70005A61C6E90235C6E90855A6F804C0FFF7F0
:108B8000A9FE30B90C4B1A6802B91C60204603B02C
:108B9000F0BD3046FEF7FEF9304607F035FEF1E74E
:108BA00024180400081E04001C1E04000F0002000C
:108BB0005D8D0300F58703004C8B002038B504461B
:108BC00003F000FBE5692DB12B69E36133B1E38C60
:108BD000013BE38403F0E8FA284638BD2362F6E758
:108BE0002DE9F04184690CB3A388656A00271A0453
:108BF00080463E4606D4264695B12C46A388656A33
:108C00001A04F8D55B07F6D46EB17562656A204622
:108C1000FEF7C0F92046013707F0F6FD002DECD134
:108C20003846BDE8F081C8F81850F0E727463846C6
:108C3000BDE8F0812DE9F0418469002C44D016464E
:108C40000D46DFF88C8001270CE0A38803F0C003F9
:108C5000A3F1C003B3FA83F35B09B34215D0002735
:108C6000646A4CB323882988994201D0002BF7D13C
:108C700063886A889A4201D0002BF1D1FDF772FD1A
:108C80000028E2D10123B342E9D1B4F804E01EF494
:108C9000004FE4D195E80F0004F1100C1EF0400FD6
:108CA0008CE80F0002D1FDF75DFD40B92046FFF7CB
:108CB00085FE646A002CD5D13846BDE8F081214696
:108CC0004046FDF79FFFCBE701273846BDE8F0811E
:108CD000BD890300F0B5012287B00446066A0D463F
:108CE000FFF7A8FF10B9E38C092B01D907B0F0BD3D
:108CF00095E80F0002AD85E80F00182007F08DFD04
:108D000006AB074613E9030095E80C008DE8030065
:108D1000384601F0D1FA03F055FA66B133693B6188
:108D200037613B695BB1E38C0133E38407B0BDE895
:108D3000F04003F039BAE3693B61E761F2E727628B
:108D4000F1E700BF82B008B502A9C1E90023FFF72F
:108D5000C1FFBDE80840002002B0704782B038B5BE
:108D6000054604A981E80C00FFF73AFF2846FFF703
:108D700025FF90B1044604E02846FFF71FFF044694
:108D800058B1002221462846FFF754FF204607F03D
:108D90003BFDFDF781FD0028EED1BDE8384002B073
:108DA000704700BF024B1888421C1A80704700BFF2
:108DB000FC810020C08800F00300A0F10300B0FA9D
:108DC00080F04009704700BF82B070B50C4684B097
:108DD00005464968206802AC03C4039908AC4810F2
:108DE00084E80C00CB0745BF2A58029B029CD4584C
:108DF0000AAB2E1893E803008DE8030008AB0CCBF8
:108E00003046A04704B0BDE8704002B0704700BFD4
:108E100010B5034B03600446FEF71AF9204610BD57
:108E20005C1E040010B5054B03600446FEF710F904
:108E3000204607F0E9FC204610BD00BF5C1E040080
:108E400082B070B588B00CA981E80C004289BDF8E9
:108E50003050BDF83230954204460BD0022B27D05B
:108E6000052B00F08680012B78D008B0BDE870405B
:108E700002B070478189022B0E461AD0052B5AD0BA
:108E8000012BF2D1C3888D4243F00103C38068D027
:108E9000A9426AD003F00203002BE6D001231A4650
:108EA000A18804A801F0C2F9238901332381DCE7FA
:108EB0001646B24217D0A189B14265D0954267D01B
:108EC000A3899D42194600F09C80A17B012900F0F6
:108ED000C1809D4200F0AE809542C6D1E38823F068
:108EE0001003E380C1E7E38803F00103002BE5D022
:108EF00001230222A188684601F098F963899D4206
:108F000000F09080A289A188AA4250D001230322B8
:108F100004A801F08BF96289B24203D1E38843F0DF
:108F20001003E380A389B34200F08F80954266D09E
:108F30009D429AD168E0C3888D4243F00403C38008
:108F40001AD0A9421CD003F00803002B8DD0A188B1
:108F50000123052204A801F069F986E78689B54254
:108F600003D1E38843F00203E380E38803F00103C5
:108F700092E78689B54203D1E38843F00803E38092
:108F8000E38803F00403E0E7E38803F00203ADE7BE
:108F9000E088C6061FD5A38920F0010189B29D4251
:108FA000E18028D02A4621F00401E18091E7E2889F
:108FB00002F008000028A9D0B34238D0A389B342F8
:108FC000A4D102F00802002AA0D00123042204A8A0
:108FD00001F02CF99FE7A37B012B3ED100F00403A5
:108FE000002B37D001230422294604A801F01EF9E2
:108FF0006289A3899AE720F0030189B2D2E7E08869
:10900000CAE7E38898062BD5E38823F0020189B2EA
:109010009542E1802AD023F00A039BB223F020037B
:10902000E38022E7E288A18802F00400C2E702F0B0
:109030000402C8E7E18821F008039BB29542E3806F
:1090400004BF21F018039BB2E8E7E18841F020015A
:10905000E1806BE701230322C6E7A1890B4665E7A0
:10906000A07B0128FAD103F00803B9E72B469AE761
:10907000817370472DE9F04F83B0DDE90C9ABDF89C
:109080003870002B40D0B9F1000F3AD00F2901D130
:10909000C02F39D1804628201D460E46934607F042
:1090A000BCFB0446103001F0E1F818202680A4F83B
:1090B00002B007F0B2FBCDE9009A06466B460246C5
:1090C00003CB46F80C5B0023D8F80050D360E36074
:1090D0007360506091606D6811491248A26047F05A
:1090E00002078D42A780C4E9083350610FD12046A2
:1090F000FDF750FF204607F087FB0B4803B0BDE8A3
:10910000F08F1AF0010FC1D16FF47A70F6E7404684
:109110002146A8470028EAD103B0BDE8F08F00BF80
:1091200011600300C98D030016FCFFFF2DE9F04715
:109130001C4F044688B0884616461D46FDF7A4FF1E
:109140003A681949A5800025A4F80A80A681216003
:10915000A57312B3DFF854A0CDE904A504AB93E8DE
:1091600003004FF0C0098DE8030023464146104636
:10917000CDF808902A46FFF77DFFCDE906A508AB9C
:1091800013E903003F68CDF808908DE803002A46F4
:10919000234638463146FFF76DFF204608B0BDE84C
:1091A000F08700BF4C8B00205C1E0400418E030042
:1091B00010B50368DFED2C7ADB692DED028B90EDA5
:1091C000098A044628EE278A984707EE900AB8EEE7
:1091D000E76AD4ED096A94ED077AC8EE067A77EE6D
:1091E000E67AC7EE877A17EE900A04F0C5FF94ED91
:1091F0000A6AD4ED066A94ED087AE38876EE266A68
:1092000007EE900AF7EE005AC7EE877ADA0785EE86
:10921000A67A37EE277AC5EE877A77EEC67AFCEE25
:10922000E77A14D56189228A17EE903ABDEC028B59
:109230009BB2C1F57F70033001FB03F300FB0233E7
:109240009B1223822046BDE81040FEF739BABDECE0
:10925000028B43F00103E38017EE903A204623820D
:10926000BDE81040FEF72CBA00C07F4410B5034B98
:1092700003600446FEF72EFD204610BD801E04004C
:1092800010B5054B03600446FEF724FD204607F0A9
:10929000BBFA204610BD00BF801E04002DE9F84334
:1092A00004469946DDF82080099F0A9E0B9DFEF733
:1092B00035FD064AC4F81890C4F81C80276266621F
:1092C000A56222602046BDE8F88300BF801E04002E
:1092D00010B5044B036000230446C380FCF746FF2F
:1092E000204610BD2418040010B5064B036000236F
:1092F0000446C380FCF73AFF204607F085FA204673
:1093000010BD00BF2418040082B000B585B0816A8A
:109310000DF1180C00208CE80C0081F80C020123E0
:1093200065220721684600F081FF05B05DF804EB77
:1093300002B0704782B070B50C4684B005464968EB
:10934000206802AC03C4039908AC481084E80C0000
:10935000CB0745BF2A58029B029CD4580AAB2E1853
:1093600093E803008DE8030008AB0CCB3046A04720
:1093700004B0BDE8704002B0704700BF2DE9F04175
:109380000B4D0560002504464560884617461E467D
:10939000FCF77EFEC4E90287064820602661A562CC
:1093A00084F82D5084F82C502046BDE8F08100BF91
:1093B00024180400E01E0400F0B5044683B00F46F4
:1093C000002964D0826AD2F80832994228BF1F4629
:1093D000DB1BC2F8083290F82D30781E73B3A36AF5
:1093E00003F108010FB303F11005D3F8FC21561C5B
:1093F000C3F8FC611378A26A03F00F0684361B11D0
:1094000052F8262045F8082CA26A8433013852F815
:10941000233045F8043C421C05F10805A36AE4D159
:1094200001EBC70703F108017F1AA0681B4B056811
:1094300000943A466C68A04703B0F0BDA56A05F1F8
:109440000801002FF1D000EB400005F10E0C844420
:1094500005F10B0300E0A56AD5F8FC21561CC5F800
:10946000FC6112788432033355F8222003F8062C6D
:10947000150A120C03F8055C03F8042C9C45EAD18C
:10948000A36A03300F1803F108017F1ACDE740F2F9
:109490008D30FBF7F9FFA16A0831C6E7CD960300CE
:1094A0002DE9F041826AD2F808328B4238BF23F0AE
:1094B000030182B00646002900F08B805B1AC2F8D7
:1094C0000832836A90F82D50D3F8FC41890803F5DF
:1094D000047003F10802002D4CD0002900F08380B5
:1094E000283304EB810554F804CB0CF00F07CCF3C0
:1094F000031E50F8277043F8207C50F82E7043F874
:109500001C7CCCF30327CCF3033E50F8277043F8C0
:10951000187C50F82E7043F8147CCCF30347CCF33E
:10952000035E50F8277043F8107C50F82E7043F813
:109530000C7CCCF303674FEA1C7C50F8277043F88F
:10954000087C50F82C7043F8047CAC4203F12003F3
:10955000C9D1B36A02EB4112C3F8FC51B068B16AD9
:109560000368009608315C68204B521AA04702B08D
:10957000BDE8F081B9B3143304EB810554F804CB92
:10958000CCF3072E5FFA8CF750F82E8050F8277036
:10959000CCF3074E47EA086743F80C7C50F82E706E
:1095A0004FEA074E4FEA1C6C4EEA182E43F808ECBF
:1095B00050F82CC03F0C47EA0C27AC4243F8047C1F
:1095C00003F10C03DAD101EB410102EB8102B36A32
:1095D000C2E740F28D30FBF757FFB36AD3F8FC5176
:1095E00003F10802B8E72546B6E700BFCD960300B1
:1095F000836A13B193F80C3203B9704765210720D1
:10960000FDF76CBA2DE9F04100F114078F420446D2
:10961000154602D03846F9F7E5FF2069194E036870
:109620001B68B34221D1E06818B103681B68B342DC
:1096300021D1A068036839461B6801229847206938
:1096400003681B68B34213D16A1E002A05DDA068B7
:10965000036804F115011B689847E06818B10368B6
:109660001B68B3420AD1BDE8F08100219847DAE7D0
:1096700001219847E8E700219847DAE70121BDE892
:10968000F0411847FD7E03000346002908BF2C2146
:1096900070B503F8141F044619460122FFF7B2FF04
:1096A0002069094D03681B68AB4206D1E06818B118
:1096B00003681B68AB4203D170BD01219847F5E7F1
:1096C0000021BDE870401847FD7E0300F0B5846AB4
:1096D000D4F8047285B0064687B3002104F108056A
:1096E0004FF4FA72C4F804122846FBF70DF93B1F39
:1096F00007F13C00E21D53F8041FC1F3854102F855
:10970000011F1968C1F3852182F82010196883426E
:10971000C1F3850182F86010EDD12D213046FFF7AD
:10972000B3FFB068036829461B6880229847F06839
:1097300020B10368364A1B68934257D1D4F800120F
:1097400000294AD096F82D20D4F8083292B9D4F8DE
:10975000FC11002B36D1F06820B103682C4A1B683D
:10976000934251D1012364220721684600F05EFD37
:1097700005B0F0BDB3B923684A1CB1EB430FC4F880
:109780000022E8D26368D4F8FC1101335B08D207E9
:1097900058BFC91AC4F8083258BFC4F8FC11002BCE
:1097A000D9D00FE0D4F8FC1101F0030171B9032BFB
:1097B00024D996F82D303046DBB9A421FFF770FE8E
:1097C00005B0F0BD01F003010029F0D0C1F10401A2
:1097D0003046FFF7F1FD05B0F0BD3046FFF754FF0E
:1097E000D4F800120131C4F80012ABE70121984708
:1097F000A4E73E21FFF754FE05B0F0BD1946304600
:10980000FFF7DAFD05B0F0BD01219847AAE700BFD8
:10981000FD7E03002DE9F047D0F8289082B0044681
:109820000E4615461F46B9F1000F32D099F80C329A
:10983000002B40F0A08094F82C30002B40F09B804F
:109840000A9BC9F80432A36A012283F80C22A36A96
:10985000C3F8FC61A36A1D60A36A5F60A36A174432
:10986000D740C3F8087294F82D3053B1A36A00258D
:109870002046C3F80052FFF729FF284602B0BDE892
:10988000F087A26AD2F8083205FB03F5C2F8085245
:10989000ECE74FF4C26006F0C0FF4FF4C262A06272
:1098A00049468046FBF730F894F82D30002B4CD019
:1098B00008F503734946CA0042EAE10241EA411051
:1098C00042EA002292B2013142EA0242102943F8F0
:1098D000042FF0D12C4B2820D3F8009006F09DFFE8
:1098E0008046103000F0C2FC284BC8F80030182029
:1098F00006F093FF26490022CDE900128646EC4689
:109900000346BCE803004EF80C4BDA60CEF80420A6
:1099100058609960D9F80010C8F80C20D1F804A05C
:109920001C49C8F808301220C8E908228A451A4A9A
:10993000A8F804005A6120D14046FDF72BFB4046B1
:1099400006F062FFD4F8289070E708F5037003F082
:109950000F02191102EB022E01EB011C02EB0E1299
:1099600001EB0C21013342EA0122B3F5807F40F87C
:10997000042FECD1AEE7094880E748464146D0477E
:109980000028DFD0D8E700BF4C8B00200700640020
:1099900009930300116003003593030012FCFFFFDD
:1099A00090F82C208A422BD030B5044683B00D4667
:1099B000B9B1836A102101228DF8071080F82C209C
:1099C00033B193F80C321BB165210720FDF786F8FF
:1099D000204601220DF10701FFF714FE002003B01D
:1099E00030BD02A9112301F8013D0122FFF70AFE53
:1099F0007820FDF74DF8002084F82C5003B030BDDE
:109A0000002070472DE9F84307460B4600F1150882
:109A100000F114090FE03A755C7824F080052A46BD
:109A2000F9F7E0FD6A1C49463846FFF7EBFD2206D0
:109A300006EB050307D41A789E1C31464046002ADF
:109A4000E9D1BDE8F8835C1C705DFDF721F8234681
:109A5000F1E700BF38B50446C06890B103680F4D08
:109A60001B68AB4216D1206903681B68AB420ED15C
:109A70000A20FDF70DF820460949FFF7C3FF002033
:109A800038BD2069054D03681B68AB42F0D0012149
:109A90009847EDE701219847E5E700BFFD7E030009
:109AA000A01E040070B584B0013B089C8DF8021024
:109AB0000B44013C14441D128DF804300B1211129A
:109AC0008DF8035026128DF801308DF80A202A23D4
:109AD0008DF80C408DF80910044602A92B250522AB
:109AE0008DF808308DF80B608DF80050FFF78AFD77
:109AF000204605226946FFF785FD04B070BD00BF12
:109B000030B583B0130C150A14468DF80530362293
:109B1000B123FF298DF806508DF807408DF801100C
:109B20008DF800208DF80430054603D002226946E6
:109B3000FFF768FD6FF07F439C4209D09DF8073026
:109B4000FF2B28460CBF0322042201A9FFF75AFD70
:109B500003B030BD10B5406882B0002304680093A4
:109B6000E468A04702B010BD30B5406885B0046815
:109B7000089D01930023029500932469A04705B036
:109B800030BD00BF014AC0E900217047001F04003A
:109B9000704700BF002070470048704716FCFFFF69
:109BA0000346806A59620268191D5368184700BF4E
:109BB000806A0368DB68184700234362704700BF70
:109BC000406A82B08DE80C0018B1036802B01B68CF
:109BD000184702B0704700BF82B070B50C4684B021
:109BE00005464968206802AC03C4039908AC4810D4
:109BF00084E80C00CB0745BF2A58029B029CD4582E
:109C00000AAB2E1893E803008DE8030008AB0CCBD9
:109C10003046A04704B0BDE8704002B0704700BFB6
:109C2000F0B50F4601F1080485B02146064600F064
:109C300087FBFB68002B2CDD012B2CD00025204658
:109C40000434214600F08CFBF86801350138A84245
:109C5000F5DC6D46023007EB8004284600F05AFB25
:109C60002946204600F07CFB284600F071FBFA688C
:109C700031683B69013AFA604A889B1A3B61BA8BAA
:109C80002846012340F2FE3100F0D0FA304605B0FC
:109C9000F0BD6D46F3E70020DBE700BF8369C268D3
:109CA0001344002B59DD90F82030002B5CD010B508
:109CB000816A0B68044686B01B6801A89847E06873
:109CC000A369C218002A31DC6269002A2CDD2169EF
:109CD0008A422BDB53BB8A4200DB4BB10133A361C9
:109CE000FCF7CCFEA369E068013B0028A361E8DC37
:109CF000023001A904EB800000F032FB019B2269D5
:109D00005988E368606A0A440133C4E9033228B120
:109D100094F82030CBB103681B68984701A800F085
:109D200017FB002006B010BD002BE1D0A18B40F244
:109D3000FF30FCF71FFDA369E0681A18002ACDDC8C
:109D40006269002AC9DD2169C5E7E28B012340F27F
:109D5000FF3102A800F06AFAE0E74369002BA6DDB4
:109D600002699342A3DA9EE76FF47B70704700BFED
:109D7000A0F10400FFF792BF0D4B70B503F108028C
:109D8000044628330025C0E9002308300E4600F0C1
:109D9000C1FAC4E903556561E583FFF703F80123C0
:109DA000A083A561C4E9095684F82030204670BD1F
:109DB000081F0400094B03F1200270B5C0E900320E
:109DC000064600F1080500F10C04043C204600F0B2
:109DD000BFFAA542F9D1304670BD00BF101F040084
:109DE00080F8201039B92DE9F041C58B82B01DB142
:109DF00002B0BDE8F08170470446FEF7D3FF1D4B6B
:109E0000E0831F688046002FF2D0282006F005FD71
:109E10000646103000F02AFA40F2FF331820338053
:109E2000A6F8028006F0F9FC134ACDE90025844625
:109E30006A46034603CA4CF80C4BDD60CCF804506C
:109E4000586099603A680D49F56012205961B36015
:109E5000B080C6E90855536838463146984700280F
:109E6000C6D03046FDF796F8304602B0BDE8F04166
:109E700006F0CABC4C8B0020C19B0300D99B030099
:109E800010B5054B054A8360002304460260C38079
:109E9000FCF76CF9204610BD601F04002418040074
:109EA00010B5074B074A8360002304460260C38055
:109EB000FCF75CF9204606F0A7FC204610BD00BF69
:109EC000601F040024180400F0B5C1682DED068B56
:109ED0000B6887B004461B6801A89847019D6E88EF
:109EE000761064D0A169B14261DC9FED47AADFED35
:109EF000479A9FED479ADFED478A0435B3EE048A0F
:109F000005EB4100A8427CD92A46002332F9027BA6
:109F100090423B44FAD893FBF1F12B4609B233F857
:109F2000022B521A984223F8022CF8D82A46002114
:109F300032F9023B002BB8BF5B42994200DA19B2FA
:109F40009042F5D807EE901AF8EEE77A87EEA97AF4
:109F5000D4ED097A67EE277AC7EE897A17EE900A70
:109F600004F084F907EE900A67EE887AA269B0EEF1
:109F7000E77AB4EE687AF1EE10FA84BFA36AE3617F
:109F8000E38898BFC4ED077AB61A9A0708D494ED0F
:109F9000077AD4ED047AB4EEE77AF1EE10FA0EDC2B
:109FA00003F00403BBB116B1A169B142A8DD01A859
:109FB00000F0CEF9002007B0BDEC068BF0BD012308
:109FC0000222A18802A800F031F9E38823F00403FB
:109FD00043F00203E38094ED077AD4ED057AB4EE02
:109FE000E77AF1EE10FADED501231A46A18802A81D
:109FF00000F01CF9E38823F0020343F00403E3803C
:10A00000D1E7B0EE4A7AA3E70000000000FEFF4669
:10A01000ACC5A737FFFF7F7FA0F10800FFF754BF53
:10A020002DE9F8430446154D0560002646600D46AF
:10A0300017461E46DDF82080BDF82890FCF728F86A
:10A04000E1880F48666141F0010329682761802299
:10A0500000F1080700262C30A060E38028464B68FA
:10A06000E560A4F80490C4F824802760E661A2614A
:10A0700004F1080198472046BDE8F883241804003D
:10A08000341F0400C069704790ED057A07EE901AFE
:10A09000B4EE677AF1EE10FA14D090ED047AC3882A
:10A0A0004161F4EEC77A23F00402F1EE10FAC280A7
:10A0B00008DDF7EE006A77EEA67AB4EE677AF1EE85
:10A0C00010FA01D10020704723F00603C380C0EDD1
:10A0D000047A0020704700BF90ED047A07EE901AD2
:10A0E000B4EE677AF1EE10FA0FD090ED057AC288DF
:10A0F00008B5F4EEC77A034622F00202F1EE10FA38
:10A100001961C28003D4002008BD00207047B7EE5B
:10A11000007A77EEC77A17EE901AFFF7B5FF0020A6
:10A1200008BD00BF10B40170427043605DF8044B7D
:10A13000704700BF82B030B402AC84E80C000D461A
:10A14000034694E807009DF8144083E80700B4B183
:10A15000687818B149425242C3E901126A68022A7A
:10A1600011D0032A2AD0012A22D0012C15D0022C8A
:10A1700005D1D3E9011249425242C3E9011230BC70
:10A18000184602B07047D3E90012012CC1F100015A
:10A19000C2F10002C3E90012E9D130BCD3E90010DA
:10A1A0009A68186052421846C3E9011202B070471B
:10A1B000D3E90021524219605A60D6E7D3E9001270
:10A1C000524259601A60D0E782B010B582B004AC38
:10A1D00084E80C000B78069C019304AB0CCB009434
:10A1E0000446FFF7A7FF204602B0BDE8104002B0CA
:10A1F000704700BF30B50B4B1C6883B024B1226898
:10A20000094B15689D4201D103B030BD00F1080231
:10A21000034692E803008DE8030020460CCBA847D4
:10A2200003B030BD4C8B0020CD87030038B50180D2
:10A23000428004461D46FDF751FCC4E9020115B1F8
:10A240002046FFF7D7FF204638BD00BFD0B5DDE977
:10A2500004679DF8183001800446C0E90267428017
:10A260000BB1FFF7C7FF2046D0BD00BF10B50023DC
:10A2700003600446FDF732FCC4E90201204610BD2C
:10A2800030B50B4B1C6883B024B12268094B1568AC
:10A290009D4201D103B030BD00F10802034692E8AF
:10A2A00003008DE8030020460CCBA84703B030BD67
:10A2B0004C8B0020CD87030082B038B5002504A95F
:10A2C0000560044681E80C00FDF708FC04AB0FCBE9
:10A2D000256184E80F002046BDE8384002B0704791
:10A2E00070B50546101D14460E46F4F721FC286093
:10A2F00000F088F82B685C802868224604303146DC
:10A300001EB1BDE87040F9F76DB9BDE87040FAF7CD
:10A31000FBBA00BF014B0360704700BF641F04001D
:10A320000A1E10B5044604DD0021FFF7D9FF2046C0
:10A3300010BD024B0360204610BD00BF641F040027
:10A3400010B504460868206000F026F8204610BDCD
:10A3500010B50446006800F033F8204610BD00BF79
:10A3600038B504460B680068984206D00D4600F0E8
:10A3700027F82868206000F00FF8204638BD00BF9D
:10A38000002906DB03685A888A4202DB59800020D4
:10A3900070476FF47A70704703884FF6FF729342EC
:10A3A0000CD0012B10B5044601D0DA0703D41E20CF
:10A3B000FBF76AF823880233238010BD704700BF83
:10A3C00003884FF6FF72934219D0012B10B5044653
:10A3D00007D0DA0705D5023B9BB2012B238009D0B9
:10A3E00010BD1E20FBF750F82388023B9BB2012BC7
:10A3F0002380F5D12046BDE8104000F001B8704739
:10A40000F4F7E6B903230380704700BFD0E90023C7
:10A4100003F10053013B10B402EBC304A24210D875
:10A4200052F8333099420CD8A21A22F00702234680
:10A43000A21A03E053F8080D814202D893421C4649
:10A44000F8D160685DF8044B704700BFD0E9002385
:10A4500003F10050013802EBC0039A4252F8300079
:10A4600016D8814215D89A1A22F0070210B49A1A07
:10A4700003E053F8080D814206D893421C46F8D1F8
:10A4800018685DF8044B704720685DF8044B70470E
:10A4900070477047D0E9002303F10050013802EB08
:10A4A000C0039A4252F830001FD881421DD89A1A30
:10A4B00022F007029A1A9342184615D010B453F8A6
:10A4C000084DA14206D8934218460BD053F8084DC8
:10A4D000A142F8D900685DF8044B081AB0FA80F080
:10A4E000400970471868F6E71868081AB0FA80F053
:10A4F0004009704782B070B582B0044608A906A82A
:10A5000080E80C0003C9266865698DE8030006AB86
:10A510000CCB3046211DA84702B0BDE8704002B008
:10A52000704700BF08B502680B689A4201D000204E
:10A5300008BD04311022043006F093F9B0FA80F01F
:10A54000400908BD38B50D4B994214D90C4A9142C7
:10A5500094BF4FF080624FF0C862C368094800247E
:10A560000625C3F80045C3F82425C3F80055FBF7BA
:10A5700019FF204638BD4FF0CC72EEE78FD00300B4
:10A580007F1A0600741F0400F0B585B004AC06689D
:10A5900004F8012D9DF82C70009722461F46B669DD
:10A5A000012305460C46B04738B92B680090214678
:10A5B0003A461C6A0A9B2846A04705B0F0BD00BF7A
:10A5C00070B504468068036801211B68984760687D
:10A5D000036801211B6898470420FCF733FD002520
:10A5E0006068036802219B689847014600BBA06829
:10A5F00003681B6898470420FCF724FDA0680368E3
:10A6000001211B680D4498470420FCF71BFD092D10
:10A61000E6D16068036800211B6898470420FCF7B6
:10A6200011FD6068036801211B68BDE87040184790
:10A63000002DEED170BD00BFF8B504461F460D4693
:10A64000164602F007FD1B4B2360C4E901563FB3D9
:10A65000384601F08DFEE06040B32046FFF7B0FFC2
:10A660002B6802219B6828469847336802219B6823
:10A67000304698470A20FCF7E5FCE368327C287CEA
:10A68000C3F808254FF0CC710622C3F80C05C3F8B7
:10A6900024150A20C3F80025FCF7D4FC2046F8BD99
:10A6A000012001F087FEE0600028D6D15A20FAF799
:10A6B000EBFED2E78C1F04002DE9F041DFF850805B
:10A6C000124FC268054682B00020012612FA81F1BD
:10A6D00002E0D2F824312BB90C68002CF9D002B07A
:10A6E000BDE8F081D2F8C414C2F8C4144046FBF7A8
:10A6F00059FEEA68C2F82441D2F824310193019B43
:10A7000016624FF4827156613846DFE70EFCFFFF98
:10A71000681F040070B4C468C1F34701C4F8881509
:10A720000021C4F8041187B0D4F804610496049E93
:10A73000C4F82411D4F824610396039EC4F8601170
:10A74000D4F860610296029EC4F85011D4F85061AA
:10A750009DF828500196019EC4F84425C4F8483558
:10A7600095B14FF48073C4F80032C4F84811D4F89E
:10A7700048310593059A01234FF4A4712362A36025
:10A7800007B070BCFFF798BF01234FF400724FF47D
:10A790008271C4F800222362A36007B070BCFFF787
:10A7A0008BBF00BFF0B5C468C1F34701C4F888157A
:10A7B0000021C4F8041183B0D4F804710197019FFB
:10A7C000C4F82411D4F824119DF820600091009958
:10A7D000C4F83425C4F838356EB901234FF48052DB
:10A7E0004FF48271C4F800222362236003B0BDE8F5
:10A7F000F040FFF761BF012626624FF4AE7126607C
:10A800000546FFF759FF08B103B0F0BDEB682846D5
:10A810004FF4A471DE6103B0BDE8F040FFF74CBF18
:10A8200010B514310446FFF78BFD204610BD00BF64
:10A83000A1F10801FFF7F4BF0D4B03F1080230331B
:10A8400010B50446026083602430FFF7B3FA04F1C8
:10A850001400FFF77DFD04F11000FFF779FD054BB3
:10A86000236000232046E380FBF780FC204610BDD8
:10A87000B81F0400241804000F4B03F10802303302
:10A8800010B50446026083602430FFF793FA04F1A8
:10A890001400FFF75DFD04F11000FFF759FD074BB1
:10A8A00023600023E3802046FBF760FC204605F090
:10A8B000ABFF204610BD00BFB81F040024180400E1
:10A8C0002DE9F8433D4D0560002545600446994655
:10A8D00017460E46FBF7DCFB394921602831A160A1
:10A8E00004F11000FFF716FD04F1240804F1140030
:10A8F000FFF710FD04F108014046FFF73DFA314A29
:10A900003149A4F804900C6025734046C2F8005504
:10A910002946FFF765FA3B682C4A1B68934239D1F8
:10A9200033682B495A688A423CD11B6C294A9342AE
:10A930003FD1244B3A7CC3F84025317C264AC3F8EA
:10A94000441591682548C1F8B400A2F540624FF063
:10A95000005107252020C3F804534FF0046682F805
:10A960001D03C2F88011032011602822C3F804657A
:10A970004FF48075C3F8080543F6FD6184F8202084
:10A980002046C3F81825C3F81C25C3F86455E161B7
:10A99000BDE8F88329463846984733680C495A6819
:10A9A0008A42C2D03046904733680A4A1B6C9342B1
:10A9B000BFD0002130469847BBE700BF24180400F1
:10A9C000C01F040000D00140508B0020FD7E03001A
:10A9D000457D03004D7D030000ED00E0A5AA0300C6
:10A9E00030B500F1100583B0044629461430FFF756
:10A9F000B7FC01A84FF40071FFF792FC01A92846AB
:10AA0000FFF7AEFC01A8FFF7A3FC2369024A043359
:10AA1000C2F8603503B030BD00D00140027B02B106
:10AA2000704738B5044D01240473C5F80045FFF79D
:10AA3000D7FF2C6038BD00BF00D001402430FFF7A5
:10AA4000AFB800BFA0F10800FFF7F8BF144BD3F870
:10AA5000003110B504462BB1037BF3B9104B002233
:10AA6000C3F800210E4BD3F8083133B163695B881A
:10AA700073B90B4B0022C3F80821094BD3F804210A
:10AA800012B10022C3F80421054BD3F8043110BDE4
:10AA900004F12400FFF702F9EBE7FFF7A1FFDDE780
:10AAA00000D00140024B186808B1FFF7CFBF7047D4
:10AAB000508B00200C4B03F1240270B50546036057
:10AAC000826000F1240600F12C04043C2046FFF7CC
:10AAD0003FFCA642F9D1054B2B6000232846EB80B2
:10AAE000FBF744FB284670BD042004002418040032
:10AAF0000E4B03F1240270B505460360826000F13D
:10AB0000240600F12C04043C2046FFF721FCA64259
:10AB1000F9D1074B2B600023EB802846FBF726FB7F
:10AB2000284605F071FE284670BD00BF04200400D1
:10AB3000241804002DE9F843594C046000244460B3
:10AB400005460E4690469946BDF82070FBF7A0FAE0
:10AB50005448EE6000F12403AB60286005F1240046
:10AB6000FFF7D8FB05F12800FFF7D4FB4E4EE9684C
:10AB70004E4890FBF9F000014FF0802301224FF482
:10AB80007F4CB0F5004FAF80C5F82C806C616C74C1
:10AB90002C74A5F820C0AA74EA743360C1F800458B
:10ABA000C6E90133F36077DB2346013340FA03F251
:10ABB000B2F5004FF9DA072B30DD3D4800230224BF
:10ABC000C1F804350122C1F810458142C1F8483569
:10ABD0004FF00404C1F82835C1F84C35C1F82C35C4
:10ABE0004FF03003AA74EA74C1F81425C1F800428A
:10ABF000C1F8043330D02F4B99423FD02E4B9942AD
:10AC00001CD0E86A0268012352682B74C1F8003531
:10AC100005F1080190472846BDE8F8831C4612FA62
:10AC200003F348BF0F331B11C1F80C45C1F80825C9
:10AC3000EB611E4A92FBF3F3AB61BEE71F4A204B68
:10AC400092682049C2F8C8101F480422C3F8842122
:10AC50005A60E9688560D4E71B4A184B15609A680A
:10AC60001A49C2F8B010A3F540634FF08052C3F800
:10AC700080211A60E9680F4B9942BFD10F4A104BEF
:10AC800092681349C2F8C4100F480222C3F8842105
:10AC90005A60E9684560B1E702462346BFE700BF56
:10ACA0002418040004200400548B002040420F00AC
:10ACB00000C00140001002400020024000ED00E012
:10ACC00000E100E0F9AE0300648B0020D9AE030080
:10ACD000E9AE030080697047C368D3F80805704780
:10ACE0000901B1F5004F10B41DDB0023013341FA17
:10ACF00003F2B2F5004FF9DA072B18DC1C4612FA02
:10AD000003F3C16848BF0F331B11C1F80C45C1F8EC
:10AD10000825084AC36192FBF3F3002283611046C1
:10AD20005DF8044B704700240A462346E7E76FF4BA
:10AD30007A72F4E740420F00C0697047C2748174B0
:10AD4000C36839B93022C3F81415C3F80012C3F828
:10AD500008237047012004213022C3F81405C3F8EA
:10AD60000012C3F80423704770B590F921308B426C
:10AD700082B03ED04369B3B9827C002A36D0427C8F
:10AD8000002A33D0C27C8ABBC268204D02EB41123C
:10AD9000B1FA81F149090824C2F82055C2F82445C6
:10ADA00080F8211022E00D46C16A0B6805F1090602
:10ADB00004461B6800EB860601A8984701A93046A7
:10ADC000FFF7CEFA01A8FFF7C3FA04EB8503E168A9
:10ADD0005B6A626901EB4511181DC1F820055B88AB
:10ADE000013A5B10C1F8243501236261184602B0B4
:10ADF00070BDC368002201245C604FF47F4113469C
:10AE000042740184184602B070BD00BF548B00200C
:10AE100038B54369817C01330446436119B1637CD1
:10AE200063B1002038BDFFF79FFFC8B1E36801227E
:10AE30009A60A37C002BF2D1002038BD01256574F7
:10AE400094F820102046FFF78FFF94F820302B4411
:10AE50002B4084F820303BB9E36801229A60E0E798
:10AE6000E37C002BE5D0E1E763691BB90023637441
:10AE7000002038BD29462046FFF776FF94F82030A1
:10AE8000013303F0010384F82030002BEED1E3E717
:10AE9000A0F10800FFF7BCBF38B5C368D3F8102194
:10AEA000044672B9D3F8143103B938BD002584F8CB
:10AEB000205001212046FFF757FFE368C3F81451E3
:10AEC00038BD012380F820300021FFF74DFFE368F3
:10AED0000022C3F81021E5E7024B186808B1FFF71C
:10AEE000DBBF7047648B0020024B586808B1FFF746
:10AEF000D3BF7047648B0020024B986808B1FFF7FE
:10AF0000CBBF7047648B0020032A23DC70B502F5A9
:10AF1000AC76C2680B7C52F826209A4218D00B6897
:10AF20000C4605469B6D08469847236800211B6820
:10AF3000204698472368EA68217C42F8261020467C
:10AF40009B6D9847E38843F00803E380002070BDC1
:10AF5000002070BD6FF47A70704700BF70B4C56890
:10AF60000C7C00234FF0FF3605EB83020133D2F84F
:10AF70006005A04208BFC2F86065042BF4D1CB88FD
:10AF800023F008030020CB8070BC70476FF47D7005
:10AF9000704700BFC1600020704700BF0279D20730
:10AFA0002ED5C28802F0E10238B5044682B1017C98
:10AFB00001F01F002029134A38BF4FF0A04201239F
:10AFC000D2F810258340134214BF0120002038BD61
:10AFD00003689B6D9847217C0A4AE3881F2998BF24
:10AFE0004FF0A04201F01F0002EB800243F001038A
:10AFF000D2F8005725F00305C2F80057E380D9E7DF
:10B00000014870470003005016FCFFFF10B50368AD
:10B0100004461B6C9847236820465B68BDE81040D7
:10B02000184700BFF0B40479A40728D5002922DB13
:10B03000002A20DD002B1EDDB4294FF47A74A8BF4E
:10B04000B42104FB01F10F4F05680F4EED6A89082A
:10B05000A7FB017102EBD277A3EB670304FB03F3B9
:10B06000890802FB013286FB0231D2172B46C2EB64
:10B07000A111F0BC18476FF47A70F0BC7047034818
:10B08000FBE700BF176CC116D34D621016FCFFFF23
:10B09000C08800F00500003018BF0120704700BFD5
:10B0A000037C0B4A1F2B98BF4FF0A04203F01F03F5
:10B0B000D2F81415012202FA03F30B4206D1C0881C
:10B0C00000F00A00003018BF01207047104670479A
:10B0D00000030050C08810F0030018BF0120704723
:10B0E000C08800F00C00003018BF0120704700BF7E
:10B0F00003684FF47A725B6B02FB01F1184700BFE3
:10B1000008B503689B6B9847024BA3FB003080098E
:10B1100008BD00BFD34D6210027C0F4B202A38BF00
:10B120004FF0A04302F01F0203EB82030129D3F882
:10B130000027417122F00C0207D0022908BF42F01B
:10B140000C02C3F800270020704742F00402C3F845
:10B1500000270020704700BF00030050D0F81035D2
:10B1600021EA0301C0F81815704700BFD0F8103568
:10B170001940C0F818157047704700BF10B5044655
:10B1800005F042FB204610BDC3882DE9F04104467E
:10B19000180714D52B4DDFF8BC8005F10C06FF27EE
:10B1A00055F8040B40B12146FFF7D8FE55F8042CA2
:10B1B000D8F800309A4238D0B542F1D1E388D906A8
:10B1C00005D5606928B1026852699047E3885A063C
:10B1D00020D413F0E00F16D0207C1B4A1B4D1F28F3
:10B1E00000F01F0198BF4FF0A04202EB8102D2F89D
:10B1F000001721F44031C2F800172A68012181406C
:10B2000022EA01022A6003F410630022E3806261F3
:10B21000BDE8F0816569002DDBD0284602F0CAF850
:10B22000284605F0F1FAE388D3E7094B207C191D85
:10B2300013F9012B824208BF03F8017C9942F7D130
:10B24000BAE700BF648B002000030050488C002048
:10B250001C800020388C002003799A0719D5C388F8
:10B260005B0710B5044606D403689B6D9847E388D6
:10B2700043F00403E380084B186840B1214601F015
:10B28000F9FA20B101F0E2FAC0F30F1010BD034843
:10B2900010BD0248704700BF348C002016FCFFFF31
:10B2A000C3881B0735D570B51B4D1C4C28682DED88
:10B2B000028B0E46FFF710FD08EE900A3146286813
:10B2C000FFF70EFDF8EEE88A04F1080623882868E7
:10B2D00007EE103AB8EE478AFFF7FEFC07EE900A39
:10B2E000B8EEE77A27EE087AC7EE287AFCEEE77A1E
:10B2F00017EE903A24F8023BB442E7D1084B0749D5
:10B3000018680822012302F0A1F9BDEC028B00208D
:10B3100070BD0448704700BF388C00203C8C002072
:10B32000448C002016FCFFFF38B50379DB0739D5C4
:10B33000027C012302F01F04A34069B91A491F2AA5
:10B340008CBF0A464FF0A042C2F80C35C38813F0F8
:10B3500002050DD0002038BD13491F2A8CBF0A46B4
:10B360004FF0A042C2F80835C38813F00205F1D1AE
:10B37000036804469B6D9847227C0B4BE1881F2A8B
:10B3800098BF4FF0A04302F01F0203EB820341F08D
:10B390000202D3F8001741F00101C3F80017284654
:10B3A000E28038BD014838BD0003005016FCFFFFA5
:10B3B00038B5027C1B4B202A38BF4FF0A04302F067
:10B3C0001F020125D3F8144505FA02F2144224D1D4
:10B3D0000D460446D1B9C3F80C2518461146FFF7AF
:10B3E000C5FE217C0F4B202938BF4FF0A043D3F876
:10B3F0001435134213D0236820469B6D9847236869
:10B4000029461B6820469847002038BDC3F8082508
:10B4100018461146FFF7A2FEE3E7002038BD0248B8
:10B4200038BD00BF0003005012FCFFFFC3881B079C
:10B4300003D5034B1868FFF77FBC0248704700BF75
:10B44000388C002016FCFFFF70B5044615464FF4FB
:10B45000807600220D4821812F2D23712574E680EE
:10B460002060E260627102D93220FAF70DF8084AD2
:10B470000849094B42F8254000204FF00045402282
:10B480006061C1F804531A60204670BD3420040086
:10B49000708B00200060004000E100E00379DB07D2
:10B4A00041D570B5C388DA0682B00D46044603D58F
:10B4B000C3F3C023994234D0236820469B6D98473C
:10B4C000012D1ED0236820465B689847182005F0A0
:10B4D000A4F9002322892146CDE900330123064641
:10B4E000FCF7DEFCE388666123F400639BB243F063
:10B4F0001003E38033689B69304602B0BDE87040BA
:10B500001847282005F089F9084A4FF0FF331268E0
:10B510002146064601F0E0FFE388666143F40063DC
:10B52000E5E74669E6E70248704700BF308C002037
:10B5300016FCFFFFC188C1F3C021FFF7AFBF00BFFA
:10B5400010B5044684B00A46002368462189FEF7F8
:10B550006DFE63694BB1029A99699A616846521A05
:10B560000023CDE90223FEF78BFE04B010BD00BF1F
:10B5700010B5C388590688B0044609D49A060DD47C
:10B580001B0603D5E3680BB10120984708B010BD36
:10B590000521FFF7D5FFE3889A06F1D500230120A6
:10B5A000002221890290CDE9002304A80222FEF79F
:10B5B0004DFEE388E4E700BF10B5C388590688B0A4
:10B5C000044609D49A060DD41B0603D5E3680BB1D3
:10B5D0000020984708B010BD0421FFF7B1FFE388B1
:10B5E0009A06F1D500230120002221890290CDE99D
:10B5F000002304A80322FEF729FEE388E4E700BF46
:10B60000234BD3F87C21002A41D02DE9F0410024BE
:10B61000204E214FC3F87C4101254FF0A04806E0A1
:10B62000C2F800C7FFF7C8FF0134202C24D03268CD
:10B6300005FA04F31342F7D057F82410A2000029AA
:10B64000F2D0D8F82005034202F1A042ECD0D2F8A3
:10B650000037C3F3014E23F44030BEF1020F40F433
:10B66000003C0846DCD143F44033C2F800370134D3
:10B67000FFF77EFF202CDAD14FF0A041074A4FF0B0
:10B68000FF33C1F82035C2F82035BDE8F08170479E
:10B6900000600040488C0020708B002000030050A8
:10B6A000F8B5C38813F0E00F04460D461ED023F012
:10B6B000E003022D4FF000019BB243D0032D06D0D2
:10B6C000012D08BF43F08003E3800020F8BD43F064
:10B6D0004003E3800029F8D0202005F09EF82146A1
:10B6E000054601F001FE65610020F8BD036841795F
:10B6F0009B689847227C194B1F2A98BF4FF0A043A4
:10B7000002F01F0603EB8601D1F8007727F44037DB
:10B71000C1F80077D8B1D1F8000740F44030C1F843
:10B720000007012101FA06F60D48C3F820650668F6
:10B73000E38801FA02F2324323F0E003022D0260B3
:10B740009BB2BBD143F02003E3800020F8BDD1F8C9
:10B75000000740F40030C1F80007E2E700030050A2
:10B76000488C002000B583B0042920D8DFE801F020
:10B77000100A0A0A030003689B6A9847002003B076
:10B780005DF804FBFFF78CFF002003B05DF804FBBD
:10B79000C38803F0F0031BB9084603B05DF804FB4F
:10B7A000036801919B6D984701990846E7E76FF49C
:10B7B0007A70E4E738B5C3885B0604460D4605D5C4
:10B7C00029466069BDE8384001F0FCBC0368084ABE
:10B7D0001B6D93424FF0030107D1FFF761FF29462C
:10B7E0006069BDE8384001F0EDBC9847E8E700BF6C
:10B7F00065B70300027C0A4B202A38BF4FF0A043F4
:10B8000002F01F0203EB8203D3F8002722F4E06268
:10B8100009B142F44072C3F800270020704700BF0E
:10B8200000030050F0B5154C236883B0CBB1144D24
:10B830002E6816B1002003B0F0BD302004F0EDFFFB
:10B8400013230746226800930E493223FFF772F94B
:10B850003846314601222F60FFF770FA002003B00E
:10B86000F0BD382004F0D9FF054601F0B5FE2846AA
:10B870000321256001F05AFED9E700BF448C002067
:10B88000388C002000C0014003799A0754D5B1F5E7
:10B89000806F53D22DE9F0412A4F067C3A464FF093
:10B8A000FF34002312F9015BB54208BF1C46013387
:10B8B000042BF7D1631C0D4606462AD0DFF89C8086
:10B8C000F388D8F8000043F00803F380FFF704FA88
:10B8D00007EE905ADFED1C6A1C4D1D4AB8EEE77A60
:10B8E000F7EE007AE7EE667A2946012307EE100AA2
:10B8F000B8EEC77A106867EE877A0822FDEEE77A1D
:10B9000017EE906A25F8146001F0A0FE0020BDE853
:10B91000F081FFF787FF0F4BDFF840801C78317C08
:10B92000D8F80000013404F00304224639553146AA
:10B930001C70FFF7E9FAC3E7074870476FF47A70A5
:10B94000704700BF1C8000200000803A3C8C002023
:10B95000448C0020FE81002016FCFFFF388C002064
:10B9600070B5144D2DED028B044608EE101AFFF74A
:10B9700059FF2868FFF7E0F944F62061884202D0B9
:10B980002868FFF7ADF9DFED0C7A9FED0C7A23689C
:10B99000B8EE488A204628EE278ADB68C8EE077A88
:10B9A000BDEC028BBDE87040FDEEE77A17EE901A11
:10B9B000184700BF388C00200000804400409C469F
:10B9C000082A4FF000034175837514BF6FF47A7035
:10B9D00018467047704700BF10B5044604F014FFC6
:10B9E000204610BD264BC26910B49A424FF00004A5
:10B9F00084751ED0234B994214D8234B994230D8DA
:10BA0000224B994229D8224B994231D8214B994255
:10BA100032D8214B99428CBF4FF080634FF00073B6
:10BA2000036102E04FF00043036100205DF8044B26
:10BA300070471A4B994209D8194B9942DAD94FF0FD
:10BA4000206303615DF8044B002070474FF0A05362
:10BA500003615DF8044B002070474FF00053036111
:10BA6000E3E74FF0804303615DF8044B002070472B
:10BA70004FF080530361D8E74FF000630361D4E7D0
:10BA800000F00240FF117A00FF083D007F841E0095
:10BA90003F420F001FA107008FD00300FF47E801BE
:10BAA000FF23F400C369D3F8182182B100B5002246
:10BAB000C3F8182187B0D3F81811036A01910199CE
:10BAC00033B10262406A984707B05DF804FB7047E3
:10BAD00001230322182102A8FEF7A8FBF4E700BF08
:10BAE000F8B50446C0680121A17508B1FFF782FED0
:10BAF000606800286ED00121FFF77CFE6068002896
:10BB000068D0036800211B6898476368A0681D7CA3
:10BB1000002864D003685B689847A368E0681E7CCF
:10BB2000617D002861D00368012994BF00210121B3
:10BB30001B689847E368617D1F7CE36920690139D0
:10BB4000C9B200220229C3F8002598BF2C4AC3F8C5
:10BB5000087598BF52F82110C3F80C5588BF1146DC
:10BB600094F91420C3F810650025C3F82405AA42EF
:10BB7000C3F854154FF042004FF00701C3F8C05509
:10BB8000C3F80403C3F8001532DB02F1604202F58A
:10BB90006142E02382F8003394F91430002B13DB68
:10BBA0005909603103F01F030122164802FA03F31A
:10BBB00040F8213094F91430002B05DB03F01F010D
:10BBC0005B098A4040F8232021690F48BDE8F8400E
:10BBD000FAF7E8BBA0684FF0FF3500289AD1E0687B
:10BBE000617D4FF0FF3600289DD14FF0FF37A4E76D
:10BBF000064B02F00F021344E0221A76CCE700BF96
:10BC00009820040000E100E0A4200400FCEC00E027
:10BC100038B504460498134DE360C4E90112256069
:10BC2000A8B100F0A5FBE061B8B100F0E7FBE16965
:10BC3000207500234FF0805208462261A37563757A
:10BC400023622246084900F00DFC204638BD04203E
:10BC500000F0B0FBE0610028E7D15A20F9F714FCAE
:10BC6000E069E2E7C4200400A5BA03002DE9F0472B
:10BC7000847D82B005468A46DDE90A8716469946E4
:10BC80002CB3B6F5803F35D2B8F5803F32D2EC699F
:10BC90000020C4F844A5C4F84865C4F83495C4F835
:10BCA0003885C4F81801D4F818310193019BC4F801
:10BCB0005005C4F840056FB1012240230C992F6252
:10BCC00069622261C4F8043302B0BDE8F087FFF76F
:10BCD00007FFD6E703211820FAF74CFDEB69012195
:10BCE00040221961C3F80423FAF7C8FE384602B0AF
:10BCF000BDE8F0876FF47A70E6E700BFF0B585B075
:10BD0000B2F5803F144606460F469C460A9D02D275
:10BD1000B5F5803F09D363462246394630460A9539
:10BD200005B0BDE8F04001F09BB900240095CDE9D5
:10BD30000144FFF79BFF05B0F0BD00BF2DE9F041C6
:10BD4000DDE90664DDF82080C4B1B2F5803F074626
:10BD50008C4615469E4602D2B6F5803F0AD3CDE901
:10BD60000748069673462A4638466146BDE8F041C4
:10BD700001F0A2B9BDE8F041FFF778BF6FF47A7027
:10BD8000BDE8F08130B585B000250122C17500F114
:10BD9000180300F11701CDE9015500920446FFF7A1
:10BDA00065FFA842ACBF207E014805B030BD00BF92
:10BDB0000AFCFFFF007A704790F910304901002B10
:10BDC000C9B207DB03F1604303F56143002083F848
:10BDD00000137047034A03F00F031A440020117642
:10BDE000704700BFFCEC00E090F91030002B11DB35
:10BDF0005A0910B460320A4C03F01F03012101FA02
:10BE000003F344F8223043695DF8044B012200201B
:10BE10001A607047436901221A600020704700BF12
:10BE200000E100E090F91030002B07DB03F01F0069
:10BE300001225B090249824041F82320002070471B
:10BE400000E100E010B503680446DB6A98476369C7
:10BE500001225A60002010BD90F91030002B0DDB3C
:10BE60005A0920320121064803F01F0301FA03F3A7
:10BE700040F82230BFF34F8FBFF36F8F0020704721
:10BE800000E100E038B503680546DB6A98476B6956
:10BE90000122DA60DC68002CFCD12B6828465B6A42
:10BEA0009847204638BD00BF012902D006D3022999
:10BEB00002D14369C3F8041500207047436900228A
:10BEC000C3F8042500207047437A013B99420FDCF8
:10BED00010B44FF48033446901F5A87003FA01F1FE
:10BEE00044F820200020C4F804135DF8044B704788
:10BEF0006FF47A70704700BF437A013B994211DCBE
:10BF000030B4446904EB81054FF48033D5F8400523
:10BF100003FA01F10244C5F840250020C4F80413D7
:10BF200030BC70476FF47A70704700BF437A013BB2
:10BF3000994208DC42694FF4803303FA01F1C2F8F8
:10BF40000813002070476FF47A70704738B50368A3
:10BF50000446DB6A9847636922680121D964D3F8F3
:10BF60004C55536A20469847284638BD032907D8C0
:10BF7000DFE801F01009020243690222C3F8082534
:10BF800001720020704743690022C3F8082501723E
:10BF90000020704743690122C3F808250172002080
:10BFA000704700BF10B5044B036000230446C380F4
:10BFB000FAF7DCF8204610BD2418040010B5064B33
:10BFC000036000230446C380FAF7D0F8204604F04B
:10BFD0001BFC204610BD00BF2418040038B50246E3
:10BFE000B1B190F91030002B1BDB5D090F49104CEB
:10BFF00051F8251003F01F0321FA03F303F00101A8
:10C00000DB07217002D50368DB6A9847002038BD42
:10C01000074B1B78002BF9D013685B6A9847002008
:10C0200038BD034B00221A70002038BD00E100E04B
:10C03000A88C0020B1F57A5F14D830B40022012515
:10C040004FF47A5405FA02F3B4FBF3F3994205D3A3
:10C05000436930BC0020C3F8102570470132092A1B
:10C06000F0D1F5E76FF47A70704700BF0E4BF0B473
:10C0700053F82070B7B100237E6918469C4601250D
:10C0800006EB830205FA03F4D2F84011013319B12B
:10C090002043C0B2C2F840C1042BF1D1FB680BB100
:10C0A000F0BC1847F0BC70474C8C00200020FFF714
:10C0B000DDBF00BF0120FFF7D9BF00BF0220FFF79F
:10C0C000D5BF00BF0320FFF7D1BF00BF0420FFF79B
:10C0D000CDBF00BFF8B52D4B036000264660044677
:10C0E0000D461746F9F7D4FF29492A482774032338
:10C0F0008D42E6606561206063723CD0264A9542BD
:10C1000030D002F58032954237D1244A204642F899
:10C110002340FFF7A1FE94F9103062690121002B42
:10C12000516021DB03F1604303F56143402283F852
:10C13000002301231A464FF47A51092B02FA03F027
:10C1400003F1010504D0B1FBF0F0B0F57A7F1BD804
:10C15000626902250321C2F810352046C2F808554D
:10C160002172F8BD0223D0E70D4A03F00F031A44F1
:10C1700040231376DDE70123C7E70A4B9D4208BF42
:10C180000423C2D03346C0E72B46D6E72418040068
:10C1900000900040E820040000A000404C8C0020EB
:10C1A000FCEC00E000B00140054A1378013B5BB2B3
:10C1B000002B01DD137070470023137062B67047C7
:10C1C000A98C002072B6024A1378013313707047AD
:10C1D000A98C002020BF70474FF0805130B44C6EC6
:10C1E000086E0022234642EA00042046194630BC6D
:10C1F000704700BFBFF34F8F0549064BCA6802F472
:10C20000E0621343CB60BFF34F8F00BFFDE700BF79
:10C2100000ED00E00400FA05704700BF08B50B4BC5
:10C220000122C3F8402502210022930003F1A0431C
:10C230000132202AC3F80017C3F8001AF5D1FFF71E
:10C24000EBFFBDE80840EFF7A9B900BF00E00140EF
:10C2500000487047000004204020F2F769BC00BF8E
:10C260008163704741637047C1637047C06B70471B
:10C27000EFF30880704700BF406B7047C0E90012C1
:10C280008360704770B5094D094CAE682046314651
:10C290004FF48072F7F7A6F9AC60AB6805483146F9
:10C2A0002246BDE87040FAF77DB800BF00ED00E01F
:10C2B000008400203C2104002DE9F041036804467D
:10C2C0001B6882B00E460021174698472549227CFC
:10C2D00025480B68202A4FF0010402F01F0234BFEA
:10C2E0004FF0A0488046234004FA02F209D11F4CC7
:10C2F000E06840F08070E0604B600B6843F0010341
:10C300000B60184C616863685B1AB3F5C85FFAD3B9
:10C310000192FFF757FF60681249019A4FF0000C35
:10C320008025C8F8082516F80C302B4214BF00F100
:10C33000340400F119046D0800F1500004BF0CF141
:10C34000010C80254B68A342FCD36745C8F80C2537
:10C3500003DD4B688342FCD3E3E702B0BDE8F04164
:10C36000FFF722BF001000E000030050F0ED00E0F6
:10C37000F0B40E4F0E4E3C680523012505FA03F27A
:10C38000224203EB430103F1FF3303D156F821109E
:10C39000814205D05A1CF1D100210846F0BC7047FB
:10C3A00022433A600846F0BC704700BF648C00200E
:10C3B0005C210400F0B40F4FDFF83CC03C686246DB
:10C3C0000523012505FA03F1214202D1566C3042C2
:10C3D00007D1013B591CA2F10C02F3D10020F0BCA3
:10C3E000704703EB430321435CF823003960F0BC42
:10C3F000704700BF648C00205C21040008B5174B17
:10C40000984218D0B0F1402F1ED003F50033984267
:10C410001CD0A3F5043398421AD003F53433984264
:10C4200018D0A3F5E043984216D05A20F9F72CF81B
:10C430004FF0FF3008BD0023094A03EB430302EB32
:10C44000830393F9040008BD0123F5E70223F3E712
:10C450000323F1E70423EFE70523EDE70030004075
:10C460005C21040038B5184B98420D46144620D084
:10C47000B0F1402F1FD003F5003398421DD0A3F533
:10C48000043398421BD003F53433984219D0A3F5F6
:10C49000E043984208BF052304D05A20F8F7F4FF80
:10C4A0004FF0FF33094A0A4842F8235040F823402E
:10C4B00038BD0023F6E70123F4E70223F2E7032364
:10C4C000F0E70423EEE700BF00300040688C002056
:10C4D000808C0020024A034B10681B68184700BF7D
:10C4E000808C0020688C0020024A034B50685B68F7
:10C4F000184700BF808C0020688C0020024A034B44
:10C5000090689B68184700BF808C0020688C0020D2
:10C51000024A034BD068DB68184700BF808C0020BC
:10C52000688C0020024A034B10691B69184700BF42
:10C53000808C0020688C0020024A034B50695B69A4
:10C54000184700BF808C0020688C0020002815D080
:10C55000006041608260C360046145618661C761BB
:10C56000444604624C464462544684625C46C4625B
:10C57000644604636E46466374468463002906D0AD
:10C58000C46B043C043925680D60B442F9D1946B46
:10C59000A646566BB546002B06D0D46B043C043B34
:10C5A0001D682560B442F9D1146BA446D46AA34631
:10C5B000946AA246546AA146146AA046D76996694D
:10C5C00055691469D36851681068926870470060B3
:10C5D00041608260C360046145618661C761444611
:10C5E00004624C464462544684625C46C4626446BB
:10C5F00004636E46466374468463C46B043C04392A
:10C6000025680D60B442F9D1C76986694569046936
:10C610007047006041608260C3600461456186616B
:10C62000C761444604624C464462544684625C4698
:10C63000C462644604636C4644637446846304695C
:10C640007047846BA646446BA546046BA446C46A37
:10C65000A346846AA246446AA146046AA046C76902
:10C66000866945690469C3688268006841687047E3
:10C670000649074A074B9B1A03DD043BC858D050B4
:10C68000FBDC00F0B3FAFFF7C9FD000058290400F5
:10C690000080002000840020FEE7FEE7FEE7FEE7C2
:10C6A000FEE7FEE7FEE7FEE7FEE7FEE730B5C57B07
:10C6B000818983B07D35044600EB850501A8FDF72F
:10C6C0002FFE01A92846FDF74BFE01A8FDF740FE0D
:10C6D000E57BD4F8FC110E4AA38904EB85054800DC
:10C6E000D5F8F4110431C2F82C16A17B01FB00F13E
:10C6F00093FBF1F001FB10315B1A03EBD3730121C3
:10C700005B10C2F83036C2F80015116003B030BDBE
:10C710000070004038B50546006903680C465B6B45
:10C7200000219847286903684FF47A519B6C984719
:10C73000A97B01290B46B8BF012303EB830394FBBC
:10C74000F3F3FF2B2FDC5B103ED000225B1002F1D5
:10C750000102FBD107EE904AF8EEE77AB3EE007AD9
:10C76000012967EE877A20D9184B0022C3F8F425F7
:10C770002869174C0368FDEEE77A9B6B17EE902A49
:10C78000002198472B69134A5B69012103F5A075C5
:10C790000220C3F80012C2F81855C2F81C45C2F8AE
:10C7A0000405D96038BD8023CFE7012303FA02F1E5
:10C7B00007EE101A0549B8EEC77AC1F8F425C7EE9E
:10C7C000877AC5F8FC31D3E71A46C3E7007000400A
:10C7D0000470004000F001400346807B10F001002F
:10C7E00014D0D97B0A0102F1804202F5E042002018
:10C7F0000131C2F81015C2F814059A7B02F0FE024E
:10C800009A739A7B42F010029A7301209A7B9107E7
:10C8100013D5DA7B120102F1804202F5E0420021D9
:10C82000C2F81015C2F814159A7B02F0FD029A7333
:10C830009A7B02F0EF029A7301209A7B120704D5CB
:10C840009A7B02F0F7029A7301207047837B084AB3
:10C85000082143F004038373C2F80413837B13F0AD
:10C860000403FBD10289120448BF03810089704789
:10C870000070004070B50D460446097C1D48FDF768
:10C8800009FE20B3297C1B48FDF7C0FD461E35017B
:10C89000AB1B04EB830393F82220D10612D493F848
:10C8A0002220D20605D493F8222042F0010283F818
:10C8B0002220A37B0133DBB2012BA37308D00E4BE4
:10C8C00001229A60AD1B04EB850404F1140070BDD5
:10C8D000A81B04EB80001430FFF77EFF064BD3F853
:10C8E0000035002BEED1A37B002BEBD02046FFF7C9
:10C8F000DDFEE7E7A4210400007000402DE9F04FC1
:10C90000847BE40685B05AD50C68857BB4F8028038
:10C910004FEA680805F0FB05904585734FDD043448
:10C9200004EB480804EB420700E0A846A8F1020522
:10C93000EC1B641094FBF3F603FB1644002CF4D1BB
:10C94000B5F900200281827B920638D5012B06467C
:10C950004DD0B0F90A1040680A1DB84500EB020B33
:10C96000B0F802902BD95D00331DA246019307E079
:10C97000B6F90A1049451CD0B84520D9B6F90A10B5
:10C98000494504F101041DD00E9BB7F900109C42EB
:10C990002F448A44ECD19AFBF4F4ABF8004071893F
:10C9A000023109B2002449450BF1020B7181A24604
:10C9B000E2D106F11000FDF771F9B845DED805B0F7
:10C9C000BDE8F08FB6F90C1003A8FDF7A9FC03A988
:10C9D0000198FDF7C5FC03A8FDF7BAFC72684FF09B
:10C9E00000037381B2F8029002F1040BCCE704302B
:10C9F000FDF7B6FC73685B88738106F11000FDF7E4
:10CA00004DF9DCE72DE9F0476A4BD3F8042184B0F7
:10CA100007461AB9D3F81431002B5ED097F80FA04F
:10CA2000644D0AF1010303F00103FB73D5F83416DA
:10CA30000AF17D0A07EB8A0A002449005046A946FC
:10CA4000FDF79EFC2646A04607F1140507E02846A0
:10CA5000FFF7C2FE082C05F13C05064421D004F185
:10CA600051031B01013459F80330002BEFD051461C
:10CA700003A8FDF765FCD7F8FC21BB7B009203A956
:10CA800042462846FFF73AFF03A8FDF761FC284617
:10CA9000FFF7A2FE082C08F1010805F13C05064449
:10CAA000DDD1444BD3F8042112B10022C3F8042194
:10CAB000404BB97BD3F81421002A4CD0FA880020CF
:10CAC000D407C3F8140120D4864244DDE9B9C3F881
:10CAD0000C11384B0022C3F80025364DD5F8003133
:10CAE000002B43D1334BD3F80C215AB1D3F8042394
:10CAF000120707D5082000210122C3F80803C3F854
:10CB00000C119A6004B0BDE8F087D7F8FC01BB892E
:10CB1000284C400001FB00F093FBF0F500FB1530C2
:10CB20001B1A22F0010203EBD3735B1092B20020B8
:10CB3000FA80C4F80005C4F83036D4F80035002B6C
:10CB400032D042F001020123FA80A360194B012286
:10CB5000C3F800251A60174B0022C3F80C210029E6
:10CB6000B7D0144DD5F80031002BBBD0FC7BB98970
:10CB7000013404F0010404F17D0607EB860603A8E6
:10CB80007C34FDF7CDFB07EB840703A93046FDF7A6
:10CB9000E7FB03A8FDF7DCFB7B6800220433C5F844
:10CBA0002C36C5F800219DE7B9683846FFF7B2FD7D
:10CBB000B97BCBE700700040024B186808B1FFF763
:10CBC00021BF7047988C0020BFF34F8F0549064B5B
:10CBD000CA6802F4E0621343CB60BFF34F8F00BF1B
:10CBE000FDE700BF00ED00E00400FA05804B1B6884
:10CBF000082B10B574D14FF080414FF080520020C7
:10CC0000C1F80C017B4BC1F81001C1F83805D2F80E
:10CC10000414C3F82015D2F80814C3F82415D2F868
:10CC20000C14C3F82815D2F81014C3F82C15D2F838
:10CC30001414C3F83015D2F81814C3F83415D2F808
:10CC40001C14C3F84015D2F82014C3F84415D2F8C8
:10CC50002414C3F84815D2F82814C3F84C15D2F898
:10CC60002C14C3F85015D2F83014C3F85415D2F868
:10CC70003414C3F86015D2F83814C3F86415D2F828
:10CC80003C04C3F868055C49D2F84004C3F86C055D
:10CC90000968D2F84424C3F8702503293DD9564BBE
:10CCA0001B68032B03D8554AD35C002B4AD1524B47
:10CCB0001B68032B0AD8524AD35C3BB14C4B514AF8
:10CCC0001B684FF40071082B116009D14FF08043AD
:10CCD000D3F80024D10744BF6FF00102C3F8002449
:10CCE000494AD2F8883043F47003C2F88830BFF361
:10CCF0004F8FBFF36F8F4FF01023D3F80C22D20762
:10CD000058D4D3F80022002A2EDBD3F80432002BAB
:10CD10002ADB3E4B3E4A1A6010BD3E4B5B5C13B1B2
:10CD20003D4B3E4A1A603E4B5B5C002BB7D0304B0C
:10CD30003C491A68FB200433C1F81805082A1B680F
:10CD4000AFD0CDE73848394B294C1A6801682468C0
:10CD5000A3F5927321F00F0102F00F020A43082C91
:10CD60001B680260A5D0BBE7314A0123C2F8043535
:10CD7000D2F80034002BFBD04FF0102312212C4AA4
:10CD8000C3F80012D2F80034002BFBD04FF0102370
:10CD90001221274AC3F80412D2F80034002BFBD02A
:10CDA00000232349C2F80435D1F80034002BFBD00E
:10CDB000FFF70AFF1E4B0122C3F80425D3F8002415
:10CDC000002AFBD04FF01021194BD1F80C2222F091
:10CDD0000102C1F80C22D3F80024002AFBD0002164
:10CDE000134AC3F80415D2F80034002BFBD0DFE758
:10CDF0003001001000C0004034010010EC2104009C
:10CE0000EC2104004096024000ED00E02480002068
:10CE10000090D003EC2104008C56004048810300B0
:10CE2000EC21040000F00040E40E00405802001025
:10CE300000E001406FF47D70704700BF6FF47D70BB
:10CE4000704700BF6FF47D70704700BF10B584B0AD
:10CE500004AB046803F8012D00220092A4691A466D
:10CE60000123A04704B010BD10B584B004688DF84C
:10CE70000C20002200928DF80D30A469022303AA31
:10CE8000A04704B010BD00BF10B5012384B00468F2
:10CE9000CDE900330DF10F03646AA04708B99DF88E
:10CEA0000F0004B010BD00BFF0B585B004469DF87A
:10CEB0002C508DF80F201F4602680E4685B10123C5
:10CEC000009395690DF10F02A84738B923680090C7
:10CED0001D6A0A9B3A4631462046A84705B0F0BD78
:10CEE00053699DF80F209847EFE700BF2DE9F84FF1
:10CEF0009DF82870002A3CD0002B3ADD8846016856
:10CF0000DFF874901E464B684B458246144628D184
:10CF1000CD68DFF868B05D451BD1264405E00134DB
:10CF2000A6420AD0DAF80030DD685D45F7D02178F6
:10CF300050460134A847A642F4D117B10020BDE8FD
:10CF4000F88FDAF800309B684B450ED13846BDE8C3
:10CF5000F88F5FFA88F15046A847DAF80030DD68AC
:10CF6000DBE79847DAF80010D2E750469847384692
:10CF7000E5E76FF47A70E2E73DCE030045CE0300AB
:10CF80002DE9F04F83B09DF83090002A5AD0002B45
:10CF9000984657DD056892466B682C4A93420646D0
:10CFA0003DD1EB682A4FBB4241D1B8F1010F1BD0F4
:10CFB000A8F102080AEB080B0AF1FF3405E00B2088
:10CFC00004F8010FA3450BD035682D69BD42F6D09A
:10CFD00000213046A847C0B204F8010FA345F3D1A1
:10CFE00008F101083568C2442B69BB4212D10B20FD
:10CFF0008AF80000B9F1000F03D0002003B0BDE8AB
:10D00000F08F3368114A9B68934217D1484603B0AA
:10D01000BDE8F08F012130469847C0B2E8E70191A2
:10D02000984735680A4FEB680199BB42BDD041F083
:10D030000101C9B2304698473568B6E7304698478F
:10D040004846DBE76FF47A70D8E700BF3DCE0300B7
:10D0500045CE0300014B0360704700BFF821040078
:10D060002DE9F84FDDF828904A45904638BFC8466C
:10D07000B8F1000F1BD09B468A4605461746002490
:10D0800006E0A14588BF0BF80400013444450ED0EA
:10D090002B68A74288BF1AF804109E6898BF002129
:10D0A0002846B0470028ECDA0248BDE8F88F002097
:10D0B000BDE8F88F0AFCFFFF30B583B00468069D19
:10D0C0000095E468A047044A0446DDE90701F9F742
:10D0D000D1FB204603B030BDF16B03006FF47D70CF
:10D0E000704700BF82B070B50C4684B005464968F1
:10D0F000206802AC03C4039908AC481084E80C0013
:10D10000CB0745BF2A58029B029CD4580AAB2E1865
:10D1100093E803008DE8030008AB0CCB3046A04732
:10D1200004B0BDE8704002B0704700BF82B0D0B517
:10D13000069941600026002700F10804C0E9046751
:10D1400004A9204681E80C00F9F716FE18B9BDE8DD
:10D15000D04002B070472046F9F7E6FD2046BDE812
:10D16000D04002B0F9F7C2BD82B038B5D0E904456D
:10D1700004A981E80C0054EA050303D1BDE8384056
:10D1800002B070470446FAF7A9FCD4E904238B42A5
:10D1900008BF8242F2D200200021002304F10805DA
:10D1A000C4E9040163602846F9F7E6FD0028E5D0EC
:10D1B0002846F9F7B9FD2846BDE8384002B0F9F72E
:10D1C00095BD00BF38B5044679B900220023C0E9F7
:10D1D00004230023636004F10800F9F787FD606809
:10D1E000064B002808BF184638BD0D46FAF776FCF6
:10D1F000421941EBE573C4E90423EAE711FCFFFFA0
:10D200002DE9F041044682B00E461546103098468E
:10D21000BDF82870FDF72AF826806580182003F0F5
:10D22000FCFA08AB054693E803006A4682E803006F
:10D230002E4603CA46F80C8B0023084AEB6047F0E1
:10D240000207736068602046A780A560E360C4E9B8
:10D250000833A9606A6102B0BDE8F081E5D003003F
:10D260002DE9F04385B0BDF838806BB30C9C44B316
:10D270000F2902D1B8F1C00F26D1064628201C463E
:10D280000D46174603F0C9FA0CAB814693E803003C
:10D290003A468DE803002346CDF8088029464846E3
:10D2A000FFF7AEFF33680E4A5B6893420FD14846E2
:10D2B000F9F770FE484603F0A7FA0A4805B0BDE842
:10D2C000F0830D9CE407D3D46FF47A70F6E7304610
:10D2D000494698470028EAD105B0BDE8F08300BF71
:10D2E0001160030016FCFFFF2DE9F04305460446DC
:10D2F00045F8081B89B02846F9F7F4FC206828494E
:10D3000003681A6D00238A426360A36144D1254BF0
:10D3100004934FF0000804AACDF81480224FC68869
:10D32000B0F808C03B68DFF8889092E8030016F474
:10D33000807F4FF010068DE803000CBF0522042209
:10D340006146184602962346FFF78AFF174B3A6854
:10D35000CDE9063808AB13E9030023468DE8030046
:10D3600002961046232142F21072FFF779FF99F8D6
:10D37000003053B942F21073232242F210700021A0
:10D38000FAF7BCFB012389F800302846F9F7AEFC18
:10D39000204609B0BDE8F083032190472068B6E736
:10D3A000DDD003002DD103004C8B002069D1030098
:10D3B000AA8C0020F0B593B02F4B0268069300238F
:10D3C000079306ABB2F806C02C4EB2F808E03768F7
:10D3D0002B4D044693E803001CF4807F4FF0100CA3
:10D3E0008DE8030014BF042205222346714608A8D5
:10D3F000CDF808C0FFF704FF3B689B68AB4236D10D
:10D4000008A8F9F7C7FD1F4B04930023059304AB4D
:10D4100093E80300366810238DE80300029342F27C
:10D4200010722346232108A8FFF7EAFE33689B68A1
:10D43000AB4218D108A8F9F7ADFD2068124A03687D
:10D440001B6D93420CD1002100230020C4E904018C
:10D45000636004F10800F9F779FC204613B0F0BDD1
:10D4600000219847EFE7304608A99847E2E7384699
:10D4700008A99847C4E700BF2DD103004C8B0020BA
:10D48000C563030069D10300DDD00300C388DB0658
:10D4900006D4D0E907038342B4BF002001207047BF
:10D4A0000020704710B504468069054B236003686F
:10D4B0002146DB6998472046FAF750FC204610BD0C
:10D4C0002C22040010B50446FFF7ECFF204603F0C1
:10D4D0009BF9204610BD00BFF0B50C89164683B0FD
:10D4E00000251F4622460123CDE900550446FAF7E0
:10D4F000D7FC33680A4A2562C4E9066722609B6943
:10D50000304621469847AF4206DAE388E56143F0AA
:10D5100010030A22E3802262204603B0F0BD00BF60
:10D520002C2204004162704740687047416000202F
:10D53000704700BFF0B58B68CD699D42A8BF1D46FE
:10D540000C4683B02946064604F10C0701A8FCF7F7
:10D55000E7FE01A93846FCF703FF01A8FCF7F8FE37
:10D56000E06861692A460430F6F73CF86269E369CD
:10D570002A445D1B002D6261E5612BD1236A002BDB
:10D58000C4BF03F1FF33236293B1A3692269E3614E
:10D59000002B626104DD606A03681B689847E369D9
:10D5A00033B139463046FCF7CBFE304603B0F0BD10
:10D5B000236A002BF5D194F82830002BF1D004F128
:10D5C0002C00F9F7B1FB39463046FCF7B9FE30467E
:10D5D00003B0F0BDDFDCE4E738B504460B4B40F8A0
:10D5E0000C3B04F12C05FCF795FE2846F9F77AFB75
:10D5F000002101224FF48073284664636162C4E90C
:10D600000123F9F773FB204638BD00BF5422040004
:10D6100070B5456A9DF810608DB1002A0FDD73B1B9
:10D62000044628682362C4E90411036884F828606A
:10D63000C4E906222846984794F8283003B970BDFB
:10D6400004F12C00BDE87040F9F750BB10B582B072
:10D6500000240094FFF7DCFF02B010BD024B1868F5
:10D66000BFF35B8F704700BF9C8C0020024B186893
:10D67000BFF35B8F704700BF2880002030B5214A80
:10D6800021F00043934287B01BDD1F4A934205DD22
:10D6900002460B4602F078F907B030BD02AAECF75B
:10D6A000E7F900F00303012B11D0022B23D0DBB1EB
:10D6B0000124DDE90423DDE902010094EDF7E8F936
:10D6C000EAE700220023ECF7BBFC07B030BDDDE940
:10D6D00004450093DDE9020122462B46EDF7D8F917
:10D6E00001F1004107B030BDDDE90423DDE90201AD
:10D6F000ECF7A6FCD0E7DDE90423DDE90201ECF755
:10D700009FFCEDE7FB21E93FFFFFEF7F21F00043A6
:10D710001946704730B51F4A21F00043934287B045
:10D720001CDD1D4A934205DD02460B4602F02CF932
:10D7300007B030BD02AAECF79BF900F00300012806
:10D74000DDE9042312D002281CD0A0B1DDE90201DA
:10D75000ECF776FC01F1004107B030BD00230093E7
:10D7600000220023EDF794F907B030BDDDE9020196
:10D77000ECF766FCDCE70124DDE902010094EDF73B
:10D7800087F9D5E70124DDE902010094EDF780F97E
:10D79000E0E700BFFB21E93FFFFFEF7F30B5144A10
:10D7A00021F00043934287B019DD124A934205DD10
:10D7B00002460B4602F0E8F807B030BD02AAECF7CB
:10D7C00057F9440004F00204C4F10104DDE9042324
:10D7D000DDE902010094EDF713FA07B030BD012333
:10D7E000009300220023EDF70BFA07B030BD00BF15
:10D7F000FB21E93FFFFFEF7F334A21F000439342D3
:10D80000D0B506460F460C460DDD02460B460020FD
:10D810002E4902F09BFB002F4FF000022B4B2EDB1A
:10D8200002F0B4F8D0BD2A4A934207DD2749002010
:10D83000002CF7DA01F100431946D0BDB3F1725F55
:10D8400020DB244A934226DDFFF760FF02460B46A9
:10D8500002F09CF8EDF7B8FB00224FF0804302F095
:10D8600095F802460B4600204FF0804102F06EFB17
:10D8700002460B460020154902F086F8D8E702F070
:10D8800083F8D0BD0022114B02F080F832463B46AF
:10D8900002F032FAD0BDFFF739FF00224FF04043CB
:10D8A00002F02AFAEDF790FB00224FF08043064683
:10D8B00001F1004702F06AF802460B46304639464D
:10D8C00002F044FBB4E700BFFFFFEF7F0000F03F32
:10D8D000FFFF3540FFFFEF3F70B5C1F30A56A6F2D8
:10D8E000FF33132B0A4608DC002B1BDB0F4C44FADA
:10D8F00003F3002022EA030170BD332B044607DD49
:10D90000B3F5806FF8D102460B4602F03FF870BDC8
:10D910004FF0FF33A6F2134623FA06F6114624EA27
:10D92000060070BD002002F0004170BDFFFF0F0037
:10D9300000B585B0234A0190019B23F00043934238
:10D940001DDDB3F1FF4F08DBDDED017A77EEE77AFD
:10D9500017EE900A05B05DF804FB02A901F0A8F8E3
:10D9600000F00302012A14D0022A22D0D2B10122EF
:10D970000399029801F0BEFD07EE900AE8E7002146
:10D9800001F0EEF907EE900A17EE900A05B05DF887
:10D9900004FB0399029801F0ADFD07EE900AF1EE49
:10D9A000677AD5E70399029801F0DAF907EE900A51
:10D9B000CEE70399029801F0D3F907EE900AF1EE51
:10D9C000677AC5E7D80F493F00B585B0244A019072
:10D9D000019B23F0004393421EDDB3F1FF4F08DBB0
:10D9E000DDED017A77EEE77A17EE900A05B05DF883
:10D9F00004FB02A901F05CF800F00300012816D036
:10DA0000022823D0D0B10399029801F0A9F907EEBA
:10DA1000900AF1EE677AE7E70022002101F06AFD43
:10DA200007EE900A17EE900A05B05DF804FB039923
:10DA3000029801F095F907EE900AD5E701220399C3
:10DA4000029801F057FD07EE900ACDE701220399F5
:10DA5000029801F04FFD07EE900AF1EE677AC3E7F6
:10DA6000D80F493F2DE9F043DFF898808BB004468A
:10DA70000D46E9F7A1FF98F90030013306460F463D
:10DA80002BD022462B462046294602F0CFFB81466A
:10DA900018BB20462946FFF739FE0022164B02F03C
:10DAA000BBFBD0B1154B164801930122CDF8209055
:10DAB0000092CDE90445CDE9024501F071FD98F9E8
:10DAC0000030022BCDE906010CD0684601F066FD5E
:10DAD00040B1089B5BB9DDE90667304639460BB0BB
:10DAE000BDE8F08301F0DEFE21230360F1E701F0E1
:10DAF000D9FE089B0360EEE70000F03F68220400B7
:10DB0000B4180400FF8100202DE9F0438BB00446D7
:10DB10000D46EAF7A5F9244B93F90080B8F1FF3FD1
:10DB200006460F460ED022462B462046294602F0D6
:10DB30007DFB814630B900221C4B2046294602F06D
:10DB40004DFB20B9304639460BB0BDE8F0830022CA
:10DB5000002301210091164ECDF820901046194661
:10DB6000CDE90445CDE90245019602F0EFF9B8F19F
:10DB7000020FCDE906010CD0684601F00FFD40B15F
:10DB8000089B5BB9DDE90667304639460BB0BDE856
:10DB9000F08301F087FE21230360F1E701F082FEAC
:10DBA000089B0360EEE700BFFF8100200000F03F0C
:10DBB000702204002DE9F043DFF898808BB0044612
:10DBC0000D46EAF7D9F998F90030013306460F46B9
:10DBD0002BD022462B462046294602F027FB8146C1
:10DBE00018BB20462946FFF791FD0022164B02F094
:10DBF00013FBD0B1154B164801930122CDF82090AC
:10DC00000092CDE90445CDE9024501F0C9FC98F93F
:10DC10000030022BCDE906010CD0684601F0BEFCB5
:10DC200040B1089B5BB9DDE90667304639460BB069
:10DC3000BDE8F08301F036FE21230360F1E701F037
:10DC400031FE089B0360EEE70000F03F78220400FD
:10DC5000B4180400FF810020EAF7BEBB2DE9F04FA5
:10DC6000DFF8CCA08BB004460D46EAF7A5FC9AF984
:10DC70000030013306460F4637D022462B46204659
:10DC8000294602F0D3FA834678BB20462946FFF79F
:10DC90003DFD0022244B8046894602F0B3FA20B3B2
:10DCA000404649460022204B02F0B6FA9AF900603D
:10DCB00060B3CDE90445CDE90245012100220023EE
:10DCC0001A4F0091CDF820B010461946019702F086
:10DCD0003DF9022ECDE906010CD0684601F05EFC4C
:10DCE00040B1089B6BB9DDE90667304639460BB099
:10DCF000BDE8F08F01F0D6FD21230360089B002BC7
:10DD0000F1D001F0CFFD089B0360ECE702230890FF
:10DD10000093064FCDE90445CDE90245204629464A
:10DD200000220023D2E700BF0000F03F8022040061
:10DD3000FF8100202DE9F04F8BB01D4606460F46AF
:10DD4000144600F061FB294B93F900A0BAF1FF3FA4
:10DD50008046894635D022462B462046294602F089
:10DD600065FA70BB32463B463046394602F05EFAF1
:10DD7000834630BB002200232046294602F024FAC5
:10DD8000F8B11B4BCDF820B00122CDE90267CDE9F7
:10DD90000445CDE90023BAF1000F17D0002200237B
:10DDA0001046194602F0D2F8BAF1020FCDE9060189
:10DDB0000ED101F077FD21230360089B83B9DDE9D3
:10DDC0000689404649460BB0BDE8F08FCDE90667AD
:10DDD000684601F0E3FB0028EBD0089B002BEED057
:10DDE00001F060FD089B0360E9E700BFFF810020B0
:10DDF000942204002DE9F0438BB004460D46EAF767
:10DE00008BFE364B93F90060731C804689460DD01B
:10DE100022462B462046294602F008FA30B9002255
:10DE200000232046294602F0F7F920B14046494632
:10DE30000BB0BDE8F0832A4B0890CDE90245CDE94F
:10DE400004450193DEB9274F4FF06046204629462E
:10DE500000220023CDE9066702F0B6F9002835D08C
:10DE600002230093684601F099FBB8B1089BD3B92F
:10DE7000DDE90689404649460BB0BDE8F0831A4B00
:10DE80000022CDE90623204629460022002302F085
:10DE90009BF968B102239E420093E3D101F002FD99
:10DEA00022230360E2E701F0FDFC089B0360DFE74B
:10DEB0000123022E00930BD101F0F4FC2123036017
:10DEC0000A4801F06DFBCDE90601CFE7012300937D
:10DED000684601F063FB0028F2D1EDE7FF810020E6
:10DEE0009C220400FFFFEFC70000F0FFB4180400FD
:10DEF0002DE9F0438BB004460D46EAF7D9FF374BC6
:10DF000093F90060731C804689460ED022462B464A
:10DF10002046294602F08AF9074630B9002200233C
:10DF20002046294602F064F920B9404649460BB024
:10DF3000BDE8F0832A4B0897CDE90245CDE90445B9
:10DF40000193DEB9274F4FF0604620462946002254
:10DF50000023CDE9066702F037F9002835D0022307
:10DF60000093684601F01AFBB8B1089BD3B9DDE90C
:10DF70000689404649460BB0BDE8F0831A4B0022A3
:10DF8000CDE90623204629460022002302F01CF991
:10DF900068B102239E420093E3D101F083FC222367
:10DFA0000360E2E701F07EFC089B0360DFE70123EA
:10DFB000022E00930BD101F075FC212303600B4866
:10DFC00001F0EEFACDE90601CFE7012300936846A0
:10DFD00001F0E4FA0028F2D1EDE700BFFF81002054
:10DFE000A0220400FFFFEFC70000F0FFB4180400F8
:10DFF0002DE9F0432B4E8BB080468946EBF75CFF52
:10E0000096F90030013304460D4603D001F0C0FA02
:10E01000074620B1204629460BB0BDE8F0834046B4
:10E02000494601F0B5FA0028F4D01F4B96F900409C
:10E0300008970322CDE90023CDE90489CDE90289BF
:10E04000404649460022002364B902F0E5F84FF04B
:10E050006042E8B1154BCDE90623684601F09EFA0F
:10E0600068B908E002F0D8F8002298B1104B022CF1
:10E07000CDE90623F1D101F015FC22230360089BB2
:10E0800053B9DDE90645204629460BB0BDE8F083CB
:10E09000084BE0E7084BEAE701F004FC089B03604B
:10E0A000EFE700BFFF810020AC220400FFFFEF4735
:10E0B0000000F07FFFFFEFC70000F0FF2DE9F04FF9
:10E0C0008BB004460D4600F0B1FA294B93F900A03D
:10E0D000BAF1FF3F06460F4612D022462B46204695
:10E0E000294602F0A3F8834650B94FF000084FF0DC
:10E0F00000092046294642464B4602F06FF820B9F7
:10E10000304639460BB0BDE8F08F0122194BCDF8EF
:10E1100020B00092CDE90445CDE902450193BAF162
:10E12000000F17D042464B464046494601F00EFFCD
:10E13000BAF1020FCDE906010ED101F0B3FB2123A4
:10E140000360089B73B9DDE90667304639460BB0BA
:10E15000BDE8F08FCDE90689684601F01FFA002876
:10E16000EFD1EAE701F09EFB089B0360EBE700BFFD
:10E17000FF810020B422040010B52DED028B8AB07F
:10E1800008EE100A00F012FB334B93F90040631CB9
:10E1900009D0B4EE488AF1EE10FA04D6B5EEC08A82
:10E1A000F1EE10FA03DD0AB0BDEC028B10BD2B4B73
:10E1B000019318EE100A0023089301F045FDCDE904
:10E1C0000401CDE90201CCB9254BB5EE408A4FF0F0
:10E1D0006042F1EE10FACDE9062334D10223009318
:10E1E000684601F0DBF9B0B1089BCBB9DDE9060167
:10E1F00002F07AF80AB0BDEC028B10BD194BB5EEF7
:10E20000408A0022F1EE10FACDE906230DD1022357
:10E210009C420093E4D101F045FB22230360E3E735
:10E2200001F040FB089B0360E0E70123022C009310
:10E230000BD101F037FB212303600B4801F0B0F94B
:10E24000CDE90601D0E701230093684601F0A6F965
:10E250000028F2D1EDE700BFFF810020BC220400BE
:10E26000FFFFEFC70000F0FFB418040010B52DED5C
:10E27000028B8AB008EE100A00F0A4FB334B93F92E
:10E280000040631C09D0B4EE488AF1EE10FA04D6BF
:10E29000B5EEC08AF1EE10FA03D90AB0BDEC028BDC
:10E2A00010BD2B4B019318EE100A0023089301F0C8
:10E2B000CBFCCDE90401CDE90201CCB9254BB5EE8B
:10E2C000408A4FF06042F1EE10FACDE9062334D1D6
:10E2D00002230093684601F061F9B0B1089BCBB905
:10E2E000DDE9060102F000F80AB0BDEC028B10BDBA
:10E2F000194BB5EE408A0022F1EE10FACDE9062363
:10E300000DD102239C420093E4D101F0CBFA2223E9
:10E310000360E3E701F0C6FA089B0360E0E701232E
:10E32000022C00930BD101F0BDFA212303600B48AE
:10E3300001F036F9CDE90601D0E7012300936846E4
:10E3400001F02CF90028F2D1EDE700BFFF81002099
:10E35000C4220400FFFFEFC70000F0FFB418040060
:10E3600010B52DED028B8AB008EE100A00F0F0FC1B
:10E37000234B93F90040631C09D0B4EE488AF1EEB8
:10E3800010FA04D6B5EEC08AF1EE10FA03D40AB042
:10E39000BDEC028B10BD01231A4A009318EE100A3F
:10E3A00000230192089301F04FFC0022CDE9040103
:10E3B000CDE902010023ACB11046194601F0C6FDBB
:10E3C000022CCDE906010FD101F06CFA2123036084
:10E3D000089B7BB9DDE9060101F086FF0AB0BDECC0
:10E3E000028B10BDCDE90623684601F0D7F800285E
:10E3F000EED1E9E701F056FA089B0360EAE700BFB7
:10E40000FF810020CC2204002DE9F04723F0004ECC
:10E410005EEA020620D07E4E21F00048B0458946D3
:10E420001ADC564216437B4F4EEAD676BE4214465D
:10E4300012D8F0451D4694468246074601F0004634
:10E4400012DC0FDB90420DD30ED1734BF60F03EBB2
:10E45000C603D3E9000105E001F04EFC02460B467D
:10E4600001F074FDBDE8F087B8F5801F3BDB4FEA93
:10E470002852A2F2FF32BEF5801F80F28F80BEF1DB
:10E48000000F40F09F80002C2346644904DD5B00B0
:10E49000002B01F1FF31FADC614B9A4270DBC9F3CA
:10E4A000130343F480135E4881425BDBC5F313041E
:10E4B00044F48014501A07E052EA050321D0EB0F10
:10E4C00003EB42036F0001381A1BA7EB0C05F8B1F0
:10E4D000674538BF02F1FF32002AEDDAFA0F02EB8E
:10E4E00043037F00EFE7B8F1000F5CD1BAF1000FF2
:10E4F00053464A4ABFDD5B00002B02F1FF32FADCD3
:10E50000B9E7454BF60F03EBC606D6E90001A9E7CC
:10E51000674538BF02F1FF32002ABCBF3D461A46AC
:10E5200052EA0503EDD03F48824208DCEB0F03EBD3
:10E530004202824201F1FF314FEA4505F6DD384BD8
:10E5400099424EDA5B1A142B54DC01F21E41DD4075
:10E5500002FA01F142FA03F31E4341EA0502314691
:10E5600010467FE7401A1F2826DC01F21E450EFAEE
:10E5700000FE24FA05F504FA00FC45EA0E0499E7CA
:10E580009F1A1F2F27DC02F21E4308FA07F82AFA07
:10E5900003F30AFA07F743EA080384E74FEA2E5128
:10E5A000A1F2FF3178E71E4A4FEAC8235B00002B37
:10E5B00002F1FF32FADC5EE71B4D6D1AAC404FF002
:10E5C000000C77E716494FEACE235B00002B01F1E0
:10E5D000FF31FADC60E7144B9B1A0AFA03F30027B9
:10E5E00061E7A2F58012164301F2FF3346EA0351B8
:10E5F000284637E71F2B07DC01F21E4102FA01F122
:10E6000025FA03F20A43AAE7074B591A0A41A6E77B
:10E61000FFFFEF7F0000F07F80100400EDFBFFFFA5
:10E6200002FCFFFFFFFF0F00E2FBFFFF5E4A8A4391
:10E630002DE9F04104460D4600F0958000290B4677
:10E640000646844656DD0F1500F0A580C3F313037C
:10E65000A7F2FF3743F480134FEADC72F80702EBAE
:10E6600043034FEA4C0504D5ED0F05EB43034FEA96
:10E670008C0500267F10B44616224FF400110CEBD7
:10E68000010098424FEAD5744FEA450503DC1B1A96
:10E6900000EB010C0E44013A04EB43034FEA510135
:10E6A000EDD11046964620244FF0004209E051D0AB
:10E6B0005B00013C03EBD5734FEA52024FEA45057C
:10E6C00037D0634502EB0E01F1DD002901EB020EAC
:10E6D0000ADBE046A3EB0C03A94288BF03F1FF333A
:10E6E0006D1A1044C446E3E7BEF1000FF1DB0CF1F4
:10E6F0000108EFE721F00042024329D0002942D16E
:10E700000146CA0A153B4905002AFAD012F48010C6
:10E7100001D044E060465200D40200F1010CF9D56A
:10E72000CCF1200401FA0CFCE1401F1A41EA02037B
:10E730008CE72B4321D14408731003F17F53F20778
:10E7400003F5001348BF44F0004403EB0751204693
:10E75000BDE8F081A942ABD8002901EB020EC3DB72
:10E7600098460023BCE702460B4601F0C5FA224654
:10E770002B4601F00BF9BDE8F081411C16BF421C8D
:10E7800001365408D8E7024601F0FEF802460B466F
:10E7900001F0DCFBDCE71A4631463B46B6E78C4627
:10E7A00020244FF0FF30BFE70000F07F30B482B08C
:10E7B0000190019B33F0004241D0002B4ADBB3F1C2
:10E7C000FF4F54DAB3F5000F80F29D80DFED6E7AD3
:10E7D0009DED017A67EE277A6FF0180517EE903AF3
:10E7E0006A4AC3F31604224402F4000282F07E5007
:10E7F000DB1504F10F0120437F3B07EE900AC1F3C4
:10E8000016012B44B7EE007A0F2903EBD25337EEF3
:10E81000C77A35DCB5EE407AF1EE10FA75D1002BEF
:10E8200000F0AE8007EE903AB8EEE77ADFED587A66
:10E83000DFED586A67EE277AE7EE267A05E0DFED2E
:10E84000566A9FED567AC6EE877A17EE900A02B0A6
:10E8500030BC7047DDED017A9FED507A77EEE76AC4
:10E86000C6EE877A17EE900A02B030BC7047DDED35
:10E87000017A77EEA77A17EE900A02B030BC7047A3
:10E88000B0EE006A37EE066A9FED452ADFED453AA5
:10E89000DFED454ADFED452A9FED454ADFED456A4C
:10E8A000DFED457A4549C7EE065AC4F557122144B3
:10E8B00002F522720A43002A06EE103A25EEA55A06
:10E8C000B8EEC63A25EE056AE6EE023AA6EE224A10
:10E8D000E3EE864AE4EE067AE4EE866A66EE856A40
:10E8E000E7EE866A3BDDB6EE006A27EE066A26EEA4
:10E8F000076A76EE866A66EEA56A03BB76EE666AFE
:10E9000077EE667AA1E700256AE7DFED2D6AF6EE7D
:10E91000007AE7EE667A67EE076A67EEA67ADBB101
:10E9200006EE903ADFED1A5A9FED1A6AF8EEE66AA3
:10E93000E6EEE57A77EEC77AD6EE867A85E7DFED02
:10E94000147ADFED145AE3EE276A76EE667A77EEF4
:10E95000C77AD3EE257A78E777EE677A75E777EEB0
:10E96000667A67EEA57A002BF6D09FED096ADFED97
:10E97000096AE3EE467A77EEC77AD3EE267A64E741
:10E98000DFED067A61E700BF0000004C20FB4A0083
:10E99000D1F717378071313F000000CC0000000034
:10E9A0009788173E25333A3E2549923E4FD01C3E6C
:10E9B000298E633EABAA2A3FCDCCCC3E305CCFFF44
:10E9C000ABAAAA3E00B52DED028B83B00190019851
:10E9D00030F0004337D0002842DBB0F1FF4F4EDA71
:10E9E000B0F5000F56DADFED2C7A9DED017A67EE77
:10E9F000277A6FF0180217EE900AC3157F3B134475
:10EA0000DA0F134407EE903AC2F17F01C0F316000B
:10EA100040EAC150B8EEE78AFFF7C8FEDFED1F7A83
:10EA2000DFED1F6A9FED1F7A06EE100A66EE277A69
:10EA3000E8EE267AE8EE077A17EE900A03B0BDEC0E
:10EA4000028B5DF804FBDFED186A9FED187AC6EEC5
:10EA5000877A17EE900A03B0BDEC028B5DF804FBD9
:10EA6000DDED017A9FED117A77EEE76AC6EE877ADF
:10EA700017EE900A03B0BDEC028B5DF804FBDDEDF0
:10EA8000017A77EEA77A17EE900A03B0BDEC028BFD
:10EA90005DF804FB0022B0E70000004CD95BDE3ECD
:10EAA000DB27543580209A3E000000CC0000000097
:10EAB00070B5994A20F00044944286B06BDD974AC5
:10EAC000944206461CDC002824F00F04DFED947A03
:10EAD000944A07EE100A64DD944277EE677A00F0FC
:10EAE000D5809FED917A77EEC76A012077EEE67ABE
:10EAF000C1ED006A77EEC77AC1ED017A06B070BD4C
:10EB00008A4A94420D4660DDB4F1FF4F80F2B48032
:10EB1000E215863AA4EBC25307EE903ABDEEE77ACF
:10EB2000DFED836AB8EEC77A77EEC77A8DED037AA8
:10EB300067EEA67ABDEEE77AB8EEC77A77EEC77AC7
:10EB40008DED047A67EEA67AF5EE407AF1EE10FAD2
:10EB5000CDED057A40F0CC80B5EE407AF1EE10FABA
:10EB60000CBF01230223734901910221009103A8E4
:10EB7000294600F07FF9002E11DA95ED007AD5EDE7
:10EB8000017AB1EE477AF1EE677A404285ED007A7C
:10EB9000C5ED017A03E0002208604A60002006B05B
:10EBA00070BD944277EE277A00F08F809FED5E7AF9
:10EBB00077EE876A4FF0FF3077EEE67AC1ED006AB4
:10EBC00077EE877AC1ED017AE9E700F07DFD9FEDF0
:10EBD0005A6A9FED535ADFED546A07EE100AF6EEBB
:10EBE000007AE7EE067AFDEEE77AB8EEE76A17EE0E
:10EBF000900AF1EE465AF0EE477A1F28E5EE857A44
:10EC000026EE267A54DD77EEC76A16EE903AE415C2
:10EC1000C3F3C753E31A082B54DD9FED487ADFEDA9
:10EC2000486AB0EE675AA5EE875A77EEC57AE5EEE8
:10EC3000877AD6EE267A75EE676AB0EE677A16EEB8
:10EC4000903AC3F3C753E41A192C53DCC5ED006A9C
:10EC5000F0EE457A77EEE67A002E77EEC77AC5EDCC
:10EC6000017A9CDAF1EE666AF1EE677AC5ED006A28
:10EC7000C5ED017A404292E707EE900A77EEE77A17
:10EC80000020C1ED017AC1ED007A88E7DFED2B6A43
:10EC90009FED2B7A77EEE67A012077EEC76A77EE62
:10ECA000E67AC1ED006A77EEC77AC1ED017A76E7C0
:10ECB000421E244B53F8223024F0FF029A4277EE92
:10ECC000C76AA2D0C5ED006AC4E7DFED1C6A9FEDFC
:10ECD0001C7A77EEA67A4FF0FF3077EE876A77EEF0
:10ECE000E67AC1ED006A77EE877AC1ED017A56E7E0
:10ECF000032338E7DFED146ADFED144AF0EE457ABE
:10ED0000E5EEA67A35EE677AA5EEA67A96EE247A37
:10ED100077EEC76AD6E700BFD80F493FE3CB16406E
:10ED2000800FC93FD00FC93F43443537800F494357
:10ED300000008043DC24040084F9223F004435377E
:10ED400008A3852E5C24040000A3852E32318D2477
:10ED500007EE900AF1EEE77A17EE900A704700BFCF
:10ED600020F00043B3F1485F06EE100A06EE901A59
:10ED70002EDAFDEEC67A17EE903A002B5FD026EE23
:10ED8000067ADFED343A9FED344ADFED344A9FEDE9
:10ED9000345ADFED347ADFED345AA7EE234AE7EE3A
:10EDA000044AA7EE245AE7EE057AE7EE275A65EE05
:10EDB000875A66EEC66AB6EE006AE7EE256AF7EE97
:10EDC000007AD7EE066A77EEE67A17EE900A704779
:10EDD00026EE067ADFED1F3A9FED1F4ADFED1F4A50
:10EDE0009FED1F5ADFED1F7ADFED1F5A1F4AA7EE76
:10EDF000234A9342E4EE074AA4EE875AE5EE077AE7
:10EE0000E7EE875A65EE875AD3DD194A93421BDC39
:10EE100003F17F4307EE903AB7EE005A35EE675A9A
:10EE200066EEC66AB6EE006AE7EE256AD7EE067AA7
:10EE300077EEE67A75EE677A17EE900A7047F7EE8E
:10EE4000007A17EE900A7047B6EE075AF5EE027A8E
:10EE5000E6E700BF4ED747ADF6740F317CF293B4AE
:10EE6000010DD037610BB6BAABAA2A3D9999993EEC
:10EE70000000483F2DE9F04F2DED048BD7B003F192
:10EE8000FF390293D31E48BF131DBA4C649D0591F0
:10EE9000DB1023EAE37354F82560039303F10108C0
:10EEA000A2EBC80816EB09028646A3EB090316D4A9
:10EEB0001A449FEDB17A6598511C1AAA002BA4BF81
:10EEC00050F8234007EE904A03F10103ACBFF8EE7F
:10EED000E77AF0EE477A8B42E2EC017AEED1029BC0
:10EEE000002E4FEA83044FEA860A1DDB1AAB18197D
:10EEF00043AA7346191902EB0A0742ADF446B9F169
:10EF0000000FDFED9D7A09DB02466346F3EC016AF0
:10EF100032ED017A8B42E6EE877AF7D1E5EC017AA1
:10EF2000BD4200F10400EAD1AAF1080306ADEB18D6
:10EF300004939FED939ADFED918A009605ABB3465B
:10EF400074449A4442AF76464FEA8B0356AA1A4459
:10EF5000BBF1000F52ED146A16DD07EB8B02294658
:10EF600066EE897AB0EE667AFDEEE77A32ED016AF6
:10EF7000F8EEE77ABA42A7EEE87A77EE866ABDEE57
:10EF8000C77AA1EC017AEBD1414616EE900A0193C3
:10EF900000F0F8FB08EE100AF4EE007A68EE277A2B
:10EFA00017EE900A00F094FB07EE100AF2EE007ADA
:10EFB000A7EE678AB8F1000F019BFDEEC89AF0EE4C
:10EFC000487AB8EEE98A37EEC88A40F3C6800BF17A
:10EFD000FF3CC8F1080255F82C1041FA02F000FA83
:10EFE00002F2891A45F82C1019EE90CA8444C8F12F
:10EFF000070209EE90CA41FA02F2002A48DD19EE32
:10F00000901ABBF1000F01F1010109EE901A40F3D3
:10F010003682D5F800C0BCF1000F40F09B80BBF1F8
:10F02000010F20D0AE4601205EF8041F00F1010C54
:10F03000002900F09980E6468C467146CCF5807C2C
:10F040008B4545F820C00CDD55F821002B4405EB1D
:10F05000810100E00868C0F1FF0041F8040B99420B
:10F06000F8D14FF0010CB8F1000F0EDDB8F1010F2F
:10F0700000F02E81B8F1020F07D10BF1FF3155F8E6
:10F08000213003F03F0345F82130022A00F00981C6
:10F09000B5EE408AF1EE10FA40F08680009B0BF14D
:10F0A000FF3C63450EDC0BF18041013905EB81012A
:10F0B000002051F80439514540EA0300F9D10028F5
:10F0C00040F00F81009B013B55F82330002B40F0AE
:10F0D000FC80049B4FF0010C53F804290CF1010C47
:10F0E000002AF9D0DC440BF1010EE64530DC039B2D
:10F0F000029A0EEB03015A4403EB0C0B1AAB01F11D
:10F10000804103EB8202659B013903EB810107EB30
:10F110008E0E03EB8B0B51F8043F9FED177A07EE31
:10F12000903AF8EEE77A1046B9F1000FE0EC017A78
:10F1300009DB334601E072ED017AF3EC016AA34288
:10F14000A6EEA77AF7D15945AEEC017A0246E2D194
:10F15000E346F9E60121002070E715D10BF1FF32FB
:10F1600055F82220121248E7E34560467FF45CAF71
:10F170008C4678E73028040000000000000080433F
:10F180000000803B0000C93FF6EE007AB4EEE78A4B
:10F19000F1EE10FA80F25D81B5EE408AF1EE10FAE0
:10F1A0004FF000023FF47AAFC8F1000118EE100AE8
:10F1B0000192009E00F0E6FA5FED106A019A07EEF8
:10F1C000100AB4EEE67AF1EE10FAC0F25B815FED60
:10F1D000147A67EE277A0BF10103FDEEE77A08F166
:10F1E0000808F8EEE77AA7EEE67AFDEEE77ABDEEDC
:10F1F000C77A17EE101A45F82B1017EE901A45F83B
:10F20000231041464FF07E50CDE9002300F0BAFABA
:10F21000019B009A002B07EE100AC0F24A819F0062
:10F2200042A907F1040E5FED2A6A0F44381D05EB71
:10F230000E0171ED017AF8EEE77AA94267EE877A5E
:10F2400027EE267A60ED017AF3D10DF1B8081FEDB3
:10F25000336AC44603F101090025002EC0F204817F
:10F26000A24CDFEDA37A3846B0EE467A002103E0E7
:10F27000A94208DCB4EC017AF0EC016A01318E425B
:10F28000E6EE877AF4DA01354D45ECEC017AA7F128
:10F290000407E2D16499032955D8DFE801F0CAB721
:10F2A000B75DF7EE007A37EEC88ABCF1000F3FF485
:10F2B000EFAE17EE900A4146019200F063FA07EEB6
:10F2C000900A019A38EE678AE2E64FF0010C09E7EE
:10F2D0000BF1FF3155F8213003F07F0345F8213061
:10F2E000D3E655F82C10009E6346A8F108080029C3
:10F2F00087D10CF18041013905EB810151F80409F6
:10F30000013BA8F108080028F8D07AE7DFED787A09
:10F31000002A40F0BF809DED2E7A0599002BC1EDAB
:10F32000007A77EE677A0BDD2FA80121B0EC017A25
:10F3300001318B4277EE877AF8DA002A40F0B68006
:10F34000059BC3ED017A19EE903A03F0070057B020
:10F35000BDEC048BBDE8F08F002B40F3C4809C0013
:10F3600056A921440DF1B80803F1804051ED286AF7
:10F37000013808EB830171ED017A37EEA67A8845F2
:10F3800077EEC77A81ED007A77EEA67AF0EE476ADB
:10F39000C1ED017AEFD1012B40F3A58056AB1C449F
:10F3A0008000031D54ED286A43442FA973ED017AB0
:10F3B00037EEA67A994277EEC77A83ED007A77EE38
:10F3C000A67AF0EE476AC3ED017AEFD10830DFED9F
:10F3D000487A08EB000308F1080833ED017A9845F4
:10F3E00077EE877AF9D1DDED2E6A9DED2F7A2AB17D
:10F3F000F1EE666AB1EE477AF1EE677A059BC3EDEE
:10F40000006A83ED017AC3ED027A9CE7002BFFF6D8
:10F410007DAF2EA800EB8301DFED357A043131EDAD
:10F42000017A884277EE877AF9D1002A3FF473AFE8
:10F4300030E0DFED2F7AC6443EED017AF04577EEFD
:10F44000877AF9D10AB1F1EE677A059BC3ED007AAC
:10F4500079E719EE902ABBF1000F02F1010209EEE3
:10F46000902A3ADD0222D4E5DFED217A01354D45BF
:10F47000ECEC017AA7F104077FF4EFAE0AE74FF056
:10F48000000CF0E5BDEEC77A5B4617EE101A45F8A2
:10F490002B10B6E6DDED2E6A0599B1EE677A002BEA
:10F4A00076EEE77A81ED007A3FF73EAFF1EE677ACC
:10F4B00046E7649903293FF646AF01A050F821F0D2
:10F4C000D1F403000DF403000DF4030059F303001D
:10F4D000DFED077A002AB6D1B7E7F7EE007A37EE0C
:10F4E000C88A0222D4E5DFED027A7CE7082804000E
:10F4F0000000000020F00043B3F1485F07EE900ADF
:10F5000006EE101A04DABDEEE77A17EE103A23B3CE
:10F5100027EEA77A9FED174ADFED174A9FED175A9E
:10F52000DFED175ADFED176AE7EE044A27EE874A48
:10F53000A4EE875AE5EE075AE5EE876A82B166EED9
:10F54000C46AF6EE005AE6EE256ADFED0F5A96EE33
:10F55000876AA4EE256A77EEC67A17EE900A70479E
:10F560009FED0A6AA7EE266AE6EE047A17EE900A85
:10F57000704700BFD3C92E2F342FD7B21BEF3836B8
:10F58000010D50B98988083CABAA2A3EABAA2ABE15
:10F5900041F0004101F58010C00F70470020704716
:10F5A00000200149704700BF0000F87F2DE9F041BD
:10F5B000C1F30A57A7F2FF35132D82B002460B465E
:10F5C0000C464FEAD178064633DC002D4EDB3C4931
:10F5D000294103EA0100104326D049080B4052EAB2
:10F5E00003060CD04FF48023132D24EA010143FAC3
:10F5F00005F444EA01040CBF4FF0004600263149EF
:10F6000001EBC8082346D8E9004532462046294682
:10F6100000F0BCF9CDE9000122462B46DDE90001EE
:10F6200000F0B2F902460B461046194602B0BDE89A
:10F63000F081332D07DDB5F5806FF5D100F0A6F927
:10F6400002460B46F0E7A7F213474FF0FF31F940AF
:10F650000842E9D049080842D1D04FF0804320EA5F
:10F66000010143FA07F741EA0706C8E721F0004124
:10F670000143D9D0C3F3130101434E420E43114D50
:10F680005C0C360B640406F4002305EBC80243EA65
:10F690000401D2E900450B4602462946204600F007
:10F6A00075F9CDE9000122462B46DDE9000100F0A5
:10F6B0006BF921F00041024641EAC873B4E700BF8C
:10F6C000FFFF0F00D010040020F00040704700BF83
:10F6D00082B00190019A22F00041CB0D7F3B162BA6
:10F6E00020DC002B10462EDB234919410A4224D08E
:10F6F000DFED227A9DED017A77EE277AF5EEC07A7A
:10F70000F1EE10FA19DD002A04DA4FF4000242FA91
:10F7100003F3184420EA010307EE903A17EE900A2B
:10F7200002B07047B1F1FF4FDDED017AF6D377EE0D
:10F73000A77A17EE900A02B07047DDED017A17EE56
:10F74000900A02B07047DFED0D7A9DED017A77EEF9
:10F75000277AF5EEC07AF1EE10FAEEDD002A02DB30
:10F76000DFED077ADAE7FFEE007A002918BFB0EE86
:10F77000677AF0EE477AD1E7FFFF7F00CAF249715E
:10F780000000000000B52DED028B83B00190019BBD
:10F7900033F000421DD0B2F1FF4F0FD2B2F5000F8F
:10F7A00020D3D20D0A44FE2A2CDC002A3DDD23F0B2
:10F7B000FF4343EAC25307EE903A03E007EE900A94
:10F7C00077EEA77A17EE900A03B0BDEC028B5DF8D6
:10F7D00004FBDDED017A17EE900A03B0BDEC028B5D
:10F7E0005DF804FB9DED017ADFED1B7A1B4B67EEA4
:10F7F000277A9942CDED017A10DB019BC3F3C75202
:10F80000193ACFE79FED168A019918EE100A00F019
:10F8100035F807EE900A67EE887AD3E7DFED117AC4
:10F820009DED017A67EE277ACCE712F1160F06DA22
:10F830004CF250339942E5DC9FED0A8AE4E7193235
:10F8400023F0FF4343EAC2539FED077A07EE903A55
:10F8500067EE877AB6E700BF0000004CB03CFFFFC0
:10F86000CAF249716042A20D0000003303F0004368
:10F8700021F0004242EA0301704700BF01F000415D
:10F8800020F000400843704710B5054C13462CB1DA
:10F890000A4601460220AFF3008010BD2046FCE777
:10F8A00000000000014B1868704700BF2C8000204A
:10F8B00008B5074B044613B10021AFF30080054B98
:10F8C0001868836A03B19847204600F09BFF00BF89
:10F8D000000000003C28040070B50D4E0D4CA41B28
:10F8E000A4100025A54209D10B4E0C4C01F0B0F834
:10F8F000A41BA4100025A54205D170BD56F82530E3
:10F9000098470135EEE756F8253098470135F2E77C
:10F91000008200200082002000820020108200204F
:10F92000024B0146186800F0C4BF00BF2C800020C5
:10F9300038B5074C0023054608461146236000F001
:10F9400059FF431C02D1236803B12B6038BD00BFAF
:10F95000AC8C0020084B37B51C68084D236A002B7F
:10F9600008BF2B46009313460A460146204600F086
:10F97000D2FF03B030BD00BF2C800020908000205B
:10F9800081F0004102E000BF83F0004330B54FEA50
:10F9900041044FEA430594EA050F08BF90EA020FBD
:10F9A0001FBF54EA000C55EA020C7FEA645C7FEA50
:10F9B000655C00F0E2804FEA5454D4EB5555B8BF73
:10F9C0006D420CDD2C4480EA020281EA030382EAE4
:10F9D000000083EA010180EA020281EA0303362D76
:10F9E00088BF30BD11F0004F4FEA01314FF4801C49
:10F9F0004CEA113102D0404261EB410113F0004F5B
:10FA00004FEA03334CEA133302D0524263EB430311
:10FA100094EA050F00F0A780A4F10104D5F1200EAF
:10FA20000DDB02FA0EFC22FA05F2801841F100010A
:10FA300003FA0EF2801843FA05F359410EE0A5F1DE
:10FA400020050EF1200E012A03FA0EFC28BF4CF00F
:10FA5000020C43FA05F3C01851EBE37101F00045C5
:10FA600007D54FF0000EDCF1000C7EEB00006EEBD2
:10FA70000101B1F5801F1BD3B1F5001F0CD349085C
:10FA80005FEA30004FEA3C0C04F101044FEA4452B3
:10FA900012F5800F80F09A80BCF1004F08BF5FEA3A
:10FAA000500C50F1000041EB045141EA050130BD1A
:10FAB0005FEA4C0C404141EB010111F4801FA4F1BD
:10FAC0000104E9D191F0000F04BF01460020B1FA12
:10FAD00081F308BF2033A3F10B03B3F120020CDA4A
:10FAE0000C3208DD02F1140CC2F10C0201FA0CF028
:10FAF00021FA02F10CE002F11402D8BFC2F1200C8D
:10FB000001FA02F120FA0CFCDCBF41EA0C01904042
:10FB1000E41AA2BF01EB0451294330BD6FEA04048B
:10FB20001F3C1CDA0C340EDC04F11404C4F1200276
:10FB300020FA04F001FA02F340EA030021FA04F388
:10FB400045EA030130BDC4F10C04C4F1200220FADF
:10FB500002F001FA04F340EA0300294630BD21FA1D
:10FB600004F0294630BD94F0000F83F4801306BFE3
:10FB700081F480110134013D4EE77FEA645C18BFD7
:10FB80007FEA655C29D094EA050F08BF90EA020F6E
:10FB900005D054EA000C04BF1946104630BD91EA66
:10FBA000030F1EBF0021002030BD5FEA545C05D169
:10FBB0004000494128BF41F0004130BD14F58004A8
:10FBC0003CBF01F5801130BD01F0004545F0FE411C
:10FBD00041F470014FF0000030BD7FEA645C1ABF51
:10FBE000194610467FEA655C1CBF0B46024650EA88
:10FBF000013406BF52EA033591EA030F41F40021B4
:10FC000030BD00BF90F0000F04BF0021704730B539
:10FC10004FF4806404F132044FF000054FF000010E
:10FC200050E700BF90F0000F04BF0021704730B5CF
:10FC30004FF4806404F1320410F0004548BF4042A4
:10FC40004FF000013EE700BF42004FEAE2014FEAF9
:10FC500031014FEA02701FBF12F07F4393F07F4FD4
:10FC600081F06051704732F07F4208BF704793F0D7
:10FC70007F4F04BF41F40021704730B54FF46074EA
:10FC800001F0004521F000411CE700BF50EA0102ED
:10FC900008BF704730B54FF000050AE050EA010296
:10FCA00008BF704730B511F0004502D5404261EB06
:10FCB00041014FF4806404F132045FEA915C3FF447
:10FCC000D8AE4FF003025FEADC0C18BF03325FEAE4
:10FCD000DC0C18BF033202EBDC02C2F1200300FA95
:10FCE00003FC20FA02F001FA03FE40EA0E0021FABA
:10FCF00002F11444BDE600BF70B54FF0FF0C4CF4A8
:10FD0000E06C1CEA11541DBF1CEA135594EA0C0F59
:10FD100095EA0C0F00F0DEF82C4481EA030621EA94
:10FD20004C5123EA4C5350EA013518BF52EA0335CF
:10FD300041F4801143F4801338D0A0FB02CE4FF081
:10FD40000005E1FB02E506F00042E0FB03E54FF0B1
:10FD50000006E1FB03569CF0000F18BF4EF0010EA9
:10FD6000A4F1FF04B6F5007F64F5407404D25FEAA5
:10FD70004E0E6D4146EB060642EAC62141EA555158
:10FD80004FEAC52040EA5E504FEACE2EB4F1FD0C9A
:10FD900088BFBCF5E06F1ED8BEF1004F08BF5FEA18
:10FDA000500E50F1000041EB045170BD06F00046CA
:10FDB00046EA010140EA020081EA0301B4EB5C0477
:10FDC000C2BFD4EB0C0541EA045170BD41F480116F
:10FDD0004FF0000E013C00F3AB8014F1360FDEBF94
:10FDE000002001F0004170BDC4F10004203C35DA70
:10FDF0000C341BDC04F11404C4F1200500FA05F3F3
:10FE000020FA04F001FA05F240EA020001F0004293
:10FE100021F0004110EBD37021FA04F642EB060109
:10FE20005EEA430E08BF20EAD37070BDC4F10C0433
:10FE3000C4F1200500FA04F320FA05F001FA04F2F7
:10FE400040EA020001F0004110EBD37041F10001E3
:10FE50005EEA430E08BF20EAD37070BDC4F12005EE
:10FE600000FA05F24EEA020E20FA04F301FA05F256
:10FE700043EA020321FA04F001F0004121FA04F2FE
:10FE800020EA020000EBD3705EEA430E08BF20EACE
:10FE9000D37070BD94F0000F0FD101F00046400008
:10FEA00041EB010111F4801F08BF013CF7D041EA8A
:10FEB000060195F0000F18BF704703F0004652008E
:10FEC00043EB030313F4801F08BF013DF7D043EA5F
:10FED0000603704794EA0C0F0CEA135518BF95EA15
:10FEE0000C0F0CD050EA410618BF52EA4306D1D19C
:10FEF00081EA030101F000414FF0000070BD50EABB
:10FF0000410606BF1046194652EA430619D094EA44
:10FF10000C0F02D150EA013613D195EA0C0F05D12E
:10FF200052EA03361CBF104619460AD181EA030182
:10FF300001F0004141F0FE4141F470014FF000003A
:10FF400070BD41F0FE4141F4780170BD70B54FF0D5
:10FF5000FF0C4CF4E06C1CEA11541DBF1CEA135555
:10FF600094EA0C0F95EA0C0F00F0A7F8A4EB050437
:10FF700081EA030E52EA03354FEA013100F088802E
:10FF80004FEA03334FF0805545EA131343EA1263F7
:10FF90004FEA022245EA111545EA10654FEA0026AC
:10FFA0000EF000419D4208BF964244F1FD0404F565
:10FFB000407402D25B084FEA3202B61A65EB0305C1
:10FFC0005B084FEA32024FF480104FF4002CB6EB7E
:10FFD000020E75EB030E22BFB61A754640EA0C00FE
:10FFE0005B084FEA3202B6EB020E75EB030E22BF3E
:10FFF000B61A754640EA5C005B084FEA3202B6EB7F
:020000040004F6
:10000000020E75EB030E22BFB61A754640EA9C003D
:100010005B084FEA3202B6EB020E75EB030E22BF0D
:10002000B61A754640EADC0055EA060E18D04FEACB
:10003000051545EA16754FEA06164FEAC30343EA6B
:1000400052734FEAC2025FEA1C1CC0D111F4801F38
:100050000BD141EA00014FF000004FF0004CB6E731
:1000600011F4801F04BF01430020B4F1FD0C88BFD0
:10007000BCF5E06F3FF6AFAEB5EB030C04BFB6EBDB
:10008000020C5FEA500C50F1000041EB045170BDCE
:100090000EF0004E4EEA113114EB5C04C2BFD4EBFB
:1000A0000C0541EA045170BD41F480114FF0000E7F
:1000B000013C90E645EA060E8DE60CEA135594EAFB
:1000C0000C0F08BF95EA0C0F3FF43BAF94EA0C0FFE
:1000D0000AD150EA01347FF434AF95EA0C0F7FF473
:1000E00025AF104619462CE795EA0C0F06D152EAC7
:1000F00003353FF4FDAE1046194622E750EA4106AB
:1001000018BF52EA43067FF4C5AE50EA41047FF4BB
:100110000DAF52EA43057FF4EBAE12E74FF0FF3C20
:1001200006E000BF4FF0010C02E000BF4FF0010CF1
:100130004DF804CD4FEA410C7FEA6C5C4FEA430C6A
:1001400018BF7FEA6C5C1BD001B050EA410C0CBFB9
:1001500052EA430C91EA030F02BF90EA020F00201B
:10016000704710F1000F91EA030F58BF994208BF82
:1001700090422CBFD8176FEAE37040F0010070473F
:100180004FEA410C7FEA6C5C02D150EA013C07D196
:100190004FEA430C7FEA6C5CD6D152EA033CD3D0E1
:1001A0005DF8040B704700BF8446104662468C46DB
:1001B0001946634600E000BF01B5FFF7B7FF00280E
:1001C00048BF10F1000F01BD4DF808EDFFF7F4FF37
:1001D0000CBF012000205DF808FB00BF4DF808EDC2
:1001E000FFF7EAFF34BF012000205DF808FB00BFE5
:1001F0004DF808EDFFF7E0FF94BF012000205DF807
:1002000008FB00BF4DF808EDFFF7CEFF94BF0120BB
:1002100000205DF808FB00BF4DF808EDFFF7C4FFB4
:1002200034BF012000205DF808FB00BF4FEA410CFD
:100230007FEA6C5C02D150EA013C0AD14FEA430CE0
:100240007FEA6C5C02D152EA033C02D14FF000001D
:1002500070474FF0010070474FEA410212F500125B
:1002600015D211D56FF47873B3EB625212D94FEAFD
:10027000C12343F0004343EA505311F0004F23FAE7
:1002800002F018BF404270474FF00000704750EA3C
:10029000013005D111F0004008BF6FF000407047F9
:1002A0004FF00000704700BF4A0011D212F5001253
:1002B00011D20DD56FF47873B3EB62520ED44FEABE
:1002C000C12343F0004343EA505323FA02F070473E
:1002D0004FF00000704750EA013002D14FF0FF307C
:1002E00070474FF0000070474FEA4102B2F1E0431F
:1002F00024BFB3F5001CDCF1FE5C0DD901F0004C0D
:100300004FEAC0024CEA5070B2F1004F40EB83005C
:1003100008BF20F00100704711F0804F21D113F188
:100320003872BCBF01F00040704741F480114FEAC1
:100330005252C2F11802C2F1200C10FA0CF320FA4A
:1003400002F018BF40F001004FEAC1234FEAD32367
:1003500003FA0CFC40EA0C0023FA02F34FEA4303D1
:10036000CCE77FEA625307D150EA01331EBF4FF05A
:10037000FE4040F44000704701F0004040F0FE4075
:1003800040F40000704700BF7BB972B90029BEBFBE
:1003900000204FF0004106E008BF00281CBF6FF0AE
:1003A00000414FF0FF3000F01BBAADF1080C6DE9D1
:1003B00004CE002909DB002B1ADB00F0ABF8DDF8D6
:1003C00004E0DDE9022304B07047404261EB4101E3
:1003D000002B1BDB00F09EF8DDF804E0DDE90223D2
:1003E00004B0404261EB4101524263EB430370476A
:1003F000524263EB430300F08DF8DDF804E0DDE9E1
:10040000022304B0404261EB41017047524263EB6A
:10041000430300F07FF8DDF804E0DDE9022304B0D7
:10042000524263EB4303704753B94AB9002908BFEE
:1004300000281CBF4FF0FF314FF0FF3000F0D0B963
:10044000ADF1080C6DE904CE00F064F8DDF804E0CD
:10045000DDE9022304B070472DE9F84382EAE27433
:10046000A4EBE2741546E20758BFDFF86090064639
:100470000F4652BF4FF00008804689466408324656
:100480003B463046394613D0FFF736FCE3070646B5
:100490000F46F3D54046494632463B46FFF72CFC13
:1004A00064088046894632463B4630463946EBD1A1
:1004B000002D07DA42464B4600200449FFF746FD6F
:1004C0008046894640464946BDE8F8830000F03F33
:1004D000D0B500220D4B06460F46FFF70DFCFFF787
:1004E000E3FE0446FFF78EFB0022094BFFF704FCF6
:1004F00002460B4630463946FFF746FAFFF7D4FE70
:100500000022234610431946D0BD00BF0000F03D35
:100510000000F0412DE9F047089E04468846002B74
:100520004BD18A42154667D9B2FA82F24AB1C2F17A
:10053000200701FA02F320FA07F7954047EA03087B
:1005400094404FEA154E230CB8FBFEF71FFA85FCCA
:100550000EFB178843EA084307FB0CF1994209D9BF
:10056000EB1807F1FF3080F01B81994240F21881AF
:10057000023F2B445B1AA4B2B3FBFEF00EFB103318
:1005800044EA034400FB0CFCA44509D92C1900F1F2
:10059000FF3380F00781A44540F2048102382C44E7
:1005A00040EA0740A4EB0C0400271EB1D44000230E
:1005B000C6E900433946BDE8F0878B4209D9002ED1
:1005C00000F0EB800027C6E9000138463946BDE857
:1005D000F087B3FA83F7002F47D18B4202D38242D0
:1005E00000F2FA80841A61EB030301209846002E82
:1005F000E0D0C6E90048DDE702B9FFDEB2FA82F2D8
:10060000002A40F08F80491B4FEA154E1FFA85F8EB
:100610000127B1FBFEFC230C0EFB1C1143EA014336
:1006200008FB0CF1994207D9EB180CF1FF3002D20C
:10063000994200F2CD808446591AA3B2B1FBFEF074
:100640000EFB101443EA044408FB00F8A04507D948
:100650002C1900F1FF3302D2A04500F2B6801846F3
:10066000A4EB080440EA0C409FE7C7F1200CBB4014
:1006700022FA0CFE4EEA030E01FA07F420FA0CF5FA
:1006800021FA0CF34FEA1E482543B3FBF8F92C0C72
:1006900008FB19331FFA8EFA44EA034309FB0AF4F4
:1006A0009C4202FA07F200FA07F10BD91EEB030392
:1006B00009F1FF3080F087809C4240F28480A9F1EC
:1006C000020973441B1BADB2B3FBF8F008FB1033F7
:1006D00045EA034400FB0AFAA24508D91EEB0404CC
:1006E00000F1FF336BD2A24569D90238744440EA65
:1006F0000940A0FB0289A4EB0A044C45C2464B46C4
:1007000054D351D0002E69D0B1EB0A0564EB030439
:1007100004FA0CFCFD40FC404CEA0505C6E9005417
:10072000002747E7C2F1200320FA03F7954001FABA
:1007300002F021FA03F34FEA154E3843010CB3FBE4
:10074000FEF71FFA85F80EFB173341EA034107FB5A
:1007500008F38B4204FA02F407D9691807F1FF3C49
:100760002FD28B422DD9023F2944CB1A81B2B3FB41
:10077000FEF00EFB103341EA034100FB08F38B420D
:1007800007D9691800F1FF3C17D28B4215D90238FE
:100790002944C91A40EA07473BE73746304609E78C
:1007A0000746E7E61846FBE64145ABD2B8EB020A3E
:1007B00069EB0E0201381346A4E76046E9E71846E4
:1007C00095E76746D1E781467CE702382C4447E746
:1007D000ACF1020C2B442FE7384608E73746E9E630
:1007E000704700BF024B58221A604FF0FF3070472D
:1007F000AC8C0020024B58221A604FF0FF3070473B
:10080000AC8C0020FEE700BFEDF7E2BF00F005B8BA
:100810000B4601461846FFF737B810B5002814BF3D
:10082000044601242046EEF783F930B9FCF716FFA1
:1008300008B900F00FF88047F4E710BD08B500F0E4
:1008400004F808B5804700F005F808B5FCF70EFF7E
:10085000FFF7F7FF08B50620FFF762F80120FFF762
:10086000D1FF30B50024A24201D1002007E0035D92
:1008700001340D1915F8015CAB42F4D0581B30BDA2
:10088000884210B501EB020307D8421E99420AD0F4
:1008900011F8014B02F8014FF8E78342F5D98118AE
:1008A000D21AD34200D110BD13F8014D01F8014D09
:1008B000F7E71F2938B504460D4604D9162303600F
:1008C0004FF0FF3038BD426C12B152F821304BB9B5
:1008D000204600F016F82A4601462046BDE838407A
:1008E000FFF726B8012B0AD0591C03D11623036049
:1008F0000120E7E7002442F82540284698470020D9
:10090000E0E7FFF76FBF034613F8012B002AFBD186
:10091000181A013870472DE9F047804689469246FB
:100920001E460F463D46089815F8014B00F06EF83C
:100930002044437813F0080332D12D2C32D17C7837
:10094000BD1C0122002E5DD0102E09D1302C07D104
:100950002B7803F0DF03582B4FD16C78102602352B
:10096000002A14BF4FF000416FF000410027B1FB97
:10097000F6FC384606FB1C1EA4F13003092B17D8E1
:100980001C46A64223DD7B1C07D084451CD301D125
:10099000A64519DB00FB0640012715F8014BEBE7E4
:1009A0002F46BFE72B2C04BFBD1C7C781A46C9E735
:1009B000A4F14103192B01D8373CE2E7A4F161030C
:1009C000192B04D8573CDCE74FF0FF37E5E77B1CD9
:1009D00008D12223C8F800300846BAF1000F07D129
:1009E000BDE8F08702B14042BAF1000FF8D00FB174
:1009F00005F1FF39CAF80090F2E73024002EAFD19C
:100A00000826ADE7302CA3D00A26A9E7D0F8EC00E1
:100A1000704782B001B901A942B14BB113780B60A4
:100A20001278101C18BF012002B070471046FBE777
:100A30006FF00100F8E749B1FF2A85BF8A23036000
:100A40000A704FF0FF3098BF01207047084670478A
:100A5000F8B500BFF8BC08BC9E467047F8B500BFAB
:100A6000F8BC08BC9E467047000000000000000073
:100A70000000000000000000000000000000000076
:100A80000108010842424242010801083ED8E98DAE
:100A90000000000011B6020075B6020025B7020082
:100AA00055B7020009F7020021060300D5ED020048
:100AB000C5F10200D1F10200E9F10200E9D1020022
:100AC000DDF1020039EE0200A5F10200EDDE0200C8
:100AD000F9D1020081D50200ADD402005DD402003C
:100AE000B1D602001DCF020021D1020031D1020097
:100AF00045D1020061D1020035DA020095D9020029
:100B00006DDF0200C5DF0200E5110300E9110300FB
:100B100034130400041304008C120400D4120400E3
:100B200064130400D0130400001404001816040019
:100B3000DDEC020095EE020085EC020081E102008E
:100B400005120300FD110300011203009DDD0200E8
:100B5000D1DB020041DC0200E1D20200F5D202004A
:100B600015D30200A5D30200B9D30200F1D30200CD
:100B700079CD02008DD10200A1D10200A5D10200E1
:100B8000ADD10200B9D10200C1D10200D1D1020021
:100B9000D9D10200E1D1020085DB0200B5DB020001
:100BA00089EE020095F20200C1F202002DF302006C
:100BB00075E102008DE1020099EA020051CB0200CA
:100BC0005DCB0200B5CB0200BDCB0200D9D0020044
:100BD000E5D002002DCC0200D5CD0200C9CF020025
:100BE000DDCD020049CE020005CF020015CF020084
:100BF00061DB0200FDD6020025D702004DD70200BE
:100C0000A5D70200D1D7020085D502007DD602000B
:100C1000B5D50200E5D502000DD6020035D602009A
:100C200055D60200F1DC020015DD020039DD0200BC
:100C30005DDD02007DDD020065DB020075DB020088
:100C400015DA020025DA020031D802006DD1020067
:100C500059D8020011D9020025D9020039D9020061
:100C60004DD9020061D9020075D902007DD1020080
:100C700085D10200ED110300E9D102004104030017
:100C8000F9D1020075D2020079D202007DD20200B1
:100C900091D20200C5D20200C9D20200D9D202000C
:100CA00005D4020011D4020015D402009DDE02001A
:100CB000E1DF0200F9DF02001DE0020071E0020046
:100CC00091E0020081BB020095BB0200A9BB0200BB
:100CD000BDBB0200D1BB0200E5BB0200F9BB0200B4
:100CE0000DBC02007DF30200A5F30200B9F302007F
:100CF000CDF30200E1F30200F5F3020009F4020073
:100D00001DF4020085BC020089BC0200A1BC0200E7
:100D1000B5BC0200CDBC0200E1BC02005DC0020017
:100D200099C1020045BD020049BD020079BD020023
:100D3000A5BD020025BE020031BE020075BE020044
:100D4000E9BE020001BF020029BF020031BF02005C
:100D5000CDEC0200D1EC0200B9C10200BDC102001D
:100D6000C9C10200CDC10200D1C10200D9C1020037
:100D7000DDC10200E1C1020001C202001DC2020089
:100D800045C2020049C2020051C2020065C202000F
:100D900071C2020075C2020031F40200B1F4020017
:100DA00045F50200A9F50200B1F50200B9F502000F
:100DB000C9F50200D9F5020069FE02008DF90300B1
:100DC000DD0104001902040089F903004DFF03004E
:100DD000F9FC030009F702000D06030099FE02006A
:100DE00021FF020055FF020069FF0200BDFF020063
:100DF000C1FF0200C9FF0200D5FF0200DDFF0200B3
:100E0000190103002901030031010300510103000E
:100E10008901030005020300C50203006D030300FE
:100E2000750303008D0303009503030025FA0200F8
:100E30003DFA02004DFA020055FA02006DFA020076
:100E400089FA020031FB020079FB020095FA0200E8
:100E50002D05030095050300AD050300B50503004E
:100E6000F905030001060300F1FB0200F5FB020097
:100E700001FC020005FC02005D060300D50603002C
:100E8000390703009D0703000D080300290803002C
:100E900095080300E50F0300A9100300AD1003003F
:100EA0004511030095110300991103009D110300E2
:100EB000A1110300A5110300A9110300AD11030046
:100EC000B1110300B5110300B9110300D15A030099
:100ED000F55A0300815B0300CD5B0300195C03003E
:100EE000295C0300F55D0300DD160300E516030031
:100EF000ED160300FD16030011170300353603003D
:100F00001D1703004D170300B11A03005917030002
:100F1000BD170300311B0300E11C0300F91C030093
:100F2000211D0300714603002D1D03008D1D0300CC
:100F3000B944030045470300D91D0300D91E03002F
:100F4000D147030051440300154403003D4403000E
:100F5000CD48030005210300ED210300A124030077
:100F6000012703006D290300D92D0300A12E0300E2
:100F7000F13303009934030095350300054903005C
:100F8000F1470300415E03005D5E0300E55E030080
:100F9000455F0300000000000100000000000000A9
:100FA0000A000000000000006400000000000000D3
:100FB000E80300000000000010270000000000000F
:100FC000A08601000000000040420F000000000069
:100FD000809698000000000000E1F5050000000088
:100FE00000CA9A3B0000000000E40B54020000001D
:100FF00000E87648170000000010A5D4E8000000C3
:1010000000A0724E1809000000407A10F35A000048
:101010004FBB610567ACDD3F182D4454FB21E93F10
:101020009BF681D20B73EF3F182D4454FB21F93FFF
:10103000E2652F227F2B7A3C075C143326A6813C85
:10104000BDCBF07A8807703C075C143326A6913C30
:10105000000000000000E03F000000000000E0BFD2
:101060000000E0FE422EE63F0000E0FE422EE6BF1A
:10107000763C7935EF39EA3D763C7935EF39EABD92
:1010800000000000000000000000000000000080E0
:1010900000000040FB21F93F000000002D44743E99
:1010A000000000809846F83C0000006051CC783B7E
:1010B00000000080831BF0390000004020257A38B2
:1010C000000000802282E336000000001DF3693535
:1010D000000000000000304300000000000030C3AA
:1010E00000000000000000006DB7020075B70200AC
:1010F000598403009184030079B702008DB7020080
:1011000051710300C170030009710300C570030031
:1011100015830300B584030091740300757073692F
:10112000646500006E6F726D616C0000636F6F72BA
:1011300064696E6174652073706163653A2025642B
:10114000202F2025642C2025730000006163633A62
:10115000206D6F756E74696E670000006163633A9D
:10116000207573696E67205344412C2053434C0013
:101170006163633A206E6F20693263206176616932
:101180006C61626C650000006163633A206E6F748D
:101190002064657465637465640000006163633A8C
:1011A0002064657465637465642025640000000034
:1011B0006163633A2064616D6167656420616363A4
:1011C000656C6572656F6D746572206F7220696EF3
:1011D00076616C696420414343454C45524F4D450F
:1011E0005445525F54595045000000006163633A12
:1011F00020696E76616C696420414343454C4552D9
:101200004F4D455445525F54595045006163633A10
:10121000206D6F756E7465640000000030313233EC
:101220003435363738396162636465660000000022
:101230006661696C656420747970652063686563B4
:101240006B20666F72202570204025700000000022
:101250005654202570202D206F626A7479706520A5
:10126000256420636C6173734E6F20256400000059
:10127000756E68616E646C65642065786365707412
:10128000696F6E2C2076616C75653A000C0003F96D
:1012900000000000010000000000000079C802000A
:1012A000EDDE0200EDC6020061C802002DC802009A
:1012B00021C8020015C8020041C802006D6973739D
:1012C000696E672070726F7065727479206F6E201E
:1012D000257000000C0003F9000000000100000070
:1012E0000000000079C80200EDDE0200E1C6020045
:1012F000CDC50200D1C50200DDC50200E1C5020076
:10130000E5C502000C0003F9000000000100000028
:101310000000000079C80200EDDE020059C802009A
:1013200035C502003DC5020041C5020045C50200A9
:1013300089C502000C0003F9000000000100000054
:101340000000000079C80200EDDE020071C8020052
:1013500015C502001DC5020021C5020075C80200A6
:1013600025C502000C0003F9000000000100000088
:101370000000000079C80200EDDE020069C802002A
:10138000EDC50200FDC502006DC8020065C802007F
:101390000DC602005B4E61746976652025705D00A4
:1013A0005B5265664F626A6563742076743D257092
:1013B00020636C3D256420737A3D25645D00000048
:1013C0005B2573202570203D2025735D0000000003
:1013D000080004F900000000030000000000000005
:1013E00079C80200EDDE02000000000015C6020010
:1013F00000000000000000000000000000000000ED
:101400000C0002F9000000000200000000000000D3
:1014100079C80200EDDE0200000000005DC8020095
:1014200000000000000000000000000000000000BC
:10143000341304000700626F6F6C65616E0000007A
:10144000341304000900756E646566696E65640096
:10145000D01304000000000000000000341304005A
:101460000000000034130400080066756E637469A0
:101470006F6E0000341304000900756E64656669C0
:101480006E656400341304000800496E66696E6975
:10149000747900003413040003004E614E00000014
:1014A0003413040009002D496E66696E6974790071
:1014B0003413040004006E756C6C000034130400D7
:1014C0000400747275650000341304000500666141
:1014D0006C7365003413040008005B4F626A656337
:1014E000745D0000341304000A005B46756E63747B
:1014F000696F6E5D000000003413040006006E7515
:101500006D626572000000003413040006006F6213
:101510006A656374000000003413040006007374ED
:1015200072696E67000000006763416C6C6F63282E
:10153000256429202825642F256420667265653B73
:10154000202564206D617820626C6F636B29202DEB
:101550003E206E657720626C6F636B002D2D4D41D0
:10156000524B000052503A25702F256400000000B5
:1015700052473A25702F256400000000474320257C
:10158000642F256420667265653B202564206D61AB
:1015900078426C6F636B0000686561703A20256467
:1015A00020286D696E75732025642073797320621D
:1015B0007974657329000000474320626C6F636B88
:1015C000202564622040202570000000526566528C
:1015D00065664C6F63616C20257020763D25700038
:1015E000526566436F6C6C656374696F6E2025701D
:1015F0002073697A653D25640000000052656652DB
:1016000065636F72642025702073697A653D256477
:1016100020627974657300000C0005F90000000079
:101620000400000000000000CDED0200F5EC020017
:1016300059EC0200A1EC02000000000000000000D4
:10164000000000000000000076617269616E742085
:101650006E6F7420737570706F727465643A2025B4
:10166000730000005265664D61702025702073691B
:101670007A653D25640000005365676D656E743AB8
:101680002025702C206C656E6774683A2025642CC8
:101690002073697A653A2025640000002D3E2025DC
:1016A000640000004572726F723A202564205B2549
:1016B000645D0000526566416374696F6E20257039
:1016C0002070633D25582073697A653D25640000CC
:1016D000140004F9000000000800000000000000F1
:1016E000E9EC020025ED02006DEC0200B1EC020015
:1016F00000000000000000000000000000000000EA
:10170000080004F9000000000700000000000000CD
:10171000D1ED020015ED020065EC0200ADEC020017
:1017200000000000000000000000000000000000B9
:101730000C0004F90000000006000000000000009A
:10174000E1EC0200C5F0020051EC02009DEC020049
:101750000000000000000000000000000000000089
:10176000636F6D6D202564202D3E202570000000E4
:10177000525325643A25702F25640000756E6B6EF8
:101780006F776E002320257300000000232025734F
:101790003A202570000000006932633A206C6F6FB8
:1017A0006B75702064656661756C742070696E730A
:1017B000000000006932633A20666F756E64206530
:1017C00078697374696E6720693263006932633ABD
:1017D000206D6F756E74696E67206F6E206E657711
:1017E0002064657669636500000000000000000069
:1017F00095FB020099FB02009DFB0200A1FB020089
:10180000A5FB0200ADFB0200B5FB02006E6F20706D
:10181000696E206366673A202564000000000000BE
:10182000000000006DB7020075B70200E5FF02007E
:10183000E9FF0200F1FF02000900030000000000C0
:10184000000000006DB7020061000300E5FF020028
:10185000E9FF02002900030041000300616C6C6F86
:10186000636174652054494D4552256400000000B1
:10187000524553455420554943520A001008000070
:10188000008000401109000000900040120A000092
:1018900000A00040131A000000A00140141B00002B
:1018A00000B0014000000000000000000A444D4567
:1018B00053473A0A000000000A0A00000000000036
:1018C00000000000590F030079090300919B0300F9
:1018D000959B0300999B0300D90A0300290B030081
:1018E00047EBF02D935A16C80F1F3F000D1203004F
:1018F00059120300BD12030000030C0F30333C3FAC
:10190000C0C3CCCFF0F3FCFF0011223344556677FF
:101910008899AABBCCDDEEFF526566496D616765AB
:101920002025702073697A653D2564207820256420
:10193000000000000C0004F9000000000500000099
:1019400000000000091203002113030049EC02000B
:1019500099EC020000000000000000000000000000
:10196000000000004A44413A206D61676963206DC0
:1019700069736D617463682025780000696E766113
:101980006C69642073757065722D6672616D652077
:101990002564202564000000696E76616C6964200E
:1019A00073757065722D6672616D652025642025E2
:1019B00064202564000000000609090906040604E5
:1019C000040E070806010F0F080409060C0A091F78
:1019D000081F010F100F08040E110E1F080402014A
:1019E0000E110E110E0E110E040211000E1B11002D
:1019F00001807811807820003A010313800A298041
:101A00000A0000002A2A2A20434F44414C2050411A
:101A10004E4943203A205B25645D0000373448433B
:101A20003A2077616974696E672E2E2E00000000DF
:101A3000373448433A206E6F2077616974207265AD
:101A40007175657374656400373448433A202578AE
:101A500000000000636F6E66696720747970653AF4
:101A60002025643B20636667303D257820636667E8
:101A7000313D257800000000636F6E6669677572FE
:101A8000652073637265656E3A2046524D43545229
:101A9000313D2570204D414443544C3D2570207408
:101AA0007970653D2564000073637265656E3A2048
:101AB000256420782025642C206F66663D25642CE3
:101AC000256400000000000000000000C161030068
:101AD0009D610300B961030095610300B5610300D6
:101AE000AD610300A561030030780000444D45530B
:101AF00047206C696E6520746F6F206C6F6E672174
:101B00000A000000250000003F3F3F000D0A0000D2
:101B100000000000000000006DB7020075B7020071
:101B2000E5FF0200E9FF0200517003006970030045
:101B30004D70030000000000000000006DB70200BF
:101B400075B70200E5FF0200E9FF0200D170030053
:101B5000E970030051710300C170030009710300B3
:101B6000C5700300C9700300C970030091740300BD
:101B700000000000000000006DB7020075B7020011
:101B8000E5FF0200E9FF0200000000000000000085
:101B9000257703003D08040000000000000000005D
:101BA0003D7803002D7803000000000000000000D5
:101BB0006DB7020075B70200E5FF0200E9FF020001
:101BC000D57C0300E97C030025770300057D030035
:101BD00000000000000000006DB702008D7D0300D2
:101BE000E5FF0200E9FF02005D7D0300717D030057
:101BF000557D0300797E0300EF03038002CF0300CD
:101C0000C130ED0464031281E803850078CB053907
:101C10002C003402F70120EA020000C00123C101B8
:101C200010C5023E28C701863601083701003A0177
:101C300055B1020018B603088227F20100260101FF
:101C4000E00F0F312B0C0E084EF1370710030E0971
:101C500000E10F000E1403110731C148080F0C31C9
:101C6000360F118078298078000000000000000005
:101C7000000000003D7F030075B70200E5FF020091
:101C8000A1990300057F03001D7F03009C1C040035
:101C900004000000BC1C040007000000020000005B
:101CA0000000000004000000010000000800000027
:101CB000020000001000000003000000C409000042
:101CC0007000000088130000600000001027000072
:101CD00050000000204E000040000000409C00002A
:101CE00030000000A08601002000000040420F00EC
:101CF0001000000000000000000000006DB70200AE
:101D000075B70200A181030001820300D1810300A5
:101D1000E581030051710300C170030009710300E4
:101D2000C5700300F980030025820300917403004D
:101D30000200040108020000E204000000000000AC
:101D4000C409000008000000881300001000000013
:101D50001027000018000000204E000020000000A6
:101D600080380100280000000071020030000000EF
:101D700000C409003800000000000000000000005E
:101D80006DB7020075B70200598403009184030007
:101D9000618403007584030051710300C170030066
:101DA00009710300C570030015830300B5840300A7
:101DB000917403004D50553630353020696E69748A
:101DC0002025780000000000000000006DB7020030
:101DD00075B702007D850300B58503008585030086
:101DE0009985030051710300C1700300097103005C
:101DF000C5700300F1860300D985030091740300C8
:101E00000000000000000000CD8703001160030007
:101E1000C56303000000000000000000458D0300C2
:101E2000D58803003D880300DD870300618A030035
:101E3000ED8A0300F4FFFFFF000000006DB7020011
:101E400075B70200E5FF0200E9FF0200E58A030022
:101E5000018B030000000000000000006DB70200CD
:101E600075B70200E5FF0200E9FF0200118E0300D2
:101E7000258E0300B58D0300000000000000000067
:101E80006DB7020075B70200E5FF0200E9FF02002E
:101E90006D92030081920300B1910300057D030060
:101EA00001807811807820003A0103E010021C07BD
:101EB000123732292D29252B3900010310E1100397
:101EC0001D07062E2C292D2E2E373F000002101341
:101ED000800A29800A0000000000000000000000C5
:101EE000559A030075B70200E5FF0200A1990300AF
:101EF000D1920300E99203000000000000000000FE
:101F0000559B0300699B03000000000000000000D7
:101F1000219C0300A19B0300B99B0300B19B03001C
:101F2000999B03009D9C0300FCFFFFFF0000000045
:101F3000719D030000000000000000006DB702006A
:101F400075B70200E5FF0200E9FF0200819E030071
:101F5000A19E0300C99E0300F8FFFFFF00000000E0
:101F600019A00300FFFF0000493243206572722070
:101F70002578000049324320465245513A202564D5
:101F800000000000000000000000000045A5030064
:101F90003DCE03003DCE030045CE030045CE0300F9
:101FA0004DCE030015A7030069CE0300A5A70300CB
:101FB00089A5030089CE0300000000000000000096
:101FC0006DB7020075B70200E5FF0200E9FF0200ED
:101FD00039A8030079A8030021A803003DAA030043
:101FE000F8FFFFFF0000000031A8030045AA03002E
:101FF000919B0300959B0300999B03000000000048
:10200000000000006DB7020075B70200E5FF020096
:10201000E9FF0200B5AA0300F1AA030011AE030014
:10202000F8FFFFFF0000000091AE03000000000079
:102030000000000029B303009DAF03000DB00300B2
:1020400089B8030025B0030059B2030091B0030022
:10205000A1B00300D5B00300E1B0030035B5030023
:1020600061B90300F1B00300A1B203002DB4030075
:1020700001B1030019B103008DAF030095AF030058
:10208000B5B7030065B70300B1B3030089B103001E
:1020900079B103007DB103000200000004000000DC
:1020A0000600000053504920636F6E666967206424
:1020B0006F6E6520663D2570000000000000000086
:1020C00000000000E5B90300C1B9030085BD0300AD
:1020D000FDBC03003DBD0300D5B90300D9B9030021
:1020E00000000000000000006DB7020075B702009C
:1020F000E5FF0200DDBF0300A5BF0300BDBF030075
:1021000025780300B9BD0300E9BD030025BE030027
:1021100045BE030059BE030085BE0300A9BE0300EF
:10212000C9BE0300F9BE03002DBF03004DBF03006D
:1021300035C003006DBF0300B5BD030072656C6F51
:10214000636174652076746F7220746F2025782027
:102150002D3E20257820257800000000003000402A
:10216000030000000F0000000040004004000000D9
:102170000F00000000300240230000000C000000AF
:1021800000200040020000001000000000F00240AB
:102190002F00000004000000008002402800000022
:1021A00010000000AC210400080000000200000044
:1021B0000100000003000000020000000400000015
:1021C0000300000005000000040000001C000000E7
:1021D000050000001D000000060000001E000000B9
:1021E000070000001F0000000800000001000000C0
:1021F000000000000000000035CE03003DCE0300CB
:102200003DCE030045CE030045CE03004DCE030076
:10221000EDCE030069CE030081CF0300A9CE0300F9
:1022200089CE030000000000000000006DB702002E
:102230008D7D0300E5FF0200E9FF0200A5D4030045
:10224000C5D40300557D03008DD4030000000000B9
:102250000000000035D5030025D50300919B030045
:1022600029D503002DD5030061636F7300000000C2
:1022700061636F73680000006173696E00000000A5
:102280006174616E68000000636F73680000000095
:1022900065787000666D6F64000000006C6F670009
:1022A0006C6F673130000000706F770073696E6883
:1022B0000000000073717274000000006C6F6766AC
:1022C000000000006C6F673130660000737172743B
:1022D00066000000FB21F93FFB2109407CD9124038
:1022E000FB2119407A6A1F407CD92240BBFD254062
:1022F000FB2129403A462C407A6A2F405C47314006
:102300007CD932409C6B3440BBFD3540DB8F37407D
:10231000FB2139401BB43A403A463C405AD83D4034
:102320007A6A3F404C7E40405C4741406C104240DE
:102330007CD942408CA243409C6B4440AC34454025
:10234000BBFD4540CBC64640DB8F4740EB5848407D
:10235000FB21494083F9A200444E6E00FC29150080
:10236000D1572700DD34F50062DBC0003C999500B1
:10237000419043006351FE00BBDEAB00B761C50076
:102380003A6E2400D24D42004906E00009EA2E00D0
:102390001C92D100EB1DFE0029B11C00E83EA700F5
:1023A000F535820044BB2E009CE98400B426700001
:1023B000417E5F00D6913900538339009CF4390087
:1023C0008B5F840028F9BD00F81F3B00DEFF9700FB
:1023D0000F980500112FEF000A5A8B006D1F6D003A
:1023E000CF7E360009CB2700464FB7009E663F00E0
:1023F0002DEA5F00BA277500E5EBC7003D7BF100D1
:10240000F739070092528A00FB6BEA001FB15F00A8
:10241000085D8D00300356007BFC4600F0AB6B007E
:1024200020BCCF0036F49A00E3A91D005E61910044
:10243000081BE60085996500A0145F008D406800C8
:1024400080D8FF0027734D0006063100CA561500DC
:10245000C9A873007BE260006B8CC000000FC93F0D
:10246000000F494000CB9640000FC9400053FB408D
:1024700000CB164100ED2F41000F49410031624170
:1024800000537B41003A8A4100CB9641005CA34156
:1024900000EDAF41007EBC41000FC94100A0D54115
:1024A0000031E24100C2EE410053FB4100F2034221
:1024B000003A0A420083104200CB164200141D422B
:1024C000005C234200A5294200ED2F42003636422F
:1024D000007E3C4200C74242000F4942A200000079
:1024E000F9000000830000006E0000004E000000B4
:1024F000440000001500000029000000FC0000005E
:102500002700000057000000D1000000F500000087
:1025100034000000DD000000C0000000DB0000000F
:102520006200000095000000990000003C000000DF
:10253000430000009000000041000000FE00000089
:102540005100000063000000AB000000DE0000004E
:10255000BB000000C500000061000000B7000000E3
:10256000240000006E0000003A000000420000005D
:102570004D000000D2000000E00000000600000056
:10258000490000002E000000EA00000009000000E1
:10259000D1000000920000001C000000FE000000BE
:1025A0001D000000EB0000001C000000B100000056
:1025B00029000000A70000003E000000E800000025
:1025C0008200000035000000F50000002E00000031
:1025D000BB0000004400000084000000E90000008F
:1025E0009C0000007000000026000000B400000005
:1025F0005F0000007E000000410000003900000084
:1026000091000000D60000003900000083000000A7
:102610005300000039000000F40000009C0000009E
:10262000840000005F0000008B000000BD0000007F
:10263000F9000000280000003B0000001F0000001F
:10264000F800000097000000FF000000DE0000001E
:1026500005000000980000000F000000EF000000DF
:102660002F000000110000008B0000005A00000045
:102670000A0000006D0000001F0000006D00000057
:10268000360000007E000000CF00000027000000A0
:10269000CB00000009000000B70000004F00000060
:1026A000460000003F000000660000009E000000A1
:1026B0005F000000EA0000002D000000750000002F
:1026C00027000000BA000000C7000000EB00000077
:1026D000E5000000F10000007B0000003D0000006C
:1026E0000700000039000000F70000008A00000029
:1026F0005200000092000000EA0000006B000000A1
:10270000FB0000005F000000B10000001F0000009F
:102710008D0000005D000000080000005600000071
:10272000030000003000000046000000FC00000034
:102730007B0000006B000000AB000000F000000018
:10274000CF000000BC000000200000009A00000044
:10275000F4000000360000001D000000A900000089
:10276000E300000091000000610000005E00000036
:10277000E60000001B0000000800000065000000EB
:1027800099000000850000005F00000014000000B8
:10279000A000000068000000400000008D00000064
:1027A000FF000000D8000000800000004D00000085
:1027B0007300000027000000310000000600000048
:1027C000060000001500000056000000CA000000CE
:1027D00073000000A8000000C900000060000000B5
:1027E000E20000007B000000C00000008C00000040
:1027F0006B00000002000000030000000400000065
:10280000060000000000C93F0000F0390000DA3780
:102810000000A2330000842E0000502B0000C227CD
:102820000000D0220000C41F0000C61B0000441797
:1028300004000000070000000900000030800020B4
:102840004300504F534958002E00002020202020E4
:102850002020202028282828282020202020202050
:102860002020202020202020202020881010101040
:102870001010101010101010101010040404040494
:1028800004040404041010101010101041414141C0
:1028900041410101010101010101010101010101A8
:1028A00001010101010110101010101042424242BA
:1028B0004242020202020202020202020202020278
:1028C000020202020202101010102000000000009C
:1028D00000000000000000000000000000000000F8
:1028E00000000000000000000000000000000000E8
:1028F00000000000000000000000000000000000D8
:1029000000000000000000000000000000000000C7
:1029100000000000000000000000000000000000B7
:1029200000000000000000000000000000000000A7
:102930000000000000000000000000000000000097
:102940000000000000000000000000000000000087
:082950004C8CFE7F0100000029
:1029580000000000A10D0C000101010180BA010F67
:1029680080BA010F0138FDD170470000FFFFFFFF5B
:10297800B08C00200090D00355080400308000205F
:10298800000000000000000000000000000000003F
:10299800000000000000000000000000000000002F
:1029A800000000000000000000000000000000001F
:1029B800000000000000000000000000000000000F
:1029C80000000000000000000000000000000000FF
:1029D80000000000000000000000000000000000EF
:1029E800430000000000000000000000000000009C
:1029F80000000000000000000000000000000000CF
:102A0800430000000000000000000000000000007B
:102A180000000000000000000000000000000000AE
:102A2800430000000000000000000000000000005B
:102A3800000000000000000000000000000000008E
:102A4800430000000000000000000000000000003B
:102A5800000000000000000000000000000000006E
:102A6800430000000000000000000000000000001B
:102A7800000000000000000000000000000000004E
:102A880043000000000000000000000000000000FB
:102A9800000000000000000000000000000000002E
:102AA80043000000000000000000000000000000DB
:102AB800000000000000000000000000000000000E
:102AC800370A0400130A0400000000004A28040022
:102AD800482804004928040049280400492804001B
:102AE800492804004928040049280400492804000A
:102AF8004928040049280400FFFFFFFFFFFFFFFFEC
:102B0800FFFFFFFFFFFF0000010041534349490059
:102B180000000000000000000000000000000000AD
:102B28000000000000000000000041534349490034
:102B3800000000000000000000000000000000008D
:102B48000000000000000000000000000004030175
:102B580081B50200B5EC020031F9020085C203001C
:042B68005DB5020055
:042B6C000000000065
:040000033000C67192
:00000001FF
