:1020000000800020C1180100BD18010049710000C6
:1020100000000000000000000000000000000000C0
:10202000000000000000000000000000BD180100DA
:102030000000000000000000BD180100BD180100F4
:10204000BD180100BD180100BD180100BD18010038
:10205000DDBC0100BD180100B9E1010039AA010091
:10206000BD18010029DE010039DE010049DE010052
:1020700059DE010069DE010079DE0100C1D00100F6
:10208000D1D00100E1D00100F1D00100FDD001006C
:1020900009D101000000000000000000BD1801008F
:1020A000BD180100BD180100BD180100BD180100D8
:1020B000000000007CB0EE877CB0EE87FF00FF00E0
:1020C000FF00FF00FF00FF00FF00FF00FF00FF0018
:1020D000FF00FF00FF00FF00FF00FF00FF00FF0008
:1020E000FF00FF00FF00FF00FF00FF0010B5064CDF
:1020F0002378002B07D1054B002B02D0044800E0C9
:1021000000BF0123237010BDE80200200000000082
:10211000B0BF0200044B10B5002B03D003490448A4
:1021200000E000BF10BDC04600000000EC0200202F
:10213000B0BF020070B505000E0000F06BFA041E7F
:102140000ED00368DB6A9847082D0AD02B00093BA4
:10215000012B12D91023320029000D2004F044FC79
:1021600070BD236820005B6A98470228F2DC236870
:1021700004211B6A20009847ECE7236820005B6A73
:1021800098470528E6DC236808211B6A2000984749
:10219000E0E7C04670B5050000F03CFA041E36D0FA
:1021A0000368DB6A9847012D3DD032DD022D36D021
:1021B000032D2CD1200010F0E9FE1DF0BDFE061C01
:1021C000200010F0F1FE1DF0B7FE051C200010F0FD
:1021D000F9FE1DF0B1FE311C041C301C1DF080FB0B
:1021E000291C061C281C1DF07BFB011C301C1DF04B
:1021F00005F8211C051C201C1DF072FB011C281C6D
:102200001CF0FCFF21F08CFD1DF076FE00E00020AC
:1022100070BD002DFBD1200010F0B8FEF8E72000C3
:1022200010F0D0FEF4E7200010F0BEFEF0E7C0464C
:1022300070B5050000F0EEF9041E0AD00368DB6AF1
:102240009847002D07D0012D03D1200010F068FF22
:1022500000E0002070BD200010F038FFFAE7C04613
:1022600010B5040000F0D6F9002803D0036821005F
:102270001B6A984710BDC0460048704716FCFFFF18
:102280007047C04610B50400024B036010F036FCE6
:10229000200010BD30AD020010B50400044B0360F7
:1022A00010F02CFC200026F077FF200010BDC04667
:1022B00030AD0200F0B5C6460F2600B5032184B04C
:1022C0000500512001F082FF8024310003116400D9
:1022D000070001401E40044076D1C24B3200C24884
:1022E0000FF090FD621E94410F21E2B2394033009D
:1022F000280016F04DF90023BC48AB600FF082FDBA
:1023000001210320494201F061FF05F0BBFA0121E0
:1023100004004942022001F059FF05F0B3FA002CF5
:1023200054D0002852D00100200004F05BFF071EAB
:1023300064D001214620494201F048FF04003828BA
:1023400000D1D4E025DD3A2800D1BBE068285DD17A
:1023500001210120494201F039FF05F093FA80463E
:102360004C2026F028FF05230094019342462B00C1
:102370003900060013F0C6FEAE60336830009B6A79
:102380009847A8680368DB6A984799480FF03AFDB8
:1023900037E0302801D0322838D1012101204942CC
:1023A00001F014FF05F06EFA80464C2026F003FF82
:1023B000052306000193A4B200942B004246390085
:1023C000300013F04FFCD7E78A4B87E78A480FF0BD
:1023D00019FD01211920494201F0F8FE05F052FAD9
:1023E000012104004942182001F0F0FE05F04AFAEC
:1023F0000100200004F0F6FE071E9AD17F480FF07E
:1024000001FD280004B004BC9046F0BD0023012467
:10241000AB603B68019400941E6A0F230F226B444B
:1024200032213800B047002800D1A4E03B68019475
:1024300000941E6A0F230F226B4430213800B047EE
:1024400000286CD03B68019400941E6A0F230D2273
:102450006B4438213800B047002800D191E03B6838
:10246000019400941E6A0F230D226B443A21380018
:10247000B047002800D19BE03B68019400941C6A9F
:102480000F2375226B4468213800A04700285AD1D9
:1024900068215B480FF0B6FC01210120494201F0A0
:1024A00095FE05F0EFF904004C2026F084FE05238C
:1024B00001936333009322002B003900060013F0D0
:1024C00021FE59E701210120494201F07FFE05F07C
:1024D000D9F98046442026F06EFE0523009401932E
:1024E00042462B003900060013F062FD44E701214B
:1024F0000120494201F06AFE05F0C4F980464420FB
:1025000026F059FE05230600019342462B00009455
:102510003900300013F04CFD3A4B33602CE730218A
:1025200037480FF06FFC302401210120494201F0AF
:102530004DFE05F0A7F980464C2026F03CFE052311
:102540000600019338E730480FF05CFCAE68002EBF
:1025500000D012E701210320494201F037FE05F0C7
:1025600091F9002803D029480FF04CFC49E728488E
:102570000FF048FC45E7322121480FF043FC32249C
:10258000D2E738211E480FF03DFC012101204942CD
:1025900001F01CFE05F076F90400442026F00BFE45
:1025A000052301933333009306002B002200AFE78D
:1025B0003A2113480FF026FC01210120494201F085
:1025C00005FE05F05FF90400442026F0F4FD052324
:1025D00001933533009322002B003900060013F0DD
:1025E000E7FCC9E6AC9A0200B49A0200D49A020051
:1025F000949B0200A49A0200E49A0200F89A020056
:10260000249B0200709A0200109B0200389B02007B
:10261000749B020070B5114C2368002B01D09868A0
:1026200070BD01210120494201F0D0FD05F02AF9D9
:10263000002808D00C2026F0BEFD0500FFF73AFE6A
:102640002560A868ECE701210320494201F0BEFDA6
:1026500005F018F90028EDD1E2E7C0460403002098
:1026600010B501F0F9FE20F02BFA01F0E7FA10BDE9
:1026700010B501F0F1FE20F0CFFD01F0DFFA10BD42
:1026800010B501F0E9FE20F09DFA01F0D7FA10BD77
:1026900010B501F0E1FE21F07BF901F0CFFA10BD99
:1026A00010B501F0D9FE20F04DFD01F0C7FA10BDC4
:1026B00010B501F0D1FE20F0C9FC01F0BFFA10BD49
:1026C00010B501F0C9FE1FF037FC01F0B7FA10BDDC
:1026D00010B501F0C1FE20F0FBFB01F0AFFA10BD18
:1026E00010B50C000299914221DB002B0BD1042A7A
:1026F00017D0022A01D1C3070FD50100200009F02D
:10270000FFF9002008E08018A21801380378237030
:102710000134A242F9D1002010BD0388002023809B
:10272000FAE78307E9D1036800202360F4E700217A
:1027300020000AF011FC01204042EDE7083070470C
:1027400003000020002B06D0002904DB5A688A42CF
:1027500001DD5B18187A7047002806D0002904DBD9
:1027600043688B4201DD401802727047030000206D
:10277000002B06D0002904DB5A68914201DA5B186D
:10278000187A70470123820703D1000F4342584152
:10279000C3B218007047C046002806D0002904DBE9
:1027A0004368994201DA40180272704770B5002BF5
:1027B00022DB002920DB45688D421DDB54686D1A41
:1027C000E41AAC420EDC002C16DB050016000835BE
:1027D0000836824208D068182200F11809F090F9F2
:1027E000002070BD2C00EEE7ED18701822002900C3
:1027F00026F010FD0020F4E701204042F1E7C0463A
:102800004068704710B5002A0DDB446894420ADB2B
:10281000002B00DA2300A41A9C4205DC0830801843
:1028200022000AF099FB10BD1C000830801822001D
:102830000AF092FBF7E7C04610B543681C008B42D4
:1028400000DD0C00002A00DA1A00191B914200DD9D
:1028500011000830001900F043FF10BD70B50E00E4
:10286000002B01DA43689B1A002A1DDB4468991883
:10287000A14219DC914217DB002B15D0710013D057
:102880005942B14211DAB3420FDD08308518002EEB
:1028900012DB9C1BA9192200280026F0BBFC28197A
:1028A000320000210AF058FB70BD012300225B4278
:1028B0000021FFF7A7FFF7E774429A1929002819AA
:1028C00026F0A8FC2200002128000AF045FBEBE7D7
:1028D00010B54168083000F073FE10BDF8B54368CC
:1028E00005005900002000F0EFFD6B688446002BC6
:1028F00016DD07262B0002000F277642094C08330D
:102900000632761B19780911615C1170197839400B
:10291000615C51706868F118023201338842F1DC61
:102920006046F8BD2C9C020070B50500160008003A
:102930001C1E01DA6B689C1A002E2BDB6A68A31937
:10294000934227DCB34225DB002C23D0430021D067
:10295000002801DA2302C01821001CF0EBF900293D
:1029600000DA09190835AD1969182C198D4211D0F2
:102970000B0005E003008A420DD01500934209D0F8
:1029800018782E782870581C6A1C1E708442F1D169
:102990000B00F2E770BD0100EFE7C046012300B570
:1029A0005B4283B000930023FFF700FF03B000BD3C
:1029B00010B503000C00002000290DDD5968083314
:1029C000180002F053FB1F2C06DC0300E3405840C4
:1029D0000123A340013B184010BDC04610B50100C3
:1029E000002000F07DFE10BD70B50021050000F054
:1029F00013FE0100002000F073FE01000400083106
:102A0000280000F009FE200070BDC04630B504006B
:102A100083B00D00102A0DD8474992008A58974676
:102A2000180001F037FE0090032D03DDA30700D04E
:102A30007CE0206003B030BD180001F097FD002D50
:102A4000F8DD2070F6E7180001F090FD012DF1DDB2
:102A500060700004000E2070ECE7180001F02AFD01
:102A60000090032DE6DD6B461B78E3706B465B78C8
:102A7000A3706B469B7863706B46DB782370D9E755
:102A8000180001F0E9FC00900191072DD2DD230030
:102A90006A4608331178013B197001329C42F9D122
:102AA000C8E7180001F0F6FD0090032DDBDCC1E75C
:102AB000180001F05BFD6B461880012DBADDE307BD
:102AC00032D502226946200009F01AF8B2E7180050
:102AD00001F04CFD0090032DC5DCABE7180001F0C0
:102AE000E9FC0090032DA1DCA4E7180001F03EFDF5
:102AF0006B4680B21880012D9CDDE0E7180001F0E4
:102B000035FD0090032D00DD90E793E7180001F0FC
:102B1000A3FC00900191072D00DC8BE70822694699
:102B2000200008F0EDFF85E7208083E70422694656
:102B3000200008F0E5FF7DE7A49B020010B5002A05
:102B400007DB44680830A41A80180A002100FFF748
:102B50005DFF10BD10B584B0102A00D977E03D4B61
:102B600092009B589F460123009102A90822FFF77B
:102B7000B7FD0298039901F061F804B010BD00237D
:102B800002AC009101222100FFF7AAFD002020568F
:102B900001F052F9F1E7002302AC0091012221007B
:102BA000FFF79EFD207801F047F9E6E7002302AC2D
:102BB000009102222100FFF793FD0023E05E01F067
:102BC0003BF9DAE7002302AC009102222100FFF773
:102BD00087FD208801F030F9CFE70023009104221F
:102BE00002A9FFF77DFD029801F026F9C5E702ACC6
:102BF00000910123C6E702AC00910123CEE702ACAD
:102C000000910123D5E702AC00910123DDE700919B
:102C10000123E4E700230091042202A9FFF760FDED
:102C2000029801F015F9A8E700910123F4E70023C9
:102C30000091042202A9FFF753FD029801F0F6F873
:102C40009BE70091002390E700910123F1E700202A
:102C500093E7C046E89B020010B5002A08DB4368F2
:102C600008309B1A80180A001900FFF773FF10BD87
:102C7000002001F0E1F8FAE710B503F09FFD10BD68
:102C800010B503F09FFD8000800810BD10B503F063
:102C9000ABFE10BD10B50EF0E3FD10BD10B5C117B1
:102CA00003F04EFD10BDC04610B503F05DFD10BD34
:102CB00010B503F069FD10BD00B583B003F07AFDD7
:102CC000009001910821684602F0D0F98000800848
:102CD00003B000BD00B583B003F06CFD009001911E
:102CE0000821684600F0FCFC03B000BD70B50C1E66
:102CF0000CD00B6808001B6A9847236805005B6AC4
:102D0000200098470100280005F020FA70BDC04659
:102D100010B502F0C5F810BD10B5012002F070FB2F
:102D200010BDC04610B5022002F06AFB01480AF04F
:102D300041FF10BD93030000014B18607047C0466F
:102D4000080300207047C04600207047F0B5DE46FB
:102D500057464E464546E0B585B0002A00DCE8E01F
:102D60003F2300259A46BF3B9B469F339846103B26
:102D700000249946019522E01E004746BE43F6B264
:102D8000C02E36D01E004F46BE43F6B2E02E4BD0CA
:102D9000F8261E40F02E67D0019D013402350195C2
:102DA00000280AD040279E097F423E4306705646BF
:102DB00033405E46334343700230944210DA0B5D79
:102DC0005EB2002ED8DB01347F2B00D99FE0019D3D
:102DD000013501950028F0D0037001309442EEDBFC
:102DE000019D280005B03CBC90469946A246AB46E2
:102DF000F0BD661CB4469642C4DA0E197678554684
:102E00003700AF43802FBDD1F8279D01FF002F4031
:102E100055462E4037437F2F77DC019C02340194C6
:102E200064460028BED1CAE7A61C9642B0DA5746CF
:102E30000E1975780295BD43802DA9D1B67835005D
:102E4000BD43802DA4D11D072D0CAC4665463E40E8
:102E50002E43029DAF01FC252D012F403E434D4FD7
:102E6000BE4299DD033436E0E61C964294DA5646BB
:102E70000F197D780295B543802D00D08CE7BD7881
:102E80000395B543802D00D086E7FD782F00AC4632
:102E9000B743802F00D07FE7E0279D047F033D40AC
:102EA000674637403D43AC46FC27029DBF022E03D8
:102EB00065463E403543AC46FC27039D3F01AE01CD
:102EC00065463E402E43344D344FAC46B444BC4579
:102ED00000D961E70434324B9E422CD8019B033366
:102EE0000193002800D168E72025330B6D422B4366
:102EF00055460370B3092B405D462B434370534640
:102F00001E402E438670033057E73B000234019D7C
:102F100002350195002800D14FE740259E096D42FA
:102F20002E4355462B405D462B43067043700230BE
:102F300043E7002555E7019B06330193002800D1A4
:102F40003BE7D8252D02AC46ED2505705546124BC2
:102F5000F3189E0A6644B7092F405D462F43554635
:102F60002E405D462E43DC252D02AC46ED25C57076
:102F700055469B059B0D634486709E092E405D4619
:102F80002E4355462B405D462B43477006714371D7
:102F9000063012E7FF0700000000FFFFFFFF0F00F1
:102FA000FFFF000003785AB2002A01DB18007047C7
:102FB0001F2219009143C02910D0F0221A40E02AA4
:102FC000F4D1FC214278090192011B071B0C0A4035
:102FD0001A433F23807803401343E7E7F8229B011D
:102FE000D200134042783F2010400343DEE7C04642
:102FF000F0B5C5888D4230D32D090B096D00868848
:10300000002A2CD182685519002B09D01A48844611
:1030100063445B009B5AF61AED180F23B6B21940B1
:103020000F20002200231F27844602E001339E4226
:1030300013DBE8180132047891420FDB60B20028FC
:10304000F4DA2000B843C02813D060468443E02C53
:10305000ECD1023301339E42EBDA0020F0BD0200D6
:1030600008325519002BDBD0013B5B00C0180389E7
:10307000D1E70133DAE7C046FFFFFF7F80880A30DF
:1030800080087047063070478088704783888B427D
:1030900002D30630401870470020FCE780880A30D1
:1030A000800870470630704780887047F0B5848884
:1030B000851D0020002C16D000231F260F2702E0BC
:1030C00001339C420FDDEA5C013051B20029F7DA8E
:1030D0001100B143C02907D0BA43E02AF0D102332E
:1030E00001339C42EFDCF0BD0133E9E7F0B5851D0B
:1030F00086880F20002200231F27844602E0013328
:103100009E4213DBE8180132047891420FDB60B273
:103110000028F4DA2000B843C02809D06046844370
:10312000E02CECD1023301339E42EBDA0020F0BDFB
:103130000133E4E703207047C38880681B095B0004
:10314000C018704780887047C088704710B500224B
:10315000FFF74EFF10BDC0460300C0889B880009E2
:1031600002304000C0180830800870470300C08853
:1031700008330009400018187047C04610B50122F6
:10318000FFF736FF10BDC04640680B30800870471F
:10319000F0B54646D6464F46C0B5C488150024094A
:1031A000060064008288002D4BD0050008352C19DC
:1031B000A3189846002959D0200008F0A1FC00234C
:1031C00042461370F7883F09002F30D07F00BA467F
:1031D000A1461F26AA4443461F1B1CD40F20227859
:1031E00010210023844607E001339F4213DBE018DF
:1031F00001390278002921D050B20028F4DA1000F9
:10320000B043C02818D060468243E02AECD1023394
:1032100001339F42EBDADC2080000AF0CBFC002473
:1032200000234A469B1A2B800235AA45D3D11CBCE9
:1032300090469946A246F0BD0133D5E7040003004D
:10324000EFE783689C466444A3189846002904D19C
:103250001970C788B5683F09B6E7200008F050FC30
:1032600043461D70F788B5683F09ADE71970C788F8
:103270003F09A9E710B58068002801D001F0A0FF40
:1032800010BDC04610B50400406801F0BFFFA06843
:1032900001F0BCFF10BDC046F0B55746DE464E46B5
:1032A0004546E0B5414C83B0A188824600295CD1F7
:1032B0005246200002F054FE00233D4E99469846A7
:1032C0000EE0200002F060FE03680500B34261D00A
:1032D0009B6A98472B6880445B6A28009847814422
:1032E000A388002BEDD143461E094B467600581C9F
:1032F000801902F0EBFB8446A18801906644002906
:1033000038D15246200002F02BFE294B9B4613E099
:10331000200002F039FE036805005B452FD05B6A90
:1033200098472B6807001B6A280098473A0001005D
:10333000300008F0E5FBF619A388002BE8D15246CF
:103340001C4B0021136053464A469A804246DA805D
:10335000019A50469A600022FFF71AFF03B03CBC66
:1033600090469946A246AB46F0BD13480AF022FCAF
:10337000A1889DE710480AF01DFCA188C1E7A1883B
:103380008268200002F0ECFD6A68A188200002F04B
:10339000E7FDD1E7A1888268200002F0E1FD6A68BC
:1033A000A188200002F0DCFD9AE7C046100300204F
:1033B000B49C0200FC9C02007103000010B50400E4
:1033C000FFF76AFFE08810BD10B50400FFF764FF47
:1033D000A08810BD10B50400FFF75EFFE088A36869
:1033E00000094000181810BD70B50D000400FFF76B
:1033F00053FF290000222000FFF7FAFD70BDC046F0
:103400007047C0460320704703207047C08870474C
:103410007047C046808870477047C04680887047B4
:103420007047C04600280ED043688B4201D0002B65
:1034300006D1531C07D08368934204D0002B02D0DE
:1034400000680028F0D17047084B1B68002B0BD098
:103450005A68904201D0002AF7D14A1C04D09A68D9
:10346000914201D0002AF0D1180070470C030020CF
:10347000F0B5C646134F00B53B6804000E009046F9
:10348000002B03D10DE01B68002B0AD05A68A24222
:10349000F9D19A68B242F6D14246DA6004BC90464D
:1034A000F0BD102002F024FB3B680500036043469A
:1034B00044608660C36001210C3002F0D7FB3D60A0
:1034C000ECE7C0460C030020F0B5C646060000B588
:1034D0000C1E02DA25F0FFFE0400002C1DD0A7B25E
:1034E000002E1FD0330031191A787F2A21D80133DA
:1034F0009942F9D12E4B9846E01D02F029FA051E9B
:1035000001D043460360AF80A81D2200310008F0BF
:10351000F7FA00232C19A37100E0264D280004BC03
:103520009046F0BDE01D02F013FA051E3BD1B780B6
:10353000EFE7132C02DC204B9846DDE70F2200203A
:1035400000231F25944602E001339C4210DDF25C0B
:10355000013051B20029F7DA1100A943C02920D067
:1035600061468A43E02AEFD1023301339C42EEDC0C
:1035700083B298460F23C217134018180011400059
:103580000934001902F0E4F9051E01D00B4B036069
:103590004346AF80EB80012231002800FFF7F8FDA1
:1035A000BCE70133D0E7024B87800360B1E7C04638
:1035B0005C9D0200849E02002C9D02008C9D0200F6
:1035C000F8B505000C1E02DA25F085FE0400002C7B
:1035D00002D1104C2000F8BD220029000020FFF786
:1035E000B5FB060084420FD002F082FA07002200E9
:1035F0002900FFF7ABFB31003800FFF765FF04003F
:10360000380002F089F9E5E721002800FFF75CFFA8
:103610000400DFE7849E0200F8B5DE4657464E46BA
:103620004546E0B5036804001B6A0F00984723680D
:1036300080465B6A20009847061E48D0254B002430
:1036400000259B46434618190378ED2B0DD0002F1B
:1036500000D07B5501350134B442F3D328003CBC83
:1036600090469946A246AB46F8BD621D9246B242CC
:10367000EDD2FFF797FC8146E01C4044FFF792FC37
:10368000154B4B445B45E6D8144A82185A45E2D89C
:10369000002F19D0902292019446102160449B0281
:1036A0001B1880243F209A1449420A43191364428C
:1036B00001407A5521437A19517099110140034014
:1036C000214323439170D37004355446C3E700204F
:1036D000C5E7C046FF0300000028FFFF0024FFFFEE
:1036E00070B506000D1E12DD0800083002F030F93A
:1036F000041E01D0094B03602000656008302A00D9
:10370000002E06D0310008F0FBF9200070BD044CFB
:10371000FBE7002109F020FCF7E7C046F89D020016
:10372000789E0200014B18607047C046B800002028
:10373000010043011B189B011B189B001B18D8029A
:10374000C31A5B005B1AD800C01A044AC300181AD7
:10375000400013684018584010607047B8000020BF
:103760000F4BF0B59C46050001241F682A0000207D
:10377000BE09FB0F73407B403E0979087340BF08C8
:103780007B404B40DB070B431F00230040003B40C6
:1037900018435208ECD18542E8D363461F60F0BD60
:1037A000B800002000487047849E020070B50304F2
:1037B00082B01B0C7F2B22DD3F2580242A0064422F
:1037C0001A4011489911224349B2D2B283420EDD08
:1037D000202629400C4303211B13764201A83343C2
:1037E000037044708270FFF76FFE02B070BD40231B
:1037F0005B4201A81943017042700221F3E701A85E
:1038000003700121EFE7C046FF070000F0B5D64680
:103810004F4646460400C0B50D00002800D175E0B3
:10382000474B002949D00F00984240D027009D42C5
:103830003DD02368434EB34200D171E05B6A200063
:1038400098472B6880465B6A2800984706004644E4
:103850008146322E67D8236820001B6A98472B6860
:1038600082461B6A28009847310005000020FFF7B8
:103870002BFE036807001B6A984742465146040026
:1038800008F03EF943464A46E018290008F038F9A6
:10389000002E0CD023787F2B3DD8631C341904E014
:1038A00000229A560133002A35DBA342F8D13800B2
:1038B0001CBC90469946A246F0BD98422ED00368A3
:1038C000204E214DB342B9D1A0680368B3422AD03B
:1038D0005B6A98472B6807005B6A28009847C01905
:1038E000322820D80C2002F033F8071E00D00660E2
:1038F000380002F0D3F9636829007B60A068FFF705
:1039000085FFB860380002F0DBF9D0E70E4C0029E3
:1039100013D00B4B8AE70D4B3B60C8E70A4FC6E755
:103920002B68B342D0D10C2002F012F8071E01D050
:10393000044B03607C60BD60B9E72500044B7DE764
:10394000849E0200B49C0200D89E02002C9D0200BE
:103950005C9D0200F8B505000C00884225D0036884
:103960005B6A9847236807005B6A200098472B68CA
:1039700006001B6A28009847236805001B6A200080
:103980009847BE420BD82C00411B2378085D834228
:1039900007D083428041012398430130F8BD3E00A7
:1039A000F1E70134631BB342EFD90020F6E7C046CC
:1039B00010B503689B6A984710BDC046F0B54646EF
:1039C000DE4657468846C0B57F22060082B037786B
:1039D0003B00093B042B5DD913003B40202B59D001
:1039E0002B2F01D1777801362D2F00D175E00023E0
:1039F000404C00930194002F00D178E00022002376
:103A000093460024002521E000223B4B20002900A2
:103A10001DF042FA04000D0050461EF049F8220045
:103A20002B001CF013FB5A4604000D000123002A52
:103A300008D000980199304B00221CF023FE5B4611
:103A40000090019101363778002F11D03022524278
:103A50009246BA445246092AD6D95A46002A1BD160
:103A60002E2F19D10122013637789346002FEDD140
:103A70002200009801992B001DF00EFA04000D00A1
:103A800043461E602000290002B01CBC90469A46A6
:103A9000A346F0BD01369AE7002B25D00098019986
:103AA0002B0022001DF0F8F9202304000D009F4395
:103AB000452FE5D10A224146701C25F047FB0E49EF
:103AC000020000201BF022FA02000B002000290057
:103AD0001DF0E2F904000D00D4E70023074C7778CD
:103AE00000930194013686E70024054DCAE70024BF
:103AF0000025BDE70000F03F000024400000F0BFBB
:103B00000000F87FF8B505000C00161E25DD0368DF
:103B10009B6A9847002C03DA0419E343DB171C4027
:103B2000001BB04211DD2B682100DB6A280098479A
:103B30002B68A1190700DB6A28009847041E08D0EB
:103B4000E11B3800FFF7C0FCF8BD002805DD0600CA
:103B5000E9E703480AF02EF8F2E70248F4E7C04626
:103B600072030000849E0200F8B54746CE46060068
:103B700080B514000F0000284CD000294AD00368FB
:103B80001B6A9847E14380463368C9172140DB6AC6
:103B9000300098474346C51A336804005B6A30001A
:103BA00098473B68451B5B6A380098470600002C25
:103BB00030D085422ED33B6838001B6A9847814637
:103BC000077803E0013D0134B54223D32378BB429B
:103BD000F8D132004946200025F00DFB0028F1D134
:103BE0004346E41A002C17DD00231F250F2602E0B0
:103BF00001339C4210DD4246D25C013051B20029B3
:103C0000F6DA1100A943C0290AD0B243E02AEFD165
:103C10000233EDE7012040420CBC90469946F8BDC6
:103C20000133E5E710B5FFF79FFF0130431E9841D0
:103C300010BDC046012358407047C04670B50A0009
:103C400005000C1E14D10120002D10D02A002300E5
:103C5000280021001DF0DAFE002849D10C3001F0C7
:103C600077FE002801D0234B03604560846070BD5F
:103C70004B0021495B0D59181D2919D8142920DD45
:103C80001E488446280063449840031EDED18020ED
:103C9000E40200061F335B1A2043D8403423591A2C
:103CA000CD402843002A1EDB012340001843DEE7F5
:103CB0001E29CBD10028C9D1114B9C42C6D1114835
:103CC000D5E70028C2D110488446200063449840BC
:103CD000031EBBD18020E40200061F332043591A83
:103CE000C840002AE0DA0123404240001843BEE702
:103CF0000E20BCE7289E020001FCFFFFEDFBFFFF4A
:103D00000000D0C1010000800DFCFFFF70B503680A
:103D100082B01B6A984701A9FFF750FE04000D000E
:103D200000220023200029001BF01AF8002827D1C8
:103D300001226E0076085242144B200031001DF023
:103D400065FE00281AD10122104B5242200031009A
:103D50001BF020F8002811D1802300225B032000F3
:103D600031001DF053FE002808D1802300225B03A0
:103D7000200031001AF0FAFF002801D00024044D81
:103D800020002900FFF75AFF02B070BDFFFFEF7F50
:103D90000000F87F10B51DF08BFEFFF74FFF10BD40
:103DA00070B503680400DB6A9847051E13D0FFF75F
:103DB000F9F8002811D1236820001B6A984723686E
:103DC00006005B6A200098473618B54203D00023EE
:103DD0000120184370BD0E20FCE743005A109042AA
:103DE000F6D0FFF7D7FFF5E710B50E23002802D075
:103DF000FFF7D6FF0300180010BDC04610B500281D
:103E00000AD0FFF7CDFF04000E2805D0C30705D563
:103E10006010FFF7CBFC00E0024810BD024809F03B
:103E2000C9FEF5E7849E02007103000010B51DF085
:103E3000ABFEFFF703FF10BD430010B55A109042D0
:103E400002D0FFF7A7FF10BD01201843FBE7C046D3
:103E5000064B10B5984203D801234000184310BD0B
:103E60001DF060FEFFF7EAFEF9E7C046FFFFFF3FE7
:103E7000431E98414342382018400A307047C046DC
:103E8000F8B54E464546DE4657460023E0B51600D7
:103E9000002205000C001AF069FF002806D02D232F
:103EA000337080231B069C460136644400220023A5
:103EB000280021001AF054FF002809D03023337065
:103EC000002373703CBC90469946A246AB46F8BDB1
:103ED000280021001FF016FB1DF0B4FD724A0700F8
:103EE000724B280021001AF041FF00285DD1704A72
:103EF000704B280021001AF04DFF002855D17B1C83
:103F00009B460E2F00DCC4E00E235B429946B94469
:103F10004A46002068491AF0F9FF02000B00280009
:103F200021001CF0AFFB0022644B1CF08FF81BF04B
:103F300069F80B000F2149428A4610318C465946D8
:103F40000200BA4400295BDD2E215D4F5D4D6837CC
:103F500001205D4C88469D421BD89D425FD0302198
:103F6000121BAB4101319D4202D8F9D19442F7D9DD
:103F7000CCB234701400711C1C4310D183455EDD3B
:103F80000F285CD03C687D680130083F0E009D42E0
:103F9000E3D9302434701400711C1C43EED08345E7
:103FA000EED14446B11C7470EAE7002F3BDB3A00C7
:103FB000002041491AF0AAFF02000B00280021004E
:103FC0001CF060FB0C0001218B4600210500894696
:103FD0003E4A3F4B280021001CF05EFF0022374B79
:103FE0001CF034F81BF00EF80B00012149428A4600
:103FF0000021BC464F468946594602000029A3DCF1
:1040000030212E2031707070B11CFE43002E3ED046
:104010008E190230087001318E42FBD194E7944230
:104020009DD93024B6E77A42002023491AF06EFF6A
:1040300002000B00280021001CF02EFFC2E74B46B7
:10404000002B0FD0524600233020541CC85401339B
:10405000E21A002AFADC5346DB435246DB171340D0
:104060000133C9186346012B0CD065230B706346DE
:10407000002B0ADD2B228B1C4A70190060460DF0C4
:10408000A5FC1FE700230B701CE74B1CF5E70E0097
:104090005AE70E220020D21B07491AF037FFB94613
:1040A00002000B00012795E78DEDB5A0F7C6B03EE5
:1040B00050EFE2D6E41A4B44000024400000E03FF9
:1040C00020990200F35A000000407A100000901E70
:1040D000C4BCD642012070B54042FFF741FB04004A
:1040E0000D48FFF73DFB060020001DF01BFD0022E0
:1040F0000A4B1CF0D1FE040030000D001DF012FD33
:10410000074A084B1CF0BEFA02000B0020002900F1
:104110001BF09CFF70BDC046FFFFFF000000F03D9C
:104120000000E0DFFFFF6F4310B5FFF7D3FFFFF79D
:1041300085FD10BD4843704710B51AF015FD10BD40
:1041400010B50C2001F004FC041E01D002F026F88A
:10415000200010BD0089704710B5043001F08EFFBB
:1041600010BDC04610B50A000430818801F06CFF14
:1041700010BDC04610B5043001F08EFF10BDC04622
:1041800003894268994202D289008858704700200A
:10419000FCE7C04610B5043001F056FF10BDC04624
:1041A00010B5043001F088FF10BDC04610B50430D2
:1041B00001F0A6FF10BDC046024B1B68588CC00022
:1041C0007047C046500300207047C0461E4B70B574
:1041D0001B6804000D00002B16D0586A002818D068
:1041E00003689C422ED0002B13D00300002108331B
:1041F00002E00833002A0CD01A680231A242F8D13A
:1042000001318900405870BD104B114A1968914224
:1042100016D003F077FE002810D003689C4211D01E
:10422000002B0BD003000021083302E00833002AE2
:1042300004D01A680231A242F8D1E1E72800E2E78F
:104240005B68CAE70421DDE75003002060930200A9
:1042500010420000406870474160704710B5082068
:1042600001F076FB041E01D001F0A0FF200010BD7C
:1042700070B505000C00160000290EDB83889942FA
:104280000BDAA4002C19E368002B03D00B2105489E
:1042900001F0ECFF2800E66070BD0A21014801F042
:1042A000E5FFEEE78603000010B509F083FC10BDC2
:1042B000002805D0034BC31A5A1E93415B42184095
:1042C0007047C046849E0200431E98417047C04616
:1042D00010B5142001F03CFB041E01D001F06EFF6C
:1042E000200010BD10B5040001F072FF002806DBAD
:1042F000238AE268984202D28000805810BD0020D4
:10430000FCE7C046F0B5C646204B00B51B68070069
:10431000DB6A1A1D1C689B689046651E984220D374
:10432000AB009B5898421CD8002D15DD6410A300EB
:104330009B58984211D0012209E0621CAA420BDC72
:10434000414654196410A3005B589F4205D09F4218
:10435000F3D8651EAA42F3DD0024200004BC904679
:10436000F0BD002DF8DD012602E0651EB542F3DB4D
:10437000424674196410A30098583900FFF7EAFA0E
:104380000028EAD0F1DA661CF0E7C04650030020AE
:10439000044B10B51B680131DB6A8900C958FFF76F
:1043A000A1FF10BD50030020F8B504000D00170058
:1043B000260001F00DFF0C36002805DB01003A0055
:1043C000300001F041FEF8BD2189201D2A0001F0D6
:1043D0003BFE218A3A00300001F036FEF3E7C0468A
:1043E000044B10B51B680131DB6A8900C958FFF71F
:1043F000DBFF10BD50030020014B18687047C0461A
:104400004C0300207047C04610B583070BD100282D
:104410001CD00122036804249343DA78F92A00D1DE
:104420009C78200010BD002810D0C3070CD40E28A3
:104430000AD042280CD00A280AD004240628F0D03A
:10444000044809F0B7FBECE70224EAE70024E8E7B8
:104450000124E6E72103000070B504000E2819D0FE
:10446000002817D083070CD019E0032812D12000B0
:10447000FFF74CFC04000E280CD0002C0AD02C4274
:104480000DD12000FFF7C0FF05000228EDD16268C2
:10449000A36801E00022064B1000190070BD200047
:1044A00000F008F81DF004FB02000B00F4E7C04622
:1044B0000000F87F70B5C30748D4830703D5801187
:1044C000431E984170BD00283ED0FFF7C5FF012272
:1044D00005004C0064080E005242224B28002100C7
:1044E0001DF094FA00282FD101221E4B52422800C1
:1044F00021001AF04FFC002826D1802300225B0304
:10450000280021001DF082FA00281DD180230022FE
:104510005B03280021001AF029FC002814D1280090
:1045200031001EF0CDFB00220F4B1EF0F7FE0022E3
:10453000002304000D001AF019FC002808D1200007
:1045400029001AF041FDBDE70020BBE74010B9E7A4
:10455000200029000022044B1BF078FD04000D0010
:10456000EDE7C046FFFFEF7F0000F04110B5FFF719
:10457000A1FF10BD70B50D00FFF79CFF04002800DF
:10458000FFF798FF1F2318408440630020005A1053
:10459000944202D0FFF7FEFB70BD01201843FBE7F9
:1045A00070B50D00FFF786FF04002800FFF782FFBB
:1045B0001F2318400441630020005A10944202D087
:1045C000FFF7E8FB70BD01201843FBE770B50D0055
:1045D000FFF770FF04002800FFF76CFF6040430006
:1045E0005A10904202D0FFF7D5FB70BD012018434E
:1045F000FBE7C04670B50D00FFF75CFF0400280024
:10460000FFF758FF204343005A10904202D0FFF7B3
:10461000C1FB70BD01201843FBE7C04610B5FFF792
:1046200049FFC04343005A10904202D0FFF7B2FB4B
:1046300010BD01201843FBE770B50D00FFF73AFFEE
:1046400004002800FFF736FF204043005A10904234
:1046500002D0FFF79FFB70BD01201843FBE7C04667
:1046600070B50D00FFF726FF04002800FFF722FFBA
:104670001F231840C440064B20009C4203D801234E
:104680006000184370BD1DF04DFAFFF7D7FAF9E747
:10469000FFFFFF3F10B50E280DD000280BD0830779
:1046A00004D0FFF707FF1BF047FC10BDFFF7D4FE57
:1046B0001DF0BCFAF9E70148F7E7C0460000C07FEB
:1046C00070B50E00FFF7C8FE040030000D00FFF7C4
:1046D000C3FE02000B00200029001BF0B7FCFFF70F
:1046E000ADFA70BD70B50E00FFF7B6FE04003000E5
:1046F0000D00FFF7B1FE02000B00200029001CF0A6
:104700003DFEFFF79BFA70BD012213000B40D0B5B0
:104710000C00184203D0C3130133012B0FD9FFF74C
:104720009BFE060020000F00FFF796FE02000B0024
:10473000300039001CF0B0FBFFF780FAD0BDCB137E
:104740000133012BEBD84C1040106043430059104B
:10475000884202D113431800F0E7FFF71BFBEDE797
:10476000D0B50C0003290ED0FFF776FE060020001E
:104770000F00FFF771FE02000B00300039001BF044
:1047800081FFFFF75BFAD0BDF8B501250C00284288
:1047900003D0294201D04B100FD1FFF75DFE060078
:1047A00020000F00FFF758FE02000B003000390018
:1047B0001EF0B4FDFFF742FAF8BDFFF77BFE0600DE
:1047C0002000FFF777FE010030001AF0B3FA48002E
:1047D0004210914203D00800FFF7DCFAECE72843CF
:1047E000EAE7C04670B50E00FFF736FE0400300061
:1047F0000D00FFF731FE02000B00200029001EF023
:104800000DFFFFF71BFA70BD0123F0B50E0083B05A
:10481000184210D019420ED040104E1086423EDA97
:10482000801BFEF79DFF301843005A1090423CD188
:104830000120184324E0FFF70FFE040030000D00B4
:10484000FFF70AFE06000F0002000B0020002900FF
:104850001AF0A0FA002815D0FFF73CFC32000090B7
:1048600001913B00200029001CF088FD009A019B6B
:104870001CF012FB32003B001BF0E8FBFFF7DEF9F7
:1048800003B0F0BD32003B00200029001AF068FAA6
:1048900000280DD020002900FFF7D0F9F0E786426C
:1048A0000DD1760030001843EAE7FFF773FAE7E727
:1048B00032003B0026002F0014001D00CCE733001F
:1048C00006001800ACE7C04610B5FFF7C5FD1EF0A6
:1048D00091FDFFF7B3F910BD10B5FFF7BDFD1EF058
:1048E00011FEFFF7ABF910BD10B5FFF7B5FD1DF0D8
:1048F00039FEFFF7A3F910BD10B5FFF7ADFD1DF0B0
:1049000053FDFFF79BF910BD10B5FFF7A5FD1EF095
:10491000D7F9FFF793F910BD10B5FFF79DFD002201
:10492000034B1BF093FB1DF01DFEFFF787F910BD35
:104930000000E03FF8B504000D000E2807D00E2956
:1049400005D0884226D00B000340DB0701D50020AC
:10495000F8BDFFF759FD06002800FFF755FD864218
:10496000F5D123002B439B07F1D1032E14D0022E47
:10497000EDD12000FFF770FD060028000F00FFF7C3
:104980006BFD0B000200390030001AF0E9F9431EFC
:104990009841DDE70120DBE729002000FEF7DAFF80
:1049A00043425841C0B2D3E710B5FFF7C3FF431EDF
:1049B00098414342382018400A3010BD10B5FFF727
:1049C000B9FF434258414342382018400A3010BDD5
:1049D000F8B504000D000E2815D00E2913D00628B6
:1049E00013D042283ED00A281AD00300062900D14D
:1049F0007CE0422D0FD00A2D36D001209D4203D0FD
:104A0000284004420FD00020F8BD01200629FBD029
:104A10000023422DEFD103220120934203D1F3E77B
:104A20000123062DE5D12000FFF7EEFC060028004B
:104A3000FFF7EAFC0300032E21D003282DD0012E1E
:104A400014D0012820D09E42DDD122002A439207B3
:104A5000D9D1032B42D0022B26D02C1B60426041BF
:104A6000C0B2D1E70323DCE70122D5E7062C2ED024
:104A70000226422C30D00A2CE3D10124E1E702289F
:104A800012D00328DDD1E0E70223062D1DD0422DF0
:104A900020D00A2DD7D10125D5E7022E04D0012E32
:104AA000B1D1062CE4D1AEE72000FFF7D5FC06001B
:104AB00028000F00FFF7D0FC0B0002003900300087
:104AC0001AF04EF9431E98419EE70025BBE70226E7
:104AD0000024B6E70325B6E70324B2E72900200047
:104AE000FEF738FF43425841C0B28DE7002293E7FA
:104AF00010B5FFF76DFF10BD10B5FFF769FF431E3E
:104B000098414342382018400A3010BD10B5FFF7D5
:104B10005FFF434258414342382018400A3010BDDD
:104B2000F8B506890F004568002E0DD0002403E07B
:104B300001340435A64207D939002868FFF748FF39
:104B40000028F5D0200001E001204042F8BDC04619
:104B500010B500220400FFF7E3FF0023002805DB67
:104B600004340100200001F0A7FA0123180010BD51
:104B7000F8B5040083071ED100281ED0FFF744FCBF
:104B8000032828D00125022818D12000FFF764FC53
:104B900002000B0006000F001CF038FF00280CD1AB
:104BA00000230022300039001AF0DAF8434258415D
:104BB0004042054002E00A2802D100252800F8BD45
:104BC0000028FAD00E28F8D00628F6D0013C25009F
:104BD0006C1EA541F2E7024B9C42EED00125EDE7A9
:104BE000849E020010B50300422806D000200A2B44
:104BF00002D01800FFF7BCFF10BD0120FCE7C04643
:104C0000F8B504000E000E2841D00E293FD0FFF762
:104C1000FBFB05003000FFF7F7FB032D30D0002031
:104C2000B4422CD02000FFF717FC040030000D0028
:104C3000FFF712FC220006000F002B0020002900C5
:104C40001CF0E4FE002822D132003B003000390085
:104C50001CF0DCFE00281AD132003B0020002900A5
:104C60001AF084F8002815D13B00320020002900FA
:104C70001AF090F8431E9841434201201840F8BDB5
:104C80000328CCD131002000FEF764FEF7E70220B4
:104C90004042F4E701204042F1E7C0460B000340E8
:104CA00010B5DB0706D50123884201DAD8B210BD62
:104CB0000023FBE7FFF7A4FF831C01D0C00FF6E73A
:104CC0000020F4E70B00034010B5DB0703D5884252
:104CD00007DD0A2010BDFFF793FF831CF9D00028E1
:104CE000F7DC4220F6E7C0460B00034010B5DB07B7
:104CF00003D5884207DB0A2010BDFFF781FF831C24
:104D0000F9D00028F7DA4220F6E7C0460B0003404E
:104D100010B5DB0703D5884205DB422010BDFFF745
:104D20006FFF0028F9DA0A20F8E7C0460B000340BD
:104D300010B5DB0703D5884205DD422010BDFFF723
:104D40005FFF0028F9DC0A20F8E7C04670B590B094
:104D50000400FFF759FB032835D002280DD00528A1
:104D600040D0002C42D00A2C3AD00E2C3CD0422C01
:104D700051D0062C51D02B4826E0E30726D40E2C28
:104D800032D02000FFF768FB01224C0064080E00BF
:104D90005242254B210005001CF038FE002827D187
:104DA0000122214B52422800210019F0E9FF00287E
:104DB0001ED1002200232800310019F0D7FF00285F
:104DC0002DD11A4800E0200010B070BD6946601077
:104DD0000CF0FCFD012168464942FEF775FBF3E744
:104DE0001348F1E71348EFE71348EDE71348EBE703
:104DF0002A003300280031001CF008FE0028F3D1FF
:104E0000280031006A46FFF73BF801216846494215
:104E1000FEF75AFBD8E70A48D6E70A48D4E70A481B
:104E2000D2E7C046FC9E0200FFFFEF7FAC9E02006F
:104E3000F09E02000C9F0200BC9E0200689E0200D1
:104E4000E49E0200D89E0200C89E020010B5FFF743
:104E5000DBFA05280FD80A4B80001B589F460948EB
:104E600010BD0948FCE70948FAE70948F8E709488E
:104E7000F6E70948F4E7094808F09CFE0020EFE750
:104E8000409C02009C9E0200589E0200209F02004F
:104E9000409F0200309F02008C9E0200220300000F
:104EA00070B50400FFF7B0FA042813D1002C0CD021
:104EB000A3070AD1216801230A009A4353691348C2
:104EC00083421DD02000984770BD210010480CF08F
:104ED00099FFF9E72000FFF739FF05002000FFF7F1
:104EE000B5FF03681B6A98472B6806001B6A2800F9
:104EF000984722000300310006480CF083FFE3E7E7
:104F00001388054812890CF07DFFDDE7A14E0000F3
:104F1000BC9D0200E89D0200C89D020010B50A0079
:104F20000400010010480CF06DFF002C0BD0A3070B
:104F300005D1012321689943CB78F92B0DD0062C9C
:104F400001D10A4806E02000FFF75EFAF5239B0036
:104F50009C46604408F02EFE10BD0B898A780448F8
:104F60000CF050FFEBE7C046589C0200DD03000048
:104F7000789C020010B5010003480CF043FFE420C8
:104F8000800008F017FE10BDE49C020010B501F08F
:104F90001DFC0400102000F0ABFD236903602061BC
:104FA00010BDC04670B501F011FC04690500002C6D
:104FB00005D0236820002B6100F0AEFC70BD0248D4
:104FC00008F0F8FDF5E7C04653030000F0B5C6460B
:104FD00000B584B0804601F0F9FB04690600002C9E
:104FE00017D06D462368220033612B0083CA83C328
:104FF000126820001A6000F08FFC434673610A4B70
:1050000031001B6828009B6B984704B004BC904695
:10501000F0BD06480CF0F6FE4046FFF741FF04489D
:1050200008F0C8FDDDE7C04650030020989C020050
:10503000E703000010B501F0C9FB12234469436186
:10504000122C01D0200010BD014808F0B3FDF9E793
:105050005303000010B501F0B9FB4369122B03D0D4
:10506000FFF7E8FFFFF7B2FF10BDC046002912D0DE
:1050700002004118094803041B185B001B18DB00E1
:105080001B18DB001B185B001818137801325840FE
:105090008A42F0D170470148FCE7C046C59D1C819B
:1050A000032370B5046805009C4312D0A30F14D1EC
:1050B0002800E36998470500002D05D080231B02D6
:1050C0009D4204D9002C02DB054808F073FD28003E
:1050D00070BD044808F06EFDEAE72501AD09EBE775
:1050E0004903000051030000124970B58A880B681B
:1050F000551E0FD3AC00E458A04217D0023A9200DC
:105100009B182A0004E01C00043B5E68864206D01F
:10511000013AF8D2D220800008F04CFD70BD9542D3
:1051200004D0080000F030FF2060F7E7080000F02E
:105130002BFFF3E72403002010B518210148FEF7E8
:10514000CFFA10BD2C030020012203689343188876
:105150008010704710B5002815D0C468002C13D0FB
:105160002368043C4360A3688360E3682268C360EB
:10517000530F032B03D0114808F01CFD2268802335
:105180001B061343236010BD041F2268530F032B1B
:1051900007D180231B0613432360002001F020FB6E
:1051A000F1E7064808F006FD802322681B0613433A
:1051B0002360002001F014FBE5E7C046490300002E
:1051C00010B5041F2368DB0715D40D4B1B68002B9B
:1051D0000DD01A0008329442F8D359688C466244C4
:1051E0009442F3D2012322681343236010BD054883
:1051F00008F0E0FCF6E7044808F0DCFCE5E7C04610
:10520000180300204A0300004F03000010B50400FB
:1052100083070AD1002808D0030F06D00168114B7C
:10522000194202D1CB78F92B00D010BD0E4B1B6870
:10523000002B11D01A0008329442F8D358688446E3
:1052400062449442F3D201230848194321608188C3
:10525000220000F085FEE8E7054808F0ABFC216875
:10526000F1E7C046030000401803002010030020AF
:105270004A030000F0B54F46D64646468146C0B5C3
:105280000F1E3FD0244B06009A46244B002598461B
:1052900003E001350436AF4234D03468A307F8D1B7
:1052A000002CF6D0230FF4D021681D4B1942F0D109
:1052B000CB78F92BEDD153461B68002B27D01A0071
:1052C00008329442F8D35868844662449442F3D238
:1052D000012319434346216099882200404600F08B
:1052E0003FFE43469B88642BD3D90C200DF0E4FA93
:1052F0000C4A0135136810600360AB004B447D1B02
:10530000436085601CBC90469946A246F0BD0648A5
:1053100008F050FC2168DBE7180300201003002090
:10532000030000401C0300204A03000070B504681D
:105330000500002C06D02000FFF742FFA9882000BE
:10534000FFF798FF70BDC046F0B5C646040000B533
:1053500083070AD1002808D0030F06D00168234B29
:10536000194202D1CB78F92B02D004BC9046F0BD93
:105370001F4B1B68002B34D01A0008329442F8D31C
:105380005868844662449442F3D201230B4323605D
:10539000032399438B69002B01D0200098470323F6
:1053A0009846144C144DA388002B0FD12868002870
:1053B000DBD00368876846682B600DF0A7FA3900D8
:1053C0003000FFF757FFA388002BEFD0200000F03C
:1053D000DBFD4246036893439B69002BE3D098476B
:1053E000E1E7064808F0E6FB2168CEE7030000404D
:1053F00018030020100300201C0300204A030000B3
:10540000F0B5DE4657464E464546E0B59B4B85B067
:105410001B7803909A0705D5D220800008F0CAFBBC
:10542000964B1B78022202261343944A1370944B26
:105430001C689D88039B1E4007D092480CF0E2FC3C
:105440002A00210090480CF0DDFC002D0CD0012733
:10545000AD0065192068384201D0B84300680434B3
:10546000FFF772FFA542F5D1039801F0BFF9874C11
:105470002368002B14D0864B1B685D8D00F010FF55
:10548000AB00471B2568ED18002E00D0E8E0002F88
:1054900006D0002401CD0134FFF756FFA742F9D111
:1054A0007C4B1D687C4B1E78002E06D0002401CD5D
:1054B0000134FFF749FFA642F9D80023774A136069
:1054C000774B774A1B68009301331360754B1B6859
:1054D0009946002B00D1CCE0002301279A469B4639
:1054E000019302934B46029A5B6894469B084D4693
:1054F0009C449E0063460835AE190293B5424AD2D9
:105500002B683B4200D088E01A0F062A00D184E0C5
:10551000AE4200D890E08022D2052C00904600E0F8
:105520002368002B10DB3B4215D11A0F062A12D03C
:105530004246134208D1DB78F92B02D05A4808F0D2
:1055400039FB200000F0F0FC2000FFF7A9FD8000EF
:105550002418A642E4D88021631B98469B109A0029
:1055600009061143009101999A44994200DA019386
:10557000FF21280007F0F0FC009B2B604346042B22
:1055800053DD00236B605B46002B50D05D60AB4663
:105590002500AE42B4D84B461B689946002BA1D1DA
:1055A0005346424C9900029B20689A00019B9B0045
:1055B000002814D05046470838480568002D0ED002
:1055C00028680601B609B74206D242E02868000101
:1055D00080093618B7423DD36D68002DF6D13048AA
:1055E000C16003614069002814D0884212D8039832
:1055F000C00702D52E480CF005FC02221F4B1B7879
:1056000093431E4A137005B03CBC90469946A2468F
:10561000AB46F0BD22484161E9E7BB432B6028005F
:10562000FFF73EFD80002D18B3E72500B1E71B4BC7
:10563000AB461D602500ACE7019B002B05DA8023FB
:105640001B062B6000230193A3E780231B062B601E
:105650009FE73000C019801B800028182060BEE73B
:105660003A00290013480CF0CDFB002F00D010E7C2
:1056700016E7002300220021B1E7C046080C0020F5
:1056800024030020849F02008C9F02004C03002012
:105690005003002044030020090C00204803002090
:1056A0002C030020180300204903000020030020E1
:1056B000A49F0200989F0200F0B5C646484E00B570
:1056C0003368002B09D01B68002B00D174E0022046
:1056D000FFF796FE152008F06DFA0021CF20FEF7A7
:1056E00075FD802180464901CE20FEF76FFD050043
:1056F00000200DF077F82A000400010039480CF072
:1057000081FB4346651B0027002B3FD128000DF08D
:10571000D3F829000400083941608761220032482B
:105720000CF070FB63689A0740D1304A5168013130
:1057300051609168C91891602D49DA1C114080228E
:1057400012060A432B49A2600A689B08E260220005
:1057500008320A60D3183168274A1360002910D034
:10576000A1420ED80A68002A34D0944203D234E011
:10577000A34203D81A001368002BF9D123601460E8
:1057800001E02160346004BC9046F0BD1B4B4246F2
:105790009C466444E40BE30394021C1B002CB5DD1F
:1057A00020000DF089F82D1B0700AFE7D220800004
:1057B00008F000FA6368B8E70021CD20FEF706FD87
:1057C0000F4BC318002B00DC81E70E4B0E4CC118A9
:1057D0006160A3E700230A00D0E713000A00CDE7C9
:1057E00018030020C09F0200E09F02002C0300204D
:1057F000FCFFFF7F4803002020030020FF7F000004
:10580000FC7BFFFFF47BFFFF0084002010B5002825
:1058100019D00F4B1B68002B16D01A00083290428B
:10582000F8D359688C4662449042F3D2041F226830
:10583000530F032B03D0074808F0BCF922688023DC
:105840001B061343236010BD0DF060F8FBE7C04654
:105850001803002049030000F8B5CE46474680B53E
:1058600007292DDD00282BD00323033199430C0099
:10587000071F0020FFF7C4FDE31D98469E08224B3A
:105880001C68002C1CD0032399464B461C4201D1B6
:10589000230F02D11D4808F08DF92568002D02DB89
:1058A0001B4808F087F93A1B9310072B05DD2D01E3
:1058B000AD09AD1BED1A072D08DC6468002CE4D19E
:1058C000002420000CBC90469946F8BDF61860688C
:1058D000B600A61970608021032009068243AD003E
:1058E0000D430A433560226042460A499B000A4044
:1058F0001100C022D20566601143E41802C40020E2
:10590000FFF77EFDDDE7C04648030020510300009D
:105910004B030000FCFFFF9F70B5041F22680500C9
:10592000530F032B03D0054808F044F92268802365
:105930001B0613432800236070BDC04649030000C6
:105940000421024A13780B4313707047080C00209F
:10595000F0B55746DE464E4645468023E0B5C71CA7
:1059600085B00390BF089B02984200DD8EE04D4B4E
:105970005B68DB0565D14C4B02931B781A0762D13B
:1059800001221343029A137000F020FF002803D075
:105990004368002B00D180E0444B00269B46444BDB
:1059A0009A46444B99465B461D68002D51D0002312
:1059B000984602E0A8461D1E4BD0002E03D14B4650
:1059C0001B68AB424ED3AB0701D12B0F02D13A4833
:1059D00008F0F0F82C68002C02DB384808F0EAF8F0
:1059E0002401A409E41B6B68E4D40AD08022BF0020
:1059F000A1001206EF190A433A60012C01D07B6026
:105A00003B004246002A45D0536000222A60002B0A
:105A10000AD05B68002B07D09A0701D11B0F03D176
:105A2000D420800008F0C6F80122280002990B78E3
:105A300093430B7005B03CBC90469946A246AB46DA
:105A4000F0BD194B02931E4808F0B4F8029B1B7876
:105A500096E7002E06D0012E09D0152008F0AAF8EE
:105A60000136A0E70020FFF7CBFC01369BE7534649
:105A70001B69524600935346D2689B6803991148AC
:105A80000CF0C0F90136FFF717FE8CE7162008F07E
:105A900091F86CE75A461360B7E70B4808F08AF8AC
:105AA0007AE7C04600ED00E0080C00204803002023
:105AB0002C03002020030020510300004B030000B2
:105AC00092030000509F02004E030000032310B514
:105AD000C41C9C43201DFFF73BFF044B07341C40B4
:105AE0008023DB051C4310C010BDC046FCFFFFBF78
:105AF00010B5002808D0FFF7E9FF8023021F1168C6
:105B00009B050B43136010BD0020FCE7F8B51F4B4D
:105B100006005B680D00DB0534D100F057FE1C4B1E
:105B20001C4F1D60751BAD10041E3D7015D00C2060
:105B3000FFF7CCFF8023021F11689B050B43136006
:105B400063680360A3684360E3688360E0600023E8
:105B5000A6603B7020006360F8BD1820FFF7B6FF19
:105B60008023021F11689B050B4313600A4B12220E
:105B70001B68426103600023C3600361040000F0FE
:105B80002FFEE4E7054808F015F8C6E700ED00E051
:105B900044030020090C00204C0300209203000065
:105BA0000C4B10B55B68DB050ED10B4B1B78002B43
:105BB0000AD100280BD0FFF789FF8023021F11684C
:105BC0009B050B43136001E00CF076FE10BD002036
:105BD000FCE7C04600ED00E0080C0020F8B504002A
:105BE0000D00204B1B68002B23D01A000832944272
:105BF000F8D359688C4662449442F3D22800FFF7E8
:105C0000CFFF0600002C12D0002E10D0271F3A68BC
:105C1000530F032B1CD1120192099200AA420ED8F5
:105C20002100300005F06CFF2000FFF7EFFD300091
:105C3000F8BD290020000CF097FE0600F7E72A00C7
:105C40002100300005F05CFF2000FFF7DFFDEEE7EC
:105C5000054807F0AFFF3A68120192099200AA4284
:105C6000DED9ECE7180300204903000070B50029D5
:105C700009D0012908DD4C1E051D0121FFF7F6FFA3
:105C80002800013CF8D270BD0122024302488188FD
:105C900000F066F9F7E7C0462403002010B583073B
:105CA00003D1002801D0030F00D110BD034B020027
:105CB0009988180000F054F9F7E7C0462403002043
:105CC00010B5830703D1002801D0030F00D110BD08
:105CD000FFF70AFAFBE7C04610B54068FFF796FAEF
:105CE00010BDC04610B50430FFF720FB10BDC04604
:105CF00010B581880C30FFF7BDFA10BD10B54068B3
:105D0000FFF784FA10BDC04610B504000430FFF759
:105D10000DFB20000C30FFF709FB10BD012208C865
:105D200010B59343198804398908FFF7A3FA10BD09
:105D30000320704703207047808880000F30800860
:105D40007047C04602207047052070470023034A71
:105D500013605360024A13605360704724030020AD
:105D60001003002010B500F0EFFC10BD10B50028A6
:105D700001DB00F0E1FC10BD7047C046002343602A
:105D800083607047002343608360C3600361704792
:105D900010B5054A0100838812688068821A03489A
:105DA0000CF030F810BDC04650030020DCA002000B
:105DB00010B50100426802480CF024F810BDC0463E
:105DC000F49F020010B50100028902480CF01AF895
:105DD00010BDC0468CA00200F8B50400C0880D00BC
:105DE000884224D2002831D03F282DDD204B984214
:105DF00035DD01301F4BFF30984236D82E008542EA
:105E000000DA0600B0000CF057FD0700E08800281B
:105E10001ED1321A800092000021381807F09CF839
:105E200020680CF073FD2760E680A580F8BDA2888D
:105E30009142FAD22368521A9C468800920060442C
:105E4000002107F089F8F0E74000D7E70420D5E704
:105E500082002168380005F053FEE088D9E783000E
:105E60001818032118F080FEC8E70348C6E7C046AB
:105E7000FF010000FEFF0000FFFF00007047C0466A
:105E80007047C046012370B50A6804009A4313891D
:105E90000D00042B07D01048012210490BF0B2FF6F
:105EA0000E4807F087FE002C01D1280070BDE01CD1
:105EB0008000FFF74DFD061E01D0094B0360300046
:105EC000AB682204B480B360920B0C30002107F061
:105ED00043F83500E9E7C046CCA002008503000086
:105EE00040A002000E4B026970B505009A4209D02D
:105EF000E2210C48032289000BF084FFE22080009D
:105F000007F058FE2888FFF723FD041E00D0056027
:105F10002A88201D043A002107F01EF8200070BDD9
:105F2000795D0000CCA00200012310B502689A43FD
:105F30001369984710BDC046012310B502689A4303
:105F40001369984710BDC046012310B502680100CF
:105F50009A43128801480BF055FF10BD24A002009F
:105F6000084B70B505000C001600994205D88388CF
:105F70008B4203D92B68A400E65070BD0131FFF7B6
:105F80002BFFF7E7FEFF00008388002B09D0013BC1
:105F900002689BB283809B00D318002218681A60A5
:105FA00070470020FCE7C046F8B5C58806000F0022
:105FB000002D29D03F2D0FDD204B9D422BDD6B1C8A
:105FC0001F4AFF33934224D81C1C9BB28B4208D338
:105FD000A4B2A54207D3F8BD6B001C1C9BB28B4238
:105FE000F6D23C1CF4E7A000FFF770FD0500F08836
:105FF00000281BD1221A800092002818002106F0E8
:10600000ABFF3560F480E6E70C1C0429E0D20424E1
:10601000DEE70C4CDDE7A8004019032118F0A4FDD1
:10602000041C80B2B842D3D23C1CD1E78200316854
:10603000280005F065FDF088DCE7C046FF010000A0
:10604000FEFF0000FFFF0000C38870B505000C00D4
:1060500016008B4207D8084B994200D970BD013118
:1060600089B2FFF7A1FF2A68A3009E50AB889C422B
:10607000F4D30134AC80F1E7FEFF0000C38870B5B3
:1060800004008DB28B4201D2AB4201D9A58070BD14
:106090002900FFF789FFF9E78388002B09D0013B2E
:1060A00002689BB283809B00D318002218681A6094
:1060B00070470020FCE7C046F8B5828805008A4298
:1060C0001AD903688E0098194F1C0468BA4207D881
:1060D0000021013A92B2AA809200D1502000F8BD6E
:1060E000521A06498C46311D62449200591823F019
:1060F00091F8AA882B68EBE70024EFE7FFFFFF3F4A
:10610000F8B51700828804000D008A4218D9511C86
:10611000C38889B28B420FD96B1C9B0020681E1F5D
:10612000521B81199200C01823F074F823689F5104
:10613000A3880133A380F8BDFFF736FFA288EBE701
:106140003A00FFF781FFF6E770B50500C388828843
:10615000016809480BF056FEEB88002B0BD0002499
:10616000064E2A68A300995830000BF04BFEEB88CE
:106170000134A342F5D870BDA0A00200C4A0020063
:1061800010B504000289010003480BF03BFE201DFE
:10619000FFF7DAFF10BDC04608A00200024B036003
:1061A000002343608360704758A10200024B0360E4
:1061B000002343607047C04628A10200034B0360E0
:1061C000002343608360C36003617047F8A002004E
:1061D000F8B54746CE4680B507890C004668002FC3
:1061E00036D0336899423CD0331D002004E004339C
:1061F0001A1F1268A24225D00130B842F7D3236893
:1062000020005B6A9847236880461B6A20009847F5
:106210000024814635682B6828005B6A98478045D2
:106220000AD12B6828001B6A98474246010048465D
:1062300022F0E1FF002809D001340436BC42E9D342
:10624000012040420CBC90469946F8BD2000F9E779
:106250000B6808005B6A9847236820001B6A984710
:10626000EEE70020EEE7C0467047C04610B50400D8
:106270000A00010003480BF0C5FD200007F09AFC5E
:1062800010BDC046CCA00200014B1B6818697047C6
:1062900050030020014B1B68986970475003002091
:1062A000014B1B68188C704750030020014B1B6882
:1062B000D86B7047500300201D4B026870B5060074
:1062C0009A4200D0FEE741681A4D1B4B0A682960CC
:1062D0009A4213D0088C8000FFF70AFC2B68174CF9
:1062E0001A8C00219200206006F036FE23681C60A4
:1062F0002C68134B22689A4208D0FEE711481031EF
:106300000BF080FD104807F055FC70BDB3682269A2
:106310009A42F2D100F0FCFA2B6820001C6B00239B
:1063200040301A001900A04700F002FAEDE7C0461D
:106330001042000050030020718E3B924C0300205D
:10634000708E3B9270A002009F03000010B50248BF
:10635000FFF7B2FF10BDC0466093020003000020AB
:10636000002B07D09A0705D101221B689343DA78E6
:10637000F92A00D070471889063843425841C0B204
:10638000F8E7C04670B505000C20FFF7E1FA041EDF
:1063900004D0164B0360002343608360002D08D0B7
:1063A000AB0706D101232A689A431300D278F92A51
:1063B00001D0200070BD0E4A9342FAD12E89002EE2
:1063C000F7D02000FFF76AFC63899E4203D9201DA5
:1063D0003100FFF7E9FD2681B2006968606805F0C9
:1063E0008FFB2000FFF76CFCE3E7C04658A10200DA
:1063F000F8A0020070B504000D00002801D083074A
:1064000013D00F4807F0D6FB29002000FFF7E0FE6D
:10641000051E08DB2900201DFFF74EFE2000290085
:106420000C30FFF749FE422070BD012302689A43F9
:106430001300D278F92AE4D1024A9342E4D0E0E78B
:106440009B030000F8A0020070B50E00FEF704F8F0
:10645000040030000D00FDF7FFFF02000B002000DC
:1064600029001CF0EFFDFDF7E9FB70BD10B5FDF74D
:10647000F3FF1CF079FBFDF7E1FB10BD10B5FDF754
:10648000EBFF1CF029FBFDF7D9FB10BD10B5FDF7A4
:10649000E3FF1CF01DF8FDF7D1FB10BD10B5FDF7B3
:1064A000DBFF1BF0EDFDFDF7C9FB10BD10B5FDF7DF
:1064B000D3FF1CF069FDFDF7C1FB10BD10B5FDF762
:1064C000CBFF1CF0A7FCFDF7B9FB10BD10B5FDF725
:1064D000C3FF1DF0CDFAFDF7B1FB10BDF0B5C64608
:1064E00000B5030282B00F001B0E00D01F00FA237C
:1064F0000004040C1B01E618300001F0DFF9051E52
:1065000004D0280002B004BC9046F0BDF0233B400C
:10651000102B1ED0202B19D000229046302B02D0F9
:106520000D4807F047FB200001F0ACF904001820EB
:1065300022F041FE434601930F231F40B2B2009761
:106540000E3B210005000EF091FBDAE7022398468E
:10655000E9E701239846E6E72303000070B50D0044
:1065600001214942FDF732FE0400431C04D02900FA
:106570002000FFF7B3FF70BD014807F01BFBF6E7F3
:106580008B030000F0B5C64600B50500884617002D
:106590001E0001F093F9041E03D0200004BC9046B5
:1065A000F0BD31004046FFF799FF310080463800CA
:1065B000FFF794FF0600102022F0FDFD4146040085
:1065C000ABB2B288898810F033FB404600210EF050
:1065D0007FFB300000210EF07BFB0121200010F03A
:1065E000BDFADAE7012170B5494204000420FDF745
:1065F000EDFD0121050049420520FDF7E7FD2021C1
:106600000600CA20FDF7E2FD002C0AD0012C12D0B2
:10661000022C0BD10300320029000320FFF7B2FF48
:1066200070BD01002800FFF759FFF9E7044807F0A3
:10663000C1FA0020F4E701003000FFF74FFFEFE759
:106640008D03000010B52021007CFFF747FF10BD2F
:1066500010B51023808800F0C7F910BD036810B58D
:106660009B699847431E9841C0B210BD10B50CF00D
:1066700037FA431E9841C0B210BDC04680887047AB
:1066800010B5044B00221B6800211C6B0023A0479F
:1066900010BDC04650030020F0B5CE464746060068
:1066A00080B585B000900191029287B21022360C1D
:1066B00069461248039305F023FA31003800FCF7CD
:1066C000C3FE04003000FDF7B7FB8046002C10D05D
:1066D0000B4B99464B461B6800221D6B414600231D
:1066E000E068A847206832003900FCF79BFE041ED2
:1066F000F0D105B00CBC90469946F0BDD802002000
:106700005003002010B5FFF7DBFA0BF0B9FF10BD06
:1067100070B50600054D2B6800221C6B002100237C
:106720003000A04714200BF037FFF4E7500300209F
:1067300010B50BF0A5FF10BD10B50BF02DFF10BD6F
:1067400010B50BF07FF810BD10B5041E06D0FFF792
:10675000A5FA034A210003480BF01AFE10BDC046FB
:10676000B12601001167000010B5041E06D0FFF726
:1067700095FA034A210003480BF00AFE10BDC046FB
:10678000056700008166000010B589B280B20BF089
:1067900029FF10BD054B10B51C68FDF70DFD044B1E
:1067A0009C4664442018400A400210BD500300205B
:1067B000FF01000010B50BF061F810BD10B50EF030
:1067C0006BF810BD10B50EF077F810BD034B1B68C9
:1067D000002B01D0186A70470020FCE7B40A0020A3
:1067E000014B1B6818627047B40A0020F0B54E4692
:1067F000DE4657464546E0B53C4B87B099461B6898
:106800000290002B6AD000200BF040FB85000400B2
:1068100028000CF051F803900BF038FB844258D15B
:10682000002C3CDD039B9A460023554401950093C0
:1068300053461F683E6A002E2BD07069FEF784FD18
:106840000223029A043613409B464B461B68346869
:106850009F422ED03868BD680BF026F84B461B6867
:106860002D1A641975689F4207D0BB68386898462E
:106870000BF01AF84346181A2D185B46002B03D06C
:106880001BE001CCFEF760FDA542FAD8B668002EE9
:10689000DBD104239C46019BE2445345C8D10398B5
:1068A0000CF034F807B03CBC90469946A246AB4683
:1068B000F0BD5B467568002BE6D0009922004B1CAA
:1068C00098462B1B9B100A480BF09CFA43460093FA
:1068D000DAE7CB20800007F06DF9A1E701200BF08B
:1068E000EBFF059005980CF011F8DBE7B40A0020E7
:1068F00098A1020010B501F073FA0400302022F0D4
:106900005AFC0123002221000EF042F810BDC046BF
:1069100070B5FFF7EFFF01F0F7FA1E4B1B681C8DF7
:10692000002C27D11C480BF0F3FB1C4C1C4E651CA3
:10693000FF3502E00434AC420AD020680028F9D0C8
:1069400003681B68B342F5D004349847AC42F4D1D5
:1069500001F0C6FB01210D204942FDF737FC00F094
:1069600091FF002803D0036800211B68984701F0BD
:10697000A1FA70BD21000B48FEF76EFF2100050053
:10698000020009480BF03EFA002DCBD1142007F08D
:1069900011F9C7E75003002054030020B005002080
:1069A000792200000020002088A1020010B50848CC
:1069B00011F084FE074C20000FF016FE064A07492E
:1069C000200022F0F1FB064B064A1A6010BDC046BB
:1069D000D802002054030020B40000202D650100DF
:1069E00078030020E4A70200F0B557464E4645461E
:1069F000DE46E0B58DB004000D0016001F00FCF768
:106A000023FD00280BD0320029002000FCF730FDC8
:106A10000DB03CBC90469946A246AB46F0BDBFB215
:106A20000F2C01D1C02F10D1282022F0C4FB8246A8
:106A30001E4BA1B2AAB200970BF0B2FF1C4B5146FD
:106A400018000FF09FFC002828D1002DDBD1012178
:106A500020004942FCF7F8FC071ED4D0A3B29B46A5
:106A6000124B9946124B984610239A4653463A8940
:106A70005946009302A84B460BF092FF02A94046EC
:106A80000FF036FC02A80BF0A5FF01223868524235
:106A90002100FCF7C7FC071EE8D1B4E750460BF015
:106AA00099FF504622F078FBCFE7C0469966000078
:106AB0005403002000B585B08AB2012381B2684634
:106AC00011F0DAFD05B000BD012110B549420248C0
:106AD000FCF776FD10BDC046A4A1020010B50FF072
:106AE000D3FE10BD10B503681B6A98470100024829
:106AF0000BF088F910BDC046ACA1020010B50368C8
:106B00000C001B6A98472200010002480BF07AF93A
:106B100010BDC046B4A102000148C000C0087047C3
:106B2000008000200048704716FCFFFF00487047B7
:106B300016FCFFFF0048704716FCFFFF002070475F
:106B40002023C05C012358407047C046004870476E
:106B500016FCFFFF00487047C0A1020000487047C4
:106B6000D4A10200F0B54E465746DE464546E0B594
:106B70001C002D4B91B0814618688A4616000CF017
:106B80004FFC002843D05346012B47D01A9F7B1C53
:106B900000D004340AF048FE002C36D05346402B77
:106BA00000D10023DBB29B4623E0A04653462500DC
:106BB0002B4300936B46581C7B1C0BD004221AA954
:106BC00004F09EFF01235B421A9345466B46043C4A
:106BD000043D581D31002A0004F092FF4B4640222C
:106BE00069469868641B761913F05EFF002C0CD080
:106BF0001A9F3C22002101A806F0AEF93F2CD4D9FF
:106C00003F225B463F259046D2E70AF0FFFD11B0D8
:106C10003CBC90469946A246AB46F0BD1A9F3F3316
:106C20009A467B1CB5D1B5E7DC0A002000B50649C1
:106C3000837802000868054983B000910C33012174
:106C4000FFF790FF03B000BD80030020200080000C
:106C500030B50500C06983B00830140004F050FF5F
:106C60000121EA6949420091231D04324131280083
:106C7000FFF778FF03B030BDF0B5C646134B00B543
:106C80009846134D134E144F2B78002B11D1F369F6
:106C900004225F6041463000FFF7DAFF14242B78AE
:106CA000002BF1D13220013C0BF076FC002CF6D108
:106CB000E9E70A4C2068002803D00BF027FE0023E8
:106CC000236000232B7004BC9046F0BD7C030020A1
:106CD0000A0C002004040020FDF9923684030020F1
:106CE00010B5047D82B0002C0DD05C1EA341402461
:106CF0005B421C40012380345B42009313000A0076
:106D00002100FFF72FFF002002B010BD70B590B03A
:106D1000040040226946C06813F04AFE002821DDC5
:106D20006B461D78E3691A88002A1DD13F262E4044
:106D3000181D6B468018591C320004F0E1FEE26910
:106D4000002013889E193F2316809D430AD0E369D3
:106D5000402D1CD0802D17D002229A700022E369AA
:106D600018881A8010B070BD69B2002911DB3F2667
:106D700082212E40901949008842D9DDDC200CF098
:106D800047FEE3691A88D3E701229A70E6E7987014
:106D9000E4E7DA200CF03CFEE3691A88E7E7C04636
:106DA000802300B55B0083B09A420ADDC3695B684B
:106DB000009313000A004021FFF7D4FE002003B027
:106DC00000BDFFF745FFF9E7F0B5C64600B586B050
:106DD0000500FFF79BFF041E04D0EE69B778002F73
:106DE00005D00024200006B004BC9046F0BD7368B6
:106DF000F78098463389B380FFF7E0FC01234246D1
:106E0000A8612B75102A00D196E01BD9794A9045CC
:106E100000D18BE05FD9784A904547D0774A9045BA
:106E200066D0774A90454FD00123F380EB6940212B
:106E30001A1D01235B42009328000533FFF792FEE1
:106E40000024CFE7032A00D1C8E019D9082A7AD054
:106E5000092A00D0B1E031698B001033A34204D07D
:106E60008C20FF300CF0D4FD3169F3684A1E1436D3
:106E70000029DBD0F61AF15802C3013AFBD2D5E75C
:106E8000012A3ED0022ACFD15E4BDC685E4B621EE7
:106E9000FF3A9A4200D984E0200022F01CFA020056
:106EA00021002800FFF77CFF04009BE7FFF7F8F9BB
:106EB000564B04901B68082204A9280003930593ED
:106EC0000024FFF7C5FE8DE7504AF1681268116093
:106ED0004F4A1370AAE74346202B56D0212BA3D14B
:106EE0004C4B1B68002B76D030000C3098479DE748
:106EF000494B28001A68494B1968FFF751FF0400F5
:106F000070E70223B3600333FF337361444BF760D0
:106F10003761B361EB6940211A1D01235B42009385
:106F200028001933FFF71EFE00245BE73D4B3E4A65
:106F30001A600AF095FC79E73C49280004C9FFF77C
:106F40002FFF04004EE7102C03D09220FF300CF0EE
:106F50005FFD3469402C27D83100F3680831621E88
:106F6000002C05D0C91A1868C8500433013AFAD267
:106F70000121EA69A4004942231D009104324131F4
:106F80002800FFF7EFFD00242CE7337B002B05D012
:106F9000274B284A1D60284B1A6047E7264A136092
:106FA00044E70322254C7BE79420FF300CF030FDB2
:106FB0003100F3680831621ED4E7042A00D033E7B9
:106FC0001F4B1F60BFF34F8F1E4B1F4ADA60BFF38A
:106FD0004F8FC046FDE70223F38027E7184B1B4A7B
:106FE0001A60BFF34F8F174B174ADA60BFF34F8F0A
:106FF000C046FDE793BD2011E066FC53101590706C
:107000003159A527F01F0000FF1E00004C0300208F
:107010000A0C0020000400208803002084030020C4
:10702000882BED68047800207FACEBF0B0060020E0
:10703000800300202D6C0000FC030020E8A102006A
:10704000FC7F002000ED00E00400FA05EF6926F067
:10705000074A00230832026020228360C360037164
:10706000036103754375C161835483617047C046F2
:1070700008A20200F0B50400C56983B029002948C0
:107080000AF0C0FEE369002B08DA03225B005B080C
:10709000E361254B1B681A6003B0F0BD6068A91E50
:1070A0006B882A8809880190A06900901F480AF01F
:1070B000A9FE2B881E4A934223D0D022D2019342AC
:1070C00000D0FEE72600E3691A4FDA1CA2611A4AD3
:1070D00002331360194B2436194D38689B1B2B6003
:1070E000002801D00BF012FC28680BF0E5FB2A68A1
:1070F0003100386004F004FD0122124B9343E36138
:10710000CAE7E3690233E3616368032BC4D1002259
:10711000054B1B681A608023A2691B061343A361F9
:10712000BAE7C04624A202004C0300202CA20200B1
:1071300040680000840300207C03002000800020C1
:1071400088030020796C000000B56846FFF792FFC5
:1071500000BD7047F8B505000E00002826D00029B4
:1071600024D01C4F3C68002C03D10CE0246C002C74
:1071700009D023689D42F9D163689E42F6D1164832
:107180000AF040FE10E015480AF03CFE442022F0D0
:1071900012F804000560466032000830290013F040
:1071A000F9FE3B683C6023642000F8BD0C480AF0FF
:1071B00029FE012119204942FDF708F800F062FB81
:1071C0000121050049421820FDF700F800F05AFBA4
:1071D0000600C6E78C03002060A2020078A202002D
:1071E00044A2020010B5FFF7B5FF083010BDC0463D
:1071F000F0B5C64600B5060082B00D0000201100B3
:1072000017009846FCF76CFA0400FEF747FD43466A
:10721000220030006D00A9B20832009308303B0014
:1072200013F076FE05006B425D416D4220002C405C
:10723000FEF746FD200002B004BC9046F0BDC046FB
:1072400010B51C0082B04900536889B2083200941E
:10725000083013F01BFE02B010BDC04670B5094DDA
:107260002C68002C01D0200070BD8620400021F049
:10727000A2FF040012F0ECF8201D21000EF054FAD9
:107280002C60F0E790030020F0B5050083B00C00FF
:10729000FFF7E4FF2B6806001B6A280098472B685D
:1072A00007005B6A28009847390002B2684611F06F
:1072B000CFFA694601A811F0E7FA220063680832A4
:1072C00001A9301D0EF072FB01A811F081FA684689
:1072D00011F07EFA03B0F0BD70B5040082B0FFF784
:1072E000BDFF236805001B6A20009847236806003D
:1072F0005B6A20009847310002B2684611F0A8FA94
:10730000694601A811F0C0FA281D01A90EF06CFA17
:10731000040001A811F05CFA002C0ED020002021FE
:107320001030FCF7DDF905002000FEF76FFA684623
:1073300011F04EFA280002B070BD0025F7E7C046F4
:1073400070B5040082B0FFF789FF236805001B6A4F
:1073500020009847236806005B6A200098473100A8
:1073600002B2684611F074FA694601A811F08CFA6D
:1073700001A9281D0EF0B8FB01A811F029FA6846F2
:1073800011F026FA02B070BD10B5FFF767FF0430A8
:107390000EF0B0FB10BDC04670B5D31872B61578AC
:1073A0000132802441600326013EFDD12C4200D1F0
:1073B00001600626013EFDD10160641004D0E4B2F4
:1073C0000226013EFDD1EDE79A4200D2E7E762B620
:1073D00070BDC046012110B5494204001320FCF7DE
:1073E000F5FE00F04FFA001B43425841C0B210BDF9
:1073F000F023F0B5DE464E4645465746944699463C
:10740000E0B556006644B14485B0804648460391D5
:10741000029221F0C5FE4A4600210400002605F034
:107420009BFD802280237821029886421FDA601813
:10743000077817430770571038D0FDB2AA46039D4E
:107440009210AD5D94461D4205D00578AB46554679
:107450005A46154305706246002A33D10131403245
:107460005B1021D10298013680338642DFDB002297
:107470000021404600F082FD036805001B681549A5
:10748000984700222B680092DF684A4600232100BB
:107490002800B847200021F07FFE05B03CBC904694
:1074A0009946A246AB46F0BDDBB2BDE7039A013177
:1074B000925D1A420BD080229246403A8027944631
:1074C0006018C2E7BA1003D101318022C8E7202238
:1074D000D2B2C5E7009F2400F8B505000F001600E2
:1074E000182A03D9FFF776FF002818D12B6800214E
:1074F0001B6828002C7C98471F23012123409940BA
:107500000A4B60119C46C001604433003A00FFF70B
:1075100043FF2B6800211B6828009847F8BD320004
:1075200039002800FFF764FFF8E7C0461444004123
:10753000F0B5D6464F464646C0B51E0003680C005F
:107540001B680021070020259847236801211B683C
:1075500020009847236800211B682000013D9847C0
:10756000002DF2D1089B002B22D0B1464B449A4605
:107570004B461B78082698468025414629404B1EDD
:1075800099413B6838001B689847236801211B68B4
:1075900020009847236800211B682000013E98477F
:1075A0006D08002EE9D101239C46E144CA45DFD194
:1075B0003B6801211B68380098472025236801217A
:1075C0001B6820009847236800211B682000013DAC
:1075D0009847002DF2D11CBC90469946A246F0BDBA
:1075E000F0B5CE46474680B50A0083B000219846E4
:1075F00000F0C4FC002504000368184E0095DF6805
:10760000042200233100B84723680095DF680A9AF6
:10761000002341462000B84723680095DD68042216
:10762000002331002000A8470A9BDF0810D00C4B34
:107630000025994600239846424623680092DE685A
:1076400004220023494620002035B047BD42F3D331
:1076500003B00CBC90469946F0BDC0469403002090
:10766000BC000020F0B5040083B00D0017001E0020
:10767000002814D0002912D0002B10D0089B002B1A
:107680000DD0182B03D9FFF7A5FE002809D1089BC0
:107690003A000093290033002000FFF749FF03B0B0
:1076A000F0BD089B3A000093290033002000FFF74B
:1076B00097FFF4E710B582B000280BD0002B09D05B
:1076C0005C68002C06D00833042A05D0220019007B
:1076D000FFF702FF02B010BD0094FFF7C3FFF9E708
:1076E000F0B5CE464746012180B583B002AF49428E
:1076F0001420FCF76BFD00F0C5F800210400C82041
:10770000FCF764FD002C01D000283FDA012108209D
:107710004942FCF75BFD00F0B5F801210600494243
:107720000720FCF753FD00F0ADF800218046C9208A
:10773000FCF74CFD002E23D04346002B20D0002820
:107740001EDD6A468400E31DDB08DB00D31AE94630
:107750009D4602AD22000021280005F0FDFB002C13
:1077600005DD0023E022EA5404339C42FBDC802246
:1077700000942B00520041463000FFF7D9FECD4661
:10778000BD4601B00CBC90469946F0BD6A46450026
:107790002D18EB1DDB08DB00D31AE8469D4602AE30
:1077A0002A000021300005F0D7FB002D01D1C5468D
:1077B000ACE72A0031002000FFF78EFEC546A5E7A2
:1077C000F0B5C646040400B5240C3F2C27DC164E49
:1077D000164D335D2868002B19D1154F39780131CA
:1077E0008900FEF7FBF92860202021F0E4FC21004D
:1077F0008046E2B26431032313F03AFF41463A78FF
:107800002868531CDBB292003B7011503355094A73
:10781000944663449B00185804BC9046F0BDE32096
:10782000800006F0C7F9D2E798030020D8030020B3
:107830000B0C0020FFFFFF3F012170B549420500FE
:10784000FCF7C4FC0400431C03D02000FFF7B8FF82
:1078500070BD290001480AF0D5FAF6E794A20200AB
:1078600070B504000D003F2803D9E320800006F026
:10787000A1F92800FFF7A4FF014B5A5D1A5570BD0E
:107880009803002010B5002806DBFF2804D0000470
:10789000000CFFF795FF10BD0020FCE7012110B59B
:1078A0004942FCF793FC002806DBFF2804D00004C3
:1078B000000CFFF785FF10BD0020FCE7084B10B55A
:1078C0005C1CFF3402E00433A34207D01A68002A8C
:1078D000F9D091888142F6D1100010BD0022FBE75B
:1078E000B005002010B5FFF7D9FF10BD10B501009D
:1078F0000020FBF7F5FE10BD014B98687047C046AD
:10790000D802002010B503685B69984710BDC046D7
:1079100010B50368DB68984710BDC0467047C04685
:107920000048704716FCFFFF044B10B503600023AE
:107930000400C3800AF044F9200010BDACA202008C
:10794000064B10B5036000230400C3800AF038F929
:10795000200021F021FC200010BDC046ACA2020096
:10796000044B10B5036000230400C3800AF028F91B
:10797000200010BDACA20200064B10B5036000232E
:107980000400C3800AF01CF9200021F005FC20004F
:1079900010BDC046ACA20200F0B5CE4647462C232F
:1079A00080B5C35C85B00400002B04D105B00CBCCD
:1079B00090469946F0BD80680021036808261B6840
:1079C0009847A0680121036800271B689847206931
:1079D000012103687F009B689847002801D001239C
:1079E0001F43E06800210368013E1B689847E06878
:1079F000012103681B689847002EE8D1A3695F4006
:107A000063699F42D2D0260001231C360025984688
:107A100012E000290CD1114B9946012349466846D2
:107A200010F02AFE012300224946684610F024FE89
:107A300001350236082D0ED03288002AF8D0434690
:107A4000AB401900606939401842E2D10029EFD0FB
:107A5000034B9946E1E76761A8E7C04602080000CA
:107A600003080000036810B55B689847431E9841FF
:107A7000C0B210BD10B503681B68984710BDC04662
:107A800070B50D001600040003680321DB6C9847F5
:107A90003200290020891023FEF7A6FF70BDC046E2
:107AA00070B505000C00160002290EDB03290DDD60
:107AB00005290ADC03210368DB6C28009847288924
:107AC000102332002100FEF78FFF70BD03680221F2
:107AD000DB6CF2E7F0B504394F464646D6464B42DA
:107AE0004B41C0B59146984606000CF0E5FE4B466A
:107AF00004000D00DF17336830005B68984782464A
:107B000040450ED00CF0D8FE001BA941B94202D866
:107B1000F1D18145EFD200201CBC90469946A24687
:107B2000F0BD0CF0C9FE8046336830005B689847B2
:107B300082450ED10CF0C0FE001BA941B942EAD823
:107B4000F2D18145E7D3336830005B6898478245BE
:107B5000F0D00CF0B1FE4346C01ADDE710B50123AA
:107B6000002903D001394B4259414B0002681900EA
:107B7000126C904710BDC046F8B5274D2C68002CFC
:107B800001D02000F8BD302021F015FB0027234B49
:107B900047600360040009F09FFF0121204B494228
:107BA00023604720FCF712FBFFF76CFE0121A06069
:107BB00049424820FCF70AFBFFF764FE0121E06020
:107BC00049424920FCF702FBFFF75CFEFA231B0148
:107BD000A3808023E2889B01134306002061E38099
:107BE00001222C2320006761A7610021E2541C3090
:107BF0000F3205F0B1F9336801219B6830009847D6
:107C0000A068012103681B689847E06801210368A8
:107C10001B6898472C60B4E7DC030020ACA202008C
:107C2000CCA202000F4B70B5C51804000E00072D42
:107C30000ED90D4B0020E318072B08D8FFF79CFF47
:107C40000A4B9C466444640004190120A68070BD60
:107C5000FFF792FF0123AB408269323C13438361FB
:107C6000E7E7C046E6FBFFFF18FCFFFF24FCFFFF31
:107C70000C4B10B51C68002C09D0220000231C32CC
:107C80001188884205D001330232082BF8D1002038
:107C900010BD01209840030060691840431E9841C0
:107CA0004002F5E7DC0300200121F8B54942070056
:107CB0004820FCF78BFAFFF7E5FD0024002826D0CA
:107CC000FFF75AFF05008068002103681B6898478A
:107CD000A868012103681B689847002F17DD00265C
:107CE00028690121036864009B689847002801D037
:107CF00001231C43E8680021036801361B6898478C
:107D0000E868012103681B689847B742E8D1200062
:107D1000F8BDC046012110B549424820FCF756FA8B
:107D2000FFF7B0FD002814D0FFF726FF040000691C
:107D3000002103689B689847A068002103689B683E
:107D40009847E068002103689B6898472C2300222D
:107D5000E25410BD10B503685B6E984710BDC04675
:107D6000FA2210B50368D2001C69014BA04710BD70
:107D7000DC05000010B503681B6E984710BDC046B7
:107D80007047C0467047C04670B50D00012149429A
:107D9000FCF71CFA03001E3B0400012B00D970BD48
:107DA0000021CB20FCF712FA002811D11F231A0062
:107DB000E1170A40C90E121964181C40074B5211F2
:107DC0009C460223641AD201A41864442370E6E797
:107DD00029002000FFF744FDE1E7C0464044004190
:107DE000F0B5DE464E4657464546E0B52D4983B0D0
:107DF000DA20FCF7EBF90121019049422C20FCF735
:107E0000E5F901384342584112234042264E0340CF
:107E10009C46336825489A46012318229946834692
:107E20000199D140CDB2002D0ED0AC450CD0132D10
:107E30000AD00124142305E0671C9D4215D03C00A4
:107E4000FB001B5C002BF7D1083A13000833E7D185
:107E5000E720800005F0AEFE0025280003B03CBC02
:107E600090469946A246AB46F0BD4F465346A740C2
:107E70003B42E9D1E4005C44636898461B889B0759
:107E8000E2D40F230A48194009F0BCFF182021F062
:107E900092F962784146050012F08EFA33681F436A
:107EA0003760DAE721202215E0030020F4A2020067
:107EB000E4A2020010B50124644221009620FCF7E0
:107EC00085F901001420FFF75FFF21009720FCF7E0
:107ED0007DF901001620FFF757FF21006620FCF70F
:107EE00075F901001A20FFF74FFF0448FBF71AFC51
:107EF000034800F025F9FFF7F3FB10BDA10D0C00BE
:107F0000857D0000002070477047C046F0B5C6462A
:107F1000164B00B51C6805000E0017009846002C93
:107F200003D10FE0A46D002C0CD023689D42F9D141
:107F300063689E42F6D1A3689F42F3D1200004BC3F
:107F40009046F0BD5C2021F036F93B00040005604E
:107F50004660876032000C30290014F0C5F94346B2
:107F60001B68A36543461C60E8E7C046E4030020A5
:107F700010B55A2005F01EFE002010BD10B5FFF709
:107F8000C5FF0C3010BDC04610B50C3014F078F9A8
:107F900010BDC04670B5040082B00E001500002868
:107FA00018D0002E11D0310072680831002D09D090
:107FB0002B006D680833200000950C3013F018FF7B
:107FC00002B070BD00250023F5E7002DF8D0002297
:107FD0000021EDE7014805F0EDFDE2E7DD030000DB
:107FE00010B50C3013F09AFE10BDC04610B50C3021
:107FF000082213F099FE10BDFA2010B540000AF0D7
:10800000CBFA02480BF0E2FC10BDC0462804002069
:108010007047C046F8B5040009F030FC274D400019
:108020002900400809F0D2FC2549200021F05AF926
:10803000002835D0C379C61D0D2B2FD8214A340016
:10804000DA40D30736D401211E48013422780D2AA4
:10805000FBD80300D3401A000B009343F5D1A41BB7
:1080600020000A30FDF744FD07002200310003F034
:1080700047FD15493819072203F042FD134938001E
:1080800021F030F9002811D000230370104B033089
:108090001F6058600F4A9D60D360F8BD3400D2E77E
:1080A0000B4B0D4A1A600D4A5A60F3E7084B1F60EC
:1080B0005F60EFE700240A20D4E7C0465C0500209B
:1080C0002CA302000124000034A302003CA3020000
:1080D000500500202804002040A3020050A3020005
:1080E00010B50B4B0B4C23610B4BD868FFF792FF7D
:1080F000FFF78EFF094920000BF032F908492000F4
:108100000BF02EF9074908480AF034F910BDC046B3
:1081100074A3020028040020F01F000004040020C3
:10812000E803002081260100F97F000010B5034814
:108130000BF076F9431E9841C0B210BD2804002010
:10814000014B18607047C0464C05002070B50023F5
:108150000A0004000D0001000548FEF7C1FD054BB3
:108160001B68002B02D029002000984770BDC04634
:10817000040400204C05002010B508210548FFF735
:10818000E5FF054802C8FFF7E1FF02210348FFF7BA
:10819000DDFF10BD64A30200B006002070A3020042
:1081A00010B508480AF0D2FF07490848FEF750FF0B
:1081B0000022074B9A60DA601A711A61054A1A6048
:1081C00010BDC04628040020440400200404002000
:1081D000E8030020F4A10200036810B59B699847EA
:1081E000002800D110BD80208000FBE7064B00B5C1
:1081F0009C4689B0604482B20123044904A810F06F
:108200003BFA09B000BDC04660F0FFFF0208000065
:10821000064B00B59C4689B0604482B201230449F4
:1082200004A810F029FA09B000BDC04660F0FFFFB5
:108230000308000010B50400024B03600CF06EFC54
:10824000200010BD90A3020010B50400044B036091
:108250000CF064FC200020F09FFF200010BDC04601
:1082600090A3020010B50400024B03600CF056FC12
:10827000200010BD90A3020010B50400044B036061
:108280000CF04CFC200020F087FF200010BDC04601
:1082900090A3020070B50500102020F08CFF002391
:1082A000036083602B68040045605B692800984781
:1082B000034BA0811A68200022601C6070BDC0467C
:1082C0006805002010B50400FEF778FAA368C31A09
:1082D000312B01D8A08910BDA060606803685B697C
:1082E000984780B2A081F6E770B504008069FFF777
:1082F000E9FF1C22A35E002B1BDB104BC4183221AC
:10830000D820FBF763FFFA2105004900D920FBF7CD
:108310005DFF641B6402411B200016F025FC8023D6
:108320009B00984201DD180070BDC343DB17184065
:10833000FAE78024A400241AE1E7C04600FEFFFF0C
:1083400010B504008069FFF7BDFF1C23E25E002A20
:1083500015DB0D4BC31893420DDCA17F002903D11F
:1083600000230020A37710BD51008A18921001202D
:108370009A42F5DAF7E701230120A377F3E7802398
:108380009B001B1A5242E6E700FEFFFF10B50400F7
:10839000002902DCFA231B01C1180800FFF78EFA3E
:1083A000002803D003681B6A984710BD2000FFF720
:1083B0005FFC0028F9D080208000F6E7F0B5C646C3
:1083C00005000800012100B5494282B0FBF7FEFE1E
:1083D0000400431C0CD003021B0E2027002B0BD1E2
:1083E000FA231B01EE183000FFF768FA00280CD0C2
:1083F00002B004BC9046F0BD1F00FA231B01EE182A
:108400003000FFF75BFA0028F2D12404240C290085
:108410002000FFF707FC0028EAD14E4BE518C72DD6
:1084200059D9F0233B40102B00D181E0202B00D103
:1084300085E000229046302B02D0474805F0BAFB79
:108440002000FFF71FFA0400182020F0B4FE434676
:1084500001930F2305001F40B2B20E3B009721008D
:108460000CF004FC3D4B2B60AC880F2CC0D03C4F73
:1084700028203B68984620F09EFE102321000093A0
:108480000122384B06000AF08BFA43461B68310084
:108490005B6840469847002854D1AD883E680F2D50
:1084A000A6D0282020F087FE102304000093290086
:1084B0002D4B02220AF074FA336821005B68300009
:1084C0009847002800D193E720000AF083FA2000A3
:1084D00020F062FE8CE79621D5304900FBF776FE4E
:1084E0008046632D03DD43429846204BE518280063
:1084F000FFF7C8F91E4B1C68002C03D11BE0246851
:10850000002C18D063689842F9D1202020F053FE47
:108510000027050061680123B2B2019700970CF0B3
:10852000A5FB144BAC612B604346AF77AB839BE755
:108530000123984684E7FFF7ADFE0400E5E7022338
:1085400098467DE730000AF045FA300020F024FE1E
:10855000A3E7C046B4FBFFFF2303000090A3020083
:10856000E80A002011820000ED81000050FBFFFFAF
:1085700068050020BCA302007047C0467047C04693
:108580007047C04600207047002070477047C046C3
:108590007047C04600207047002070470020704799
:1085A00000207047002070477047C04670B51A4DD4
:1085B0002C68002C01D0200070BD01210E20494202
:1085C000FBF704FEFFF75EF9002823D0182020F007
:1085D000F2FD0121040049420E20FBF7F7FDFFF7F1
:1085E00051F91122010020000CF076FA322120000E
:1085F0000BF018FBD921200089000BF009FB80212A
:1086000020000BF03DFBE021200089000BF01CFB5B
:108610002C60D0E72C68CEE76C05002030B589B01F
:1086200004000D00FFF7C2FF002820D0838802AAB3
:108630009380C388D38003891381438953818389BD
:108640009381C389D381038A13820A4B02934369BE
:108650001000019307930BF0BFFA02AB98882A0031
:1086600010232100FEF7C0F902A80CF00BFA09B0A4
:1086700030BDC046A8AA020010B588B0FFF796FF2B
:10868000002821D0838802AA9380C3880324D38042
:10869000038913814389538183899381C389D3815A
:1086A000038A1382094B02934369100001930793D5
:1086B0000BF060FAC3171C40241802A8A4100CF099
:1086C000E1F9200008B010BD7F24FAE7A8AA020053
:1086D00030B589B005000C00FFF768FF00281DD0F9
:1086E000838802AA9380C388A400D3800389A1B29F
:1086F00013814389538183899381C389D381038AF9
:108700001382094B0293436901930793012D07D00C
:1087100002A80BF099FA02A80CF0B4F909B030BD28
:1087200010000BF0ADFAF6E7A8AA020010B5FDF7AD
:108730000DFE002010BDC04610B5040000F0A6F8E4
:108740001023220002210248FEF74EF910BDC04658
:10875000B90B000010B500F099F800281FD00FF0F9
:10876000CDFE17F0C9FB0300FF20772B16DC00209D
:10877000332B13DD180017F0DFFB0A4917F0E2F97D
:1087800017F0BAFB0302181A17F0D6FB064916F0C9
:10879000CFFE17F0B1FBFF2800DDFF2010BD342015
:1087A000FCE7C046000050420000884270B504005B
:1087B00000F06CF8051E16D0201E17DBFF2C13DC12
:1087C00017F0BAFB0A4917F08BF80A4916F0B0FE09
:1087D000094916F013FD17F08FFB17F0ADFB011CD4
:1087E00028000FF0B5FE70BDFF20E9E70020E7E7A5
:1087F0000000884200007F430000504270B51C4DCD
:1088000084B02C68002C02D0200004B070BDA620DB
:10881000800020F0D0FC0121040049421120FBF728
:10882000D5FCFFF72FF80121060049421020FBF785
:10883000CDFCFFF727F814230200009331000D4B05
:10884000200010F0C5FE90239B00E1182C33E018A7
:10885000094B0A4A02930A4B01930A4B00930A4BB5
:108860000FF018FE200010F0C3FF2C60CCE7C046CC
:1088700070050020F0550000B90B00000000BE425A
:1088800000005042000010410000964210B5FFF772
:10889000B5FF002804D09B239B009C46604410BD7C
:1088A0000020FCE741607047074A106843034340DB
:1088B000580C434058015840044B10609C4600043B
:1088C000000C60447047C046C40000200180FFFFD8
:1088D000104B10B50800994201DD0F4BC8188023DA
:1088E0005B00984201DDDB18181A03000B4C434370
:1088F000A4460B4A5A43121462445343094A1B14B8
:10890000944663445843034B0012994200D94042B5
:1089100010BDC046FF01000000FEFFFFC6ADFFFF17
:108920003B090000FEC80000024B88019C466044E1
:108930007047C0460180FFFF064B994206D9064B9F
:1089400006489C46401AC00160447047024BC9016A
:10895000C818FAE7FF0100000180FFFFFF030000D5
:10896000036A1A7866235343044A944663448B424D
:1089700001DC034870470348FCE7C04604FCFFFFE6
:10898000FF7F00000180FFFF70B53F242500836951
:108990001D4095421BD0104E144033685D035D406E
:1089A0006B0C5D406B016B4080252D0233602B40CA
:1089B0001C4384610020002B08D0084B8B424041AF
:1089C000074B40421840074B9C46604470BD8022D4
:1089D00012021340EEE7C046C0000020FF01000075
:1089E0000200FFFFFF7F0000036A18780C4B1B1882
:1089F000103B1B781A401F2350111A401E3B934016
:108A0000084A8000825800201A4208D0064B8B4248
:108A10004041064B40421840054B9C46604470471D
:108A200018A4020010A40200FF0100000200FFFFD2
:108A3000FF7F0000002070470F4B70B503600F4BA5
:108A4000AC261A000400760085198351283234338D
:108A50008530AA60EB60FF300FF0A2FE200081306D
:108A6000FF300FF09DFE064B2800A3510023EB8042
:108A700009F0A6F8200070BD00A4020098B1020021
:108A8000ACA20200114B70B50360114BAC261A006A
:108A90000400760085198351283234338530AA606A
:108AA000EB60FF300FF07CFE20008130FF300FF0D4
:108AB00077FE084B2800A3510023EB8009F080F8D3
:108AC000200020F069FB200070BDC04600A4020019
:108AD00098B10200ACA20200F8B5A8235B00C3580D
:108AE000DE469B4601235B4257469A464E46454624
:108AF00003339846534404009946E0B55B46294841
:108B0000002B0DD01A79002A07D1A7681A68D21B4A
:108B1000002A0BDD904200DD10009B68002BF1D194
:108B20003CBC90469946A246AB46F8BD20000126C3
:108B3000002110307642C269002A2CD0721C07D066
:108B4000B2009219D200A21812690568AA4200D296
:108B50000E00013128300829EDD1B1008919C90072
:108B600010316618F269002A01D0414611714A4657
:108B7000F3611A71DB6837601F0008373762586885
:108B80000C2115F067FF4300181853468000381871
:108B90007062F360B2E78A005118C900103166189C
:108BA000E0E7C046FFFFFF0010B50123002A02DD09
:108BB00000F004F80300180010BDC046F0B5DE4612
:108BC0004E4645465746E0B58BB0040008900791E5
:108BD00016000292FFF780FFA8235B00E45805000F
:108BE000631E9C41B04200DA44E1029B00215B001D
:108BF0001A000798099304F0AFF9FA21089E89003A
:108C0000F568280215F0B0FF0590280018F050FF15
:108C100002000B000020A64917F034FD19F006F8F9
:108C2000B4461022624493465136FF3604900696AD
:108C30005B46DA69002A00D1D2E059461B6A8D688A
:108C40000C3B0B620299002900DC09E10023079E1E
:108C50009846019303930027009300249A461CE052
:108C6000039B9946A901AA0E009B890D5846984777
:108C700043461B145843338800141818019B308056
:108C80009C460123E0449C46029BE244ED19013CD2
:108C90004F440236534500D190E0002CE0D15B46B2
:108CA0001B6A59461A000C320A62496A8A4200D38A
:108CB000C2E0804CD8891A7B198AA146A04205D807
:108CC00080B28146142801D214208146D88A794C7A
:108CD000A0426CD90394588A774C071C00B2A0427A
:108CE00000DD271C3FB2F8439B8AC017724C074037
:108CF000181C1BB2A34200DD201C00B2C343DB17CB
:108D00001840059C002908D06C4B0C1C994201D9D5
:108D10006B4B1C1C059BA4B25C43052A39D86949DE
:108D20009300CB589F46684B0093240AC01B000455
:108D3000210015F019FF53460190002B00D1AAE045
:108D40003B044846984617F0F7F8049916F0C8FD1A
:108D500016F022F907000398484500D17CE017F08F
:108D6000EBF8049916F0BCFD16F016F92100C01BB3
:108D700015F0FAFE0390814674E7544B0093D4E754
:108D8000534B0093D1E7534B0093CEE7524B0093E4
:108D9000CBE7524B009313000B3B042BC5D9504B30
:108DA000103A0093022AC0D84E4B0093BDE780B220
:108DB000039014288FD2142003908CE75B461A6A24
:108DC0005B6A9A4238D25B469D60002C00D1013428
:108DD0005B4642465C600124DA60039A1F615A6177
:108DE00028239C46069BE3449B4500D020E702993C
:108DF000089A8C469368009363449360002913DDBE
:108E00000799099B384AC818384D03E00A80023197
:108E1000884209D000268B5F9342F7DCAB42F6DA3A
:108E20000D8002318842F5D120000BB03CBC904649
:108E30009946A246AB46F0BD5B46DA690223137140
:108E400000235A46D36128239C46069BE344012411
:108E50009B4500D0ECE6CAE700239946039301E75F
:108E60005946496A8B42E9D200230027039398466A
:108E70000124ADE7089C079E020031002000FFF7A7
:108E800093FEB446029B690020005A1B6144FFF721
:108E90008BFE0124C8E75B46DB689846013300D1AE
:108EA0004EE75B465C681F695B6903939946D9E6A8
:108EB00000009041204E0000FF03000060EA000027
:108EC00060EAFFFFE0A30200298900003989000061
:108ED000A988000089890000D1880000618900000C
:108EE000358A0000E9890000FF01000001FEFFFF54
:108EF000F0B54B6883B007000E00002B32D0802104
:108F000001A889000FF034FC8022019D52002C1D25
:108F100021003000FFF752FE81239B009C466544F0
:108F20008022920094462388634423800234A54221
:108F3000F6D100280FD07068002802D003681B68A3
:108F4000984701A938000FF023FC01A80FF028FC76
:108F5000380003B0F0BDAA235B00F05438000FF0D6
:108F600001FCF2E70FF0FEFBF2E7C046012170B50D
:108F7000494205001A20FBF729F9FEF783FC041E7D
:108F80000BD001211A204942FBF720F9C30305D475
:108F9000236829001B682000984770BD6B425D4123
:108FA000EDB2F5E7002070470020704700207047C1
:108FB0007047C0467047C0467047C0467047C046BD
:108FC0007047C0467047C0467047C0467047C046AD
:108FD00070B50025164B060082B0040003604560A2
:108FE0000220FEF74FFC13235936FF360100220002
:108FF000009301950F4B300010F052F801204042D1
:10900000FFF7E4FFAA235B00A5603000E55410F0F1
:109010002BF8A022E060200052000021103003F065
:109020009BFFA82320005B00E55002B070BDC04646
:1090300000A4020044AC000070B5074D2C68002C61
:1090400001D0200070BDC420400020F0B4F804001E
:10905000FFF7BEFF2C60F4E774050020F8B50C00A4
:109060000700FFF7E9FF06002000FCF717FE1020BD
:1090700020F0A1F80023FA2105000371C460F06814
:109080008900784315F070FDB3689C466044286001
:1090900008F0CAFBA8235B00F458AC60F550002C24
:1090A0000BD111E0A368E068AB60FCF709FE20007B
:1090B00020F072F8AC68002C06D02379022BF1D096
:1090C0002500A468002CF8D108F0A0FBAA235B00BF
:1090D000F25C002A00D0F8BD01227068F25400282A
:1090E000F9D003681B689847F5E7C04670B5FFF7ED
:1090F000A3FF050008F098FBA82200235200AC58FB
:10910000AB50AC3AEB626B65EB67AB502832AB50BF
:109110002832AB502832AB502832AB50002C08D04C
:10912000E068A568FCF7CCFD200020F035F82C1E87
:10913000F6D108F06BFB70BD70B5150006000C0091
:10914000FFF77AFF002203004260C5600120002C77
:1091500004DD220031001800FFF730FD70BDC0466D
:1091600010B50400FFF768FF2000FFF72FFF10BDC8
:109170007047C0467047C046024A43001068C01896
:109180007047C046500300207047C0467047C04635
:109190007047C046C16000207047C0467047C04657
:1091A0000B6810B5984220D10B6998421DDC8B6981
:1091B00098421ADA002808DB4B681468A34200DAE8
:1091C00013605468A34200DD53600B6B002B06DD77
:1091D0008C6A4A68A44662444A600A6A9B1A4A6AD0
:1091E0000130944663440B63086010BDF0B5C64679
:1091F0000B6800B5984229D14B684E69B34225DB14
:109200008C69A04222DA0D6A0C6BA8460BE04F6A0B
:10921000CD6ABC46451964440D604444013BA842F4
:1092200012D1B34210DB002807DB15689D4200DD38
:10923000136055689D4200DA5360002CE7DC0D682E
:109240004444013BA842ECD00C634B6004BC904604
:10925000F0BDC0460B68F0B5984228D14B684E6906
:10926000B34224DC8C69A04221DA0D6A0C6BAC4657
:109270000AE0CD6A4F6A4519E41B0D60644401336E
:10928000A84212D1B34210DC002807DB15689D42CA
:1092900000DD136055689D4200DA5360002CE8DC65
:1092A0000D6864440133A842ECD00C634B60F0BD00
:1092B00010B54268010093890248528908F0A2FD66
:1092C00010BDC04648A4020010B5436800205C8968
:1092D0008C4206DD002A04DB9B8901209A4201DAD8
:1092E000C0B210BD0020C0B2FBE7C046F8B543686D
:1092F00014001D005A7A07000E001035012A0ED006
:10930000042A1ED1998989001F31491189007143AE
:109310006D18002C22D128780F23184010E099896D
:109320000731C91071436D18002C01D0E310ED18FE
:1093300007231C40063BA34028781840431E984151
:10934000F8BD0C4804F036FC7B68AD1B5B7A002C42
:109350000AD0012BEAD00020042BF1D16310E85C85
:10936000E307D9D50011EBE7042BD4D00020012B63
:10937000E6D1DDE73503000070B504000D001600EE
:10938000FFF7A2FF03000020002B04D032002900C9
:109390002000FFF7ABFF70BDF0B5C6461D00436867
:1093A00000B51E0014005A7A80460F001036012ABC
:1093B00014D0042A28D1998989001F3149118900C4
:1093C00079437618002C2CD10023F3560F229343B7
:1093D00015402B43337004BC9046F0BD998907318A
:1093E000C91079437618002C01D0E310F618072332
:1093F00001221C40A2403378002D02D193433370E8
:10940000E9E713433370E6E70E4804F0D3FB434625
:109410005B68F61B5B7A002C0FD0012BE5D0042B88
:10942000D9D16310F6180023F356E207CED50F22E8
:109430002D0113401D433570CDE7042BC4D0012B03
:10944000C9D1D4E735030000F8B55746DE464E468D
:109450004546E0B516000A9A9846971B01228246B7
:109460000C005B1A9346002F02DA023A93467F42C1
:109470007F00FD1A5B009946A0450EDB0B9B320076
:1094800021005046FFF788FF002D02DD4B465E4469
:10949000ED1A0134ED19A045F0DA3CBC904699462E
:1094A000A246AB46F8BDC046F8B55746DE464E4626
:1094B00045461400E0B55F1A01230A9A8246904699
:1094C0000E00121B9B46002F02DA023B9B467F4296
:1094D0007F005300BD1A9946A0450EDB0B9B22006E
:1094E00031005046FFF758FF002D02DD4B465E4429
:1094F000ED1A0134ED19A045F0DA3CBC90469946CE
:10950000A246AB46F8BDC046836810B501330400DF
:1095100083604068830701D1030F04D1416808309C
:10952000FAF7DEF8606010BD30B54468002063894A
:109530000D68013BA84200DA2800834200DD0300E9
:109540000B600021A3891068013B814200DA010011
:109550008B4200DD0B00136030BDC04670B5FAF7DA
:10956000BFF80500FCF79AFB0C20FCF7F1F9041E8C
:1095700006D0084B4560036000238360002D04D0B3
:109580002800FCF79DFB200070BD034804F012FB8F
:10959000F6E7C04664A4020035030000FA2370B564
:1095A000DB0004000D00160098421CD899421AD81E
:1095B000012A13D0042A16D189001F314B118100D2
:1095C000594308310020FFF7C9FF872243681A7208
:1095D00000225E725C819D81DA8170BD0731C91005
:1095E00041430831EEE70020F7E7C046031E07D0ED
:1095F00042680020082A02DD197A872902D07047C4
:109600000020FCE7597A01290ED00429F7D1988966
:1096100080001F3041115889800048430830101ADB
:1096200043425841C0B2EAE7998958890731C910C5
:1096300048430830F3E7C04600280AD042680023B8
:10964000042A04DD017AE12913D0E42903D01800AB
:1096500070470023FBE7837A9B001F335911437A3D
:109660009B004B430833043B9B1A58424341DBB2F7
:10967000EDE7837A0733D910437A4B430833F2E797
:10968000436858897047C046436898897047C04608
:109690004368587A013843425841C0B27047C046C7
:1096A000436801209A0703D11B0F58425841C0B2AA
:1096B0007047C0468068431E9841C0B27047C0469C
:1096C000F8B505000C0016001F00002903DBFFF7AA
:1096D000FBFD002800D1F8BD2800FFF715FF3B0077
:1096E000320021002800FFF757FEF4E710B50029EB
:1096F00002DBFFF741FE10BD0020FCE730B54368F8
:10970000587A042800D030BD5D898D42FBD99C89F0
:109710001033A0001F304011800048431B18100078
:10972000691A61435268083091420FDC4910EAD04F
:109730000F2402005818197821401170197801334C
:109740000911517002328342F5D1DCE71100EDE7D7
:10975000F0B5C64600B5436816005A7A04000D00FD
:10976000042A02D004BC9046F0BD5F898F42F9D92B
:109770009B899846FFF7C8FE63681C005A7A10342C
:10978000012A21D0042A23D19A8992001F32521132
:109790009200414630006A437D1B69437368A218FA
:1097A00008300D00994200DD1D006D10DAD00F2445
:1097B000551903784178234009010B431370013296
:1097C00002309542F5D1CDE79A890732D210E0E711
:1097D000024804F0EFF901225242DAE735030000B3
:1097E000F0B5DE4657464E464546E0B585B0040026
:1097F00001910092002B02D00E9A002A06D105B0EA
:109800003CBC90469946A246AB46F0BD4168019AE1
:1098100048898242F3DA009889898842EFDA013A6E
:10982000D3180E9A01389446604402930390002B9B
:10983000E5DB0028E3DB03AA02A92000FFF774FEA2
:109840006A4601A92000FFF76FFE0399029B019A67
:109850004D1C013361689B1A99468889009BED1A5B
:10986000460707D1002A05D1002B03D14B89994522
:1098700000D1B9E02000FFF747FE6268537A012B60
:1098800000D194E0042B00D0B6E00F279389009E0E
:1098900099001F31491189008A460F990F403901FB
:1098A0007F18F9B20F0001998B4610218846904429
:1098B0005A469B001F335B119B005A439044002E75
:1098C00000D08EE04B465E1E002B98DD80235B00AF
:1098D0009B462300BC464446984605E0042B2DD009
:1098E0005444013E00D28AE743465B685B7A012B11
:1098F000F4D10721009A0A409340002DF0DD2700A3
:109900000020A14604E00A433A70013085423BDD65
:109910005B4508D0D9B25B000F9C3A78002CF2D19D
:109920008A433A70F1E74C4662462B1A0137072BFF
:1099300036DCA146944602230121EDE70099033B62
:1099400019404942E03319400F31002DC8DD63460C
:109950002700A4460020B1461C000AE0CEB209014F
:109960003B7801301A006240324053403B708542E0
:1099700011DDF0231B019942F0D12B1A0137012B85
:1099800004DCF0210F26EBE74C46A9E702303C70DF
:10999000023B8542F2DC23004E4664469C469FE72C
:1099A00008303A70083B8542C0DC944698E79389BA
:1099B0000733DB109A460F99009ECF07FF17F9B2C5
:1099C0000F0001998B461021884690445A46534314
:1099D0009844002E00D175E7F610B04472E7053BBD
:1099E0009A467610B0446DE7854200D042E70F9961
:1099F000200000F03BF802E71B4804F0DBF8626847
:109A0000517A012906D10121938949420733DB109C
:109A10008A46D0E70F2311270F98009E03405F432B
:109A2000FBB21F00019B9B461023984690440429DB
:109A300003D1113B9A4693893AE70B4804F0BAF8F0
:109A400043465A469B1A9846002E05D063685B7AB7
:109A5000012B05D0042BC2D001235B429A4631E78B
:109A6000023B9A46B8E7C0463503000030B5050012
:109A700083B00C1E03D043689A8951072ED1280069
:109A8000FFF742FD6968E4B20B004A7A1033012AFD
:109A900020D00F2214402201A218D2B249680839FE
:109AA00003290ED918009C070DD11402A418230411
:109AB000E4188B089B00C31810C08342FCD103201C
:109AC0000140002904D059181A7001339942FBD182
:109AD00003B030BD22405242D2B2DFE75B890021A1
:109AE000009201940022FFF77BFEF1E730B51C00E5
:109AF00083B013B20D141214009209B201942A001B
:109B0000FFF76EFE03B030BDF0B5D6464F46464671
:109B1000C0B586B0040003910292002B02D00E9AC9
:109B2000002A05D106B01CBC90469946A246F0BD5D
:109B3000426850898142F5DA02989589A842F1DAA3
:109B4000527A042AEED10F9A526801920F2AE9DD67
:109B50000E9A013994460138CB186044049305905D
:109B6000002BDFDB0028DDDB05AA04A92000FFF7BE
:109B7000DBFC02AA03A92000FFF7D6FC049B039A92
:109B800001339B1A9846059B20005E1C029BF61A27
:109B9000FFF7BAFC67680F9D7B7A0835012B47D029
:109BA000042B59D1BB8910379B001F335B119B00DD
:109BB0009C46039B9A46029B9946634652465343F2
:109BC000FF184B46002B67D143465C1E002BA9DDD6
:109BD00001230F2098464346029A1A40002E20DDAA
:109BE0003B783900002A20D00122914610E0012361
:109BF0009A464B781100D14402001A40AA5C834374
:109C0000024013430B704E450BDD01229246D144B6
:109C10001A11AA5C0340120113430B704A1C4E45F3
:109C2000E5DC6744013CD6D27CE701229146E3E7BC
:109C3000BB8910370733DB109C46039B9A46029B77
:109C40009946634652465343FF184B46002BBBD000
:109C50004B46DB10FF18B7E71C4803F0ABFF039B34
:109C60009A46029B994663681F005A7A1037012A68
:109C700016D0042A21D0154803F09CFF5346FF1A42
:109C80004B46002B15D063685B7A012B0ED0012266
:109C900052429446042B97D14B465B10FF1893E732
:109CA0009B89023A0733DB109446CBE7023B9C4684
:109CB000CEE701235B429C4686E79B89053A9B00E1
:109CC0001F335B119B00944678E7C04635030000C4
:109CD00030B51C0083B013B20D141214009209B2F7
:109CE00001942A00FFF710FF03B030BD10B5002922
:109CF00010D0436849685A684C680020A24200D0DE
:109D000010BD0833180008311FF075FA434258415E
:109D1000C0B2F5E70020F3E710B5406841680830AD
:109D2000FFF71CFC10BDC046F0B5C646070000B5E5
:109D3000FFF7EAFB7B685A89002A25D000269C8918
:109D4000013C002C1CDD00252A0031003800FFF703
:109D5000CDFA2200804631003800FFF7C7FA2A000A
:109D6000030031003800FFF717FB0135220043469E
:109D700031003800013CFFF70FFBA542E4DB7B68B4
:109D80005A8901369642DADB04BC9046F0BDC046E3
:109D9000F8B50600436859895A7A9889FFF7FEFB9F
:109DA000736807005989002918D000259A89002A6C
:109DB00011D00024220029003000FFF797FA2A0072
:109DC000030021003800FFF7E7FA736801349A892D
:109DD0009442EFDB598901358D42E8DB3800F8BD4C
:109DE000F0B55746DE464E464546E0B5436883B07B
:109DF000998907007E2960DC5A7A49005889FFF763
:109E0000CDFB1022904642687B681400019059896E
:109E100098448946597A1034012949D0042955D1EA
:109E20009D89AD001F356D11AB000093537A012B56
:109E30003AD0042B44D193899B001F335B119E00C1
:109E40007B685B7A012B2BD025484B46002B1FD01B
:109E50000023C2469B460F27751E5346002E0FDD7A
:109E6000002219783940415C2170AA421AD0197831
:109E70000911415C6170023402320133B242F0DBFD
:109E800001239C46009BE3449C46E244CB45E4DB33
:109E9000019803B03CBC90469946A246AB46F0BD43
:109EA0001048D2E70134E7E793890733DE10C7E7AC
:109EB0009D890735EB100093B8E700230193E7E78E
:109EC0000126094803F076FE7642B9E7064803F01A
:109ED00071FE019B5A6801235B420093A6E7C046CE
:109EE00038A4020028A4020035030000F8B5436836
:109EF00005005B7A0C00042B00D0F8BD0F2616403D
:109F00008E42FAD0FFF700FB6B68002C24D19989B0
:109F10004A0721D000275A89002A19D0002404E0DA
:109F20006B6801345A89944211DA3A002100280002
:109F3000FFF7DCF90028F3D133003A0021002800B4
:109F4000FFF72AFA6B6801345A899442EDDB99894C
:109F500001378F42E0DBD0E719005868103108283C
:109F6000CBD00F27350108186DB208383A000B78AE
:109F70001A40A24201D1BB4333431A11A24202D17B
:109F80003B402B43DBB20B7001318142EED1B4E791
:109F9000F0B557464E464546DE46E0B585B08246AA
:109FA0000D0017001C000E9E8B4206DB9BE0330069
:109FB0003E001F0023002C001D00A542F7DB2B1BD9
:109FC0009946BB1B984610D14B46002B00D072E03F
:109FD0000F9B320021005046FFF772FB05B03CBCDE
:109FE00090469946A246AB46F0BD4B46002B0ED19B
:109FF0004346002B6ADD0F9B320001934346013339
:10A000000093210001235046FFF7EAFBE6E7002D0D
:10A01000E4DB53465B6803935B899B46A342DDDD2B
:10A02000002C06DA40464946604314F09DFD0024AA
:10A03000361AAB450CDC01235B429C46E3445B468D
:10A04000581B43464946584314F08EFD5D463F1861
:10A05000039B9B899B46BE424ADB9F42BEDA002E91
:10A06000BCDB002F06DA48464146784314F07CFDFD
:10A0700000272D1A5E450CDB01235B429C46E3441E
:10A080005B46981B4B464146584314F06DFD5E46B7
:10A0900024185046FFF738FA4346002B47DB0F9B46
:10A0A0000097019332002B0021005046C1454BDC44
:10A0B000FFF7FAF992E70F9A01330192012221008A
:10A0C000009250463200FFF78BFB87E70F9B42461A
:10A0D000019301239B1A00933A000123210050466B
:10A0E000FFF77EFB7AE73700250016000C0066E7D5
:10A0F0009E4200DB72E7002F00DA6FE7002E06DADF
:10A1000048464146704314F02FFD0026241A5F454F
:10A11000BFDB01235B429C46E3445B46D81B4B46B6
:10A120004146584314F020FD5F462D18B1E75B42CD
:10A1300099450CDD0F9B0097019332002B00210005
:10A140005046FFF781F949E7FFF77EF946E70F9B95
:10A15000009601933A00230029005046FFF7A4F926
:10A160003CE7C04630B51C0083B013B20D14121486
:10A17000009209B201942A00FFF70AFF03B030BD34
:10A18000F0B54F464646D6460500C0B50C00160051
:10A190001F00002916DB0022FFF796F8002811D0D7
:10A1A000089B002B0EDB002219002800FFF78CF81B
:10A1B000002807D0099B002B04DD6B6898465B7A6A
:10A1C000042B04D01CBC90469946A246F0BD7D6885
:10A1D0006B7A042BF6D168890999000414F0C4FC49
:10A1E00043469989099B9B198B4200DD0B0042462F
:10A1F00089001F31491189004C4310321419002E77
:10A2000036DB01D07210A41800212F00AA89089D06
:10A2100092001F325211920010376A43B342D1DDCF
:10A22000BA46924480225202904601220F2594465B
:10A2300010E01211914600226746A256374212D012
:10A240004F462A403F013A43227001340136091833
:10A250009E42B7D057464A14BA5C47463942E8D1C5
:10A260002A409146E7E74F46AA433A432270EDE77A
:10A27000464371420026C8E730B5140083B01D1470
:10A280001BB20A14009309B201952300FFF778FF6F
:10A2900003B030BDF0B5DE46454657464E46E0B504
:10A2A00013898BB002908B4615000020002B01D043
:10A2B00053681868FAF75AF92B890600012B00D861
:10A2C00005E16B685868FAF751F92B890400002002
:10A2D000022B01D96B689868FAF748F92B890700B7
:10A2E0000020032B01D96B68D868FAF73FF92B8956
:10A2F00005900020042B01D96B681869FAF736F92C
:10A300002B8982460020052B01D96B685869FAF722
:10A310002DF92B8907900020062B01D96B689869CD
:10A32000FAF724F92B8980460020072B01D96B68A6
:10A33000D869FAF71BF92B8906906A68082B00D8B0
:10A34000CEE0106A422800D1CEE0002103910A2815
:10A3500000D0D6E0092B00D8BFE0506A422800D1D7
:10A36000CCE0002399460A2804D0002802D0062811
:10A3700000D0BCE043463900180414F0F5FB069BFE
:10A3800001900599180414F0EFFB721E3243631E0E
:10A39000D21723433240DB17B11A23400491E11A4C
:10A3A0000091029908904968F6194889864200DDB3
:10A3B0000600059889898446A44460460590884231
:10A3C00000DD05915146019809044243891ACA43A8
:10A3D000D2171140079A09911704089A5343FF1A9C
:10A3E000FB43DB171F405B465A6853465189434481
:10A3F0008B4200DD0B0007991B048C469846069B98
:10A4000092896344934200DD13001B0406934B467C
:10A41000002B5ED0009B059A934245DA069BBB4217
:10A4200042DDBA46370053461E14049BBB422FDA66
:10A43000099CA0452CDD4B46049DB9461F000CE04D
:10A44000002834D1039B002B13D0019B01359C467F
:10A4500064444D4519D0A04517DD211432005846FB
:10A46000FEF744FF002FEBD1039B002B01D0002807
:10A47000EBD003002900009A0298FEF78DFF019BA4
:10A4800001359C4664444D45E5D13B004F46994615
:10A49000089A009B9446059A01330093E244934244
:10A4A00002D0069B5345BEDC0023994607E0009A84
:10A4B00029000298FEF71AFF0028C6D0B946484680
:10A4C0000BB03CBC90469946A246AB46F0BD00207E
:10A4D000F9E60298FFF718F89CE70023994649E748
:10A4E00000230393994645E70121039132E7FAF7E8
:10A4F0003FFB431E9841C3B299463BE7012399466F
:10A5000038E7884200D125E7062800D122E7FAF78C
:10A510002FFB431E9841C3B203936A682B8919E746
:10A52000F0B557464E464546DE46E0B51E00138957
:10A53000050087B08A4617000020B34202D952684E
:10A54000B3009858F9F788FF0022A84B16F0A4FC36
:10A5500017F078FA3A89731C040000209A4202D955
:10A560007A689B009858F9F777FFA04B002216F005
:10A5700093FC17F067FA3B89023680460020B3420D
:10A5800002D97B68B600F058F9F766FF43462C60A5
:10A590006B60002C00DCF5E0002B00DCF2E02823EF
:10A5A0000022EA54924A934B18F0B8FE002200238E
:10A5B0000090019114F0DAFB002807D0009801996F
:10A5C0008B4A8C4B15F042FD00900191009E019F3B
:10A5D000894A8A4B3000390014F0DCFB002816D081
:10A5E000874A884B3000390014F0CAFB00280ED08F
:10A5F0000098019928230122EA547D4A824B15F0E4
:10A6000025FD7B4A7B4B18F089FE00900191009854
:10A61000019900227D4B16F03FFC18F0A5FA802628
:10A620008C468146360666440022704B484631000F
:10A6300016F032FC17F006FA81460098019918F0DE
:10A640004BFA0022694B16F027FC17F0FBF9534632
:10A6500041465B6883465A896D4E544305949B89F5
:10A66000A44659434B466644340CC0172404DB17F8
:10A6700002910093E11703005A460490200014F061
:10A680001BFC009B0F044A46F9173800984614F04B
:10A6900013FC0904000C084302995D4B8C4663448B
:10A6A0009A46D91743462418240C22040392504694
:10A6B0004A46009314F000FC0904040C0C433619BC
:10A6C000360C3604F1175A46049B300014F0F4FBA4
:10A6D0000904000C08435044000C010488464A4613
:10A6E000009BC917404614F0E7FB240C0904000C3A
:10A6F000084324043618E1175A46049B200014F03E
:10A70000DBFB0904000C08435044000C01048A469A
:10A710004A46009BC917504614F0CEFB039A090421
:10A72000000C0843531E24181343360C240CDB176B
:10A73000360424041340A34254DCB34249DC2B61A9
:10A740007B1E3B43DB173B4053453EDC434533DC3C
:10A750006B61039BD843C0171840A04228DBB0426E
:10A760001EDBF943C917A8610F40574514DB474565
:10A7700010DB059BEF612B62029B6B624B46AB606B
:10A780005B46EB60280007B03CBC90469946A24669
:10A79000AB46F0BD4746ECE757464745E9DAF9E7EF
:10A7A000F9433000C917A8610F405745DFDAF3E7D6
:10A7B0002000B042D5DAF3E743466B61039BD843F0
:10A7C000C0171840A042CADAF2E753464345BFDD3E
:10A7D000F2E733002B617B1E3B43DB173B405345C5
:10A7E000B4DDF2E72300B342A9DDF2E70000F04058
:10A7F000EA2E4454FB211940F4D64354FB21F93F7F
:10A80000320D337F7CD91240FB2109400000E03F2C
:10A810000000FFFFF0B54E464546DE465746E0B520
:10A82000138906009DB0884614000020002B01D03B
:10A8300053681868F9F79AFE23890700012B12D98B
:10A8400063685868F9F792FE736883465A8997429D
:10A8500002DA9B89984208DB1DB03CBC90469946C1
:10A86000A246AB46F0BD0020ECE7022322004146A1
:10A8700011A8FFF755FE119B9946002BECDD129BAA
:10A880000793002BE8DD159B179A0293D31A1B142C
:10A890000092FB42E0D4189A169B00920493D31ABC
:10A8A0005A461B14D342D7D4139B149D01931A9C70
:10A8B000199B30009A4605950A94FEF725FE282339
:10A8C00011AAD35C002B00D180E0002CC4DD7D4AAE
:10A8D00000239446EA170B925A460D924246984638
:10A8E00064440F940C970E9606925346002B65DD38
:10A8F00042460F9B0025981AC117079A030C0904BA
:10A9000019430004D31714F093FA4146019A031433
:10A910000393C917D3174046089314F0CDFA0904DE
:10A92000030C0B4309934B46DB179B46654B534483
:10A930000093009B4A46581BC117030C0904194396
:10A9400000045B4614F074FA011431D4039A06989B
:10A95000FEF712FD071E2BD0099B059AEC18240C5C
:10A9600024040B9BE117200014F0A6FA0904000C44
:10A9700008434044049B000C0004C61A0D9B019A36
:10A980009C463614089BC117664414F095FA0B04D4
:10A99000010C19436118029B090C0904C91A0C9B8C
:10A9A00009149C46320061443B000E98FEF788FE75
:10A9B00080235B029C466544AA45BADC80235B0287
:10A9C0009C460A9BE04443458FDC45E70A9B002BED
:10A9D00000DC41E7079A0023D2170E92059A0B97E5
:10A9E000D21709925A460C92424698460D96039207
:10A9F0005346002B5EDD4346DC1721041B0C194334
:10AA00004346079A18040E9B14F012FA019A031495
:10AA100000934046D3172100069314F04DFA090421
:10AA2000030C0B4308934B46DB179B460025E917A5
:10AA30002B0C0904194328044A465B4614F0F8F924
:10AA4000011431D4009A0398FEF796FC071E2BD010
:10AA5000089B059AEC18240C2404099BE11720009C
:10AA600014F02AFA0904000C08434044049B000C2B
:10AA70000004C61A0C9B019A9C463614069BC1170B
:10AA8000664414F019FA0B04010C19436118029B77
:10AA9000090C0904C91A0B9B09149C463200614435
:10AAA0003B000D98FEF70CFE80235B029C4665443C
:10AAB000AA45BCDC80235B029C460A9BE0444345DC
:10AAC00096DCC9E60000FFFFF0B54E464546DE467F
:10AAD0005746E0B5138980469DB089461400002092
:10AAE000002B01D053681868F9F740FD238907004F
:10AAF000012B14D963685868F9F738FD43465B6841
:10AB000001905A89974202DA9B89984209DB00201A
:10AB10001DB03CBC90469946A246AB46F0BD002015
:10AB2000EAE702232200494611A8FFF7F9FC119B2E
:10AB30009A46002BEBDD129B0C93002BE7DD159B57
:10AB4000179A0393D31A1B140292FB42DFD4189A6C
:10AB5000169B02920993D31A019A1B14D342D6D49E
:10AB6000139B14990293199B1A9A9B4628230491CC
:10AB70000D9211A8C35C002B00D189E0131EC6DD25
:10AB800082480022844663440F93CB170A934346BE
:10AB90000E934B460B975F4693460693002F6FDD4F
:10ABA0005A460F9B0026981AC1170C9A030C0904E9
:10ABB00019430004D31714F03BF95946029A0314C1
:10ABC0000593C917D3175846079314F075F909046C
:10ABD000030C0B4308935346DB1799466B4B98467F
:10ABE0003B00B84457469A4605E080235B029C46EA
:10ABF0006644B24541DD4346981BC117030C090466
:10AC0000194300043A004B4614F012F90114ECD435
:10AC1000059A0698FEF7B0FB0028E6D0089B049A38
:10AC2000F418240C24040A9BE117200014F044F9C2
:10AC30000904000C08435844050C2D04079BE91730
:10AC4000029A280014F038F90B04010C194361181A
:10AC5000039B090C0904C91A0B9B0914C918C4D415
:10AC6000099B0E98EA1A019B12149C466244FEF757
:10AC700083FB0028B9D001204AE75346BA461F009B
:10AC800080235B029C460D9BE3445B4586DC3EE7EC
:10AC90000D9B002B00DC3AE700230C9A0A97D21791
:10ACA0000E92049A5746D21708924246CA469946CF
:10ACB0000B925B46002B61DD4B46DC1721041B0C1D
:10ACC00019434B460C9A18040E9B14F0B1F8029AE3
:10ACD000031405934846D3172100069314F0ECF8AB
:10ACE0000904030C0B430793FB179846002605E065
:10ACF00080235B029C466644B3453FDDF117330C6D
:10AD00000904194330043A00434614F091F8011441
:10AD1000EED4059A5046FEF72FFB0028E8D0079B9B
:10AD2000049AF418240C2404089BE117200014F062
:10AD3000C3F80904000C08434844050C2D04069B85
:10AD4000E917029A280014F0B7F80B04010C194314
:10AD50006118039B090C0904C91A0A9B0914C91834
:10AD6000C6D4099B0B98EA1A019B12149C466244B4
:10AD7000FEF702FB0028BBD00120C9E680235B025E
:10AD80009C460D9BE1444B4593DCC0E60000FFFF71
:10AD9000F0B54546DE4657464E46E0B51389B5B098
:10ADA0000090884615000020002B01D053681868D9
:10ADB000F9F7DCFB2B890600012B2CD96B6858684E
:10ADC000F9F7D4FB022304002A0000991EA8FFF71C
:10ADD000A7FB1E9B0193002B15DD1F9B0693002BE9
:10ADE00011DD229A2499330409928A1A109304924D
:10ADF0009A4208DD239A2599230411928A1A149302
:10AE00000A929A4209DC002035B03CBC9046994633
:10AE1000A246AB46F0BD0020D2E72824209B2A00A2
:10AE20000593219B41461293269B29A81693279BA5
:10AE30001C931EAB1B5D13930523FFF771FB299B2E
:10AE40009A46002BDFDD2A9B1793002BDBDD2F9A20
:10AE50002D9B02921993D31A109AD342D3D4309ACD
:10AE60002E9B02921A93D31A149AD342CBD42C203D
:10AE70002B9B2C990293319B329A99461EAB0391DE
:10AE80001B921B181B5D002B00D100E1131EBADDC5
:10AE90009A480022844663441D93CB170F93434680
:10AEA000D3464F4692460893002F00DCD9E0524625
:10AEB0001D9B0026981AC117179A030C0904194301
:10AEC0000004D31713F0B4FF5146029A03140793FA
:10AED0005046D317C9170C9313F0EEFF0904030C67
:10AEE0000B430B935B46DB179946844B199A9846A4
:10AEF000109BB8449B1A0D931A9A149B9B1A0E939D
:10AF00004B46B9465F46D3469A4616E07B4A1698AA
:10AF100094466044001BC117020C0904114300044D
:10AF2000019A13F085FF041400D4A3E080235B0290
:10AF30009C466644B14500DC90E04346981BC1172F
:10AF4000030C0904194300043A00534613F070FF40
:10AF50000114EBD4079A0898FEF70EFA0028E5D002
:10AF60000B9B0398F418240C2404E31722000F9978
:10AF700013F0A2FF0904000C08435844050C2D04EB
:10AF8000E9170C9B2800029A13F096FF0E9B090408
:10AF90009C46000C08432418240C0D9B2404654493
:10AFA000E418C3D4002DC1DB049BA342BEDD0A9B81
:10AFB000AB42BBDD119B059A9C466544D317E9174C
:10AFC0002800159313F078FF0904000C0843099931
:10AFD000241A8C4664441298240C2404C3170200DB
:10AFE000E117200013F068FF0904000C08432D1A34
:10AFF0002D0C2D04159BE917059A2800189113F0C4
:10B000005BFF0904000C0843069B241A019913985E
:10B01000DB17240C15932404CB17002800D075E708
:10B02000E1170904240C2143019A002013F000FFCA
:10B03000041400D57AE70020189B2D0C1904069AF9
:10B04000159B294313F0F4FE210002140098FEF72B
:10B0500093F9002800D169E70120D5E6DA46BB461E
:10B060004F4680235B029C461B9BE2449A4500DAD4
:10B070001AE7C8E6214A1C9994466144481BC11747
:10B08000030C090419430004069A159BDAE71B9B7D
:10B09000002B00DCB7E600239B4643465746179A31
:10B0A0000793D2171892039AD2170E924B46002B91
:10B0B00000DCCBE05B46DC1721041B0C19435B462C
:10B0C000179A1804189B13F0B3FE029A03149A46B9
:10B0D0005846D3172100089313F0EEFE0904030C21
:10B0E0000B430B93FB17199A9846109B00269B1A4B
:10B0F0000C931A9A149B9B1A0D9318E00000FFFF03
:10B100005D4A169894466044001BC117020C09045E
:10B1100011430004019A13F08BFE041400D49EE046
:10B1200080235B029C466644B14500DC8EE0F1174B
:10B13000330C0904194330043A00434613F078FEF7
:10B140000114EDD452460798FEF716F90028E7D00F
:10B150000B9B039AF418240C2404E1170E9B200087
:10B1600013F0AAFE0904000C08435844050C2D04F2
:10B17000E917089B2800029A13F09EFE0D9B090414
:10B180009C46000C08432418240C0C9B24046544A2
:10B19000E418C5D4002DC3DB049BA342C0DD0A9B89
:10B1A000AB42BDDD119B059A9C466544D317E91758
:10B1B00028000F9313F080FE0904000C084309993E
:10B1C000241A8C4664441298240C2404C3170200E9
:10B1D000E117200013F070FE0904000C08432D1A3B
:10B1E0002D0C2D040F9BE917059A2800159113F0DB
:10B1F00063FE0904000C0843069B241A0199139866
:10B20000DB17240C0F932404CB17002800D077E71A
:10B21000E1170904240C2143019A002013F008FED1
:10B22000041400D57CE70020159B2D0C1904069A08
:10B230000F9B294313F0FCFD210002140098FEF738
:10B240009BF8002800D16BE70120DDE580235B023D
:10B250009C461B9BE3449B4500DA27E7D3E5064A5F
:10B260001C9994466144481BC117030C09041943F7
:10B270000004069A0F9BDDE70000FFFF10B5FFF703
:10B2800009F810BDF0B5DE4657464E464546E0B5D6
:10B2900089B00592129A8B4691465A001100079286
:10B2A0000122521A824690465C1E4AD40123002590
:10B2B0000693049309E0049A0799023290465B1AB8
:10B2C000013C04929844A5423BDC48465946059E01
:10B2D0006B000133721B09190190039300935046D0
:10B2E00001230292FEF77CFA484659466700361B56
:10B2F0000137491901900123320050460097FEF7AB
:10B300006FFA48465946039B091B01900093029A25
:10B3100001235046FEF764FA5B46591B4B460097E3
:10B320000193320001235046FEF75AFA4346002BA0
:10B33000C1DC069B01359C460233E0440693A542DE
:10B34000C3DD09B03CBC90469946A246AB46F0BD71
:10B3500010B5140082B00A14009309B22300FFF75D
:10B3600091FF02B010BDC04630B503AC0025645F4C
:10B3700081604461A41AE517036101605B1A6119D9
:10B38000C2604260036244625A0069408B420BDD36
:10B390000121002C14DB81626400E31A03630023A3
:10B3A0000262446243630AE001236100C362002C2D
:10B3B0000ADB0223141B046302624162436330BD53
:10B3C000494281626442E7E7A41804630262416271
:10B3D0004363F4E7F8B54746CE4680B51C0008AB9A
:10B3E0001D78436816001F005A7A81468846103738
:10B3F000012A30D0042A3FD19989434689001F3160
:10B40000491189004B43F918002E44D10B32002C0E
:10B410001DDDF0231B0100269C460AE0D7B2120175
:10B420000B78013618006840384043400B70B44236
:10B430000DDD6245F2D1A31B0131012B02DCF022AC
:10B440000F27EDE702360D70023BB442F4DC0CBC72
:10B4500090469946F8BD998943460731C9104B4338
:10B460000E32F918002ED2D0F310C918E122F607D7
:10B47000F61732400F32CAE7084802F09BFB4346FA
:10B480000F22F91A002EC2D04B465B685B7A012B63
:10B49000EAD0042BEAD17310C918E7E7350300009E
:10B4A000F0B54546DE4657464E46E0B5B7B0804655
:10B4B00003911C00419D8C4200DBEAE0A94200DCC4
:10B4C000F7E0A54206DB429B409940932B00250004
:10B4D0001C004291429B16B21FB26B462DB20C214A
:10B4E0005B5E3A00009629000CA89B46FFF73CFFE4
:10B4F000409A23B212B29A469146290000921AA8A5
:10B500003A00FFF731FF00965B464A46514628A8AD
:10B51000FFF72AFF43465B6820215A899D8991469F
:10B520008823484604AA5218D0508C2304AA5218E3
:10B53000D55009AB209012901800644A21951395BC
:10B54000C2CAC2C0199A20219200D658279A04A8CC
:10B5500002929200D25841189246A4228A5840463C
:10B560009200D35807959B4601235B420893FDF751
:10B57000CBFF439BDAB243465B685B7A012B00D179
:10B580009EE00F2313401A019B18DBB202934B4637
:10B59000013B1C9F05939C4200DD1C00A7422FDC51
:10B5A00001235B429946EB180493230054469A46C4
:10B5B0004B4607AA0CA9380007950893B04707AA7D
:10B5C0001AA93800A047002F17DB079AAA4214DAFD
:10B5D000089B002B11DB002A01DA00220792AB4204
:10B5E00002DB04990B0008910121891ACB180299FA
:10B5F000404600913900FFF7EDFE01375745D7DD92
:10B600002A9B07AA0493180028A9D8472A9B039FBE
:10B6100004935C1C059B9F4200DD1F00BC4231DC93
:10B6200001235B42994602339A466B1E03933B000B
:10B630005F469B464B4607AA0CA920000795089336
:10B64000B04707AA28A92000B847002C17DB079AA3
:10B65000AA4214DA089B002B11DB002A01DA00222F
:10B660000792AB4202DB03990B0008915146891AFD
:10B67000CB180299404600912100FFF7ABFE013440
:10B680005C45D7DD37B03CBC90469946A246AB46F8
:10B69000F0BDAC4206DD1300409A4093039B039437
:10B6A0001C000EE7429B42921A002B00039D03935D
:10B6B00010E7429B42921A002B000D00039300E713
:10B6C00013405B42DBB2029361E7C0461CA4020058
:10B6D000F0B54546DE4657464E46E0B5C7B01E00BB
:10B6E0001FB2509B0D001BB209B212B280469B469E
:10B6F000039102920EACB54200DBF8E0009320000B
:10B700003B00FFF731FE519B1BB29A46529B1BB286
:10B710009946519B9E4200DBDFE01CAB180004936E
:10B720004B465A46009339005346FFF71DFE539B84
:10B73000539A1FB2549B1BB29B46519B934200DB12
:10B74000C1E02AAB180005935B464A460093514678
:10B750003B00FFF709FE539B9D4200DBA8E038AB9E
:10B760009A465B46029A009303993B005046FFF7C6
:10B77000FBFD43465B6853985A899B89226599462D
:10B78000C0234946E250383BE2503C33E150383B5D
:10B79000E150519BA2616165E161834200DD0300DC
:10B7A000B34200DD33001F00AB4200DD2F00519B90
:10B7B00053998B4200DA0B00B34200DA3300AB42FC
:10B7C00000DA2B00013A0793934200DD07920BAB9E
:10B7D00019004E4A61CA61C1626B40469200D2585C
:10B7E0009346E26E9200D2580292A422A25892008E
:10B7F000D2580392DC22A2589200D65801235B4211
:10B800000A934B460993FDF77FFE559BDAB24346F8
:10B810005B685B7A012B00D172E00F2313401A01A1
:10B820009B18DBB20693079A97423ADC4B46013BE2
:10B83000079323005D464C469B46914601235B429D
:10B840000A9309AA594638000994A84709AA0499F5
:10B850003800029B984709AA05993800039B98472E
:10B8600009AA51463800B047002F17DB099AA242B7
:10B8700014DA0A9B002B11DB002A01DA002209925C
:10B88000A34202DB07990B000A910121891ACB1808
:10B890000699404600913900FFF79CFD01374F455E
:10B8A000CCDD47B03CBC90469946A246AB46F0BDC5
:10B8B00038AB9A46029B5A4600933900039B504688
:10B8C000FFF752FD55E74B462AA800935A465346C8
:10B8D00039000590FFF748FD3DE75B461CA8009343
:10B8E0004A463B0051460490FFF73EFD1FE7029B8E
:10B8F0005A4600933900039B2000FFF735FD02E70D
:10B9000013405B42DBB206938DE7C0461CA40200E5
:10B91000F0B54546DE4657464E46E0B50B89050074
:10B9200085B00C000020002B01D04B681868F8F798
:10B930001DFE23890600012B44D963685868F8F777
:10B9400015FE238907000020022B01D9636898683F
:10B95000F8F70CFE238980460020032B01D9636889
:10B96000D868F8F703FE238981460020042B01D90B
:10B9700063681869F8F7FAFD238982460020052BD1
:10B9800001D963685869F8F7F1FD238983460020DF
:10B99000062B01D963689869F8F7E8FD5B460293C6
:10B9A000534601934B46039000933A0043463100BF
:10B9B0002800FFF775FD05B03CBC90469946A246AD
:10B9C000AB46F0BD0020BAE7F0B54546DE46574627
:10B9D0004E46E0B50B89050089B00C000020002B15
:10B9E00001D04B681868F8F7C1FD23890690012B38
:10B9F00059D963685868F8F7B9FD23890790002082
:10BA0000022B01D963689868F8F7B0FD2389060016
:10BA10000020032B01D96368D868F8F7A7FD2389B4
:10BA200007000020042B01D963681869F8F79EFD10
:10BA3000238980460020052B01D963685869F8F7EF
:10BA400095FD238981460020062B01D963689869FA
:10BA5000F8F78CFD238982460020072B01D9636803
:10BA6000D869F8F783FD238983460020082B01D984
:10BA70006368186AF8F77AFD5B46049353460393AC
:10BA80004B46029343460590019300973300079A73
:10BA900006992800FFF71CFE09B03CBC9046994669
:10BAA000A246AB46F0BD0020A5E7C04610B5042273
:10BAB000FDF774FD041E1CD0426813005268103359
:10BAC000083A032A0BD9190098070AD100209308D5
:10BAD0009B00CB1801C18B42FCD103210A40002AF4
:10BAE00005D000219A18197001339342FBD1200030
:10BAF00010BD024802F05EF8F9E7C046910300006D
:10BB000030B50300032A18D904000C43A40708D059
:10BB10009A180C780131E4B21C7001339342F8D1C9
:10BB200030BD00239408A400CD58C55004339C4276
:10BB3000FAD10319091903242240002AE8D1EFE7BA
:10BB400070B543684A6804000D00588951898842DD
:10BB500000D070BD908999898842FAD1527A5B7A77
:10BB60009A42F6D12000FDF7CFFC696860684A6808
:10BB70001030083A1031FFF7C3FFEAE7F0B5574637
:10BB8000DE464E4645461400E0B54A689B46578956
:10BB90008DB03B1905000E009A46002B2FDD43683F
:10BBA000598900918C422ADA9189080058440390FF
:10BBB000002824DD98890490834520DA527A029285
:10BBC0005A7A91465A46002A21DB5846049A121A9C
:10BBD00006928A4200DDC6E0169A02321DD15A460C
:10BBE00022431AD1029A914517D1009A974214D153
:10BBF000049A914211D131002800FFF7A1FF0020E3
:10BC00000DB03CBC90469946A246AB46F0BD84467A
:10BC100006900398844500DD0690029A012A00D11F
:10BC200022E1029A042A01D000F0BDFE89001F31F2
:10BC300049118A0005924A46012A00D110E1042ADE
:10BC400001D000F0BAFE9A8992001F325211920080
:10BC500001927268103207921022904698445B4617
:10BC6000002B09D06B685B7A012B00D185E0042B97
:10BC700002D15B465B1098444B46042B00D180E018
:10BC8000012BBCD1029B012BB9D16B6842461E002F
:10BC90001036B21A04929A895B7A013A9146012BC6
:10BCA00001D100F06FFE042B01D000F0A6FE002AA7
:10BCB00001D000F0B6FE049B0693002F9FD0072210
:10BCC000594611408946039A08214A449446019BEB
:10BCD00049426343434461449C465B46079807934B
:10BCE000534608928846039382460AE0059B013436
:10BCF0009B46019BDA449B46039BDC449C4200D15B
:10BD00007DE7009BA342F1D9069A049B079E6244FB
:10BD10005546614663449346464501DB00F03EFECE
:10BD20004A460020A146140009E002982843087002
:10BD3000083601313D001000464500DBA4E02A78BA
:10BD40006F1CA2409942F3D35945F1D80012104319
:10BD5000C0B2029016980D780130E6D102980542E3
:10BD6000E6D001204CE7069136E75B46002B01D177
:10BD700000F074FE01235B4201935B46DB109844A4
:10BD80007AE7029B042B00D1A0E0029B012B00D09C
:10BD900035E75B46002B01DA00F0DAFD002F00D119
:10BDA0002DE75A46504207220123594602401940C6
:10BDB0009340012204925A46002A00DA04935B461B
:10BDC000002B01DA00F0DFFC0291029A069B9446F8
:10BDD000012263449B46169B079F1B015BB20393A2
:10BDE000019B91466343434409E0059A013494461C
:10BDF000019A674494466344544500D1FFE6009A93
:10BE0000A242F2D97A1C90463A781D009446029AD2
:10BE10005A45EADA66469C464346A0465C46BB461F
:10BE2000049980204000814223D0080049004F46F9
:10BE30001740304211D000202856002F1ED00F2767
:10BE40003840039F3843287001350132A242E8D1BF
:10BE50005F466346A3464446C7E7002FF5D0F3E7A5
:10BE60009A890732D210F3E60731CA1005924A4682
:10BE7000E2E61E78022101330120D8E70F27B843FC
:10BE8000169F38432870E0E720004C46814608980A
:10BE9000861B002E00DC29E7994200D226E759458F
:10BEA00000D923E748463B78121283401A430823FF
:10BEB0009E1BF733334116981A40D2B20B780130EB
:10BEC00001D100F093FD1A430A700FE7059B9B1008
:10BED0000893002F00D192E69B000593019B5A46E0
:10BEE000634304331F0001231A40049B079E083B51
:10BEF00007935B460993534647440A920693009A78
:10BF0000A24200D8F4E0039B049A1900934200DD9A
:10BF10001100169B002B00DA09E10A9B09983D00ED
:10BF2000002B00D0CEE1089BB846029323000F00FF
:10BF3000B4463400994661E00F26079B16408342C1
:10BF400000DAE5E0002E07D02B1F0F219A461B7860
:10BF50008B431E4353461E700F211609314208D0F1
:10BF60002B1F1E789A4613000E408B431E435346E8
:10BF70001E700F21160A0E4006D0EB1E9A461B7843
:10BF80008B431E4353461E700F21160B314207D0C0
:10BF9000EB1E9B461B7836010B401E435B461E7012
:10BFA0000F21160C0E4006D0AB1E9A461B788B4311
:10BFB0001E4353461E700F21160D314207D0AB1E93
:10BFC0009B461B7836010B401E435B461E700F21BB
:10BFD000160E0E4006D06B1E9A461B788B431E43EE
:10BFE00053461E70120F06D00F216E1E33781201B9
:10BFF0000B401A433270043408300435029B013B75
:10C00000029300D280E02268002895DA0F211609F9
:10C0100031420CD0461C0AD4B74208DD2B1F1E78D3
:10C020009A4613000E408B431E4353461E700F2149
:10C03000160A0E400CD0030002339A4608D4574526
:10C0400006DDEB1E9A461B788B431E4353461E703B
:10C050000F21160B31420DD0030003339A4609D449
:10C06000574507DDEB1E9B461B7836010B401E43F0
:10C070005B461E700F21160C0E400CD003000433DB
:10C080009A4608D4574506DDAB1E9A461B788B436B
:10C090001E4353461E700F21160D31420DD0030072
:10C0A00005339A4609D4574507DDAB1E9B461B78DE
:10C0B00036010B401E435B461E700F21160E0E40CC
:10C0C0000CD0030006339A4608D4574506DD6B1E94
:10C0D0009A461B788B431E4353461E70120F8AD01C
:10C0E000C61D88D4B74286DD7EE74E4657465C467D
:10C0F000059A01349446019A66449446069A674428
:10C10000944200D0FBE67AE5664647464C46EFE7A8
:10C11000002E00D17AE7874200DC77E72B1F0F2142
:10C120009A461B788B431E4353461E706EE7169B40
:10C13000023300D1B5E10A9B09983D00B046002BBF
:10C1400000D051E2B1460E001900089BA3469C4660
:10C15000079B4446BA4698464EE00F271740804555
:10C1600000DAA4E0002F05D00F232F1F3F783B42B9
:10C1700000D0F6E50F2317093B4204D02F1F3F786C
:10C180009F4300D0EDE50F23170A3B4204D0EF1E7A
:10C190003F783B4200D0E4E50F23170B3B4204D02D
:10C1A000EF1E3F789F4300D0DBE50F23170C3B4287
:10C1B00004D0AF1E3F783B4200D0D2E50F23170DCD
:10C1C0003B4204D0AF1E3F789F4300D0C9E50F2308
:10C1D000170E3B4204D06F1E3F783B4200D0C0E5B3
:10C1E000120F05D00F236A1E12789A4300D0B8E5CB
:10C1F0000131043408300435614500D175E7226807
:10C200000028AADA0F2317093B4208D0471C06D49E
:10C21000BE4204DD2F1F3F789F4300D0A1E50F23CE
:10C22000170A3B4208D0871C06D4BE4204DDEF1E2D
:10C230003F783B4200D094E50F23170B3B4208D0D8
:10C24000C71C06D4BE4204DDEF1E3F789F4300D0DA
:10C2500087E50F23170C3B4208D0071D06D4BE42CA
:10C2600004DDAF1E3F783B4200D07AE50F23170D67
:10C270003B4208D0471D06D4BE4204DDAF1E3F78C6
:10C280009F4300D06DE50F23170E3B4208D0871D5A
:10C2900006D4BE4204DD6F1E3F783B4200D060E50D
:10C2A000120FA5D0C21DA3D49642A1DD9AE7002F9C
:10C2B000A8D08642A6DD0F232F1F3F783B42A1D096
:10C2C00001209DE4089BB846029323000F00B4466A
:10C2D000340099465FE00F26079B1640834200DA40
:10C2E000D1E0002E08D02B1F1E789A460F231E4047
:10C2F00013011E4353461E700F2116090E4006D02F
:10C30000EB1E9A461B788B431E4353461E700F212B
:10C31000160A314207D0EB1E9B461B7836010B40B4
:10C320001E435B461E700F21160B0E4006D0AB1E3F
:10C330009A461B788B431E4353461E700F21160CE2
:10C34000314207D0AB1E9B461B7836010B401E4383
:10C350005B461E700F21160D0E4006D06B1E9A46CE
:10C360001B788B431E4353461E700F21160E31421D
:10C3700007D06B1E9B461B7836010B401E435B4665
:10C380001E70120F04D00F232E789E4332432A7062
:10C39000043408300435029B013B029300D2B3E61B
:10C3A0002268002897DA0F2116090E400CD00300EE
:10C3B00001339A4608D4574506DDEB1E9A461B7892
:10C3C0008B431E4353461E700F21160A31420DD077
:10C3D000030002339A4609D4BA4507DAEB1E9B469E
:10C3E0001B7836010B401E435B461E700F21160B57
:10C3F0000E400CD0030003339A4608D4BA4506DA3F
:10C40000AB1E9A461B788B431E4353461E700F216A
:10C41000160C31420DD0030004339A4609D4574517
:10C4200007DDAB1E9B461B7836010B401E435B4667
:10C430001E700F21160D0E400CD0030005339A46D6
:10C4400008D4574506DD6B1E9A461B788B431E4366
:10C4500053461E700F21160E31420DD003000633D5
:10C460009A4609D4BA4507DA6B1E9B461B783601FB
:10C470000B401E435B461E70120F89D0C61D87D429
:10C48000B74285DD7FE7002E8DD087428BDD2B1FE5
:10C490001E789A460F231E4013011E4353461E70FA
:10C4A00081E70A9B099A3D1F002B00D06FE1089B92
:10C4B00038009B4608235B429C468C4463460B93A2
:10C4C00023000C005946B146370002919B46824634
:10C4D00030E00B9B93427EDB0F21C3B29C462E784B
:10C4E0000B408E431E4363460E408B431E432E700B
:10C4F0006E78030A0B408E431E43030B1B010E4054
:10C500001E436E70AE78030C0B408E431E43030D2A
:10C510001B010E401E43AE70EE78030E0B408E439F
:10C520001E430B00000F1E4000013043E87008322C
:10C5300004370435029B013B029300D2D5E53868ED
:10C54000002AC6DA561C08D4B44206DD0F210300C7
:10C550002E788B430E401E432E70961C08D4B44296
:10C5600006DD0F216E78030A8E430B401E436E706A
:10C57000D61C08D4B44206DD0F236E781E40030B90
:10C580001B011E436E70161D08D4B44206DD0F2138
:10C59000AE78030C8E430B401E43AE70561D08D47C
:10C5A000B44206DD0F23AE781E40030D1B011E436F
:10C5B000AE70961D08D4B44206DD0F21EE78030E4E
:10C5C0008E430B401E43EE70D61DB0D4B442AEDD98
:10C5D000EE780F23A6E79442B4DD0F232E789E4316
:10C5E00003401E432E70ADE70023B1460E00190034
:10C5F000089BA3469C46079B4446BA46984655E08E
:10C600000F271740804500DAB1E0002F06D00F2336
:10C610002F1F3F789F4301D0FFF7A3FB0F2317097C
:10C620003B4205D0EF1E3F783B4201D0FFF799FB1C
:10C630000F23170A3B4205D0EF1E3F789F4301D0DE
:10C64000FFF78FFB0F23170B3B4205D0AF1E3F7840
:10C650003B4201D0FFF785FB0F23170C3B4205D06F
:10C66000AF1E3F789F4301D0FFF77BFB0F23170DD1
:10C670003B4205D06F1E3F783B4201D0FFF771FB74
:10C680000F23170E3B4205D06F1E3F789F4301D00A
:10C69000FFF767FB120F05D00F232A78134201D052
:10C6A000FFF75FFB0131043408300435614500D1E8
:10C6B0001BE522680028A3DA0F2317093B4209D0A3
:10C6C000471C07D4BE4205DDEF1E3F783B4201D038
:10C6D000FFF747FB0F23170A3B4209D0871C07D4FB
:10C6E000BE4205DDEF1E3F789F4301D0FFF739FBC7
:10C6F0000F23170B3B4209D0C71C07D4BE4205DDF0
:10C70000AF1E3F783B4201D0FFF72BFB0F23170CE6
:10C710003B4209D0071D07D4BE4205DDAF1E3F785E
:10C720009F4301D0FFF71DFB0F23170D3B4209D09C
:10C73000471D07D4BE4205DD6F1E3F783B4201D046
:10C74000FFF70FFB0F23170E3B4209D0871D07D4BD
:10C75000BE4205DD6F1E3F789F4301D0FFF701FB0E
:10C76000120F9FD0C21D9DD496429BDD94E7002FEF
:10C77000A2D08642A0DD0F232F1F3F789F439BD07E
:10C780000120FFF73DFA00230293FFF71EFB089BF1
:10C79000A1469A4608235B429B468B4458460C00B0
:10C7A000B446B8465146029052E0029B934200DAEA
:10C7B000C1E00F272B783B409A4603019B46534626
:10C7C0005F463B430F272B706B78BB439A460309A8
:10C7D0003B409B4653465F463B430F273B409A46B0
:10C7E000030A1B019B4653465F463B430F276B7072
:10C7F000AB78BB439A46030B3B409B4653465F4690
:10C800003B430F273B409A46030C1B019B46534674
:10C810005F463B430F27AB70EB78BB439A46030D53
:10C820003B409B4653465F463B430F273B409A465F
:10C83000030E1B019B4653465F463B43EB700F279D
:10C840002B79000FBB431843287108320436043596
:10C85000013900D258E43068002AA6DA1300013307
:10C860009A460CD454450ADD0F276B78BB439A4691
:10C8700003093B409B4653465F463B436B701300A6
:10C8800002339A460CD454450ADD0F276B783B409F
:10C890009A46030A1B019B4653465F463B436B7017
:10C8A000130003339A460CD454450ADD0F27AB78A6
:10C8B000BB439A46030B3B409B4653465F463B4374
:10C8C000AB70130004339A460CD454450ADD0F278D
:10C8D000AB783B409A46030C1B019B4653465F4690
:10C8E0003B43AB70130005339A460CD454450ADD24
:10C8F0000F27EB78BB439A46030D3B409B465346BC
:10C900005F463B43EB70130006339A460CD4544504
:10C910000ADD0F27EB783B409A46030E1B019B462E
:10C9200053465F463B43EB70130007339A468CD463
:10C9300054458ADD83E7944290DD0F272B783B40F6
:10C940009A4603019B4653465F463B432B7085E75F
:10C95000102294465B42984673689C446246079254
:10C960005B7A012B65D0042B66D143465B10079A96
:10C9700094469C4463460793102290466B68984403
:10C98000FFF70CFA002A01D1FFF795F94B46DB10AF
:10C99000F6184346F31A0693FFF78FF95746079E9A
:10C9A0000022FFF774FA2F4801F004F901216B68A7
:10C9B00049425A7A0591FFF73FF92A4801F0FAF8FF
:10C9C000102290467368103307936B6898445B7A23
:10C9D000012B01D1FFF7C9F9042B37D0214801F011
:10C9E000E9F801235B420193FFF739F9134201D1C2
:10C9F000FFF77CF90120FFF703F91A4801F0DAF894
:10CA0000049B06934B46002B01D1FFF756F96B6848
:10CA10005B7A012BBAD0049A0692042B01D0FFF75F
:10CA20004CF94B465B10F6184346F31A0693FFF792
:10CA300044F94346DB109AE70A4801F0BBF87368F3
:10CA40005B7A012BF5D0042B96D18EE75B46002B49
:10CA500004D001235B420193FFF70BF9013B0193E3
:10CA6000FFF70AF935030000F0B583B01F0004009A
:10CA70000D001600FCF748FD00233200009329004A
:10CA80003B002000FFF77AF803B0F0BD10B5012499
:10CA900082B064420094FFF771F802B010BDC04646
:10CAA000F0B5C64604000D0000B582B016001F00A8
:10CAB000FCF72AFD63686A685B7A042B02D1537A1B
:10CAC000042B16D0002188465389019192893100A8
:10CAD000009220003A00FCF783FE434600933200A8
:10CAE0003B0029002000FFF749F802B004BC904643
:10CAF000F0BD063BF2E7C046F0B5D6464F46464687
:10CB0000C0B5070088461500FCF7FEFC7868437A3C
:10CB1000012B5BD0042B00D0ACE08489A4001F342F
:10CB20006411A400002D56D143464689002B21DB19
:10CB30001BD005001035B04500DA7AE07443032CB1
:10CB40000BD92B00AA070AD10022A508AD005D1958
:10CB500004C39D42FCD103231C40002C05D00023BC
:10CB60002C192B700135A542FBD11CBC904699466F
:10CB7000A246F0BD5B429A4610239946437A81440F
:10CB8000B24538DB012B50D0042B00D079E08089EE
:10CB900080001F3040118000684374434844032CD8
:10CBA0000BD9030082070AD10022A00880001818C0
:10CBB00004C39842FCD103231C40002CD5D0002391
:10CBC000041903700130A042FBD1CEE784890734F9
:10CBD000E410002DA8D041680830FCF7BFFC040029
:10CBE00000213800FCF742FF2B00424621003800AC
:10CBF000FFF756FFB9E7012B36D0042B4FD1534630
:10CC0000818989001F31491189005943350022006B
:10CC10004544494448466A431CF0FCFA10239946AF
:10CC2000786856468144437AACE780890730C01063
:10CC3000B2E7437A012B12D0042B28D12900808936
:10CC400080001F304011800043465843F21A2818D4
:10CC500062431CF0DFFA7D68464610356EE7808936
:10CC600029000730C010EFE7534681890731C9100A
:10CC70005943CBE701240C4800F09CFF64427868DC
:10CC800050E7094800F096FF0120404284E706483B
:10CC900000F090FF0120796840421031D4E702484B
:10CCA00000F088FF4146B1E735030000F8B5CE46F5
:10CCB0004746040080B500AFFCF726FC63685A7A4B
:10CCC000012A31D0042A33D19D89AD001F356D1161
:10CCD000AD001E002A005C891036013C2B00544335
:10CCE0006A460733DB08DB00D31A9D463419E84651
:10CCF000B44214D96B42994631002A004046FEF7EF
:10CD0000FFFE21002A003000FEF7FAFE761920000F
:10CD10002A0041464C44FEF7F3FEA642ECD3BD4642
:10CD20000CBC90469946F8BD9D890735ED10D0E7BB
:10CD3000114800F03FFF63681E005C895A7A103684
:10CD4000013C012A09D0042A0DD00B4800F032FF23
:10CD500001235B421D001A00C1E701259A896D423B
:10CD60000732D210BAE701259A896D4292001F322C
:10CD700052119200B2E7C04635030000F0B5D64626
:10CD80004F464646C0B54368040058897E2835DCC6
:10CD90005A7A99894000FCF701FC636845681E00D7
:10CDA0005A7A8146103610355F89012A22D0042A2A
:10CDB00027D19C89A4001F346411A400002F13D034
:10CDC0007B1C984663009A46012731002200280008
:10CDD000FEF796FE0137281931002200FEF790FE7B
:10CDE000361955444745F0D148461CBC90469946F3
:10CDF000A246F0BD9C890734E410DFE70023994682
:10CE0000F2E70124024800F0D5FE6442D6E7C046AE
:10CE10003503000070B5FFF7B1FF0400F8F73EFFDF
:10CE20002000FCF7DDFF05002000F8F749FF28008F
:10CE300070BDC04670B50500FCF7D8FB00281BD0BC
:10CE40000C20F8F785FD041E06D00C4B45600360EE
:10CE500000238360002D0BD02000F8F71FFF200077
:10CE6000FFF7D8FF05002000F8F72AFF686870BDBB
:10CE7000034800F09FFEEFE70020F8E764A40200FB
:10CE800035030000F8B50400FCF7B0FB071E2DD1F8
:10CE90002000FCF7D1FB002838D063680020191D62
:10CEA000F6F71EFC8723210005000372227A783BE7
:10CEB00013404372637A0C314381A37AC781838123
:10CEC000636810301A1FFEF71BFE2800F8F7E6FE15
:10CED0000C20F8F73DFD061E03D00D4B45600360A6
:10CEE00087602800F8F7ECFE3000F8BD0C20F8F75A
:10CEF0002FFD061E0AD0064B4460036000238360AA
:10CF0000002CF1D1034800F055FEEDE70026EBE7D9
:10CF100064A4020035030000F0B50D0083B00400E6
:10CF200016001F00FCF7F0FA2800FFF7ABFF0028FF
:10CF300003D043685B7A012B01D003B0F0BD010040
:10CF4000331432B200972000FEF718FEF5E7C04612
:10CF500010B5FFF797FF10BD30B5032A10D90400B4
:10CF6000830717D10D026D182B04ED1893089B0051
:10CF7000C31820C4A342FCD10324224003D130BDF6
:10CF80000300002AFBD0C9B29A18197001339A42E3
:10CF9000FBD1F4E70300F6E782B030B5040085B0BA
:10CFA000089202A808220993FEF7AAFD039B5A10D3
:10CFB000A418DB0710D52368029A9D580AA90822F5
:10CFC0006846FEF79DFD089A099B2000A84705B01A
:10CFD00030BC08BC02B01847029DEFE782B000B534
:10CFE00085B0069200220793054B0721C254012306
:10CFF000044A68460BF040FB05B008BC02B0184775
:10D000001902000092100000F8B51C0005000F0086
:10D0100016000B0A19D1330C1CD12B00AA780C3343
:10D020009B182A00211DFC32D21A914216D89E70FC
:10D03000E4B2360A1C705F70DE70181D03230734DB
:10D040009C43AB78E418AC70F8BD054800F0B2FD25
:10D05000330CE2D0024800F0ADFDDEE70020F3E73C
:10D060008F03000010B5044BC35C002B03D00349B1
:10D07000072005F0B7FA10BD190200009210000059
:10D0800010B52030FFF7C0FF041E01D0200010BDF6
:10D09000014800F08FFDF9E78F03000010B5040090
:10D0A000C06884B0002803D0036800211B6898473B
:10D0B000A0682300026821000294064C1D330194ED
:10D0C000FC2400941469FF332031FC22A04704B0F3
:10D0D00010BDC046B9D50000F0B54546DE465746FE
:10D0E0004E46FF23E0B5CA6885B09A4304000D00A0
:10D0F000131E2ED10800097B10308910013301293D
:10D1000020DD644A644D9246023A9046634A644E7A
:10D110009146644A644F94460AE0B24200D16FE0FF
:10D12000BA4201D15246A3540133DBB28B4209DA31
:10D130009A001258AA42F0D16246A3540133DBB2DE
:10D140008B42F5DB05B03CBC90469946A246AB4607
:10D15000F0BD802212049342F4D04E4A4B7B825C95
:10D160009A4262D04F4A825C9A4252D08727BF00CF
:10D17000C15D9942E6D84949415C9942E2D34B4BA3
:10D18000E9899942DED1102398462B7BA844434479
:10D190009A4601230026B9469B46C24512D943460A
:10D1A0001F785B781F2B4ED9082F5AD03B00093BC4
:10D1B000012B69D97B1E062B54D902239C46E044DF
:10D1C000C245ECD889239B00E358B342BAD000256E
:10D1D000012707E0002B37D0892301359B00202D44
:10D1E00055D0E3583A00AA4013401642F2D1002B22
:10D1F000F2D0AAB201232E4968460BF03DFAEBE7C4
:10D200004246A25C002A01D14246A3544A46A35496
:10D210008AE7CB89274A934231D0274A934200D0EC
:10D2200090E70A8A254BC2528CE78422CB895201AF
:10D23000934210D01F4A934200D083E78D230A699E
:10D240009B00C2507EE7FEE7AAB201331C49684644
:10D250000BF012FAC0E78E220B6992009B0A8352F0
:10D2600070E707274A466B7BA25C9A1AD3009B1A89
:10D27000DB19002BA1DD5A469A4016439DE788230F
:10D280000A8A9B00C2525DE704F0EAFA92E7E65090
:10D2900058E7C0461E020000E536FA161D020000DF
:10D2A0006EA0EA1D1B0200000636C61F0111000019
:10D2B000020800008111000082110000220200001B
:10D2C00003080000F0B5CE46474680B50400C068AC
:10D2D00085B0002803D0036801211B68984704F03B
:10D2E000A3FA206903685B689847A74B002800D120
:10D2F000A1E00022E25404F089FA2000A34D0E229E
:10D3000000212230FFF728FE2584F9F753FA8E23F7
:10D3100060625B00A162E15A9D4B994245D0A942EF
:10D3200040D18F235B00E35C002B3ED0032325001C
:10D3300026009946013B98461D352936FF35FF36B4
:10D3400029002000FFF7C8FE4A46287BAB78C11DA4
:10D3500091438B4229DD021DAF183F7BFF2F00D187
:10D36000A9E04046EA788243EA706A18127B944644
:10D3700004328F18BB4200DAD8E00F0000230C37CC
:10D38000EF19F858F05004339A42FADCFF23AA1838
:10D39000604613734A46634607309043EB184118C2
:10D3A0005974CDE77B4804F02DFD7B4BE15C0029EF
:10D3B00046D02500E3692035002B61D0822240232E
:10D3C00092012800FFF720FE061E00D1BEE0402299
:10D3D000E1693000FEF794FB0023E3616E4B81228C
:10D3E000E15C28000823FFF70FFE061E00D1B1E024
:10D3F000082221003000FEF783FB674B2800E15C28
:10D40000664A0123FFF700FE051E00D1A6E0644B2B
:10D410006421E35C1802C01A11F0A6FB614B28706E
:10D42000E35C002B15D12000FFF738FE05B00CBCE3
:10D4300090469946F0BD0122E25404F0E7F9F5E781
:10D44000002300222000FFF71BFE2000FFF726FE2E
:10D45000ECE7F9F7B7F98B239B00E258002A6BD170
:10D46000043BE3588B229200A0500C32A25A5B007E
:10D470009B0A53438C229B0A9B009200A350D2E745
:10D480006669002E23D086239B00E35C9E4251D820
:10D49000280033008322FFF7B7FD051E62D032005B
:10D4A000A1692800FEF72CFBA3699B19A36163699E
:10D4B0009E1B6661B7E72818417C8B4200DC74E74D
:10D4C0008A4200DA4DE7384804F09CFC6DE7354BA2
:10D4D000E15C002923D01633E258043BE3589A421A
:10D4E0001DD29B1A86229200A65C9E4200DD1E0081
:10D4F000280033008022FFF787FD051E3FD08E23D2
:10D500009B00E25A71102800FBF716FE071E2DD073
:10D510008D239B00E25894466644E65083E701233E
:10D52000224A072168460BF0A7F87FE7204804F05D
:10D5300069FC3AE71E00ABE78A21890065582B0198
:10D540005B1B9B1A1B181B0963508BE7194800F0E3
:10D5500031FB3CE7174800F02DFB49E7154800F088
:10D5600029FB54E7134800F025FB98E7320000211F
:10D570002800FFF7F1FC8C239B00E75053E70D4890
:10D5800000F018FBBBE7C0461A020000CD7A00008D
:10D59000CDB3000094A402001B0200000120000093
:10D5A0003A0200001E020000ACA40200931000002A
:10D5B000C8A402008F03000010B5FFF783FE10BD62
:10D5C00082B010B50393054B0292C35C002B01D0CF
:10D5D000FFF778FE10BC08BC02B018471A02000022
:10D5E000F8B51D0004000F001600EB0701D4002D54
:10D5F00032D11D4800F0DEFAA388B34202D1E3889D
:10D60000AB4202D0184800F0D5FA184BE35C002B6F
:10D6100025D16388002B03D0154AA25A9A4219D902
:10D620000122124B6D08E2542900EC2011F012FA8D
:10D63000862368439B00E05420007543069B656188
:10D64000A761E3612030FC220021FFF785FC200068
:10D65000FFF738FE0020F8BD002ACDD1C9E7024807
:10D6600000F0A8FAD5E7C0468F03000019020000B9
:10D6700022020000F0B557464E464546DE46E0B56C
:10D6800083B01F000EAB1E880C9B814698460D9BF5
:10D690000D0093469A46002F3FD04346002B39D0C9
:10D6A0000F2D01D1C02E38D128201BF084FD04009D
:10D6B00010300BF003F85B461820258063801BF0C8
:10D6C0007AFD434605000093534607600822002177
:10D6D0000C300193FFF740FC08226946281DFEF735
:10D6E0000FFA134B02226B610023E3602362636233
:10D6F0004B461B681643A560A6805B682100484620
:10D70000984700280BD103B03CBC90469946A246EE
:10D71000AB46F0BD5346DB07C2D40648F3E7200012
:10D7200005F058F920001BF037FD0348EBE7C04631
:10D7300099CF000017FCFFFF16FCFFFFF0B50400B7
:10D740000025C260642281601E002361234B89B0E2
:10D75000C554234B0595C554224B234FC554013363
:10D76000C554224BC554224BC5540633C550214BDA
:10D77000C254063B204AC5500433C2521F4A103BD4
:10D78000C2501F4A043304921022C55002926A46C6
:10D7900004AB03CB03C223001A4A38680721FFF702
:10D7A00069FF336801219B6830009847164A386842
:10D7B0000692C02202926A46079506AB3189A0CB39
:10D7C000A0C223000222FFF755FF33680221DB6C61
:10D7D00030009847200009B0F0BDC0461902000093
:10D7E0001A0200001B020000E80A00201D020000CF
:10D7F0001E0200003A02000044ACFFFFBC660000BD
:10D80000DDCF000093100000C1D50000F0B5C64682
:10D81000050000B50F001600002414E02100640884
:10D82000434668681940C9B24B1E994103681B689A
:10D8300098472868012103681B68984728680021D9
:10D8400003681B689847002CE8D1002E06D03B786F
:10D85000013E9846013740248021E1E704BC904610
:10D86000F0BDC04670B5040080680E00036800215A
:10D870001B6815009847E068002803D00368002162
:10D880001B689847012231002000FFF7BFFFA06806
:10D89000012103681B6898476A1E002A03DD711C7A
:10D8A0002000FFF7B3FFE068002803D003680121E0
:10D8B0001B68984770BDC046F0B587B001AD060043
:10D8C0000F001400002114222800FFF745FB2C2331
:10D8D0000122290030002B70FFF7C4FFB06801213E
:10D8E00003681B689847F068002803D0036800218C
:10D8F0001B6898473B113A122B703B011343621C83
:10D9000052106B70AF70541E002A06D003222900FB
:10D910003000FFF77BFF013CF8D2F068002803D00D
:10D92000036801211B68984707B0F0BDF0B5C646F3
:10D9300000B5804688B00C00802714E06A46657800
:10D94000A61C2C0013706B46BC4322003100581CEF
:10D95000FEF7D6F86DB2621C69464046FFF782FFBB
:10D960003419002D06DB2378002BE7D108B004BC66
:10D970009046F0BD2278651C5001801A8000801806
:10D98000C00003F05FFF2C00EDE7C046F0B5C646CF
:10D9900000B584B05C1E0A9B06005D1E88465519C2
:10D9A0001700002103226846FFF7D6FA6A462B23A8
:10D9B00013706B4642469A706A46444423121471AF
:10D9C00002ACD370002103222000FFF7C5FA2A23FE
:10D9D0002100237030002B120522E370A7702571FF
:10D9E000FFF740FF052269463000FFF73BFF04B018
:10D9F00004BC9046F0BDC04630B583B00500362368
:10DA000068460370B12301AC2370130C417063703E
:10DA1000E270130A694628000222A370FFF722FF72
:10DA2000E2782100FF3A531E9A4128000332FFF7A3
:10DA300019FF03B030BDC046012170B54942040052
:10DA40002220F6F7C3FBF9F71DFF01216060494270
:10DA50002020F6F7BBFBF9F715FF012120604942B2
:10DA60002320F6F7B3FBF9F70DFF0121E0604942EF
:10DA70002420F6F7ABFBF9F705FF0121A06049422E
:10DA80002C20F6F7A3FBF9F7FDFE01210600494221
:10DA90002B20F6F79BFBF9F7F5FE0500E068002860
:10DAA00003D0036801211B689847A068012103681F
:10DAB0001B689847002E04D0336801211B68300092
:10DAC0009847002D0FD02B6800211B68280098472D
:10DAD000144803F0B7FE2B6801211B682800984703
:10DAE000104803F0AFFE40212720F6F76FFB0E49E8
:10DAF00005002820F6F76AFB06000C492000FFF716
:10DB000015FF3200E9B22000FFF776FFA0212520A3
:10DB1000F6F75CFB802120822620F6F757FB608217
:10DB200070BDC046204E00000306000020A5020084
:10DB3000F0B557464E46DE464546E0B51E00142376
:10DB40009C46B444634685B00393032393468A00FE
:10DB50005118164A8146904601279A468844434602
:10DB600000241D782B0023411F4210D10134052CC5
:10DB7000F8D101239C46039B0436E0449E42EED13B
:10DB800005B03CBC90469946A246AB46F0BD534614
:10DB9000A10059440093320048460323FFF7F6FEE4
:10DBA00009220E994846FFF787FEDFE7E8A4020046
:10DBB0007047C04670B5050088B072B603F034FEF9
:10DBC0002900564804F01EF972B6554C2378002BF4
:10DBD00000D0FEE7F7F7B4FE0121012349422220DD
:10DBE0002370F6F7F3FAF9F74DFE002841D003ACA5
:10DBF0002000FFF721FF628A238A00210092200083
:10DC00000022FFF7C3FE238A628A00215A432000C4
:10DC1000FFF752FEF023FF261B01462200930A2144
:10DC200014232000FFF784FF6421280010F09CFFDC
:10DC300036010A2111F07EF83C23322220000096A2
:10DC4000FFF776FF0A21280010F08EFF0A2111F05D
:10DC500071F83C234A2220000096FFF769FF0A2151
:10DC6000280011F067F800963C2362222000FFF79D
:10DC70005FFF2800FFF79CFF01210D204942F6F7C6
:10DC8000A5FAF9F7FFFD0400002C00D1FEE70325FB
:10DC9000236801211B6820009847224803F0D2FD29
:10DCA000236800211B6820009847013D1D4803F0B0
:10DCB000C9FD002DECD11C4803F0C4FD03352368D9
:10DCC00001211B6820009847184803F0BBFD23681A
:10DCD00000211B6820009847013D124803F0B2FD67
:10DCE000002DECD1104803F0ADFD03352368012170
:10DCF0001B68200098470B4803F0A4FD236800210F
:10DD00001B6820009847013D064803F09BFD002D4D
:10DD1000ECD1074803F096FDB6E7C04634A50200F3
:10DD20000C0C0020A0860100400D0300E0930400CD
:10DD3000C0270900F0B54546DE4657464E46E0B5D9
:10DD4000B84D87B02C68002C07D0200007B03CBC31
:10DD500090469946A246AB46F0BD01212220494299
:10DD6000F6F734FAF9F78EFD002800D1F9E06820C3
:10DD70001BF021FA002104002920F6F727FA4021A0
:10DD8000030E059027209A46F6F720FAA6490600CA
:10DD90002820F6F71BFAA54903904E20F6F716FA4D
:10DDA000002360220121A3544942A3608046212020
:10DDB000F6F70CFAF9F766FD9D4B8146984500D1C0
:10DDC00026E180235B0433400493002399465346A5
:10DDD000002B00D1F9E09748FFF7ECFE0027934BAA
:10DDE000984500D180E1944B984500D198E1904B43
:10DDF000984500D1B7E08F48FFF7DCFE049B0399FC
:10DE00005A1E93415E225B421B021B0A6366330A61
:10DE1000A354330C0132A354FF231A009946324015
:10DE20004346864803F0EEFF002F27D04946059B66
:10DE3000194000D1C7E04A01521A93019B1ADB0036
:10DE4000591889013B6838001B6898473B680822CD
:10DE50005B68002138009847012123204942F6F7EA
:10DE6000B5F9F9F70FFD002803D0036801211B68FD
:10DE700098473B6800219B683800984701212B2078
:10DE80004942F6F7A3F9F9F7FDFC071E0ED0036827
:10DE900000211B689847142004F07EFB3B68012199
:10DEA0001B6838009847142004F076FB6368002B49
:10DEB00015D001212C204942F6F788F9F9F7E2FC48
:10DEC000002803D0036801211B6898476068036835
:10DED0001B689847F1B2039A606809F0D9FBA0214A
:10DEE0002520F6F773F958268021A0532620F6F74F
:10DEF0006DF95A2283B26768A3520232A352002FEF
:10DF000050D05E21A35B06040332360CA25C615C38
:10DF10003800009609F096FB5F205E235A265827AA
:10DF2000205CE35CA25BE15B0090454803F06AFF84
:10DF30006023E35C002B40D1E35BA05B4343D80F3D
:10DF4000C01840101430F7F7D3FD002620652000DC
:10DF5000666501215430F7F789FE4D232C60E654A5
:10DF6000F3E62C68F1E60023012163604942232097
:10DF7000F6F72CF9F9F786FC012182464942242064
:10DF8000F6F724F9F9F77EFC81468F2080001BF01C
:10DF900012F983464B4652463900FFF7CFFB5B46EA
:10DFA000A3602BE75F21605CA15B5E26A268A65D93
:10DFB000508016809180D380AEE7E35BA05B5B105E
:10DFC00040104343BBE71F493CE70121222049425F
:10DFD000F6F7FCF8F9F756FC012182464942202069
:10DFE000F6F7F4F8F9F74EFC83464C201BF0E3F803
:10DFF0005B464A46514607000EF076F908201BF0B2
:10E00000DAF88146390009F083FB4B462360E6E6E7
:10E010000D4803F0F7FE80239B043340A3461C0009
:10E020001AE0C0467805002003060000371E0000F5
:10E03000921000008F0300007D240000A8A50200BC
:10E04000D8A50200C0E1E4004CA50200643004F051
:10E05000A3FA002C00D082E001212B204942F6F7E0
:10E06000B5F8F9F70FFC071E0ED0036800211B68F6
:10E0700098470A2003F0E6FB3B6801211B68380043
:10E080009847032004F088FA1120F9F70DFE0028C4
:10E09000DCD001000700474803F0B4FE464B5C4665
:10E0A0009F427FD0C0239E43BB0661D580210E4393
:10E0B000FF057F0F022F6CD0032F63D0012F5AD0A2
:10E0C0003E48FFF777FD80235B0433400493039BB6
:10E0D000320039003A4803F095FE20230593394B6E
:10E0E00098460023994672E6012123204942F6F71B
:10E0F0006DF8F9F7C7FB0121824649422420F6F763
:10E1000065F8F9F7BFFB814630201BF054F88346D1
:10E110004B465246216808F0ADFE5B4663606DE6F3
:10E12000012123204942F6F751F8F9F7ABFB012111
:10E13000824649422420F6F749F8F9F7A3FB8146C5
:10E1400030201BF038F883464B465246216807F0D2
:10E150008FFA5B46012263606023E2544EE61A4860
:10E1600003F050FE80235B0433405C460493B6E723
:10E1700040210E439CE780235B0433400493134B00
:10E180000393A4E780235B041E4304930F4B039384
:10E190009DE780235B043340049308231E430C4B0C
:10E1A000039394E7F9F7B6FD80235B0433400493AF
:10E1B0000DE6C04678A50200FFFF01008F030000B6
:10E1C00084A50200371E000060A5020003060000BF
:10E1D000FF140E0010B5FFF7ADFD002804D08368D2
:10E1E0000120002B00D010BD01212C204942F5F761
:10E1F000EDFFF9F747FB431E9841F4E770B50500C2
:10E200006424642802DCC443E4170440FFF792FD51
:10E21000002805D08368002B02D0184A9C5470BD9A
:10E2200001212C204942F5F7D1FFF9F72BFB061EFF
:10E23000F5D0002D1CDD632D15DCFFF7CBFF00288A
:10E24000EDD0FA216443336889005B6E3000984753
:10E25000A002001B0A4910F087FC33680100DB684C
:10E2600030009847DBE7036801211B689847D6E731
:10E27000036800211B689847D1E7C0463A020000B6
:10E2800010270000F8B50700FFF754FD041E17D053
:10E290007B68302B15D13A002500666E08320C35AC
:10E2A0003837137851781B0409020B4391780332F5
:10E2B0000B43734008C59742F3D14C230122E2542B
:10E2C000F8BD0248FFF776FCE5E7C0468F03000083
:10E2D00030B583B00500FFF72DFD002803D0602383
:10E2E000C35C002B01D003B030BD5A33C45A023393
:10E2F000641BA4B2C4520233C15C45680133C25CE2
:10E30000073BC35A002D05D180680180428083807D
:10E31000C480E8E70094280009F094F9E3E7C046D8
:10E3200010B50400FFF706FD002802D0002C00D035
:10E33000446510BDF0B583B00500FFF7FBFC041E7B
:10E3400000D196E04D23C25C002A00D091E001325A
:10E35000C2541333C35C5A1E93410133002D2ED097
:10E360006A68517A042906D158205189205A5943A4
:10E37000814200D1A6E06248FFF71CFC60680028DB
:10E3800000D178E008F0DAFE4C232600E25C0C367F
:10E39000002A00D173E00022E2546968206D4A68C7
:10E3A0001031083AFDF7ACFB6B6860685A89216D43
:10E3B0009B89002800D168E0009608F0DFFF636DBC
:10E3C000002B53D06023E35C002B4FD16068002802
:10E3D00000D18CE008F0B2FE656D69684B7A042BC1
:10E3E00008D15C225633A25AE35A9B1A8A89934277
:10E3F00000D16FE04248FFF7DDFB69684A68206D95
:10E40000083A1031FDF77CFB6068002848D05C2397
:10E410005A265F225E21E75AA65BA25C043BF61BEC
:10E42000E35A615CD219009609F00CF96B686068D8
:10E430005A89216D9B89002853D00025009508F04A
:10E440009DFF6068002856D008F078FE5E235C25AA
:10E45000E15C60680133E25C073BE35A655B0028DE
:10E4600018D0009509F0EEF8002363654D230022D3
:10E47000E25403B0F0BDA068FEF7F4FD84E7A368A2
:10E480005A1E93415B421E4087E7A0680096FFF743
:10E49000A7F894E7A068018042808380C580E3E705
:10E4A0005C225E27A05A0332A15C073AA65A0232C8
:10E4B000A25AA368E75D0918121A1F8059809E802E
:10E4C000DA80B3E7928953435C22A25A934200D088
:10E4D00051E753E75823E25A4B899A4200D089E723
:10E4E0008CE7A56800902800FFF77AF8A9E7A068F4
:10E4F000FEF7B8FD70E7A068FEF7B4FDA6E7C046DA
:10E500008F0300007047C04610B5083005F0F6FFD5
:10E5100010BDC04610B5083006F006F810BDC04664
:10E5200010B5083005F02CFE10BDC04600B583B014
:10E5300008300023012201A905F0AAFD002802DB12
:10E5400003D06B46187903B000BD0148FBE7C04615
:10E550000CFCFFFF70B50830050005F0FBFF010063
:10E560000020F5F7BDF8040026000836F7F796FB03
:10E57000002362683100280005F08AFD0C4B9842A8
:10E580000BD0002809D06368250098420AD001000A
:10E590003000F5F7A5F8050004E000210020F5F7AC
:10E5A0009FF805002000F7F78BFB280070BDC046E0
:10E5B0000DFCFFFF10B5002905D04A68083008316E
:10E5C000022305F0FBFC10BDF8B50500083504007A
:10E5D00028000E00170005F0BDFFC1B2280005F0AD
:10E5E0008DFF3A003100A0891023F8F7FDF9F8BD3E
:10E5F00030B50D00040083B0102380890121F8F7A5
:10E60000F3F9E9B268460AF015F9694601A80AF07B
:10E610003BF92000002201A9083005F017FE01A8EF
:10E620000AF0D6F868460AF0D3F803B030BDC04609
:10E63000F8B54746CE461D4B80B51C6805000E0058
:10E6400017009846002C03D10DE0246E002C0AD050
:10E6500023689D42F9D163689E42F6D120000CBC2C
:10E6600090469946F8BD64201AF0A5FD0823994606
:10E6700081440400056046603200290048460BF0E2
:10E68000DBFB0023BFB22366002F0BD0E121A78163
:10E690004902484605F074FD43461B68236643461D
:10E6A0001C60DBE708F0F0F80700EFE77C050020CE
:10E6B00070B54260016008301D00040005F070FD77
:10E6C0002900200005F05CFD70BDC046F8B50400CF
:10E6D0001500A267E36774221F00002321608354A2
:10E6E000194A4360C2617622C3608360036143615B
:10E6F0008361C3620367835280230E009B029F42A3
:10E700001ED8336829001B6830009847431E1D42FD
:10E7100005D10100380010F023FA00290BD00B4876
:10E72000FFF748FA0A4D2B88002B02D108F0ACF80D
:10E7300028802000F8BD0128F1D9C307F2D5EEE703
:10E740000248FFF737FADCE7806967FF9A030000A9
:10E75000040C0020F0B5C646904600B507000068DE
:10E760000C00036888441B689847431E06001C423F
:10E7700022D1A0451DD93868210003681B6898473D
:10E78000B04202D00E48FFF715FA3868210003683E
:10E79000A5195B689847002E08DD2378FF2B02D06F
:10E7A0000748FFF707FA0134AC42F6D12C00A04528
:10E7B000E1D804BC9046F0BD0148FFF7FBF9D8E76B
:10E7C0009A03000010B5C26F816FFFF7C3FF0248C4
:10E7D000FFF7F0F910BDC0469A030000F8B5816F4D
:10E7E000C36F04005E08284A08688D192F6890429C
:10E7F00033D00020974200D0F8BD6A689342FBD125
:10E800002900AD1928006160E5600838036801330C
:10E81000FBD1020008322261031D4068013003D1A0
:10E82000043B18680130FBD007200B338343A360FF
:10E830001868013002D15868013006D02000FFF777
:10E84000C1FFE56861682269A3685B1A521A0F4824
:10E85000691A03F0D7FA0120CEE74A68874203D04D
:10E860009342CFD00020C7E768688342F8D1934233
:10E87000C6D18A68AB68501C9842C1D0581C8242ED
:10E88000C0D09A42BED8BBE7DAE0767758A602003D
:10E8900070B5C16A0500002900D170BD2A0000686A
:10E8A000303203689C684023A047002812D100241E
:10E8B00023003033EB5CFF2B06D0EA6A125D9A42EC
:10E8C00002D02800FFF77EFF0134402CF0D1002356
:10E8D000EB62E2E72800FFF775FFE8E7F8B54E4680
:10E8E00057464546DE468146E0B590460F001E1E5F
:10E8F00025D030234B449A463F239B464B465D46EA
:10E90000DB6A3D407C1BA34209D04846FFF7C0FFAD
:10E910004022FF215046FEF71FFB4B46DC6240249D
:10E92000641BB44200D93400280041465044220000
:10E93000FDF7E6F8361BA0443F19002EDED13CBCA3
:10E9400090469946A246AB46F8BDC046002370B536
:10E95000040083614361006F84B0002806D003681F
:10E9600023671AF019FC206F0028F8D1144803F02F
:10E9700049FA0123E06F5B42A16F0393420802331F
:10E9800002938B180F4D1E68AE4211D02000FFF786
:10E99000E1FE0C4B6A460093E36FA16F01932000E8
:10E9A0001023FFF79BFF2000FFF772FF04B070BD3C
:10E9B0005D68A842EAD19B6801330293E6E7C0464E
:10E9C00048A60200DAE07677F8B5056F06004C88B5
:10E9D0000423CF5E002D28D02800021D002303E071
:10E9E00001330232202B0AD01188A142F8D1002F26
:10E9F00019DB5B000022C31801209A80F8BD006873
:10EA00000028EAD1002F12DA2A1D002303E0013387
:10EA10000232202B0DD011880029F8D15B00ED18AF
:10EA2000AC800020EAE70120E8E7002F04DB0020AB
:10EA3000E4E72D68002DE7D144201AF0BCFB050067
:10EA40003E2206300021FEF787FA336F002035673B
:10EA50002B60AC80D2E7C04610B542680123002A83
:10EA600002D1FFF7BBFE0300180010BD10B54368CC
:10EA70000400002B00D010BDFFF7B0FE0028FAD133
:10EA80002000FFF763FF6368002BF4D12000FFF73D
:10EA9000A5FE0028EFD12000FFF794FEEBE7C0466B
:10EAA000742370B5C35C0400002B08D07425074E96
:10EAB0003188074803F096FD635D002BF8D174237D
:10EAC00001222000E254FFF7D1FF70BD040C0020AA
:10EAD000FF030000742310B5C35C84B00400002B56
:10EAE00002D10948FFF766F82000FFF7D1FE742332
:10EAF0000022E254054B06491A886846012309F0B2
:10EB0000BBFD04B010BDC0469A030000040C0020F9
:10EB1000FF030000F8B5CE46474680B50700080061
:10EB200088461AF0D8FB01004046F6F79FFA050C1C
:10EB3000454040461AF0CFFB3C690130FE6883B285
:10EB4000ADB29946B44203D314E00834B44211D2B2
:10EB50002388AB42F9D17B6860889C464A46604472
:10EB600041461AF048FB0028EFD120000CBC90462B
:10EB70009946F8BD0024F8E7F8B50C00050016002A
:10EB80001F00FFF78DFF002C1ED021002800FFF78B
:10EB9000C1FFA861002819D0C188002916D0848837
:10EBA0006404640C002E08D02200BC420AD86B68B2
:10EBB00030009C466144FCF7A3FF2800FFF78AFF62
:10EBC0002000F8BD3A00F2E7A869E3E701246442B7
:10EBD000F3E7C04610B5040082B0FFF761FF61693A
:10EBE00000293BD0E368994214D20B0008336361DB
:10EBF00008226846FCF784FF69462000FFF7E4FE20
:10EC0000002803D16B46DB88002B14D16169E368CF
:10EC10009942EAD30023206F6361002806D003687D
:10EC200023671AF0B9FA206F0028F8D12000FFF707
:10EC300051FF002010E06B469B8862685B045B0C10
:10EC400023626B4694465B88A08463442000A362E1
:10EC5000FFF740FF2000203002B010BD2169206F77
:10EC600061610028BED0036823671AF095FA206F0F
:10EC70000028F8D16169CAE70722F0B5002600270D
:10EC8000816883B0CB1D934304005D1A0096019701
:10EC9000002D08D1043B1B6801330DD02000FFF785
:10ECA000F7FD03B0F0BD2B006A46FFF717FEA3681F
:10ECB0009C466544A560F1E708236A46FFF70EFE0F
:10ECC000A3680833A360E9E7F0B557464546DE463A
:10ECD0004E460B00E0B5040017000269806889B059
:10ECE00020330191151AAB4208DA0124200009B043
:10ECF0003CBC90469946A246AB46F0BD05F0CCFD23
:10ED00007623E35A002B0CD0E2699A185B00C31AF1
:10ED10009A4200DAC6E0E261904202DA7848FEF7F1
:10ED200049FF2A000199774803F06CF800236268D4
:10ED30006361A361A36F02939A4206D1029AE36FC3
:10ED400094465B089C44634602932000FFF7A0FDB5
:10ED5000E36F20005A08029B99461900FFF7FAFC5E
:10ED60004A46E36F5B08994413001033A360002305
:10ED70009B4603E0036823671AF00EFA206F002811
:10ED8000F8D12669E3689E4241D2102398460822B2
:10ED9000310004A8FCF7B4FE04AB5D8863689C46B0
:10EDA0006544002F03D02800B84700282BD004A9C1
:10EDB0002000FFF709FE002825D104ABDB88002BDB
:10EDC00021D028001AF087FA431C9A4604AB9B888E
:10EDD0005B045B0C1A00524400925A46002A66D02B
:10EDE000424690B204AA938008235B429C4650801E
:10EDF000E1445044D080103349462000FFF76EFDB7
:10EE0000009B9C46E044E3680836B342BFD8012328
:10EE10009C46E3445B46012B6ED0022B04D0ADE749
:10EE2000036823671AF0B8F9206F0028F8D1200092
:10EE3000FFF72EFD4B46A2683348991A02F0E2FF15
:10EE4000324B029D0493E36F04AA05936368290083
:10EE50009B6820000133069301235B420793113323
:10EE6000FFF73CFD2000FFF713FDAC46E36F4A4679
:10EE70005B086344E3604B4601982361A3686560C7
:10EE8000D31A02004032934200DD2EE7002F0CD04F
:10EE90001F4B0024984200D128E701001D4802F0D2
:10EEA000B1FF23E7E3611A0036E700241EE7A368F9
:10EEB0002A001900200053460391FFF70FFD6068F8
:10EEC000A268844652441100A26004AA9588D288A0
:10EED0006D046D0C62442B002000FFF7FFFCA2685C
:10EEE00003999446009B6544A5606D1A9D4287D0A6
:10EEF0000948FEF75FFE83E72000FFF7BDFE3DE710
:10EF000099030000F4A502001CA60200DAE076775F
:10EF10000000FF7F30A602009A03000070B50D00CC
:10EF20000400FFF7BDFD2A0003492000FFF7CCFED7
:10EF30002000FFF7CFFD70BD0000FF7FF0B5574602
:10EF40004E464546DE46E0B5040085B0884691460B
:10EF50001F00002A5FD02000FFF7A2FD41462000DD
:10EF6000FFF7D8FD002306006568A361F91D00289E
:10EF700005D140461AF0AFF93900083109180723C6
:10EF8000994300239A46083100222000FFF79CFE97
:10EF9000002800D17AE06368AB4204D041462000EB
:10EFA000FFF7B8FD0600BBB29B46002E4AD033885F
:10EFB00002AD2B8073886B805346002B1ED000233C
:10EFC000EB805A463B4B1343AB802000FFF754FEC7
:10EFD00021690823083921612A002000FFF77EFCFF
:10EFE0002000FFF755FC2000FFF774FD002005B05E
:10EFF0003CBC90469946A246AB46F0BD3B004A4613
:10F00000A1682000FFF76AFCA3686268DF199A1AFA
:10F01000A760EA80D5E77B1C05D0002F9BD026484F
:10F02000FEF7C8FD97E7FFF73BFD41462000FFF7DD
:10F0300071FD4B46061E6568A36127D00123082198
:10F040009A46A1E740461AF046F901004046F6F715
:10F050000DF8030C584002AD288040461AF03BF9E9
:10F060004246431CA16820000193FFF737FCA168CA
:10F0700062688B1A019A6B80944653466144A16082
:10F08000002B09D05B46EE80AB809EE72000FFF7A7
:10F0900021FD01204042AAE73B004A462000FFF73D
:10F0A0001DFCA36862689A1ADB19A3605B46EA80BC
:10F0B000AB808AE70080FFFF9A030000012310B5B0
:10F0C0005B420022FFF73AFF10BDC046044A936836
:10F0D000906808225B035B0F9A4080B250437047F0
:10F0E000004000418020084B5A6802435A601A7D54
:10F0F000D207FCD5054A4908D9611A80024A137D16
:10F10000DB07FCD5002070470040004102A5FFFF4F
:10F11000036810B5DB680C009847A04204D8044887
:10F12000FEF748FD002010BD80204000FBE7C046F0
:10F130009A030000F0B557464E464546DE469846CF
:10F140000323E0B5924691B00E000B426DD14246CA
:10F1500013426AD1002A0CD0891852463300901B02
:10F160001A78FF2A02D0C25CFF2A5BD101338B429E
:10F17000F6D1314A137DDB07FCD5BFF35F8F4346E1
:10F18000002B37D0002399463F339B465C464023F3
:10F1900034401F1B4A4643469D1AAF4232D8402F87
:10F1A00046D140239C4634005546E1442A002B00BA
:10F1B000403202E004339A4218D019680131F9D084
:10F1C0001D4A1E4B1380137DDB07FCD502F02CFB80
:10F1D0002200403208CD08C4A242FBD1164C184B85
:10F1E000238002F013FB237DDB07FCD5BA44F6191C
:10F1F000C845CBD8002011B03CBC90469946A246E9
:10F20000AB46F0BDC1464022FF216846FDF7A4FE93
:10F2100020002A00684451462F00FCF771FC341B83
:10F220006D46C3E703204042E5E701204042E2E7A4
:10F23000B9443D00E7E7C0460040004144A5FFFF58
:10F2400004A5FFFF0078233843425841C0B27047FD
:10F2500070B5144D2C68002C01D0200070BD8021A9
:10F260005F200901F4F7B2FF002104006020F4F7E9
:10F27000ADFF061E00D12600882019F09CFF8022D9
:10F280000400094BD20208C0921B33002100FFF793
:10F290001DFA84230022E254044A0A3BE2522C6005
:10F2A000DBE7C0468005002080A602001027000092
:10F2B00070B5FFF7CDFF051D04002800FFF7CCFB5C
:10F2C000002805D10023002202492800FFF754FC42
:10F2D000200070BDA4A6020070B506000C00FFF768
:10F2E000E7FF336805001B6A3000984722000100E1
:10F2F0006368281D0832FFF721FE70BD70B5050058
:10F30000FFF7D6FF2B6804001B6A2800984701000E
:10F31000201DFFF7D3FE70BD70B50500FFF7C8FFD5
:10F320002B6804001B6A2800984700230100002274
:10F33000201DFFF721FCC043C00F70BD70B5040055
:10F34000FFF7B6FF2368051D1B6A200098470023BE
:10F35000010000222800FFF70FFC002812DB01004B
:10F360000020F4F7BDF90400F6F798FC220063686A
:10F37000083200212800FFF7FFFB2000F6F7A0FC71
:10F38000200070BD0024FBE770B5FFF791FF04007B
:10F390000B48251D02F036FD0A492800FFF7BEFD87
:10F3A0008023E258E168520853009B1822699B08A9
:10F3B000521A934202D92800FFF7C8FA70BDC0461E
:10F3C00090A6020045F20000F0B5D6464F464646EC
:10F3D000C0B50400FFF76CFF002383610500F4F75C
:10F3E000AFFE0600F6F75AFC236820001B6A984718
:10F3F000236807005B6A200098473B78814698465F
:10F40000331D9A4604352800FFF7E4FB002822D07C
:10F4100043468468232B02D02378232BF3D04A461B
:10F420003900200019F0E7FE0028ECD1012120006E
:10F430004942F4F7C5F80400F6F730FC31892200A0
:10F440005046F6F701FE2000F6F73AFC2800FFF7D9
:10F45000C1FB0028DCD13000F6F732FC30001CBCC8
:10F4600090469946A246F0BD0120704701207047A2
:10F47000002070478020C0027047C0460048704797
:10F48000C8A60200802310B5C0684902806A9B00AC
:10F4900001F046FF10BDC046F0B5C64600B5C468D1
:10F4A0000500236B0F009046E66A834210D020636C
:10F4B000002E05D0300000F077FF300019F06CFE10
:10F4C000290001221531A06A00F03EFF0600E0622B
:10F4D0007902300001F0B0FA80224146E06A9200E1
:10F4E00001F0BAFA04BC9046F0BDC04670B5040005
:10F4F0000D0005F0BBFF044BA56208332360002319
:10F500002000E362236370BDD0A60200F0B50400C2
:10F510001D4F83B03A68002553780133537006F0CD
:10F520000FF8A36A186803681B6898470002174B16
:10F530000090220016490195200005F0A5FF154A0C
:10F540002000142106F03EF88D23A26A5B00D552FC
:10F55000A06A01F079F8002810D00F4E143503008E
:10F56000019502680833009231002200200005F066
:10F570008BFFA06A01F068F80028F0D1386804F029
:10F5800025FA03B0F0BDC046DC0A0020ACA602009C
:10F5900085F40000BCA6020099F4000010B5040038
:10F5A00019F099FE01002000F5F760FDFF230340EC
:10F5B000C0B2022B02D9FF2B00D010BD1038C0B250
:10F5C000FBE7C046F8B5CE46474680B50700804603
:10F5D00001CF894603683A005C6880235B00A0473E
:10F5E00043465A1D3E00FF323C0002E00134944283
:10F5F00007D02378FF2BF9D000200CBC9046994609
:10F60000F8BD434618688021036889005D6880233F
:10F610003A005B004944A8473D0002E00135AC4296
:10F6200003D02B78FF2BF9D0E6E7434618688021FA
:10F630000368C9005C68802349445B003A00A04726
:10F6400002E00136B54203D03378FF2BF9D0D3E77F
:10F650000120D2E78622002370B50160012152000B
:10F660008354043281500A328352163A8350102355
:10F670000022064DFF33C2542B880400002B02D118
:10F6800007F002F92880200070BDC046060C00205B
:10F69000F0B5C64600B50668040033680D005F6823
:10F6A0000B12984686235B00C35C434502D8124880
:10F6B000FEF780FA84234146FF205B00E3580002F6
:10F6C000595CFF2384462B4063440904C9188023F6
:10F6D000221D5B003000B847012002E00130FF2806
:10F6E00007D023181B79FF2BF8D1284304BC904680
:10F6F000F0BD0020FAE7C046B6030000F0B54F4663
:10F700004646D6460D00C0B590460700002A23D0D5
:10F7100080235B029946441D061D8944FF343868E6
:10F720003200036829005B689A4680235B00D0475B
:10F73000330002E001339C4208D01A78FF2AF9D046
:10F7400000201CBC90469946A246F0BD0135FF350D
:10F750004D45E4D14046F4E7FFF734FFF1E7C046FA
:10F76000F0B5DE4657464E4645468223E0B55B007F
:10F77000C35889B00400002B02D03048FEF71AFAB3
:10F780002F4802F03FFB206803681B68984703027C
:10F7900098462C4B02AA039380239B0013810023DD
:10F7A00005930693284B07934346002B31D0002343
:10F7B0009B4601931B33FF339A46244B0025994601
:10F7C0005346E35A4B450DD05A4629002000FFF717
:10F7D00095FF002806D12068290003681B69984717
:10F7E00001239B46802320685B02EE1803689F6814
:10F7F000464515D3134B03AA0393154B29000493D5
:10F8000000230593134B069301235B4207931533A3
:10F81000B84709B03CBC90469946A246AB46F0BDFD
:10F82000019B02AA53812900142303AAB847019B14
:10F83000350001339BB20193C2E7C046B603000016
:10F8400028A702008E347635DCC60146F0FF0000A2
:10F850000002FFFF63F09FD0F0B54546DE465746F5
:10F860004E468723E0B58FB003915B000A00C15C70
:10F870000500914200D102E186235B00C35C934204
:10F8800000DAFCE02F000B040193039B06AE1B047F
:10F890001C002022002130000293FDF75DFB01CF08
:10F8A000FF210368A4465C68802309023A00614492
:10F8B0005B00A0472A1DFF3290461F22042093467A
:10F8C0001E3A40429246FE32401B91461732944601
:10F8D00002004046B84617006B1D1978FA18002937
:10F8E00015D15C46511122405446944022008900B3
:10F8F0007458224372504A461A7062466146AA5AA8
:10F90000013A6A528C2149006A5A01326A52013323
:10F910009842E2D10023286805930199036805AA5B
:10F920009C680C310423A04701994246474688460B
:10F93000FF212868090203688C469C688023E04404
:10F940005B004146A047286801240368A8465B681D
:10F9500099461F239B461E3B9A465A4651462240D3
:10F96000914063119B00F3580B4215D1029B250275
:10F97000591980233A005B00C84743461868019B29
:10F980003A00591903689D6880235B00A8474346E5
:10F99000186803685B6899460134FF2CDDD1802329
:10F9A000454602995B003A008846C8472A00286805
:10F9B000019E0368B11D9C680A320223A0473100F2
:10F9C000324B28680593036810319C6805AA04230C
:10F9D000A0470023414628680593036805AA9C6850
:10F9E00010310423A047012328685B42EA686B8139
:10F9F0002B616B6103680132EA601B6941469847DD
:10FA00008020002200234000A9180979FF2900D096
:10FA1000130001328242F7D12868029E0268013346
:10FA2000946831003A00A0473100194B28680593CB
:10FA300003680C319C6805AA0423A0478620400077
:10FA40002B5C002B10D084248726002203996400AD
:10FA500076002B599B181F788F4201D1AF5D1F7024
:10FA60002B5C01329342F4DC8723039A5B00EA5457
:10FA70000FB03CBC90469946A246AB46F0BD054847
:10FA8000FEF798F887235B00E95CFBE6DCC60146DD
:10FA900063F09FD0B6030000F0B5DE4657464546FA
:10FAA0004E468623E0B55B00C25C043B85B0050092
:10FAB000FF21C058FDF750FA0023009302930393EF
:10FAC000013B9B46002301935B4B00260027D84651
:10FAD0009A465A4C28683104036822005B689946AC
:10FAE0001423C8472368534544D04346013308D004
:10FAF0000027380005B03CBC90469946A246AB466C
:10FB0000F0BD0123B0460127019386235B00EA5C28
:10FB100099460136531CB342DCD88821009B49002A
:10FB2000581C03041B185B001B18DB001B18DB00B0
:10FB30001B185B001B18685843406B5087234146D5
:10FB40005B00E95443460133D2D00E23FF33EB5C14
:10FB5000002BCDD052089342CAD8002F45D1039B29
:10FB6000029A643301279342C3D259462800FFF713
:10FB700073FEBEE72379002BB7D10E226379FF32E3
:10FB8000AB54009AA36894469C4462460092E28873
:10FB90002B498A420FD02B49206988420BD18621FC
:10FBA0004900695C9142A3D98421490069588A18A7
:10FBB0001178FF290AD04246013299D1224AE168E0
:10FBC000B04602939142A0D001279EE75B46167093
:10FBD000013306D0A368039A934296D20393B346A7
:10FBE00093E7A368B34603938FE7184802F00AF936
:10FBF000114B2360164B6360134BE36001235B42A0
:10FC00002361019B002B05D04B460098E95C0EF068
:10FC100021FF0290029BA360434628681E040368EC
:10FC200031001B69984728682200036831009D68ED
:10FC30001423A8475DE7C0468E347635840500203E
:10FC4000FFFF0000DCC6014663F09FD010A7020052
:10FC50000002FFFFF0B54546DE4657464E46862376
:10FC6000E0B587B005925B0004000D00C35C00297D
:10FC70006AD18A225200A1500432A1520193002B72
:10FC800000D183E000229346221D02925A461202BE
:10FC900092B29046002204929146621D0392842201
:10FCA00052009246261DFF3642461712FAB29A4279
:10FCB00002D34A48FDF77EFF5346E3582068D95DDA
:10FCC000FF231B029C46036809045F68802361448C
:10FCD0005B00029AB8478A228B205200039B0021C6
:10FCE0009446400009E0013189B2002D02D1225A28
:10FCF0000132225201339E420ED01A78002AF2D0ED
:10FD0000002DF7D1FF2A19D062466746A25A013367
:10FD10000132E2539E42F0D1494502D95B46894601
:10FD2000049301239C46FF33E3449C46019BE0443B
:10FD30009B4532D286235B00E35CB5E78C277F00CE
:10FD4000E25B0132E253D5E70E22FF32825C93463A
:10FD5000059A002A37D001939B4595D3002304933D
:10FD60001F4802F04FF81D48FDF724FF84235B0075
:10FD7000E358049A2000995CFFF76EFD2000FFF71E
:10FD80008BFE002802D11548FDF714FF07B03CBCDC
:10FD900090469946A246AB46F0BD4B46002D08D092
:10FDA000002BE3D1059B002BDAD10E4802F02AF894
:10FDB000D9E7802BDAD88C2252009B00A25A4B4400
:10FDC0009342D3D8E2E75A46002A01D0019259E77C
:10FDD00000230448049302F015F8C4E7B6030000BA
:10FDE0003CA7020050A70200F8B5040000680368B1
:10FDF0001B689847FF230200C017184080180012A4
:10FE000001380D33C0B2E05419F0CAF984235B0005
:10FE1000E0502000FFF740FE00280DD18D235B004D
:10FE2000E25A194B9A420DD02000FFF799FC2000AE
:10FE3000FFF732FE002823D0002200212000FFF728
:10FE400009FFF8BD206803681B6898470702EBD0DC
:10FE5000002505E080235B029C466544AF42E3D960
:10FE600029002000FFF7AEFB061EF3D18623842570
:10FE70005B00E0546D00605919F08EF96651E0E7BF
:10FE80000248FDF797FED7E7F0FF0000B603000039
:10FE9000F8B557464E464546DE460E23E0B5FF33DD
:10FEA000C55C06008A46AFB2002943D086235B00BA
:10FEB000C15CB8462B000F000D00ED1A0123002D88
:10FEC00004D001215B000B439D42FBD288214900F5
:10FED00070582749274C4843A4461C0060440440FE
:10FEE000A542F7D9882344445B00F050A4B2002A0D
:10FEF00024D100239B46D9462502ADB206E0013449
:10FF00000135FF35A4B2ADB2A7420CD029003000B4
:10FF1000FFF7BEFB80B20028F1D03CBC904699466A
:10FF2000A246AB46F8BD4B464446002B10D10123F8
:10FF30009946E1E7002100238846BEE7FF239A4364
:10FF400011003000FFF7A4FB80B20028D1D0E4E715
:10FF50005B46002B07D1524601213000FFF77AFEA5
:10FF60004446CB46C7E70448FDF724FEF3E7C04606
:10FF70000D6619005FF36E3CB6030000F0B5CE4687
:10FF8000474680B583B06B4604000D00DA71FF2A46
:10FF90003FD029128846FF218A200D40414640006B
:10FFA000C9B2235A26688946002A2AD18B214900E2
:10FFB000625A013B0132625223520E23FF33E35C4B
:10FFC00043452CDC33689F6886235B00E35C4B452C
:10FFD00002D82248FDF7EEFD842342465B00E35839
:10FFE0003000995CFF231B029C466A466544090465
:10FFF000491901230732B84703B00CBC9046994613
:020000040001F9
:10000000F0BD8C22013323525200A35A013BA3526C
:10001000D8E71248FDF7CEFD6B46DA79B9E73368C9
:100020009F68002D16D086235B00E35C4B4502D809
:100030000A48FDF7BFFD842342465B00E3583000C9
:10004000995C6A462B020904C91807320123B84794
:100050002668B7E70148FDF7ADFDE4E7B603000009
:1000600070B51025FF35435D0400002B07D00A4E04
:1000700031880A4802F0B6FA635D002BF8D11023EC
:100080000122FF33E254033BE35C002B02D120004A
:10009000FFF7AAFE70BDC046060C0020FF0300005B
:1000A000102310B5FF33C35C84B00400002B02D1D1
:1000B0000748FDF77FFD10230022FF33E254054B74
:1000C00005491A886846012308F0D6FA04B010BD25
:1000D000B6030000060C0020FF030000F8B58626DA
:1000E0007600855D0400002D0BD18D2710237F0045
:1000F0005B42C353FFF7B4FF2000FFF7D1FFE55386
:10010000A55D2900044801F07DFE86235B00E05CCC
:10011000431E9841C0B2F8BD64A70200F0B5DE46A8
:100120004E4645465746E0B5060085B008000C002F
:100130000191FFF733FA8046200019F0CCF8023025
:1001400083B29B46402B02D93F48FDF733FD58460A
:1001500019F026F80E23FF33F35C8246002B6ED095
:10016000331D03930023029335682B685B6899461F
:10017000029B1C0286235B002712F25CFBB29A42B0
:1001800002D83148FDF716FD84235B00F358039A2B
:10019000D95DFF231B029C46802309045B00614458
:1001A0002800C84723B20093012402E00134FF2C49
:1001B0003DD033191B794345F8D1FF25009F2743D4
:1001C000BFB23D402FD03B12994686235B00F35CC3
:1001D0004B4502D81C48FDF7EDFC84234A465B00E2
:1001E000F3583068995C03682D0209044919524696
:1001F0005D685B46A84753461B78012BD6D15B460A
:100200005A1E53460199581C18F0F5FF0028CDD10D
:10021000504618F0C1FF380005B03CBC90469946E6
:10022000A246AB46F0BD0848FDF7C4FCCBE70E2361
:10023000029AFF33F35C01320292934294DC5046FF
:1002400018F0AAFF0027E6E7B603000070B5050026
:100250000C00FFF705FF21002800FFF75FFF0400F7
:100260002800FFF71DFF601E8441E0B270BDC0464C
:10027000F0B5DE4657464E464546E0B5040083B02D
:1002800008000E00FFF78AF98822411C0B045B1856
:100290005B005B18DB005B18DB005B1852005B0047
:1002A0005B18A15880464B40A3500021002220003B
:1002B000FFF7EEFD0700300019F00DF88022231D36
:1002C000023085B25200FF2118009A46FCF744FE26
:1002D00001233100FF262371601D6A1EFBF710FC0D
:1002E00023683E4099461B689B68019325D03B12CA
:1002F0009B4686235B00E25C5B46DBB29A4202D8F7
:100300001048FDF757FC84235A465B00E358360239
:10031000995C484609042B0089195246019DA8475B
:10032000200042463900FFF729FE380003B03CBCEC
:1003300090469946A246AB46F0BD0248FDF73AFC0E
:10034000D5E7C046B6030000F8B505000C0017005D
:10035000FFF786FE21002800FFF7E0FE061E06D10B
:10036000002F1CD021002800FFF782FF060020206C
:1003700018F021FF0023002243830382C3814361DD
:100380000533FF338274C274EA5804000560868125
:100390004260E8502800FFF783FE2000F8BD2800E7
:1003A000FFF77EFE0024F8E7822310B501685B00AA
:1003B000CA580400824214D0002A09D053689842D7
:1003C00004D10AE05A68A24208D01300002BF9D1E8
:1003D0000548FDF7EFFB200010BD130062685A606E
:1003E000F9E74268CA50F6E7B6030000F0B501230A
:1003F00002E02300402C2ED0C5182D795C1C002D66
:10040000F7D15D1DDF1C002906D0C3189E790319A2
:100410001B79360233430B80002A00D0148002215E
:100420000124C6433B1D4942C318241A091AF21875
:1004300094461A78002A07D15A78002A04D145191F
:100440002A79002A00D16746E5180333CA18FF2A23
:10045000EDDD3800F0BD432741244525D3E7C046F4
:10046000F0B545464E46DE4657468846E0B5002480
:100470000500002685B0031D019100932B68FF271E
:1004800099461B685B689B4643461F4000D188E045
:1004900043461B129A4686235B00EA5C5346DBB256
:1004A0009A4202D86648FDF785FB842352465B00DA
:1004B000EB583F02995C802309045B00C919009A3C
:1004C0004846D8472B79002B73D002AB991D0022E8
:1004D0002800FFF78BFF831CFF2B24DC29184A79A7
:1004E0000B7912021343574A934230D0E943063046
:1004F0002F188A4691460EE001341419002E1BD1A4
:100500005346DB19FF2B0EDCBA787B7812021343BB
:1005100003374B451BD03A78FF2AEDD11E005346D6
:10052000DB19FF2BF0DD02ABDB88464A934213D088
:10053000002E05D19846A1E74148FDF73BFBDFE7D8
:100540003F48FDF737FB02ABDB88984696E702ABE6
:10055000DA883C4B9A4228D1002E33D1019B984532
:1005600028D0FF262F683B685B689846019B1E4099
:1005700060D0019B1B12994686235B00EB5C4B45C8
:1005800002D82F48FDF716FB84234A465B00EB5840
:100590003602995C3800090489194023009AC04743
:1005A00008E02748FDF706FB72E72548FDF702FB48
:1005B000B9E70024200005B03CBC90469946A2460D
:1005C000AB46F0BDFF272B68374098461B685B6839
:1005D000994602D11A48FDF7EDFA86235B003612E0
:1005E000EA5CF3B29A4202D81548FDF7E3FA842395
:1005F0005B00EB583F02995D80230904C9195B0039
:10060000009A4046C8470021FF2302E01100013B49
:1006100014D3EA181279FF2AF8D100E013005A1E09
:1006200003D3A8180079FF28F8D0994200DA1900FE
:10063000641896E70248FDF7BDFA9AE70023F4E74D
:10064000B6030000FFFF0000F0B55746DE464E46F9
:100650004546E0B595B00500FFF702FD8D230E225B
:100660005B00FF32EF5AAA5C291D3C128A4699466C
:10067000A24200DC6DE0FF231F400133DB1B9846E4
:10068000202B01DD202398462E6833685B689B464B
:1006900086235B00EB5CA34202D83148FDF78AFA5F
:1006A00084235B00EB583000195DFF231B02FB180D
:1006B0000904C91852464346D847002401AE08E051
:1006C0002B191B79033BDBB2FB2B0ED901344445BC
:1006D00033DA3B19FF2BF3D92148FDF76BFA2B19BD
:1006E0001B79033BDBB2FB2BF0D84B46E95A2800C1
:1006F000091989B2E9520023F180B380FFF7B0FEF7
:100700004B464A463060EB5A0133AB522B79012BF2
:10071000DCD1691D03A818F0D6FD4C2231005046EB
:10072000FBF7EEF92800FFF7BBFC504615B03CBCC8
:1007300090469946A246AB46F0BD4B46EF5A474419
:10074000BFB2EF520E23FF33EB5C3C129C4200DA47
:1007500091E72800FFF7A4FC00239A46E5E7C0468E
:10076000B6030000F0B5D6464F464646C0B5C4892C
:1007700082B005008A46002C01D18489C481534689
:100780001B882E68A34236D16B460022991D30008B
:10079000FFF72CFE841CFF2C68DC2E685F493318A1
:1007A0005A791B7912021A438A421DD02F8A002FD0
:1007B00000D1A5E0431D073030188C460AE044788C
:1007C000017824020C4364450ED003330330BA424F
:1007D00035D022009946FF2BF1DDBA4246D16B4657
:1007E0004E4ADB88934239D1002002B01CBC9046AF
:1007F0009946A246F0BDFF213368214099461B6807
:1008000088465F683BD086235B00F35C2412A342DA
:1008100002D84348FDF7CEF92B6848461A1D8423B9
:100820005B00F358195D434609041B02C918802375
:100830005B00B8475246EB892E681380A4E74B460D
:10084000F3181B79EB74002CC9D0FF2B1BD001339C
:10085000EB7400232C82AB740120C6E7EB810023EC
:1008600051462B822800FFF77DFFBEE72C48FDF79D
:10087000A1F96B46294ADB889342B5D0EEE72848B8
:10088000FDF798F9BFE7002251460A8032682340FD
:10089000904612681F1E5268914638D023129A461D
:1008A00086235B00F25C5346DBB29A4224D92B6864
:1008B00051461A1D84235B00F3583F02595C802384
:1008C0000904C9195B004046C84729680020FF2376
:1008D00002E01000013B1ED3CA181279FF2AF8D19A
:1008E00000E013005A1E03D38E183679FF2EF8D07D
:1008F0008342ADDA0300ABE70948FDF75BF9D6E7C1
:1009000034192379EB74002AB0D014009DE7044811
:10091000FDF750F9C2E70023EAE7C046FFFF0000F9
:10092000B6030000F0B5DE4657464E464546E0B5F4
:10093000438B87B006008B461700FF2B02D0006860
:10094000FFF78EFB04AA9446062363441A00039320
:1009500000231380002F60DB4FD00022B37C019274
:100960003BE0E41ABC4200DD3C005A46002A27D096
:100970003368358A99461B689A461B685B68029300
:10098000FF232B40984634D086224B4652009B5C76
:100990002D12AB4202D82248FDF70CF984234A46B7
:1009A0005B00D358B27C595D43461B02D31809043F
:1009B000C9185A4623005046029DA847B37CA34459
:1009C000019A1B199446A444624601927269DBB2F3
:1009D00012193F1B7261B37411D0F47C9C42C0D8D1
:1009E00003993000FFF7BEFE002808D0F47CB37CEA
:1009F000B7E70B48FDF7DEF8C6E700230193738BDA
:100A0000FF2B02D03068FFF74BFB019807B03CBCCE
:100A100090469946A246AB46F0BD024F9DE7C046C0
:100A2000B6030000FFFFFF7F436910B5CA1A02D06A
:100A30000021FFF777FF10BD436910B58B4202D04C
:100A400002D8FFF7F1FF10BD002300220382C3810B
:100A500043618274C274F4E710B50023002A02D007
:100A6000FFF760FF0300180010BDC046F0B5454613
:100A7000DE4657464E46E0B5484B458B83B00400F2
:100A80009D4200D170E0002D67D1FF236669984632
:100A90006383731C33D1238A27689A46E389657779
:100AA0002383A37C23773B689B461B685B68019389
:100AB000FF2399464B461D1286235B00FB5CAB422D
:100AC00057D9236858461A1D84235B00FB58595D8B
:100AD000434609041B02C9188023019D5B00A847F7
:100AE00027683B1DFF33F91C05E0627F013B0132A3
:100AF0006277994213D01A78FF2AF6D10FE00121CC
:100B000020004942FFF790FF228A638B9246E289D8
:100B100065772283A27C27682277002B2DD1822340
:100B20005B00FB586069002B07D0A1899A898A4233
:100B300000D198605B68002BF8D186420BD006D2BA
:100B4000002300222382E3816361A274E2743100F6
:100B50002000FFF769FF5346638303B03CBC904617
:100B60009946A246AB46F0BD0D48FDF723F8658BCC
:100B700089E70B48FDF71EF8A3E799463A68434614
:100B800093461268526801924A461340984600D034
:100B900090E70348FDF70EF8A8468BE7FFFF00003B
:100BA000B6030000822310B502685B000400D05831
:100BB00000280AD0A2898389934203D109E083895E
:100BC000934206D040680028F9D10448FCF7F2FFB0
:100BD0000020FFF74BFFA06810BDC046B603000021
:100BE000F0B54E4645465746DE468821E0B505003D
:100BF000026880894900013003041B185B001B1840
:100C0000DB001B18DB001B185B001B18505885B05D
:100C1000434053502B682C7E1E68994633685F68AA
:100C20002B8B9846002C00D12DE143461B12984691
:100C300086234A465B00D35C434502D89A48FCF7BA
:100C4000B9FF2B6849461A1D84235B00CB584146E7
:100C5000595C80232402090409195B003000B8475D
:100C600003AA00212868FFF7C1FB831C04002E683B
:100C7000FF2B50DC031DF318002007E0621DE11C70
:100C800003332000FF2A00DDE5E00C001A78FF2A7C
:100C9000F4D15A78FF2AF1D12700002839D0040076
:100CA00033199B79FF2B00D0DEE06B8B002B30D00B
:100CB00002AA944606236344984642462B7F013B92
:100CC000137033689B461B689B6801932B8B9A4675
:100CD0002B7E9946002B00D1E1E053461B129A4629
:100CE00086235B00F35C534502D86F48FCF762FF34
:100CF000842352465B00F35858469B5C4A461102D7
:100D000002311B040919591842460123019CA047CE
:100D10002E68002F64D1002200213000FFF7B8F8C0
:100D200002AA944606236344188001000222286820
:100D30009846FFF723F9022302AA13802B681E6846
:100D40009A4633689F6843461B88994643461C78F9
:100D5000002C00D19FE04B461B1299468623524639
:100D60005B00D35C4B4502D84F48FCF723FF84233C
:100D700052465B00D3584A46995C2402090409197B
:100D80000223300002AAB8472B682C7E1E689A46C0
:100D900033689F682B8B9946002C00D177E04B4637
:100DA0001B129946862352465B00D35C4B4502D802
:100DB0003D48FCF7FFFE842352465B00D3584A4669
:100DC000995C02AB9B8824021C19090402233000A1
:100DD00009194246B847434604271B882E682B83CF
:100DE0006A8B01213000FFF753F80122010068836C
:100DF0002868FFF7C3F82B681C689A4623689E682A
:100E00002B8B99462B7E9846002B38D04B461B12D5
:100E10009946862352465B00D35C4B4502D8224854
:100E2000FCF7C8FE842351465B00CB584946595C09
:100E300043462A001B020904C9181A32C9190223A1
:100E40002000B0470023AB8305B03CBC90469946D8
:100E5000A246AB46F0BD0027002C00D15BE733195A
:100E60009B79FF2B00D120E70F48FCF7A3FE6B8B8B
:100E70002E68002B00D01BE7002FB1D14BE70A48AA
:100E8000FCF798FEC2E70848FCF794FECDE606485A
:100E9000FCF790FE83E70448FCF78CFE5BE7024812
:100EA000FCF788FE19E7C046B6030000F0B55746C8
:100EB0004546DE464E46E0B5040083B08846171E20
:100EC0001ED082256D0020684359002B0AD0A189CD
:100ED0009A898A4203D10AE09A898A4207D05B68DC
:100EE000002BF9D15A48FCF765FE0024EBE79C4241
:100EF0000DD01C00E7E7002F10D12068FFF7D0F8D5
:100F000003B03CBC90469946A246AB46F0BDFFF705
:100F1000A7F82000FFF7AAFDFE239A46237F657FEE
:100F2000ED1853465D1BBD4200DD3D00002D02DD86
:100F3000668B002E0AD12000FFF752FE237F657FCB
:100F4000ED1853465D1BBD42F0DDEEE72368994680
:100F50001B689B461B689B680093FF2333400193EB
:100F60003ED086234A465B00D35C3612B34202D899
:100F70003748FCF71FFE84234A465B00D358227F84
:100F8000995D019B09041B02D318C91842462B0026
:100F90005846009EB047237F5B19237743465B1971
:100FA0000093013B1B78FF2B1ED0009B22689846C4
:100FB00082235B00D3587F1B002B9CD0A18902E0C9
:100FC0005B68002B97D09A898A42F9D1608B1A8A84
:100FD000904201D1227FDA749A6852199A60EFE741
:100FE0001B48FCF7E7FDBCE723689B461B68984657
:100FF0001B689B681E00638B9946FF234A4613407B
:10100000019321D04B461B12994686235A465B001A
:10101000D35C4B4502D80E48FCF7CCFD84235A46DE
:101020005B00D3584A46FF209A5C637F1204591C28
:1010300061770199C31A0902C9188918220001238E
:101040001C324046B047B0E70148FCF7B3FDD9E792
:10105000B6030000F0B5C646002200B582B0827427
:10106000C2746A4600230400961D0382C381436153
:101070000F00338031000133200098460025FFF730
:1010800071FB002812D0E1892068A94202D0002F0C
:101090002DD10D00218A0022FEF770FF00233100C0
:1010A00020009846FFF75EFB0028ECD1002F24D0EB
:1010B00043462068002B2BD182235B00C358002BB2
:1010C00011D00125A089002100246D429A89824215
:1010D00006D11982D98159619C74DC7499605D8351
:1010E0005B68002BF2D102B004BC9046F0BD002238
:1010F000FEF744FFE1892068CBE7E289A3899A42A1
:1011000001D12068D8E70548FCF754FD2068D3E7F3
:10111000A1890022FEF732FF2068CDE7B603000068
:1011200010B504000068FEF79BFF822322685B0075
:10113000D05800280AD0A2898389934203D109E0BC
:101140008389934206D040680028F9D10548FCF70E
:1011500031FD00200121FFF77DFF2068FEF7A0FF91
:1011600010BDC046B6030000F0B557464E46DE46F9
:1011700045468223E0B5040000685B00C35885B093
:1011800000AF89469246002B0AD0A1899A898A42EB
:1011900003D116E09A898A4213D05B68002BF9D1FB
:1011A0005E48FCF707FD0023524649461800FFF74A
:1011B000DBFFBD4605B03CBC90469946A246AB4617
:1011C000F0BD9C42F0D1FEF74BFF2368257B98468B
:1011D0001B68A6899B461B685B687B60002D00D15D
:1011E00094E0862342465B00D35C3612B34202D8B9
:1011F0004A48FCF7DFFC236841461A1D84235B0044
:10120000CB582D02995D8023090449195B0058468B
:101210007D68A847002200212068FFF7E7F8030057
:101220000833FF2B45DC236804229C46042104304C
:1012300052426044D21AC91A03E003300B18FF2B44
:1012400039DC03781518FF2BF7D14678FF2EF4D13F
:10125000002D30D0002300212000BB81BB73FFF79D
:10126000F9FE236898461B689B461B689B687B6059
:10127000A3893B601E404DD03B6841461A1286232D
:101280003A605B00CB5C934202D82448FCF792FCA6
:10129000842342465B00D3583A683602995C0C229C
:1012A0000904891949190323BA1858467D68A847C3
:1012B0001BE023689C4666460536300018F00BF8A4
:1012C0006D46C31DDB08DB00EB1A9D46421C310056
:1012D0006846FAF715FC01212000FFF7BBFE6946BE
:1012E0002068FEF7C5FFA081AD46002300222068DC
:1012F000A274E27463832382E3816361FEF7D0FE0C
:10130000524649462000FFF7D1FD52E70348FCF75B
:1013100051FC66E70148FCF74DFCADE7B603000061
:10132000F0B5C646040098460E00170000B5FEF75B
:1013300097FE20683A00036831005D684346A8477D
:1013400005002000FEF7ACFE280004BC9046F0BD6E
:1013500000487047BCA70200F8B5324D2C68002C3D
:1013600001D02000F8BD01210B204942F2F72EFFE9
:10137000F6F788FA002852D0DC20400017F01BFF57
:101380000121040049420B20F2F720FFF6F77AFA18
:101390000121060049420A20F2F718FFF6F772FA17
:1013A0000121070049420C20F2F710FFF6F76AFA14
:1013B0003A000300310020000AF096FF01210920C5
:1013C0004942F2F703FFF6F75DFA80210600890330
:1013D000CC20F2F7FBFEFF23C21727001340320098
:1013E00026004C371B181B1264362100380006F00B
:1013F00099F939003000FEF72DF9200081303100D5
:10140000FF30FEF773F8C023074A5B00E25030005C
:10141000FEF764FEDA235B00E0542C60A1E72C6841
:101420009FE7C0469805002084A7020070B5FFF72B
:1014300093FF041E0ED0DA256D00435D002B09D109
:10144000054800F0DFFC200004496430FEF7FEFE92
:1014500001236355200070BDC8A70200A4A60200A6
:1014600070B50E4C637801336370FFF775FF002889
:1014700004D0DA235B00C35C002B03D1200002F010
:10148000A5FA70BD8130FF3005000100200001F099
:1014900067FF2800FEF73AF8F0E7C046280400206E
:1014A000F0B5C64600B50500FFF7C0FF061E3CD0EC
:1014B0001F4F386800282FD0002D1BD02900F2F7CD
:1014C00049FA1C4B002825D01C689846002C16D1E0
:1014D0003D602B6828001B6A9847010030000122FC
:1014E0006430FEF731FF040043461C60200004BC5A
:1014F0009046F0BD0F4B1C689846002C13D020007E
:10150000FEF752FF200017F047FE3D600024002D3B
:10151000DFD1E9E71C68E9E701213800F4F7A6FB11
:10152000044B9846F1E73C60DEE70024DEE7C04666
:101530009C050020A005002010B50C00FFF7B0FFAF
:10154000002804D0210062680831FFF7AFFC10BD0D
:1015500010B50C00FFF7A4FF002804D0210062683A
:101560000831FFF701FE10BD70B50500FFF75EFF03
:10157000041E09D02B6828001B6A98470100200030
:101580006430FEF763FE70BD0020FCE710B5040078
:10159000FFF7EAFF002807D02000FFF781FFFFF7E1
:1015A000BFFD0020FFF77CFF10BDC04610B5040052
:1015B000FFF7DAFF002805D02000FFF771FFFFF7E3
:1015C000F1FA10BD01204042FBE7C04670B5FFF7BD
:1015D00067FF051E1AD0FFF7E5FA0D4B984215D8A4
:1015E00001000020F2F77CF80400F4F757FB00211B
:1015F0002800FFF721FA2100626808312800FFF770
:101600002BFA2000F4F75CFB200070BD0024FBE700
:10161000FFFF000030B50F4D83B02C68002C02D0C6
:10162000200003B030BD182017F0C5FD01210400D3
:1016300049420620F2F7CAFDF6F724F90223019386
:10164000002301000093044A200003F00FFB2C60EC
:10165000E6E7C046A4050020B80B000070B50D00F9
:101660000400FFF7D7FF2A00808810232100F5F738
:10167000BBF970BD10B5FFF7CDFF03F04BFA431E69
:101680009841C0B210BDC04630B5164D85B02C682B
:10169000002C02D0200005B030BD01211B204942A2
:1016A000F2F794FDF6F7EEF8002819D02C2017F089
:1016B00082FD0121040049421B20F2F787FDF6F765
:1016C000E1F8094B094A0393094B01000293019287
:1016D00000930822074B200005F064FB2C60D9E73B
:1016E0002C68D7E7A805002000C088430040534578
:1016F00000401C460000C841F0B5C64600B50600D3
:101700000D0090461F00FFF7BFFF041E1BD00368AB
:101710009B6998474346002B09D0A80045196D00E6
:1017200028004138FF3812210DF01EFA0500A9B239
:101730002000012E0AD002F087FAA08810233A0078
:101740003100F5F751F904BC9046F0BD02F098FA6B
:10175000F3E7C04610B50400FFF796FF030015201D
:10176000002B02D0180002F005FA002C06D0C300AE
:10177000181840000A210DF0F7F9203010BDC046BE
:101780000C4B70B5C51806002800F6F797F8041E34
:1017900001D0200070BD3000F6F712F806002C20B2
:1017A00017F009FD012204005242310007F058FBF6
:1017B000A580EEE7041000008900CB43DB17194039
:1017C000802310B55B01994200DD190007F00EFB84
:1017D00010BDC046806980107047C04610B507F044
:1017E00007FB801010BDC04610B507F0F5FA10BD1C
:1017F00010B5007C831E052B02D9203B072B02D895
:10180000FFF7BEFF10BD0020FCE7C046054A137875
:10181000013B5BB2002B01DD137070470023137096
:1018200062B6FAE70D0C002072B6024A1378013353
:10183000137070470D0C002020BF704710B500F0EA
:10184000FFF810BD10B503F0E9F810BD020010B5A7
:101850004001801A80008018C00003F0DFF810BD3E
:10186000BFF34F8F034B044ADA60BFF34F8FC0467C
:10187000FDE7C04600ED00E00400FA05014B03CB94
:101880007047C0460CA080000048704700800020D0
:1018900010B54020F4F784F910BDC046816370474D
:1018A00041637047C1637047C06B7047EFF30880B6
:1018B0007047C046406B70470EC07047FEE7C04699
:1018C0002B482C49F8B588420DD02B4A91420AD2B8
:1018D000CB439B1800229B0801339B0084588C50FB
:1018E00004329A42FAD1254A254B9A4209D2032062
:1018F000111D03335B1A83435B18002102C29A4215
:10190000FCD1FF221F4B022493431F4A03269360FE
:10191000902302251D4A5B000C27D45008221C4945
:10192000CB78B3432B43CB70CB78BB431343CB7003
:101930003021184B987B8843202108439873997B6A
:10194000B9431143997380219A7BB2432A439A7316
:10195000114A53680B435360536862398B432343E6
:10196000536007F0BBF817F02FFBF6F7DFFEFEE73A
:10197000B0BF0200B4000020D8020020D80200202E
:10198000380C00200020000000ED00E00070004155
:1019900000500041004800410040004110B5041EC5
:1019A0000FD017F098FC01382018844207D2027833
:1019B000237801382270013443708442F7D3002029
:1019C00010BD0148FCE7C04617FCFFFFF0B54F46CD
:1019D0004646D6468146C0B5884600292BD0C21758
:1019E000141A54400D00002700E0370020000A219F
:1019F0000DF0A0F949423031297020000A210DF084
:101A0000B3F843427E1C04009A460135002BECD10A
:101A10004B464644002B03DA2D233370BE1C46444C
:101A2000002340463370FFF7B9FF50461CBC904678
:101A30009946A246F0BD014B9A46F6E717FCFFFF18
:101A4000014B186000207047AC050020004870472B
:101A500016FCFFFFF0B585B0009001910292039350
:101A6000040C012C1BD0022C17D18026174CF60138
:101A7000651CFF35164F02E00434AC420DD02068DF
:101A80000028F9D0C3883342F6D003689B68BB4274
:101A9000F2D004349847AC42F1D105B0F0BD8026B5
:101AA0000A4CB601651CFF350A4F02E00434A5421A
:101AB000F3D020680028F9D0C3883342F6D00368F9
:101AC0005B68BB42F2D09847F0E7C046B005002003
:101AD0001D79000081220000F0B5CE46474680B552
:101AE000002383B0304902E00133402B04D09A0038
:101AF0008C58002CF8D188502C4C2378DB070BD461
:101B00002B4D2B68002B07D00123102229480021E0
:101B100002F0E2FE002804D003B00CBC90469946C7
:101B2000F0BD2B682830994617F045FB224B012267
:101B30009846C023102100934346060000F030FF72
:101B40004B461B681D4F5B68BB4220D1300000F044
:101B500041FF300017F020FB28202E6817F02BFBE8
:101B6000C023022200930F214346050000F018FF16
:101B700033685B68BB4210D1280000F02BFF2800BF
:101B800017F00AFB0122237813432370C4E73100C6
:101B9000484698470028DFD0D8E72900300098470A
:101BA0000028EFD0E8E7C046B00500200E0C00206A
:101BB000E80A002070170000551A01004D1A0100B4
:101BC00010B50023054902E00133402B05D09A00EF
:101BD0008C588442F8D100238B5010BDB0050020F2
:101BE00000487047A4A1020010B5080000F0D4FC22
:101BF00010BDC04610B50800FFF720FE10BDC0465E
:101C000010B50800FBF7D6FF10BDC04610B5FFF7B2
:101C100035FE10BD10B50800FFF718FE10BDC04618
:101C200010B5FFF71DFE10BDF0B54F464646D6462F
:101C30001B4BC0B599461B4E80461B4F30680B1896
:101C40000D00BB4212D8194C2A0041460019043C31
:101C5000F9F756FF23689C46002365442560651903
:101C60002B711CBC90469946A246F0BD441E331D04
:101C7000FF3C711D1800FF3122009A46346017F0B6
:101C8000C9FA80222000D2000021121B5044FBF729
:101C900063F9306815212B18BB42D4D9C846CEE76A
:101CA00004A80200B0060020FF030000B4060020D4
:101CB000F0B587B0002A0CD101AE3100FFF786FEE7
:101CC000300017F008FB01003000FFF7ADFF07B050
:101CD000F0BD00251C220F2701AE0300D3403B407E
:101CE000002914D1002B12D1002A01D0002D03D0DD
:101CF0000024303474550135043A131DEDD100230E
:101D000075192B7002210448FFF78EFFD8E75CB2EB
:101D1000092BEEDD3734EDE700A80200F0B5CE4622
:101D2000474680B583B005000E00FFF77DFD324BBE
:101D30009846324B99462C0003E0621C252B12D0AA
:101D400014002378002BF8D1611B2800FFF76CFFEB
:101D500002212B48FFF768FFFFF758FD03B00CBCCA
:101D600090469946F0BDE94328005118FFF75CFF03
:101D7000376863780197A51C642B2FD00BD8582B9C
:101D80001CD0632B12D0252B2FD003214046FFF708
:101D90004BFF0436CFE7732B17D0782B0CD10122E1
:101DA00000213800FFF784FF0436C4E7012101A8B1
:101DB000FFF73AFF0436BEE7702BE6D1012201217E
:101DC0003800FFF775FF0436B5E7380017F083FADF
:101DD00001003800FFF728FF0436ACE7002200219D
:101DE0003800FFF765FF0436A5E701214846FFF7F5
:101DF0001BFF04369FE7C04620A802001CA8020073
:101E000024A802000FB400B583B004A901C9019150
:101E1000FFF784FF03B008BC04B0184700487047C0
:101E200016FCFFFF70B505000E00141E13D0D36919
:101E3000002B02D01E20FBF7BDFE33685A1C2B6816
:101E4000002B02D0191D29601C60A4691300013207
:101E5000002CF4D1336070BD10B50400FFF7E4FC32
:101E6000E369002B0DD0A2699A61A369002B01D010
:101E7000E269DA610023A361E3616361FFF7C6FCF5
:101E800010BD6369A2691A60EFE7C046002300B580
:101E900085B001900393FFF7C7FC0F4B03A91A68A5
:101EA00001A8FFF7BFFF0D4B03A91A6801A8FFF7B0
:101EB000B9FF0B4B03A91A6801A8FFF7B3FFFFF79F
:101EC000A5FC019B002B02D0064A12681A60039BF6
:101ED000581C05B000BDC046C40A0020BC0A002042
:101EE000D00A0020CC0A002070B50D000400FFF7D6
:101EF0009BFC2A686561002A01D109E01A009369F8
:101F0000002BFBD19461E261A361FFF77FFC70BD00
:101F1000A261E2612C60F8E7F0B5CE46474680B595
:101F200085B00292FA220393134B009001911C6832
:101F300092000023029803990CF09EFF80460E0049
:101F4000002C14D00D4B00279946A569E368B742D1
:101F500001D1434509D86369002B02D02000FFF767
:101F60007BFF49462000FFF7BFFF2C1EEDD105B0D7
:101F70000CBC90469946F0BDBC0A0020C40A002063
:101F8000F0B55746DE464E464546E0B591B005935E
:101F9000354B02909A461B6803910492002B41D066
:101FA0006B461E895B899946304B1C68002C23D0F8
:101FB00000239B462E4B2F4F984603E096420BD0B2
:101FC0002C1E19D0E368A5699AB2E3681B0C99B27C
:101FD000BE422ED0002AF1D1002B01D04945EFD1CD
:101FE0006369002B02D02000FFF736FF2000414636
:101FF000FFF77AFF2C1EE5D11F4BF318012B11D9E7
:1020000053461C6810234A46009331001B4B06A818
:1020100000F0C6FC23681A4A9B68934220D106A8A8
:1020200000F0D8FC11B03CBC90469946A246AB46A5
:10203000F0BD14488242CDD1002B01D04945BFD11B
:102040005B46002BBCD16369002B02D02000FFF758
:1020500003FF07492000FFF747FF01239B46AFE737
:1020600006A920009847DAE7B80A0020D00A002025
:10207000C40A0020FE03000002FCFFFF811F0100D4
:102080001D1E0100FF03000070B5FFF7CDFB134BD1
:102090001C68002C13D06369002B02D02000FFF7CE
:1020A000DBFEFFF7B3FB0023236123622568FFF704
:1020B000EBFB01002800FFF7F5FB200070BD24209A
:1020C00017F079F8242200210400FAF745FFFFF702
:1020D000DFFB002320606360A360E2E7C80A002002
:1020E000094B10B51C682369DB0701D4200010BD23
:1020F000FFF7CAFF054B18600028F7D0236A036278
:10210000002323620400F1E7B40A0020C00A002083
:10211000F0B5CE46474680B5444C83B02378DB0704
:1021200004D503B00CBC90469946F0BD404D2860E4
:10213000FFF7AAFF3F4B40491860FFF7D5FEFFF7B6
:10214000A3FF3E4E07683060FFF79EFB011F38007B
:10215000FFF7A6FB33683A491868FFF79FFB2E6824
:10216000002E4BD0282017F026F8364B0022994637
:10217000C023354900934B46804600F011FC33687C
:10218000324F5B68BB423ED1404600F023FC4046E4
:1021900017F002F82B682820984617F00CF8C02397
:1021A000002200932A494B46060000F0F9FB434603
:1021B0001B685B68BB4232D1300000F00BFC300082
:1021C00016F0EAFF01230F220021224802F084FBCF
:1021D00028202E6816F0EFFFC023012200930F2164
:1021E0001D4B050000F0DCFB33685B68BB4210D17F
:1021F000280000F0EFFB280016F0CEFF0122237824
:10220000134323708DE74146300098470028C1D022
:10221000BAE72900300098470028EFD0E8E73100FE
:10222000404698470028CDD0C6E7C0460F0C002096
:10223000B80A0020B40A0020C40A0020CC0A0020FA
:102240008D270100811F0100FF0300004D1A0100CE
:10225000FE03000070170000191F01000120024B4F
:102260001B7818407047C0460F0C0020F0B5204E78
:1022700083B0336805000F00002B36D01D4B1B7850
:10228000DB0732D5FFF72CFF3B042B43C3604369C8
:102290000400002B01D0FFF7DFFD17492000FFF7F6
:1022A00023FE164BEB18012B16D92820366816F0A2
:1022B00082FFC0233A0000932900114B040000F074
:1022C0006FFB33680F4A5B68934208D1200000F02F
:1022D00081FB200016F060FF002003B0F0BD21005C
:1022E000300098470028F7D0F0E70748F5E7C046E8
:1022F000B80A00200F0C0020D00A002002FCFFFFCB
:10230000811F01004D1A010016FCFFFFF0B5C64603
:10231000050000B50E0090461F00002822D00029BD
:1023200020D0FFF7B1FE041E1CD029004346320026
:102330000068FFF7C1FA2568FFF7A6FA011F280019
:10234000FFF7AEFA2068002F0AD10749FFF7A6FA77
:1023500006492000FFF7C8FD200004BC9046F0BDF0
:102360000349F3E70024F7E795260100C40A00209B
:102370006927010010B5054B1B78DB0704D5002346
:102380000022FFF7C3FF10BD0020FCE70F0C002068
:1023900010B5064B14001B78DB0705D50A00012396
:1023A0002100FFF7B3FF10BD0020FCE70F0C002059
:1023B000024B1868434258417047C046C40A002087
:1023C00010B50F4C84B023789A0705D50D4B1B68C8
:1023D000002B0ED004B010BD022213432370022242
:1023E00001230F21684606F047F9064B1B68002BB6
:1023F000F0D10222237893432370FFF71DFAE9E717
:102400000F0C0020C40A0020F0B5C646574D00B599
:102410002C682369DA0749D4554E564F326839681B
:10242000002A33D06069B04200D193E02A608A422A
:102430002DD0944227D08C4200D172E04E4B62697D
:102440009A4200D16DE02068FFF72EFA0600FFF7F0
:102450002DFAA168361A60682F680B1A9E420DD9B2
:102460001F2320362C609E43002800D07BE03000E4
:10247000F3F796FB31186060A1602F60BB683A6883
:10248000206806F0A3FB04BC9046F0BD29601B0742
:102490004FD52C60FFF794FF3368002BFAD02B60E8
:1024A0009C42F0D039688B42C5D145E00222334EC0
:1024B0001343236133680232196920680A431A61A1
:1024C0001F68FFF7F7F901003800FFF7EBF93768ED
:1024D0003868FFF7E9F90400FFF7E8F9BB68241A48
:1024E00078681A1A94420FD92B68203498461F2313
:1024F0002F609C43002833D12000F3F751FB434663
:1025000024187860BC602B6033689968186806F0FE
:102510009EFB2B681A699207B5D5186806F0D1FBA7
:10252000B1E72A68002193680020126806F04EFB8C
:10253000A9E72B689C42A6D01E68FFF7A5F9011FEA
:102540003000FFF7ADF93B680D491868FFF7A6F9B1
:10255000396870E7A069002800D167E7020065E7E5
:10256000F3F754F9C8E7F3F751F980E7B40A00200C
:10257000C40A0020CC0A0020C80A0020C00A00209B
:102580008D27010010B5034B1B78DB0701D5FFF742
:102590003BFF10BD0F0C002070B5104D04002B78D0
:1025A000DB0714D5FFF79CFD060002F075F973698F
:1025B0002418F460002B02D03000FFF74DFC0849CE
:1025C0003000FFF791FC2B78DB0703D470BDFFF7D9
:1025D0003DF9FBE7FFF718FFF8E7C0460F0C0020B6
:1025E000BC0A002010B5FFF741FE041E03D1044BC6
:1025F0001B78DB0701D4200010BDFFF705FFFAE7C9
:102600000F0C002070B51B4D28684369002B02D0C9
:10261000FFF722FC2868184C2100FFF765FC2468AE
:10262000002C0AD0A3690022002B04D01C00A3694F
:102630000132002BFAD1032A10DC00222B681A6128
:102640001C68FFF721F901002000FFF72BF90B4B65
:102650001B78DB0701D5FFF7D7FE70BDE269206864
:102660009361F3F7D3F86068F3F7D0F82000F3F73D
:10267000CDF8E2E7B40A0020C80A00200F0C0020C1
:1026800010B5034B1B78DB0701D5FFF7BBFF10BD6F
:102690000F0C002010B50C008047A047034B1B789F
:1026A000DB0701D5FFF7AEFF10BDC0460F0C0020C1
:1026B00010B5034B1B78DB0701D5FFF7A3FF10BD57
:1026C0000F0C0020F8B54746CE46040080B588467A
:1026D00000283CD001251F4F3B781D4230D01E4EB4
:1026E00033681A69520702D11A6A002A0BD02000F7
:1026F000012342461949FFF709FE002420000CBCC3
:1027000090469946F8BD186806F0C3FA022132686F
:1027100013691940894615D12B4313614046A047E0
:102720004A46336800241A621A691100A9431961E4
:102730005307E3D53B781D42E0D0FFF763FFDDE7A9
:10274000074CDBE703218B4313610024D6E7054CDC
:10275000D4E7C0460F0C0020B40A0020B1260100C7
:1027600016FCFFFF17FCFFFF70B5140003001000FC
:102770000D0098472000A847034B1B78DB0701D5C5
:10278000FFF740FF70BDC0460F0C002070B501245C
:10279000044DFFF715FE2B781C42FAD0FFF734FEEC
:1027A000F7E7C0460F0C0020F8B506000C000B4DF3
:1027B0002F78FFF739F80A4BFF00FE50DB195C60F9
:1027C0008023A41B1B06A4081C4334602B78013310
:1027D0002B70FFF71BF80020F8BDC046110C00203D
:1027E000D40A0020064B1A780023824205D9054AF4
:1027F000C00013185B6880581B1A18007047C04649
:10280000110C0020D40A0020F0B5C646830800B59C
:102810000F00984683073DD100284BD043468026C1
:102820005D1CFFF701F83C687F683606A74206D9B1
:102830002268002A07DB9200A418A742F8D8FEF706
:10284000E5FF002023E052005208900021180B6899
:10285000002B0BDB0CE05B005B08D2183300900010
:102860001343236021180B68002B01DA8F42F2D842
:10287000954201D92418D9E74646023696420DD32F
:1028800023685B005B082360FEF7C0FF201D04BCCB
:102890009046F0BD01239C46E044BFE7B600A61970
:1028A000B742EDD98023521B1B06043E1A43326007
:1028B0002560E9E70020EAE770B5041E15D00E4D4B
:1028C0002B78002B07D020000C49FFF79DFF041E3A
:1028D0000DD0200070BD0A4A0A4913700A4B1868CF
:1028E000FFF762FF01232B70EDE70024F1E71420CE
:1028F000FBF760F9EDE7C046100C0020D40A002079
:10290000110C002000780020C800002010B500281D
:102910000ED00C4B1A6882420BD25B68834208D9F6
:10292000041F2268002A08DD80231B06134323604E
:1029300010BD1E20FBF73EF9FAE71E20FBF73AF91F
:102940002268F1E7D40A0020414370B508000C006A
:10295000F3F726F9051E05D00123220003600021AC
:10296000FAF7FAFA280070BD70B5040008000E00EE
:10297000F3F716F90500002C0DD000280BD0231F0B
:102980001A689200B24208DC21002800F9F7B8F872
:102990002000F2F73BFF280070BD3200F4E7C0468C
:1029A000F0B5C646884600B504001E00103006ABE0
:1029B0001D88170005F082FE4346238000236780B0
:1029C000A660A5802000E3606362236204BC904699
:1029D000F0BDC04610B5838804009B0702D580680F
:1029E00016F0DAFB200010BD82B030B587B00B9333
:1029F000036A04000A92002B26D01C69002C0DD01B
:102A0000012200E01C0023690132002BFAD1092ABF
:102A100005DD07B030BC08BC02B018471C0010220E
:102A20000AA902A8F9F76CF8182016F0C4FB0500F3
:102A3000082204A96846F9F763F8029A039B280064
:102A400005F062FE2561E4E710220AA902A8F9F761
:102A500057F8182016F0AFFB0500082204A96846B5
:102A6000F9F74EF8029A039B280005F04DFE256207
:102A7000CFE7C04600207047044B10B50360002329
:102A80000400C380FFF79CF8200010BDACA2020038
:102A9000064B10B5036000230400C380FFF790F8D5
:102AA000200016F079FB200010BDC046ACA2020049
:102AB00070B500250400084B45600360FFF70CF873
:102AC000064BE2880833236080235B011343258192
:102AD0002000E38070BDC046ACA2020028A802001E
:102AE0000300002200891A817047C04600897047A0
:102AF000807A70470048704716FCFFFF044B10B502
:102B0000036000230400C380FFF75AF8200010BDC3
:102B1000ACA20200064B10B5036000230400C38082
:102B2000FFF74EF8200016F037FB200010BDC0461E
:102B3000ACA20200036870B581729A6A0B49040066
:102B40008A4208D15B6A0A4A0A4D93420AD1A07AA6
:102B5000A072280070BD90472368054A5B6A050093
:102B60009342F4D020009847F2E7C046F52A0100CE
:102B7000F12A010016FCFFFF036870B59A6A018113
:102B80000B4904008A4208D1DB690A4A0A4D934284
:102B90000AD120892081280070BD90472368054A0A
:102BA000DB6905009342F4D020009847F2E7C04665
:102BB000F52A0100ED2A010016FCFFFFF8B50025FB
:102BC0000400144B456003600F001600FEF784FFFD
:102BD000114B02210833236014232A22A581E581A9
:102BE00025826582A582E582A680E580A172656264
:102BF00025852381A35CA7618B43F1310B40A3544E
:102C0000064B0022E36223633423E5862000E2546E
:102C1000F8BDC046ACA202004CA8020001000100B1
:102C2000F8B5CE46474680B50C23C25E734B040010
:102C30009A426EDABB33FF33C15C283B0B4000D1B4
:102C4000BCE02A2059424B410225215C5B00A9438C
:102C50000B43235429380E23E15E684B994269DA0D
:102C6000BB33FF33E55C263B2B4009D02A25584275
:102C700043410426605D9B00B0430343012063553C
:102C80001023E55E5D4B9D4263DABB33FF33E65CA8
:102C9000223B334067D02A26584243410827A05D93
:102CA000DB00B8430343A3553423E35C032B09D86B
:102CB00034200133DBB22354012B00D196E0042BE6
:102CC00000D186E02A26B146293EB4464E466746E4
:102CD000E08E013080B2E086A65D374000D171E021
:102CE0001D2846D963469E434B46E65400230020E8
:102CF000E3863433E05423684148DB6A83423DD0A5
:102D0000200098470C23E25E0E23E15E1023E55E6F
:102D100034E0C8235B009A4250DD673BFF3BC15C57
:102D2000283B0B400020002B8BD00E23E15E334B61
:102D3000994295DBC8235B009942A1DD673BFF3BCD
:102D4000E55C263B2B4091D01023E55E2B4B9D424A
:102D50009BDBC8235B009D4205DD673BFF3BE65CD8
:102D6000223B334097D03423E35C00289ED1002BD4
:102D7000A8D123682248DB6A8342C1D1080013002E
:102D8000484353431B18280068431B181D488342BF
:102D900016D91D4B9A4225DBC824A400A24223DC8D
:102DA000994225DB0120A14204DC9D4224DB002066
:102DB000A5421FDC0CBC90469946F8BD00204AE7AE
:102DC0000720F7E70928D4D93420013BE7862354AC
:102DD000CFE72A220121A35C0B200B43A35400233D
:102DE000E386E7E70320E5E70420E3E7E386C0E7BF
:102DF0000220DFE70630DDE70520DBE770FEFFFF9E
:102E0000F52A0100FF700200E0FCFFFF30B5036807
:102E10004A4ADB6A85B00400934260D10C22A35E6B
:102E20000E21625E1021655E5B4352436D439B1829
:102E30005D198023DB039D4217D9A38D002B50D051
:102E400090231B049D4223D8012325222000A35454
:102E5000FFF7E6FE0B2814D0238D834232D02423C3
:102E600000222085E25405B030BD2523E35C042B0D
:102E700060D900232000E3622363FFF7D1FE0B2813
:102E8000EAD101230B220D21684605F0F5FBEAE7A4
:102E9000E38D002B45D090239B049D42D4D9238EF3
:102EA000002B35D08023DB049D42CDD9638E002BCF
:102EB000CAD101330A220D21684605F0DDFB01234A
:102EC0006386C1E72422A35CE18C042B16D801336E
:102ED000DBB2A3548842C6D0052B11D0C3E7984774
:102EE0009CE701330C220D21684605F0C5FB012348
:102EF000A38590231B049D42A6D9C9E78842B2D07E
:102F0000E084020001230D21684605F0B5FBAAE725
:102F1000013309220D21684605F0AEFB012323860B
:102F2000C0E7013308220D21684605F0A5FB012307
:102F3000E385B0E70133DBB287E7C046F52A01003D
:102F400010B5040088B00291039202A90622123043
:102F5000F8F7D6FD039B029AA169684605F064FB69
:102F60002000694606220C30F8F7CAFD0222E388E9
:102F700020009343E380FFF749FFA188012301224A
:102F800004A805F079FB002008B010BD0368054ACD
:102F9000DB6A10B50400934202D10C23E05E10BD41
:102FA0009847FAE7F52A01000368054ADB6A10B57D
:102FB0000400934202D10E23E05E10BD9847FAE769
:102FC000F52A01000368054ADB6A10B50400934244
:102FD00002D11023E05E10BD9847FAE7F52A010000
:102FE000F0B5DE4657464E46454603008046E0B5FE
:102FF00083B00C20185E0EF05BFD434601900E205E
:10300000185E89460EF054FD434604001020185EF9
:103010000D000EF04DFD02000B0006000F00200019
:10302000290010F00FF80EF001FE434618628246A8
:103030000FF0B2FE834650460FF070FE80231B0651
:103040009C4682465846E1440EF09EFD22002B002D
:103050000DF022FF040050460D000EF095FD3200E9
:103060003B000DF019FF02000B00200029000CF0BE
:10307000EDFF02000B00019849460DF003FB0EF036
:10308000FFFF0EF0D3FD43460222D861DB881343D5
:103090004246D38003B03CBC90469946A246AB461C
:1030A000F0BDC0460368084ADB6A10B504009342CD
:1030B00007D1E3889B0702D42000FFF791FFE06966
:1030C00010BD9847F5E7C046F52A010010B5FFF797
:1030D000E9FF06490CF004FC0EF056FD044A054BCE
:1030E0000DF0D0FA0EF0AEFC10BDC0460000B443A7
:1030F000EA2E4454FB2119400368084ADB6A10B5E4
:103100000400934207D1E3889B0702D42000FFF715
:1031100067FF206A10BD9847F5E7C046F52A010011
:1031200010B5FFF7E9FF06490CF0DAFB0EF02CFDB5
:10313000044A054B0DF0A6FA0EF084FC10BDC04603
:103140000000B443EA2E4454FB211940084A094BBD
:10315000C260094A18600023026102224361836150
:1031600083704360054BFF32028003817047C04685
:10317000CC000020DC0A002004A902000332000079
:10318000F8B503680500DB680C0098472B79077BCE
:10319000C679057A417A827A9C46C37A09202070E2
:1031A000053860706046E77026716571A070A17186
:1031B000E2712372F8BDC046F0B54546DE4657467B
:1031C0004E46E0B5456887B08046002D00D1A8E0A6
:1031D000092400262B682800DB6898478288093478
:1031E0001219C4792D69E3001C1B14190136002D36
:1031F000F0D1200015F0D4FF0700A5B209225649EE
:10320000F8F77EFC2B0AFB704346BD703E715B7A7B
:103210003B7243465C68002C00D198E044239A46F8
:1032200043460926019342E0EB79002B3CD05246FD
:10323000A368697B9A5C80231A43AB7B072098467E
:10324000BB199A7040221A7100225A7142461870B6
:10325000844602385870D9709A71EA79F31D012AB0
:1032600000D876E05146E268FB18525C0E36934671
:103270006A7B9146AA7B5870904662461A705A46FD
:103280009A704A46DA7040221A7100225A714246F8
:103290009A71EB79022B07D91C213048FF31FEF7D8
:1032A000B1FD3220FAF786FC2469002C18D023687F
:1032B0002000DB689847050003A92000FFF760FFA6
:1032C000B819092203A9F8F71BFCAA880936002AB5
:1032D000AAD0B8192968F8F713FCAB88F618A3E749
:1032E000019BFD789846BB782D021D43B54207D05F
:1032F00020211A48FF31FEF785FD3220FAF75AFCEB
:10330000434632005869390007F0CEFB380015F00B
:1033100043FF002007B03CBC90469946A246AB460E
:10332000F0BD092015F03CFF09220B490700F8F712
:10333000E7FB0923BB704346FD703D715B7A3B722E
:1033400043465C68002C00D068E70926D8E70926C8
:10335000CCE71E00A8E7C046ECA80200BCA902000A
:10336000F0B5C64600B52A4B07001B780D00002BB0
:103370003FD12B682800DB689847837998463B78D3
:103380004344082B41DCFF222A7100227C682A6119
:10339000002C1AD02269002A34D01E4E08E0206981
:1033A00003681B69B34216D103690400002B1CD0CB
:1033B0002B681B69B342F2D0280098470028EED052
:1033C00020690028F0D13B7843447D6000203B70A9
:1033D00004BC9046F0BD98470028F1D02000236936
:1033E0002B613B7805614344F0E73B78056143443A
:1033F000ECE7B72108484900FEF704FD3220FAF750
:10340000D9FBB6E720000561E0E70448E0E7C046E5
:10341000130C00203D6B0000BCA9020013FCFFFF51
:10342000024B1878431E98417047C046140C002088
:10343000F8B557464E464546DE461F2391460A7864
:10344000E0B580468A461340012B41D0022B31D093
:1034500001267642350043465C68002C36D01E4B70
:1034600044279B460EE0A368002B02D0DB5DB342ED
:103470000BD0E368002B02D0DB5DB34205D024699A
:10348000002C23D02379AB42EDD1424651694A4604
:103490002368002A14D01B68104A9342EFD052468A
:1034A000200098470028EAD13CBC90469946A246A5
:1034B000AB46F8BD7F2301250E796D421E40CAE759
:1034C0005B685B45EBD12469002CDBD10448EBE75A
:1034D00001260D797642BEE72D6B0000256B0000BA
:1034E00016FCFFFF70B5CB78A2B00400022B4ED0C3
:1034F000012B4FD00F2B2AD0032B2BD18A78017AA6
:1035000091422DD3002A4BD02D498C46C16862448C
:1035100092005558002D23D001AE2800737015F08D
:10352000DAFE01304000C2B2327082283ED82B78D9
:10353000002B07D0694606310B8001352B7802310C
:10354000002BF9D16069310007F0AEFA06E085780A
:10355000002D07D100222000FFF76AFF22B070BDC6
:103560001848FBE701AE392217493000F8F7C8FACE
:10357000AB00ED1835236D010A35F55460692D0A4D
:10358000013339223100F55407F08EFAE6E7FFF7F0
:1035900013FEE3E701691222406907F085FADDE7CF
:1035A00004320A49406907F07FFAD7E754210848F6
:1035B000FF31FEF727FC3220FAF7FCFA3278B6E743
:1035C000FFFFFF3F16FCFFFFB0A80200B8A90200F2
:1035D000BCA90200F0B557464E464546DE46E0B56A
:1035E000CB780D009C46002385B000AF8E78FB8120
:1035F000EB790400A8791B0203434620626909782D
:10360000135260230B4009D163461A026B781643AC
:10361000092B66D87F4A9B00D3589F46402B41D147
:103620006B78402B59D0412B5BD1A278002A54D023
:103630006B467B6093009B180A2293466A465B01A7
:103640009B441133DB08DB00D31A9D46E9460A226E
:1036500071496846F8F754FA5A464B461A72130AEB
:103660004A4653726568002D00D1C4E06B4B0A26B0
:103670009A4603E02D69002D00D1B1E02B681B694B
:103680005345F7D0280098470028F3D0B046C844E7
:10369000A02263494046F8F733FA42462B79A03618
:1036A0001371E7E7012229002000FFF7C1FE6369DB
:1036B000002813DB46229B5A002B06D059485A4952
:1036C000FEF7A0FB3220FAF775FABD4605B03CBC08
:1036D00090469946A246AB46F0BD6369180007F0D4
:1036E00029F86369E6E76369CA06F7D1A9784F4A02
:1036F0001800117000224E4907F0D6F96369D9E726
:103700000123FB810D33F9180122606907F0CCF920
:103710006369CFE7606907F00DF86369CAE72900BC
:103720002000FFF7DFFEC2E7300006F0B3FF002203
:103730003F49606907F0B8F9300006F0A1FF6369FE
:10374000B8E700292FD13A49012E2DD102220B785A
:1037500013430B7028E0002936D0022923D1666874
:10376000002E20D0442399463B339846B068002869
:1037700009D04B46C25C6B7929791B020B43414649
:103780000B409A4240D0F068002809D04B46C25CFA
:103790006B7929791B020B4341460B409A4236D084
:1037A0003669002EE2D122490022606907F07CF9D7
:1037B00063697FE780290FD00E230222F918606920
:1037C00007F072F9636975E71949012EECD10222FD
:1037D0000B7893430B70E7E7154B1B78FB81EBE706
:1037E000B34508D15A464946606907F05DF97B68E0
:1037F0009D4663695EE78A210A488900FEF702FB5D
:103800003220FAF7D7F9EDE706F046FFC8E706F0F1
:10381000A9FFC5E788A80200F8A802003D6B0000D8
:1038200018A90200BCA902003E020000140C0020EE
:10383000120C002070B54468002C0DD0074D02E03A
:103840002469002C08D023689B68AB42F8D0200084
:1038500098472469002CF6D170BDC046356B000036
:10386000F8B55746DE464E464546E0B50700406986
:10387000002804D015F090FCB86915F08DFC4820A4
:1038800015F099FC040040230022002106F0C6FF39
:103890007C61482015F08FFC0400402300220021A9
:1038A00007F004F80023BC617C68BB70002C00D1D9
:1038B00080E001229246414A9046414A914624E0E6
:1038C000EA799A4201D3022A06D93D483D49FEF7DA
:1038D00099FA3220FAF76EF9A068002803D015F0A3
:1038E0005BFC0023A360E068002803D015F054FCC3
:1038F0000023E360EB79002B1FD1A979246951449F
:10390000CBB29A463300002C3BD05E1C2371236857
:10391000F6B21A69424544D1DB68200098478379A2
:103920000500022BCCD9992148468900FEF76AFA96
:103930003220FAF73FF9AB79C2E7482015F03BFC9B
:10394000834640236A7B514606F068FF5B46A360CE
:10395000EB79012BD1D9482015F02DFC8346A979AC
:10396000402351440139C9B26A7B06F09FFF5B4690
:10397000E360A97924695144CBB29A463300002C04
:10398000C3D13B78534506D00D480F49FEF73AFAAC
:103990003220FAF70FF93CBC90469946A246AB4656
:1039A000F8BD20009047002802D0BB780133BB70DF
:1039B0002368B1E701239A46E3E7C0463D6B000068
:1039C000BCA90200660200008102000010B5437825
:1039D0000400013BDBB24370002B08D10948FEF71D
:1039E00011FA094B1A78002A05D0002010BD0748AB
:1039F000FEF708FAF9E7013220781A7006F092FD16
:103A0000F3E7C046F0A90200130C0020DCA9020075
:103A100010B501000348FEF7F5F93220FAF7CAF8AD
:103A200010BDC046BCA9020082B010B50393036864
:103A300002929B69984710BC08BC02B01847C04668
:103A400082B030B5040085B0089202A8082209931C
:103A5000F8F756F8039B5A10A418DB0710D5236813
:103A6000029A9D580AA908226846F8F749F8089A68
:103A7000099B2000A84705B030BC08BC02B018471D
:103A8000029DEFE7F0B5CE4647461E00324B80B5AB
:103A90000360002304000F00436083B01500FEF7AD
:103AA0001BF82E4BA780083323602D4B9D4200DD71
:103AB0001D002C4B65811B689946002B34D02820B3
:103AC00015F079FB0500103004F0F8FD03232F807A
:103AD0006B80182015F06FFB234B07000093002329
:103AE00098460460082200210C300193F9F734FA5B
:103AF0000822381D6946F8F703F81C4B1C4A7B6105
:103B00004346EB60C233AB8043462B626B624B464D
:103B10001B68AF605B68934217D12800FEF75AFF1D
:103B2000280015F039FBA788002E01D1FA2676006F
:103B30003000268103233A00002100F0E5FE20003A
:103B400003B00CBC90469946F0BD29004846984702
:103B50000028E8D0E1E7C046ACA202002CAA02008F
:103B6000FF030000E80A0020293A0100413A010061
:103B70004D1A0100008A7047122210B5C18884B026
:103B800004000A40102A16D00C230B40082B01D049
:103B900004B010BD228AE3899A42F9D80123012298
:103BA000A188684604F068FD0222E388934304225A
:103BB0001343E380ECE7028A83899A42E4D3818845
:103BC00001230222684604F057FD04220221E38803
:103BD00093431943E180D7E710B504000368DB691C
:103BE0009847E388DA070CD56289084B218A9B1A2B
:103BF0004B4350431818800A20822000FFF7BCFF77
:103C000010BD012213432082E380F6E7FF0300008A
:103C1000034B994200DD1900418100207047C046E6
:103C2000FF03000010B50300002909DD89B2080078
:103C300019819A880021032300F066FE002010BD40
:103C4000FA2149000800F3E710B5C388DA0602D567
:103C500082898A4211D002221C009443220010243F
:103C600022438181C2801B0707D5C389013999424C
:103C700000DD190089B200F003F8002010BDC04635
:103C800010B5C3881A0702D5C2898A4211D004220E
:103C90001C009443220008242243C181C280DB0619
:103CA00007D583890131994200DA190089B2FFF7FB
:103CB000CBFF002010BDC046044B10B503600023AD
:103CC0000400C380FDF77CFF200010BDACA2020001
:103CD00030B51025C38885B004001D4208D0818806
:103CE00001230422684604F0C7FCE388AB43E38069
:103CF00005B030BDF0B5C64600B5C38884B0050038
:103D00000E005B0732D503690227DF5F002F16DD47
:103D1000102398460024804402E00134A7420EDDBF
:103D200021B2404604F0CEFDB042F6D1A98801236D
:103D300001226846013404F09FFCA742F0DCE88BC6
:103D4000297F01300AF0F6FF2B8C89B28B4211D00B
:103D5000EB8BAA69D6546B69E983002B02DBEA8BF3
:103D600093420ED01022EB881343EB8004B004BCC6
:103D70009046F0BDA98801230322684604F07CFC2C
:103D8000F4E701235B426B61A98802330222684693
:103D900004F072FCE6E7C04630B5C38885B0040085
:103DA0001B0701D405B030BD838D426AD15C036826
:103DB0009B6A98472823A08DE15C01300AF0BAFF86
:103DC000638D8DB2AB4201D0A585EBE701230222C2
:103DD0000549684604F050FC23680121DB69200096
:103DE0009847A585DEE7C046FF030000F8B5DE462C
:103DF0004E46454657460400E0B5894690469B46E8
:103E0000002A33DD2823478DE15C781C0AF092FFFD
:103E10002822A38D8EB2002592469E420BD112E03D
:103E20005346701CE15C0AF085FFA38D89B2370010
:103E30008B4208D00E004B46626A5B5D0135D3555C
:103E40006685A845ECD15B46012B03D002210848CA
:103E5000FEF70CFA236801219B692000984728008F
:103E60003CBC90469946A246AB46F8BD0025EAE721
:103E7000FF03000070B5C58804006B0707D5036811
:103E80000021DB699847A069F1F7C0FCE5880422AE
:103E90009543E580207FF1F783FEA06100280CD0D8
:103EA0000023E383238404232B43E380236800213E
:103EB0009B6920009847002070BD0148FCE7C04680
:103EC00013FCFFFF70B5C58804002B0707D50368F6
:103ED0000121DB699847606AF1F798FCE5880822C0
:103EE00028239543E580E05CF1F75AFE60620028E4
:103EF00007D000236385A385082300202B43E3809C
:103F000070BD0148FCE7C04613FCFFFF10B5012956
:103F100006D0022900D010BD0020FEF73DFBFAE7D5
:103F2000428D282405E0035D818D9B185B1A002BD0
:103F3000F1DD838D9342F6D8838DD31AF7E7C0461F
:103F4000F0B5D6464F464646002504008A46C0B521
:103F50001F0008AB1E7809AB1B8845609846154BBF
:103F600091460360FDF7B8FD134B20000833236032
:103F70005346A3604B461030E36004F08DFC43468B
:103F8000A3802823013701362777E654293B636154
:103F90008023E288DB011343E583A5616562258404
:103FA0006585A5852000E3801CBC90469946A24605
:103FB000F0BDC046ACA2020054AA0200F0B5C6464D
:103FC00000B51D00C3880600884617009A0729D44B
:103FD000002F25DD002923D002221A43C2801B07AF
:103FE00019D5002401E0A7420DDD43463A1B1919FB
:103FF00030002B00FFF7FAFE290024183000FFF7ED
:1040000085FF002DEFD10222F3889343F380200037
:1040100004BC9046F0BDFFF755FF041EE1D0F6E763
:10402000014CF4E7014CF2E717FCFFFF0DFCFFFF2A
:1040300070B50B000400008C00290BD1E38B834288
:1040400022D0217FA3691D5C01300AF073FE280095
:10405000218470BD217F012B06D1E38B8342F1D1F6
:10406000E38B8342F9D0EDE7022BEBD1E38B834264
:10407000E8D1E08B01300AF05DFEA0886161022189
:10408000FEF7B0FA208CDCE70048E2E70CFCFFFF0B
:10409000F0B5C64600B59846C38806000D00170067
:1040A000DA0700D566E001221A43C2805B072AD5F1
:1040B0004346002B10D10024002F1CDD2E4B9846C8
:1040C00003E028550134A74215D000213000FFF746
:1040D000AFFF4045F5D10EE0012B19D1002F44DD93
:1040E0002C00ED1901213000FFF7A2FF20700134F0
:1040F000A542F7D13C000122F3889343F3802000CE
:1041000004BC9046F0BDFFF7B5FE041ED0D0F6E724
:10411000022B2AD1308CF38B984223D9F28B337F38
:104120009B181B1A9F4210DDF38B317F98421ED9DA
:10413000F38B5B18181AF38BDB19181A0AF0FAFDC7
:10414000B08871610221FEF74DFA002F0DDD2C00C1
:10415000ED1902213000FFF76BFF20700134AC42F3
:10416000F7D1C7E7F38B1B1ADCE70024C3E7F38B17
:10417000181AE0E7014CC2E70CFCFFFF0DFCFFFF43
:1041800070B505000C1E06DB03681B6A9847002803
:1041900000D12C6370BD0148FCE7C04617FCFFFF4F
:1041A00070B5C38804000D0016009A0749D1032298
:1041B0001343C380828D438D9A4239D8828D9B1AD6
:1041C0002268D269002B04DD01212000904723687A
:1041D000DA69002120009047236832005B6A2900D9
:1041E00020009847236800219B6920009847A28DF2
:1041F000638D9A4222D92822A25CA18DD3185B1A22
:10420000002B04DD236801219B6920009847256B62
:10421000002D07DB236829001B6A2000984700282F
:1042200000D1256303220020E3889343E38070BD1F
:104230002822825C818DD3185B1AC1E7A28D9B1A5C
:10424000DEE70148F3E7C0460DFCFFFF70B505004F
:104250001400012A0CD0103004F024FB0026022C9C
:1042600001D0300070BDA8880121FEF7BBF9F8E746
:10427000004EF6E717FCFFFFF0B557464E464546A1
:10428000DE46E0B589B000AFF860BB60CB888846F9
:104290001600DA0700D5D5E05A0700D4D9E001228C
:1042A000134342467B61D3804346128C3A61DB8BD9
:1042B0009A4234D0434693469B699A463368022516
:1042C0005D5F53465A469B5C99465B4601337B6172
:1042D000002D00DC99E001235B4200249A4621B2C4
:1042E000300004F0EFFA484500D1DA463368013473
:1042F00002255D5FA542F2DC43467869197F0AF02A
:1043000019FD4346DC8B8B46A4B28C4200D1A8E059
:104310005346013326D143469B699A46D1E7BB6891
:10432000012B00D1E2E0022B00D084E01C243100FC
:10433000381904F0A9FA022239194046FFF786FF1E
:10434000381904F045FA4346DB8B3819013B9A468D
:1043500004F0A2FA40463919103004F0A3FA3819D3
:1043600004F036FA4346DB887B615346002B62DB60
:104370006B46BB60434652461D7F3B69D21A93464B
:104380009A4562DB5B4669465A1C0833DB08DB0052
:10439000CB1A9D46002168467B60F8F7DDFD434659
:1043A0009B69994653469CB23B69A3420DD06E4629
:1043B0004B463A6929009B5C501C33700AF0BAFCEA
:1043C0008BB23B6101369C42F2D14346188C2900E6
:1043D000013058440AF0AEFC4346198401237A693F
:1043E00079689A4313004246D3805B46F8681AB254
:1043F00004F02EFABB689D46BD46F86809B03CBC87
:1044000090469946A246AB46F0BD43467869197F6F
:104410000AF090FC4346DC8B8B46A4B28C4200D061
:104420004FE7BB68012B26D0BB68022B00D17DE78C
:104430004346DB887B6101237A69F8689A4313005D
:104440004246D38004F028FAD6E7EA1A524493464B
:1044500098E70800FFF70EFD00283BD14346DB88B4
:104460001DE7BB68012B2CD15346013300D079E7FF
:1044700043469B699A464346DB8BA342FBD0534697
:104480001B5D9B46631C7B61002D28DD0023994644
:10449000013B9A464B46300019B204F013FA5845D6
:1044A00000D1A24601239C463368E14402255D5FAA
:1044B0004D45EFDC43467869197F0AF03BFC0C0060
:1044C000D2E7BB68022B00D04CE75346013300D043
:1044D00048E72BE70100F86804F09AF98CE74346B7
:1044E0007869197F0AF026FC0C00C4E743469B69F3
:1044F0003C699A46336802255D5FBCE770B50125CB
:10450000C38804001D420AD1012201311343C38034
:104510000177FFF7AFFCE388AB43E38070BD014850
:10452000FCE7C0460DFCFFFF70B50225C388040000
:104530001D420BD102221343C38028230131C154F1
:10454000FFF7C0FCE388AB43E38070BD0048FCE7A5
:104550000DFCFFFF007F704710B50400074B0833C8
:104560000360103004F034F9054B20002360002371
:10457000E380FDF725FB200010BDC04654AA0200D1
:10458000ACA2020010B580680368DB6A984700207F
:1045900010BDC04610B5806803685B6A984700206C
:1045A00010BDC046F0B5C6460700984600B51400D9
:1045B000FDF73AF9BD687F7B2B6828009E6B5B6C2A
:1045C000984743462200002B02D10A2C00D20A222F
:1045D000821839002800B047FDF718F904BC90464E
:1045E000F0BDC046F8B50600FDF71EF9B0680368D7
:1045F0005B6C9847B469F569B38880B2C31A9BB203
:10460000B0800021180000196941F288B061F161A1
:104610009B180B4A9BB2F38093420ED930697169A3
:1046200001240025074F00196941BC4663449BB231
:104630009342F7D830617161F380FDF7E7F8F8BD78
:10464000E703000018FCFFFFF0B54F46D64646468C
:10465000C0B582B01D000AAB1B88070098460BABA3
:104660001B88C06A99460CAB1B7814009A46002838
:1046700011DD7E6A3388002B14D0330000221833FA
:1046800006E01E001833190018390988002909D0DE
:1046900001328242F5D11E4802B01CBC90469946B8
:1046A000A246F0BD3800FFF79DFFBA69FB691219F9
:1046B0006B4100920193534620002900002B1CD02F
:1046C000009A019B32617361434633804B46B06070
:1046D0007380F160FDF7A8F8BB6A002B03D059691D
:1046E000726991420CD9BE6222002B003800FFF79C
:1046F00059FFFDF78BF80020CEE700200021DFE70F
:104700009142F6D11B6932699342F2D9EBE7C04678
:1047100013FCFFFFF8B50023C56A8362436A002DCE
:1047200020DD002400221988002906D0002C1ED08C
:10473000666959698E421AD815D001321833AA42D7
:10474000F1D1002C0ED0226963698669C7690A24F9
:104750000025A4197D419D4212D80FD0921BBB4168
:10476000FFF720FFF8BD21691E69B142E5D901328A
:1047700083621C001833AA42D5D1E2E79442EDD9F6
:104780000A220023FFF70EFFECE7C046F0B54E46C5
:10479000DE4657464546E0B506008BB000290BD0F3
:1047A0008468077B236820009D6B5B6C98472E4BC9
:1047B0003900C2182000A8473000FFF713FFF16A44
:1047C000B0460E0043465C6A002E38DD002300250B
:1047D0009A46474631002688002E27D0BB69984666
:1047E000FB699C46226963690492059363451DD861
:1047F00001D142451AD8A068E16863889946030050
:104800000B439B4625D12380BB6AA34228D00123BA
:104810000293434600936346310001934A4606A83B
:1048200003F03AFF01239C46F96AE244013518344B
:10483000A942D0DC5346B8460E00002BC2D14046F8
:10484000FFF768FF0BB03CBC90469946A246AB46CA
:10485000F0BD049A059B12184B4122616361D6E7B3
:104860005B46BB62D3E7C04680969800094B10B503
:104870001B68002B07D01A7B1041C20704D400210B
:104880001800FFF783FF10BD01211800FFF77EFF1E
:10489000F9E7C046E40A0020064B10B51C6800206A
:1048A0000021002C04D02000FFF79CFE20696169E4
:1048B00010BDC046E40A0020064B10B51C6800205D
:1048C0000021002C04D02000FFF78CFEA069E169D4
:1048D00010BDC046E40A002030B50D0008490400B0
:1048E000086885B0002809D0012101930092029147
:1048F00022002B00FFF7A8FE05B030BD0148FBE702
:10490000E40A002016FCFFFF70B51E000B4B84B0BC
:104910001C681500002C0FD0FA22002392000AF028
:10492000CBFA0B00012102000291019600952000B4
:10493000FFF78AFE04B070BD0148FBE7E40A0020DF
:1049400016FCFFFF70B50D4D2C68002C14D0200014
:10495000FFF748FE0A4B0B48A66998472C682000D1
:10496000FFF740FEA16907480539891B0AF072F874
:10497000054B1860002070BD0448FCE7E40A0020E5
:10498000D900002010270000E00A002016FCFFFFDD
:1049900070B5040016001C4A0D0008320260A160C8
:1049A00043730A23194AC362106006730121F02081
:1049B000FDF7CAFF00230022A36200232261636186
:1049C000A261E3612B6812499A6960628A4215D13B
:1049D000104AEA603100104A28009B6B9847A06893
:1049E00003681B6A98470023A068E38003685B6C38
:1049F0009847A080FFF7A6FF200070BD280005495A
:104A00009047A5682B68E5E790AA0200E40A002019
:104A1000959100006D48010080969800F8B5134DFF
:104A200007002C68002C1ED0114B1868002815D1E7
:104A30002000FFF7D7FD3A00A669E7690023B61802
:104A40005F412C682000FFF7CDFDE369BB42F8D33E
:104A500002D1A369B342F4D30020F8BD7843054BDB
:104A600098470020F9E70448F7E7C046E40A002029
:104A7000E00A0020D900002016FCFFFF0048704724
:104A80000BFCFFFF10B50400034B08330360FFF776
:104A900013F9200010BDC046A0AA020010B5040002
:104AA000044B08330360FFF707F9200014F074FB90
:104AB000200010BDA0AA02004069054A036810B595
:104AC0005B69934201D1034810BD9847FCE7C0469B
:104AD0007D4A01000BFCFFFF70B5FA230D001100A9
:104AE000D922040092005B00FEF7CCFF044B656105
:104AF000083320002360FFF76FF8200070BDC04628
:104B0000A0AA0200004870470BFCFFFF0048704756
:104B10000BFCFFFFC38801201840704710B504004C
:104B2000034B08330360FDF7A7FF200010BDC0460C
:104B3000C8AA020010B50400044B08330360FDF757
:104B40009BFF200014F028FB200010BDC8AA020023
:104B500010B5C38888B00400DB0401D408B010BDD0
:104B60000368DB699847237CE288002822D00B2B5E
:104B700004D80133DBB22374082B22D9D30731D5F3
:104B800003231340012BE9D1FFF786FE0023E268DF
:104B9000801A9941002902D1284B9842DED902227D
:104BA000E388A1881343E3800522012304A803F0CE
:104BB00063FDD3E7002B06D0013BDBB22374082B47
:104BC000DCD8012BDCD801231342D9D09A43E280F0
:104BD000A1880222684603F04FFD637C012B13D0AD
:104BE000E288CDE701231343E3800122A18801235A
:104BF00004A803F041FD238901332381FFF74CFE14
:104C0000237CE060E288DCE7FFF746FE0023E268F1
:104C1000801A9941002902D1094B984206D9A188EE
:104C20000123042204A803F027FDD9E7A18801236A
:104C3000032204A803F020FDD2E7C046DB050000F4
:104C4000E703000010B504004069064A03685B688A
:104C5000934205D10448A37C181A4342584110BD21
:104C60009847F8E7054B01000BFCFFFFF8B5CE466F
:104C700047460400914680B5984608AB1F7809ABBB
:104C80000D001E78FDF714FF0F4B104A0833236008
:104C90004B46A3804346637400232374E3602B6870
:104CA00065611B6CA774934209D18023E2889B0144
:104CB00013432000E3800CBC90469946F8BD3100B8
:104CC00028009847F1E7C046C8AA02000D4B010032
:104CD0004174704700487047E8FD000080239B0046
:104CE00030B5D0184902094B0A2506E05C18247932
:104CF000013114700132824206D01C688C42F5D812
:104D0000157001328242F8D130BDC046B006002095
:104D1000F8B54546DE4657464E460C00E0B590468F
:104D2000002833D01A4B82469B46002301270500FA
:104D30009946C2443F1A2E78002E06D031005846BC
:104D400014F0A9FA002800D05F264A4626700234E3
:104D5000631E1A702A78EB19002A11D1984506DDD6
:104D6000FF2201332270627002349845F9DC00237F
:104D70009A4650463CBC90469946A246AB46F8BD82
:104D80000135AA45F5D0002DD5D1E9E70023E7E7A5
:104D900018AB0200F0B54E46DE4657464546E0B534
:104DA0004D4B4E4CD968A54414000A004C4BB03A08
:104DB00006009A427FD80B78002B00D189E00A2B9D
:104DC00000D186E00B0001E00A2A03D001331A78F3
:104DD000002AF9D18B4200D87BE00025013B8B42B1
:104DE00008D01A78202A05D04F2AF7D1013B012597
:104DF0008B42F6D10F239946013C5ED3802208A94D
:104E00009200300002F0AAFE002DF5D0354B089F2D
:104E10009F42F1D1099A344B90469A42ECD1FE233D
:104E20005B009B461020594604AA121852582F4B7B
:104E300092469A42E0D10A9B0193DB07DCD44423DB
:104E4000B2683000D25C0292F268D35C039303F044
:104E5000A5F8089B0193BB42CED1099B0193434522
:104E6000CAD110215A4604AB5B189B585345C3D195
:104E7000194B1B4ADB68B03B9342BDD8164B9A686E
:104E8000174B1100B0399942B6D801231A42B3D05A
:104E9000002104AF798049463B70029B05900B408E
:104EA00049467B70039B06940B40BB7008AB07938D
:104EB00038009047A0E70E4984E7300002F0F2FF87
:104EC00089239B009D443CBC90469946A246AB4634
:104ED000F0BD00258EE7C046F01F0000DCFDFFFF9F
:104EE0004F1F00005546320A57515D9E306FB10A80
:104EF000E8A1020010B5436849028B420CD9802119
:104F00008900C368501819781170197801324C1E45
:104F1000A1415B189042F6D110BDC0460300613B31
:104F2000010010B50120192B02D92033192B00D80C
:104F300010BD1133092BFBD9024814F0ACF9431E04
:104F40009841F5E724AB0200F8B520234746CE464A
:104F500099463F330C000500984680B5871826789F
:104F6000002E16D03000FFF7D9FF00280ED03300F6
:104F7000613B0134192B01D8203EF6B22E70013569
:104F8000AF42ECD10CBC90469946F8BD2E2E0CD108
:104F9000084C4B462B7004E0FFF7C0FF0028EED111
:104FA000013420780028F7D1E9E7002EF1D04346FC
:104FB0002B70F6E76CA30200F8B5436A002B2DD0E6
:104FC00000240026102504E01E60466A131E42627B
:104FD00008D0997C1A680D42F6D11C60446A131EF1
:104FE0004262F6D144620025002C17D0802189004E
:104FF0008C466368258263441A00DB17DB05DB0DF2
:105000009B185B12ED18237D002B0FD12368002B1A
:1050100005D01C00EAE72368002BFAD1F8BD266012
:10502000002EFBD0330000261C00DFE7002EF2D05C
:10503000F26837009A4205D03F68002FE6D0FA6840
:105040009A42F9D12000153014F045F90D210D30A8
:1050500009F000FD7B6801309C46400160447860A7
:10506000D4E7C046F0B5C64600B5C668184F3368E9
:1050700088461B6B14000D02BB4221D18020C00268
:10508000A84202D804BC9046F0BD124B124A2360DD
:10509000124B6360FE235B00E2504346636133685A
:1050A0001B6BBB420FD18020C0008022A06120007A
:1050B0005200E560226129002030F6F721FDE1E78A
:1050C00030009847DCE730009847000AEDE7C0461B
:1050D00075F400005546320A306FB10A57515D9E93
:1050E000F0B5DE46454657464E46E0B512018BB058
:1050F000524204000D0003939346002B05D1002A71
:1051000000D19BE001239C46E344636A9A46002B4E
:1051100000D18AE00023029305E053461B689A46BB
:10512000002B00D181E05346039A1B7D9342F4D1BA
:10513000029B013302935B460F2B76DC564607AC8D
:105140001536310020000822FFF7FEFE2E21300028
:1051500014F0A1F800286FD0411C032209A8FFF722
:10516000F3FE04AB591C0298FCF730FC7E2304AA22
:105170001000137014F0AFF80200201A04A90830D0
:10518000F6F7BEFC00233000E37214F0A4F80D2102
:105190000D3009F05FFC431C9946B04600275B00C8
:1051A0004B449B004B441A3B9844C6B201905B466B
:1051B0000F2B29D8019BBB4257D02E70002F50D007
:1051C0000F23EB7200232B73002300211A005308D6
:1051D000D2011343625C01319A18D2B20B29F6D185
:1051E00000236A73AB76EB76691C05224046FFF715
:1051F0008FFD290006220E31FFF78AFD29000222C9
:105200001C31FFF785FD203501239C460E3BE3440E
:105210009C46013E0137E044F6B24F45C7DB53469A
:105220001B689A46002B00D07DE70BB03CBC904633
:105230009946A246AB46F0BD18488DE70368184A68
:105240005B6B93420AD1174928000B22FFF77CFEC3
:105250002823EB72273B20359B4656E798470100F1
:10526000F2E7402333432B70AAE70B2221002800EA
:10527000F6F746FC53469B7CEB7253465B681A0A72
:105280002B776A771A0C1B0EEB775346AA771B8A8B
:1052900002339BB2AB761B0AEB76B4E754A602004E
:1052A0007DF40000C8A60200F8B580271400BF00F6
:1052B0000E0005003A0000212000F7F74DFE002EF9
:1052C00058D0FE235B009E421ED9BE4200D86CE03F
:1052D0004A4B686A9C466644002814D0018A8E4274
:1052E0000ED38027BF00BC46436863441A00DB1717
:1052F000DB05DB0D9B185B125B18B34200DD6EE033
:1053000000680028EAD1F8BD731EFD2B4BD801229E
:105310001B02D21A002B03D11021494221800234F2
:10532000002A03DB01225242228002346D6A002DE2
:10533000E9D0022201260220D31A76428021890078
:105340008C466A686244D117C905C90D891849128B
:105350004A1E002A32DD421C411803E010000132CF
:1053600091422BD00133012B01D422800234FF2B38
:10537000F4DDC8E726003E2221492000F6F7C0FBF5
:105380002B68204A5B6B2B36934224D11E490B229B
:105390003000FFF7D9FDFF2355225B00E2541B4B81
:1053A0005532E254AFE7FE3BB1E73200FE3AFF3A36
:1053B000002321002800FFF793FEA4E71A00013321
:1053C000002A01DB26800234FF2B9CDC2D68013093
:1053D000002DB3D197E7280098470100D7E7837CD9
:1053E000711ADB0603D48368220098478BE7037B9E
:1053F0000A0028002100FFF773FE84E7FFFDFFFF8E
:1054000028AB02007DF40000C8A60200FF010000E6
:10541000F8B5436A05000C001700002B03D01A8A68
:10542000114B9A421CD08020800013F0B9FE060078
:10543000002F0ED03F19210032002800FFF734FF63
:105440008022310092002800013402F0C7FBA742FD
:10545000F1D1300013F0A0FE280002F023FDF8BDCA
:10546000FFF7AAFDDFE7C046FFFF000010B504000C
:1054700002F052FB034B20000833236000236362D9
:1054800010BDC04668AB0200F0B557464E46DE463A
:105490004546E0B583B098460CAB914604CB466ACE
:1054A0001B7807008A4693460193002E07D0328A64
:1054B000174B9A4203D03220F8F77CFB7E6A4046B5
:1054C00013F009FF05001930F0F76AFB040006220B
:1054D00000211230F7F740FD20006A1C41461530CC
:1054E000F6F70EFB5B4663605346A3604B46E360F2
:1054F000019B2000237501235B42266023827C628E
:1055000003B03CBC90469946A246AB46F0BDC046AF
:10551000FFFF0000F0B5050083B008000C00160086
:105520001F0013F0D8FE01970090330022000349BA
:105530002800FFF7A9FF03B0F0BDC046F54E0100FB
:10554000174B30B5D968174B0A00B03A83B0040046
:105550009A4200D914490023144A2000FFF7DAFFC9
:105560002368134A1B6B934216D180200003002549
:105570000090220001950F4B0F492000FFF784FF98
:105580008023DB00009301950C4B22000C49200086
:10559000FFF77AFF03B030BD200098474000E6E7F0
:1055A000F01F00004F1F0000E8A10200F0AA020057
:1055B00075F4000000AB0200655001000CAB020066
:1055C000DD4C010010B5002482B0130001940A00E4
:1055D00000940021FFF758FF1023837402B010BD20
:1055E000004870470BFCFFFF044B10B5036000231D
:1055F0000400C380FCF7E4FA200010BDACA2020056
:10560000064B10B5036000230400C380FCF7D8FAF2
:10561000200013F0C1FD200010BDC046ACA2020066
:1056200070B50400C068002812D003680E4D1B68D6
:10563000AB4216D1206903681B68AB420ED10A2029
:10564000FCF7AAFF2000094901F0A2FF002070BD6D
:105650002069054D03681B68AB42F0D001219847D3
:10566000EDE701219847E5E7E1550100A8AB02000D
:1056700010B5040001F0FEFB034B01220833236048
:105680002D232000E25410BD1CAC02000020704706
:1056900000207047004870470BFCFFFF0048704730
:1056A0000BFCFFFFF0B5056885B008220400290057
:1056B0006846F6F725FA194B009A9A421CD0270043
:1056C000009300230822694602A808370193F6F7E1
:1056D00017FA082202A93800F6F712FA6068104992
:1056E00003685A698A420ED19E690E4B00249E427D
:1056F00004D1200005B0F0BD019CFAE740233A0038
:105700002900B047F5E729009047606825680368DD
:1057100000249E69034B9E42EBD0EFE7DAC0000005
:10572000955601009D56010070B5802204000D00C1
:105730006160520000210830F7F70EFC2B680E491B
:105740001A6800268A4209D19B680C4A93420DD1FF
:1057500026602000FFF7A6FF200070BD28009047BC
:105760002B68064A9B6806009342F1D028009847B0
:105770000001361AECE7C0468D5601009156010033
:10578000F0B5C64600B504008846FFF78BFF071E3C
:1057900022D03020246813F00EFD3022002108347E
:1057A0000600F7F7D9FB002F12DD002503E00135D5
:1057B0003034AF4212D0210030223000F6F7A0F989
:1057C0003100404613F075FD0028F0D1AF4205D0FE
:1057D000300004BC9046F0BD0026F9E7300013F01D
:1057E000DBFC0026F4E7C04610B509680431FFF77A
:1057F000C7FF10BDF0B54E464546DE465746E0B5FC
:105800000600C3B008000D009146984613F063FDF2
:10581000441C102C00D9B9E04346202B00D9B5E038
:1058200029003000FFF7ACFF071E0CD04246494666
:10583000103013F0E0FC824603003800002B00D14A
:1058400093E013F0A9FC2200290006A8F6F758F906
:10585000424649460AA8F6F753F930003768FFF781
:1058600021FF30228046002112A8F7F775FB08239C
:1058700099468022B1445200002148463C00F7F787
:105880006BFB43460834002B00DC7DE05B0001939A
:1058900043441B010833FF18002335009A463E4B52
:1058A00010359B460DE0302212A92AA8F6F728F9F8
:1058B0003034280030222AA9F6F722F93035BC42CC
:1058C00023D02100302212A8F6F71AF906A912A84F
:1058D00013F0EFFC0028E6D15B4602934346082212
:1058E00002A948460393F6F70BF9302206A91EA831
:1058F000F6F706F9280030221EA9F6F701F9012370
:1059000030349A463035BC42DBD1019B4344980089
:105910005346841C002B17D14346052B39D01E4B10
:1059200008220493434604A9013348460593F6F739
:10593000E7F8302206A936A8F6F7E2F8A0004844B6
:10594000302236A9F6F7DCF87068144C0368316829
:105950005A69A24213D100229C69114B92469C4283
:1059600005D040234A46A04701E013F015FC5046FD
:1059700043B03CBC90469946A246AB46F0BD90472A
:10598000706831680368E6E70224C8E7054B9A4669
:10599000EDE7054B9A46EAE7DAC0000095560100AC
:1059A0009D56010017FCFFFF13FCFFFF10B50968AF
:1059B0000431FFF71FFF10BDF0B55746DE464E46D7
:1059C0004546E0B5A1B081468A46FFF76BFE071E4B
:1059D00000D17FE04B463022002108A81C68F7F771
:1059E000BBFA082348464B449846F8220021103061
:1059F000F7F7B2FA384B082202A9404608349B4612
:105A000002930397F6F77CF8002F59DD00230093EB
:105A10007B1E0025022601930FE0302208A914A85E
:105A2000F6F76EF8B0004044302214A90135F6F7BD
:105A300067F80C363034AF4219D02100302208A864
:105A4000F6F75EF8514608A813F033FC0028E4D1BD
:105A50005B460493019B082204A940460593F6F790
:105A60004FF80123013500933034AF42E5D1009B5C
:105A7000002B25D04B46586819680368174C5A69A3
:105A8000A2420CD19D69164B00249D4211D12000E9
:105A900021B03CBC90469946A246AB46F0BD90472B
:105AA0004B4658681968036800249D690C4B9D4259
:105AB000EDD07B00DB199B0002334246A847E6E7A6
:105AC000054B082206A9404606930797054CF6F7B2
:105AD00017F8DCE7034CDAE7DAC00000955601005E
:105AE0009D5601000CFCFFFF10B509680431FFF75B
:105AF00063FF10BD10B504004068064A03685B6987
:105B0000934204D12000FFF7CDFD002010BD216895
:105B10009847F7E795560100422310B5C152036834
:105B20009B6A984710BDC0464223C05A7047C04682
:105B3000442310B5C15403689B6A984710BDC04602
:105B40004423C05C7047C046F0B5C646422300B54A
:105B5000C25A2B4E5101891A890089180400C900C4
:105B60003000984602F026FFFA21890008F072FF03
:105B700043464425234FE052615D380002F01AFF8E
:105B800043466055E25A30005101891A890089184C
:105B9000C90002F0F5FE072203004026A06B134364
:105BA0000268DBB29269A15B90462022C0470028C0
:105BB00024D1A06BA15B036822229B699846102325
:105BC000C04700281AD1615D380002F0D9FE0300F9
:105BD000A06B1B010268DBB29569A15B2322A84779
:105BE00000280BD1A06BA15B036824229C690823C9
:105BF000A047002802D104BC9046F0BD0248FAE755
:105C000044AC02003CAC02000EFCFFFF10B50400E7
:105C1000034B08330360FCF771FF200010BDC04642
:105C2000A4AC020010B50400044B08330360FCF779
:105C300065FF200013F0B0FA200010BDA4AC0200F4
:105C400070B5002903D103689B6A984770BD402353
:105C5000846BC15A236820229D6920000023A84735
:105C6000F4E7C046F0B5C6460400884600B5170004
:105C700006AA168807AA158819002A00FCF79EFFB5
:105C80000E4B4622083323604346A3630023E76399
:105C9000A35222004632538093801422E380403383
:105CA000A580E6520233E2520233123AE254200057
:105CB000FFF74AFF200004BC9046F0BDA4AC0200F0
:105CC000F0B5C646802300B5C288DB011343C3800C
:105CD0000400C06B264A036886B05B68934205D116
:105CE0000025280006B004BC9046F0BD9847070088
:105CF0000128F5D140230622A06BE15A984603689B
:105D000004AE009201971D6AA2323300A847051E17
:105D10002CD10320FBF796FD4346A06BE15A0368A4
:105D2000019700971F6A0F2331226B44B847032362
:105D3000052701204422F356F75730564626A25C29
:105D4000C0005043A053011C4820DB005343FF0018
:105D50007A4323520230225220681B0489B2120473
:105D60001943120C036B20009847BAE7014DB8E7BE
:105D7000054B01000EFCFFFF10B5FFF7A1FF00204F
:105D800010BDC04610B5FFF79BFF10BDF8B50189E7
:105D9000414A4B015B1A9B005B180400DB009342F5
:105DA00062DC3E4A93425FD83D4A934263D83D4A03
:105DB000934263D83C4A934263D83C4A934263D8A7
:105DC0003B4A934263D83B4A3B4D934262D8A37A05
:105DD000042B45D8022B4AD80227384EFA212868CE
:105DE000890008F037FE2081206CA7720368218F9C
:105DF0009F692A220023B84700282FD1206C218FC9
:105E000003682B229F691023B847002826D1206CF5
:105E1000218F03682D229F690123B84700281DD1D7
:105E2000206C218F03682E229F690123B847002828
:105E300014D1206C73780268218F96690E22B047C6
:105E400000280BD10122206C2B79218F134302688B
:105E500094692A22A047002800D1F8BD1848FCE721
:105E6000164E08270436B9E7134D3835AFE7134E01
:105E700004270236B2E7104D3035A8E70E4D28351D
:105E8000A5E70D4D2035A2E70B4D18359FE70A4DCC
:105E900010359CE708359AE700C40900007102003C
:105EA00080380100204E00001027000088130000F9
:105EB000C4090000E2040000E8AC0200E0AC02000B
:105EC0000EFCFFFF10B50368DB6A984710BDC046A3
:105ED00010B50400034B08330360FCF70FFE2000ED
:105EE00010BDC04628AD020010B50400044B0833B5
:105EF0000360FCF703FE200013F04EF9200010BDF4
:105F000028AD020070B5002903D103689B6A984749
:105F100070BD046C018F23682A229D692000002334
:105F2000A847F5E78023F0B5C288DB0187B00400FD
:105F30001A4201D11343C380E06B1B4A03685B68BC
:105F4000934203D10025280007B0F0BD98470028F0
:105F5000F8D10122206C04AE036801920532009250
:105F60001D6A218F3300053AA847051E1AD1022267
:105F7000A37AB2569C46D2005A4304236146F35694
:105F800002A8DB004B4321680F6B00217156664667
:105F9000C90071438380018042800299039A2000E6
:105FA000B847D0E7014DCEE7054B01000EFCFFFFDF
:105FB000F8B504000E00170006AA158807AA1900F4
:105FC0001288FCF7FBFD094BE76308332360266466
:105FD00025872000FFF7DAFE002804D18023E2881D
:105FE0005B011343E3802000F8BDC04628AD0200EA
:105FF00010B50400034B08330360FCF77FFD20005D
:1060000010BDC04674AD020010B50400044B083347
:106010000360FCF773FD200013F0BEF8200010BDF4
:1060200074AD020070B5002903D103689B6A9847DC
:1060300070BD4023846BC15A23686B229D69200088
:106040004023A847F4E7C0460300402210B5995A00
:106050000123806B84B00268019300930E33146AAD
:106060006B447522A047002805D16B46D87B4006BB
:10607000800E04B010BD0148FBE7C046FFFF0000E2
:1060800070B504004025806B615B03686B229E69DC
:106090008023B0471420FCF77FFAA06B615B036894
:1060A0006B229E690023B047A06B615B03681A22D4
:1060B0009E690123B047A06B615B03681B229E6948
:1060C0001823B047A06B615B036819229E692023E7
:1060D000B047A06B615B036837229E693023B047ED
:1060E000A06B615B036838229D690123A8472000EB
:1060F000FFF7AAFF01000248FBF784FE002070BDF5
:1061000064AD0200F0B5C6460400884600B517002D
:1061100006AA158807AA168819003200FCF74EFD5A
:106120000E4B4422083323604346A3630023E763F6
:10613000A35222004432538093806D00E3804033A9
:10614000A680E5522C3B2381123BA3722000FFF76F
:1061500097FF200004BC9046F0BDC04674AD02001D
:10616000F0B5CE464746802380B5C288DB01134395
:10617000C3800400C06B364A036887B05B689342F3
:1061800006D10026300007B00CBC90469946F0BD01
:1061900098470128F5D140230E22A66BE15A3368B7
:1061A00002AD019000921F6A30002B002D32B847DB
:1061B000061E4BD12B786A781B021A4313B29946FC
:1061C000AB78EA781B021A4313B22F7998466B79A1
:1061D0002A7A3F021F436B7A120213434422A352CE
:1061E000AA7AEB7A120213434622A3522A7B6B7BD4
:1061F000120213434822A352AB79E8791B021843D9
:1062000000B2830018182221400008F0ADFC114BA9
:106210003FB29C4642236044E0524B46DA170F23BC
:106220001A404A441211A2814246D2171A404244EF
:106230001211E281FA171340DB191B112382236824
:10624000E1681B6B2269200098479BE7024E99E7A3
:10625000054B0100450E00000EFCFFFF10B5FFF7D7
:106260007FFF002010BDC0460368054ADB6A10B5F9
:10627000934202D1FFF774FF10BD9847FCE7C04678
:106280005D62010082B002480092019302B0704743
:1062900016FCFFFF4069002904DC05E00139406A73
:1062A000002901D00028F9D17047C04682B030B52E
:1062B000040085B0089202A808220993F5F720FC93
:1062C000039B5A10A418DB0710D52368029A9D5827
:1062D0000AA908226846F5F713FC089A099B2000D2
:1062E000A84705B030BC08BC02B01847029DEFE7D4
:1062F000F0B5C6460D0000B500293DD04469002721
:10630000002C39D01D4B0226984606E0A368AA68E7
:1063100093420FD0646A002C1AD0AA88A3885340F5
:106320001E42F7D11642F1D0A968A06802F074FBB2
:10633000002813D02B88002B14D16B88002B17D189
:106340004246A38801371343A380646A002CE4D13A
:106350000020002F10DD04BC9046F0BDAB881E422B
:10636000D8D1D3E722889A42D4D16B88002BE7D0CA
:1063700062889A42CED1E3E70148ECE70080FFFF54
:1063800017FCFFFFF0B5070085B00D1E00D169E0D6
:1063900044690226002C08D15FE0A3881E4209D080
:1063A000914213D0646A002C19D0AB8821682A6806
:1063B0001E42F2D19142F5D1A368AA689342F1D16D
:1063C000A3881AB2002A43DB274821E0A968A06805
:1063D00002F022FB0028F3D1646A002CE5D17B692E
:1063E0002A889C461C1E01D130E00B001888904280
:1063F00010D2596A1C000029F7D163451DD0596A93
:1064000069625D6201231949684602F035F900208E
:1064100005B0F0BD904223D16E885988B14204D3B3
:106420001EE04C88B442E8D20B00596A0029E4D03F
:106430000C888442F5D06345E1D119888A4204D39F
:10644000DDD1588869888842D9D96B627D61D9E7E6
:106450005B045B0CA3800448DAE70A887D61D1E71E
:106460002300CAE70248D3E716FCFFFFFD03000044
:1064700017FCFFFFF0B5C64600B5838882B0040064
:106480005A0703D59A0635D4DA0642D404221343B8
:1064900018229046A38002260127A0441AE0E36850
:1064A000206900936169A269E369A847A388DA06B5
:1064B0001DD5256A002D1AD0200010222900103089
:1064C000F5F71EFB2B692800236212F065FEFCF72E
:1064D00059F8A388A5681E4210D11F42DFD1E36995
:1064E00020696169A269A847A388DA06E1D4042279
:1064F0009343A38002B004BC9046F0BD08224146FD
:106500006846F5F7FDFA22696369280002F06CFA23
:10651000CCE70100082218316846F5F7F1FA226944
:1065200063692000FCF760FAE4E7C0461D4BF0B554
:106530001A008DB00832283304000260836006A878
:1065400002F0BCF80F231820029312F034FE00264C
:106550000700154B0460082200210C3000930196BF
:10656000F6F7FAFC08226946381DF5F7C9FA0F4B11
:1065700002AD7B61122329002000AB80AF60EE608A
:106580002E626E62FFF7B4FE2800FCF723FA2000AB
:10659000074BE681A3600830FBF712FB20000DB02B
:1065A000F0BDC046C4AD02004D680100AD620100FF
:1065B000ACA2020008B4024B9C46083808BC6047F5
:1065C0002D65010010B50400FFF7B0FF200012F0A8
:1065D000E3FD200010BDC04608B4024B9C460838BD
:1065E00008BC6047C5650100F0B50025254B83B0A8
:1065F0000360254B04008360C5600830FBF76CFA2C
:10660000224B65611A00283308322260A360A5611D
:10661000E5616584282012F0CEFD0600103002F0FE
:106620004DF81B4B1820336012F0C5FD0700194BC5
:106630000460082200210C3000930195F6F78CFCD1
:106640006946381D0822F5F75BFA134B31007B6170
:10665000C2232000B760F560B38035627562FFF732
:1066600091FE002807D10D4B1A68002A00D11C604A
:10667000200003B0F0BD3000FCF7ACF9300012F0A0
:106680008BFDF0E7B8AD0200ACA20200C4AD020081
:106690000F0002004D680100AD620100E80A002011
:1066A00070B50400FBF7C0F8A569002D06D02B6972
:1066B000A361002B06D0638C013B6384FBF7A6F833
:1066C000280070BDE361F6E7F8B5CE464746446959
:1066D00080B581460027002C20D004239846A3884B
:1066E00000261AB2656A002A08DB2600002D15D0A4
:1066F0002C00A388656A1AB2002AF6DA42461A42CA
:10670000F3D1002E0FD07562656A2000FCF762F9A4
:10671000200012F041FD0137002DE9D138000CBCFA
:1067200090469946F8BD4B465D61EEE7F8B54746A1
:10673000CE46446980B50D0017000126002C1FD0FD
:106740001F4B984623882A889A4201D0002B14D1E7
:1067500063886A889A4201D0002B0ED1FBF77EFD38
:106760000123002806D0A288BF331340C03B5A4201
:106770005341DBB2BB4208D00026646A002CE1D151
:1067800030000CBC90469946F8BDA38899461BB2D0
:10679000002BF1DB2000102229001030F5F7B0F9B2
:1067A0004B465B0603D4FBF759FD002803D12000BC
:1067B000FFF760FEE1E721004046FBF783FFDCE7DF
:1067C0007564010070B5012286B004000D00C66931
:1067D000FFF7ACFF002802D1638C092B01D906B06A
:1067E00070BD2900102202A8F5F78AF9182012F0CE
:1067F000E2FC0500082204A96846F5F781F9029A2F
:10680000039B280001F080FFFBF70EF8002E0BD051
:1068100033692B6135612B69002B09D0638C0133FF
:106820006384FAF7F3FFDAE7A369A5612B61F3E765
:10683000E561F3E782B010B502A902920393FFF776
:10684000C1FF002010BC08BC02B0184782B070B570
:10685000050004920593FFF737FF0BE001000022CB
:106860002800FFF763FF200012F096FCFBF7A0FD65
:10687000002804D02800FFF713FF041EEED170BCDF
:1068800008BC02B01847C046024B1888421C1A8048
:106890007047C046D4020020C38803201840033844
:1068A000434258417047C04682B030B5040085B0BD
:1068B000089202A808220993F5F722F9039B5A10BF
:1068C000A418DB0710D52368029A9D580AA908224C
:1068D0006846F5F715F9089A099B2000A84705B006
:1068E00030BC08BC02B01847029DEFE710B50400A9
:1068F000034B08330360FCF7BFF8200010BDC0460F
:1069000004AE020010B50400044B08330360FCF72A
:10691000B3F8200012F040FC200010BD04AE0200CD
:10692000110082B070B588B00C920D9343898CB27F
:106930000500120C9C420CD0022A2AD0052A00D154
:106940008BE0012A00D17DE008B070BC08BC02B029
:10695000184781890E00022A1CD0052A34D0012A4A
:10696000F2D1C3881343C3808C4200D16DE0A142B1
:1069700000D16EE00223EA881340002BE4D001230B
:10698000A988012204A801F077FE2B8901332B810D
:10699000DAE71E00B3422BD0A989B14268D09C42ED
:1069A0006AD0AA891100944200D19FE0A97B0129F5
:1069B00000D1C4E0944200D1B0E09C42C4D1102286
:1069C000EB889343EB80BFE70422C3881343C38063
:1069D0008C4245D0A14247D00823EA881340002BBF
:1069E000B2D0A9880123052204A801F045FEABE737
:1069F0000122E9880A40002AD1D00123A988022275
:106A0000684601F039FE6B899C4200D17EE0AA897C
:106A1000A988A24240D00123032204A801F02CFE41
:106A20006B89B34203D11021EA880A43EA80AA891C
:106A3000B24200D17EE09C4256D0944200D083E71F
:106A4000EA8856E08689B44203D10222EB881343D8
:106A5000EB800123EA8813408FE78689B44203D193
:106A60000822EB881343EB800423EA881340B6E73F
:106A70000222E9880A40BEE7E8880200C1061FD565
:106A8000AA89012301009943E980944228D0230078
:106A900004208143E9808DE70820EA88104000281F
:106AA000B9D0B34237D0AB89B342B4D108231A402E
:106AB000002AB0D00123042204A801F0DDFDAFE7D5
:106AC000A97B01293ED104231A40002A37D0012393
:106AD0000422210004A801F0CFFD6B89AA89AAE74E
:106AE000032301009943D2E7E888CAE7EA889006C1
:106AF0002DD50221100088430100E8809C4224D05B
:106B00000A239A4320239A43EA801DE70420EA8857
:106B1000A9881040C3E704231A40C9E7E98808227E
:106B2000080090430200E8809C42EBD118230A0041
:106B30009A43E7E72020E9880143E9807BE70123C6
:106B40000322C6E7A9890A0075E72200A0E7A87B0F
:106B50000128F8D108231A40B7E7C046817370476F
:106B6000F0B557464E464546DE46E0B583B01F00B9
:106B70000EAB1E880C9B814698460D9B0D009346DC
:106B80009A46002F44D04346002B3ED00F2D01D112
:106B9000C02E3DD1282012F00EFB0400103001F071
:106BA0008DFD5B4618202580638012F004FB434670
:106BB0000500009353460760082200210C30019322
:106BC000F6F7CAF90822281D6946F4F799FF144B15
:106BD00002226B610023E360236263624B461B6801
:106BE00016435B680F4AA560A680934212D120002D
:106BF000FBF7F0FE200012F0CFFA0B4803B03CBCCC
:106C000090469946A246AB46F0BD5346DB07BDD43D
:106C10000648F3E72100484698470028EED0E6E70B
:106C2000A96801004D1A010016FCFFFF17FCFFFFC9
:106C3000F0B5DE4657464E4645460400E0B589B0FD
:106C40001D000F001600FBF733FF1C4BA580083317
:106C5000236000239B46A373194B67811868A681A4
:106C60009A46002821D0174A04AB049291465A460E
:106C70000592C032029290466A4622CB22C2390067
:106C800023000022FFF76CFF4A4606925A465346FD
:106C900007924246186802926A4606AB22CB22C28D
:106CA000230000223100FFF75BFF200009B03CBC4D
:106CB00090469946A246AB46F0BDC04604AE0200DF
:106CC000E80A002021690100F8B504002649406A5D
:106CD00008F006FE2368051CDB692000984709F0D0
:106CE0002BF9011C281C08F023FC616A08F02AFF1C
:106CF000E16908F01DFC0CF01BFFA56A071CA169E7
:106D0000281C08F07BFA011CFE20800508F010FC0E
:106D1000216A061C381C08F00BFC011C301C08F012
:106D20006DFA011CFE20800508F002FC291C08F009
:106D300009FFE588EB070FD566890C4B258A9B1B5D
:106D40005D4308F029F980B24643AD19AD122582A2
:106D50002000FCF711FFF8BD08F01EF901231D43C8
:106D60002082E580F4E7C04600C07F44FF030000B6
:106D700010B50400034B08330360FDF783FE2000C9
:106D800010BDC04628AE020010B50400044B083305
:106D90000360FDF777FE200012F0FEF9200010BD21
:106DA00028AE020070B504001D1CFDF795FE074BD0
:106DB000A56108332360049B2000E361059B2362E7
:106DC000069B6362079BA36270BDC04628AE0200AB
:106DD000044B10B5036000230400C380FAF7F0FEF3
:106DE000200010BDACA20200064B10B503600023CA
:106DF0000400C380FAF7E4FE200012F0CDF9200071
:106E000010BDC046ACA2020082B000B585B00793A9
:106E1000832300210692826A9B00D1546846012395
:106E20006522073101F028FC05B008BC02B0184704
:106E300082B030B5040085B0089202A808220993F8
:106E4000F4F75EFE039B5A10A418DB0710D52368E5
:106E5000029A9D580AA908226846F4F751FE089A3A
:106E6000099B2000A84705B030BC08BC02B01847F9
:106E7000029DEFE7F0B5C6460025040088461E00D7
:106E80000B4B00B5456003601700FAF725FE094B70
:106E9000E760083323604346A3602D232661A56283
:106EA000E554013BE554200004BC9046F0BDC046CB
:106EB000ACA2020088AE0200F0B5CE46474680B5CF
:106EC000040083B00D1E00D170E08223826A9B0013
:106ED000D35899423CD882215B1B890053502D2303
:106EE000E35C6E1E002B35D0A36A19000831894679
:106EF000002D20D00A00FE270F217F008C4600E0E5
:106F0000A36AD859411CD951037860461840A16A38
:106F10008430800041581B111160A06A84339B00AB
:106F20001B5853600832013EEAD2A16AED000831D5
:106F30004D4489466D1AA0682A00036800945C6875
:106F40004946214BA04703B00CBC90469946F0BD82
:106F50001D00C0E7A06A01000831002D1ED0750099
:106F6000AC46B4446346FE270A005D187F0001E08A
:106F7000A06A0332C3595E1CC6511B7884339B0040
:106F80001B58180A13701B0C507093709542EFD168
:106F9000664603368E19A16A0831751AA0682A0060
:106FA000036800945C68084BA047CCE70748F6F7F5
:106FB00001FE2D23E35CA16A002B01D10831EDE72E
:106FC000082399468944B6E7257201008D03000025
:106FD000F0B54546DE4657464E468223E0B5826A06
:106FE0009B00D35883B005008B4203D203211800C5
:106FF00088430100002900D190E082205B1A8000C4
:1070000013508422AC6A9200A01808228B082D2607
:107010009846FE239146AE5D5B00E358A14442468C
:10702000002E4AD0002A34D019004C460F26920078
:107030008A18370008C91F40BF003F5827601F0942
:107040003740BF003F5867601F0A3740BF003F58B6
:10705000A7601F0B3740BF003F58E7601F0C374049
:10706000BF003F5827611F0D3740BF003F58676181
:107070001F0E3740BF003F581B0FA7619B001B58D6
:10708000E36120348A42D4D113004246AC6A5101F4
:107090008944FE21490063504B46A96AA86808311B
:1070A0005A1A036800955C68224BA04703B03CBCA9
:1070B00090469946A246AB46F0BD002AE9D09B46D1
:1070C00093009C464E46FF21DC445A460F0008CAF6
:1070D00093461C0A0C401F40A4002458BF003F5890
:1070E0002206174337601F0C0F40BF003F58240A89
:1070F0003A0414431B0E74609B001B583F0C1B0288
:107100001F43B7600C36DC45DFD14246500001001A
:107110004144890063468944AC6ABAE70648F6F7F9
:1071200049FD0822FE239146AC6A5B00E358A14466
:10713000AFE7C046257201008D03000010B5836AD9
:10714000002B04D0832292009B5C002B00D110BD49
:1071500065210720FBF746FAF9E7C046F8B50700B6
:107160001437040015008F4202D03800F4F7C8FC31
:1071700020691A4E03681B68B34222D1E0680028D8
:1071800003D003681B68B34221D1A06801220368C1
:1071900039001B689847206903681B68B34213D104
:1071A0006A1E002A05DD2100A068153103681B68EE
:1071B0009847E068002803D003681B68B34209D1F0
:1071C000F8BD00219847D9E701219847E8E7002159
:1071D0009847DAE701219847F2E7C046E1550100F8
:1071E00070B50400002900D12C3121752100200048
:1071F00001221431FFF7B2FF2069094D03681B68B3
:10720000AB4207D1E068002803D003681B68AB429B
:1072100003D170BD01219847F4E700219847F8E7B2
:10722000E1550100F0B5C646812300B5846A9B0094
:10723000E75884B00500002F33D00022E250FD3B18
:10724000FF3B9846F532A044FF3200214046F5F757
:1072500083FE41463F203A0040370E001368203637
:107260009B0C03400B70136801319B0A0340337081
:1072700008CA40369B0803403370BA42EDD12D2135
:107280002800FFF7ADFFA8688022036841461B680D
:107290009847E868002804D00368374A1B6893427F
:1072A0005BD18026B600A359002B4ED02D2282231D
:1072B000AA5C9B00E158002A12D10C3BE25800293D
:1072C0003AD1E868002804D003682B4A1B6893422F
:1072D0004FD1012364220721684601F0CDF912E065
:1072E000002914D0FE235B00E258FA3BFF3B134019
:1072F00025D1032939D92D23EB5C002B30D1A421D2
:107300002800FFF765FE04B004BC9046F0BD802263
:107310009200A158481CA050226852009142D0D23D
:107320006268511C4908E150FE235B00E258C00727
:10733000C5D4521AE250C2E703231340D9D0042126
:107340002800C91AFFF7B8FDDDE700212800FFF784
:1073500047FFA3590133A351A8E701219847A0E7AC
:107360003E212800FFF734FECDE72800FFF7A4FDFB
:10737000C9E701219847ACE7E1550100F0B5DE46C9
:1073800057464E464546E0B587B00393836A0400EE
:1073900001910292002B3BD083229200995C00293C
:1073A00000D0B0E02C31615C002900D0ABE081213D
:1073B0001098890058500123A16A8B54A26A019940
:1073C000FC33FF33D150A36A0299039A1960A36A70
:1073D000551C5A608223A26A9B006D08D5502D224D
:1073E000A25C002A0FD080230022A16A9B0020000B
:1073F000CA50FFF717FF002007B03CBC90469946E3
:10740000A246AB46F0BDA26AD0584143D150EAE74C
:10741000C220C00011F0CFFEC222A062D200002123
:107420000600F5F799FD2D23E35C002B52D0842351
:107430009B009C4600210022664453011343D01058
:1074400008431B0203439BB2180403430831013273
:1074500008C689B2102AF0D12F4B28201B689B4602
:1074600011F0A9FE8046103001F028F942462B4B5E
:107470001820136011F09FFE294B814604930023CE
:107480000460082200210C309A460593F5F764FD4C
:107490004B460822181D04A9F4F732FB4A46214B3B
:1074A000536143469A605246DA6012234246938003
:1074B000434652461A625A625B461B681A4A5B6828
:1074C000934222D14046FBF785FA404611F064FE14
:1074D000A36A61E7842380279B00F01800210F2610
:1074E0007F0032000A4013029B180D111B019B18EC
:1074F0002A0152191202521912021343013108C013
:10750000B942EED1A8E7094876E741465846984780
:107510000028D7D1A36A3FE7E80A002007006400EB
:10752000096E0100316E01004D1A010012FCFFFFCF
:1075300070B52C26835D82B004000D008B4218D0FC
:107540006B46002918D0DD1D10232B700F3B83558F
:10755000836A002B08D0832292009B5C002B03D00F
:1075600065210720FBF73EF8012229002000FFF7E4
:10757000F5FD002002B070BDD91D112301220B7052
:10758000FFF7ECFD7820FBF707F8A555F1E7C046BB
:107590008023F0B546464F46D64699466B3B984603
:1075A000C0B50C000600804414239A46B24413E090
:1075B00033756578A71C4B462C009C43220039008C
:1075C0004046F4F79DFA6DB2621C51463000FFF759
:1075D000C5FD3C19002D07DB2378002BE8D11CBC2E
:1075E00090469946A246F0BD2078651CFAF7D4FF74
:1075F0002C00D9E770B50400C068002812D00368D9
:107600000E4D1B68AB4216D1206903681B68AB4264
:107610000ED10A20FAF7C0FF20000949FFF7B8FF92
:10762000002070BD2069054D03681B68AB42F0D097
:1076300001219847EDE701219847E5E7E155010071
:1076400050AE020070B584B06E462B25013B5B182E
:107650003570B1700D12337119122A230400089885
:10766000F170013802A980180B7013124B708A70E8
:107670000312087105222000CB707570FFF76EFDB4
:10768000052269462000FFF769FD04B070BDC046C1
:1076900070B582B0150036236A461370B12301AC71
:1076A00023702B0C63702B0A06005170A370E570D9
:1076B000FF2903D002226946FFF750FD064B9D4289
:1076C00008D0E2782100FF3A531E9A41300003327D
:1076D000FFF744FD02B070BDFFFFFF0010B50024AE
:1076E000406882B003680094DC680023A04702B0C1
:1076F00010BDC04630B5406885B0046801930023D2
:10770000089D009302952469A04705B030BDC0468E
:10771000024B4160083303607047C046A8AE0200C8
:107720004068704770B5094D816008350560436059
:10773000C260136806491B6804008B4201D1200017
:1077400070BD012110009847F9E7C046B8AE0200AD
:10775000E1550100F0B5C646050000B59846131482
:107760004374131283740174EA74C068184E03687A
:1077700082B01B681400B34224D1A86801340368A6
:1077800062426241DF68022352429A432900002389
:10779000043200931031B847041E09D1A868089A32
:1077A00003680092DC68002243460021A0470400E1
:1077B000E86803681B68B34207D1200002B004BC2C
:1077C0009046F0BD00219847D7E701219847F4E79C
:1077D000E1550100F0B51E00436817008A1983B017
:1077E00005000C001B029A420DD89C4202D90948A0
:1077F000F6F7E0F900963B00220003212800FFF78E
:10780000A9FF03B0F0BD0348F6F7D4F96B681B027B
:10781000EBE7C0468D030000F0B5070083B004001D
:107820000E001437012502E0237D1D4211D00122F4
:1078300000953B00524205212000FFF78BFF0028F6
:1078400008DB002EF0D03000FAF7A6FE237D1D42A3
:10785000EDD1002003B0F0BDF0B5CE4647469846C6
:10786000802380B5050083B00C0091465B009845ED
:1078700061D843461E19731E220A1B0A9A4202D07F
:107880003448F6F797F96B681B029E424FD80023E5
:1078900001220093062152422800FFF75BFF0223DA
:1078A0002B7423146B74E8682312AB74EC740368B4
:1078B000294F1B680221BB4241D12E002C00A86831
:1078C0001136036814349B689847002809DBB442DA
:1078D00012D0A8683178036801369B689847002861
:1078E000F5DAE86803681B68BB422CD11B4803B07B
:1078F0000CBC90469946F0BD4346002B0DD04C463B
:10790000E61802E00134A64207D0A868217803688F
:107910009A6890470028F5DAE3E7E86803681B688F
:10792000BB4214D100212800FFF776FFDFE70948AA
:10793000F6F740F9ABE70748F6F73CF999E700217D
:107940009847297CB9E7012198470448CFE70121EE
:107950009847E7E78D030000E15501000AFCFFFFAF
:10796000F0B517000025012204000E0083B00023AB
:10797000524206210095FFF7EDFE009500233A00E4
:1079800031002000FFF7E6FE002803DB0A2120007B
:10799000FFF742FF03B0F0BD70B5436805000C006F
:1079A0001B028B420AD9230502D00648F6F702F9DA
:1079B000280022002021FFF7D3FF70BD0148F6F711
:1079C000F9F8F0E78D03000070B5436805000C007E
:1079D0001B028B420AD9230402D00648F6F7EAF8C4
:1079E00028002200D821FFF7BBFF70BD0148F6F741
:1079F000E1F8F0E78D030000012210B55242C721E3
:107A0000FFF7AEFF10BDC0468020C0017047C046E2
:107A10000048704744B0020082B010B50393036879
:107A200002925B6A828B8169984710BC08BC02B0E5
:107A30001847C04682B010B50393036802929B6A50
:107A4000828B8169984710BC08BC02B01847C046B9
:107A500082B030B5040085B0089202A808220993CC
:107A6000F4F74EF8039B5A10A418DB0710D52368CF
:107A7000029A9D580AA908226846F4F741F8089A24
:107A8000099B2000A84705B030BC08BC02B01847CD
:107A9000029DEFE730B5537883B004000D00FE2B54
:107AA0001BD0FF2B02D0184803B030BD1748FAF79F
:107AB000A9F9A06802F022FEE06802F081FE6B46A0
:107AC0000022D91D280002F0EFFF20230022E068E9
:107AD000E25402F05BFF0020E6E70D48FAF792F966
:107AE00023680C4A5B690020934208D16B46D91D7C
:107AF00008700122280002F0D7FF0020D4E7200000
:107B000098470138C0B2F1E716FCFFFF58B00200F9
:107B100064B0020069F4000070B500250E4B04004B
:107B200008338560C5600571056103603E2011F072
:107B300042FB3E22606100210600F5F70DFA2C237E
:107B40007022F2540733663AF254133BA577E57777
:107B50002000E55470BDC046CCB00200F8B5050069
:107B60000F00160093062CD1AB7F002B30D1002ED6
:107B700026DD002415E06A692418517A137A090277
:107B80001943937A1B041943D37A1B060B431B1A20
:107B9000190A13725172190C1B0E9172D372A642FC
:107BA0000EDD321B3919E86802F002FF0028E2DA24
:107BB00001230022AB771F33EA54E86802F0E6FEA7
:107BC000F8BD2220FF30FBF723FFAB7F002BCED088
:107BD000320000213800F5F7BFF9F1E7F8B50400ED
:107BE0000F00150093062CD1A67F002E00D0F8BD03
:107BF00062690120517A137A09021943937A1B04AE
:107C00001943D37A1B060B435B1B190A51721902E5
:107C10001372090E1B0E9172D3724522A1688B5C00
:107C200003438B54A0682A00390002F03DFF00286E
:107C3000DDDA0123A3771F33E654E06802F0A6FEE5
:107C4000D5E73E20FF30FBF7E3FECDE7F8B547462A
:107C5000CE461500452206008846816801201C009A
:107C600080B58B5C00AF83438B54601C35D0AC4235
:107C700032DD6A46E31DDB08DB00D31AE9469D4688
:107C8000220000216846F5F767F92A004146684658
:107C9000F3F736FF22006946B06802F005FF0028BE
:107CA00024DBCD4601207369597A1A7A09021143FF
:107CB0009A7A12041143DA7A12060A43521B110A05
:107CC000597211021A72090E120E9972DA72BD46B9
:107CD0000CBC90469946F8BD25002A004146B06884
:107CE00002F0E2FE0028DDDA0020F0E7CD460020B9
:107CF000EDE7C04610B54269040000294DD02E21A1
:107D00000F20535C834353540023382261698B5402
:107D1000616901328B5400222B2361692000CA540F
:107D2000552162691300D17753221F3313395A70DA
:107D30009970DA70636959791A79090211439A794D
:107D400012041143DA79233312060A43110A1A7016
:107D50005970110C120E9970DA706369597A1A7A97
:107D6000090211439A7A12041143DA7A2733120670
:107D70000A43110A597011021A70090E120EDA70B4
:107D80009970012361695B421F310D22FFF75EFF8D
:107D900001235840C0B2404210BD2E23D15C03489D
:107DA0000907090FFAF72EF80122B5E770B00200B3
:107DB00070B542698AB0937C01ACD57C06001B0289
:107DC0002022002120001D43F5F7C6F880235B42E6
:107DD00063708233E3701D332371054B24222362C9
:107DE00021002B003000FFF731FF0AB070BDC04604
:107DF000312E303010B503680B4A1B6A82B0040084
:107E000093420DD1094880239B02019301230090E6
:107E10005B42082269462000FFF718FF02B010BD40
:107E20009847013800BAEEE7097A010000003FFFE9
:107E3000042370B542690400117C0B400FD12E2041
:107E40000F25115CA943052529431154382224210B
:107E5000606981540020616901328B5470BD0368F0
:107E60000F499B698B4206D1002301201372537284
:107E70009372D372F2E7984700280ED12E220F2575
:107E800061698B5CAB4304252B438B5438236269B7
:107E9000D05462690133D054E0E76269E4E7C04638
:107EA0006DF40000012370B5857F20225D40002322
:107EB000040083778354C06802F068FD2900200025
:107EC000FFF718FF70BDC04670B50368154ADB693F
:107ED00082B004000D0093420ED10026002D11D176
:107EE0006B4600959E70012304225B426946200088
:107EF000FFF7ACFE02B070BD984780260028ECD09A
:107F0000002DEDD0082200216846F5F725F86B46D4
:107F1000DE70012308225B4269462000FFF796FECF
:107F2000E8E7C04671F40000F0B5CE46474680B59C
:107F30000368194A1B6A85B00500934221D10023CA
:107F4000002640279846994601AC0C2200212000CB
:107F5000F5F702F80823E370063B2372A3724B4641
:107F600023714346637101230C225B4221002800E8
:107F7000A771E671FFF76AFE05B00CBC9046994602
:107F8000F0BD9847030E9946030CDBB2070A9846EA
:107F9000FFB2C6B2D8E7C046097A010042695379F8
:107FA00010791B020343907900040343D079000643
:107FB00018437047F0B557464E464546DE46E0B595
:107FC00083B01F000EAB1E880C9B814698460D9B0C
:107FD0000D0093469A46002F44D04346002B3ED0D6
:107FE0000F2D01D1C02E3DD1282011F0E4F804005E
:107FF000103000F063FB5B4618202580638011F091
:10800000DAF8434605000093534607600822002132
:108010000C300193F4F7A0FF0822281D6946F3F7FE
:108020006FFD144B02226B610023E36023626362E5
:108030004B461B6816435B680F4AA560A6809342B7
:1080400012D12000FAF7C6FC200011F0A5F80B4869
:1080500003B03CBC90469946A246AB46F0BD5346A1
:10806000DB07BDD40648F3E72100484698470028BF
:10807000EED0E6E7517A01004D1A010016FCFFFF31
:1080800017FCFFFFF0B5C64600B50D008CB004002C
:108090000168002D03D1CB69404A934262D16369E4
:1080A000DE7C1A7D36021643A6619A7DDB7D1202C4
:1080B0001343A3833A4A0B6A93426AD18020C001DA
:1080C000864216D20023E67FA377002E26D0E068F2
:1080D00002F04AFC20230122E2546A426A411F3B1B
:1080E0000132172108A800F0C7FA0CB004BC904672
:1080F000F0BD2E220F2061698B5C83430520034372
:108100008B54382361690D3ACA54002261690133E6
:10811000CA5420000021FFF7EDFDE6E70133E377C5
:10812000204A214B1027984604926A4605960297EA
:1081300004AB03CB03C24046230017210122006891
:10814000FFF738FF194A434606926A4618680796B1
:1081500006AB029742CB42C2230002221721FFF74F
:1081600029FFB4E79847002816D02E220F20616916
:108170008B5C8343072003438B5438236169073AA0
:10818000CA5462690133D55400212000FFF7B2FDC3
:10819000ABE72000984793E7216880E771F400007F
:1081A000097A0100197A0100E80A0020357A0100F5
:1081B00010B541690400CB7B5A2B38D8244A9B0068
:1081C000D3589F460121FFF77FFE01002000FFF7F3
:1081D00091FD10BD00230B724B728B72CB7201218B
:1081E000F4E7CB7C12222C31FFF730FD0100EDE7E4
:1081F000FFF7DEFD0100E9E70021FFF765FE010062
:10820000E4E7FFF715FE0100E0E7FFF78DFE010050
:10821000DCE7FFF7EFFD0100D8E70121FFF732FFB0
:108220000020D6E70021FFF72DFF0020D1E72E2206
:108230000F208B5C8343052003438B5438236169F3
:108240000E3ACA54002261690133CA540021BDE7C5
:10825000D8AE0200202370B5C35C0400002B01D00F
:10826000002070BD41691F22C06802F0A1FB0028F8
:10827000F6D01F280AD001001A48F9F7C3FDE068BC
:1082800002F0B8FAA06802F055FAE9E76369597894
:108290001A78090211439A7812041143DA78120607
:1082A0000A4311498A4204D0997B1048F9F7AAFD84
:1082B000E5E722680E4952695D7B01208A420CD1B4
:1082C000997B8542F1DA1B7BDB06EED14B1E0F2B2F
:1082D000EBD82000FFF76CFFC3E7200090476369ED
:1082E000EEE7C04690B0020055534243A8B00200EA
:1082F00069F40000064B10B52C338360054B040075
:1083000003600023C380F9F75BFC200010BDC0466A
:1083100000B10200ACA20200074B10B52C33836001
:10832000064B040003600023C380F9F749FC2000DA
:1083300010F032FF200010BD00B10200ACA202001C
:10834000F0B5CE46474680B5C16887B00B680600D9
:108350001B6801A89847019B5F881A1D7B109046F7
:10836000994659D0B169494556DC4D0045444545CB
:1083700000D87CE04446434600200027DA5F023301
:1083800080189D42F9D806F0EFFB434600B21A88E8
:10839000121A1A8002339D42F9D800200022A35EEF
:1083A000DA179B185340984200DA18B20234A542FB
:1083B000F4D807F0C1FD2F4907F0BAF8716A07F049
:1083C0008FFA2D4907F0B4F80BF02EFC2B4907F07B
:1083D00087FA44006408051C2949201C07F076FD33
:1083E000002841D12649201C06F00EFD00283BD173
:1083F000F5614A46B369F488D31A9946A30705D4B0
:108400003169F06906F000FD00280ED104231C40FC
:1084100017D04B46002BA5D101A800F0C1F90020D0
:1084200007B00CBC90469946F0BD01230222B188EA
:1084300002A800F021F90422F38893430222134397
:10844000F3807169F06906F0CBFC0028E1D00123CC
:108450000122B18802A800F00FF90222F3889343A9
:1084600004221343F380D4E7B36AF361C1E7002029
:10847000A4E7C04600FEFF46ACC5A7370000A041F8
:10848000FFFF7F7F08B4024B9C46083808BC60475A
:1084900041830100F0B5C64600B51F1C08AB1B8820
:1084A00004009846134B0D00036000234360161C24
:1084B000F9F712FB104B21001A002C33A36043463E
:1084C000A3800023E3618023083222600122A3619C
:1084D000069B28006362E388E5601343E3802B6812
:1084E0006761266108315B689847200004BC9046AC
:1084F000F0BDC046ACA2020000B10200C0697047E6
:10850000F8B5040040690D1C06F064FC002818D181
:10851000E6880423320027699A436561E280391CAA
:10852000281C06F071FC00280BD0FE21281C8905B0
:1085300006F064FE051C011C381C06F04BFC0028EC
:1085400001D00020F8BD06239E432561E680F8E7B0
:1085500070B5040000690D1C06F03CFC00280AD12F
:108560000222E38825619343E3806169281C06F0B9
:1085700037FC002801D1002070BDFE21281C890590
:1085800007F0E0FA011C2000FFF7BAFFF3E7C0464E
:10859000017042704360704770B50D0082B0009268
:1085A0000193062206AB69461E780400F3F7A8FA89
:1085B0006B78002B05D023885B422380A3885B4225
:1085C000A3806B68022B28D0032B1FD0012B0FD068
:1085D000012E14D0022E08D10022A35E62885B42D5
:1085E0006380A38822805B42A380200002B070BD1C
:1085F000238862885B4222806380012EEAD123882F
:108600005B42238063885B426380EEE70023E25E87
:10861000638862805B422380DAE723885B422380A1
:1086200063885B426380D3E710B50400087884B0A8
:1086300000902000FFF7B0FF200004B010BDC0463E
:1086400070B50B4B82B01C680600002C04D0236868
:108650001D68084B9D4201D102B070BD0100082287
:1086600008316846F3F74CFA0CCE2000A847F3E730
:10867000E80A00208562010070B501804280040094
:108680001D00FCF719F9A060E160002D02D0200068
:10869000FFF7D6FF200070BD70B504000D0004ABDD
:1086A00003CB1B7825806280A060E160002B02D0A4
:1086B0002000FFF7C5FF200070BDC046002310B5A5
:1086C00003600400FCF7F8F8A060E160200010BD32
:1086D00070B50B4B82B01C680600002C04D02368D8
:1086E0001D68084B9D4201D102B070BD01000822F7
:1086F00008316846F3F704FA0CCE2000A847F3E7E8
:10870000E80A00208562010082B070B500250400EF
:10871000056004920593FCF7CFF8102204A920000D
:10872000F3F7EEF92561200070BC08BC02B01847D1
:1087300070B50500101D14000E00EDF731FA286029
:1087400000F01AF92B6822005C8028680430002EA3
:1087500003D03100F3F7D4F970BD0021F4F7FCFB2E
:10876000FAE7C046014B03607047C04630B10200D3
:1087700010B50400002905DD0A000021FFF7D8FF2D
:10878000200010BD014B0360FAE7C04630B1020083
:1087900010B504000868206000F0B6F8200010BD95
:1087A00010B50400006800F0C3F8200010BDC046FA
:1087B00070B50B68040000680D00984205D000F009
:1087C000B7F82868206000F09FF8200070BDC04610
:1087D00010B50400006800F0ABF8200010BDC046E2
:1087E00070B50500501D0E001400EDF7D9F9286092
:1087F00000F0C2F82B6822005C802B683100181D45
:10880000F3F77EF92B681C190023237170BDC04655
:1088100010B584B00400080001A9F9F7D7F801A841
:1088200010F059FD01A902002000FFF7D9FF200038
:1088300004B010BD002210B5040082B001AB1A8054
:10884000197001321900FFF7CBFF200002B010BDF4
:1088500070B505000C001600002908D00B78002B1D
:1088600005D0080010F037FDB3B2834203D9054BA1
:108870002B60280070BD320021002800FFF7B0FFF8
:10888000F7E7C04634B1020010B504000868206064
:1088900000F03AF8200010BD014B03607047C0465D
:1088A00034B1020070B50B68040000680D009842F6
:1088B00005D000F03DF82868206000F025F8200081
:1088C00070BDC046002908DB036802201A5E002044
:1088D0008A4201DD5918087970470020FCE7C0463C
:1088E00010B50548054C206000F00EF8044A054913
:1088F000200010F059FC10BD34B10200EC0A002039
:10890000B4000020D18701000388084A10B5040094
:10891000934205D0012B04D0DA0702D5023323801D
:1089200010BD1E20F5F746F92388F7E7FFFF00008A
:1089300003880E4A10B50400934208D0012B07D0DB
:10894000DA0705D5023B9BB22380012B09D010BD6D
:108950001E20F5F72FF92388023B9BB22380012BC1
:10896000F5D1200000F004F8F1E7C046FFFF000059
:1089700010B5ECF74BFF10BD032303807047C046D2
:108980000B4B42689C4610B562440468D200A218A2
:1089900094420BD81368994204D907E018688142C1
:1089A00004D81A001300083B9C42F7D9506810BD48
:1089B000FFFFFF1F0B4B42689C4610B562440468E2
:1089C000D200A218106894420BD8814204D908E062
:1089D0001868814204D81A001300083B9C42F7D95A
:1089E000106810BDFFFFFF1F82B070B5040082B099
:1089F00005680692061D08A9082268460793F3F742
:108A00007FF8069A079B646931002800A04702B0EE
:108A100070BC08BC02B01847026810B594460A68DA
:108A20000023944501D0180010BD043104301022F9
:108A300010F0E1FB43424341DBB2F4E7054B064A49
:108A400018705378DB09012BFBD05068C003C00FAE
:108A50007047C046040C0040000C0040F0230002A8
:108A60001B0118403F23194001438020024BC001E5
:108A7000014359807047C046000C004030B50228C1
:108A800014D0002513020F240440F82009024001ED
:108A900001409020000308430F4A2043234328430A
:108AA000936050605378DB09FCD130BD1F2AE8D9B0
:108AB000D40B0F230125002C0AD1140001331C41D3
:108AC0002542FAD0013B9BB21B0280256D03DAE7F9
:108AD000E0231B01F9E7C046000C0040802110B5DF
:108AE000324B1A6A8A431A62C022196A92000A43F8
:108AF00002211A621A6A0A431A62DA681207FCD55E
:108B0000FE212B4AC903126892020A4006210A4339
:108B10009A61264AD3685B07FCD502239384234AD3
:108B2000D368DB06FCD5234BD362214B1B689B0E1D
:108B30003F2B37D080229B02920013431B4A936243
:108B400093235B009384D368DB06FCD51A4A5378E1
:108B5000DB09FCD10133FF339360184B5360164A95
:108B60005378DB09FCD1164B9360164B5360124AC5
:108B70005378DB09FCD1202001210F33020001339F
:108B80001A411142FAD00222013B9BB21B0213434D
:108B9000094A93600C4B53605378DB09FCD104F015
:108BA00059F910BDFC23DB01C8E7C04600080040AE
:108BB0002460800080BB0104000C00400007090015
:108BC000019600000107090002041900002815D0D1
:108BD000006041608260C360046145618661C76175
:108BE000444604624C464462544684625C46C46215
:108BF000644604636E46466374468463002906D067
:108C0000C46B043C043925680D60B442F9D1946BFF
:108C1000A646566BB546002B06D0D46B043C043BED
:108C20001D682560B442F9D1146BA446D46AA346EA
:108C3000946AA246546AA146146AA046D769966906
:108C400055691469D368516810689268704700606C
:108C500041608260C360046145618661C7614446CA
:108C600004624C464462544684625C46C462644674
:108C700004636E46466374468463C46B043C0439E3
:108C800025680D60B442F9D1C769866945690469F0
:108C90007047006041608260C36004614561866125
:108CA000C761444604624C464462544684625C4652
:108CB000C462644604636C46446374468463046916
:108CC0007047846BA646446BA546046BA446C46AF1
:108CD000A346846AA246446AA146046AA046C769BC
:108CE000866945690469C36882680068416870479D
:108CF000C28803000020D20605D4DA699B69D01728
:108D0000D90F9A424841704782B030B5040085B00F
:108D1000089202A808220993F2F7F2FE039B5A1068
:108D2000A418DB0710D52368029A9D580AA90822C7
:108D30006846F2F7E5FE089A099B2000A84705B0AF
:108D400030BC08BC02B01847029DEFE770B58569DA
:108D500004008D4200DA0D00E369A561013BE36187
:108D6000002B00D070BD2801401B6421400005F09D
:108D7000FBFE2A0064328218A2612B00A1880448FD
:108D8000F9F740F81022E3889343E380EAE7C0460E
:108D900038B10200010082B010B5223104000D4844
:108DA0000292039303F08EFB0A4803F019FC00289B
:108DB000FAD0084803F01AFCE388DB0604D4E0612B
:108DC00010BC08BC02B0184701002000FFF7BEFF2E
:108DD000F6E7C046004C00420A23C361002310227C
:108DE0008361C3881343C3807047C0468161704765
:108DF000C0697047F0B5C64604000E00150000B506
:108E000082B0984610300AAB1F88FFF757FC2680C7
:108E10006580182010F0CFF96E460500330008AACF
:108E200003CA03C3434628002B60082200210C30EC
:108E3000F4F792F8281D08223100F2F761FE074B83
:108E400002226B61200000231743A560E360A78026
:108E50002362636202B004BC9046F0BD098D01003C
:108E6000F0B500260400170087B00A890123019697
:108E700000960D00FBF7FAFE334BE66108332360E2
:108E800022210420A761FFF7E9FD802326002F4A55
:108E90001B03116A2E480B43136200212D4B122233
:108EA0002236FBF719FD300003F042FA22222B7C18
:108EB000A3549A1ED1B2052933D82323E25431009A
:108EC000254803F043FA002F07DA0A23E361002361
:108ED0001022A361E3881343E380204B28201E68FF
:108EE0001F4B04930023059310F065F9C023050080
:108EF0006A46029304AB03CB03C22300154A122136
:108F00002800FFF777FF3368164A5B68934214D155
:108F10002800F9F75FFD280010F03EF9200007B0A7
:108F2000F0BD1A00223A072A03D823221A3BA35481
:108F3000C5E70020F4F73EFEC1E72900300098475E
:108F40000028EBD0E4E7C04668B10200000400400E
:108F500050C3000042420000004C0042E80A0020DA
:108F6000958D01004D1A0100144B30B50833036094
:108F7000134B91B01D68134B0400049300236A4601
:108F800005931033029304AB03CB03C223000E4AB4
:108F9000122106A8FFF72EFF2B680C4A9B6893420C
:108FA00008D106A8F9F716FD2000FBF7B7FD200051
:108FB00011B030BD06A928009847F2E768B1020059
:108FC000E80A0020958D0100424200001D1E0100AC
:108FD00010B50400FFF7C8FF200010F0DDF82000F6
:108FE00010BDC0460D4B10B51A00083202601A00C1
:108FF000040030323C338260C3602C30FFF7D0FB7A
:1090000020002830FFF7CCFB054B20002360002315
:10901000E380F8F7D5FD200010BDC04690B10200F6
:10902000ACA202000E4B10B51A00083202601A0002
:10903000040030323C338260C3602C30FFF7B0FB59
:1090400020002830FFF7ACFB064B200023600023F4
:10905000E380F8F7B5FD200010F09EF8200010BD69
:1090600090B10200ACA202008069704770B50400A4
:109070000A4805F079FD01000500084805F0EAFC02
:109080000021A061E06903F0C5FFE369ADB21D8373
:10909000E069012103F0BEFF002070BD00127A00DC
:1090A000F0B5CE46474680B583B01E000AAB1B889C
:1090B00004009946594B0F000360002343601500DC
:1090C0009846F8F709FD564B20001A000832226036
:1090D0001A003C333032A260E36065622830FFF74B
:1090E00041FB20002C30FFF73DFB4B46A38043465D
:1090F000237463613B6800211B68A66138009847B0
:1091000000220121380002F0E7FC3B7C022B02D058
:109110005A20F4F74FFD8023424ADB02116A0B43C9
:1091200001211362404B414A5A80414B1A780A434D
:109130001A701A78D207FCD4492202215A701A7880
:109140000A431A703A4AD379DB09FCD1394A3A4BBF
:109150001068E36198425BD0506898425AD090689A
:10916000984259D003275A20F4F724FDE0690021E2
:1091700003F050FF04223900012003F021FF0021F9
:10918000E06903F047FFE06903F08CFF0C21E2691E
:10919000200013888B431380E269543113888B437A
:1091A00020210B4313808023E2691B0111880B43AC
:1091B0001380E269214913880B4001211380E26981
:1091C00013790B4313713100FFF750FF05F088F856
:1091D0002062002817D02100083105F0C9F8184B8B
:1091E00001220093206A0023182105F005F92100CF
:1091F0002B6828000C315B689847200003B00CBC3A
:1092000090469946F0BD5A30F4F7D4FC206AE2E764
:109210000027ACE70127AAE70227A8E7ACA20200D3
:1092200090B1020000040040000C00402144000006
:1092300000480042B4B60200002C0042FFF8FFFFD5
:109240000848004270B5436982B00400002B12D078
:109250000600416A013B4361057C0B682C361B68A4
:10926000002D0AD001A8984701A93000FFF7A0FA05
:1092700001A8FFF795FA02B070BD0122027401A89F
:10928000984701A93000FFF793FA01A8FFF788FA81
:109290002574F0E730B5C36A83B05B880400002B07
:1092A00019D0250020002C3529002830FFF780FA3E
:1092B00001A8FFF757FA01A92800FFF779FA01A8DA
:1092C000FFF76EFAA16A4B88002B07D16361237404
:1092D000002003B030BDFFF7B5FFE2E7206A04319C
:1092E000002205F049F8012320002374FFF7AAFFAC
:1092F000EEE7C04610B5436901334361037C002BA0
:1093000001D1FFF7C7FF002010BDC04608B4024BD3
:109310009C460C3808BC6047F5920100436910B5C3
:10932000002B01D1037410BDFFF7B4FFFBE7C0466B
:1093300008B4024B9C46083808BC60471D930100E6
:1093400000207047034B044A9B685B035B0F9B0044
:109350009858704700400041D0B10200054B0649C3
:109360009A689B6892B25B035B0F9B00585850430E
:109370007047C04600400041D0B1020010B5581EF1
:10938000002B05D00023D458CC5004330138FAD236
:10939000002010BD084A137DDB07FCD52023FF33D6
:1093A0001383064B4908D1611380034A137DDB0701
:1093B000FCD500207047C0460040004102A5FFFFD9
:1093C000036808495A6870B5050000248A4204D130
:1093D0002800DB689847201870BD90472B68040070
:1093E000F6E7C04641930100F0B58025114C636853
:1093F000AB436360002A1CD00F4B1F1C0F4B9C46D5
:109400001500102A00D91025521B2780237DDB0769
:10941000FCD50023AD00CE58C65004339D42FAD18E
:109420006346401949192380237DDB07FCD5002AB8
:10943000E6D1F0BD0040004144A5FFFF04A5FFFFB9
:1094400010B5080011001A00FFF7CEFF002010BD74
:10945000014B083303607047F0B1020082B030B5B1
:10946000040085B0089202A808220993F2F748FB8D
:10947000039B5A10A418DB0710D52368029A9D5845
:109480000AA908226846F2F73BFB089A099B2000CC
:10949000A84705B030BC08BC02B01847029DEFE7F2
:1094A00010B504001831FFF773F9200010BDC04655
:1094B00008B4024B9C460C3908BC6047A1940100DB
:1094C0000E4B10B51A00083202601A004033C36018
:1094D0009023040034329B008260C01805F042FAE9
:1094E00020001830FFF75CF9054B200023600023B3
:1094F000E380F8F765FB200010BDC0469CB2020077
:10950000ACA2020030B5040085B0012916D08A2330
:109510009B00C258002A16D0237C002B0CD08B2332
:109520009B00E2581033E0583D3BFF3B002104F024
:1095300023FF0F4B5A6B5A6305B030BD0D4C200012
:10954000F8F760FCFBE78B25AD004259C2500123C0
:1095500081881A006846FFF78FF823006259283384
:109560009A4201D10133FF338B229200A350D3E7FB
:109570000050004294B2020008B4024B9C460838E6
:1095800008BC6047059501000F4B10B51A00083262
:1095900002601A004033C3609023040034329B0001
:1095A0008260C01805F0DEF920001830FFF7F8F8E7
:1095B000064B200023600023E380F8F701FB200026
:1095C0000FF0EAFD200010BD9CB20200ACA2020028
:1095D000F0B5DE46574645464E46E0B585B01D001F
:1095E0000EAB1B8804009846754B0F0003600023E8
:1095F00043601600F8F770FA724B1A0008322260C6
:109600001A004033E36018239B463432A344A2601F
:109610005846FFF7A7F890239B009A462100A244E2
:109620000C31504605F080F904F05AFE8F239B0060
:10963000E050002800D1B9E04346A3808C23256286
:109640009B002D018021E550002589009946083BAB
:10965000E16125748B22E550230092002833A3504A
:1096600002A8FFF785F802A95846FFF7A1F802A85B
:10967000FFF796F8A369002104336362504605F0B2
:1096800087F93B6838005B689847336800211B689E
:109690003000984738000022062102F01DFA300001
:1096A0008F260022062102F017FAB60003F07EFC96
:1096B00023210020FFF7D2F9434B02222A21A0598F
:1096C000009504F099FE2100A059083104F050FEE5
:1096D0004B46E7583D4B9F426CD8013502E03500C0
:1096E0001F2E5FD06E1C3100384805F03DFAB8429D
:1096F000F5D205236E1EF6041E432900334805F0FB
:1097000033FA8C2300279B00E050314A314B00098B
:1097100020621F705E605A623E221A702E4B1E68D5
:10972000002E02D043460F2B07D1200005B03CBCD1
:1097300090469946A246AB46F0BD28200FF03BFD6F
:1097400005001030FEF7BAFF43462B800123182096
:109750006B800FF030FD8046204B04600822002112
:109760000C3002930397F3F7F7FB43460822181DCA
:1097700002A9F2F7C5F94246194BEF605361122373
:10978000AB803368AA602F626F625B68290030008B
:1097900098470028C9D02800F9F71CF928000FF0D5
:1097A000FBFCC2E7B84208D90E4EAAE75A30F4F7DC
:1097B00001FA41E70C4E00259FE70C4E1E259CE761
:1097C000ACA202009CB2020034500042006CDC02E9
:1097D0008280000000500042E80A00204198010009
:1097E0005D9401000500F0000500F8FF0500E800A9
:1097F00010B5037C002B10D1013303740233436195
:109800008B239B00C2581033C0583D3BFF3B0021C7
:1098100004F0B2FD014B5A6B5A6310BD0050004278
:1098200090239B009C4610B5604404F093FF10BD4C
:1098300008B4024B9C460C3808BC604721980100D4
:1098400082B0F0B54E46DE4657464546E0B585B097
:109850000F938A239B00C45806000E92002C00D15F
:10986000E5E023008D250133FF33AD009C4200D19C
:10987000D9E000238E217351804B01208900735061
:1098800010238446013098468346023000228246E7
:109890007A4BA0440194019807686046074202D0C1
:1098A0001888121872516446981C7050781004423F
:1098B00003D05C88A1464A4472511C1D74505C461A
:1098C000044203D09C88A1464A4472519C1D7450A6
:1098D0005446044203D0DC88A1464A44725108240D
:1098E000A14699444C4674500824044203D01C8974
:1098F000A1464A4472510A24A14699444C467450E8
:109900001024044203D05C89A1464A4472510C24BD
:10991000A14699444C4674502024044203D09C89AB
:10992000A1464A4472510E24A14699444C467450B3
:10993000440603D5DC89A1464A4472511024A1464D
:1099400099444C467450040603D51C8AA1464A44E7
:1099500072511224A14699444C467450C40503D553
:109960005C8AA1464A4472511424A14699444C464B
:109970007450840503D59C8AA1464A44725116242A
:10998000A14699444C467450440503D5DC8AA1464F
:109990004A4472511824A14699444C467450040517
:1099A00003D51C8BA1464A4472511A24A1469944FE
:1099B0004C467450C40403D55C8BA1464A44725192
:1099C0001C24A14699444C467450800402D5988BBF
:1099D0001218725118001E3070506046FF13384242
:1099E00002D0D88B12187251019820330430735072
:1099F0000190804500D04EE7736A4446991C71621D
:109A00001F498C4662441A80B369F2690433716A53
:109A10009A18914215D08A239B00F3580133FF33E3
:109A20009C4200D025E78A2300229B00F25005B01B
:109A30003CBC90469946A246AB46F0BC08BC02B07E
:109A400018477269002A03D0013A72617362E2E733
:109A500090239B00F01804F0EDFEF16903A8FEF7D7
:109A600087FE300003A91830FEF7A2FE03A8FEF718
:109A700097FEB36904337362CDE7C04614B20200A7
:109A80000080FFFF426D137EDB07FCD589B200200A
:109A900011857047426D137E5B07FCD5108D80B237
:109AA0007047C04630B500230D0083B0040000931A
:109AB00010220649280003F0FFFD010020003C3081
:109AC00003F026FE0020256303B030BD006CDC02ED
:109AD000094B10B51C0018341A68002A03D0110075
:109AE0003C31884203D00433A342F5D110BD1000AD
:109AF000FAF752F9FAE7C046F00A0020F8B50A4C26
:109B0000060025000F0018352068002803D0030048
:109B10003C339E4203D00434AC42F5D1F8BD390049
:109B2000FAF7E8F8F7E7C046F00A002010B504009D
:109B3000034B08330360FAF70FFD200010BDC04649
:109B400024B3020010B50400044B08330360FAF795
:109B500003FD20000FF020FB200010BD24B3020005
:109B600010B5002909D0012901D0002010BD3C30DA
:109B70000122002103F0D2FDF7E73C300122013140
:109B800003F0CCFDF1E7C04610B5002909D001294A
:109B900001D0002010BD3C300022002103F0BEFDAA
:109BA000F7E73C300022013103F0B8FDF1E7C04691
:109BB00070B50400087C160003F03EFA0500307C06
:109BC00003F03AFA3F221100AB79060019403F2911
:109BD0002CD0934328D1002200213623E1540221C6
:109BE0003420013BE154A9798906890ECBB2215476
:109BF000022134252B48F8F705F9B179635D8A060F
:109C0000920E9A422FD0F1798A06920E934221D079
:109C10005A20F3F7CFFF3723E15C0133E25C635D49
:109C20002148F8F7EFF870BD802B34D03F221100A7
:109C3000EB7919403F2903D093431DD0802B2DD0C1
:109C40005A20F3F7B7FF35233622E15C013BE35C92
:109C5000A25CCEE7382089092154CAB237213538B1
:109C600060543439DCE7382089092154CAB23721DD
:109C7000363860543539D3E7002200213623E154C9
:109C800003213420013BE154E9798906890ECBB2E6
:109C900021540321ADE73E3A01219EE73E3A0121DE
:109CA000ECE7C046E4B2020004B30200F0B535238D
:109CB0000400C646080000B5E15C1700002201F070
:109CC0000BFF0221626D13688B431360626DD369D1
:109CD0009B07FCD41368254903250B4013603623EA
:109CE00007268846616DE25C21480B682A40120411
:109CF000034013430B60626D38005368B3435360F5
:109D000037230022E15C01F0E7FE4146626D1368F3
:109D10000B4013603823626DE15C13680D401549F8
:109D20002D050B4002211D431560626D5368B3433E
:109D30005360626D13680B431360626DD3699B07B8
:109D4000FCD4802351685B020B435360626DD3697E
:109D50005B07FCD4802351689B020B435360626D08
:109D6000D3695B07FCD404BC9046F0BDFF1FFFFF26
:109D7000FFFFFCFFFFFFCFFF3423F0B54646D6467A
:109D80004F469846C0B504000E00C55C1700FFF7AB
:109D90000FFF4346E15C8D4231D0224B8A00D358FD
:109DA0001800994603F0D6F93C239A461E4BA2446C
:109DB0009846FF2D15D042460023AD00535123682D
:109DC0000021DB69200098472368184ADB69934229
:109DD00024D100220021504603F0A0FC504603F09D
:109DE0000FFC4946504603F0B7FB114B4246236433
:109DF000104BE36363643423E35C9B00D4503A006C
:109E000031002000FFF752FF216B2000FAF7B8F96C
:109E100000201CBC90469946A246F0BD01212000BE
:109E20009847DBE7E8000020F00A0020899B01004A
:109E3000FD9A0100D19A01000C2370B5040082B094
:109E40000193083300930D001600FAF779F80B4BD5
:109E5000FF22083323603423E254E12320005B0215
:109E60002363E33A00213C30F3F776F8320029000F
:109E70002000FFF781FF200002B070BD24B3020074
:109E8000007A70471023C356002B05DB1F221A40AF
:109E900001239340014A13600020704700E100E075
:109EA0000020704710B5437A8B422BD3037A012BE5
:109EB0001DD0002B10D0032B17D18B1D44699B00A4
:109EC0001A514269D37BDB09FCD1043101338B4049
:109ED0000020DBB2537310BD4369D2B25B181A760F
:109EE0004269D37BDB09FCD1EFE70020F3E70B00ED
:109EF00044690C3392B25B001A534269D37BDB098D
:109F0000FCD1E2E70048E6E717FCFFFF10B5437A13
:109F10008B4232D3037A012B22D0002B13D0032B98
:109F20001CD144698B00A44663449C69A2189A61C1
:109F30004269D37BDB09FCD1043101338B40002023
:109F4000DBB2537310BD43695C18237E9A18D2B2FA
:109F500022764269D37BDB09FCD1EDE70020F1E7F3
:109F600043694C009C466444238B9A1892B2228326
:109F70004269D37BDB09FCD1DEE70148E2E7C0465A
:109F800017FCFFFF70B5437A04000D008B421BD312
:109F9000036800229B6B9847237A012B0DD0002B7E
:109FA00003D0032B01D0002070BD01230435AB404A
:109FB0006269DBB213730020F6E70435AB406269D7
:109FC000DBB213730020EFE70048EDE717FCFFFF5B
:109FD00010B5012921D0002913D002290FD003295F
:109FE0000AD10C2442691388A34308242343138015
:109FF0004269D37BDB09FCD10172002010BD0C4803
:10A00000FCE70C2442691388A343042423431380F0
:10A010004269D37BDB09FCD1EEE70C24426913884B
:10A02000A34313804269D37BDB09FCD1E4E7C0463C
:10A0300017FCFFFF044B10B5036000230400C3802E
:10A04000F7F7BEFD200010BDACA20200064B10B514
:10A05000036000230400C380F7F7B2FD20000FF077
:10A060009BF8200010BDC046ACA20200102310B522
:10A07000C3560400002B07DB1F221A400123934024
:10A08000C022064952008B50236820005B6A984723
:10A090006069012102F0BEFF002010BD00E100E078
:10A0A00010B504000368DB6A98476069002102F07C
:10A0B000B1FF002010BDC0461023C3560200002B84
:10A0C00035DA037A012B1FD0002B44D0032B55D156
:10A0D0001F2051694B888343102003434B805169F3
:10A0E000274B488803434B805169CB7BDB09FCD16C
:10A0F00008691023D356002B05DB1F221A400123C9
:10A100009340204A136070471F2051694B88834356
:10A11000102003434B805169194B488803434B80FF
:10A120005169CB7BDB09FCD1088A80B2E1E71F21B2
:10A13000194001238B40802112484350BFF34F8FB9
:10A14000BFF36F8F137A012BDED0002B03D0032BCC
:10A15000BED00020CDE71F2051694B8883431020DB
:10A1600003434B805169064B488803434B80516938
:10A17000CB7BDB09FCD1087CC0B2BAE70020C2E788
:10A180000080FFFF00E100E0F0B5C646154B0E0071
:10A19000050000240121984600B5FA204001E7B2ED
:10A1A00004F058FCB04213D82B7A012B03D0002BBB
:10A1B00001D0032B08D1072269693A400B880A4F66
:10A1C00012021F4017430F80002004BC9046F0BDD0
:10A1D0000134082C03D042466300995ADDE7082772
:10A1E000E2E7C04660B30200FFF8FFFFFA2310B5B4
:10A1F0005B01994202D8FFF7C7FF10BD0048FCE79A
:10A2000017FCFFFF70B51C4D84006359002B2AD04A
:10A21000DA68002A27D01A681849126D8A4227D1B5
:10A22000187A012803D0002801D003281CD15A69CC
:10A230000020917BC90608D5517BC90605D51020A1
:10A24000917B0143012091735A69917B890608D55E
:10A25000517B890605D52024917B214391730222ED
:10A260001043DB68984770BD0020DB689847FAE729
:10A27000180090476359D4E7080B0020819E010025
:10A280001023C356002B0ADB1F221A4001239340E0
:10A29000802204498B50BFF34F8FBFF36F8F002094
:10A2A0007047C04600E100E01023C356002B21DABE
:10A2B000037A012B16D0002B2FD0032B10D10022B4
:10A2C00043691A614269D37BDB09FCD11023C35671
:10A2D000002B05DB1F221A4001239340134A136011
:10A2E000002070470023426913824269D37BDB0957
:10A2F000FCD1EBE71F221A400123934080220B4937
:10A300008B50BFF34F8FBFF36F8F037A012BE9D0D0
:10A31000002B02D0032BD2D0D8E70023426913745C
:10A320004269D37BDB09FCD1D0E7C04600E100E005
:10A33000102310B5C356FF20032204001A40D20098
:10A34000944089010840E4439040002B0CDB0D4A07
:10A350009B089446C0229B006344920099580C408D
:10A3600020439850002010BD0F221340064A083B9E
:10A3700094469B089B006344D9690C402043D861F4
:10A38000F0E7C04600E100E000ED00E010B5062275
:10A3900007210420FEF772FB04220021012002F0B5
:10A3A0000FFE04220121012002F00AFE04220221F4
:10A3B000012002F005FE10BDF0B5C646514B00B5B8
:10A3C0000360002382B04360040016000D00F7F71D
:10A3D00083FB022363724C4B6561083323604B4B54
:10A3E00026741A680192954200D181E05A68019260
:10A3F000954200D17FE09B6801939D4200D17DE0B2
:10A400005A20F3F7D7FB032398464346404E9F005C
:10A41000F359002B02D05A20F3F7CCFB042241461B
:10A420003C48F7F7EFFC3368002B3ED0F451200096
:10A43000FFF726FF0021606902F0ECFD280002F022
:10A4400031FE0C21626913888B4313806269D37BD0
:10A45000DB09FCD10122013323722B7913432B71C9
:10A46000EB7BDB09FCD1FA2120008900FFF78CFE91
:10A4700010216156002925DB274A8B0894460322C8
:10A480000A40FF21C025D20091409B006344AD00EB
:10A490005859884301008020904002000A435A51D5
:10A4A000200002B004BC9046F0BD7268B368002A78
:10A4B000BCD1002BBAD11948F45102F0FBFDFFF7D3
:10A4C00065FFB4E7164A0F23944603220B400A4067
:10A4D000FF21D2009140083B9B089B006344D86950
:10A4E000884301008020904002000A43DA61D7E7E8
:10A4F0000023984689E70123984686E70223984679
:10A5000083E7C046ACA202008CB30200B4B60200DE
:10A51000080B002070B3020000E100E005A201007A
:10A5200000ED00E070B54A4D04002B78002B00D000
:10A530008AE0002C00D183E060012C700EF030FE28
:10A540002A78444C520100212060F2F705FD2021B9
:10A550000126414A0620D3690B43D3613F4B383172
:10A560005A5C32435A543C229D5C49398D439D5478
:10A570009D5C05439D545925585D30435855985C62
:10A58000014060209954995C01439954344A354BF9
:10A5900053805378DB09FCD10121334A13780B43F4
:10A5A00013709378DB07FCD4304B1B685B0BDA43EA
:10A5B000D20600D105231F212B482D4D028D0B40C3
:10A5C0009B012A4013430385284B1B689B0C1940B1
:10A5D0001F2900D11D231F20234903400A8D8243D8
:10A5E00013430B85214B1868C00DC3435B0700D193
:10A5F000032007211C4B01401A8D1E48090302400D
:10A600000A431A857F2219780A4004211A701A78A1
:10A610000A430C211A7022685A621A898A431A81E5
:10A620001A890B398A431A81134A7F319A82082288
:10A630001A83124A116002211A780A431A7070BDF7
:10A640003020F9F7E5F977E72F20F9F7E1F970E71E
:10A65000150C0020140B00200004004000440041B1
:10A66000000C0040064000000050004124608000C3
:10A670003FF8FFFFFF8FFFFFFF03000000E100E056
:10A6800080235B421843024BC0B298727047C046A9
:10A69000005000417047C04670B544250400415D3C
:10A6A0001348F7F7AFFB134A635D944683225B01BF
:10A6B00052006344995CE63A0A4213D08221490071
:10A6C0005A540822635DFF325B016344985CC439CD
:10A6D000014207D09954084A635D944602225B0107
:10A6E00063441A71462300220020E25270BDC04626
:10A6F000F4B30200005000410051004170B5442500
:10A700000400415D0948F7F77DFB094A635D944603
:10A7100080225B0163441A710222635D00205B01A9
:10A720006344DA7146230022E25270BD08B402008D
:10A730000051004170B544250400415D0748F7F71A
:10A7400061FB074A635D944620225B0163445A71B2
:10A75000462300220020E25270BDC04614B402001D
:10A760000051004170B544240500015D1148F7F720
:10A7700049FB114A2B5D944683225B0152006344DE
:10A78000995CF63A0A4213D0822149005A540822B1
:10A790002B5DFF325B016344985CE439014207D0D2
:10A7A0009954064A2B5D944601225B0163441A7159
:10A7B000002070BD20B40200005000410051004153
:10A7C00070B544240500015D0848F7F71BFB084AF3
:10A7D0002B5D944640225B0163445A7101222B5D3C
:10A7E00000205B016344DA7170BDC04634B40200DE
:10A7F0000051004170B544240500015D0548F7F79C
:10A8000001FB054A2B5D944610225B016344002046
:10A810005A7170BD44B402000051004170B505008A
:10A820000E001400402B03D091204000F9F7F0F8FF
:10A83000032C2AD84423EE54032C22D14523012291
:10A84000EA54174B71019C467023614401340A7825
:10A8500024011C40693B13401C4344230C70EA5CF8
:10A86000104B52011B6810489B185A691040C022B7
:10A87000920502435A6180230B71013B28000B7241
:10A8800070BD00220133EA54DBE72420FF30F9F7E2
:10A89000BFF844230022EE540133EA54D1E7C04606
:10A8A00000510041140B0020FFFFFF8F70B5040022
:10A8B0000E001500402B03D09E204000F9F7A8F8A9
:10A8C000032D41D8234B44209C460722702371015D
:10A8D000265461440E78013533402A401A430A70E9
:10A8E0001D4B225C1B6852019A1855681B4E2E4066
:10A8F000C025AD0535435560225C402552019A18AC
:10A9000014607F224D710A72225C514251414E42C5
:10A910000F213140124E5201B44601316244117090
:10A92000225C104952019B181C605A68920B9203DA
:10A930005A605A680A405A60064A235C94465B0192
:10A9400063441D71200070BD3E20FF30F9F760F8B0
:10A95000B8E7C04600510041140B0020FFFFFF8FF5
:10A9600009510041FF3F00F04423C35C5A425A4161
:10A9700051420F220A4004495B018C460132634474
:10A9800000201A707047C046085100414423C35C40
:10A990005A425A4151420F220A4004495B018C46F7
:10A9A0000132634400201A707047C04609510041CB
:10A9B000F8B506004423F35C08001C4D5C425C4182
:10A9C0000F21AC4664420C4059016144C9790134FD
:10A9D00000250C4225D016495B010F68FB185D6805
:10A9E000AD04AD0C95421EDC2A003100F1F788F869
:10A9F00044210E4A735C94465B016344E4B2DC710B
:10AA0000735C0C485B01FB181E605A68920B920342
:10AA10005A605A6802405A604022735C5B0163448A
:10AA20001A712800F8BD1500DEE7C046005100414C
:10AA3000140B0020FF3F00F070B50826174B184C90
:10AA40001D68A38B82B01E421DD10823FF33E35C37
:10AA5000DB0604D42800F8F7EDFE02B070BD082232
:10AA60006946A869FFF7A4FF082802D0B620F8F7C6
:10AA7000CFFF082310210A4AFF33D154280069462A
:10AA8000F8F7A8FDE9E70748F7F7BCF98023A683A4
:10AA90002800A372F8F7E4FEDFE7C046DC0A0020D6
:10AAA00000500041E8B30200F8B547460126CE4603
:10AAB000442380B517003200C45C384B64011B6826
:10AAC00005001C1963695B005B0F03339A40452343
:10AAD000C35C90469E434623C35A002B04D0BB421E
:10AAE0004DDD46230022EA52474550DD2C4B894676
:10AAF000994247D94B46236144236269B904920BBA
:10AB0000890C92030A43EB5C6261626925495B012F
:10AB10000A406261244A0821944602226344FF31BC
:10AB20005A5406228020FF3298547E385A5C1042D4
:10AB3000FCD0002E1ED0002F1CD04346013B1F42EC
:10AB400018D144236269EB5C920B920362616269E3
:10AB5000144D5B012A406261134A94460622634405
:10AB6000585480210820FF329954FF307E391A5CF6
:10AB70001142FCD000200CBC90469946F8BD1F0045
:10AB80000026AEE7D9204000F8F742FFB2E73A00CE
:10AB90002800F0F7B5FFA946ACE7C046140B00202B
:10ABA000FFFFFF1FFF3F00F00050004170B5103065
:10ABB00005000C0002F0FEFBFA212000890003F0E2
:10ABC00049FF00210200280002F0F8FB04002800E1
:10ABD00002F0ECFB0148E417204070BD17FCFFFFBA
:10ABE000F0B5C64600B584B01F000AAB04001000E3
:10ABF00004CB0D0090460F2219786A442368107028
:10AC000000915E69290001232000B047002807D188
:10AC100023680090DE693A00434629002000B047CF
:10AC200004B004BC9046F0BDF8B5102347469846E2
:10AC3000CE4604001F268044012580B5404602F020
:10AC4000B9FB404602F0A8FB236B29001B7CC02700
:10AC50005A09D20133409B18884AFF059446634441
:10AC60001A78AA431A70636B1B7C5A09D2013340CD
:10AC70009B1863441A78AA431A70236B1A7C5311E9
:10AC8000324091400A00DB01D9198A60802110040A
:10AC9000C905000C084389467949120C8C46634467
:10ACA0009862C0202900000602439A62636B1A7CF6
:10ACB000531132409140DB01DF19B9600A000F04E3
:10ACC00049463F0C6344394399622900120C024300
:10ACD0009A62236B0A201A7C01275311324091405B
:10ACE0000A00C021C9058C462900DB0163445A6172
:10ACF000636B1A7C531132409140DB01634459610C
:10AD0000F6F7A0FD2900236B1A7C531132409140C5
:10AD10000A00C021C9058C46DB0163449A61636B5C
:10AD20001A7C1640B5405311DB0163449D611F2618
:10AD300008253900636B03201A7C013D5311324012
:10AD400091400A004F49DB018C4663441A60F6F7D4
:10AD500079FD3900636B03201A7C53113240914016
:10AD60000A004949DB018C4663441A60F6F76AFD24
:10AD7000002DDED1424A01259446636B197C4B09B4
:10AD8000DB010E4063449819403002787610BA43D4
:10AD90002A439B1902703033CA0761D40F211A78F5
:10ADA0008A432A431A7036491F228C4601270126FE
:10ADB000236B1D7C6B09DB012A40634498184030EB
:10ADC00001785210B94331439B18017030332F4240
:10ADD0004DD10F211A788A4332431A701F22636BB8
:10ADE00004201B7C5911C90113405B1823498C4670
:10ADF0006344197881431970236B1B7C5911C90175
:10AE000013405B1863441A7882431A706168002209
:10AE1000606B00F061FE0022A168206B00F05CFE18
:10AE2000202200214046F2F797F8E168404602F000
:10AE3000A3FA64220021404602F0C0FA404602F024
:10AE4000B5FA3021E268538B8B4310210B435383B7
:10AE5000E268D3695B07FCD40CBC90469946F8BD08
:10AE60000F2219780A4010210A431A709BE70F221B
:10AE700019780A4010210A431A70AFE74044004194
:10AE8000004400411800006014000060F0B54F4617
:10AE90004646D646C0B584B098460CAB1B78814672
:10AEA00017004D08002B26D000239A4643464E46F5
:10AEB0000293534601AC1036210030002580638098
:10AEC000039702F05DFD00280FD0434663605346B0
:10AED0002100300025806380A76002F051FD00282A
:10AEE00003D00530012809D9074804B01CBC90469E
:10AEF0009946A246F0BD054B9A46D7E74846FFF76C
:10AF000093FE0148F1E7C0460EFCFFFF0080FFFF03
:10AF1000F0B54F464646D646C0B584B098460CAB11
:10AF20001B78814617004D08002B26D001239A4636
:10AF300043464E460293534601AC10362100300082
:10AF400025806380039702F01BFD00280FD0434645
:10AF5000636053462100300025806380A76002F0C3
:10AF60000FFD002803D00530012809D9074804B097
:10AF70001CBC90469946A246F0BD054B9A46D7E7C1
:10AF80004846FFF751FE0148F1E7C0460EFCFFFFBF
:10AF90000180FFFFF0B5DE464E46454657468946DE
:10AFA000E0B5050087B0904603F0CEFBC14B0833F7
:10AFB0002B604B462B6343466B634B46187C02F079
:10AFC0003BF843460600187C02F036F83F231A008F
:10AFD000B17900900A403F2A29D00A009A4326D12D
:10AFE00089068B0E9B460223039302933F210A009E
:10AFF000009B9B791A403F2A07D09A06920E5A4529
:10B0000003D18B43402B00D150E13F210A00009B2C
:10B01000DB791A403F2A1CD09A06920E5A4518D165
:10B020008B43402B15D103230593049318E03F2352
:10B030001A00F1790A403F2A03D00A009A4300D14E
:10B0400025E15A20F2F7B6FD01235B429B460393AC
:10B0500002935A20F2F7AEFD01235B42059304935D
:10B0600001231F241800317880274A11214088408D
:10B070000100C020D201C005101881600804FF053E
:10B08000000CBA4638438C4F090CBC46C0276244BA
:10B09000906218003F0639439162009ABC461178CD
:10B0A00057464A11214088400100C020D201C00506
:10B0B000101881600804000C38437F4F090CBA4611
:10B0C00067463943C0275244906218009162317834
:10B0D000FF05BC464A1121408840D201624490617C
:10B0E0001800009A11784A1121408840D201624428
:10B0F0009061327818005109C901224052186F49F5
:10B100008C466244117899431170009A1278510963
:10B11000C901224052186244117899431170317864
:10B120004A11214088400100D201D0194160644F8A
:10B130000804000CBA4638435F4F090CBC46624411
:10B14000906218005F4F39439162009ABC461178B3
:10B1500057464A11214088400100C020D201C00555
:10B16000101841600804000C3843534F090CBA46CC
:10B17000C027524490626046FF05BC460143180058
:10B18000916232785111C9018C4422409040674647
:10B1900052184A4901908A46786004205244117836
:10B1A0000427014311706146019ABA464A61009A28
:10B1B000424F12785111C9018C46C0212240C90565
:10B1C000934061446244BC464B6062441778384304
:10B1D00010704B610A20F6F735FB337851465A114F
:10B1E000D20123409B18354A0320944663441A78C1
:10B1F0008A431A70009B1A7853111440DB01E4183B
:10B20000644423788B432370F6F71CFB059B0022D4
:10B210006B60039B0299AB60484600F05DFC002226
:10B220000499404600F058FC5B469A00264B2C00DF
:10B23000D0585B461034D9B2E86001F08BFF202271
:10B2400000212000F1F788FEE968200002F094F860
:10B2500064220021200002F0B1F8002822D1200051
:10B2600002F0A4F8002819D13021EA68538B8B43EF
:10B2700010210B435383EA68D3695B07FCD4280091
:10B2800007B03CBC90469946A246AB46F0BD890645
:10B290008B0E9B46032303930293A7E65A20F2F7F3
:10B2A00089FCE1E75A20F2F785FCD8E702230593F1
:10B2B0000493D5E654B402000044004140440041E8
:10B2C00000000240000002C0E80000200048704773
:10B2D0000BFCFFFF004870470BFCFFFF0048704766
:10B2E0000BFCFFFFC16000207047C04610B5040092
:10B2F00003681B6C9847236820005B68984710BD63
:10B3000070B51D000379040016009B0728D500299D
:10B3100024DB002A22DD002D20DDB4291CDC4801BD
:10B32000401A80004018C000B42103F01DFCFA212F
:10B33000F30F70439E197610AD1B6B015B1B9B00D6
:10B340005B19DB00C018890003F00EFC23680100C4
:10B350001B6E2000984770BDB421E0E70148FAE772
:10B360000148F8E717FCFFFF16FCFFFFC388052024
:10B370001840431E9841704710B5017C084B4A1194
:10B38000D201D4581F2301220B409A4000231442BB
:10B3900004D1C0880A330340581E8341180010BDF1
:10B3A00000440041C38803201840431E9841704761
:10B3B000C3880C201840431E984170470A0010B5FE
:10B3C0004901891A036889008918C9005B6E98478A
:10B3D00010BDC046C3881B0702D583691868704733
:10B3E0000048FCE716FCFFFF0368074A9B6B10B59B
:10B3F000934206D1FFF7EEFFFA21890003F02AFB02
:10B4000010BD9847F8E7C046D5B30100036A9943D9
:10B41000816081617047C046036A19408160416163
:10B420007047C04670B5060084B08AB20023018917
:10B430006846FDF721F9029C039DB36918685968B5
:10B4400002000A4309D022002B00121A8B416846E1
:10B4500002920393FDF73CF9B3691C605D6004B090
:10B4600070BDC04670B58AB0067C050005A801F025
:10B47000B9FEC021C022C9058C467411E301D20572
:10B480009C581A4A05A89A186344126A1B695340CB
:10B490001C40544001F0AEFE1F23012233409A406D
:10B4A000144021004B1E9941EB88CEB25A0605D5B7
:10B4B0002B6804315B6D28009847EB889A060ED5FF
:10B4C0000121002002916242624100212B890090FB
:10B4D00001910232190006A8FDF7DEF8EB881B0681
:10B4E00002D5EB68300098470AB070BD00440041B7
:10B4F00008B4024B9C46143808BC604765B4010090
:10B50000F8B5CE464746E02280B5C38804000D005A
:10B510001A423AD1DB074AD5E069002800D172E02F
:10B520004378DB0768D5A369002B00D177E03E4B59
:10B530001A78002A4FD0E369032158783B4B400822
:10B540008200D450032201F0A9FC394A1F209446FE
:10B550000126277CB1467B09DB016344384019187A
:10B5600040310A784010B243904601229446464644
:10B57000624616434A461B180E7030333A4221D1B8
:10B580000F211A788A431A70E388E0229343022D30
:10B5900014D0032D07D0012D1AD0E38000200CBC5D
:10B5A00090469946F8BD40221343E380F6E70368CE
:10B5B0005B689847E0690028B2D124E02022134359
:10B5C000E380EBE719780E320A401A70E388DCE773
:10B5D00080221343E1E7C121FF2616488900425823
:10B5E000B243425001221A7001F080FC01F0BEFC0F
:10B5F000012001F0ABFC9EE75A20F2F7DBFAA369C9
:10B60000002B94D10BE0207C01F016FDE0610028B6
:10B6100000D085E75A30F2F7CDFAE06980E70820DC
:10B620000DF0C9FDA06182E7160C0020180B002068
:10B630000044004100E100E010B503290CDC0029C2
:10B6400005DC10D10368DB6D9847002010BD03684E
:10B650009B6D98470020F9E7042904D103689B6A91
:10B6600098470020F2E70148F0E7C04617FCFFFFCB
:10B670000371074B10B5036074330024436100234A
:10B68000C48001810274C46043718461C46110BDCF
:10B6900088B4020010B50400C069002805D04078C5
:10B6A0000021400801F0E6FB10BD207C01F0C4FC45
:10B6B000E061F4E710B50400F6F7B6F8E3881A077E
:10B6C0000AD5A069002805D00DF066FDA06901F03B
:10B6D0009FFBE3880022A261E0221A420ED1DB0622
:10B6E00007D5A069002802D003685B69984700234A
:10B6F000A3610023E380F6F789F810BD2000FFF76F
:10B70000C9FFE388EBE7C04670B5C38804000D00AD
:10B710009B0711D51F21227C1140531101228A4021
:10B72000C021C9058C46DB016344002D02DC5A614F
:10B73000002070BD9A61FBE7FFF7BCFF1F20237C50
:10B740005A09D20103409B18114A944601226344CE
:10B75000197891431970237C591118401300CA01BC
:10B76000C0218340C90551188B6080211804000C4A
:10B77000C905014307481B0C844662449162C021FD
:10B7800009060B4393620222E3881343E380C1E777
:10B790004044004100440041E12270B5C3880400E8
:10B7A0001A420ED02C4A217C94464B11DB01634493
:10B7B0001F22186A01230A4093401840431E9841F3
:10B7C00070BD0125FFF776FF1F202E00224B217C44
:10B7D0009C464A1101408E40D201624453184033C6
:10B7E0001B7856606279DBB2002A1DD00726227CC6
:10B7F000B3435111C90102405218184906268C461C
:10B800003343624413706379227C012B1AD01249AE
:10B8100053118C4602409540DB0163449D61012237
:10B82000E3881343E380BDE7227C5111C901024044
:10B8300052180A49183883438C4602206244034355
:10B840001370ECE7044D5111AC4602409340C9011E
:10B8500061444B61E3E7C04600440041404400417D
:10B86000F0B5037983B004009B0700D48FE0C06972
:10B87000002800D186E0C578FF2D00D187E00023A5
:10B880006A46D380E3885B0756D50023414C424A81
:10B8900023608023116A5B020B43404E1362404BCE
:10B8A000404A31005A802000002201F0E3FCE020F1
:10B8B000328D3D4BC0001A403C4B19684B01034090
:10B8C0001A433285FF223A4B308D1B689043490161
:10B8D000DB0E0A400343134333850221200001F0AD
:10B8E00007FD0F222900200001F014FD0221200095
:10B8F00001F004FD2900200001F0C6FC2B00290006
:10B900001822200001F000FD6A46290002230632B9
:10B91000200001F0BFFC6A46290002230632200005
:10B9200001F0B8FC0500200001F0A8FC002D2EDD80
:10B930006B46D88803B0F0BD2000FFF7BBFE1F2088
:10B940000126277C1B4B7909C9013840CB181918EF
:10B9500040310A784010B24332431B180A7030332A
:10B9600032003E4207D10F211A788A4332431A70BF
:10B970000423E38089E719780E320A4010210A4334
:10B980001A70F5E7207C01F057FBE06173E70A4885
:10B99000D0E7C046580B00200004004000400042A1
:10B9A000000C00401E440000FFF8FFFF24608000F0
:10B9B000206080000044004116FCFFFF70B5037951
:10B9C00082B00400DB071DD51025C3881D4006D0BA
:10B9D0008669336830009B69984702B070BDFFF7F5
:10B9E00069FE18200DF0E7FB2289012301950095DF
:10B9F00021000600F9F73AF91022E388A661134303
:10BA0000E380E6E70048E8E716FCFFFF10B543795E
:10BA100004008B4206D04171FFF74CFE23682000E2
:10BA20005B689847002010BD10B50400F5F7FCFED8
:10BA3000F022E3881A420DD1DB0603D4F5F7E6FEC7
:10BA4000002010BD2000FFF735FE236820005B6852
:10BA50009847F3E72000FFF71DFE1F23217C4A09CA
:10BA60000B40D2019B18044A0121944663441A7882
:10BA70008A431A70E180E1E740440041F8B51F2392
:10BA80000125047C060023409D40114B64119C4617
:10BA9000E401644423680F0000201D4211D12900F5
:10BAA0002000002F0ED1FFF7B7FC23681D420CD0F9
:10BAB0003000FFF7FFFD336839001B6830009847FE
:10BAC0000020F8BDFFF7A2FCEFE70248F9E7C04607
:10BAD0000044004112FCFFFFF8B5012504000E00F0
:10BAE000FFF7E8FD1F202900227C531102409140FE
:10BAF0000A00C021DB01C90559188A60802117049A
:10BB00003F0CC9053943214F120CBC46634499626E
:10BB1000C02109060A439A62227C04215311DB01E9
:10BB20000240D2181A4B9C46624413788B43137020
:10BB3000227C13041E4353091040DB01711C1ED0EC
:10BB4000124901278C4663441C1840342178401068
:10BB5000A94339431B182170F6B23033154206D180
:10BB60000F211A780E408A4316431E70F8BD0F222B
:10BB7000197836010A401643F6B21E70F6E7C3186C
:10BB800063441A78AA431A70F0E7C04600440041A3
:10BB900040440041F8B5050016000C00914200D960
:10BBA00014000827EB881F4238D12800FFF782FDD8
:10BBB0001F202B7C5A09D20103409B181A4A944635
:10BBC000012263441978914319702B7C5911184054
:10BBD0001300CA01C0218340C90551188B60802120
:10BBE0001804000CC905014310481B0C844662442C
:10BBF0009162C02109060B43936214200DF0DBFA19
:10BC0000297CA8613300220001F0D8F8EF800028D9
:10BC100002D05A20F1F7CEFF0020F8BDA86932000B
:10BC2000210001F0F9F8F2E74044004100440041EE
:10BC30000F4B70B504000800994216D8E3881B0723
:10BC40000FD40C4A15000023C11703F035F9084A38
:10BC5000002303F011F92A0001002000FFF79AFFEA
:10BC600070BDA3691D682A00EDE70348F8E7C046E8
:10BC7000FF030000204E000017FCFFFF10B5037902
:10BC80009B0707D5002903DB034AFFF783FF10BD9D
:10BC90000248FCE70248FAE7204E000017FCFFFFCD
:10BCA00016FCFFFF70B5C38804000D001B0704D409
:10BCB0000A000021FFF76EFF70BD8669CB170A00EE
:10BCC0007068002103F0F8F83268002303F0D4F81C
:10BCD0002A0001002000FFF75DFFEDE7F8B5002422
:10BCE00001260C4A0C4F15691369ADB21B0C1B04DD
:10BCF0002B4313613300A3401D4206D0A300D85943
:10BD0000002802D003689B6E98470134102CF1D1B3
:10BD1000F8BDC04600180040180B00204423012243
:10BD20004161C25400207047312310B5C154012134
:10BD3000013BC2541433C154082A02D05A20F1F7EF
:10BD400039FF002010BDC04600B5836985B01A7E5A
:10BD50009207FCD51A7E520703D59A6A1A7E5207BB
:10BD6000FBD404215A8B0A435A83802382691376B9
:10BD7000C36B002B05D00022C263006C984705B04E
:10BD800000BD48230349C25A473B6846FCF774FC90
:10BD9000F5E7C046FE03000008B4024B9C46043899
:10BDA00008BC604749BD0100F0B5C6469846482327
:10BDB00000B5040084B00E00C15A0C481700F6F715
:10BDC00055FA00232268029301930A9B31000093E5
:10BDD000156943463A002000A8470400F6F7D2FB55
:10BDE000200004B004BC9046F0BDC046FF03000034
:10BDF00030B583B0069C050014430020002C04D00D
:10BE0000069800902800FFF7CFFF03B030BDC04672
:10BE1000F0B54E46DE465746454644230022E0B57F
:10BE20000600C254836989B004001C36002B60D020
:10BE3000606901F06FF9FA2107008900606902F07A
:10BE400009FE80463800A56901F07AF9FA218900D7
:10BE500002F000FE424603002900CF480097F5F7A4
:10BE6000D1FF3000E56901F0FDF90722EB691A42C4
:10BE7000FCD131230721E25C303B1A40EB691942C7
:10BE8000FCD12B68C549194013070B432B603123A4
:10BE90000721E35C9B07DA0FEB691942FCD12B68A1
:10BEA000BF49194053070B432B600723EA6913422C
:10BEB000FCD180212A680A432A605039615C6A6893
:10BEC00008399A430B40134307226B602B7B2F7377
:10BED000EB691A42FCD1300001F0C0F90722EB698E
:10BEE0001A42FCD109B03CBC90469946A246AB46EA
:10BEF000F0BD0369002B00D10AE1187C00F07EFB45
:10BF0000E3688146002B00D100E1187C00F076FB4D
:10BF1000A3688246002B00D1F6E0187C00F06EFB8F
:10BF2000A04B00259846A346039043465B5D002B3B
:10BF300000D0B7E02900484600F080FB0700431C12
:10BF400000D1AFE02900504600F078FB0400431C0C
:10BF500000D1A7E02900039800F070FB03000590D2
:10BF6000013300D19EE04B46002B00D1D7E0DB1916
:10BF70009B799B090493039B002B79D0059A039B23
:10BF8000944663449B799B0906935346002B00D14A
:10BF9000FDE01B199B799B090793049801F01AF99E
:10BFA00000287FD00699049801F0F6F8032879DC80
:10BFB0005B46A3461C00C02203049946079B9203DC
:10BFC0001B0513409A46784BAA00D05801234246DD
:10BFD000A061E9B2535501F0BDF8002114223000F0
:10BFE000F0F7BAFFA169300001F022F9002800D073
:10BFF000C9E00721A269D3691942FCD110686B4BD3
:10C00000072118404B4618431060A269D3691942B2
:10C01000FCD11368664967480B4051460B431360D7
:10C0200001F078F80100300001F020F9002800D07C
:10C03000A5E02069002806D039004F1EB941002232
:10C040000231FFF749FDA068002806D005990022BB
:10C050004B1E99410231FFF73FFDE06800284DD0AB
:10C0600059464B1E994101220231FFF735FD1EE072
:10C070005346002B00D1A5E01B199B7904989B091E
:10C08000079301F0A7F800280CD0002306971F00A3
:10C09000F9B2049801F080F8032800DCA0E0013731
:10C0A000042FF5D10135062D00D03EE75C46A3698B
:10C0B000002B52D0E368002B23D002F011F90022AC
:10C0C000A36969000131A0632833C9B2009202F06C
:10C0D00093F9A768002F1DD002F002F9A3696D0043
:10C0E000023528336063E9B200930022002302F096
:10C0F00083F9211D606B02F03BF999E6A369002BDF
:10C100002BD00023A363E4E7542007E75420FDE687
:10C110005420F3E65A20F1F74DFD676388E6039B50
:10C12000002B1ED0059A039B944663449B799B0980
:10C1300004935346002B4FD01B199B799B090793FF
:10C14000002306941C00E0B2049901F025F80328AE
:10C1500048DD0134042CF6D1A4E71748F1F72AFD95
:10C16000A8E75B46A3461C005346002B3ED05B4429
:10C170009B799B091B059A460023994623E70F48A4
:10C18000F1F718FD55E70E48F1F714FD31E70123EB
:10C190005B42079301E7C04600B50200FFFFFFEFD7
:10C1A000FFFFFFDF180C0020E8000020FFFFFCFF6E
:10C1B000FFFFCFFF90D0030087030000860300003D
:10C1C00085030000049801F005F8002800D169E714
:10C1D00001235B42079358E701235B420793AFE7D4
:10C1E000069FE5E6069B5C469B46E4E6C0239B0370
:10C1F0009A4600239946E6E6F0B51F004423C35C47
:10C2000083B004000D001600002B32D16B460022D3
:10C2100007331A709D421AD29F4218D2099BA26915
:10C22000E3630A9B236405231376089B002E12D137
:10C23000002B21D15A20F1F7BDFC3D00606B33008B
:10C240000022290002F098F8002003B0F0BD5A2027
:10C25000F1F7B0FCE2E7002BF0D09E4202D05A206A
:10C26000F1F7A8FC089B3A000021A06B02F084F8CB
:10C27000E4E7FFF7CDFDC9E7089E3D00F2E7C046C1
:10C280004523002230B5C2540133C1540100026875
:10C29000836B83B004004631D568002B0ED00300B9
:10C2A0000F4A4533954212D101220092FFF77CFDDF
:10C2B000002813DB4523E05C03B030BD084A00933F
:10C2C0000023954207D10122FFF76EFDF0E701221E
:10C2D0000092A847ECE70122A847E9E70148EBE70D
:10C2E000F1BD01000AFCFFFF70B504000E48A1601B
:10C2F0000500283008352560E26023616060FAF7A8
:10C30000C3FA4823E052403B2386084B0122636175
:10C3100000232000A3614433E254002113321C3077
:10C32000F0F71AFE200070BD30B5020090D0030077
:10C3300001235B420380033383700023C3700371C6
:10C3400080239B01C3803F2303727047F0B5012512
:10C350001F222E000C78C02722409640C64663114B
:10C36000DB01FF05DF1900B57E6037043F0CBC46DA
:10C3700088466146504F360C0F4350498C46634403
:10C380009F624F4F01213E4304279E629B1840331A
:10C390001E78BE431E706309DB0163448C46614610
:10C3A0009F1840373E785210AE430E439B183E70A4
:10C3B0003033254200D074E00F2461461A78A2433E
:10C3C0000A431A704378DB09FCD1022203789343B5
:10C3D00003704378DB09FCD108220379934303718E
:10C3E0000379043A934303710379013A9343037148
:10C3F0004378DB09FCD16022037B934303734378CA
:10C40000DB09FCD11022037B934303734378DB09E0
:10C41000FCD10F22037B934301220373437913431F
:10C42000042243710378134303704378DB09FCD182
:10C430000222037A134303724378DB09FCD1012201
:10C44000037A134303724378DB09FCD1434601228C
:10C450009A56072A15DD0F2A06DC0123083A934075
:10C46000417D0B43DBB243754378DB09FCD10222EB
:10C470000378134303704378DB09FCD104BC904676
:10C48000F0BD4378DB09FCD101339340017D0B43C0
:10C49000DBB203754378DB09FCD14378DB09E3D1D8
:10C4A000E5E70F221C782240102422431A704378BB
:10C4B000DB0900D086E788E7000002400044004125
:10C4C000000002C0042210B50378134303704378C0
:10C4D000DB09FCD102220378134303704378DB09A4
:10C4E000FCD10222037A134303724378DB09FCD1A7
:10C4F0000222837A134383724378DB09FCD1012241
:10C50000837A134383724378DB09FCD14378DB09D8
:10C51000FCD101228A56072A5ADC01249440E2B257
:10C52000027443744378DB09FCD10324CA78C37EC8
:10C530002240A3431343C3764378DB09FCD107248D
:10C540008A78437B2240A343134343734378DB0938
:10C55000FCD10B79002B2FD11022037B9343037363
:10C56000037B013A934303734378DB09FCD13F24F7
:10C57000CB88DAB20276427E1B122340A2431343D9
:10C5800043764378DB09FCD13F240A7A837E22403C
:10C59000A343134383764378DB09FCD1A4222033E1
:10C5A000C2544378DB09FCD1427B803B1343437385
:10C5B0004378DB09FCD110BD10220F24037B134309
:10C5C00003734A79037B2240A34313430373CBE7EE
:10C5D00003740123083A9340DBB24374A2E7C046D8
:10C5E0000123407BC00958407047C0464378DB09AF
:10C5F000FCD1037F407F00021843704710B55428D8
:10C6000018D00D4C2378542B0BD0984210D0002218
:10C6100001E081420AD00132D300E318197854298D
:10C62000F7D15A20F1F7C6FA002010BD1800FCE738
:10C630002000FAE70020F8E768B50200002811D0D2
:10C6400083799B069B0E99420AD0C0798006800EA2
:10C65000081A4142484102214042084001387047CF
:10C660000020FCE702204042F9E7C046F8B5CE467C
:10C670004746836880B50400002B24D0C7683A7809
:10C6800013071B0FD20622D4214EF25C013AF2545A
:10C690003878204B050799461F4B2D0F595D4009EF
:10C6A00002F048FB01231A0098464B468A405B5D26
:10C6B00093434A4653553B781B071B0FF25C002AF5
:10C6C00014D00023A3600CBC90469946F8BD134AD1
:10C6D0009B009D580021280000F09CFC01222B8823
:10C6E000280013432B8000F0A3FCEAE747460C49DF
:10C6F0009B005A500B4A00219D58280000F0C4FCB2
:10C700002B681F432F60AB68DB07FCD4D9E7C0461A
:10C71000200C0020300C002060B50200B4B60200EE
:10C72000240C0020C0B60200F8B58368C268002B54
:10C7300033D013781C07240F5E09DB061ED4184B78
:10C74000A7000A00F8580021002302F0B5FB154AA3
:10C75000002302F091FB144B0500195D300002F03C
:10C76000E9FA124BFA5801238B4090680005000F3C
:10C770001840FAD11C3189008D50F8BD0C4BA40033
:10C78000E0580C364843074902F064F9094B80B27F
:10C79000E3587600F0520020EFE764204042ECE7D7
:10C7A000680B0020FFFF000060B50200C0B6020069
:10C7B0005C0B0020B4B60200F0B5DE465746454695
:10C7C0004E46E0B589B0009312AB1B7882460393C6
:10C7D00003740B7988461B071B0F059281609B46EB
:10C7E000022B05D94B791B071B0F022B00D9CCE17B
:10C7F000009BD24A013B934200D9CDE1039B002B21
:10C8000000D1CAE0002301279946002400235E4698
:10C81000D346BA46049347465444E4B24F4421E019
:10C820001023034200D1DBE0022E00D9D0E0C44A3D
:10C83000B3009B5862B21B8802929B0704D41F234B
:10C840009843202800D130E1012C00D99AE1029BC5
:10C8500099460123049347464F443E795444360792
:10C86000360FE4B25346E31ADBB201933879C506BA
:10C87000ED0FD5D1022E00D9AAE010230342D6D164
:10C88000B04AB3009B5862B21B6802929B0700D566
:10C890009EE0AD4B4009995D02F04CFA01238B40BC
:10C8A000AA4A925D1A4200D092E04B4604334344B8
:10C8B000012C00D97EE1002B00D15BE1DA46B346C2
:10C8C0003E00029310233279134200D0F0E007AA11
:10C8D00093705B469E491180D35C01229A409D4B28
:10C8E000A94600241F00150039889B4802F0B2F8C1
:10C8F000009902F0AFF80138A84204D30134E4B241
:10C900000237082CF0D1070000225946484600F0B3
:10C9100057FB3379DA0600D4CEE0904A1B079B0E12
:10C920009F50874A24029858E023DB001C40602374
:10C93000BFB21C4304800121078300F06BFB534608
:10C94000029A1F21DA6043461878854B01249C46E1
:10C9500001264209D20101406244551840352B7826
:10C960004908A34333432B70019B51180433DBB2B6
:10C970003031044200D090E00F200A788243134304
:10C980000B7005995046FFF7CFFE002009B03CBC64
:10C9900090469946A246AB46F0BD724B002499469C
:10C9A000684F2500A3004B441A6800990134E4B293
:10C9B0008A421CD001350433032CF5D143465B7900
:10C9C000FF271B071B0F9B460123023C99461DE7CF
:10C9D00063B29946012C00D83DE704980438D5E7A6
:10C9E000584BB600F35862B21B689146F2E700223A
:10C9F0005B460192AA0004929D4208D11022019B3D
:10CA0000029343441B791A4201D1022D10D9019B94
:10CA1000002B3FD143465A7913071B0F9D4239D152
:10CA20001023134236D1022D34D8012302930193EF
:10CA3000049BDB591E68B607F60F012EE7D1029B57
:10CA400043441879C306E2D43F4B4009595D02F0D4
:10CA500071F98E403D4B5B5D1E42D8D1029A1E4358
:10CA60003A4B04325E55019B42440292012B00D0A6
:10CA700095E0029B032C00D08AE0002B00D05EE7FB
:10CA800043465B79FF271B071B0F9B4601239946F3
:10CA90001C00BBE6032CF3D083E70F2208781B01B0
:10CAA00002401343DBB20B706BE701230493FCE6F7
:10CAB00080235B021A0012E72B4A1B079B0E9F5034
:10CAC000204A00219D583F02280000F0DDFA07238C
:10CAD0002A6826491C400A40240214432C602A6C10
:10CAE0003F0A120E120617432F64EA6B01219A4384
:10CAF000130002221343EB63280000F0C5FA3479D7
:10CB0000184B2407240F0099A200D150184A135D36
:10CB100001331355039B002B03D0FF220B4B1A55F7
:10CB20000DE7094B3079195D400902F003F9012343
:10CB30008B40064D2A5D13432B5500E77F8D5B002C
:10CB4000B4B60200C0B6020060B50200300C00208E
:10CB500018180000A4B60200006CDC025C0B002078
:10CB600000440041240C0020680B0020FFF8FFFF68
:10CB7000200C0020029A130043441E799146360788
:10CB8000360F48E60320404200E701204042FDE620
:10CB9000002B00D0D3E604E702204042F6E6029BD9
:10CBA000002B00D0CBE6434601225B7901921B07A4
:10CBB0001B0F21E7DA460293B3463E00002B00D15B
:10CBC0000BE77FE670B5C468207803071B0FC20629
:10CBD00022D41C4A9D0054591B4A4009D15C02F0E2
:10CBE000A9F8236B1B031B0F0B41DB0710D410317B
:10CBF0008900611849680A000023110C1004801A8A
:10CC00009941124B5A59002302F036F980B270BD97
:10CC10001C3189000959EEE70D4A9B009D582800F8
:10CC200000F006FA23785A090C325200525B1B07B7
:10CC30001004801A074A9B0E995801F00BFF80B22E
:10CC4000E5E7C046C0B6020060B50200680B0020F0
:10CC5000B4B602005C0B0020F0B54F464646D646FF
:10CC60004E4B4A1EC0B5814688469A4200D991E093
:10CC70001026C36800259A461B78494F1E40734210
:10CC80005E41FF2376421B041E4080235B029C46CC
:10CC900066443988434801F0DDFE414601F0DAFE82
:10CCA000441EB44257D30135EDB20237082DF0D1FE
:10CCB0004846FFF787FF53461B780600DA062BD459
:10CCC0001B07394A9B0E9F583B680021380000F033
:10CCD000DBF907223B682A40344D12021D40154300
:10CCE0003D600121380000F0CFF953461B781B0747
:10CCF0009B0E2F4AD450FB6E2402200A1C0E2406E1
:10CD00000443FC6631004846FFF70EFD00201CBCC2
:10CD100090469946A246F0BD1B07264A9B0E9F5897
:10CD20003B88002398460021380000F073F9434601
:10CD30003D881E4A1B0215401D433D8001213800DD
:10CD400000F068F953461B781B079B0E1A4AD45013
:10CD5000A4B23C83D6E74846FFF734FF53461B781E
:10CD60000600DA060CD5134A1B079B0ED7583A88E3
:10CD70005205520FAA42E9D007231D40A846D2E728
:10CD8000094A1B079B0ED7583A685205520FAA4210
:10CD9000AFD09AE702204042B9E7C0467F8D5B00E2
:10CDA000A4B60200006CDC02C0B60200FFF8FFFF70
:10CDB000680B0020B4B602005C0B0020F0B5040044
:10CDC0001F000D00160083B00C2200210830F0F780
:10CDD000C3F827606660E8B2FFF710FC256806001C
:10CDE00029000A4801F036FE63680700180429008C
:10CDF000C01A01F02FFE012382B2009331003B00E4
:10CE00002000FFF7D9FC03B0F0BDC04640420F0040
:10CE100010B5FFF72BFC10BD036870B50D000400C2
:10CE2000110093420AD02260094801F013FE01006C
:10CE30002000FFF711FF002809D121682804656050
:10CE4000401B01F007FE81B22000FFF76DFC70BDB2
:10CE500040420F0070B50024054D2000FBF7EEFDA9
:10CE6000002800D02C700134E4B2092CF5D170BD3B
:10CE7000170C0020084AC30894460722104080007F
:10CE80000832824081409B0010B563449C69944302
:10CE90002143996110BDC0460018004070B50E4C8A
:10CEA0000F26A44607240440A400A640C3089B0004
:10CEB00063449D69B54308263143A14029439961E4
:10CEC000012361468340CB60002A03D0034B1A54F0
:10CED00000F026F870BDC04600180040B40B0020DA
:10CEE000014B8000C1507047740B00204021084A5C
:10CEF00093690B4302219361064B074A5A80074A04
:10CF000013780B4313705378DB09FCD17047C0468C
:10CF100000040040000C00400540000000180040E4
:10CF200010228021084B10B55A50BFF34F8FBFF32A
:10CF30006F8FC120FF2480001958A1431950C021D0
:10CF400049005A501A6010BD00E100E00121014083
:10CF50000220054A490013788343180008431070E3
:10CF60005378DB09FCD170470018004001210D4ABD
:10CF700010B513780B4313705378DB09FCD10024F0
:10CF8000E0B200210134FFF7ABFF102CF8D1802272
:10CF9000054B9C50BFF34F8FBFF36F8F0132FF32B1
:10CFA0009C5010BD0018004000E100E08023034ABF
:10CFB0005B03116A0B4313627047C04600040040D4
:10CFC00030B51300002817D00E4A545C0B31C9B29B
:10CFD0000120884001000C4A1B02156A2943116296
:10CFE000F022120113408022D20113433F2222403B
:10CFF0001A43064B5A8030BD054A545C0831C9B209
:10D00000E6E7C0465CB5020000040040000C0040AA
:10D0100064B5020001220A400221038852008B43BA
:10D02000190011430180C37BDB09FCD17047C04666
:10D03000C37BDB09FCD170470C4B30B51C68002C5E
:10D040000DDD0B4D2B7883420DD0002204E0D30080
:10D05000EB181978814204D00132A242F7D10020A6
:10D0600030BD1800FCE72800FAE7C046A0B6020071
:10D0700068B502007047C04610B5024B1B68984760
:10D0800010BDC046E000002001220A4002210368D2
:10D0900052008B4319001143016083689B07FCD445
:10D0A0007047C04601220388134303800388DB07CF
:10D0B000FCD47047014B18607047C046E000002068
:10D0C00010B5024B00201B68984710BDE4000020FB
:10D0D00010B5024B01201B68984710BDE4000020EA
:10D0E00010B5024B02201B68984710BDE4000020D9
:10D0F00010B50020FFF7C0FF10BDC04610B50120DD
:10D10000FFF7BAFF10BDC04610B50220FFF7B4FF0D
:10D1100010BDC04610B5400002F058FF011C074882
:10D1200002F006FAFC21890502F00CFD01F034FF43
:10D13000FF2800D9FF20C0B210BDC046001B374CED
:10D1400010B5411C4900024801F00EFD10BDC0465B
:10D15000006CDC023F230122800A1840824030B577
:10D16000094C256A2A432262084A505C80221840F2
:10D17000D201024306484280064A525C134086228E
:10D18000D2011343438030BD00040040CCB60200FE
:10D19000000C0040D4B60200030001280CD0FF2090
:10D1A000032B08D1002912D00239481E8141484280
:10D1B000FE2108400130704700200029FBD00339D0
:10D1C000481E81414842FD2108400230F3E7032018
:10D1D000F1E7C04602239843013843425841C0B2A8
:10D1E0007047C046EFF31083036072B6BFF35F8FE2
:10D1F0007047C046BFF35F8F036883F310887047A2
:10D20000002300B585B00191083801A9029303926B
:10D2100000F09CFE05B000BD002300B585B0029172
:10D22000083801A90193039200F090FE05B000BDFB
:10D2300010B50160040000F027FE002806DB002086
:10D24000034B2382034BE360034BA36010BDC04636
:10D250000080FFFF19D2010001D2010010B500F0DB
:10D2600045FE10BD10B500F053FE10BD10B500F026
:10D2700061FE10BD10B500F017FF10BD10B500F035
:10D2800019FF002010BDC04610B500F01DFF0020A2
:10D2900010BDC046F0B5D6464F464646C0B59A4684
:10D2A00004000D00170000F015FF83B28046994678
:10D2B0000026200000F020FF2900200000F016FFCB
:10D2C0000028F9D02900200000F020FF4346B8557F
:10D2D000012B02D9BB19000A58704E44B6B256450C
:10D2E000E7D330001CBC90469946A246F0BDC0462C
:10D2F00010B500F013FF002010BDC04610B500F0BF
:10D3000015FF002010BDC04610B500F02BFF002017
:10D3100010BDC04610B500F03FFF002010BDC04654
:10D3200010B514001438828B84B001AB1A80064A01
:10D330000391190002945A8000F022FB002800D1CA
:10D34000200004B010BDC0460080FFFF10B51400DF
:10D350001438828B84B001AB1A80064A03911900FD
:10D3600002945A8000F00CFB002800D1200004B089
:10D3700010BDC0460180FFFF10B5040000F0F4F9B5
:10D38000002803D1024BA361024B636110BDC0466C
:10D390004DD3010021D3010010B5040000F0EAF9DB
:10D3A000002801D1A061606110BDC04610B500F039
:10D3B000F3F910BD10B500F011FA10BD10B500F072
:10D3C00019FA10BD012310B58469227E134206D0DC
:10D3D000A27D134203D023750368984710BD237EB6
:10D3E00001229B0708D5A37D5B081A4204D00223C3
:10D3F000237583689847F1E7237E5B0708D53722BA
:10D40000638B1A420FD1218D4368C9B29847E5E773
:10D41000237EDB09E2D080232376C3689847638BA1
:10D420009BB26383DAE73F236383D7E70122CB69AB
:10D430001A42FCD10322CB691A42FCD10B689B072C
:10D4400026D40122CB691A42FCD10B681A430A6028
:10D450000122CB691A42FCD10322CB691A42FCD1CA
:10D4600004220D4B0B60CB691340FCD1802252008B
:10D470004A600A4ACA6004228381CB691A42FCD1FD
:10D480004B6A074A13404B62D723C3810020704781
:10D4900011204042FBE7C04614002000E5E60000F2
:10D4A000FFBFFFFF70B5032204000E0082B0E369E6
:10D4B0001A42FCD1032225686D08E3691A42FCD1A7
:10D4C0000222236801A893432360FFF78BFE022208
:10D4D000E3691A42FCD1B6B2A68101A8FFF78AFE21
:10D4E0000322E3691A42FCD1022322686D009A43A9
:10D4F0002B401343236002B070BDC0460122C369B4
:10D500001A42FCD10322C3691A42FCD103689B076B
:10D510001CD40122C3691A42FCD103681A43026079
:10D520000122C3691A42FCD10322C3691340FCD112
:10D53000084A0260C02292024260D2225242828194
:10D540000332FF328373835400207047112040421E
:10D55000FBE7C0460400104070B5050008000C0051
:10D56000FFF7CCFF00282ED11C4BAC619C422BD086
:10D570001B4B9C420DD01B4B9C4227D01A4B9C420C
:10D5800026D01A4B9C4225D0194B9C4224D00560D2
:10D59000FFDE0122174BD2009B185B6880211D60C3
:10D5A000154B164A9C461F236444A40A09341C40A8
:10D5B0001E3BA3405350BFF34F8FBFF36F8F01311A
:10D5C000FF315350136070BD0022E3E70222E1E710
:10D5D0000322DFE70422DDE70522DBE70008004243
:10D5E000000C0042001000420014004200180042EB
:10D5F000001C0042DCB6020000F8FFBD00E100E0C4
:10D600008269244BD3189B0A0933D9B21B0622D551
:10D610000321D3691942FCD1022113688B431360A3
:10D620000139D3690B40FCD11068014311601A49DC
:10D630008A421DD019498A4222D019498A4221D0F2
:10D6400018498A4220D018498A421FD017498A4275
:10D650001ED01B60FFDE1F2201230A409340802260
:10D6600013498B50BFF34F8FBFF36F8F8269CFE7A2
:10D670000022104BD2009B1800225B681A60704792
:10D680000122F6E70222F4E70322F2E70422F0E7A0
:10D690000522EEE700F8FFBD00080042000C004242
:10D6A000001000420014004200180042001C00421A
:10D6B00000E100E0DCB60200F8B5140006AA06009E
:10D6C0000D001778002B0CD0012B16D00020022B58
:10D6D00006D13100280001F0BDF94008013880B2C0
:10D6E000F8BD3200210C200401F0E6FB2A000023E3
:10D6F00001F0C2FB404280B2F2E70100280001F0D5
:10D70000A9F9210001F0A6F97F03C01980B2E7E76B
:10D7100010B58069FFF7C6FE10BDC04610B50223E4
:10D720000C009C4309D0012912D003290BD1836935
:10D73000002A16D080229A7505E08169002A03D05C
:10D7400001228A758B7510BD01320A750B75FAE7D7
:10D750008369002A02D104321A75F4E704229A750B
:10D76000F1E780321A75EEE710B50161FFF75EFE52
:10D7700010BDC04603210369DA691142FCD10221C0
:10D780001A688A431A600139DA691142FCD11A68B1
:10D790000020114319607047032130B50269D36935
:10D7A0001942FCD102210324102513680A480B43B7
:10D7B00013600231D3691942FCD1538B1B092340FA
:10D7C000012B07D001380028F4DCD3691942FCD1C1
:10D7D0005583EFE7002030BDFFFF00000321026901
:10D7E000D3691942FCD10221136800208B431360D6
:10D7F0007047C046F0B557464646DE460400C0B501
:10D8000017000322066982B0F3691A42FCD133681B
:10D810009B0700D5A3E0A389002B27D0012B66D05E
:10D82000022B00D09EE051487900401A01F012F915
:10D830004F4CF36803211C40050001F00BF9030471
:10D84000FF20000403402343F360F068032100023B
:10D85000040A680001F0FEF800062043F060002092
:10D8600002B01CBC90469A46A346F0BDF068FF3358
:10D8700098438046B8009A46C0193C4B4000181A9D
:10D880009B4604F04FF900900191E08904F010F9F3
:10D89000384A394B03F000FB5B467B430400180019
:10D8A0000D0004F03FF902000B002000290003F0F6
:10D8B000F3FA02000B000098019903F05FFD0400E9
:10D8C00078000D0004F02EF90B0002002900200062
:10D8D00002F0D8FE01F078FB534618404346184347
:10D8E000F060F368254A00201340F360B8E7F06861
:10D8F000FE3398438046B8009B46C0191B4B40003E
:10D90000181A9A4604F00EF900900191E08904F08B
:10D91000CFF8184A184B03F0BFFA53467B43040074
:10D9200018000D0004F0FEF802000B002000290092
:10D9300003F0B2FA02000B000098019903F01EFDFB
:10D94000040078000D0004F0EDF80B00020029003F
:10D95000200002F097FE01F037FB5B46BDE7112087
:10D9600040427DE70D2040427AE7C04680BB000080
:10D97000FFFF00FF95D626E80B2E113EFF00FFFFAC
:10D98000F0B55746DE464E4645468023E0B583B0A7
:10D99000019142885B00070004691A4200D0F5E15A
:10D9A0004A8813434B80030025C925C37D6823683B
:10D9B0000422012D00D175E1E3691A42FCD16368AC
:10D9C000B34A1340636080223E88D200730016423F
:10D9D0004DD07888C10702D5788802437A80042226
:10D9E000AC481840E3691A42FCD18022636AD20134
:10D9F0001A4080231B02134304221843E3691A428E
:10DA0000FCD16062237EA44ADBB2032004E0237EC3
:10DA1000013ADBB2002A01D01842F8D02268042073
:10DA20009446E2691042FCD10120628B92B2184206
:10DA300033D0930700D442E1802302402076504245
:10DA4000504179885B010B437B807B8893490B4075
:10DA50007B80431F9B467B88904A13407B805846BF
:10DA600003B03CBC90469946A246AB46F0BDFF20B1
:10DA7000184001237A881340184384460422E3693E
:10DA80001A42FCD18023606ADB01184063460422FD
:10DA90001843E3691A42FCD1B3E79B0732D5002D46
:10DAA00000D19AE1530700D597E16346013DDA0EB4
:10DAB00002407D60002D00D139E1012D16D1002AF0
:10DAC00014D00422E3691A42FCD180236268DB028D
:10DAD00013436360002D09D17B8804221BB2002B05
:10DAE00000DA33E17B886D4A13407B800422B868FA
:10DAF000431CBB60E3691A42FCD12823E35C03703A
:10DB00000223237600239B460133FF339846FE3BD6
:10DB10009C468023DB0203250426012099464246C9
:10DB20007B8813429BD039695B4A0B7EDBB205E0F0
:10DB30000B7E013ADBB2002A00D185E01D42F7D00E
:10DB400022689246E2691642FCD1628B92B2184278
:10DB500014D06346134256D020767B8802409A4602
:10DB6000802351465B010B437B807B884B490B40F4
:10DB70007B8053425A41531F9B46D0E700218B467E
:10DB800061461942CBD07B68002B00D102E11642DE
:10DB900000D0FFE05246013BD20E02407B60002BDA
:10DBA00017D1002A19D07B881BB2002B22DB7B887F
:10DBB0003A4A13407B80BA68531CBB60E3691E423B
:10DBC000FCD12823E35C13706346237600239B4635
:10DBD000A5E7012BEFD1002AEDD0E2691642FCD176
:10DBE000494662680A436260002BE4D17B881BB21D
:10DBF000002BDCDAE3691E42FCD1C02362689B0281
:10DC000013436360D3E7164200D0C9E07B885B050D
:10DC100031D506233A88D2091A409246E3691E425A
:10DC2000FCD18023626ADB011A40F1231A43534678
:10DC30001A43E3691E42FCD162627B88184A134092
:10DC40007B8000239B466AE7019B04225B881BB212
:10DC5000002B07DB7B88114A13407B8005235B4246
:10DC60009B46FCE6E3691A42FCD1C02362689B0232
:10DC700013436360EEE77B689B46002B3DD17B88B6
:10DC80001BB2002B4ADB7B88044A13407B8046E7AB
:10DC9000FFFFFBFFFE070000FFFF0000FFFEFFFF8E
:10DCA000FFFBFFFFDB0E1D4200D185E6E3691A4250
:10DCB000FCD180236268DB021343636083E6530771
:10DCC00000D58FE07B885B0535D506230422F60955
:10DCD0001E40E3691A42FCD18022636AD2011340DC
:10DCE000F12213431E43ED3AE3691A42FCD1666206
:10DCF0007B884B4A13407B8004E7BA6813789A46C6
:10DD0000E3691E42FCD1282351460132E154BA6036
:10DD10005A460023013A7A609B4600E7E3691E42B7
:10DD2000FCD1C02362689B0213436360ABE7002A07
:10DD300000D1C6E6D0E6002D11D17B881BB2002BA6
:10DD40001ADB7B88374A13407B80DBE6E3691A42A3
:10DD5000FCD1C02362689B0213436360C2E60422C5
:10DD6000B8680678E3691A42FCD128230130013DE6
:10DD7000E654B8607D60C5E60422E3691A42FCD12E
:10DD8000C02362689B0213436360DAE706235B42A9
:10DD90009B4664E66346237602235B429B46BEE6CF
:10DDA0007B68002B04DD80237A885B0113437B8032
:10DDB0007B881BB2002B07DB7B881A4A13407B80D1
:10DDC00002235B429B46AAE6E3691E42FCD1C023C4
:10DDD00062689B0213436360EEE702232376043BF1
:10DDE0009B4638E6002D04DD80237A885B011343CF
:10DDF0007B807B881BB2002B07DB7B88094A1340A2
:10DE00007B8002235B429B4625E60423E2691342A2
:10DE1000FCD1C02362689B0213436360EDE7C046F8
:10DE2000FFFBFFFFFFFEFFFF10B5024B1868FFF777
:10DE3000C9FA10BDC40B002010B5024B1868FFF7DB
:10DE4000C1FA10BDC80B002010B5024B1868FFF7CF
:10DE5000B9FA10BDCC0B002010B5024B1868FFF7C3
:10DE6000B1FA10BDD00B002010B5024B1868FFF7B7
:10DE7000A9FA10BDD40B002010B5024B1868FFF7AB
:10DE8000A1FA10BDD80B00200122CB691A42FCD1A7
:10DE90000322CB691A42FCD10B689B071ED40122D6
:10DEA000CB691A42FCD10B681A430A600122CB6984
:10DEB0001A42FCD103220160CB691340FCD1094A0C
:10DEC0000A60802292024A60FE220A73CE3A8B5484
:10DED00001330371044BC38000207047112040427E
:10DEE000FBE7C0460C002000FF0100000268D36978
:10DEF000DB0709D40321D3691942FCD10221002098
:10DF000013680B431360704704204042FBE7C04690
:10DF10000268D369DB0709D40321D3691942FCD114
:10DF20000221002013688B43136070470420404295
:10DF3000FBE7C0460368DA69D20703D40020C9B200
:10DF40001973704704204042FBE7C046F0B54E46C7
:10DF50004546DE465746E0B50B6883B0019303792A
:10DF600004689C46E36980464E685B0764D10323DE
:10DF7000E2691A40FCD123689B0760D50123002584
:10DF800099460420237EDBB2184232D1AA421BD824
:10DF90004846184218D04046C0888246019800285A
:10DFA0000FD000788346604601283DD9019840781B
:10DFB000000282465846574638438246019802304E
:10DFC000019050460132A0625BB2002B21DB8B68CE
:10DFD0009342D6D8AB42D4D810000322237E1A42F3
:10DFE000FCD0227603B03CBC90469946A246AB4694
:10DFF000F0BDA06A8246002E07D03070604601282E
:10E000000FD95046000A7070023601355BB2002B02
:10E01000DDDA012313205B426383813323764042A0
:10E02000DBE701360135F1E7DA46019801320130CC
:10E0300001905046A062C7E704204042D2E7142076
:10E040004042CFE7437EDB09FCD103789B0727D40E
:10E050000122037813430370437EDB09FCD10022C5
:10E0600043708370C37003758384C3842A33C2549E
:10E07000437EDB09FCD18380437EDB09FCD1036155
:10E08000437EDB09FCD10372437EDB09FCD1838331
:10E09000437EDB09FCD10384023303700020704708
:10E0A00011204042FBE7C04610B501600800FFF7B1
:10E0B000C9FF10BD022103681A788A4301211A7032
:10E0C0001A780A431A7070470221026813780B43CA
:10E0D000137070470268537EDB09FCD1908880067C
:10E0E000800F0338431E98410130704703680120B8
:10E0F0001B7E18407047C0460268537EDB09FCD186
:10E100000221137B0B4313737047C0460268537E92
:10E11000DB09FCD1508B80B27047C0460F220068EB
:10E1200011404378934319434170704730B502243E
:10E130000268107813788007A343C00F13708CB265
:10E14000537EDB09FCD1302591882301A9432B4064
:10E1500019439180002803D0022113780B431370D8
:10E1600030BDC04610B50068437EDB09FCD10469B0
:10E170001F339C430B4023430361437EDB09FCD1E7
:10E180000369044912020B40F82149010A401A436D
:10E19000026110BDFFE0FFFF01684B7EDB09FCD18F
:10E1A0000B69044812060340F020000502401A43A0
:10E1B0000A617047FFFFFFF03F2070B50F25154A39
:10E1C000135C1B071C0F138C115C1B071B0FA9434F
:10E1D000194311540D3D0F30115C15540E4A9B002C
:10E1E0009858C907C90F002807D08368002B04D0AE
:10E1F00000290AD1002100F0A3F83F220F20054991
:10E200008B5C834323438B5470BD012100F098F84D
:10E21000F3E7C04600480041DC0B002070B5040065
:10E22000030703D00F2301300342FCD1882580224D
:10E230006D00605152000021EEF78EFE0221202079
:10E24000144B1A888A431A80134A51690143516159
:10E25000D16910380143D16101221A80F0221201E4
:10E260001A80002202215A806259C12080325A63EA
:10E27000625980009A631A880A431A804022074B29
:10E2800007491A601A5811408022D2030A431A50D3
:10E29000200070BD004800410004004000E100E0A3
:10E2A000FFFF00FF10B5202200210648EEF754FEC4
:10E2B0008A2040000AF07FFF0400FFF7AFFF024B07
:10E2C0001C6010BDDC0B0020FC0B002088235B00D1
:10E2D000C058072902DC0831090140187047C046C0
:10E2E00070B5134C2368002B1DD0882200245200E7
:10E2F0009B5880331A88D20706D501341033082C76
:10E30000F8D10025280070BD01211A880C200A438D
:10E310001A800AF050FF0500210000F00DF8054BAF
:10E32000A400E550EEE7FFF7BDFF2368DDE7C04638
:10E33000FC0B0020DC0B0020002341608360704751
:10E3400070B53F250F26094A4468535D3440B343F6
:10E35000234340245355135D3D3DAB431355806823
:10E36000002802D003681B68984770BD0048004130
:10E37000816000207047C046F8B51D004368040066
:10E380000F001600002B2FDBF3F74EFA184B6168D5
:10E390001868FFF79BFF2A0003889B059B0FDA4054
:10E3A00093B22A00438003889B059B0FDA402260CA
:10E3B000002F01D07F194760002E01D075198560AC
:10E3C0003F2061680F240B4B21401A5CA2430A4393
:10E3D0001A5407214E220220995439315A5C0243C3
:10E3E0005A54F3F713FAF8BD5A20EFF7E3FBCBE7E3
:10E3F000FC0B002000480041F0B5CE461D004368EC
:10E4000000B5060089461700002B00DA89E0F3F713
:10E410000BFA3F200F24454B71681A5C2140A24340
:10E420000A431A544022995C3D3881430120995493
:10E43000995C014399549C5CE407E40FFBD10121F2
:10E4400070681A6981408A431A615A6C3849484693
:10E450001140802212040A433F215A645A6C014041
:10E460003448090202400A43602102205A645A6C6F
:10E470008A435A645A6C50398A435A645A6C083930
:10E480008A435A645A6C01398A435A6446315A5C49
:10E4900002435A54284B71681868FFF717FF04802D
:10E4A0000388DB04DB0C0380069B002B2DD0038844
:10E4B000224A134003800388214A1340012203802B
:10E4C0000388204992020B401343032203800388F0
:10E4D0003A401D4F12021F4017431822078003883D
:10E4E0009343062203800388134303800023069A84
:10E4F0004380456082600122C36003881343038028
:10E50000F3F784F904BC9146F0BD802302885B01D7
:10E5100013430380802302881B01134303800022DE
:10E52000CEE75A20EFF746FB71E7C04600480041AE
:10E53000FFFF3FFFFFC0FFFFFC0B0020FFEFFFFFCF
:10E54000FFF7FFFFFFFBFFFFFFFCFFFF00487047E7
:10E550000BFCFFFF004870470BFCFFFF00487047B3
:10E560000BFCFFFF30B585B003AC22700022637056
:10E57000036800925D6922000223A84705B030BD00
:10E58000F0B5C64600B586B01F000CAB0D0002CB3F
:10E590000400884669461B78CA7302685669002BD6
:10E5A00013D001230F2200936A442900B0470028AA
:10E5B00007D123680090DE693A0043462900200015
:10E5C000B04706B004BC9046F0BD69461722C97B2F
:10E5D0006A441170009329000123B047E7E7C04661
:10E5E000F0B5D6464F464646C0B51D0008AB1B7871
:10E5F00006008A46141E994635D0002D33DD036887
:10E600001A495A6888468A422AD1DA68184FBA42AB
:10E610001FD1651904E00134A54209D03268D268DF
:10E62000BA42F8D02178300001349047A542F5D1A4
:10E630004B460024002B05D020001CBC9046994678
:10E64000A246F0BD33689B684345F5D0300098473B
:10E65000F2E753463000D9B290473368DA68D8E71A
:10E6600090473368D1E7034CE6E7C04655E5010023
:10E670005DE5010017FCFFFFF8B54546DE4657464D
:10E680004E46E0B51F000AAB1B7805000C00904613
:10E690009B46002A50D0002F4EDD036827495A6858
:10E6A0008A468A4236D1DA68254EB24238D1012FE5
:10E6B00018D07A1E9146474644464F4404E02070E5
:10E6C0000134A7420CD02B681B690B20B342F6D053
:10E6D000002128009847C0B220700134A742F2D12F
:10E6E0002B68C8441B690B20B34220D143461870E5
:10E6F0005B460024002B06D020003CBC9046994687
:10E70000A246AB46F8BD2B689B685345F4D0280061
:10E710009847F1E790472B68094EDA68B242C6D0B5
:10E7200001212143C9B2280090472B68BFE701218E
:10E7300028009847C0B2D9E7024CDDE755E5010053
:10E740005DE5010017FCFFFF014B083303607047D4
:10E750000CB702004162704782B010B5406A029265
:10E760000393002802D003681B68984710BC08BCBC
:10E7700002B0184782B030B5040085B0089202A8F4
:10E7800008220993EDF7BCF9039B5A10A418DB0784
:10E7900010D52368029A9D580AA908226846EDF709
:10E7A000AFF9089A099B2000A84705B030BC08BC07
:10E7B00002B01847029DEFE7F0B50C000D000834D9
:10E7C00085B021000600F9F7E3FFEB686F46002BE8
:10E7D00022DD012B29D00027200004342100F9F785
:10E7E000E7FFEB680137581EB842F5DC6F46841C22
:10E7F000A4002C193800F9F7B5FF39002000F9F70B
:10E80000D7FF3800F9F7CCFFEB682A69013BEB60D2
:10E8100033685B88D31A2B61AA8B01230449380023
:10E82000F9F72AFF300005B0F0BD0020DEE7C04652
:10E83000FE030000C26810B59446836986B0634445
:10E840000400002B5ADD2023E35C002B5DD0A16A7D
:10E8500001A80B681B689847E068A36915E0626926
:10E86000002A23DD21698A4212DB002B10D18A4263
:10E8700001DB002B1CD00133A361F3F783FEA369F6
:10E88000E068013BA361002812DDC218002AE6DD22
:10E89000A18B1F48F3F7EAFCA369E0681A18002A65
:10E8A000E9DC6269002AE4DD2169E0E7002BEFD1B1
:10E8B00002308000201801A9F9F77AFF2269019B34
:10E8C00094465B88606A63442361E3680133E360D4
:10E8D000002806D02023E35C002B08D003681B68C7
:10E8E000984701A8F9F75CFF002006B010BDE28B45
:10E8F0000123074902A8F9F7BFFEF2E74369002B9D
:10E90000A5DD02699342A2DA9DE70248EDE7C04621
:10E91000FF03000013FCFFFF08B4024B9C460438C1
:10E9200008BC604735E801000D4B70B51A000400C3
:10E93000002508321C330260436008300E00F9F7EE
:10E9400011FFE56025616561E583F7F79DFF2023F1
:10E950000122A083E2542000A5616562A66270BD19
:10E9600038B70200094B70B51A0005000400060014
:10E9700008321C330260436008350C34043C20002C
:10E98000F9F70EFFA542F9D1300070BD38B702008B
:10E99000F0B5C646202300B5040082B0C15400295A
:10E9A00002D1C58B002D03D002B004BC9046F0BD4F
:10E9B000F7F76AFF1C4B07001B68E0839846002BA3
:10E9C000F2D028200AF0F7FB06001030F9F776FEA7
:10E9D000164B1820338077800AF0EDFB0700144BAC
:10E9E0000460082200210C3000930195EEF7B4FA80
:10E9F0006946381D0822EDF783F80E4BF5607B6100
:10EA00001223B38043461B68B760356275625B684A
:10EA10003100404698470028C6D03000F3F7DAFFAF
:10EA200030000AF0B9FBBFE7E80A0020FF0300004E
:10EA300059E7010075E70100014B18687047C046AF
:10EA4000000C0020024B10B518680AF0C9FBC04644
:10EA500000010020002243088B4274D303098B423B
:10EA60005FD3030A8B4244D3030B8B4228D3030C9E
:10EA70008B420DD3FF22090212BA030C8B4202D340
:10EA80001212090265D0030B8B4219D300E0090A68
:10EA9000C30B8B4201D3CB03C01A5241830B8B4271
:10EAA00001D38B03C01A5241430B8B4201D34B035A
:10EAB000C01A5241030B8B4201D30B03C01A5241BF
:10EAC000C30A8B4201D3CB02C01A5241830A8B4244
:10EAD00001D38B02C01A5241430A8B4201D34B022D
:10EAE000C01A5241030A8B4201D30B02C01A524191
:10EAF000CDD2C3098B4201D3CB01C01A5241830945
:10EB00008B4201D38B01C01A524143098B4201D37E
:10EB10004B01C01A524103098B4201D30B01C01AA9
:10EB20005241C3088B4201D3CB00C01A5241830823
:10EB30008B4201D38B00C01A524143088B4201D350
:10EB40004B00C01A5241411A00D2014652411046B0
:10EB50007047FFE701B5002000F0F0F802BDC046A5
:10EB60000029F7D076E7704703460B437FD4002295
:10EB700043088B4274D303098B425FD3030A8B4251
:10EB800044D3030B8B4228D3030C8B420DD3FF22BB
:10EB9000090212BA030C8B4202D31212090265D089
:10EBA000030B8B4219D300E0090AC30B8B4201D33C
:10EBB000CB03C01A5241830B8B4201D38B03C01A83
:10EBC0005241430B8B4201D34B03C01A5241030BFA
:10EBD0008B4201D30B03C01A5241C30A8B4201D3AB
:10EBE000CB02C01A5241830A8B4201D38B02C01A56
:10EBF0005241430A8B4201D34B02C01A5241030ACD
:10EC00008B4201D30B02C01A5241CDD2C3098B42B1
:10EC100001D3CB01C01A524183098B4201D38B012E
:10EC2000C01A524143098B4201D34B01C01A5241D1
:10EC300003098B4201D30B01C01A5241C3088B4216
:10EC400001D3CB00C01A524183088B4201D38B0001
:10EC5000C01A524143088B4201D34B00C01A5241A3
:10EC6000411A00D201465241104670475DE0CA0F7A
:10EC700000D04942031000D34042534000229C463A
:10EC800003098B422DD3030A8B4212D3FC22890144
:10EC900012BA030A8B420CD3890192118B4208D31A
:10ECA000890192118B4204D389013AD0921100E07C
:10ECB0008909C3098B4201D3CB01C01A5241830990
:10ECC0008B4201D38B01C01A524143098B4201D3BD
:10ECD0004B01C01A524103098B4201D30B01C01AE8
:10ECE0005241C3088B4201D3CB00C01A5241830862
:10ECF0008B4201D38B00C01A5241D9D243088B42B8
:10ED000001D34B00C01A5241411A00D2014663465A
:10ED100052415B10104601D34042002B00D54942BE
:10ED2000704763465B1000D3404201B5002000F0FD
:10ED300005F802BD0029F8D016E770477047C046B5
:10ED40008446101C62468C46191C634600E0C0468F
:10ED50001FB502F039F8002801D40021C8421FBDB8
:10ED600010B501F091FF4042013010BD10B502F026
:10ED70002BF8002801DB002010BD012010BDC0468B
:10ED800010B502F021F8002801DD002010BD01209F
:10ED900010BDC04610B501F0B3FF002801DC002013
:10EDA00010BD012010BDC04610B501F0A9FF00281C
:10EDB00001DA002010BD012010BDC0468446081CA9
:10EDC0006146FFE71FB500F03BFD002801D400219C
:10EDD000C8421FBD10B500F0BDFC4042013010BD5F
:10EDE00010B500F02DFD002801DB002010BD012032
:10EDF00010BDC04610B500F023FD002801DD002045
:10EE000010BD012010BDC04610B500F0CBFC00289D
:10EE100001DC002010BD012010BDC04610B500F07F
:10EE2000C1FC002801DA002010BD012010BDC04641
:10EE3000002B15D1002A13D1002906DB01DC0028A4
:10EE400006D00020C043410802E0802109060020CE
:10EE500007B4024801A14018029003BDE1FEFFFF84
:10EE600003B4684601B5029800F0ACF9019B9E46D8
:10EE700002B00CBC7047C046002B11D1002A0FD144
:10EE8000002900D1002802D00021C943081C07B482
:10EE9000024802A14018029003BDC046A1FEFFFF38
:10EEA00003B4684601B5029800F0CAF8019B9E467B
:10EEB00002B00CBC7047C046F0B5CE4647461504BC
:10EEC0002D0C2E0080B50704140C3F0C9946030C42
:10EED0007E435D43674363437F19340CE4199C46CA
:10EEE000A54203D980235B029846C4444B46434362
:10EEF0005143250C36046544360C2404A4195B19CF
:10EF0000591820000CBC90469946F0BD1300F0B58E
:10EF10004646D6464F469246D2179B185340C0B538
:10EF200004000D00984606000F00DB0701D4002600
:10EF3000184F0123994643465B08984618D0220093
:10EF40002B002000290001F0A7FF4B464246040099
:10EF50000D001342EFD00B0002003900300001F029
:10EF60009BFF43465B0806000F009846002BE6D146
:10EF70005346002B07DA32003B000020054901F020
:10EF800081FB06000F00300039001CBC90469946FA
:10EF9000A246F0BD0000F03F9E2110B5C905041C3B
:10EFA000FFF73CFF002803D1201C00F0A5FF10BD97
:10EFB0009E21201CC90500F0C5FD00F09DFF8023A7
:10EFC0001B069C466044F2E770B500220C4B04001F
:10EFD0000D00FFF7E9FE002804D12000290002F00F
:10EFE00031FD70BD064B00222000290002F0C6F959
:10EFF00002F028FD80231B069C466044F1E7C046D2
:10F000000000E04170B500220B4B0D00040001F040
:10F0100043FFFFF7D9FF060002F084FD0022074BF3
:10F0200001F03AFF02000B002000290002F0A6F9CF
:10F03000FFF7CAFF310070BD0000F03D0000F04155
:10F04000F0B54F464646D646C0B5040082B00D0026
:10F05000914698468B422FD82CD04146484602F024
:10F0600087FE29000600200002F082FE331A9C462B
:10F07000203B9A4600D576E04B46524693401F000F
:10F080004B46624693401E00AF4228D825D05346D7
:10F09000A41BBD41002B00DA7BE00022002300927C
:10F0A000019301235246934001930123624693400A
:10F0B000009318E08242D0D90022002300920193ED
:10F0C0000A9B002B01D01C605D600098019902B082
:10F0D0001CBC90469946A246F0BDA342D7D9002257
:10F0E0000023009201936346002BE9D0FB0798466A
:10F0F000414672080A437B0866460EE0AB4201D1E6
:10F10000A2420CD8A41A9D41012024196D4100216E
:10F11000013E24184D41002E06D0AB42EED9013EEF
:10F1200024196D41002EF8D1009801995346001919
:10F130006941002B23DB2B005246D3402A00644652
:10F14000E2401C0053461500002B2DDB26005746DD
:10F15000BE40330026006746BE403200801A994107
:10F1600000900191ACE7624620239B1A4A46DA40A0
:10F170006146130042468A4017001F4380E76246FB
:10F1800020239B1A2A0066469A402300F34013432B
:10F19000D4E76246202300219B1A002200910192AD
:10F1A0000122DA40019280E72023624626009B1A62
:10F1B000DE402F00B0466646B74046463B0033432C
:10F1C000C8E7C046F0B583B016001F00009001915B
:10F1D00002F0DAFD04000D0002000B0030003900DF
:10F1E000FFF76AFE009A019B121A8B4108992000D2
:10F1F0000A604B60290003B0F0BDC046F8B5474631
:10F20000CE4643025B0A4400C20F9C464800DD0024
:10F210004B02240E5B0A000E80B5984626009146EC
:10F22000C90FDB00271A8A4229D0002F15DD0028DC
:10F230004AD1002B00D095E0ED08FF2C00D188E0EA
:10F240006B025B0AE6B25B02F605580A3043D2074E
:10F2500010430CBC90469946F8BD002F00D087E0C3
:10F26000601CC0B2012800DCB6E0EE1A720100D5C5
:10F27000C5E0002E3DD1002200260023E3E7002F49
:10F2800000DC96E000285DD0FF2C60D08022D20404
:10F2900013431B2F00DDECE02022D21B180093400B
:10F2A000F8405A1E93410343ED186B017BD501349E
:10F2B000FF2C00D1B7E0012207262A406B089A4DA7
:10F2C0001D4015432E4029E0FF2CB5D08022D204EA
:10F2D00013431B2F00DDB2E02022D21B1900934004
:10F2E000F9405A1E93410B43ED1A6B015BD5AD01FA
:10F2F000AE09300002F01EFD05388640844265DC10
:10F30000041B330020200134E340041BA640751E7B
:10F31000AE41334307261D0000241E4001224B4608
:10F320001A40002E04D00F232B40042B00D00435AC
:10F330006B0100D480E70134E6B2FF2C2FD1FF2609
:10F34000002380E7002B52D1FF2C00D074E70A0085
:10F35000ED08002DF3D08023DB032B435B025B0A17
:10F36000FF2670E7013F002FBED0FF2CB1D163E72D
:10F37000002C47D0FF2869D08024E4047A4225433A
:10F380001B2A00DDC5E02C002026D440B21A95408F
:10F390006A1E954125435D1B04008946A5E7AB0124
:10F3A0005B0A50E7002401224B461A406B07BAD192
:10F3B00042E7002F3BD10134E0B201284ADDFF2CA7
:10F3C000BDD00726ED186D082E40A7E70723574D3F
:10F3D000241A35401E40A1E7002C1BD1002D6ED110
:10F3E000002B00D19AE00A001D003C0024E7013FF9
:10F3F000002F00D158E7FF2C00D04AE7A7E75E1B9B
:10F40000894676E7002D1CD10A00FF281FD0040092
:10F410001D0011E7002D5DD1002B17D180230022A4
:10F42000DB03FF260FE70A00FF2600230BE7002C73
:10F4300021D1002D66D1FF28E9D11D0087E70123E6
:10F4400052E77A1CA7D0FA43FF2899D10A001D0081
:10F45000FF24F1E6002E21D1002D4FD0002B4CD0FF
:10F46000ED186B019ED5314B07362E4001241D400F
:10F4700054E7012318E7FF28DFD08024E4047F420B
:10F4800025431B2F4DDC2026F61B2C00B540FC40ED
:10F490006A1E95412543ED18040006E7002DCCD0E7
:10F4A000002B00D153E780216046C903084203D0F6
:10F4B0004046084200D11D000121114047E7002BC2
:10F4C00000D1B9E6EA1A500125D507265D1B2E406A
:10F4D000894623E7FF24002B00D1ADE68022604659
:10F4E000D203104204D04046104201D11D0089468B
:10F4F00001224B46FF241A409EE62B00DD080A003D
:10F5000000249DE67A1CC6D0FF43FF28B9D11D0018
:10F510001DE701253FE7151E00D044E70022002328
:10F5200091E60125B7E7C046FFFFFF7DFFFFFFFB28
:10F53000F8B557464E464546DE464402E0B546001D
:10F540008846640A360EC70F002E63D0FF2E24D0E3
:10F550008023E400DB041C43002399469B467F3E46
:10F56000434642465D02D20F5B006D0A1B0E904679
:10F57000924665D0FF2B55D080220021ED00D204A9
:10F580007F3B1543F61A43464A467B400F2A00D973
:10F590008DE06D48920082589746002C54D1082384
:10F5A0009946063BFF269B46DAE70025534602298B
:10F5B0001BD0032900D1BFE0012928D030007F30C3
:10F5C000002820DD6A0704D00F222A40042A00D038
:10F5D00004352A0103D530005C4A80301540FE28EE
:10F5E00003DCAC01640AC2B201E0FF220024640221
:10F5F000D205600ADB07104318433CBC904699468D
:10F60000A246AB46F8BD0122101A1B287CDD002261
:10F610000024ECE7002C1DD104239946033B00266F
:10F620009B469DE7FF3E002D20D1022143464A46DE
:10F630007B400A430F2AD8D8454892008258974603
:10F64000002D19D10121F1E70C239946093BFF2632
:10F650009B4685E7200002F06DFB7626431F9C4009
:10F6600000237642361A99469B4679E74A46032399
:10F670001A439146032186E7280002F05BFB431FF3
:10F6800036189D40763600217DE780240023E40370
:10F69000FF22ACE700258023DB031C4228D01D425B
:10F6A00026D12B435C02640A4346FF229FE7620196
:10F6B0006C01A24224D21B210025013E012710002B
:10F6C0006D005200002801DB944201D8121B3D431B
:10F6D00001390029F3D11400621E944125436DE7DE
:10F6E000BA46594625005346022900D061E77CE717
:10F6F0008023DB031C436402640A3B00FF2276E79D
:10F70000121B1A210125D9E79E362A00B5402C008C
:10F71000C240651EAC411443620704D00F22224050
:10F72000042A00D00434620103D4A401640A002234
:10F730005DE7012200245AE78024E4032C4364029D
:10F74000640AFF2253E7C04658B70200FFFFFFF7E5
:10F7500098B7020070B542004E024C0045026D0A97
:10F76000120EC30F760A240EC90FFF2A0FD0FF2CEA
:10F7700011D00120A24200D070BDB542FCD18B4215
:10F780000DD0002AF8D12800451EA841F4E7012039
:10F79000002DF1D1EBE70120002EEDD1E9E70020AB
:10F7A000EAE7C04670B54A004E02450244006D0AC1
:10F7B000240EC30F760A120EC90FFF2C15D0FF2A94
:10F7C0000ED0002C15D1002A01D1002E1CD0002D06
:10F7D00014D08B4227D00220013B1840013870BD65
:10F7E000002EEED002204042F9E7002DFAD1FF2A88
:10F7F0000ED0002A0ED1002EEDD00BE001230139EE
:10F80000994308000130EAE70020002DE7D0E2E745
:10F81000002EE7D18B42DED1944205DD0221581E35
:10F8200008400138DBE70024A24204DCB542D2D80C
:10F830000020B542D3D2581E012398430130CEE7B1
:10F8400030B5420044024D02C30F4800640A120E54
:10F850006D0A000EC90FFF2A12D0FF280CD0002A13
:10F8600012D1002819D1002D17D1002C2BD0022045
:10F87000013B1840013826E0002DF0D0022022E0A4
:10F88000002CFBD1FF281FD000281FD1002D1DD137
:10F890000220013B1840013815E0002C0ED08B42AD
:10F8A000E5D10022904204DCAC42E0D80020AC421A
:10F8B00009D2581E01239843013004E00123013985
:10F8C00099430800013030BD002DD7D18B42CED1F5
:10F8D0008242E7DD0221581E08400138F3E7C046A6
:10F8E000F0B54E4657464546DE46E0B543025B0A54
:10F8F000450083B00F1C99462D0EC60F002D57D022
:10F90000FF2D24D08020DB00C00418430023814653
:10F910009A469B467F3D7C027A00FB0F640A120EDA
:10F92000984623D0FF2A4BD0E30080240020E40433
:10F930007F3A1C43AD186B1C4746019353467740F2
:10F940003A000F2B48D87D499B00CB589F46002B8F
:10F9500000D085E008339A46063B9B467C027A003D
:10F96000FB0FFF25640A120E9846DBD1002C00D055
:10F9700090E0524601231A4392460120DBE74C46B1
:10F9800058461700022824D0032800D1CFE00022D7
:10F99000002301284DD15802D205400AFF07104329
:10F9A000384303B03CBC90469946A246AB46F0BDF6
:10F9B000002B5BD104239A46033B00259B46AAE714
:10F9C000FF35002C60D1524602231A439246022092
:10F9D000B1E7FF220023DEE74B461B0C9C464B465B
:10F9E0002604360C180461463300220C6446000CD1
:10F9F00043434E435043544380191A0C1218964205
:10FA000003D9802149028C4664441B041B0C10045A
:10FA1000C01883015E1EB341800E1843130C1B19DE
:10FA20009B0103431C00230179D5012362081C407C
:10FA30001443019A7F32002A4DDD630704D00F235F
:10FA40002340042B00D00434230103D53C4B019AFE
:10FA50001C408032FE2ABCDCA3015B0AD2B29AE7CA
:10FA60000C239A46093BFF259B4654E7180002F0F9
:10FA700061F94A46431F76259A4000236D4291461C
:10FA80002D1A9A469B4646E7524603231A4392464E
:10FA9000032050E7200002F04DF9431F2D1A9C402F
:10FAA000763D002047E780230027DB03FF2272E733
:10FAB000424666E74C463200584662E780234A4693
:10FAC000DB031A4222D01C4220D123435B025B0A93
:10FAD0004746FF225FE701239A1A1B2A21DC2300F5
:10FAE0000199D3409E318C401A0023005C1EA34133
:10FAF00013435A0704D00F221A40042A00D00433BB
:10FB00005A0111D49B015B0A002244E780234A4634
:10FB1000DB0313435B025B0A3700FF223BE70195DF
:10FB200087E70022002336E70122002333E7802302
:10FB3000DB0323435B025B0AFF222CE7D8B70200FA
:10FB4000FFFFFFF7F8B54746CE464400C20F80B529
:10FB500047024802400A8446664648007F0A240E4F
:10FB6000F60025009046FB00000EC90FB146FF28A5
:10FB700000D185E001267140261A914257D0002E0F
:10FB800043DD002800D07FE04946002900D1AAE0EB
:10FB9000013E002E00D0F7E05B1A5A0100D48BE042
:10FBA0009B019C09200002F0C5F80538844085427D
:10FBB00000DDD3E0451B230020200135EB40451B31
:10FBC000AC40621E94412343072400251C400122BF
:10FBD00041460A40002C04D00F211940042900D0CE
:10FBE0000433590100D480E00135ECB2FF2D00D080
:10FBF000A3E0FF2400235B02E405580AD207204358
:10FC000010430CBC90469946F8BD002E74D1601C80
:10FC1000C0B2012800DCA7E04A469C1A620100D568
:10FC2000B6E0002CBED1002200240023E3E7002E22
:10FC300000DC85E0002846D0FF2C49D080224846D1
:10FC4000D2041043814601221B2E09DC20204C46A1
:10FC5000801B84404A462000F240441EA0410243DB
:10FC60009B185A0128D50135FF2D00D1A8E00122AB
:10FC7000072494491A405B080B4013431C40A6E735
:10FC8000002E00D078E775E7FF2C54D0802249463B
:10FC9000D2041143894601221B2E09DC202148464B
:10FCA000891B88404A460100F240481E81410A43B0
:10FCB0009B1A5A0100D573E7012241460A405907B1
:10FCC00000D089E711E04846002858D1FF2C0CD11C
:10FCD000DB08002B00D18CE78020C00303435B02CC
:10FCE0005B0AFF2487E7FF2C25D0DB08FF2DF0D02F
:10FCF0005B025B0AECB27EE7002C4DD0FF2818D0E7
:10FD00008024E404724223431B2A00DDC4E01C006B
:10FD10002025D440AA1A93405A1E934123434A46B1
:10FD20000500D31A884638E7721CF8D0F243FF2842
:10FD3000EAD10A004B46FF25D7E79B015B0A5AE749
:10FD4000002E41D1651CE9B2012945DDFF2D00D10E
:10FD50004FE707244B445B081C4038E707225A4B07
:10FD60002D1A2340144032E7002C1DD1002B7AD1EC
:10FD70004B46002B00D191E00A000025B5E7013E7B
:10FD8000002E19D14B446CE7FF2C84D1FF25ACE742
:10FD90004A468846D41A05E7002BC5D10A00FF2839
:10FDA000C8D005004B46A0E7002B49D14B46002B9D
:10FDB00077D00A00FF2598E7FF2C00D043E787E7BC
:10FDC0000A00FF24002316E7002C15D1002B57D181
:10FDD000FF28E6D14B467BE7002C20D1002B57D0E3
:10FDE0004946002953D04B445A0168D50724364A66
:10FDF0001C4001251340EAE6FF28EBD08022D20404
:10FE0000764213431B2E53DC2025AD1B1A00AB405A
:10FE1000F2405C1EA34113434B44050021E7002B35
:10FE2000D8D04946002900D152E78021C9030F42AA
:10FE300000D14DE76046084200D049E74B4647E70E
:10FE40004846FF25002800D14FE78022D203174201
:10FE500004D06046104201D14B46884601224146FB
:10FE6000FF250A4041E7484600281FD01A1A5001D2
:10FE700020D54A460724D31A1C4088460025A6E60A
:10FE8000741CC9D0F643FF28BCD14B4620E79946E5
:10FE90004B460025DB082BE7012340E70022002327
:10FEA000A9E680230022DB03FF24A4E600251CE74B
:10FEB0000123B1E7002AF1D013000025FCE600255C
:10FEC000FAE6C046FFFFFF7DFFFFFFFB42024B0249
:10FED00040004900520A5B0A090E000EFF2806D0B6
:10FEE0000020FF2902D11800431E98417047FE38B8
:10FEF000002AFBD1F4E7C04641024200C30F490A81
:10FF0000120E00207E2A0DD99D2A0CD880200004D4
:10FF10000143952A0ADC9620821AD1404842002BE0
:10FF200000D108007047034A9818FBE7963A9140C1
:10FF3000F4E7C046FFFFFF7F70B500283DD0C31730
:10FF4000C5185D40C40F280001F0F4FE9E22121A6D
:10FF5000962A07DCD2B2082833DD083885406802CB
:10FF6000400A23E0992A0BDD052329001B1AD940FA
:10FF700003001B339D402B005D1EAB4119430D0058
:10FF8000052801DD431F9D402B000F490B406E07E4
:10FF900009D00F263540042D05D004335D0102D56C
:10FFA0009F220B40121A9B01580AD2B24002D2057E
:10FFB000400AE4071043204370BD002400220020C3
:10FFC000F4E76802400AF1E7FFFFFFFB70B5041E8B
:10FFD00034D001F0AFFE9E22121A962A07DCD2B26C
:10FFE00008282EDD083884406002400A21E0992A62
:10FFF00009DD030021001B3399404B1E9941052365
:020000040002F8
:100000001B1ADC400C43052801DD431F9C402300E4
:100010000D490B40650709D00F252C40042C05D055
:1000200004335C0102D59F220B40121A9B01580A2F
:10003000D2B24002D205400A104370BD0022002017
:10004000F7E76002400AF4E7FFFFFFFBF0B54F4619
:100050004646D6460C000903C0B5490A470F5E0064
:1000600039431F03DB0F9C4665007B0A570F1F4374
:100070006D0DE40F760DA146C000B846D200AB1B53
:1000800064457BD0002B5FDD002E00D0A4E03E0055
:10009000164300D112E15E1E002E00D09EE1871AA9
:1000A0004346B84280410125C91A4042091A0B0251
:1000B00000D431E149024E0A002E00D16EE1300039
:1000C00001F038FE0300083B1F2B00DD61E1202218
:1000D0003900D21A9E40D1409F400E439D4200DD20
:1000E00051E15D1B6B1C1F2B00DD7CE12021C91A37
:1000F0003D0030008F408840DD40791E8F41310047
:1001000007222843D940002507433A40002A09D056
:100110000F233B40042B05D03B1DBB42BF417F4218
:10012000C9191F000B0200D426E26A1CC64B5505F4
:100130006D0D9A4200D106E1C44AFF080A405307F8
:1001400052023B43120B8EE0002B00D0B8E06B1C38
:100150005B055B0D012B00DC30E1871A4346B8429A
:10016000B641CB1A76429E1B330200D54CE13B00D0
:100170003343A1D100220024002570E0002B00DCD5
:10018000E5E0002E00D183E0AF4EB54260D080267E
:1001900036043743B846382B00DC3EE14346134370
:1001A0001F007A1E97413F1887428041404209183C
:1001B0000B0200D4B0E0A44B01359D4200D1C3E056
:1001C000A24A7B080A4001210F401F435108D30770
:1001D00007221F433A4099E79B4EB54238D080260C
:1001E00036043743B846382B00DDDCE01F2B00DC3B
:1001F00030E11E004746203EF740BC46202B04D08D
:100200004026F31A46469E403243170063467A1E44
:1002100097411F43CCE0002B00D104E24346134337
:1002200000D159E14B07C00818438023C9081B03BC
:10023000194208D04546ED081D4204D14346D00876
:10024000590708432900420FC9007F4D1143C000E0
:100250004B07CA087C49C00803438D4268D012038B
:100260006D05120B6D0D002112031800130B0A0D02
:1002700012051A43764B2D0513402B435B00E40710
:100280005B08234319001CBC90469946A246F0BD6A
:100290003E00164312D05E1E002E00D000E18718EB
:1002A0008742804141444042091801250B0233D561
:1002B000022585E764463300414610001D00C7E76C
:1002C000002D00D0DAE00C000443F3D05C1C00D118
:1002D0009FE15D4CA64200D12FE1DB43382B00DDCE
:1002E00066E11F2B00DD83E120240500E41A0F00E6
:1002F000DD40D940A0404346A7405B1A441EA041C0
:1003000098462F433843171ABA4292414346524205
:10031000991A64463500CAE607223A40002A00D0FE
:10032000F6E64B07CA084849FF083B438D4296D181
:100330001900114300D19EE1802109030A431203F1
:10034000120B414D8FE71500002200238BE7002B95
:1003500000D0C7E06B1C5F057F0D012F00DCF1E0D2
:10036000394DAB4200D1B9E085180A008542894178
:100370004244494251180722CF076D082F434908CC
:100380003A401D00C2E607223049ED1A31403A409A
:10039000BCE63E002838864000279FE6380001F082
:1003A000C9FC20308EE6434613431F007A1E974156
:1003B000C71BB84280414042091A78E60E003B0054
:1003C00006431343002D61D1002E00D0F4E0002B32
:1003D00000D11BE164463900100039E71A4FBB42D7
:1003E0007AD03300FFE630001F3DE840202B03D0D9
:1003F0004021CB1A9E4037437B1E9F410722074373
:100400003A400021002589E7171A4346BA42B6410F
:10041000591A76428E1B64464EE61F2B00DDADE076
:1004200020264746F61AB740B9461700B246DF40C5
:100430004E463E4337005646B240561EB241174321
:100440004246DA408918AEE6FF070000FFFF7FFF53
:10045000FFFF0F8020264746F61AB740B94617001F
:10046000B246DF404E463E4337005646B240561E27
:10047000B24117434246DA40891A99E77F4CA642B7
:100480005BD0802424045B42214327E7002E0CD15B
:10049000002B00D1CBE0644639001000774DD7E641
:1004A000764FBB4218D0330075E6002B14D04B07B3
:1004B000C00818438023C9081B03194207D0FC0851
:1004C0001C4204D17907D0080843E14621004C467C
:1004D000420FC9001143C000684DB9E61D0000225B
:1004E0000023C0E6002D5BD10D00054300D1E2E6FC
:1004F0005D1C00D1B0E0614DAE421FD0DB43382B14
:1005000071DC1F2B00DD96E020250F00ED1AAF40B7
:10051000B9460700AA46DF404D463D432F005546E9
:10052000A840D940451EA84188440743BF189742B8
:1005300092415142414435003AE664463500414615
:10054000100085E60B000343002D00D063E6002B6E
:10055000F5D04346134300D17AE68718874280419D
:1005600007224144404209183A400B0200D4D5E624
:10057000434B01351940C9E5380069E61E0047467E
:10058000203EF740BC46202B04D04026F31A4646B6
:100590009E403243170063467A1E97411F4302E68E
:1005A000364DAE42CAD080252D045B422943A6E7D2
:1005B0000843411E8841A6E6002B00D148E6871A71
:1005C0004346B842B641CB1A76429E1B33024BD506
:1005D000171A4346BA429241591A5242891A0722BF
:1005E00064463A4092E501430F00791E8F419DE732
:1005F0001C000F00203CE740202B03D04024E31ACE
:1006000099400843411E884138437CE6002200247B
:1006100025E6171A4346BA429241591A5242891A9C
:100620006446350043E541461000144D10E6802233
:100630000024120380E61D000F00203DEF40BC4661
:10064000202B03D04025EB1A99400843070063464E
:10065000781E87411F4369E7871897429B414144B1
:100660005B42C9183500A3E53B003343CED00722D7
:1006700031003A4052E600231A00F4E5FF0700007B
:10068000FFFF7FFFF0B55746DE464E464546E0B5D4
:10069000834607000E03480085B092461C00360BC7
:1006A000400DCD0F002800D19DE0954B984239D0E8
:1006B0008023F6001B041E43924A7B0F3343994666
:1006C000944603006344009300230026FF00029336
:1006D00023031B0B98466300E40F52465B0D019405
:1006E00000D1B3E086498B4200D19EE04246D10062
:1006F000802212040A435146490F11438B46814917
:1007000052468C4600996344CB1A0021D2000093D4
:100710002B0063409A460F2E00D905E17A4BB600B4
:100720009B599F465B463343994600D0B8E002236D
:100730000826002700900293CAE7CB463A000299A8
:100740000195019B9A46022927D0032900D180E216
:10075000012944D06D49009B8C4663441C00002C49
:1007600038DD530700D013E2D2085B46DB0109D520
:100770005946674B19408B468021C9008C46009B27
:1007800063441C00634B9C4207DC5B4664055F07C7
:100790005B0217431B0B620D02E000230027584A3F
:1007A00000211B031C0B0B0D1B05234314055A4A88
:1007B000380013401C4353466400DB0764081C43A5
:1007C000210005B03CBC90469946A246AB46F0BD20
:1007D0000122524201231B1B382B00DCADE1002219
:1007E00000230027DCE75B46334399465ED0002EAA
:1007F00000D18AE1300001F09DFA03000B3B1C2B75
:1008000000DD7BE11D22D31A5A460100DA40083987
:100810008E4013005F46334399468F403F4B00267E
:100820001B1A00930023029352E7414653460B43A1
:100830003B499B468C46009B634400935B46002BE0
:100840003BD1022300221E43022161E743461343AA
:100850009B4637D04346002B00D162E1404601F071
:1008600069FA03000B3B1C2B00DD53E102004146FB
:10087000083A914088461D21CB1A5146D9400B00B9
:1008800041460B439B46534693401A00009B254923
:100890009C46604403008C4663440093002137E784
:1008A0000323B14600900C26029311E70023009326
:1008B00001330426002702930AE70323C3461E439D
:1008C000032125E701331E430022012120E70023F5
:1008D0009A46802300271B03094A61E78023494683
:1008E0001B03194200D1E2E05946194200D0DEE074
:1008F0000B431B0317001B0BA246014A50E7C046DF
:10090000FF07000001FCFFFF18B80200FF03000012
:10091000FFFFFFFEFE070000FFFF0F800DFCFFFF43
:1009200001F8FFFFF3030000D94500D9CBE000D167
:10093000C6E03C0048460027009B013B00935B4615
:10094000160E1B021E431302984633041B0C9946D5
:10095000310C0191FEF704F94A4642430B04210C85
:10096000050019438A4207D98919013D8E4203D8EF
:100970008A4201D9851E8919881A0199FEF7F0F873
:1009800009048C464A46210464464243090C03008C
:1009900021438A4204D98919013B8E4200D8F1E0F3
:1009A0002D041D43AB464346891A4246280C1204C7
:1009B0001D0C5B46140C22001B041B0C5A430394B1
:1009C0006B434443029568431B19150CEB189C427A
:1009D00003D980246402A44660441C0C15041B0443
:1009E0002D0C20185D19814277D373D00C1AA24ABE
:1009F0007D1BAF42BF419446009B7F426344E01B96
:100A00001C00864200D1DBE00199FEF7A9F84A46B6
:100A100042430B04290C070019438A4207D989195C
:100A2000013F8E4203D88A4201D9871E8919881A4C
:100A30000199FEF795F809044A46894629044D466E
:100A40004243090C030029438A4207D98919013B13
:100A50008E4203D88A4201D9831E89193F04891A1C
:100A60003A00039F1A43380013041B0C5843814675
:100A70000298150C6F43434345434846000C844697
:100A8000DB1963449F4203D98020400284466544B9
:100A900048461F0C00041B04000C7D191818A942BD
:100AA00000D284E000D17FE001231A4357E680237F
:100AB0004A461B0313431B031B0BAA466F4A6FE6F0
:100AC000BA4200D935E74B46DC0758087B081C437F
:100AD000FF0734E70024AF4289D247444745A44189
:100AE0005B466442A4196418013BA6421ED2A04290
:100AF0006DD800D1B6E0241A9B4678E703005A4629
:100B0000283B9A400027914688E6584601F012F9A2
:100B1000203072E603005246283B9A40934600225A
:100B2000B4E6504601F006F920309AE6A642E2D13A
:100B3000B845DCD9341A9B4659E71F2B65DC504C6D
:100B40000099A4465C46614408008C401100824034
:100B5000D940501E82410C4314435A46DA401300D8
:100B6000620709D00F222240042A05D02200141D5A
:100B70009442894149425B181A0262D5012200233E
:100B800000270DE68A4200D80AE7831E891907E785
:100B90000F231340042B00D1E6E5171D9742924125
:100BA00053429B44FA08E0E5002800D1D7E57118CC
:100BB000531EB14227D3A94215D358D01A0073E768
:100BC000002B00DC04E6012300229B44CDE5022338
:100BD0004744474589415B429C46494289190C1963
:100BE000E344241A03E743465F0047459B41B84668
:100BF0005B429E19023A8919A94200D054E7404548
:100C000000D051E7ABE51A00F6E71F215F464942E5
:100C10000C1BE740202B07D01A49009B8C466344ED
:100C200018005B4683401A43501E82413A4307270F
:100C30000023174009D00F2100231140140004297C
:100C400095D122005F075B021B0BD20817430022DD
:100C5000A6E5802359461B030B431B0317001B0B00
:100C6000064A9DE5BD42B2D89B460024BFE68045BA
:100C7000B9D31A00C3E7C046FF030000FF07000016
:100C80001E0400003E040000F0B54F464646D6461E
:100C90008446C0B58046194E18030F034D00000B63
:100CA0005C0082463F0B6D0DC90F9146640DDB0F52
:100CB0000120B5420AD0B44203D0A54201D1574524
:100CC0000CD01CBC90469946A246F0BD66463E43F9
:100CD000F7D1AC42F5D154461443F2D10120C845B6
:100CE000EFD1994207D0002DEBD163461F43380066
:100CF000471EB841E5E70020E3E7C046FF070000D4
:100D0000F0B54F464646D6464D00C0B50E03C90F56
:100D10008A462C491F035C008046360B6D0D9146B8
:100D20003F0B640DDB0F8D421ED08C4216D0002D80
:100D30001ED130438446002C01D13A4323D0624671
:100D4000002A1AD09A4529D051460220013908407C
:100D500001381CBC90469946A246F0BD39001143AB
:100D6000E5D002204042F4E73043FAD1AC420FD044
:100D7000002C0FD13A43E7D00CE00122013B934312
:100D800018000130E5E763460020002BE1D0DBE7E7
:100D90003A43E6D19A45D7D1A542D5DCA54205DB39
:100DA000BE42D1D808D00020BE42D2D25046012344
:100DB000013898430130CCE7C845C5D80020C84564
:100DC000F4D3C6E7FF070000F0B54F464646D646C7
:100DD0004D00C0B50E03C90F8A462E491F035C00A3
:100DE0008046360B6D0D91463F0B640DDB0F8D4237
:100DF00018D08C4211D0002D18D130438446002CDD
:100E00001ED13A431CD163460020002B30D05146FE
:100E100002200139084001382AE039001143EAD0A4
:100E2000022025E03043FBD1AC4226D0002C26D155
:100E30003A4324D15146022001390840013817E0D5
:100E40006246002A0FD09A45E1D1A54205DBBE4299
:100E5000DDD819D00020BE420AD250460123013805
:100E60009843013004E00122013B93431800013014
:100E70001CBC90469946A246F0BD3A43D0D19A4553
:100E8000C5D1A542C3DCE0E7C845C0D80020C845AD
:100E9000E3D3EDE7FF070000F0B55746DE464E46C8
:100EA0004546E0B5834606000F03480087B09246EA
:100EB0001D003F0B400DCC0F002800D16FE0DE4B32
:100EC000984238D08023FF001B041F43730F3B431D
:100ED0000193DA4B0027994600239B46F600814494
:100EE0002B0369001B0B52469846490DED0F002954
:100EF00000D185E0D04B994200D173E04346DA003F
:100F000080231B0413435246CC48520F844613439C
:100F1000524600206144D20089442100694000917A
:100F20008C46012149448A460F2F00D990E0C449DC
:100F3000BF00CF59BF465B463B43019300D06AE1F7
:100F400002230827002681469B46C9E732005846FF
:100F5000019B61460091022800D175E0032800D171
:100F6000FEE1012800D02CE1002300270026002507
:100F70003F032A0D3F0BB34812053A4302401B05BD
:100F80001343009A5B00D1075B080B433000190044
:100F900007B03CBC90469946A246AB46F0BD5B46C6
:100FA0003B43019300D12FE1002F00D1A5E1380090
:100FB00000F0C0FE03000B3B1C2B00DD96E11D2260
:100FC000D31A5A460100DA405E4608398F401300B2
:100FD0008E403B4301939C4B00271B1A99460023EC
:100FE0009B467DE7414653460B4393498C46E1447B
:100FF000002B00D01AE102220220174300228CE7C6
:10100000134300D10DE14346002B00D181E140465E
:1010100000F090FE02000B3A1C2A00DD72E1010094
:10102000434608398B4098461D239A1A5346D340AD
:101030001A004346134352468A404946081A8249D9
:1010400089468144002068E77B4B002700268EE715
:10105000140C1204120C1100370C3604350C7943B1
:1010600028008C462E00604360448346564321008E
:10107000300C80465846794340440291844506D955
:101080008846802149028C46E0444146029136045C
:10109000010C360C00048B4681191E0C1B041B0C22
:1010A0000391190079438C46280075436544A8468E
:1010B0005843050C45447743A94203D9802149028E
:1010C0008C466744290C8C4639000004000C2D0422
:1010D0002D186144AB4405915946049101990F04C0
:1010E0003F0C080C390051434243904602008C46A5
:1010F000090C8B4662437C4344445C44A04503D9BD
:101100008021490288464244210C884661460904F0
:10111000090C8C4639005943434370437E430F0CFE
:10112000F6182404BE19644442448C46B34203D9E1
:1011300080235B0298464044029B61469846049B8C
:10114000370443449B46AB45AD416B420D040599C2
:101150002D0C8C467F196744FD18A8465D462D1955
:10116000A542A44193466442A446C344DC448F4252
:10117000BF4198459B4193459241A445A4415B42A0
:101180007F421F43360C52426442BF192243BF18AC
:10119000624638184302D20D039913436A020A4388
:1011A000501E82416146ED0D2A434E023243D90161
:1011B00000D4B3E00126500832400243DE07324338
:1011C0005B08224C5444002C62DD510709D00F20EB
:1011D0001040042805D0101D9042924152429B18A5
:1011E0000200D90104D580241948E4000340544486
:1011F0001848844200DD27E75E075B02D2081F0B18
:10120000630516435B0DB2E60023994601330427BC
:1012100000269B4664E60323019781460C279B46E4
:101220005EE6012201201743002276E60323032015
:101230001F43434671E6C046FF07000001FCFFFF65
:1012400058B80200FFFF0F800DFCFFFFFF030000F6
:10125000FFFFFFFEFE0700000023802700933F03EF
:101260000026434B83E6019B3200A446584670E6B5
:10127000AC466EE6802701993F0339422DD03B42B0
:101280002BD11F433F033F0B00951600384B6EE6F2
:1012900001252D1B382D00DD66E61F2D40DC35486D
:1012A0001C005044160082408440EE40501E824193
:1012B00034431443EB40620709D00F222240042A32
:1012C00005D02200141D9442804140421B181A028E
:1012D0003ED501230027002649E68027019B3F03D6
:1012E0001F433F033F0B0094214B40E603005A4647
:1012F000283B9A40002601926DE6584600F01AFD00
:10130000203057E603005246283B9A401300002243
:1013100093E6504600F00EFD20307BE6CA4650E7CB
:101320001F201E004042041BE640202D03D0124C1B
:101330005444A3401A43501E8241324307260027DB
:10134000164009D00F200023104014000428B9D102
:1013500022005E075B021F0BD2081643002306E63D
:1013600080273F031F433F033F0B1600004BFEE562
:10137000FF0700001E0400003E040000F8B55746B9
:101380004E464546DE460C000903E0B5490A460FC5
:101390005F0031431E03DB0F760A9B46530F334336
:1013A000C84E6500C000E40FD2006D0DA246814614
:1013B0007F0D9C469046B74200D1B9E05B460126BE
:1013C00073409B46EE1BA34500D183E0002E63DDF6
:1013D000002F00D0B1E06346134300D123E1731E18
:1013E000002B00D0BAE1861A6346B0428041012545
:1013F000C91A4042091A0B0200D447E149024B0ABC
:1014000098464346002B00D189E1404600F092FC0B
:101410000300083B1F2B00DD7CE120223000D21AA4
:101420004146D040994002009E400A439D4200DD63
:101430006AE15D1B6B1C1F2B00DD94E12021100075
:101440003500C91A8E40DA408840DD40711E8E4159
:10145000110007222843002506433240002A09D004
:101460000F233340042B05D0331DB342B6417642DF
:1014700089191E000B0200D43DE26A1C914B5505F0
:101480006D0D9A4200D119E18F4AF6080A405707BC
:1014900052023743120B9BE0002E00D0C5E06E1CB9
:1014A0007605760D012E00DC48E16746861ACB1BD7
:1014B000B042BF417F42B8461F004346FF1A3B007F
:1014C000B8461B0200D55FE137439AD100220024C1
:1014D000002579E0002E00DCFAE0002F00D18DE03D
:1014E000784B9D4267D0802367461B041F43BC4650
:1014F000382E00DC52E1634613435A1E93411E18F6
:1015000086428041404209180B0200D4BEE06D4B78
:1015100001359D4200D1D2E06B4A73080A40012197
:101520000E401E435108D30707221E43324095E761
:101530001E00164300D045E740E7624B9D423AD07B
:10154000802367461B041F43BC46382E00DDEBE0BA
:101550001F2E00DC3AE133006746203BDF403B00B2
:10156000202E05D04027BF1B6646BE403243904622
:101570004646721E96413343DAE0002B00D114E256
:101580006346134300D168E180234E07C008C908B1
:101590001B030643194208D06046C008184204D114
:1015A00063460100D2085E071643F3009946C9005E
:1015B000720F444D11434B46DE08424B4F073743F1
:1015C000CA089D4200D16EE012036D05120B6D0D2D
:1015D00000211203130B0A0D12051A433B4B2D0574
:1015E00013402B435B00E4075B08234338001900DA
:1015F0003CBC90469946A246AB46F8BD63461343B1
:1016000011D0731E002B00D007E18618864280415E
:1016100061444042091801250B0237D502257BE7BA
:101620003E00614691463500C5E75C46002D00D07E
:10163000E1E00B000343F3D0731C00D1ACE1214B7C
:101640009F4200D13AE1F343382B00DD6FE11F2BBD
:1016500000DD8CE120250E00ED1AAE40B0460600FC
:10166000AA46DE40454635432E005546D940A8409F
:101670006346451EA8415B1A9C463043161AB24287
:10168000924163465242991A3D00B4E60722324025
:10169000002A00D0E4E60B4BF6084F073743CA0890
:1016A0009D4200D090E73B00134300D1A6E1802388
:1016B0001B031A431203120B024D89E71500002287
:1016C000002785E7FF070000FFFF7FFFFFFF0F8078
:1016D000002E00D0C7E06B1C5E05760D012E00DCED
:1016E000F0E0C84DAB4200D1B9E085180A00854250
:1016F00089416244494251180722CE076D082E43A2
:10170000490832401D00A9E6BF49ED1A11400722E1
:101710003240A3E6320028388240002686E63000B8
:1017200000F008FB203073E6634613435A1E9341D2
:10173000C61AB04280414042091A5CE60E00674674
:1017400006431743002D5ED1002E00D0F3E0002F9A
:1017500000D11EE15C46614691462CE7A94FBE428E
:101760007BD01E00F1E610001F3DE840202B03D087
:101770004021CB1A9A401643731E9E41072206430E
:1017800032400021002583E7161A6346B2428041A9
:10179000591A40420B1A98465C4632E61F2E00DD6D
:1017A000ABE02027BB1B9A4663465746BB40994691
:1017B00013004F46F3401F433B005746BA40571EA5
:1017C000BA4113436246F240891898E62027BB1BB2
:1017D0009A4663465746BB40994613004F46F3402E
:1017E0001F433B005746BA40571EBA411343624657
:1017F000F240891A9CE7834B9F425FD080252D04DD
:101800007342294320E7002E0CD1002F00D1D0E0F5
:101810005C46614691467B4DCDE67A4FBE421CD078
:101820001E0065E6002F18D0C0084E070643802032
:10183000C9080003014208D06346DC08044204D111
:101840002100DA46D2085E071643F30099460124C8
:101850005346C900720F11431C406A4DABE61D0090
:1018600000220027B4E6002D59D10B00034300D11C
:10187000D6E6731C00D1B2E0624B9F421ED0F34308
:10188000382B6FDC1F2B00DD97E020250E00ED1AB2
:10189000AE40B0460600AA46DE40454635432E001F
:1018A0005546A840D940451EA8418C440643B61869
:1018B00096429241514261443D0025E63D00614619
:1018C000914678E60B000343002D00D055E6002B2F
:1018D000F5D06346134300D16DE6861886428041F9
:1018E00061444042091800220B0200D4D0E6464B66
:1018F00001351940B2E5B1465DE633006746203B4D
:10190000DF403B00202E05D04027BF1B6646BE406F
:10191000324390464646721E96413343EFE5394BBB
:101920009F42CBD080252D0473422943A8E708436A
:10193000411E8841A2E6002F00D13CE66346861A8C
:10194000CF1AB0429B415B42FB1A98461B024ED510
:10195000161A6346B2429241591A5242891A5C469B
:1019600000227BE501430E00711E8E419FE71D00A2
:101970000E00203DEE40B046202B04D04025EB1A4F
:1019800099400843814648464346411E88411843D2
:1019900074E60022002417E6161A6346B24292410A
:1019A000591A5242891A3D0025E561469146154D66
:1019B00001E680220024120379E61D000E00203D7E
:1019C000EE40B046202B04D04025EB1A9940084346
:1019D00081464E464346711E8E411E4367E7861878
:1019E00096429B4161445B42C9183D008CE54746E5
:1019F0003743CED007224146324049E600273A001D
:101A0000E6E5C046FF070000FFFF7FFF70B50C4E04
:101A10000D031C0349005B002D0B490D240B5B0DCE
:101A2000B14208D0064900208B4203D11443200064
:101A3000441EA04170BD05430120002DFAD1F1E7FD
:101A4000FF07000030B5144D0A034B00120B5B0D6D
:101A5000C90F0024AB4211DD104CA34210DC8024DE
:101A6000640322430E4CE41A1F2C0CDD0D48C31AEC
:101A7000DA4013005C42002900D11C00200030BD78
:101A8000094BCC18FAE7094DE040AC4663449A4054
:101A900013000343EEE7C046FE0300001D040000F0
:101AA0003304000013040000FFFFFF7FEDFBFFFF86
:101AB00070B500282DD0C317C5185D40C40F28008D
:101AC00000F038F9154B1B1A5B055B0D0A2815DD74
:101AD0000B38854000222D032D0B002110002D0313
:101AE0000A0D2D0B12052A430D4D1B052A401343E9
:101AF0005B00E4075B082343190070BD0200290066
:101B0000153291400A000B21081AC5402D032D0BF8
:101B1000E3E70024002300250022DEE71E04000086
:101B2000FFFF0F8010B5041E25D000F003F9144B01
:101B30001B1A5B055B0D0A2812DD0B38844000225E
:101B40002403240B0021100024030A0D240B12058A
:101B500022430C4C1B05224013435B00590810BD67
:101B600002002100153291400A000B21081AC440DE
:101B70002403240BE6E7002300240022E2E7C0460A
:101B80001E040000FFFF0F804100090E4B1C70B5C2
:101B9000DBB24602750AC40F012B14DDE0239B0063
:101BA0006D07360BCB1800210A0D280012051C4DBD
:101BB00032435B052A405B0813435B00E4075B0884
:101BC0002343190070BD002914D1002D1ED0280018
:101BD00000F0B0F80A281CDC0B232A001B1ADA409C
:101BE000030015339D400F4B12031B1A5B05160BA8
:101BF0005B0DD8E7002D06D0320B802636036D072B
:101C00001643094BCFE7084B0026CCE700230026FC
:101C1000C9E703002A000B3B9A400025E3E7C046D2
:101C2000FFFF0F8089030000FF070000F0B54C00A4
:101C3000640D0B03621C5B0A460F5205C90F1E435D
:101C4000C500520D012A29DD374BE718FE2F1CDC99
:101C5000002F3BDD8001431E98410722F3006D0FEA
:101C600003432B431A40002A04D00F221A40042AAF
:101C700000D004338022D2041A4024D00137FAB2B3
:101C8000FF2F02D09B01580A01E0FF2200204002F2
:101C9000D205400AC90710430843F0BD3543002C64
:101CA00004D1002D0AD100220020F0E7002DECD055
:101CB0008020C0033043FF22E9E7002400235B02B9
:101CC000580AE2B2E3E7DB083C00F8E73B001733D1
:101CD000F3DB80231B0433431E26F61B1F2E14DD6B
:101CE00002225242D71B1A00FA401700202E04D0BD
:101CF0000E4A94466444A3401D432B005D1EAB4135
:101D000007223B431A400027ADE7094A2800A218E2
:101D1000954093406C1EA541F04007222B4303439E
:101D20001A4000279FE7C04680FCFFFFA2FCFFFF90
:101D300082FCFFFF1C2101231B04984201D3000CED
:101D400010391B0A984201D3000A08391B0998422E
:101D500001D30009043902A2105C40187047C04644
:101D60000403020201010101000000000000000064
:101D700010B5002903D1FFF7DDFF203002E0081C79
:101D8000FFF7D8FF10BDC046F0B54E465746DE46B9
:101D90004546E0B50F00002183B006008946002FBC
:101DA00006DA3900002746428F410121494289461F
:101DB000002B07DA4946C943100089461900002361
:101DC00042428B4134003D0092469846BB4269D85E
:101DD00066D041465046FFF7CBFF834639003000BE
:101DE000FFF7C6FF5B461B1A9C46203B9B4600D56F
:101DF00075E05146584681400B005146604681408F
:101E00000A00BB4261D85ED034003D005946A41A96
:101E10009D41002900DA7AE000210020012600908F
:101E2000019159468E400196614601268E406146D9
:101E30000096002950D0D90756085F080E43634624
:101E40000EE0AF4201D1A6420CD8A41BBD41012136
:101E500024196D410022013B64185541002B06D026
:101E6000AF42EED9013B24196D41002BF8D1009807
:101E700001995B4600196941002B3DDB2E00DE40D5
:101E800063462C00DC405B46002B4BDB34005D4698
:101E9000AC4023006446A6403200801A994103E01A
:101EA000B24296D9002000214B46002B04D00300FB
:101EB0000C0000215842A14103B03CBC9046994619
:101EC000A246AB46F0BDB1429ED900210020009051
:101ED000019161460029AED100980199E4E72023E1
:101EE000624651469B1AD94040460091614688405F
:101EF000030000990B4380E7624620239B1A2A00C7
:101F00009A40260013006246D6401E43B8E7614659
:101F100020260127761A00200021F7400090019129
:101F2000019781E76746202362463500BC409B1A33
:101F3000DD4023002B43ADE7F0B5C646484A4B00D1
:101F400000B506000F0088465B0893424CDC454A0A
:101F500093420EDC444A454B30003900FEF776F8D8
:101F60000022434BFCF716FF002851D03000390007
:101F700040E0404A934240DC8022D205934247DD54
:101F80003000390000F0EAFA04000D0032003B0096
:101F900030003900FEF780FF0022354BFEF756F87F
:101FA00004F0FCFA22002B00FEF750F802000B00B0
:101FB00000202F49FEF766FB220006000F002B00D1
:101FC00020002900FEF742F802000B003000390023
:101FD000FEF73CF803F036F84346002B0ADC80237A
:101FE0001B069C46614405E002000B0030003900EE
:101FF000FEF72CF804BC9046F0BD3000390000F02C
:10200000ADFA03F01FF81C4A1C4BFEF71FF8E3E77C
:1020100032003B0030003900FEF73EFF04000D00A7
:102020003000390000F09AFA002206000F00104B31
:1020300020002900FEF70AF804F0B0FA00220C4B49
:10204000FEF704F802000B0020002900FEF71AFB3F
:1020500032003B00FDF7FAFF00F020FBBCE7C04672
:10206000FFFFEF7FFFFF2F3E9C7500883CE4377E2B
:102070000000F03F0000B041EF39FAFE422EE63F8B
:10208000F8B54E4657464546DE46A04BE0B54E00F5
:1020900080468A46894676089E420CDD9C4B9E42CD
:1020A00000DDA2E000D19DE04B46002B00DCE0E02B
:1020B000984B994AA1E0994B9E4200DDB3E0984BC2
:1020C0009E4200DCA1E001235B429B464246534610
:1020D00040465146FEF7E0FE02000B0006000F00EE
:1020E000FEF7DAFE04000D008E4A8F4BFEF7D4FE99
:1020F0008E4A8F4BFDF7AAFF22002B00FEF7CCFE85
:102100008C4A8D4BFDF7A2FF22002B00FEF7C4FE88
:102110008A4A8B4BFDF79AFF22002B00FEF7BCFE8C
:10212000884A894BFDF792FF22002B00FEF7B4FE90
:10213000864A874BFDF78AFF32003B00FEF7ACFE74
:10214000844A06000F00844B20002900FEF7A4FEFD
:10215000824A834BFFF712F922002B00FEF79CFE08
:10216000804A814BFFF70AF922002B00FEF794FE0C
:102170007E4A7F4BFFF702F922002B00FEF78CFE10
:102180007C4A7D4BFFF7FAF822002B00FEF784FE15
:1021900002000B0030003900FDF758FF534642465D
:1021A000FEF77AFE5B46013366D05B46734A744C99
:1021B000DB00E418D3181A685B68FFF7DFF84246C3
:1021C0005346FFF7DBF802000B0020686168FFF759
:1021D000D5F8030048460A0000280EDA80221206CD
:1021E0008A180AE0002800D15EE74246534640467E
:1021F0005146FDF72BFF03000A00180011003CBCFC
:1022000090469946A246AB46F8BD5E4A5E4BFDF746
:102210001DFF00225D4BFCF7BDFD002800D152E7F9
:1022200043465246E9E700F099F9594B04000D0086
:102230009E422ADC574B9E4250DC02000B00FDF709
:1022400005FF0022514BFFF799F8802306000F008D
:102250000022DB0520002900FDF7F8FE0B0002003C
:1022600039003000FEF70EFA002380468A469B466E
:102270002CE7284B484AC0E702000B004046514675
:10228000FFF77CF803000A00B7E7444B9E421ADCD4
:102290000022434BFFF772F8002206000F00404B6C
:1022A00020002900FEF7F8FD0022384BFDF7CEFE96
:1022B0000B00020039003000FEF7E4F902238046EB
:1022C0008A469B4602E70B00020036490020FEF7D3
:1022D000D9F9032380468A469B46F7E600222B4B1A
:1022E000FFF74CF8002206000F00284B20002900C1
:1022F000FDF7ACFE0B00020039003000FEF7C2F91A
:10230000012380468A469B46E0E6C046FFFF0F4415
:102310000000F07F182D4454FB21F93FFFFFDB3F05
:10232000FFFF1F3E11DA22E33AAD903FEB0D76241A
:102330004B7BA93F513DD0A0660DB13F6E204CC5EF
:10234000CD45B73FFF8300922449C23F0D555555F7
:102350005555D53F2F6C6A2C44B4A2BF9AFDDE526E
:102360002DDEAD3F6D9A74AFF2B0B33F711623FE10
:10237000C671BC3FC4EB98999999C93FB8990200BE
:10238000989902009C7500883CE4377E0000F03F7D
:10239000FFFFF23FFFFFE53FFB21F9BFFF7F034057
:1023A0000000F83F0000F0BF434AF0B54F469146A9
:1023B0004B005B0D99444646D6464A46C0B50500DB
:1023C0000C000E0088460700132A25DC002A56DB85
:1023D0003A4B13419A460B0052461340034316D022
:1023E000374A384BFDF732FE00220023FCF7D2FCBF
:1023F00000280AD0002C04DD80234A465B031341E9
:1024000098444646534600279E43380031001CBC82
:1024100090469946A246F0BD332A08DD8023DB00B2
:102420009945F4D102000B00FDF710FEEFE7264AB4
:102430009446012263445242DA4092460242E6D078
:102440001F4A204BFDF702FE00220023FCF7A2FCEE
:102450000028DAD0002C0EDD4B46142B22D034237A
:102460004A4601249B1A9C406519BD4222D2012391
:102470009C462F00E044534646469F43C5E7104A1A
:10248000104BFDF7E3FD00220023FCF783FC00283E
:10249000BBD0002C0ADB2C4300270026002CB4D034
:1024A0000A4EB2E7133B9C46E044E4E7802600274F
:1024B0003606AAE72F00DEE701FCFFFFFFFF0F0053
:1024C0009C7500883CE4377EEDFBFFFF0000F03F89
:1024D00030B5204A4B0087B05B0893421CDD1E4A92
:1024E000934205DD02000B00FEF748FF07B030BD48
:1024F00002AA03F075FD03231840049A059B0128E6
:102500000FD002281CD0002815D00298039901246E
:10251000009405F011FAE9E70022002304F092FC90
:10252000E4E700900298039905F006FA80231B0661
:102530009C466144DAE70298039904F083FCD5E7EE
:102540000298039904F07EFC80231B069C4661449C
:10255000CCE7C046FB21E93FFFFFEF7F49004B0876
:1025600019007047474AF0B54F4691464B005B0D46
:1025700099444646D6464A46C0B505000C000E00B2
:1025800088460700132A27DC002A4BDB3E4B134109
:102590009A460B0052461340034318D03B4A3C4B2B
:1025A00028002100FDF752FD00220023FCF7F2FB7A
:1025B000002847D0002C04DA80234A465B031341ED
:1025C00098444646534600279E43380031001CBCC1
:1025D00090469946A246F0BD332A08DD8023DB00F1
:1025E0009945F4D102000B00FDF730FDEFE7294AD1
:1025F0009446012263445242DA4092460242E6D0B7
:10260000224A234B28002100FDF720FD0022002351
:10261000FCF7C0FB002815D0002C1EDB53464646B5
:102620009F430FE0194A1A4B28002100FDF70EFDC9
:1026300000220023FCF7AEFB002803D0002C04DBB3
:102640000027002638003100C1E7640064082543F4
:102650000027002DF6D0104EF4E74B46142B0BD07C
:102660003422D21A012393405D19BD4208D20123BE
:102670009C462F00E044D1E7133B9C46E044CDE765
:102680002F00CBE701FCFFFFFFFF0F009C750088C8
:102690003CE4377EEDFBFFFF0000F0BFF0B54E4697
:1026A0004546DE465746E0B5DD4B87B08146884655
:1026B0000E000A00994243DDDA4B994200DDEBE05F
:1026C000D94B994200DC2CE1D84A0B1592460022E6
:1026D0009A4400230400029203933603330B9B4673
:1026E000D34B9B4500DD0DE15A46D24B20001A43E7
:1026F00011000022CF4BFEF741FE04000D00002226
:10270000CD4B81468846FEF7C7FB2B002200FEF723
:10271000C3FB5B4606000F0000960197002B38D1E3
:102720000022002320002900FCF71AFB002800D11A
:1027300019E15346002B00D056E100200021AFE004
:10274000BE4B4C0064089C420DDD0022BC4BFCF7E4
:1027500007FB002800D1AAE0002200230020B9498D
:10276000FDF790FF9CE0B84B9C4200DCAAE0B74B21
:102770009C4662449A4200D8D3E00022AE4BFEF75A
:102780008BFB43464A46FEF787FB00239A460090A0
:10279000019180230022DB0548464146FDF756FCA7
:1027A00002000B0048464146FDF76CFF02000B009B
:1027B00006000F00FEF770FB04000D00A44AA54BB5
:1027C000FEF76AFBA44AA54BFDF740FC22002B0054
:1027D000FEF762FBA24AA34BFDF738FC22002B0058
:1027E000FEF75AFBA04AA14BFDF730FC22002B005C
:1027F000FEF752FB9E4A9F4BFDF728FC22002B0060
:10280000FEF74AFB9C4A9D4BFDF720FC22002B0063
:10281000FEF742FB9A4A9B4BFDF718FC22002B0067
:10282000FEF73AFB009C019D22002B00FDF70EFCF9
:102830003B003200FEF730FB534606000F00002B32
:1028400000D1ACE05046FFF733F98F4A8F4B0400BC
:102850000D00FEF721FB8E4A049005918D4B200060
:102860002900FEF719FB029A039BFDF7EFFB3200EC
:102870003B00FDF7EBFB02000B0000980199FEF70F
:102880007DFD4A464346FEF779FD02000B000498A1
:102890000599FEF773FD03E002000B00FDF7D6FB80
:1028A00007B03CBC90469946A246AB46F0BD4A46AE
:1028B000434648464146FEF761FD02000B00FDF726
:1028C000E1FEEDE70022744BFDF7C0FB0022002380
:1028D000FCF760FA002804D0704B484641469C4201
:1028E000DEDD4A46434648464146FEF7D5FA002219
:1028F000514BFEF7D1FA02000B0048464146FEF765
:102900003DFDCDE701235A469C464B4B80261A439A
:102910005B467603F61AB310E244200011009B4692
:10292000E7E60022434B48464146FDF78FFB3F4A0E
:102930000B1592469A44534604000D000E00002BDE
:1029400000DCAFE04A464346FEF718FD02000B00EC
:1029500000203849FEF712FD22002B00FDF792FE01
:1029600002900391B9E64E4A464B20002900FEF73B
:1029700093FA02000B0000202E49FEF7FFFC3B00FB
:102980003200FEF789FA534606000F00002B0DD1E6
:1029900002000B0020002900FEF7F0FC80E7020097
:1029A0000B0020002900FEF7E9FCA4E75046FFF7E2
:1029B0007FF8354A354B00900191FEF76DFA344AA5
:1029C0000490059100980199324BFEF765FA029A3E
:1029D000039BFDF73BFB02000B0030003900FEF7C4
:1029E000CDFC22002B004EE75046FFF761F8284A45
:1029F000284B04000D00FEF74FFA029A039BFDF7E7
:102A000025FB214A06000F00204B20002900FEF77D
:102A100043FA02000B0030003900FDF717FB3FE7D7
:102A20007982DA3FFFFFEF7FFFFF3F4301FCFFFFAB
:102A30009DA006000000F03F0000E03FFFFFEF3FD9
:102A40000000F0BF000050C3FFFF1F3E3C412D407F
:102A500044523EDF12F1C23F9FC678D0099AC33F6D
:102A6000DE03CB966446C73FAF788E1DC571CC3F61
:102A7000599322942449D23F04FA97999999D93FBE
:102A8000935555555555E53F0000E0FE422EE63F73
:102A9000763C7935EF39EA3D00005043FFFF8F3C2B
:102AA000555555550022054BFEF768FC02000B00FA
:102AB00048464146FEF762FC4EE7C0460000F03F44
:102AC00010B500F097FC024A024BFDF7DBFD10BD8C
:102AD000EF39FAFE422EE63F30B5214A4B0087B06F
:102AE0005B0893421EDD1F4A934205DD02000B0086
:102AF000FEF744FC07B030BD02AA03F071FA0323CD
:102B00001840049A059B012813D002281DD00028E4
:102B100014D00298039904F095F980231B069C4673
:102B20006144E7E7002300220093002304F004FF40
:102B3000E0E70298039904F085F9DBE701240298A5
:102B40000399009404F0F8FED4E701240298039955
:102B5000009404F0F1FE80231B069C466144C9E703
:102B6000FB21E93FFFFFEF7F30B5144A4B0087B0F0
:102B70005B0893421ADD124A934205DD02000B0006
:102B8000FEF7FCFB07B030BD02AA03F029FA049C53
:102B9000059D4300022018400123181A00902200CE
:102BA000029803992B0004F079FFEBE70123002240
:102BB0000093002304F072FFE4E7C046FB21E93FE5
:102BC000FFFFEF7F394AF8B54B0005000C000E00FF
:102BD0005B08934210DD02000B0000203449FDF732
:102BE00051FD0022324B002C35DBFDF72FFA02009D
:102BF0000B0010001900F8BD2E4A934208DD002298
:102C00002B4B002EF5DA802109068C466344F0E751
:102C1000294A934224DD294A93422CDDFFF79EFC8A
:102C200002000B00FDF712FA05F0C8FD8023002218
:102C3000DB05FDF70BFA0B0080210200C90500201F
:102C4000FDF720FD02000B0000201949FEF796FB5E
:102C500002000B00D5E7FEF791FB02000B00C8E76E
:102C60000022134BFDF7F2F92A002300FEF714F9B6
:102C700002000B00BDE7FFF771FCC02300221B061A
:102C8000FEF70AF905F09AFD80231B06CF18802372
:102C90000022DB050400FDF7D9F902000B0020003B
:102CA0003900FDF7EFFC02000B00AAE7FFFFEF7F02
:102CB0000000F03FFFFF3540FFFF7F3CFFFFEF3F8D
:102CC0004B00134A5B0D9A1870B5132A07DC002AD3
:102CD00018DB1048104100228143100070BD332AD8
:102CE00008DD8023DB009A42F8D102000B00FDF7DB
:102CF000ADF9F3E7084A9446012263445242DA40B0
:102D00009043EBE70022C90FCB0710001900E5E75D
:102D100001FCFFFFFFFF0F00EDFBFFFF00B51C4AAA
:102D2000430083B05B08934218DD1A4A934204DDE6
:102D3000011CFCF707FF03B000BD694603F0A4FEC9
:102D400003230199184001280CD0022817D000282D
:102D500011D00098012205F0B7FCECE7002105F046
:102D600069F8E8E70122009805F0AEFC80231B0615
:102D70009C466044DFE7009805F05CF8DBE70098CC
:102D800005F058F880231B069C466044D3E7C046F4
:102D9000D80F493FFFFF7F7F00B51C4A430083B037
:102DA0005B0893421BDD1A4A934204DD011CFCF7C9
:102DB000C9FE03B000BD694603F066FE0323019916
:102DC0001840012810D0022817D0002810D00098F1
:102DD00005F030F880231B069C466044E9E700229A
:102DE000002105F071FCE4E7009805F023F8E0E726
:102DF0000098012205F068FCDBE70098012205F04D
:102E000063FC80231B069C466044D2E7D80F493FF1
:102E1000FFFF7F7FF0B54746CE4680B58DB00400FA
:102E20000D0000F0CFFF264B060098461B780F00E0
:102E30005BB2013331D022002B0020002900FEF7C5
:102E4000E5FD8146002828D120002900FFF786FBF8
:102E500000221C4BFBF79EFF00281ED0012302938B
:102E6000194B1A4803934B46069407950A9304940A
:102E7000059505F0D7FE43461B78089009915BB293
:102E8000022B11D002A805F0CBFE00280CD00A9B23
:102E90000193002B0DD1089E099F300039000DB021
:102EA0000CBC90469946F0BD06F088F821230360DB
:102EB000EDE706F083F80A9B01930360EBE7C04659
:102EC000D60200200000F03F98B802006CA3020078
:102ED000F0B54746CE4680B58DB004000D0001F038
:102EE0006DF9264B06001B780F005BB29846013344
:102EF00010D022002B0020002900FEF787FD81461C
:102F0000002807D100221E4B20002900FBF72EFFCE
:102F1000002806D1300039000DB00CBC904699460F
:102F2000F0BD01230293174B002203934B460A93F3
:102F30000023100019000694079504940595FDF7E9
:102F4000A1FB434608900991022B0BD002A805F083
:102F500067FE002806D00A9B0193002B07D1089E2C
:102F6000099FD7E706F02AF821230360F3E706F06C
:102F700025F80A9B01930360F1E7C046D6020020C2
:102F80000000F03FA0B80200F0B54746CE4680B53D
:102F90008DB004000D0001F0A1F9264B0600984603
:102FA0001B780F005BB2013331D022002B002000D0
:102FB0002900FEF72BFD8146002828D1200029009A
:102FC000FFF7CCFA00221C4BFBF7E4FE00281ED0D2
:102FD00001230293194B1A4803934B460694079515
:102FE0000A930494059505F01DFE43461B7808904E
:102FF00009915BB2022B11D002A805F011FE002846
:103000000CD00A9B0193002B0DD1089E099F300024
:1030100039000DB00CBC90469946F0BD05F0CEFFCE
:1030200021230360EDE705F0C9FF0A9B01930360CC
:10303000EBE7C046D60200200000F03FA8B802002F
:103040006CA3020010B501F03DFB10BDF0B5474682
:10305000CE4680B58DB004000D0001F0EFFB364B7D
:10306000060098461B780F005BB201333ED0220069
:103070002B0020002900FEF7C9FC8146002835D12D
:1030800020002900FFF76AFA00222C4B00900191E2
:10309000FBF78AFE002829D00098019943460027B3
:1030A0000022DF57254BFBF775FE02AE002824D027
:1030B00001230293224B002273604B4633620023AC
:1030C00034617561B460F56010001900FDF7DAFA3B
:1030D000B061F161022F23D0300005F0A1FD00287E
:1030E0001ED0336A002B22D1F769B669300039004F
:1030F0000DB00CBC90469946F0BD02230293104BD4
:103100003062736034617561B460F5600022002341
:1031100020002900FDF7B6FAB061F161022FDBD182
:1031200005F04CFF21230360336A002BDCD005F04F
:1031300045FF336A0360D7E7D60200200000F03F66
:10314000B0B80200F0B54746CE4680B58DB0040059
:103150000D0001F0FFFB2A4B060098461B780F007C
:103160005BB2013331D022002B0020002900FEF792
:103170004DFC8146002828D120002900FFF7EEF9F8
:10318000204A214BFBF706FE00281ED003230293A2
:103190001E4B0694079503934B460A9343461B78B0
:1031A000049405955BB2002B16D0002018490890B6
:1031B0000991022B15D105F001FF222303600A9B20
:1031C0000193002B16D1089E099F300039000DB0E5
:1031D0000CBC90469946F0BDE0220E4B12060892B8
:1031E000099302A805F01CFD0028E4D00A9B019376
:1031F000002BE8D005F0E2FE0A9B01930360E2E7B2
:10320000D60200207DF8B98FCE338640B8B80200D0
:103210000000F07FFFFFEF47F0B54746CE4680B590
:103220008BB004000D0001F03FFC344B06009846C3
:103230001B780F005BB2013338D02000290005F065
:10324000E5FC002832D02E4A2E4B20002900FBF747
:10325000A1FD8146002830D12B4A2C4B20002900AB
:10326000FBF784FD002821D004236E460093284BF1
:10327000002273604B4633620023B261F361434620
:103280001B78346175615BB2B460F560022B30D09D
:10329000300005F0C5FC00282BD0336A002B03D08A
:1032A00005F08CFE336A0360F769B66930003900B7
:1032B0000BB00CBC90469946F0BD03236E460093BC
:1032C000134B3461756173600023336243461B788E
:1032D000B460F5605BB2002B05D1E0220D4B120605
:1032E000B261F361D4E700200B49B061F161022BB8
:1032F000CED105F063FE22230360CEE7D602002084
:10330000EF39FAFE422E864051302DD5104987C044
:10331000C0B80200FFFFEF470000F07FF0B547465E
:10332000CE4680B58DB01D0006000F00140001F0E0
:103330002DFD2E4B009001911B785BB29846013316
:103340003CD022002B0020002900FEF75FFB002864
:1033500034D132003B0030003900FEF757FB814684
:1033600000282BD10022002320002900FBF7F8FCC5
:10337000002823D0012302931D4B04960597039345
:103380004B460A93434606940795002B1DD0002315
:10339000002219001000FDF775F9434608900991C5
:1033A000022B14D105F00AFE212303600A9B00932F
:1033B000002B15D1089B099C00930194009801995A
:1033C0000DB00CBC90469946F0BD0896099702A82E
:1033D00005F026FC0028E5D00A9B0093002BE9D0DD
:1033E00005F0ECFD0A9B00930360E3E7D6020020A2
:1033F000C4B80200F0B5C64600B58CB004000D009C
:1034000001F020FE3A4B06001B780F005BB2984695
:1034100001330FD022002B0020002900FEF7F6FA1E
:10342000002807D10022002320002900FBF7B2FC6E
:10343000002805D0300039000CB004BC9046F0BD27
:103440002C4B0A90039343460494059506940795E4
:10345000002B1AD1E022284B120608920993200073
:10346000002200232900FBF77BFC002838D0022330
:10347000029302A805F0D4FB002817D00A9B019301
:10348000002B18D1089E099FD4E700221B4B200077
:1034900008920993290000220023FBF761FC002811
:1034A0000FD0022302934346022BE2D105F086FDA2
:1034B00022230360E2E705F081FD0A9B019303608C
:1034C000E0E7012302934346022B0BD105F076FD82
:1034D000212303600A4805F0A5FB08900991CDE778
:1034E0000123029302A805F09BFB0028F2D1EDE72F
:1034F000D6020020CCB80200FFFFEFC70000F0FFAB
:103500006CA30200F0B54746CE4680B58DB00400EE
:103510000D0001F06DFF3C4B06001B780F005BB205
:103520009846013310D022002B0020002900FEF71E
:103530006DFA8146002807D10022002320002900CF
:10354000FBF71EFC002806D1300039000DB00CBC82
:1035500090469946F0BD2D4B0494059503934B4638
:103560000A93434606940795002B1AD1E022284B74
:103570001206089209932000002200232900FBF77D
:10358000EFFB002838D00223029302A805F048FB85
:10359000002817D00A9B0193002B18D1089E099F81
:1035A000D2E700221B4B2000089209932900002239
:1035B0000023FBF7D5FB00280FD0022302934346DC
:1035C000022BE2D105F0FAFC22230360E2E705F0CA
:1035D000F5FC0A9B01930360E0E701230293434655
:1035E000022B0BD105F0EAFC212303600A4805F009
:1035F00019FB08900991CDE70123029302A805F079
:103600000FFB0028F2D1EDE7D6020020D0B802006F
:10361000FFFFEFC70000F0FF6CA30200F0B55746B4
:103620004E46DE464546E0B58FB01D0006000F0051
:10363000140001F06FFFCE4B009001919A461B7869
:103640005BB2994601333ED022002B0020002900B6
:10365000FEF7DCF98346002835D132003B0030000C
:103660003900FEF7D3F900220390002800D06FE064
:10367000002330003900FBF773FB00282CD0002218
:10368000002320002900FBF76BFB8346002800D1B4
:1036900092E004AB9846012342460493B54B536035
:1036A0004346039A1C615D611A629E60DF60424678
:1036B000002300249361D4614B46002B67D0002384
:1036C000AD4C00930194009801990FB03CBC90461A
:1036D0009946A246AB46F0BD0098019905F096FACE
:1036E0008146002800D19AE0009801990022002329
:1036F000FBF736FB0028E6D03000390005F086FAEB
:103700000028E0D02000290005F080FA0028DAD057
:1037100004AB9846042342460493964B14615561CA
:10372000536000230024136200239361D461534645
:103730001B789660D7605BB2022B04D0404605F040
:103740006FFA002829D105F039FC2223036024E018
:10375000002320002900FBF703FB0028B3D004ABB3
:103760009846012342460493824B414653604346A8
:103770005A461A6200229E60DF601C615D617E4BCA
:103780008A61CB61009201934B46022B9BD040464D
:1037900005F046FA002800D18AE043461B6A002B58
:1037A00004D005F00BFC43461B6A03604346DC690A
:1037B0009B690093019486E72000290005F026FA12
:1037C000002800D17FE70022002320002900FBF71A
:1037D000CDFA002800D176E704AB98460123424693
:1037E0000493644B536043465A469E60DF601A62FE
:1037F0001C615D6153461B785BB2002B5DD00020DD
:1038000042465E499061D161022B5BD105F0D6FB47
:103810002123036043461B6A002BC7D0C1E7300059
:10382000390005F0F3F9002800D15DE720002900F8
:1038300005F0ECF9002800D156E7009801995346AD
:103840001B7802005BB29B460B00FEF7DFF804AB6F
:103850009846002862D1032342460493454B1461E5
:103860005561536010629660D760454B2000290077
:103870000022FDF711FB5B4604000D00002B27D151
:10388000E02241463F4B12068A61CB6130000022A4
:1038900000233900FBF76AFA00282AD1404605F0D8
:1038A000BFF90028B6D105F089FB22230360B1E7F8
:1038B00005F084FB212303606FE7424600230024C8
:1038C0009361D461404605F0ABF90028A2D19DE791
:1038D000002241462C4B30008A61CB61002200233C
:1038E0003900FBF743FA002835D15B46022BDAD0CA
:1038F000D4E72000290005F09BF922002B00FBF7FC
:103900002FFA002805D1E022204B120641468A6199
:10391000CB6153461B785BB29B46E6E701234246E8
:103920000493144B536043464A469E60DF601A621C
:103930001C615D615B46002BBFD000230022190093
:103940001000FCF79FFE43469861D9615B46022B4D
:1039500000D15BE7B6E72000290005F069F92200F5
:103960002B00FBF7FDF90028D3D10022034BCDE754
:10397000D6020020D8B802000000F03F0000F0FF9F
:103980000000E03FFFFFEF470000F07FFFFFEFC7C1
:10399000F0B54746CE4680B58DB006000F0002F068
:1039A0002FFD2D4B040098461B780D005BB20133B0
:1039B00004D005F02BF98146002806D0200029000C
:1039C0000DB00CBC90469946F0BD3000390005F0B2
:1039D0001DF90028F2D003230293204B0024039307
:1039E0004B460A9343461C5706960797049605973D
:1039F0000022002330003900002C0ED1FBF7CAF959
:103A0000E022120600281DD0154B0892099302A847
:103A100005F006F900280ED109E0FBF7BBF90022FA
:103A2000002811D00F4B08920993022CEFD105F01A
:103A3000C5FA222303600A9B0193002B06D1089C40
:103A4000099DBBE7084BE0E7084BECE705F0B6FA49
:103A50000A9B01930360F2E7D6020020DCB8020063
:103A6000FFFFEF470000F07FFFFFEFC70000F0FF10
:103A7000F0B54746CE4680B58DB004000D0002F08B
:103A80008DFD294B06001B780F005BB29846013371
:103A900010D022002B0020002900FDF7B7FF81463F
:103AA000002807D10022002320002900FBF75EF93F
:103AB000002806D1300039000DB00CBC9046994664
:103AC000F0BD01230293194B0694079503934B46CF
:103AD0000A93434604940595002B15D00023002239
:103AE00019001000FCF7CEFD434608900991022B07
:103AF0000ED105F063FA212303600A9B0193002B8A
:103B00000CD1089E099FD5E700230024089309944F
:103B100002A805F085F80028EFD1EAE705F04EFA93
:103B20000A9B01930360ECE7D6020020E4B8020090
:103B300070B500258CB0041C02F008FE354B061C45
:103B40005D576B1C0BD0211C201CFCF7BFF9002813
:103B500005D10021201CFBF757F9002802D0301CAA
:103B60000CB070BD2C4B0A90201C0393FEF70CF890
:103B70000690079104900591002D1BD1E022274B60
:103B800012060021201C08920993FBF723F9002854
:103B900037D00223029302A805F042F8002817D07C
:103BA0000A9B0193002B18D108980999FEF73EF85B
:103BB000061CD4E700221A4B0021201C089209930E
:103BC000FBF708F900280ED002230293022DE2D160
:103BD00005F0F4F922230360E2E705F0EFF90A9B10
:103BE00001930360E0E701230293022D0BD105F05E
:103BF000E5F9212303600B4805F014F808900991BA
:103C0000CEE70123029302A805F00AF80028F2D1BA
:103C1000EDE7C046D6020020ECB80200FFFFEFC778
:103C20000000F0FF6CA30200F0B500258DB0041C6D
:103C300002F0D2FE354B061C5D576B1C0BD0211CCD
:103C4000201CFCF743F9071E05D10021201CFBF7BF
:103C5000D1F8002802D1301C0DB0F0BD2C4B201C37
:103C600003930A97FDF790FF069007910490059142
:103C7000002D1BD1E022274B12060021201C0892A8
:103C80000993FBF7A7F8002837D00223029302A874
:103C900004F0C6FF002817D00A9B0193002B18D10F
:103CA00008980999FDF7C2FF061CD4E700221A4BB9
:103CB0000021201C08920993FBF78CF800280ED0F5
:103CC00002230293022DE2D105F078F9222303604A
:103CD000E2E705F073F90A9B01930360E0E7012333
:103CE0000293022D0BD105F069F9212303600B48E3
:103CF00004F098FF08900991CEE70123029302A8EF
:103D000004F08EFF0028F2D1EDE7C046D602002075
:103D1000F4B80200FFFFEFC70000F0FF6CA3020041
:103D2000F0B500258DB0041C03F032F8234B061CBF
:103D30005D576B1C0BD0211C201CFCF7C7F8071E1D
:103D400005D10021201CFBF74BF8002802D1301CC4
:103D50000DB0F0BD01230293194B201C03930A9769
:103D6000FDF712FF002206900791049005910023B1
:103D7000002D15D010001900FCF784FC0890099163
:103D8000022D0FD105F01AF9212303600A9B01933C
:103D9000002B0DD108980999FDF748FF061CD6E7BE
:103DA0000892099302A804F03BFF0028EED1E9E74E
:103DB00005F004F90A9B01930360EBE7D6020020AB
:103DC000FCB80200F0B5DE4A4B0085B007000E00DB
:103DD0005B0893420BDDDB4A94466344034300D007
:103DE000ABE0002900DC29E100200021AFE0D64A49
:103DF000934206DCD54A934200DDAAE0D448D54977
:103E0000A5E0002900DA1CE102000B000020D249E5
:103E1000FDF7B4FA0022D14BFDF73EF804000D0087
:103E200002F0BCFBCE4A0F0000900191CD4B200068
:103E30002900FDF731F8CC4ACC4BFCF707F92200FA
:103E40002B00FDF729F8CA4ACA4BFDF797FA220062
:103E50002B00FDF721F8C84AC84BFCF7F7F8220001
:103E60002B00FDF719F8C64AC64BFDF787FA22006A
:103E70002B00FDF711F8C44AC44BFCF7E7F8220009
:103E80002B00FDF709F8C24A02900391C14B2000B4
:103E90002900FDF701F8C04AC04BFDF76FFA220078
:103EA0002B00FCF7F9FFBE4ABE4BFCF7CFF822000F
:103EB0002B00FCF7F1FFBC4ABC4BFDF75FFA220078
:103EC0002B00FCF7E9FF0022A34BFCF7BFF8020030
:103ED0000B0002980399FCF7D5FB009A019BFCF7B5
:103EE000DBFF00260290039132003B0030003900D6
:103EF000FCF7D2FF02000B0020002900FDF73EFA7C
:103F0000320004000D00009801993B00FCF79EF878
:103F100002000B0020002900FCF7B4FB02000B009C
:103F200002980399FCF792F832003B00FCF78EF8F8
:103F300002000B00FCF78AF809E002000B003800D1
:103F40003100FDF71BFA02000B00FCF79BFB05B0EC
:103F5000F0BD02000B0038003100FCF79DFF0400AB
:103F60000D007F4A7F4BFCF797FF7F4A7F4BFCF7A2
:103F70006DF822002B00FCF78FFF7D4A7D4BFDF78B
:103F8000FDF922002B00FCF787FF7B4A7B4BFCF7F7
:103F90005DF822002B00FCF77FFF794A794BFDF793
:103FA000EDF922002B00FCF777FF774A774BFCF7FF
:103FB0004DF822002B00FCF76FFF754A009001912D
:103FC000744B20002900FCF767FF734A734BFDF721
:103FD000D5F922002B00FCF75FFF714A714BFCF70B
:103FE00035F822002B00FCF757FF6F4A6F4BFDF7A7
:103FF000C5F922002B00FCF74FFF0022564BFCF7BF
:1040000025F802000B0000980199FCF73BFB3A00F1
:104010003300FCF741FF02000B0065486549FDF7DE
:10402000ADF902000B0038003100FDF7A7F90200DE
:104030000B0047484749FDF7A1F988E744485E4926
:1040400085E70022444B38003100FBF7FFFF0022D8
:10405000424BFCF721FF04000D00414A414BFCF7A5
:104060001BFF414A414BFBF7F1FF22002B00FCF7FD
:1040700013FF3F4A3F4BFDF781F922002B00FCF76D
:104080000BFF3D4A3D4BFBF7E1FF22002B00FCF705
:1040900003FF3B4A3B4BFDF771F922002B00FCF775
:1040A000FBFE394A394BFBF7D1FF22002B00FCF70E
:1040B000F3FE009001912000290002F06FFA344ACB
:1040C00006000F00334B20002900FCF7E5FE324AC2
:1040D000324BFDF753F922002B00FCF7DDFE304A8E
:1040E000304BFBF7B3FF22002B00FCF7D5FE2E4A26
:1040F0002E4BFDF743F922002B00FCF7CDFE0022EA
:10410000154BFBF7A3FF02000B0000980199FCF789
:10411000B9FA32003B00FCF7BFFE254A254BFDF7FC
:104120002DF932003B00FBF791FF02000B00FBF77B
:104130008DFF02000B0006481F49FDF71FF906E737
:10414000FFFFEF3F000010C0FFFFDF3F0000603CBB
:10415000182D4454FB21F93F0000F03F0000E03FE0
:1041600009F7FD0DE13D023F88B20175E0EF493FDF
:104170003B8F68B52882A43F5544880E55C1C93F7E
:104180007D6FEB0312D6D43F555555555555C53F58
:1041900082922EB1C5B8B33F59018D1B6C06E63F24
:1041A000C88A599CE52A00404B2D8A1C273A0340B7
:1041B000075C143326A6913CFB210940F0B5404A28
:1041C00083B005000C00914237DD3E4A914209DD83
:1041D0003D4A914240DD02000B0028002100FBF720
:1041E00035FF34E0394A8A18024332D08022D205A2
:1041F00091423ADC0022364B28002100FDF7BEF840
:1042000002000B0004000D00FBF720FF2200060057
:104210000F002B0020002900FCF73EFE02000B00DF
:1042200030003900FBF712FF02F0B8F922002B0032
:10423000FBF70CFFFEF732FA09E002000B00280042
:104240002100FDF79BF802000B00FCF71BFA03B0FE
:10425000F0BD00200021FAE72800210000F0F2FE66
:104260001C4A1D4BFBF7F2FEF1E702000B00280091
:104270002100FCF711FE0022154BFDF77FF802F03C
:104280008DF92A0000900191230028002100FBF7FE
:10429000DDFE2A0006000F00009801992300FBF7BD
:1042A000D5FE02000B0000200949FCF7EBF90200E3
:1042B0000B0030003900FDF761F800F0C3FEC6E7DF
:1042C000FFFFEF3FFFFFAF41FFFFEF7F000010C098
:1042D0000000F03FEF39FAFE422EE63FF0B54F46C0
:1042E000D64680B5D54B4E0089B007008A46894630
:1042F00076089E4217DDD24B9C466644064328D082
:1043000002000B0038005146FDF738F802000B00A0
:10431000FCF7B8F903000A001800110009B00CBC42
:1043200091469A46F0BDC74B9E4229DCC64B9E4241
:1043300000DDF8E0C54AC64B38005146FBF786FE63
:104340000022C44BFAF726FD002819D03B00524644
:10435000E2E7C14AC14B38005146FCF79DFDC04A17
:1043600004000D00BF4B38005146FCF795FD0200DC
:104370000B0020002900FBF769FE03000A00CBE7D1
:1043800038005146FEF7EAF802000B000020B14960
:10439000FCF7F4FF0022B44BFCF77EFD04000D0097
:1043A000B24AB34BFCF778FDB24AB34BFBF74EFE73
:1043B00022002B00FCF770FDB04AB14BFCF7DEFF8A
:1043C00022002B00FCF768FDAE4AAF4BFBF73EFE28
:1043D00022002B00FCF760FDAC4AAD4BFCF7CEFF92
:1043E00022002B00FCF758FDAA4AAB4BFBF72EFE30
:1043F00022002B00FCF750FDA84A02900391A84B25
:1044000020002900FCF748FDA64AA74BFCF7B6FFA1
:1044100022002B00FCF740FDA44AA54BFBF716FE3B
:1044200022002B00FCF738FDA24AA34BFCF7A6FFA5
:1044300022002B00FCF730FD864B0022FBF706FE26
:10444000049005912000290002F0A8F89B4B0090F1
:1044500001919E4200DDCFE00098019902000B001F
:104460000F00FBF7F3FD049A059B06900791029855
:104470000399FCF707F902000B0006980799FCF76F
:104480000BFD00260290039132003B003000390002
:10449000FCF702FD02000B0020002900FCF76EFF74
:1044A000320004000D00009801993B00FBF7CEFD9F
:1044B00002000B0020002900FCF7E4F802000B00CA
:1044C000FBF7C4FD02000B0065486649FCF756FF88
:1044D00002000B0002980399FCF750FF3200040021
:1044E0000D003B0030003900FBF7B0FD02000B006F
:1044F00059487349FCF742FF02000B0020002900D5
:10450000FCF73CFF02000B0053486D49FCF736FFF7
:1045100003000A004946002900DDFDE68021090666
:104520008C466244F8E602000B0038005146FCF766
:10453000B3FC04000D004D4A4D4BFCF7ADFC4D4A59
:104540004D4BFBF783FD22002B00FCF7A5FC4B4AEB
:104550004B4BFCF713FF22002B00FCF79DFC494A54
:10456000494BFBF773FD22002B00FCF795FC474AF3
:10457000474BFCF703FF22002B00FCF78DFC454A5C
:10458000454BFBF763FD22002B00FCF785FC434AFB
:1045900000900191424B20002900FCF77DFC414A2C
:1045A000414BFCF7EBFE22002B00FCF775FC3F4A69
:1045B0003F4BFBF74BFD22002B00FCF76DFC3D4A07
:1045C0003D4BFCF7DBFE22002B00FCF765FC0022D4
:1045D000204BFBF73BFD02000B0000980199FCF714
:1045E00051F83A005346FCF757FC3A005346FBF7A4
:1045F0002DFD03000A008FE6049A059B029803999B
:10460000FCF740F8009C019D22002B00FCF744FCC5
:1046100022002B00FBF71AFD02000B00FBF716FD32
:104620000F4A104BFCF7AAFE02000B000A480B4988
:10463000FCF7A4FE03000A006CE7C046FFFFEF3F53
:10464000000010C0FFFFDF3FFFFF3F3E9C7500886A
:104650003CE4377E0000F03F182D4454FB21F93F25
:10466000075C143326A6913C0000E03F09F7FD0DDE
:10467000E13D023F88B20175E0EF493F3B8F68B5ED
:104680002882A43F5544880E55C1C93F7D6FEB0376
:1046900012D6D43F555555555555C53F82922EB12A
:1046A000C5B8B33F59018D1B6C06E63FC88A599CBB
:1046B000E52A00404B2D8A1C273A03403233EF3F56
:1046C000FB21E93FF8B515004746CE465A001C00CD
:1046D0006B4280B52B434B4F5208DB0F1343BB4259
:1046E0001DD84B005B089846464643420343DB0F08
:1046F00089463343BB4212D8434BE3182B4339D08E
:104700000226A3171E40CB0F1E434346034310D17E
:10471000022E47D0032E08D13C483D4905E0020057
:104720000B0028002100FBF791FC0CBC9046994639
:10473000F8BD13002B4320D0BA4224D0B8451CD07A
:1047400043469A1A12153C2A2FDC002C30DA3C32F0
:104750002EDA00200021012E3ED0022E31D0002E74
:10476000E3D02C4A2C4BFCF709FE284A2B4BFCF7D4
:1047700005FEDAE7FDF784FCD7E74B462348002B1C
:104780000EDB2749D1E790452BD0022E0AD0032E0D
:10479000C2D000200021012EC7D180210906C4E724
:1047A0002049C2E719481D49BFE718481C49D2E70C
:1047B0002A002300FBF766FFFDF7D0FEFDF760FC43
:1047C000C9E7144A144BFCF7D9FD02000B000F484F
:1047D0001249FCF7D3FDA8E7802424060B19190021
:1047E000A3E7022E06D0032E09D00848012E04D0DC
:1047F0000D499AE70D480E4997E70E4995E70B4892
:104800000D4992E70000F07F000010C0182D4454BD
:10481000FB2109C0075C143326A6A13CFB210940FB
:10482000FB21F93FFB21F9BFFB21E93FD221337F77
:104830007CD90240FB21E9BF7CD902C0F0B5C64655
:1048400000B543424E0003433C4A7608DB0F82B07A
:1048500004000D0088460700334393422BD896424C
:1048600064D0374B9E4236DD364B35009E423EDDEE
:10487000330002003100FBF7E9FB220006000F00C5
:104880002B0000202D49FCF779FD02000B003000C1
:104890003900FBF7F7FEFDF701FF00222A4BFCF77A
:1048A000FBFA424607000B00002A0EDA80221206AD
:1048B0009446634409E002000B00FCF75FFD0B0027
:1048C0000200FBF7DFFE07000B003800190002B002
:1048D00004BC9046F0BD1D4A1D4BFBF7B7FB0023FF
:1048E0000022FAF757FA2B000028EED135002200FB
:1048F0002B0020002900FBF7A9FB22002B0006005B
:104900000F00FCF7C9FA2200009001912B00002053
:104910000A49FCF733FD02000B0000980199FBF7F0
:10492000B1FE32003B00FBF791FBB4E7002300220D
:10493000FBF7A8FE07000B00C7E7C0460000F03FEA
:10494000FFFF2F3EFFFFDF3F0000E03F9C75008828
:104950003CE4377EF0B5484B4E0083B076089E426B
:1049600017DC464B9E421EDD454B9E4250DD454BBB
:104970009E4242DD444B9E4268DD444B9E4262D0E3
:10498000434A444B10001900FCF786FA04000D005E
:1049900005E002000B00FCF77FFA04000D00200088
:1049A000290003B0F0BDFDF7D9FD03F007FF3A4B36
:1049B000002200900191FBF749FB384B04000D00E9
:1049C0009E42ECDD0098019902000B00FCF764FAAE
:1049D00022002B0006000F0020002900FBF736FB09
:1049E00002000B0030003900FBF74CFE00222A4B7E
:1049F000FBF72CFB04000D00D1E7FDF7AFFD00F045
:104A000053F80022264BFCF747FA04000D00C6E7D6
:104A1000FDF7A4FD00F048F80022214B04000D0032
:104A2000FCF73AFA22002B0006000F0000201C4978
:104A3000FBF728FE02000B0030003900FBF706FBF5
:104A400004000D00ABE7174A904299D8FDF786FDA8
:104A50000022134BFCF720FA00F026F804000D00AA
:104A600000220F4BFCF718FA22002B00FCF714FA77
:104A700004000D0093E7C046FFFFEF7F422ED63FB4
:104A8000FFFF3540412E8640CD338640CE338640F1
:104A90009C7500883CE4377E0000F03FFFFF7F3CC0
:104AA0000000E03F7DF8B98FF0B5D64600B54B0069
:104AB0000E00CC0F954986B007005B088B420DD9DC
:104AC00093498B4200D882E03203120B024300D09C
:104AD0000BE1002C00D015E13100E9E08D4A934252
:104AE00000D9AEE08C4A934200D8E5E000239A4614
:104AF0003A00330038003100FCF7CEF904000D0015
:104B0000864A874BFCF7C8F9864A874BFCF736FC88
:104B100022002B00FCF7C0F9844A854BFBF796FA7C
:104B200022002B00FCF7B8F9824A834BFCF726FCE5
:104B300022002B00FCF7B0F9804A814BFBF786FA84
:104B400022002B00FCF7A8F902000B00380031000E
:104B5000FCF714FC009001910B00020031003800BA
:104B6000FCF79AF9534604000D00002B00D188E0B1
:104B7000009A019B80210020C905FCF7FFFB020081
:104B80000B0020002900FBF77DFD02000B000498BC
:104B90000599FCF7F3FB029A039BFCF7EFFB0B0074
:104BA000020068490020FCF7E9FB674B06000F0094
:104BB0009A4500DB93E0FA239B0053441B055D18E4
:104BC000B823290000225B04FCF766F970E05F4A15
:104BD0005F4B3100FAF7DEF8002800D08BE05D4A29
:104BE0005D4B38003100FAF7C1F8002800D089E0A9
:104BF0005A4BE4001C195A4A5A4B38003100FCF752
:104C00004BF922686368FBF721FAFCF71BFF824629
:104C1000FCF74EFF544A554B04000D00FCF73CF9DD
:104C200002000B0038003100FCF7A8FB504A02904C
:104C30000391504B20002900FCF72EF904900591B8
:104C400016E04D4A9342D3D84C4BE5005B191A68E5
:104C50005B683100FCF792FB494B029003915B19B2
:104C60001A685B680492059301231B1B1B1B9A4661
:104C7000049A059B02980399FCF780FB07000E003D
:104C800036E78023009801990022DB05FCF776FBCC
:104C900002000B0020002900FBF7F4FC3A0033006F
:104CA000FCF76CFB02000B0000202649FCF766FBBA
:104CB00006B004BC9246F0BD324A334B3100FBF7DC
:104CC000C5F900221F4BFAF765F8002800D10DE75F
:104CD00000221C4B38003100FBF7B8F9E8E75146D9
:104CE0000805C31919003000E2E702003300310063
:104CF000FBF7ACF9DCE7234A234B10001900FCF763
:104D0000CBF8D5E700200021D2E7C046412E8640EF
:104D1000FFFFEF7F422ED63FFFFF2F3ED0A4BE7293
:104D20006937663EF16BD2C541BDBB3E2CDE25AF77
:104D30006A56113F93BDBE166CC1663F3E55555530
:104D40005555C53F0000F03F03FCFFFFEF39FAFE69
:104D5000422E864051302DD5104987C0D899020087
:104D6000FE822B654715F73F0000E0FE422EE63F2E
:104D7000763C7935EF39EA3DB1A2F03FE89902007F
:104D8000F89902009C7500883CE4377EF0B55746E0
:104D90004546DE464E465C006408E0B5250083B01B
:104DA00092469446154322D09B4E4D006D08B54265
:104DB0001DDC56421643994FF60F2643BE4216D8C5
:104DC000CE0FF60783460700B146A54220DC060059
:104DD0008846A54213DB904211D319D14B46DA0F16
:104DE0008F4BD2009B181E685B68984607E0FCF763
:104DF00053F802000B00FBF745FC06008846300024
:104E0000414603B03CBC90469946A246AB46F0BD35
:104E1000844EB54245DD2E15B346834EB0465E4600
:104E2000464401967F4EB44200DDA5E0002C00D040
:104E3000BDE05646002E00DCE7E07C4EB046012681
:104E40007642B34656467600D844B246002EF6DC8B
:104E5000774EB246019E564500DA7EE08025090372
:104E6000090B6D030D437249884568DB80241B03E1
:104E70001B0B64032343424601998E1A6246E91ACA
:104E8000B81A002E2DD0674592415242891A19D482
:104E90000A0002431CD04900C50F4D194700013ECE
:104EA000ECE7002D76D15E46002E00DCB0E05F4ED0
:104EB0000196019E013E01965E467600B346002EA5
:104EC000F7DCAFE7FA0F6D00AD187F00013ED5E7C4
:104ED0004B46D90F524BC9005B181E685B68984659
:104EE0008DE767459B415B42C91A01D5380029000F
:104EF0000B000343ECD04B4B1A00994209DCC30F63
:104F00004900C91801235B429C464000E04491429D
:104F1000F5DD474B98455FDA42469B1A142B67DC58
:104F200002000C004348DA404044194184404B469B
:104F300020000B43994610430600C8465FE74346EE
:104F4000C91A1F291EDC10003A4B8C404344D8403C
:104F50008A400300944623438DE75146019E8F1BF0
:104F60001F2F32DCB24606003249BD405144CE40CC
:104F7000B8403543070076E72615B0462A4EB246BC
:104F8000D04465E741462C4B5B1A9A40130000223F
:104F9000944670E7EE02B046254E0196019E013E12
:104FA000019646467600B046002EF7DC3AE7E60268
:104FB000B2461F4EB04601267642B34656467600AC
:104FC000D844B246002EF6DC42E7019D1A4900277C
:104FD000491B8840050046E7184B194C9C464B4638
:104FE00044446144240519430C430600A04606E7E7
:104FF0001F2B05DCD8400F4B4344994008439BE7E7
:105000000D4B9B1A1941080096E7084EB0461FE762
:10501000064E019606E7C046FFFFEF7F0000F07FD7
:10502000089A0200FFFF0F0001FCFFFFEDFBFFFFEE
:1050300002FCFFFF1E040000E2FBFFFF0000F0FF88
:10504000FF030000F0B5D6464F464646C0B5CA4AF3
:1050500086B00B00914200DDCCE04A0052080243CA
:1050600000D1D6E0002900DAE6E0C44B0022FBF7CD
:1050700013FF3625C24C0B006D42A34200DDBEE09B
:105080001A15C04C1B031B0B9846A4468024BE4B2C
:10509000640343442340BD4C624452195C4045467E
:1050A0001B1599462543B94B290091440022FCF772
:1050B00065F9434602331B0306000F001B0B002259
:1050C000022B00DCACE08023DB05FAF7BFFF020017
:1050D0000B0030003900FBF7D5FA040048460D00FC
:1050E000FCF7E6FC2200009001912B002000290033
:1050F00004940595FBF7D0FE0D000400A44922009E
:1051000041442B008A462000290002940395FBF7B6
:10511000C3FE04000D009F4A9F4BFBF7BDFE9F4A54
:105120009F4BFAF793FF22002B00FBF7B5FE9D4A39
:105130009D4BFAF78BFF22002B00FBF7ADFE9B4A3D
:105140009B4BFAF783FF029A039BFBF7A5FE994A54
:1051500002900391984B20002900FBF79DFE974A8F
:10516000974BFAF773FF22002B00FBF795FE954A49
:10517000954BFAF76BFF22002B00FBF78DFE0B001F
:10518000020002980399FAF761FF0D0041468F4B28
:1051900004005B1A51460B43002B00DC95E0002213
:1051A0008B4B30003900FBF777FE32003B00FBF7FA
:1051B00073FE0A000100130002910392020029000D
:1051C0002000FAF743FF049A059BFBF765FE4B4668
:1051D00004000D00002B00D08DE002000B000298AF
:1051E0000399FCF7CBF802000B0030003900FCF704
:1051F000C5F808E0624C0025A34200DC40E702004D
:105200000B00FAF723FF06B01CBC90469946A24655
:10521000F0BD0022002300206E49FBF733FAF2E7CD
:105220000023F9F79DFD00280ED04B46002B00D03F
:1052300084E000200021E6E70200FCF79FF800224E
:105240000023FBF71FFADEE7634A644B30003900A6
:10525000FBF722FE02000B0000205D49FCF78EF8F0
:10526000320004000D003B0030003900FBF714FE53
:105270000B00020029002000FBF70EFE4B46040045
:105280000D00002B30D04846FCF712FC0090019135
:10529000534A544BFBF700FE534A02900391009887
:1052A0000199524BFBF7F8FD02000B00200029008A
:1052B000FCF764F832003B00FCF760F802000B00DA
:1052C00002980399FCF75AF89DE722002B00300062
:1052D0003900FCF753F8049A059BFBF7DDFD4B46BC
:1052E00004000D00002B41D122002B0030003900BA
:1052F000FCF744F887E73A4A3A4B00980199FBF7E4
:10530000CBFD394A0490059100980199374BFBF782
:10531000C3FD22002B00FAF799FE02000B00029851
:105320000399FCF72BF832003B00FCF727F802004A
:105330000B0004980599FCF721F864E74846FCF750
:10534000B7FB274A274B04000D00FBF7A5FD264AB3
:1053500006000F00254B20002900FBF79DFD0200F1
:105360000B0030003900FAF771FE4CE71C4A1D4B68
:10537000009801998EE7C046FFFF0F0000005043E0
:10538000FFFFEF7F01FCFFFF645F09000000F03FBB
:1053900086EBF9FF44523EDF12F1C23FDE03CB96AB
:1053A0006446C73F599322942449D23F935555559B
:1053B0005555E53F9FC678D0099AC33FAF788E1DFB
:1053C000C571CC3F04FA97999999D93F51B8060015
:1053D0000000E03F000050C3555555555555D53F89
:1053E0000000E0FE422EE63F763C7935EF39EA3D9B
:1053F000F0B5CE46474680B53A4A83B004000D006A
:105400000B0091421CDC4A00520802435AD000298A
:105410005FDB0022344BFBF73FFD0D000B00362114
:10542000324A0400494293420EDD22002B00200044
:105430002900FAF70BFE03B00CBC90469946F0BD6C
:105440002A4A00219342F0DC294A18159446604408
:105450004018C20F91461B031B0B48449846FCF7AB
:1054600027FB4A46234B06009B1A42461B051A435C
:105470000F0020001100FFF7E5FD1F4A04000D009A
:105480001E4B30003900FBF707FD1D4A00900191CB
:105490001C4B20002900FBF7FFFC02000B000098CA
:1054A0000199FAF7D3FD184A04000D00174B30009C
:1054B0003900FBF7F1FC02000B0020002900FAF78D
:1054C000C5FDB8E70022002300201149FBF7DAF8F8
:1054D000B1E70200FBF752FF00220023FBF7D2F8EE
:1054E000A9E7C046FFFF0F0000005043FFFFEF7F1A
:1054F00001FCFFFFFF030000362BF111F3FE593DC5
:105500000EE526157BCBDB3F00609F501344D33F55
:10551000000050C3F0B55746DE464E4645465C0097
:105520006408E0B598461F00230093B083468A467E
:10553000160013430CD07D4B4D00029181466D083F
:105540009D4212DD7A4B9C465B4665441D4361D10A
:105550000023784C009301940098019913B03CBC4F
:1055600090469946A246AB46F0BD9D4250D09C4223
:10557000E8DC6E4B9C426BD0002304935346002B17
:1055800069DB002A10D1694B9C424CD0694B9C428C
:1055900000D1A3E08023DB05984500D1BCE0664B39
:1055A000984501D100F0D6FB58465146FCF7D6FF8E
:1055B0004B4600900191002B07D1002D67D0534638
:1055C0005C4A9B009B08934261D05346DB0F013B32
:1055D00099464A46049B134300D190E0574B9C42A6
:1055E00000DCBBE0564B9C4201DC00F010FC554B4C
:1055F0009D4201DC00F004FC4346002B23DD524AAF
:10560000524B10001900FBF747FC00900191A3E7F3
:10561000002805D04E4803F005FB009001919BE760
:10562000AC42F7DCA5E75A46414BEB18134300D1D7
:105630008EE7444B9D4200DC99E343460096019778
:10564000002B00DB88E7002300240093019483E70C
:10565000002A91D076E73F4B9C423CDC394B9C4280
:105660008FDD3D4923158C466344142B00DCB2E3E7
:105670003421CB1A3100D94008009840904200D024
:105680007FE70123194001335B1A049379E743460E
:10569000002B07DA009A019B00202649FAF7F2FF57
:1056A00000900191029B002B00DB55E7204B9C46AC
:1056B000049B65441D4301D100F00EFC049B012BAB
:1056C00000D049E7009C019D8021220009066B184B
:1056D0000092019340E70223049352E75846514653
:1056E000434600900191002B00DB35E75A465346B4
:1056F00000201049FAF7C6FF009001912CE75A46A6
:10570000534658465146FBF739FE02000B00FAF7A4
:10571000B9FF009001911FE75A465346584651463B
:10572000FBF7BAFB0090019116E7C0460000F07F3E
:10573000000010C00000F03F0000E03F0000E0412A
:105740000000F043FFFFEF3F9C7500883CE4377E8C
:105750006CA30200FFFF3F4301FCFFFFE44B00226C
:105760009D420ADC009801990022E24BFBF794FB72
:1057700035220D00009001915242DF492B158C46D5
:10578000634498462D03DD4CDD4B2D0B90442C4398
:105790009D420ADDDB4B9D4201DC00F001FC012350
:1057A0009C46D94BE0449C466444002200230E9260
:1057B0000F931092119300220025D04B069207936D
:1057C00000980199069A079B210008900991FBF720
:1057D000D5FD069A079B0A900B9108980999FAF74C
:1057E00035FC02000B000020C449FAF74BFF0A0009
:1057F000010013000C910D9202000A980B99FBF71F
:105800004BFB0A0001001300029103920022009258
:105810000193802364109B05234380242403A44622
:1058200000206344591904000D0002000B00009889
:105830000199FBF731FB02000B000A980B99FBF76B
:105840009DFD069A079B0A900B9120002900FBF70B
:1058500095FD02000B0008980999FBF78FFD009A4F
:10586000019BFBF719FB02000B000A980B99FBF751
:1058700085FD0C9A0D9BFBF70FFB029C039D089086
:10588000099122002B0020002900FBF705FB0400F2
:105890000D009E4A9E4BFBF7FFFA9E4A9E4BFAF77D
:1058A000D5FB22002B00FBF7F7FA9C4A9C4BFAF73A
:1058B000CDFB22002B00FBF7EFFA9A4A9A4BFAF73E
:1058C000C5FB22002B00FBF7E7FA984A984BFAF742
:1058D000BDFB22002B00FBF7DFFA964A964BFAF746
:1058E000B5FB2200069007912B0020002900FBF752
:1058F000D3FA02000B0006980799FBF7CDFA009A3D
:10590000019B04000D0002980399FAF79FFB089A87
:10591000099BFBF7C1FA22002B00FAF797FB009CCA
:10592000019D0A900B9122002B0020002900FBF71B
:10593000B3FA0022814B04000D00FAF787FB0A9AA4
:105940000B9BFAF783FB00220B0011001A00069153
:1059500007920A0000980199FBF79EFA00220C902A
:105960000D9106980799754BFBF708FD22002B0057
:10597000FBF704FD02000B000A980B99FBF7FEFCF5
:10598000029A039BFBF788FA069A079B04000D0016
:1059900008980999FBF780FA02000B002000290003
:1059A000FAF754FB04000D0002000B000C980D994F
:1059B000FAF74CFB00221000E022614B1206009027
:1059C0000191FBF769FA0C9A0D9B029003910098E4
:1059D0000199FBF7D3FC02000B0020002900FBF724
:1059E000CDFC584A564BFBF757FA574A04000D00B6
:1059F00000980199554BFBF74FFA02000B0020006D
:105A00002900FAF723FB109A119BFAF71FFB069067
:105A100007914046FCF74CF8069A079B04000D00DE
:105A200002980399FAF712FB0E9A0F9BFAF70EFBF6
:105A300022002B00FAF70AFB002022002B00009026
:105A40000191FBF79BFC0E9A0F9BFBF797FC029AC8
:105A5000039BFBF793FC02000B0006980799FBF7EA
:105A60008DFC069007914A46049B013B134300D1ED
:105A700088E10023214C0293039400223B00300074
:105A800039001400FBF77AFC009A019BFBF704FA3B
:105A900032003B000490059106980799FBF7FCF94A
:105AA00002000B0004980599FAF7D0FA3D000600B1
:105AB0000F000098019922002B0004960597FBF730
:105AC000EBF902000B003000390000920193FAF765
:105AD000BDFA1F4B04000D008B460200994200DC0A
:105AE00055E11C4BCB18034300D0FBE134E0C0462A
:105AF000FFFF0F000000404301FCFFFF0000F03FEC
:105B00008E98030079B60B000000F0FFEF4E454A77
:105B1000287ECA3F65DBC9934A86CD3F01411DA956
:105B20006074D13F4D268F515555D53FFFAB6FDB8C
:105B3000B66DDB3F033333333333E33F00000840BC
:105B400009C7EE3FFD033ADCF5015B14E02F3EBED2
:105B5000FFFF8F40000070BF04980599E84AE94BA9
:105B6000FAF774FA009A019B06000F002000290042
:105B7000FBF704FC02000B0030003900F9F70AF9CA
:105B8000AA46002800D0ADE18024DF4A534694465F
:105B9000640322001B1563441A411300DB495B4474
:105BA0005A001E001B038C461B0B23431424520D6A
:105BB000D74D62441541A21A134199465B46AE4344
:105BC00000203100002B02DA4B465B42994602006E
:105BD0000B0000980199FBF7D1FB4B461B05009089
:105BE0000191020098460B0004980599FAF72EFAE5
:105BF0000D0000240022C74B20002900FBF74CF9C0
:105C0000009A019B0690079120002900FBF7B6FB44
:105C100002000B0004980599FBF7B0FBBE4ABF4B8E
:105C2000FBF73AF9BE4A06000F00BE4B20002900E0
:105C3000FBF732F902000B0030003900FAF706FAE0
:105C400004000D0002000B0006980799FAF7FEF910
:105C5000069A079B06000F00FBF790FB02000B0063
:105C600020002900FBF78AFB3200009001913B00E5
:105C700030003900FBF710F904000D00AA4AAB4BC5
:105C8000FBF70AF9AA4AAB4BFBF778FB22002B0083
:105C9000FBF702F9A84AA94BFAF7D8F922002B0022
:105CA000FBF7FAF8A64AA74BFBF768FB22002B008C
:105CB000FBF7F2F8A44AA54BFAF7C8F922002B002B
:105CC000FBF7EAF802000B0030003900FBF756FB47
:105CD00004000D0002000B0030003900FBF7DCF877
:105CE0008023049005910022DB0520002900FBF7AA
:105CF00045FB02000B0004980599FAF7C3FC009AD3
:105D0000019B04000D0030003900FBF7C5F8009A34
:105D1000019BFAF79BF902000B0020002900FBF71A
:105D20002DFB32003B00FBF729FB02000B0000209B
:105D30008749FBF723FB43465B181A15002A00DC52
:105D40003FE11900029A039BFBF7A6F8009001912E
:105D5000FFF702FC5346002B01DAFFF725FC5846FB
:105D6000514600F01BFC00900191FFF7F5FB434604
:105D7000002B00DB67E480231B06FB1800960193D1
:105D8000FFF7EAFB0023734C0293039475E64B0084
:105D90005B089A46704B9A4500DCF9E06F4B5B4418
:105DA0001A430AD1009A019BFBF7E8FA049A059B73
:105DB000F8F7FAFF002800D1E6E602980399684A4E
:105DC000684BFBF769F8664A664BFBF765F800908D
:105DD0000191FFF7C1FB002A01D0FFF7E5FB143268
:105DE000D31A22001A4111009940A14201D0FFF7B5
:105DF000CDFB01231A40DB189B1A0493FFF7C6FB67
:105E00004346002B01DBFFF71EFCFFF7F8FB564B68
:105E10009D42F5DD4E4B9D4201DDFFF7EDFB009805
:105E2000019900224A4BFBF7A9FAC0224F4BD20539
:105E300004000D00FBF730F84D4A029003914D4BE2
:105E400020002900FBF728F80022009001914A4B1E
:105E500020002900FBF720F802000B0047484849C2
:105E6000FBF78CFA22002B00FBF716F802000B0060
:105E700000204449FBF782FA2200069007912B008C
:105E800020002900FBF708F802000B00069807998C
:105E9000FBF702F81A4A354BFAF7FEFF02000B0037
:105EA00000980199FBF76AFA02000B0004000D004C
:105EB00002980399FAF7CAF8029A039B002000900F
:105EC0000191FBF75BFA02000B0020002900FBF7B1
:105ED00055FA06900791C6E50098019902000B005B
:105EE000FFF711FC284A294B02980399FAF7D4FFCF
:105EF000254A264BFAF7D0FF00900191FFF72CFBC3
:105F0000FE822B654715973C02FCFFFF01FCFFFF5B
:105F1000FFFF0F00432EE63FEF39FAFE422EE63F29
:105F2000396CA80C615C20BED0A4BE726937663E95
:105F3000F16BD2C541BDBB3E2CDE25AF6A56113F89
:105F400093BDBE166CC1663F3E5555555555C53F70
:105F50000000F03F0000F0BFFFCB904000346F3FE7
:105F600059F3F8C21F6EA501FEFFEF3F4715F73F3B
:105F700044DF5DF80BAE543E0000D03F55555555FB
:105F80005555D53F0000E03F9C7500883CE4377EC6
:105F900000220E4B904691469A4500DC29E6F3E537
:105FA00080220B4BD2050E920F930A4A0A4B802592
:105FB000109211930022094BED0206920793FFF70E
:105FC000FFFB4A4602F0C4FEBCE6C0460000E03FCC
:105FD00003B8E23F06D0CF43EBFD4C3E0000F83F54
:105FE000F0B54E464546DE465746E0B5E14B4C001F
:105FF0008FB09046894664089C4200DC87E0DE4B07
:106000009C4222DCDD4A002900DC92E0DC4BFBF7FD
:10601000B5F9DB4B06000F009C4200D17EE1D94A66
:10602000D94BFBF7ABF902000B00414630000A6088
:106030004B603900FBF7A2F9D34BD24AFBF79EF92C
:10604000434601259860D9606BE0D04B9C4200DC50
:106050008FE0CF4B9C4200DD55E1CE4A231592469E
:106060009A4451460905631A19001D000400FBF704
:10607000E9FCFBF71DFD02000B002000290008923F
:106080000993FBF77BF90022C34BFAF705FF0F00DA
:106090000600FBF7D7FCFBF70BFD04000D00020028
:1060A0000B00300039000A940B95FBF767F90022CA
:1060B000B94BFAF7F1FE002200230C900D91F8F78E
:1060C0004FFE002800D192E1002300222000290089
:1060D000F8F746FE434243410133B04A414601923C
:1060E000022208A80092524600F0C6FF4B46050067
:1060F000002B16DA802243461206944642465B681D
:10610000454263445360D3686344D36009E00B00A5
:10611000020041460A604B600022002300258A608D
:10612000CB6028000FB03CBC90469946A246AB46D7
:10613000F0BD934BF9F78AFF914B06000F009C428C
:1061400000D13DE18F4A904BF9F780FF02000B0030
:10615000414630000A604B603900FBF70FF9894A6D
:10616000894BF9F773FF012543466D429860D9606A
:10617000D7E7FCF7F3F98A4A8A4B06000F00FAF7D3
:106180008BFE0022884BF9F761FFFBF75BFC0500F3
:10619000FBF78EFC794A7A4B04900591FAF77CFE66
:1061A00002000B0030003900FBF7E8F8754A0600E2
:1061B0000F0004980599744BFAF76EFE0290039154
:1061C0001F2D00DCC7E0029A039B30003900FBF76B
:1061D000D5F883468A4653465B0024155B0DE31AC7
:1061E000102B6CDD04980599D322674B5205FAF702
:1061F00053FE02000B003000390002920393FBF7BC
:10620000BDF80A0001001300069107920200390050
:106210003000FBF7B3F8029A039BFBF7AFF80600D8
:106220000F0004980599614A614BFAF735FE320078
:106230003B00FBF7A3F8069E079F0B000200390006
:10624000300002920393FBF799F84B005B0D8346F5
:106250008A46E41A312C32DD04980599B822544B51
:106260009205FAF719FE03000C0002000293039452
:106270000B0006980799FBF781F802000B00060057
:106280000F0006980799FBF779F8029A039BFBF732
:1062900075F8484A0290039104980599464BFAF71D
:1062A000FBFD029A039BFBF769F802000B0030002C
:1062B000390002920393FBF761F883468A465A46F7
:1062C0005346414630000A604B603900FBF756F8F0
:1062D000029A039BFBF752F844460B000200A260AF
:1062E000E3604B46002B00DB1BE75B46236080230B
:1062F0001B065344636080231B069C466144A060D8
:10630000E1606D420DE70B000200FBF737F84346F2
:1063100000259860D9601860596002E7D3221A4BB3
:106320005205FBF72BF8214A214B0D000400FBF727
:1063300025F802000B00414620000A604B6029004E
:10634000FBF71CF81A4B194AFBF718F843460125CE
:106350009860D960E5E602000B0030003900FBF7D9
:106360000DF86B1E154A9B009B5883468A46A34234
:10637000A5D130E7FB21E93F7BD902400000405422
:10638000FB21F93F3163621A61B4D03DFB213941F1
:10639000FFFFEF7FEAFBFFFF0000704184B90200BE
:1063A00083C8C96D305FE43F0000E03F7370032E87
:1063B0008A19A33BC14920259A837B3904B902007D
:1063C000D3220C4B5205F9F741FE0B4A0B4B04004C
:1063D0000D00F9F73BFE02000B00414620000A6069
:1063E0004B602900FAF7CAFF034A044BB9E60323BE
:1063F00073E6C04661B4D03D7370032E8A19A33B87
:10640000F0B5594B4C0085B007000E0064089C4263
:1064100049DC00295FDB0022544B00920193544B6E
:106420009C4248DC534B9C425ADC534A534B380045
:106430003100F9F70BFE524B0022F8F7ABFC3100AC
:1064400003003800002B34D138003100FCF786F807
:1064500002F0B4F906000F0032003B0030003900B2
:10646000F9F7F4FD320004000D003B003000390064
:10647000FAF712FD002202900391414B30003900DF
:10648000F9F7E4FD02000B0002980399FAF7FAF815
:1064900002000B0020002900FAF770FF009A019B10
:1064A000FAF7FAFC05E002000B0038003100F9F7BA
:1064B000CDFD05B0F0BD334B9C422FDD324B9C42ED
:1064C0003ADD324B9C4234D02B4A2C4B3800310001
:1064D000FAF7E2FCEDE700222D4B009201939EE7D4
:1064E00038003100FCF73AF802F068F9294B060051
:1064F0000F009C42B0DD0022214BF9F7A7FD0200FE
:106500000B0030003900FAF7BDF832003B00F9F714
:106510009DFD009A019BFAF7BFFCCAE738003100E5
:10652000FCF71CF8FEF7C0FA009A019BFAF7B4FCDE
:10653000BFE7194A9742C7D838003100FCF70EF878
:1065400000220A4BFAF7A8FCFEF7AEFA06000F008D
:1065500002000B0000980199FAF79EFC32003B0004
:10656000FAF79AFCA5E7C046FFFFEF7F0000E03F87
:10657000FFFF3540FFFF2F3E3374AC3C1F7BAC7FE9
:106580000000F03F412E8640CD338640CE3386401A
:106590000000E0BFFFFFEF3F7DF8B98FF8B5474639
:1065A000CE46674B80B50A000F0019000500394040
:1065B000994200D19BE004000100002F69DD3F15E6
:1065C00000D1B4E05F4B12039C468023120B5B03A7
:1065D00013435B00CA0F67449B184A00F80703D5B2
:1065E000D20F5B009B188A0079108C460021802016
:1065F0001624894680030D189D4202DC29185B1B76
:106600008144D50F5B00013C5B1952004008002C0F
:10661000F1D100208046802020250027000609E0D7
:106620008B425CD0D40F5B00013DE3185200400860
:10663000002D16D0C4198B42F2DD27180E00002C55
:1066400049DB5B1AA242894149425B1A121BD40FF3
:106650005B00013D80443100E31852004008002DEA
:10666000E8D113434ED143465B0837494A46884632
:10667000494652104244C90702D5802109060B43FE
:1066800061460F05BD18180029000CBC90469946BC
:10669000F8BD7B005B0803433900002BF5D0002FC9
:1066A0003CD1E30A153A6405002BFAD08020400360
:1066B00003423FD1002700E00F005B00791C03423A
:1066C000FAD0250020208D40401A2900D71B220037
:1066D000C2401A4376E7FE43F60F8E19B1E79442A3
:1066E000A0D82718002CF6DB1E000023AEE702001E
:1066F0003B0028003900FAF7CFFB2A003B00F9F7EE
:10670000A5FCC2E74346013303D0434601335B088F
:10671000ABE7012398460023C144A6E73B000200F3
:10672000FAF72CFE02000B00F9F7ACFFADE71300FF
:106730000022BBE70127210020207F42C6E7C04698
:106740000000F07F01FCFFFF0000E03FF8B5DE46EF
:1067500057464E4645460300E0B5420044D0002867
:106760004DDB8E4A904251DC8D4A0021904206DC7E
:106770009821C905F9F7B4F8192103004942DA153F
:106780005B025C0A874B7F3AE01880231B040340BE
:10679000FE205218FE2180055840DD152043890552
:1067A000AD18F9F7CFF923000F335B02061C5B0A23
:1067B0000F2B2FDC0021F8F70DFB002800D19EE005
:1067C0000020002D15D02800F9F7B6FB7649041CEF
:1067D000F9F786F87549051C201CF9F781F8011CAA
:1067E000281CF8F70BFD04E0CC2000210006F8F788
:1067F0009FFE3CBC90469946A246AB46F8BD011CA4
:10680000F9F7A0F90021F8F793FEF2E7011CF8F779
:10681000F5FCEEE78021C905F8F7F0FC011C301CFF
:10682000F8F786FE80462800F9F786FB4146814648
:106830004046F9F755F85E4B011C9A468346F9F736
:106840004FF85C49071CF9F74BF85B49F8F7D6FCA1
:10685000391CF9F745F85949F8F7D0FC391CF9F714
:106860003FF85749F8F7CAFC5946F9F739F855493E
:106870008346381CF9F734F85349F8F7BFFC391C44
:10688000F9F72EF85149F8F7B9FC391CF9F728F84F
:10689000011C5846F8F7B2FC4D4BA2441C1B534652
:1068A000071C1C43002C65DDFC21301C8905F9F711
:1068B00017F8311CF9F714F8011C041C381CF8F700
:1068C0009DFC4146F9F70CF8071C002D44D03649D1
:1068D0004846F9F705F83549051C4846F9F700F828
:1068E000391CF8F78BFC011C201CF9F72BF9311C23
:1068F000F9F728F9011C281CF9F724F979E735493B
:10690000301CF8F7EDFF011CFC208005F9F71AF99F
:10691000311C041C301CF8F7E3FF011C201CF8F7A5
:10692000DFFF041C002D20D02800F9F705FB1E49CD
:10693000051CF8F7D5FF1D49071C281CF8F7D0FFE8
:10694000011C201CF9F7FEF8311CF9F7FBF8011CBB
:10695000381CF9F7F7F84CE7011C201CF9F7F2F89E
:10696000011C301CF9F7EEF843E7211C301CF9F745
:10697000E9F83EE7011C301CF9F7E4F84146F8F766
:10698000AFFF041C002DF0D007494846F8F7A8FFD8
:106990000649051C4846F8F7A3FFA4E7FFFF7F7FE1
:1069A000FFFF7F0020FB4A008071313FD1F717378E
:1069B000305CCFFF9788173E25333A3E2549923EFB
:1069C000ABAA2A3F4FD01C3E298E633ECDCCCC3E95
:1069D00088C23500ABAAAA3E70B50300420037D08A
:1069E00000283BDB234A90423FDC234900228842B7
:1069F00006DC9821C905F8F773FF192203005242FB
:106A0000D8157F388018C60F5B0280195C0AF9F729
:106A100093FA051C7F20801BC0052043FFF796FEDC
:106A20001649061C281CF8F75BFF1549041C301C8E
:106A3000F8F756FF011C201CF8F7E0FB1149041C75
:106A4000281CF8F74DFF011C201CF8F7D7FB04E0C9
:106A5000CC2000210006F8F76BFD70BD011CF9F792
:106A600071F80021F8F764FDF7E7011CF8F7C6FBA1
:106A7000F3E7C046FFFF7F7FFFFF7F00DB27543532
:106A8000D95BDE3E80209A3EF0B557464E46DE4644
:106A90004546E0B5B04B470089B00C0006007F08C2
:106AA0009F426EDDAD4B9F421ADC0F23AC499F43E2
:106AB000002800DC71E0F9F745F8AA4B061C9F425C
:106AC00000D114E1A849F9F73DF8011C2060301C01
:106AD000F9F738F8A449F9F735F80125606054E072
:106AE000A24B9F426FDDA24B9F4200DDF8E0862261
:106AF00052429146FB1599444B46DD057D1B281CEF
:106B0000F9F7FAF9F9F718FA011C0590281CF9F7BA
:106B100019F88721C905F8F7E3FE8046F9F7ECF983
:106B2000F9F70AFA011C0690051C4046F9F70AF825
:106B30008721C905F8F7D4FE00210790F8F74AF934
:106B4000002800D105E10021281CF8F743F9434251
:106B500043410133874A21000192022205A8009295
:106B60004A4601F031FA0500002E0EDA80221206A4
:106B700094462368454263442360636863446360CA
:106B800003E00023002508604B60280009B03CBCEE
:106B900090469946A246AB46F0BDF8F72FFB714BE5
:106BA000061C9F4200D1C1E06F49F8F727FB011C8A
:106BB0002060301CF8F7C6FF6B49F8F71FFB012572
:106BC00060606D42E1E702F02BF96B498046F8F70F
:106BD00087FEFC218905F8F711FBF9F78DF905000F
:106BE000F9F7AAF95E498146F8F77AFE011C40469A
:106BF000F8F7A8FF5C4980464846F8F771FE8246E0
:106C0000011C40461F2D00DC83E0F8F79BFF834604
:106C10005B46FF22DB0DFF151340FB1A082B47DDF7
:106C200056494846F8F75CFE8246011C4046F8F794
:106C300089FF8346011C03904046F8F783FF5146C5
:106C4000F8F780FF80464E494846F8F749FE41462E
:106C5000F8F778FF011C82465846F8F773FFFF22C9
:106C6000C30D1340D846FB1A8346192B20DD454936
:106C70004846F8F735FE039B071C011C181C9A4672
:106C8000F8F760FF011C80465046F8F75BFF391C9F
:106C9000F8F758FF3C49071C4846F8F721FE391C15
:106CA000F8F750FF011C82464046F8F74BFF834639
:106CB0005B46594623604046F8F744FF5146F8F7D3
:106CC00041FF6060002E00DB5FE780231B065B4412
:106CD000236080231B069C46604460606D4254E73D
:106CE000011CF8F72FFF0025606020604DE7234965
:106CF000F8F728FF2249051CF8F724FF011C206043
:106D0000281CF8F71FFF1E49F8F71CFF01256060DB
:106D10003BE7F8F717FFFF233A001C499A436B1E25
:106D20009B005B5883469A42C2D171E71349F8F73A
:106D300065FA1349051CF8F761FA011C2060281C4C
:106D4000F8F700FF0E49F8F759FA012560606D4227
:106D50001BE70323FEE6C046D80F493FE3CB1640AE
:106D6000800FC93FD00FC93F43443537800F494397
:106D7000FFFF7F7F0CBB020084F9223F00443537C0
:106D800008A3852E00A3852E32318D248CBA0200F3
:106D90002A49430070B50200041C5B088B423BD8B3
:106DA000002B38D000283EDB2549C6158B420BD876
:106DB0008020000420423DD1002300E00B0052005F
:106DC000591C0242FAD0F61A802352021B04520ABE
:106DD0001A437F3E5300F10700D5930080227010C4
:106DE0001921002600255204AC189C4202DCA5188B
:106DF0001B1BB61801395B0052080029F4D1002B87
:106E000002D0012301369E43FC239B059C4676104D
:106E10006644C005801970BD011CF8F761FD211C96
:106E2000F8F7ECF9F7E7011CF8F78CFE011CF8F70E
:106E30007FFBF0E701235B42C5E7C046FFFF7F7F92
:106E4000FFFF7F00F0B54746CE4680B587B0009281
:106E50000193754B4F00814688467F089F4263DC53
:106E6000FAF7F0FD002800D1D4E04A4643464846F0
:106E70004146FAF711F804000D006C4A6C4BFAF722
:106E80000BF86C4A6C4BF9F7E1F822002B00FAF78B
:106E900003F86A4A6A4BFAF771FA22002B00F9F7F5
:106EA000FBFF684A684BF9F7D1F822002B00F9F78D
:106EB000F3FF664A664BFAF761FA22002B00F9F7F6
:106EC000EBFF644A644BF9F7C1F822002B00F9F795
:106ED000E3FF029003910022604B20002900F9F7A4
:106EE000DBFF029A039B06000F0020002900F9F740
:106EF000D3FF009A019B04000D0048464146F9F774
:106F0000CBFF02000B0020002900FAF737FA02003D
:106F10000B0030003900FAF731FA02000B000020B4
:106F20004F49FAF72BFA70E002000B00F9F7B4FFB3
:106F300004000D003D4A3E4BF9F7AEFF3D4A3E4B83
:106F4000F9F784F822002B00F9F7A6FF3B4A3C4BE7
:106F5000FAF714FA22002B00F9F79EFF394A3A4B50
:106F6000F9F774F822002B00F9F796FF374A384BEF
:106F7000FAF704FA22002B00F9F78EFF354A364B58
:106F8000F9F764F82B002200F9F786FF354B0290E1
:106F900003919F429FDD344B00229F423DDC3349E9
:106FA00000207B182E4916001F00FAF7E7F904901D
:106FB00005910022294B20002900F9F76DFF3200CE
:106FC0003B00FAF7DBF9029A039B06000F00200052
:106FD0002900F9F761FF009A019B04000D00484663
:106FE0004146F9F759FF02000B0020002900FAF78B
:106FF000C5F902000B0030003900FAF7BFF90200B2
:107000000B0004980599FAF7B9F907B00CBC904643
:107010009946F0BD00201249F7E7154B002604926F
:107020000593144FC5E7C046FFFF3F3ED43888BEE6
:10703000E9FAA8BDC4B1B4BD9EEE213EAD529C801C
:107040004F7E923E9015CB19A001FA3E7751C116A2
:107050006CC1563F4C5555555555A53F0000E03F76
:107060000000F03F3233D33F0000E93F0000E0FF73
:107070000000E73F0000D23FF0B5DE464E464546F1
:107080005746E0B5DC4CA5440D9114001900A49AB4
:107090000993DA4B9200D6584D1E03901821E01E3A
:1070A00006960295F7F760FDC3430100DB17194010
:1070B0004B1C9A009B1ADB001B190B9105934C1B70
:1070C000771918D4A59BA5009C463F1922AE6544AC
:1070D000013707E02868FAF7EBFC013403C60435F2
:1070E000BC4208D0002CF5DA00200021013403C690
:1070F0000435BC42F6D1069B002B01DA00F0FDFB03
:10710000069B03990133DB009A46099BDA009446FB
:1071100000920022914672AA0492B94A61449346B1
:1071200088469AAB63449B44029B002B00DABCE187
:107130005D4600260027039C4D442A686B6803CCFB
:10714000F9F7AAFE02000B0030003900F8F77EFFC5
:10715000083D06000F004445EFD1049B4B441E60E0
:107160005F6008239C46E144D145DDD10EA804218F
:107170008446494261448C46069A93009C44614689
:1071800084460A910399083B63448C460C93009B08
:10719000009263449B46009A0498D10003008C46F9
:1071A000634408911E685F68002A33DD9549804674
:1071B0008C466244D300984470AB9A460EAB994615
:1071C0000022914B30003900F9F766FEFAF73AFCDD
:1071D000FAF76EFC00228D4B04000D00F9F75CFEFF
:1071E00002000B0030003900FAF7C8F8FAF72AFC61
:1071F0004B4601C39946434620001A685B68290044
:10720000F8F724FF08235B429C46E04406000F0089
:10721000D045D5D1059B30001A003900984601F0C1
:1072200097FDFF2300229B0504000D00F9F734FEB3
:10723000FBF798F90022764BF9F72EFE02000B00BF
:1072400020002900FAF79AF80D000400FAF7FAFB7B
:107250008146FAF72DFC02000B0020002900FAF706
:107260008DF8060040460F00002800DCEEE0009B91
:1072700018215A1E92000EAB9B58091A1D000D4191
:10728000A9448D405D1B0EAB9D5017231B1A1D4159
:10729000002D2DDD01239C46009BE144002B00DCEA
:1072A0001CE20E9C0123002C00D0B5E0009A012ABC
:1072B00009D099000EAA54580133002C00D0ACE03C
:1072C000009A9A42F5D1059B002B0EDD012B00D1CF
:1072D000A8E1022B09D1009B0EA95A1E92000EAB09
:1072E0009B5807939B029B0A8B50022D00D1C1E053
:1072F0000023002230003900F7F732FD009B002800
:1073000000D194E2069A591E8A4210DC414A0A983A
:1073100094460EAA6344944600229B0063441C6872
:10732000043B22438342FAD1002A00D0C0E0069BEE
:107330000EAA013B9B00D358002B00D0B3E00122E2
:107340000C9B043B596801320029FAD0009B9C46F3
:107350006244110007921A0001338B4246DC0B98FD
:1073600063468046A59C4344A046099C9B00A146D9
:107370004A449844D30022AA9146049A99449446D8
:10738000089BA59A63448446614494469A468B00C0
:107390006344009343465868FAF78AFB4B461860EB
:1073A0005960029B002B24DB4D46039C00260027DE
:1073B00001E0286869680CCCF9F76EFD02000B004B
:1073C00030003900F8F742FE083D06000F005C452A
:1073D000EFD153469E60DF6004239C460433E044B3
:1073E0009C46009BE144E2449845D3D1079B00931F
:1073F000D1E600260027ECE794FDFFFF24BE020043
:1074000018FEFFFFFFFFFF1F0000703E00007041ED
:1074100000002040FFFFFF3F002180225204141B88
:107420000EAA5450009999420EDD0EA884469B0086
:107430000EAA8900D25861446344CF4800E01A681C
:10744000821A04C38B42FAD101243CE7059B002B2E
:1074500006D1009B0EAA013B9B00D558ED1517E7FE
:107460000022C64B3000F7F79FFC002800D024E133
:1074700000253DE732003B000020C149F9F77EFFBF
:1074800006000F00002C00D132E7059A0020BC490D
:1074900001F05EFC02000B0030003900F9F76EFFCE
:1074A00006000F0024E7012250E70026002754E6DB
:1074B0004B46059A079388468B000EA9CB58183A7D
:1074C00008950592002B0DD18C464146AD4B4344A7
:1074D0009B006344043B58680139183A0028F9D0EE
:1074E00088460592059A0020A54901F031FC4346E3
:1074F00004000D00002B00DA05E29E000EAB9C4656
:107500004346DB0066449C46059370AB9946049F56
:10751000674400973068FAF7CBFA22002B00F9F79E
:10752000BBFC002238607960974B20002900F9F7F6
:10753000B3FC083F04000D00043EB945EAD14AAB54
:1075400003939B4600239A46069B42469946434630
:107550000132029204934B46002B00DAAAE080200D
:107560008A4B009D9846C0058949002600270024C3
:1075700008E008239C460835E044544511DC4346A6
:10758000186859682A686B68F9F786FC02000B00D6
:1075900030003900F8F75AFD013406000F00A1450C
:1075A000E7DA5B46C0C39B4601239C46009BE2444E
:1075B000083B0093029B9A45CDD1049B9846A49B1F
:1075C000022B00DD8EE0002B37DC1FD1059B00274E
:1075D0001D00039B00249C461E006544083E2A684B
:1075E0006B6838002100F8F731FD083D07000C00FA
:1075F000AE42F4D1089B002B03D080231B069C468F
:1076000064443A0023000D990A604B600720079BF1
:1076100018409B239B009D443CBC90469946A24643
:10762000AB46F0BD009B0EA95A1E92000EAB9B58B4
:1076300007935B025B0A8B5057E64346002B00DA48
:1076400070E100200021DB004AAAD61848AF32685A
:107650007368083EF8F7FAFCB742F8D1089B002B94
:1076600000D025E10B0002004A984B990D9C226046
:107670006360F9F783FE434607000C00002B13DD1F
:1076800001254CAEB14638002E0021004C46013693
:107690000CCCF8F7DBFCA146B045F7DA089B0700F5
:1076A0000C00002B00D015E13A0023000D998A60F0
:1076B000CB60ABE70026002773E701239C46009BC5
:1076C000E1440225002B00DDEBE532003B00002009
:1076D0002B49F9F753FE06000F0009E60024F2E5F6
:1076E0004AAB0393A49B032B00D08FE74346002BA8
:1076F00000DC14E1039ADB009B46130091465B44D7
:107700001E685F68234B43440293DB00994448ABF7
:107710009A464B465C681B681800210032003B000B
:1077200000900191F8F792FC04000D0002000B009C
:1077300000980199F9F722FE3B003200F8F786FC29
:107740004B469860D9601C605D6008235B429C4694
:10775000E14426002F00CA45DBD14346012B00DC63
:10776000E3E0039A13005B441E685F68029BDB0042
:1077700099464A44904610E0FFFFFF000000E03FBA
:107780000000F03FFFFFFF3F0000703E189A02002C
:10779000FB21F93FFFFFFF1F984643465C681B68CB
:1077A0001800210032003B0000900191F8F74EFCD8
:1077B00004000D0002000B0000980199F9F7DEFDAE
:1077C00032003B00F8F742FC4346039A9860D960C8
:1077D0001C605D60083B26002F009A42DCD14D46BC
:1077E0009446002600244746083565442A686B689D
:1077F00030002100F8F72AFC083D06000C00AF42DB
:10780000F4D1039B4A9F5D689968D868089B002B58
:1078100065D08022120694460D9B65446044644402
:107820001F605D609960D8601E615C61EEE69A46FB
:107830004B460793059B30005A423900089501F0EA
:1078400087FA00223A4B06000F00F7F7ADFA00283E
:1078500024D0384B002230003900F9F71DFBFAF72D
:10786000F1F8524604009500FAF722F90022304B55
:10787000F9F712FB02000B0030003900F9F77EFD2A
:10788000FAF7E0F80EAA50510122059B5244183332
:107890009046059393000EAAD45023E65346300039
:1078A00039009C00FAF7CEF80EAB1851D04619E615
:1078B00080230D9A1B06CB18106053600B0002004A
:1078C0004A984B99F9F75AFD434607000C00002BE4
:1078D00000DDD5E680231B069C466444E4E62B00CD
:1078E0003A000D9D2A606B600A000300AA60EB60FD
:1078F000320023002A616B6188E6099BDB0000935C
:1079000072AB049332E4A49B022B00DDE8E6002B6B
:1079100000DD92E600D079E6002700246AE6002622
:1079200000246EE70020002198E60026340068E776
:10793000000070410000703EF0B5CE46474680B56D
:1079400087B000920193474A4B00814688465B0806
:10795000934207DC41464846FAF774F84146031E55
:10796000484666D04A46434648464146F9F794FAA7
:1079700004000D0002000B0048464146F9F78CFA5E
:10798000394A3A4B06000F0020002900F9F784FA23
:10799000374A384BF9F7F2FC22002B00F9F77CFA52
:1079A000354A364BF8F752FB22002B00F9F774FAF0
:1079B000334A344BF9F7E2FC22002B00F9F76CFA5A
:1079C000314B324AF8F742FB0E9B02900391002B99
:1079D00034D00098019900222D4BF9F75DFA029AF4
:1079E000039B0490059130003900F9F755FA020025
:1079F0000B0004980599F9F7C1FC22002B00F9F758
:107A00004BFA009A019BF9F7B9FC224A04000D00D9
:107A1000214B30003900F9F73FFA02000B0020003B
:107A20002900F8F713FB02000B0048464146F9F71E
:107A3000A5FC07B00CBC90469946F0BD02000B00B7
:107A400020002900F9F728FA124A134BF9F796FC9F
:107A500032003B00F9F720FA4A464346F8F7F6FAB7
:107A6000E7E7C046FFFF3F3E7CD5CF5A3AD9E53D18
:107A7000EB9C2B8AE6E55A3E7DFEB157E31DC73EDF
:107A8000D561C119A0012A3F1111813FA6F810113B
:107A90000000E03F495555555555C53FF0B5DE4608
:107AA00057464E464546E0B589B000934B005B080B
:107AB0009A46BE4B8146884602928B469A451ADC0E
:107AC00048464146F9F7BEFF00283AD14A46129B84
:107AD000013313435246134300D157E1129B012B4C
:107AE00000D160E14A4643460020B149F8F7CAFD9B
:107AF00004000D0001E1AF4B9A4522DD002909DAAF
:107B00008022802112060906944641448846009B43
:107B1000634400934A464346A748A849F9F72EFC18
:107B200004000D00029A009BA548A649F9F726FC1F
:107B30002B002200F8F78AFA002381468846029338
:107B400000934A46434648464146F9F7A5F90200E4
:107B50000B0006000F00F9F79FF9320004000D003A
:107B60003B0048464146F9F797F9974A049005913A
:107B7000964B20002900F9F78FF9954A954BF8F7B5
:107B800065FA22002B00F9F787F9934A934BF8F72F
:107B90005DFA22002B00F9F77FF9914A914BF8F733
:107BA00055FA22002B00F9F777F98F4A8F4BF8F737
:107BB0004DFA22002B00F9F76FF98D4A8D4BF8F73B
:107BC00045FA32003B00F9F767F98B4A06900791B6
:107BD0008A4B20002900F9F75FF9894A894BF8F7A9
:107BE00035FA22002B00F9F757F9874A874BF8F747
:107BF0002DFA22002B00F9F74FF9854A854BF8F74B
:107C000025FA22002B00F9F747F9834A834BF8F74E
:107C10001DFA22002B00F9F73FF9814A814BF8F752
:107C200015FA02000B0006980799F8F70FFA049A64
:107C3000059BF9F731F9029D009C2A002300F8F713
:107C400005FA32003B00F9F727F92A002300F8F77C
:107C5000FDF904000D0004980599734A734BF9F778
:107C60001BF922002B00F8F7F1F9009001910B00AD
:107C7000020041464846F8F7E9F94E4B04000D0072
:107C80009A4543DC129B012B37D00F0002000B00FA
:107C900000204749F8F7F6FC00260D0002900391FA
:107CA0004A46434630003900F9F768FB00240200D9
:107CB0000B0000980199F9F761FB22002B00F9F7FE
:107CC000EBF82200009001912B0030003900F9F709
:107CD000E3F80022564BF8F7B9F902000B000098C0
:107CE0000199F8F7B3F9029A039BF9F7D5F8220046
:107CF0002B00F8F7ABF904000D002000290009B0B3
:107D00003CBC90469946A246AB46F0BD1298F9F7A6
:107D1000CFFE220006000F002B0020002900F9F7FB
:107D2000BBF83200029003913B0020002900F8F7D5
:107D30008DF902000B0002980399F8F7A3FC009A52
:107D4000019BF9F71BFB02000B0048464146F9F77F
:107D500015FB02000B00F8F779F902000B00300068
:107D60003900F9F70BFB5B46040098170223184013
:107D7000013B181A0D00F9F79BFE02000B002000D2
:107D80002900F9F789F804000D00B6E74846414696
:107D9000FAF7E4FB02000B0000202549F8F772FC1B
:107DA00004000D00A9E74C464546A6E7FFFF2F3E1D
:107DB0000000F0BF2794E53F182D4454FB21E93F14
:107DC000075C143326A6813CD47ABF74702AFB3E2C
:107DD000E9A7F0320FB8123F68108D1AF726303F2E
:107DE0001583E0FEC8DB573F93846EE9E326823FAC
:107DF000FE41B31BBAA1AB3F735360DBCB75F3BE3F
:107E0000A69237A0887E143F0165F2F2D844433F22
:107E1000280356C9226D6D3F37D60684F464963F19
:107E20007AFE10111111C13F635555555555D53F77
:107E30000000F03FF8B54746CE46584B450080B5A8
:107E4000061C0F1C6D089D4248DCF8F755F8002809
:107E500000D19BE0311C301CF7F742FD5049041C57
:107E6000F7F73EFD4F49F7F7C9F9211CF7F738FD41
:107E70004D49F7F767FE211CF7F732FD4B49F7F73D
:107E8000BDF9211CF7F72CFD4949F7F75BFE211CD2
:107E9000F7F726FD4749F7F7B1F9211CF7F720FD61
:107EA0008046FC21201C8905F7F71AFD4146051C78
:107EB000201CF7F715FD391C041C301CF7F710FDCA
:107EC000011C201CF7F73EFE011C281CF7F73AFEA8
:107ED000011CFE208005F7F735FE53E0011CF7F783
:107EE000FFFC2F49041CF7F7FBFC2E49F7F786F936
:107EF000211CF7F7F5FC2C49F7F724FE211CF7F7B6
:107F0000EFFC2A49F7F77AF9211CF7F7E9FC284931
:107F1000F7F718FE211CF7F7E3FC2649F7F76EF98F
:107F2000211CF7F7DDFC244B80469D42B9DD234B35
:107F30009D422EDCFF231B069C46FE206544291C27
:107F40008005F7F7FFFD8146FC21201C8905F7F726
:107F5000C7FC291CF7F7F6FD4146051C201CF7F766
:107F6000BFFC391C041C301CF7F7BAFC011C201C98
:107F7000F7F7E8FD011C281CF7F7E4FD011C484653
:107F8000F7F7E0FD0CBC90469946F8BDFE20800551
:107F9000F8E70B4B0B4D9946D6E7C046FFFFFF3184
:107FA0004ED747ADF6740F317CF29334010DD037C4
:107FB000610BB63AABAA2A3D9999993E0000483F19
:107FC0000000383F0000903EF0B54E464546DE4684
:107FD0005746E0B5DDB00B91669903900793180002
:107FE000CB4B8900CE580723D11E441EC81703402F
:107FF0005B18D910CB43DB1719404B1CDB00D31A9D
:1080000005960194099104930D1B371919D4679AA9
:108010007F199046AB0001379844002620AC08E059
:1080200043469859F7F788FF0135A0510436BD4201
:1080300007D0002DF4DA00200135A0510436BD42EE
:10804000F7D1059B002B00DA24E3059B039901334C
:108050009B009946079B9A00944600920022904606
:1080600048AA9346F4225242614492460F005CAB08
:1080700063449A44019B0026002B0FDB55460026E3
:10808000039C4544296801CCF7F72AFC011C301CED
:10809000F7F7B4F8043D061CBC42F3D15B464246F8
:1080A0009E5004239C46E044C845E3D10CA9042219
:1080B0008C46524262449446059DAB009C44624605
:1080C0008C460892039A083B634494460A93009BAB
:1080D00063449A465A46AB000093D658002D26DDDD
:1080E0008C4BA846EC1847AB99460CAB1D00A4007E
:1080F0005C44EE21301C8905F7F7F2FBF7F7FCFE34
:10810000F7F71AFF8721C905071CF7F7E9FB011CE0
:10811000301CF7F717FDF7F7EFFE216801C5381C93
:10812000F7F76CF8043C061C4C45E2D14546049F29
:10813000301C390000F0C2FEF8218905041CF7F755
:10814000CFFB00F071FE8221C905F7F7C9FB011CC6
:10815000201CF7F7F7FC061CF7F7CEFE0400F7F734
:10816000EBFE011C301CF7F7EDFC061C002F00DCB9
:10817000C4E06A1E92000CAB9B5808201900C01B7B
:108180000141641881405B1A0CA98B500722D21B55
:10819000134198464346002B29DD0134002D00DCB5
:1081A000F0E10C9F0123002F00D08EE0012D08D0BC
:1081B00099000CAA57580133002F00D086E09D4249
:1081C000F6D1049B002B0EDD012B00D1FCE0022B2D
:1081D00009D16B1E9B000CAAD25802923F22029931
:1081E0000A400CA9CA504346022B00D1D6E0002118
:1081F000301CF6F7EFFD002800D19DE0059B691EBD
:108200008B420FDC0CAA94460022424B0898EB18D4
:108210009B0063441E68043B32438342FAD1002A28
:1082200000D0DCE0059B0CAA013B9B00D358002B3F
:1082300000D0C7E001220A9B043B596801320029A3
:10824000FAD052196B1C069293423ADC531B9B00E6
:108250000293099B00275B199B009946079B9C464C
:1082600020AB98466544AD00A844679A4B469446B7
:10827000DB1963445868F7F75FFE4346D851019B0A
:10828000002B20DB4346DD193B00039C57460026AC
:108290009A4600E0286802CCF7F722FB011C301C4C
:1082A000F6F7ACFF043D061CA742F3D15346BA468D
:1082B0001F00009BFB185B445E60029B04379F42DB
:1082C000D3D1069D06E70026F3E700218022520065
:1082D000D71B0CAA57509D420EDD0CA98C46009965
:1082E0009B006144D25808006344FF2100E01A68F3
:1082F0008A1A04C38342FAD1012762E7049B002B48
:108300000AD16B1E9B000CAAD3581B12984641E75A
:1083100060BE0200FFFFFF3FFC218905F6F77EFDEE
:10832000002800D021E100230021301C9846F6F7F8
:1083300051FD002800D061E74346049F301C79427C
:108340000294039300F0BAFD8721C905041CF6F7D7
:1083500065FD002800D17EE1EE21201C8905F7F79C
:10836000BFFAF7F7C9FDF7F7E7FD8721C905061C36
:10837000F7F7B6FA011C201CF7F7E4FBF7F7BCFD92
:10838000009A0CAB985008376B1C301C9D00019371
:108390000497F7F7B1FD0CAB58513CE0FE20311CBF
:1083A0008005F7F7CFFB061C002F00D11FE7FE204A
:1083B0000499800500F082FD011C301CF7F7C2FB18
:1083C000061C14E701223CE76B1E9B000CAAD25846
:1083D00002927F2202990A400CA9CA5003E7434641
:1083E000049A03930CA88B00C358083A0294019195
:1083F0000492002B0FD1B1480B0084460CA86344B3
:1084000084469B006344043B58680139083A0028BD
:10841000F9D004920191FE200499800500F04EFDF0
:10842000019B061C002B00DA3AE19B001D005C4614
:1084300004930CAB5859F7F77FFD311CF7F750FA4E
:10844000EE2160518905301CF7F74AFA043D061CFD
:108450002B1DEED1A346049B994D5B449846019B8E
:1084600001339B4600239A4634AB99465B46009302
:10847000059B9B465B460027002B14DB002691489A
:108480000027002403E0043654450CDC70594346B1
:108490009959F7F725FA011C381CF6F7AFFE01349D
:1084A000071CA345EFDA53464A469B00D7500123E9
:1084B0009C46053BE2449C46009BE0445345D9D191
:1084C000669B022B62DC002B1EDC13D1049B002078
:1084D0004B441D0033AC2968043DF6F78FFEAC42D7
:1084E000F9D1039B002B03D080231B069C466044DC
:1084F0000B9B18600720029B18405DB03CBC904667
:108500009946A246AB46F0BD019B0020002B0DDB37
:1085100034AB9946019B00209B004B441D0033AEB9
:108520002968043DF6F76AFEAE42F9D1039B002BA1
:1085300000D098E00B9B011C18603498F7F702FB01
:10854000019B002B0EDD34AB01261D00019CB30006
:10855000E9580136F6F752FEB442F8DA039B002BD5
:1085600000D08DE00B9B5860C4E70223013498468D
:10857000002D00DD15E6FE20311C8005F7F7E2FA3C
:10858000061C34E600271CE634AB9946669B032B99
:10859000B0D1019B002B00DC8EE0019A93009B463A
:1085A0004B46594694465B589846444B454663446F
:1085B0009E00009333AB9A464E443768291C381C02
:1085C000F6F71CFE041C011C381CF7F7BBFA291C2B
:1085D000F6F714FE043EB0607460251CB245ECD181
:1085E000019B012B68DD4B465A469E58009B4C462A
:1085F0009B009846444400E01C002768311C381C4E
:10860000F6F7FCFD051C011C381CF7F79BFA311C22
:10861000F6F7F4FD231F606025602E1C9945EBD111
:108620004646002004364E443168043EF6F7E6FD27
:10863000B442F9D14B460399349A5B68002924D09F
:10864000802109068C460B996244634460440A60A9
:108650004B6088604EE7201CF7F74EFC009A0CAB8D
:1086600098500195D7E680230B9A1B06C318136018
:10867000011C3498F7F766FA019B002B00DD62E7D6
:1086800080231B069C4660446CE70B990A604B6094
:1086900088602FE7079B9B00009348AB9B4605E54E
:1086A000669B022B00DD6FE7002B00DD2CE700202E
:1086B000002B00D115E71DE70020BBE7FFFFFF3FC0
:1086C00034BE02000000C93FF8B54746CE4680B52B
:1086D0001700334A4300041C0E1C5B08934205DC60
:1086E000F7F70AFC0300201C002B46D0211C201C9D
:1086F000F7F7F6F8051C011C201CF7F7F1F82949DB
:108700008046281CF7F7ECF82749F7F71BFA291CD5
:10871000F7F7E6F82549F6F771FD291CF7F7E0F8B9
:108720002349F7F70FFA291CF7F7DAF82149F6F78A
:1087300065FD8146002F24D0FC21301C8905F7F708
:10874000CFF84946071C4046F7F7CAF8011C381C09
:10875000F7F7F8F9291CF7F7C3F8311CF7F7F2F926
:108760001549051C4046F7F7BBF8011C281CF6F715
:1087700045FD011C201CF7F7E5F90CBC9046994615
:10878000F8BD011C281CF7F7ABF80B49F7F7DAF92D
:108790004146F7F7A5F8211CF6F730FDEDE7C04696
:1087A000FFFFFF31D3C92E2F342FD7321BEF3836BE
:1087B000010D50398988083CABAA2A3EF0B54E46D7
:1087C0004546DE465746E0B5D94A4B0085B081465E
:1087D00088460C005B0893421ED9D64A934200D9C2
:1087E000C8E0002C00DB4AE1D34AD44B484641465E
:1087F000F7F72CFC00220023F6F7B8FA002800D087
:10880000C3E0CF4ACF4B48464146F8F745FB02004C
:108810000B000020CC493CE1CC4A934200D9DCE07B
:108820000021CB4A8A46934200D820E10022C94B5E
:1088300048464146F8F730FB04000D0002000B00EB
:1088400048464146F8F728FB06000F00C24AC34BD2
:10885000F8F722FBC24AC34BF7F7F8FB32003B00A4
:10886000F8F71AFBC04AC14BF8F788FD32003B000D
:10887000F8F712FBBE4ABF4BF7F7E8FB32003B00AC
:10888000F8F70AFBBC4ABD4BF8F778FD32003B0015
:10889000F8F702FB0022BA4BF7F7D8FB00900191E2
:1088A00002000B0020002900F8F7F6FA02000B0086
:1088B0000020B449F8F762FD02000B0004000D002F
:1088C00000980199F8F75AFD2200009001912B00C1
:1088D00048464146F8F7E0FA02000B000020AA499A
:1088E000F8F74CFD02000B0000980199F7F7CAFE5B
:1088F0003B003200F8F7D0FA5346002B48D0029CD8
:10890000039D22002B00F8F739FD4A464346F8F74D
:10891000C3FA22002B00F8F731FD3B003200F8F7D4
:108920002DFD534604000D00013300D1CFE0534626
:10893000012B00D177E01B059B4653460133392BB1
:1089400000D9D3E05346132B00DC4AE18F490022C3
:10895000C91A0B0520002900F7F778FB02000B006D
:1089600048464146F8F70AFD0022854BF7F76EFBB3
:1089700059441DE0864A934221D90B031B0B020088
:10898000034300D0C4E0002912DA002081490FE03F
:1089900002000B0048464146F8F77EFA32003B00E1
:1089A000F8F7ECFC02000B0048464146F8F7E6FCFD
:1089B00005B03CBC90469946A246AB46F0BD764A0F
:1089C000764BF6F7E7F9002800D10AE7744A754BB1
:1089D00010001900F8F760FAEAE7734A934200D9E9
:1089E0009AE0724A724B002938DAF7F72FFB01231D
:1089F0005B4204000D009A466E4E6F4F32003B0002
:108A000020002900F8F7BAFC02000B0081468846D6
:108A100020002900F8F7B2FC32003B00F8F7AEFC6A
:108A20000290039102E70022644B48464146F6F764
:108A30009DF9002800D1C5E00022464B484641463A
:108A4000F7F704FB02000B0020002900F8F796FC62
:108A5000C02300221B06F8F71FFAA9E7F8F78EFCDF
:108A6000012304000D009A46524E554FC6E74C4A6A
:108A70004C4B4146F7F7EAFA02000B0090E7304A08
:108A8000304B48464146F8F707FA02000B00002039
:108A90003049F7F7DBFAF8F7D5FF8246F9F708F81F
:108AA000424A434B06000F00F8F7F6F902000B00AC
:108AB00048464146F8F762FC3E4A04000D0030008B
:108AC00039003F4BF8F7E8F906000F0096E702007F
:108AD0000B0048464146F8F751FC00221D4BF8F7C1
:108AE000DBF900221B4BF8F749FC61E74A46434695
:108AF000F8F744FC02000B0000202149F8F73EFC87
:108B00000200594410001E4B0022F8F737FC4FE7D3
:108B10000B00F7F79BFA4BE7094A0A4BF8F7BCF949
:108B200002000B000020002CB2DA0749B1E7C04672
:108B300079684340412E864059F3F8C21F6EA50163
:108B4000FE822B654715F73F0000E0BF422ED63F5F
:108B5000FFFF8F3C0000E03F2DC3096EB7FD8ABECA
:108B60003952E686CACFD03EB7DBAA9E19CE143F53
:108B70008555FE19A0015A3FF41011111111A13FA2
:108B80000000F03F0000084000001840FF03000014
:108B9000FFFFEF7F0000F0BFEF39FAFE422E864064
:108BA0009C7500883CE4377EB1A2F03F0000E0FEF7
:108BB000422EE63F763C7935EF39EABD0000D0BF62
:108BC000EF39EA3D22002B0048464146F8F7D6FB34
:108BD00002000B00F7F73AFA00220B4BF7F736FAD0
:108BE000E6E6802352469B031341074A0026D71A24
:108BF0004A464346F8F7C2FB02000B00300039003A
:108C0000F8F7BCFB5944D3E60000F03F034B4800A3
:108C10009C4640086044C00F7047C046000010806A
:108C200000207047002001497047C0460000F87FCF
:108C3000F0B5C64600B5CB0F9846404A4B005B0DD9
:108C40009A1882B00D000400132A2FDC002A49DB99
:108C50003B4F17413E000E40064323D07F083900AA
:108C600029400C430AD03749BD438C4663445C42DB
:108C70005C418023DB021341E4071D434146CE00E3
:108C800031492B008E1922003468756820002900B4
:108C9000F7F7DCF9009001910098019922002B0070
:108CA000F8F76CFB02B004BC9046F0BD332A08DD37
:108CB0008023DB009A42F5D102000B00F7F7C6F9DA
:108CC000F0E7224A9446012263445242DA400242CB
:108CD000E8D052080242D1D094438022D2051A41F2
:108CE0001443CBE74B005B080343DBD00B031B0BA8
:108CF0001C436342234380244D0C24031B0B23405D
:108D00006D042B4319004346DA000F4B9B181C6877
:108D10005D6802000B0020002900F7F797F900902A
:108D200001910098019922002B00F8F727FB424699
:108D30004B005B08D60733431900B3E701FCFFFF84
:108D4000FFFF0F00EEFBFFFF589A0200EDFBFFFF55
:108D50004B0070B55B0D14000A00002B1AD14B00BC
:108D60005B08034315D0234B0022F8F795F8224BFC
:108D70009C422DDB0A004B005B0D363B1F4DE31878
:108D8000AB422ADC002B0DDD1D4C1B0522401A4393
:108D9000110070BD1B4DAB42F0D102000B00F7F784
:108DA00055F9F6E71D00353519DA174B02009C42DC
:108DB00009DD0B001548164900F0E4F8134A144B7E
:108DC000F8F76AF8E5E70B001248134900F0DAF803
:108DD000104A114BF8F760F8DBE70200E9E7084CAE
:108DE000363322401B051343190000220B4BF8F7C2
:108DF00053F8CEE700005043B03CFFFFFE070000F1
:108E0000FFFF0F80FF07000050C300009C75008823
:108E10003CE4377E59F3F8C21F6EA5010000903C78
:108E2000400040087047C046F0B5C64643005F08A2
:108E30001B0E7F3B00B5051C06001C00162B1CDC1E
:108E40008046002B21DB194F1F41074211D01849E2
:108E5000F6F7D4F90021F5F7D7FF002809D0002D47
:108E600004DA80231B0423419846A8444346BB43AD
:108E70001E00301C04BC9046F0BD0E4B9F42F8D93A
:108E8000011CF6F7BBF9061CF3E70949F6F7B6F93A
:108E90000021F5F7B9FF0028EBD0002D01DB0026FB
:108EA000E7E7002FE5D0044EE3E7C046FFFF7F0071
:108EB000CAF24971FFFF7F7F000080BF420070B59A
:108EC000031C0C00050051080FD0274EB1420DD8ED
:108ED000264881420ED9120E1219FE2A1CDC002AE5
:108EE00022DD2348D2052840104370BD011CF6F74F
:108EF00085F9FAE79821181CC905F6F7F1FC1D4A17
:108F0000031C944204DB4200120E0500193AE3E709
:108F10001949F6F7E5FCE8E7191C184800F03AF89B
:108F20001649F6F7DDFCE0E7110016310ADA144ABB
:108F3000191C944210DD114800F02CF80F49F6F787
:108F4000CFFCD2E7CC211932D005094A890515405A
:108F50002843F6F7C5FCC8E7074800F01BF80649A8
:108F6000F6F7BEFCC1E7C046FFFF7F7FFFFF7F0033
:108F7000FFFF7F80B03CFFFF6042A20DCAF2497143
:108F800050C3000030B54A00DB0FDB0752081A431C
:108F9000110030BD4000C90FC907400808437047A1
:108FA00010B5040004481300002804D00A00022071
:108FB000210000E000BF10BD00000000014B186858
:108FC0007047C0460401002070B500260C4D0D4CC2
:108FD000641BA410A64209D1002602F0CDFF0A4D61
:108FE0000A4C641BA410A64205D170BDB300EB5817
:108FF00098470136EEE7B300EB5898470136F2E7A1
:1090000084BF020084BF020084BF020098BF020038
:1090100010B5034B0100186800F00FF910BDC046F1
:1090200004010020002370B5064C05000800110063
:10903000236000F0A7F8431C03D12368002B00D065
:109040002B6070BD340C0020F0B51F000E0087B0FF
:109050000590019102920C98347800F05CF9082296
:1090600000194378751C134036D12D2C36D1B51C10
:1090700074780126002F62D0102F09D1302C07D12F
:1090800020222B789343582B54D110276C7802352B
:109090002D4B3900F31818000393F5F761FD049187
:1090A00001210023494202008C461800210030397A
:1090B00009291AD80C00A74223DD591C09D06346A0
:1090C000824206D302D10499A14202DB01237843F4
:1090D00020182C780135E9E72E00BCE72B2C01D0B5
:1090E0001E00C7E7B51C7478FAE721004139192939
:1090F00001D8373CDFE721006139192901D8573CF5
:10910000D9E75A1C08D1059A23331360029B0398B0
:10911000002B09D107B0F0BD002E00D04042029ACA
:10912000002AF7D0002B01D06B1E0193029B019AFD
:109130001A60EFE73024002FAAD10827A8E7302CC7
:109140009ED00A27A4E7C046FFFFFF7F37B5130074
:10915000064A05001068046A002C00D1044C0A007D
:1091600000942900FFF770FF3EBDC04604010020B7
:109170006801002058220120014B40421A607047CC
:10918000340C002058220120014B40421A607047E5
:10919000340C0020FEE7C04610B5DCF737FB10BDED
:1091A00010B500F008F810BD0B0010B50100180054
:1091B000FFF7F6FE10BD10B5041E00D101342000EB
:1091C000DCF7EEFC002807D1F5F736FC002801D1CA
:1091D00000F00AF88047F2E710BD10B5F5F732FC51
:1091E00010B5804700F000F810B50620FFF710FF1B
:1091F0000120FFF7CFFF30B50024A24201D10020AB
:1092000005E0035D651C0C5DA34201D0181B30BD59
:109210002C00F2E710B5884202D98B18984203D38C
:10922000002307E08B5C8354013AFBD210BDCC5C79
:10923000C45401339A42FAD1F8E770B504000D0026
:109240001F2904D9162303600120404270BD436CDE
:10925000002B04D08A009B181A68002A08D120002D
:1092600000F015F82A0001002000FFF7DBFEEDE713
:109270000020012AEAD0511C03D1162301302360BB
:10928000E4E7002428001C6090472000DEE710B5CA
:10929000FFF770FF10BDC9B20378002B04D08B42DA
:1092A00000D170470130F7E74B425941494208402D
:1092B000F7E702780B78002A03D0013001319A4297
:1092C000F7D0D01A704703000A7801311A700133C1
:1092D000002AF9D170470023C25C0133002AFBD178
:1092E000581E704710B50378002B0FD10B785A42E7
:1092F00053415B42184010BD0023CA5C002AFAD0DB
:10930000C45C944201D10133F7E701300378002BAC
:10931000F2D11800EFE7EC300068704782B0002906
:1093200000D101A9101E06D0002B06D013780B60C7
:109330001078431E984102B0704702204042FAE77D
:109340000B1E04D0FF2A04D98A2303608B3B18002C
:1093500070470A700123FAE70000000000000000D7
:109360000108010842424242010801083ED8E98D45
:10937000000000003521000095210000312200008E
:10938000612200009567000079810000855E000081
:109390008962000095620000AD620000B9410000E2
:1093A000A1620000E55E000069620000A14E0000BD
:1093B000CD4100006D450000B54400005944000057
:1093C000954600003D3C00002D3E0000393E000067
:1093D000513E0000713E0000D149000035490000B7
:1093E0001D4F0000754F0000719100007591000045
:1093F0005C9D02002C9D0200B49C0200FC9C0200BB
:109400008C9D0200F89D0200289E020040A00200F0
:10941000795D0000495F00001D5D000049510000BA
:1094200091910000899100008D9100004D4D000048
:10943000714B0000E54B0000D1420000E542000006
:109440000543000091430000A9430000E1430000F0
:1094500055390000414100005541000059410000CC
:109460006541000075410000814100009541000008
:10947000A1410000AD410000214B0000514B000014
:10948000395F00005D63000085630000F563000044
:1094900039510000555100000D5B000025370000D8
:1094A00031370000A5370000AD370000E93D00006E
:1094B000FD3D00000D380000B13900000D3D0000F9
:1094C000053B0000693B0000253C0000353C0000E6
:1094D000F14A0000C1460000E546000009470000CF
:1094E00061470000894700007545000061460000A3
:1094F000A1450000CD450000F54500001D460000D7
:10950000394600009D4C0000C54C0000E94C0000AD
:109510000D4D00002D4D0000F94A00000D4B0000DC
:10952000A9490000BD490000E547000029410000AD
:1095300009480000C9480000D9480000E948000077
:10954000F9480000094900001949000035410000B0
:109550003941000079910000B9410000C941000083
:10956000CD41000055420000594200005D4200001C
:1095700071420000A9420000B1420000C94200004F
:10958000F943000005440000094400004D4E00006E
:109590008D4F0000A54F0000CD4F0000355000005A
:1095A0005550000061260000712600008126000051
:1095B00091260000A1260000B1260000C12600006F
:1095C000D1260000496400006D6400007D64000045
:1095D0008D6400009D640000AD640000BD64000067
:1095E000CD6400003D2700004127000059270000FE
:1095F0006D27000085270000992700003D2B000003
:10960000592C00000128000005280000392800001E
:109610005D280000D1280000DD2800002929000075
:109620009D290000B1290000DD290000E929000082
:10963000655D00006D5D0000792C0000812C00004C
:109640008D2C0000952C00009D2C0000A92C000002
:10965000B12C0000B92C0000D52C0000ED2C00002E
:10966000112D0000192D0000252D0000392D0000BE
:10967000452D0000492D0000DD6400005D650000FF
:10968000E565000045660000516600005D6600006B
:109690006D6600007D660000B57600004D0002009A
:1096A0006DED010095ED01007D13020085060200BD
:1096B000990E0200956700002D810000C17700001F
:1096C00039780000857800009D780000E57800007A
:1096D000ED780000F97800000579000011790000AC
:1096E000657A0000757A0000817A0000A17A000096
:1096F000D57A00005D7B0000A97C0000557D00004C
:10970000617D0000757D0000817D0000B56A00006C
:10971000C96A0000DD6A0000E56A0000FD6A000019
:10972000196B0000F17100004172000055710000DA
:109730000D7F0000717F0000897F0000957F000091
:10974000E17F0000ED7F000089720000D972000007
:1097500041730000897300008D8500009185000031
:1097600095850000998500009D850000A185000079
:10977000A58500008D830000BD8300007985000071
:109780007D850000818500008585000089850000B9
:10979000A98500001D86000079860000D1860000A2
:1097A0003987000055870000AD8700006D8F0000ED
:1097B000619100005D900000ED900000A58F000019
:1097C000A98F0000AD8F0000B18F0000B58F0000A1
:1097D000B98F0000BD8F0000C18F0000C58F000051
:1097E000C98F0000D5E10000FDE1000085E2000026
:1097F000D1E2000021E3000035E3000005E50000B0
:10980000819600008996000091960000A1960000C4
:10981000B596000041BB0000C1960000ED96000027
:109820006D9A0000FD96000051970000ED9A00002F
:10983000D19C0000ED9C0000199D0000ADCC000003
:10984000299D0000919D0000F9CA00007DCD000017
:10985000E19D0000ED9E000015CE0000A1CA0000B1
:1098600069CA00008DCA000019CF000065A1000080
:1098700079A2000015A80000C9AA000091AD00005F
:109880007DB2000051B3000011B90000C9B9000059
:10989000ADBA000051CF000035CE000031E6000027
:1098A000B1E6000009E5000015E5000021E5000033
:1098B0002DE5000055E50000B5E50000C9E5000014
:1098C000F1E50000D9F20000FDF2000019F30000FC
:1098D0003DF3000089F30000C9F3000061140100AA
:1098E0003915010051150100691501008D150100A0
:1098F000AD150100CD1501005D16010075160100C2
:10990000F91601005517010081170100B917010070
:10991000D5170100DD170100E9170100F11701005B
:1099200001000000000000000A000000000000002C
:109930006400000000000000E803000000000000D8
:109940001027000000000000A086010000000000B9
:1099500040420F00000000008096980000000000C8
:1099600000E1F5050000000000CA9A3B000000007D
:1099700000E40B540200000000E8764817000000E5
:109980000010A5D4E800000000A0724E18090000E5
:1099900000407A10F35A00004FBB610567ACDD3F11
:1099A000182D4454FB21E93F9BF681D20B73EF3F06
:1099B000182D4454FB21F93FE2652F227F2B7A3C7E
:1099C000075C143326A6813CBDCBF07A8807703C37
:1099D000075C143326A6913C000000000000E03F25
:1099E000000000000000E0BF0000E0FE422EE63F65
:1099F0000000E0FE422EE6BF763C7935EF39EA3DC5
:109A0000763C7935EF39EABD000000000000000027
:109A1000000000000000008000000040FB21F93F32
:109A2000000000002D44743E000000809846F83C81
:109A30000000006051CC783B00000080831BF039AF
:109A40000000004020257A38000000802282E336A2
:109A5000000000001DF369350000000000003043E5
:109A600000000000000030C3000000000000000003
:109A70007922000081220000C55E0100055F01001F
:109A80008522000099220000792B0100ED2A0100B7
:109A9000352B0100F12A01008D5D0100255F0100D9
:109AA000412F010075707369646500006E6F726DFF
:109AB000616C0000636F6F7264696E61746520731E
:109AC000706163653A202564202F2025642C2025B1
:109AD000730000006163633A206D6F756E74696E88
:109AE000670000006163633A207573696E672053F5
:109AF00044412C2053434C006163633A206E6F2035
:109B000069326320617661696C61626C6500000096
:109B10006163633A206E6F74206465746563746575
:109B2000640000006163633A206465746563746572
:109B300064202564000000006163633A2064616D65
:109B40006167656420616363656C6572656F6D74E0
:109B50006572206F7220696E76616C696420414382
:109B600043454C45524F4D455445525F545950451D
:109B7000000000006163633A20696E76616C69647D
:109B800020414343454C45524F4D455445525F5447
:109B9000595045006163633A206D6F756E7465645A
:109BA00000000000342A0000382A0000382A000093
:109BB000B02A0000EA2A0000FC2A0000382A00002F
:109BC000382A0000462A0000462A0000CE2A00005B
:109BD000DC2A00005A2A0000202A00000C2B00007A
:109BE000A22A0000802A00004E2C00007E2B0000DC
:109BF000962B0000AC2B0000C42B0000DA2B0000D9
:109C0000EE2B0000F62B0000FE2B0000062C0000BF
:109C10000E2C0000142C0000282C00002E2C00001C
:109C2000422C0000482C0000662B000030313233FB
:109C30003435363738396162636465660000000088
:109C40005E4E0000624E0000664E00006A4E00004C
:109C50006E4E0000724E00006661696C656420748F
:109C600079706520636865636B20666F722025706C
:109C700020402570000000005654202570202D2023
:109C80006F626A7479706520256420636C617373F8
:109C90004E6F202564000000756E68616E646C650F
:109CA0006420657863657074696F6E2C2076616CD2
:109CB00075653A000C0003F9000000000100000087
:109CC0000000000021340000A14E00008532000099
:109CD00009340000D5330000C9330000BD33000053
:109CE000E93300006D697373696E672070726F707D
:109CF00065727479206F6E20257000000C0003F9E6
:109D000000000000010000000000000021340000FD
:109D1000A14E0000753200003531000039310000DD
:109D200045310000493100004D3100000C0003F9BD
:109D300000000000010000000000000021340000CD
:109D4000A14E0000013400009D300000A53000004D
:109D5000A9300000AD300000ED3000000C0003F928
:109D6000000000000100000000000000213400009D
:109D7000A14E0000193400007D3000008530000045
:109D8000893000001D3400008D3000000C0003F904
:109D9000000000000100000000000000213400006D
:109DA000A14E000011340000593100006D31000057
:109DB000153400000D3400007D3100005B4E6174ED
:109DC0006976652025705D005B5265664F626A6545
:109DD00063742076743D257020636C3D2564207388
:109DE0007A3D25645D0000005B2573202570203DD1
:109DF0002025735D00000000080004F90000000049
:109E0000030000000000000021340000A14E00000B
:109E10000000000089310000000000000000000088
:109E200000000000000000000C0002F9000000002B
:109E3000020000000000000021340000A14E0000DC
:109E400000000000053400000000000000000000D9
:109E500000000000000000005C9D02000700626F2F
:109E60006F6C65616E0000005C9D02000900756EFC
:109E7000646566696E656400F89D0200000000007C
:109E8000000000005C9D0200000000005C9D0200DC
:109E9000080066756E6374696F6E00005C9D020059
:109EA0000900756E646566696E6564005C9D0200FC
:109EB0000800496E66696E69747900005C9D020055
:109EC00003004E614E0000005C9D020009002D4918
:109ED0006E66696E697479005C9D020004006E759F
:109EE0006C6C00005C9D02000400747275650000DB
:109EF0005C9D0200050066616C7365005C9D02005C
:109F000008005B4F626A6563745D00005C9D02003F
:109F10000A005B46756E6374696F6E5D0000000039
:109F20005C9D020006006E756D62657200000000A7
:109F30005C9D020006006F626A65637400000000A9
:109F40005C9D02000600737472696E670000000079
:109F50006763416C6C6F6328256429202825642F72
:109F6000256420667265653B202564206D6178203C
:109F7000626C6F636B29202D3E206E657720626CCA
:109F80006F636B002D2D4D41524B000052503A250E
:109F9000702F25640000000052473A25702F256479
:109FA0000000000047432025642F25642066726569
:109FB000653B202564206D6178426C6F636B000007
:109FC000686561703A20256420286D696E7573207C
:109FD0002564207379732062797465732900000009
:109FE000474320626C6F636B20256462204020250C
:109FF000700000005265665265664C6F63616C20AC
:10A00000257020763D257000526566436F6C6C6547
:10A010006374696F6E2025702073697A653D2564CD
:10A02000000000005265665265636F7264202570FF
:10A030002073697A653D2564206279746573000038
:10A040000C0005F900000000040000000000000002
:10A050007D5E0000915D0000F15C0000395D000054
:10A0600000000000000000000000000000000000F0
:10A0700076617269616E74206E6F74207375707092
:10A080006F727465643A2025730000005265664D56
:10A0900061702025702073697A653D256400000099
:10A0A0005365676D656E743A2025702C206C656E63
:10A0B0006774683A2025642C2073697A653A2025F4
:10A0C000640000002D3E2025640000004572726F80
:10A0D000723A202564205B25645D0000526566416C
:10A0E0006374696F6E2025702070633D255820735E
:10A0F000697A653D25640000140004F90000000041
:10A100000800000000000000855D0000C55D000043
:10A11000095D0000495D0000000000000000000033
:10A120000000000000000000080004F9000000002A
:10A130000700000000000000815E0000B15D00002B
:10A14000FD5C0000455D0000000000000000000014
:10A1500000000000000000000C0004F900000000F6
:10A1600006000000000000007D5D0000816100002D
:10A17000E55C0000355D000000000000000000000C
:10A180000000000000000000636F6D6D202564205A
:10A190002D3E202570000000525325643A25702F73
:10A1A00025640000756E6B6E6F776E00232025733B
:10A1B00000000000232025733A20257000000000D5
:10A1C0000000000000000202FF2A0102000200025B
:10A1D000000000000000000000000000FFFFFF0082
:10A1E00000000000000000004E2F410000000000B1
:10A1F00000000000256B00002D6B0000356B000097
:10A200005D6B00003D6B00000000000000000000DE
:10A21000256B00004D6B0000C96D0000556B000000
:10A22000416B0000464C542025700000424220251E
:10A2300070202570202570206C723D2570207230B2
:10A240003D2570006932633A206C6F6F6B7570202A
:10A2500064656661756C742070696E73000000003F
:10A260006932633A20666F756E642065786973742D
:10A27000696E6720693263006932633A206D6F75D9
:10A280006E74696E67206F6E206E657720646576E8
:10A29000696365006E6F2070696E206366673A209F
:10A2A000256400000000000000000000792200008A
:10A2B000812200001D790000217900002979000029
:10A2C0004179000000000000000000007922000039
:10A2D000997900001D790000217900006179000062
:10A2E00079790000616C6C6F63617465205443255B
:10A2F0006400000013121800002C004214131B000D
:10A300000030004215141E0000340042200F0D00E2
:10A3100000200042211012000024004222111500EA
:10A320000028004200000000000000004D6F64653E
:10A330006C3A20002028617070290000202F200036
:10A34000556E6B6E6F776E20436F72702E0000003B
:10A3500050585420446576696365202861707029DF
:10A36000000000000A444D4553473A0A000000002F
:10A370000A0A00001201100200000040EB03022450
:10A380000242010203010000000000000000000082
:10A3900079220000514B01001D7900002179000055
:10A3A0003582000049820000154B0100454C010038
:10A3B000D9810000000000000000000079220000A8
:10A3C000514B01001D7900002179000065820000D9
:10A3D00079820000154B010041830000E9820000F2
:10A3E000928D00007A8D0000268D00008C8D00007B
:10A3F000868D0000808D000000000000000000003D
:10A40000F18E0000A5880000398A0000858A0000CE
:10A4100047EBF02D935A16C80F1F3F00A191000083
:10A42000ED9100005592000000030C0F30333C3FCB
:10A43000C0C3CCCFF0F3FCFF001122334455667744
:10A440008899AABBCCDDEEFF526566496D616765F0
:10A450002025702073697A653D2564207820256465
:10A46000000000000C0004F90000000005000000DE
:10A47000000000009D910000B1920000D95C000036
:10A48000315D00000000000000000000000000003E
:10A49000000000004A44413A206D61676963206D05
:10A4A00069736D617463682025780000696E766158
:10A4B0006C69642073757065722D6672616D6520BC
:10A4C0002564202564000000696E76616C69642053
:10A4D00073757065722D6672616D65202564202527
:10A4E000642025640000000006090909060406042A
:10A4F000040E070806010F0F080409060C0A091FBD
:10A50000081F010F100F08040E110E1F080402018E
:10A510000E110E110E0E110E040211000E1B110071
:10A5200001807811807820003A010313800A298085
:10A530000A0000002A2A2A20434F44414C2050415F
:10A540004E4943203A205B25645D00003734484380
:10A550003A2077616974696E672E2E2E0000000024
:10A56000373448433A206E6F2077616974207265F2
:10A570007175657374656400373448433A202578F3
:10A5800000000000636F6E66696720747970653A39
:10A590002025643B20636667303D2578206366672D
:10A5A000313D257800000000636F6E666967757243
:10A5B000652073637265656E3A2046524D4354526E
:10A5C000313D2570204D414443544C3D257020744D
:10A5D0007970653D2564000073637265656E3A208D
:10A5E000256420782025642C206F66663D25642C28
:10A5F0002564000072756E6E696E6720666C61730B
:10A60000682046532047433B206E6565646564209F
:10A6100025642C206C656674202564004743206403
:10A620006F6E653A20256420667265650000000043
:10A630006F7574206F6620737061636521206E658D
:10A64000656465643D256400666F726D617474694C
:10A650006E672E2E2E0000006D6F756E7465642C73
:10A6600020656E643D2578206D6574613D257820F8
:10A67000667265653D25780000000000000000005E
:10A6800011F10000E5F0000035F10000CDF0000010
:10A69000636C656172696E672075736572206669A7
:10A6A0006C657300666F6F6261720000737069663B
:10A6B0006C6173682E62696E000000005350494659
:10A6C0004C41534800000000434F44414C000000FF
:10A6D0000000000000000000957A01002D6B0000D2
:10A6E00055820100117A01003D6B000069F4000001
:10A6F0006DF4000071F40000D54C0100115401000C
:10A70000954D01000DF5000075F400007DF400008A
:10A71000666978696E67206672656520726F773A40
:10A720002025640A00000000666F726D6174746910
:10A730006E6720534E4F5246530000006F757420D1
:10A740006F6620646174612073706163650A000044
:10A750006F7574206F66206D65746120737061631E
:10A76000650A00006D6F756E7420534E4F5246534C
:10A770002C20726F77733D256400000000000000FC
:10A7800000000000957A01002D6B00005582010049
:10A79000117A01003D6B000069F400006DF40000C7
:10A7A00071F40000D54C010011540100954D0100D9
:10A7B0000DF5000075F40000511301004D414B45AB
:10A7C000434F444500000000666F726D6174746908
:10A7D0006E672073746F726167650000000000008F
:10A7E00000000000211C0100E91B0100151C0100F4
:10A7F000E11B01000D1C0100011C0100F51B010003
:10A8000030780000444D455347206C696E652074D4
:10A810006F6F206C6F6E67210A000000250000003A
:10A820003F3F3F000D0A0000000000000000000054
:10A8300079220000812200001D79000021790000AA
:10A84000792A0100912A0100752A01000000000008
:10A850000000000079220000812200001D79000024
:10A8600021790000FD2A0100152B0100792B010040
:10A87000ED2A0100352B0100F12A0100F52A010023
:10A88000F52A0100412F0100B437010056370100BD
:10A89000E236010042370100E236010028370100AC
:10A8A0001E3701001437010000370100E6360100B1
:10A8B000050F3900021810050038B60834A909A0A0
:10A8C000478BFDA0768815B665000140001C100579
:10A8D00000DF60DDD88945C74C9CD2659D9E648AA7
:10A8E0009F00000306FFFF41000000000902000076
:10A8F00000010080000000000A00000000000306C4
:10A90000FFFF00001201100200000040EB030224D0
:10A91000024201020301000008000200FF00A00043
:10A920001400030057494E55534200000000000038
:10A93000000000008400040007002A0044006500B5
:10A94000760069006300650049006E0074006500D0
:10A950007200660061006300650047005500490011
:10A9600044007300000050007B00390032004300B7
:10A97000450036003400360032002D003900430017
:10A98000370037002D0034003600460045002D000A
:10A9900039003300330042002D0033003100430002
:10A9A00042003900430035004100410033004200BD
:10A9B00041007D00000000000403090455534220BB
:10A9C000617373657274696F6E206661696C65642A
:10A9D0003A206C696E6520256400000055534220C2
:10A9E00073746172742064656C6179656400000041
:10A9F000555342207374617274000000436F4441E8
:10AA00004C204465766963657300000047656E6598
:10AA100072696320436F44414C20646576696365C5
:10AA2000000000003432343200000000000000005A
:10AA30000000000079220000812200001D79000042
:10AA4000217900000000000000000000D93B010057
:10AA5000DB910200000000000000000079220000ED
:10AA600081220000D13C010021790000000000009B
:10AA700000000000DB910200DB910200DB9102008C
:10AA8000DB910200DB910200DB91020079420100C0
:10AA90000000000000000000954501008545010010
:10AAA0000000000000000000792200008122000068
:10AAB0001D79000021790000854A01009D4A0100AE
:10AAC000D93B0100B94A010000000000000000006D
:10AAD00079220000514B01001D790000217900000E
:10AAE0001D4B0100354B0100154B0100454C010089
:10AAF000696E666F5F7566322E74787400000000B0
:10AB000063757272656E742E75663200646D65735E
:10AB1000672E7478740000002F3F3C3E5C3A2A7C1C
:10AB20005E0000005F2D0000EB3C90434F44414C21
:10AB30002030300002010100024000E6FDF8FE0076
:10AB40000100010000000000000000000000294298
:10AB5000004200000000000000000000000046412C
:10AB600054313620202000000000000000000000CA
:10AB7000957A01002D6B000055820100117A0100C9
:10AB80003D6B000069F400006DF4000071F40000FA
:10AB9000D54C010011540100954D010041550100B3
:10ABA00075F400007DF40000EF03038002CF030082
:10ABB000C130ED0464031281E803850078CB0539C8
:10ABC0002C003402F70120EA020000C00123C10179
:10ABD00010C5023E28C701863601083701003A0138
:10ABE00055B1020018B603088227F20100260101C0
:10ABF000E00F0F312B0C0E084EF1370710030E0932
:10AC000000E10F000E1403110731C148080F0C3189
:10AC1000360F1180782980780000000000000000C5
:10AC20000000000021560100812200001D79000073
:10AC300031750100E9550100015601004CAC0200DC
:10AC4000040000006CAC02000700000002000000DD
:10AC500000000000040000000100000008000000E7
:10AC6000020000001000000003000000C409000002
:10AC70007000000088130000600000001027000032
:10AC800050000000204E000040000000409C0000EA
:10AC900030000000A08601002000000040420F00AC
:10ACA00010000000000000000000000079220000F9
:10ACB00081220000855D0100415C01000D5C010006
:10ACC000255C0100195B0100295B0100315B01007B
:10ACD000415B0100495B0100795D0100412F0100EA
:10ACE0000200040108020000E2040000000000006D
:10ACF000C4090000080000008813000010000000D4
:10AD00001027000018000000204E00002000000066
:10AD100080380100280000000071020030000000AF
:10AD200000C409003800000000000000000000001E
:10AD30007922000081220000C55E0100055F01004C
:10AD4000D15E0100E95E0100792B0100ED2A0100CE
:10AD5000352B0100F12A01008D5D0100255F010006
:10AD6000412F01004D50553630353020696E6974E1
:10AD7000202578000000000000000000792200007B
:10AD8000812200006962010025600100F15F01007D
:10AD900009600100792B0100ED2A0100352B01002B
:10ADA000F12A0100816001005D620100412F010074
:10ADB0000000000000000000856201004D1A010043
:10ADC0001D1E0100000000000000000035680100A9
:10ADD00085630100F1620100956201002D650100AB
:10ADE000C5650100F8FFFFFF0000000079220000A8
:10ADF000812200001D79000021790000B565010065
:10AE0000D965010000000000000000007922000068
:10AE1000812200001D79000021790000ED68010009
:10AE200005690100996801000000000000000000B1
:10AE300079220000812200001D79000021790000A4
:10AE4000716D0100896D0100C96C0100B94A0100F2
:10AE500001807811807820003A0103E010021C077D
:10AE6000123732292D29252B3900010310E1100357
:10AE70001D07062E2C292D2E2E373F000002101301
:10AE8000800A29800A000000000000000000000085
:10AE9000F5750100812200001D7900003175010067
:10AEA000D16D0100E96D010000000000000000000C
:10AEB000DD760100F57601000000000000000000D2
:10AEC00021770100D57701005978010099790100B7
:10AED000C9790100F9790100D48101002E820100B5
:10AEE0002E820100E28101002E8201002E820100EB
:10AEF0002E8201002E8201002E8201002E8201008E
:10AF00002E8201002E8201002E8201002E8201007D
:10AF10002E8201002E8201002E8201002E8201006D
:10AF2000F08101002E8201002E8201002E8201009C
:10AF30002E8201002E8201002E8201002E8201004D
:10AF4000F8810100D48101002E82010002820100FB
:10AF5000D48101002E8201002E8201002E82010088
:10AF60002E8201000A8201002E820100128201005D
:10AF70002E8201002E8201001A8201002E82010021
:10AF8000248201002E8201002E8201002E82010007
:10AF90002E820100D48101002E8201002E82010048
:10AFA0002E8201002E8201002E8201002E820100DD
:10AFB0002E8201002E8201002E8201002E820100CD
:10AFC0002E8201002E8201002E8201002E820100BD
:10AFD0002E8201002E8201002E8201002E820100AD
:10AFE0002E8201002E8201002E8201002E8201009D
:10AFF0002E8201002E8201002E8201002E8201008D
:10B000002E8201002E8201002E8201002E8201007C
:10B010002E8201002E8201002E8201002E8201006C
:10B020002E8201002E8201002E8201002E8201005C
:10B030002E8201002E8201002E8201002E8201004C
:10B04000C481010000000000000002020806500058
:10B0500000020002000000004D534320726573653A
:10B0600074000000676574206D6178206C756E0057
:10B07000726573706F6E7365206661696C65643AA2
:10B080002073656E7365206B65792025780000005C
:10B090004D53433A207265616420636D64206C6592
:10B0A0006E3D2564000000004D53433A20726561F7
:10B0B0006420636D6420696E76616C69643B206313
:10B0C0006D646C656E3D25640000000000000000AA
:10B0D00000000000957A01002D6B000055820100F0
:10B0E000117A01003D6B000069F400006DF400006E
:10B0F00071F40000097A0100DB910200DB9102008B
:10B100000000000000000000792200008122000001
:10B110001D79000021790000F582010019830100EA
:10B1200041830100F8FFFFFF00000000858401005B
:10B13000FFFF0000FFFF0000436170546F756368FC
:10B140002043616C696272617465642069643D25A5
:10B1500064207468726573686F6C643D2564202890
:10B160006D617820256429000000000000000000C7
:10B1700079220000514B01001D7900002179000067
:10B18000698F0100D18F0100154B0100F18C010086
:10B190000000000000000000792200008122000071
:10B1A0001D79000021790000E58F01002590010044
:10B1B000F59201001D930100F8FFFFFF0000000061
:10B1C00031930100F4FFFFFF000000000D93010028
:10B1D00008000000100000002000000040000000F7
:10B1E00080000000000100000002000000040000D8
:10B1F0000000000000000000C19301004193010025
:10B20000459301005D9301007D930100959301003A
:10B2100041940100000002000900150027003F00D2
:10B220005E008400B300EC002E017B01D3013502E7
:10B23000A202180398031F04AC043D05CF05610664
:10B24000F0067907FA076F08D70830097609AA09C6
:10B25000CA09D409CA09AA0976093009D7086F08AA
:10B26000FA077907F0066106CF053D05AC041F0417
:10B2700098031803A2023502D3017B012E01EC00D2
:10B28000B30084005E003F002700150009000200A3
:10B2900000000000504F4F2121210000000000005D
:10B2A0000000000079220000812200001D790000CA
:10B2B00021790000C194010089950100A194010049
:10B2C0002198010005950100F8FFFFFF0000000034
:10B2D00079950100F4FFFFFF00000000B194010028
:10B2E0003198010054582070696E6D75783A2025A8
:10B2F00064207061643A20256420696E73743A207A
:10B300002564000052582070696E6D75783A2025CA
:10B3100064207061643A20256420696E73743A2059
:10B3200025640000000000000000000079220000F9
:10B3300081220000D13C0100217900002D9B0100F9
:10B34000459B0100619B0100899B0100A59A0100BA
:10B35000799D0100859A0100959A010079420100CA
:10B360000100020004000800100040000001000479
:10B3700074635F696E643A20256420636C6B5F6957
:10B380006E6465783A20256400000000000000002B
:10B390000000000079220000812200001D790000D9
:10B3A0002179000035A001004DA001009591000019
:10B3B00031A301006DA00100859E0100A1A0010044
:10B3C00081A20100A9A20100A19E0100A59E010089
:10B3D0000D9F0100859F0100B9A00100EDA10100B2
:10B3E000D19F0100819E010055534220454F525389
:10B3F00054000000636C656172207374616C6C2092
:10B40000494E202564000000726573657420494E22
:10B41000202564007374616C6C20494E2025640003
:10B42000636C656172207374616C6C204F5554209D
:10B43000256400007265736574204F55542025649F
:10B44000000000007374616C6C204F55542025641B
:10B45000000000000000000000000000ADAB010093
:10B4600055E5010055E501005DE501005DE50100E0
:10B470008DAE010065E5010011AF0100E1AB0100F7
:10B48000000000000000000009B7010099B70100AA
:10B49000EDB2010031BC010001B3010061B801004F
:10B4A0006DB3010079B30100A5B30100B1B3010090
:10B4B000BDB90100CDB20100BDB30100D5B201009C
:10B4C000D5B30100E9B301000DBA0100DDB20100FE
:10B4D000E5B2010039B601007DBA010025B40100D2
:10B4E00001B5010029BA01007DBC0100A5BC010025
:10B4F00065B40100ECFFFFFF00000000F1B40100A3
:10B5000053504920696E7374616E63652025702005
:10B510007265712025646B487A2C20676F74202532
:10B52000646B487A20626175643D25640000000008
:10B5300000000000000000001DBD010029BD010049
:10B5400081C20100F1BD0100F9C1010049BD010046
:10B55000FCFFFFFF0000000099BD01001B1C1C0048
:10B56000040202001A1A1B00000100FF020F3F0133
:10B57000010300FF220F3F41020501000F0F3F3F73
:10B58000030703010F0F3F3F28111D02110F3F0456
:10B5900029131F03310F3F4404090504000F3F0026
:10B5A000050B0705200F3F40060D0906010F3F80E0
:10B5B000070F0B07210F3FC00800001000410002D9
:10B5C00009130011206140420A15001201408082D7
:10B5D0000B1700132160C0C22A1500FF12803F84A0
:10B5E0002B1700FF32A03FC40C1900FF02C0020459
:10B5F0000D1B00FF22E042440E1D00FF10808284DC
:10B600000F1F00FF30A0C2C4100100FF02C00103E1
:10B61000110300FF22E04143120500FF1040818327
:10B62000130700FF3060C1C3140900FF0FC08583FA
:10B63000150B00FF0FE0C5C3160D00FF11800305B9
:10B64000170F00FF31A04345181900FF12408385F2
:10B65000191B00FF3261C3C5360D00FF0F0F3F8578
:10B66000370F00FF0F0F3FC51B1F00FF0F0F3F3F9E
:10B670001C1100FF0F0F3F3F1E1500FF010F3F8100
:10B680001F1700FF210F3FC12205110A0F0F3F05B1
:10B690002307130B0F0F3F45540000FF0F0F3F3FD1
:10B6A0002700000001000200040008001000400014
:10B6B00000010004002C004200300042003400422F
:10B6C00000200042002400420028004214151617F2
:10B6D000181900001313131313130000000800427D
:10B6E000C40B0020000C0042C80B002000100042D8
:10B6F000CC0B002000140042D00B002000180042A8
:10B70000D40B0020001C0042D80B002000000000D9
:10B71000000000004DE5010055E5010055E5010080
:10B720005DE501005DE50100E1E5010065E5010081
:10B7300079E6010081E50100000000000000000042
:10B74000B9E7010055E7010035E80100FCFFFFFF04
:10B750000000000019E90100AEF60100EAF5010061
:10B760000EF60100ACF501000EF601008AF60100AC
:10B770000EF60100ACF50100EAF50100EAF5010062
:10B780008AF60100ACF50100E0F60100E0F60100E8
:10B79000E0F6010096F60100EAF50100EAF5010085
:10B7A0000EF60100AAF501000EF601008AF601006E
:10B7B0000EF60100AAF50100EAF50100EAF5010024
:10B7C0008AF60100AAF50100E0F60100E0F60100AA
:10B7D000E0F6010094F60100D8F9010082F90100B9
:10B7E00082F90100B0FA01007EF901007EF9010042
:10B7F000A6FA0100B0FA01007EF90100A6FA0100E4
:10B800007EF90100B0FA0100B4FA0100B4FA0100B7
:10B81000B4FA0100BCFA0100280902009A070200EC
:10B82000DE07020042070200DE070200CE08020027
:10B83000DE070200420702009A0702009A07020090
:10B84000CE080200420702003A0702003A0702004F
:10B850003A070200DC08020050100200520F0200FA
:10B86000520F0200701202004C0F02004C0F020037
:10B8700058120200701202004C0F0200581202000F
:10B880004C0F0200701202006612020066120200E3
:10B89000661202007412020061636F730000000000
:10B8A00061636F73680000006173696E00000000DF
:10B8B0006174616E68000000636F736800000000CF
:10B8C00065787000666D6F64000000006C6F670043
:10B8D0006C6F673130000000706F770073696E68BD
:10B8E0000000000073717274000000006C6F6766E6
:10B8F000000000006C6F6731306600007371727475
:10B9000066000000FB21F93FFB2109407CD9124071
:10B91000FB2119407A6A1F407CD92240BBFD25409B
:10B92000FB2129403A462C407A6A2F405C4731403F
:10B930007CD932409C6B3440BBFD3540DB8F3740B7
:10B94000FB2139401BB43A403A463C405AD83D406E
:10B950007A6A3F404C7E40405C4741406C10424018
:10B960007CD942408CA243409C6B4440AC3445405F
:10B97000BBFD4540CBC64640DB8F4740EB584840B7
:10B98000FB21494083F9A200444E6E00FC291500BA
:10B99000D1572700DD34F50062DBC0003C999500EB
:10B9A000419043006351FE00BBDEAB00B761C500B0
:10B9B0003A6E2400D24D42004906E00009EA2E000A
:10B9C0001C92D100EB1DFE0029B11C00E83EA7002F
:10B9D000F535820044BB2E009CE98400B42670003B
:10B9E000417E5F00D6913900538339009CF43900C1
:10B9F0008B5F840028F9BD00F81F3B00DEFF970035
:10BA00000F980500112FEF000A5A8B006D1F6D0073
:10BA1000CF7E360009CB2700464FB7009E663F0019
:10BA20002DEA5F00BA277500E5EBC7003D7BF1000A
:10BA3000F739070092528A00FB6BEA001FB15F00E2
:10BA4000085D8D00300356007BFC4600F0AB6B00B8
:10BA500020BCCF0036F49A00E3A91D005E6191007E
:10BA6000081BE60085996500A0145F008D40680002
:10BA700080D8FF0027734D0006063100CA56150016
:10BA8000C9A873007BE260006B8CC000000FC93F47
:10BA9000000F494000CB9640000FC9400053FB40C7
:10BAA00000CB164100ED2F41000F494100316241AA
:10BAB00000537B41003A8A4100CB9641005CA34190
:10BAC00000EDAF41007EBC41000FC94100A0D5414F
:10BAD0000031E24100C2EE410053FB4100F203425B
:10BAE000003A0A420083104200CB164200141D4265
:10BAF000005C234200A5294200ED2F420036364269
:10BB0000007E3C4200C74242000F4942A2000000B2
:10BB1000F9000000830000006E0000004E000000ED
:10BB2000440000001500000029000000FC00000097
:10BB30002700000057000000D1000000F5000000C1
:10BB400034000000DD000000C0000000DB00000049
:10BB50006200000095000000990000003C00000019
:10BB6000430000009000000041000000FE000000C3
:10BB70005100000063000000AB000000DE00000088
:10BB8000BB000000C500000061000000B70000001D
:10BB9000240000006E0000003A0000004200000097
:10BBA0004D000000D2000000E00000000600000090
:10BBB000490000002E000000EA000000090000001B
:10BBC000D1000000920000001C000000FE000000F8
:10BBD0001D000000EB0000001C000000B100000090
:10BBE00029000000A70000003E000000E80000005F
:10BBF0008200000035000000F50000002E0000006B
:10BC0000BB0000004400000084000000E9000000C8
:10BC10009C0000007000000026000000B40000003E
:10BC20005F0000007E0000004100000039000000BD
:10BC300091000000D60000003900000083000000E1
:10BC40005300000039000000F40000009C000000D8
:10BC5000840000005F0000008B000000BD000000B9
:10BC6000F9000000280000003B0000001F00000059
:10BC7000F800000097000000FF000000DE00000058
:10BC800005000000980000000F000000EF00000019
:10BC90002F000000110000008B0000005A0000007F
:10BCA0000A0000006D0000001F0000006D00000091
:10BCB000360000007E000000CF00000027000000DA
:10BCC000CB00000009000000B70000004F0000009A
:10BCD000460000003F000000660000009E000000DB
:10BCE0005F000000EA0000002D0000007500000069
:10BCF00027000000BA000000C7000000EB000000B1
:10BD0000E5000000F10000007B0000003D000000A5
:10BD10000700000039000000F70000008A00000062
:10BD20005200000092000000EA0000006B000000DA
:10BD3000FB0000005F000000B10000001F000000D9
:10BD40008D0000005D0000000800000056000000AB
:10BD5000030000003000000046000000FC0000006E
:10BD60007B0000006B000000AB000000F000000052
:10BD7000CF000000BC000000200000009A0000007E
:10BD8000F4000000360000001D000000A9000000C3
:10BD9000E300000091000000610000005E00000070
:10BDA000E60000001B000000080000006500000025
:10BDB00099000000850000005F00000014000000F2
:10BDC000A000000068000000400000008D0000009E
:10BDD000FF000000D8000000800000004D000000BF
:10BDE0007300000027000000310000000600000082
:10BDF000060000001500000056000000CA00000008
:10BE000073000000A8000000C900000060000000EE
:10BE1000E20000007B000000C00000008C00000079
:10BE20006B0000000200000003000000040000009E
:10BE3000060000000000C93F0000F0390000DA37BA
:10BE40000000A2330000842E0000502B0000C22707
:10BE50000000D0220000C41F0000C61B00004417D1
:10BE60000400000007000000090000004300504FDC
:10BE7000534958002E000020202020202020202080
:10BE8000282828282820202020202020202020208A
:10BE900020202020202020881010101010101010BA
:10BEA00010101010101010040404040404040404FE
:10BEB0000410101010101010414141414141010186
:10BEC0000101010101010101010101010101010162
:10BED0000101101010101010424242424242020270
:10BEE0000202020202020202020202020202020232
:10BEF00002021010101020000000000000000000DE
:10BF00000000000000000000000000000000000031
:10BF10000000000000000000000000000000000021
:10BF20000000000000000000000000000000000011
:10BF30000000000000000000000000000000000001
:10BF400000000000000000000000000000000000F1
:10BF500000000000000000000000000000000000E1
:10BF600000000000000000000000000000000000D1
:10BF70000000000000000000F8B5C046F8BC08BC96
:10BF80009E467047152100004D5D0000AD69000020
:10BF9000A1810000E1880100F8B5C046F8BC08BCEA
:08BFA0009E467047ED200000F1
:08BFA8009830FF7F010000004A
:10BFB00000000000A10D0C000101010180BA010F79
:10BFC00080BA010F380C0020FCA902000CAA020064
:10BFD00024AA02000138FDD17047000075D001008D
:10BFE00075D0010000080042000C00420010004221
:10BFF0000014004200180042001C0042E9910200B7
:10C000000801002000000000000000000000000007
:10C010000000000000000000000000000000000020
:10C020000000000000000000000000000000000010
:10C030000000000000000000000000000000000000
:10C0400000000000000000000000000000000000F0
:10C0500000000000000000000000000000000000E0
:10C06000000000004300000000000000000000008D
:10C0700000000000000000000000000000000000C0
:10C08000000000004300000000000000000000006D
:10C0900000000000000000000000000000000000A0
:10C0A000000000004300000000000000000000004D
:10C0B0000000000000000000000000000000000080
:10C0C000000000004300000000000000000000002D
:10C0D0000000000000000000000000000000000060
:10C0E000000000004300000000000000000000000D
:10C0F0000000000000000000000000000000000040
:10C1000000000000430000000000000000000000EC
:10C11000000000000000000000000000000000001F
:10C1200000000000430000000000000000000000CC
:10C1300000000000000000000000000000000000FF
:10C1400000000000419302001D9302000000000067
:10C1500076BE020074BE020075BE020075BE02000B
:10C1600075BE020075BE020075BE020075BE0200FB
:10C1700075BE020075BE020075BE0200FFFFFFFF24
:10C18000FFFFFFFFFFFFFFFFFFFF00000100415324
:10C1900043494900000000000000000000000000CA
:10C1A00000000000000000000000000000004153FB
:10C1B00043494900000000000000000000000000AA
:10C1C000000000000000000000000000000000006F
:10C1D000000401000000000000000000000000005A
:04000003100018C110
:00000001FF
