:102000000080002061EF00005DEF00005DEF000048
:1020100000000000000000000000000000000000C0
:102020000000000000000000000000005DEF000064
:1020300000000000000000005DEF00005DEF000008
:102040005DEF00005DEF00005DEF00005DEF000060
:10205000256F01005DEF0000019401005DEF0000BD
:102060005DEF0000719001008190010091900100EE
:10207000A1900100B1900100C1900100098301000D
:102080001983010029830100398301004583010080
:102090005183010000000000000000005DEF00001F
:1020A0005DEF00005DEF00005DEF00005DEF000000
:1020B000000000007CB0EE877CB0EE87FF00FF00E0
:1020C000FF00FF00FF00FF00FF00FF00FF00FF0018
:1020D000FF00FF00FF00FF00FF00FF00FF00FF0008
:1020E000FF00FF00FF00FF00FF00FF0010B5064CDF
:1020F0002378002B07D1054B002B02D0044800E0C9
:1021000000BF0123237010BDE0020020000000008A
:10211000846A0200044B10B5002B03D00349044825
:1021200000E000BF10BDC04600000000E402002037
:10213000846A020070B505000E0000F06BFA041E00
:102140000ED00368DB6A9847082D0AD02B00093BA4
:10215000012B12D91023320029000D2004F044FC79
:1021600070BD236820005B6A98470228F2DC236870
:1021700004211B6A20009847ECE7236820005B6A73
:1021800098470528E6DC236808211B6A2000984749
:10219000E0E7C04670B5050000F03CFA041E36D0FA
:1021A0000368DB6A9847012D3DD032DD022D36D021
:1021B000032D2CD120000EF02BFA18F0E1FF061CA5
:1021C00020000EF033FA18F0DBFF051C20000EF0A3
:1021D0003BFA18F0D5FF311C041C301C18F0A4FC8D
:1021E000291C061C281C18F09FFC011C301C18F030
:1021F00029F9211C051C201C18F096FC011C281C28
:1022000018F020F91CF0B0FE18F09AFF00E0002052
:1022100070BD002DFBD120000EF0FAF9F8E7200088
:102220000EF012FAF4E720000EF000FAF0E7C046D4
:1022300070B5050000F0EEF9041E0AD00368DB6AF1
:102240009847002D07D0012D03D120000EF0AAFAE7
:1022500000E0002070BD20000EF07AFAFAE7C046D8
:1022600010B5040000F0D6F9002803D0036821005F
:102270001B6A984710BDC0460048704716FCFFFF18
:102280007047C04610B50400024B03600DF078FFA4
:10229000200010BDBC5A020010B50400044B0360BE
:1022A0000DF06EFF200022F09BF8200010BDC0460C
:1022B000BC5A0200F0B5C6460F2600B5032184B013
:1022C0000500512001F082FF8024310003116400D9
:1022D000070001401E40044076D1C24B3200C24884
:1022E0000DF0E0F8621E94410F21E2B23940330054
:1022F000280011F0B5FD0023BC48AB600DF0D2F80A
:1023000001210320494201F061FF04F0A3FF0121F4
:1023100004004942022001F059FF04F09BFF002C09
:1023200054D0002852D00100200004F043FC071EC6
:1023300064D001214620494201F048FF04003828BA
:1023400000D1D4E025DD3A2800D1BBE068285DD17A
:1023500001210120494201F039FF04F07BFF804652
:102360004C2022F04CF805230094019342462B00A8
:102370003900060010F018F9AE60336830009B6A2F
:102380009847A8680368DB6A984799480DF08AF86F
:1023900037E0302801D0322838D1012101204942CC
:1023A00001F014FF04F056FF80464C2022F027F87D
:1023B000052306000193A4B200942B004246390085
:1023C00030000FF0A1FED7E78A4B87E78A480DF06F
:1023D00069F801211920494201F0F8FE04F03AFFA2
:1023E000012104004942182001F0F0FE04F032FF00
:1023F0000100200004F0DEFB071E9AD17F480DF09B
:1024000051F8280004B004BC9046F0BD002301241C
:10241000AB603B68019400941E6A0F230F226B444B
:1024200032213800B047002800D1A4E03B68019475
:1024300000941E6A0F230F226B4430213800B047EE
:1024400000286CD03B68019400941E6A0F230D2273
:102450006B4438213800B047002800D191E03B6838
:10246000019400941E6A0F230D226B443A21380018
:10247000B047002800D19BE03B68019400941C6A9F
:102480000F2375226B4468213800A04700285AD1D9
:1024900068215B480DF006F801210120494201F056
:1024A00095FE04F0D7FE04004C2021F0A8FF052380
:1024B00001936333009322002B003900060010F0D3
:1024C00073F859E701210120494201F07FFE04F031
:1024D000C1FE8046442021F092FF05230094019321
:1024E00042462B00390006000FF0B4FF44E70121FB
:1024F0000120494201F06AFE04F0ACFE804644200F
:1025000021F07DFF05230600019342462B00009435
:10251000390030000FF09EFF3A4B33602CE730213A
:1025200037480CF0BFFF302401210120494201F05F
:102530004DFE04F08FFE80464C2021F060FF052305
:102540000600019338E730480CF0ACFFAE68002E6F
:1025500000D012E701210320494201F037FE04F0C8
:1025600079FE002803D029480CF09CFF49E7284851
:102570000CF098FF45E7322121480CF093FF3224FC
:10258000D2E738211E480CF08DFF0121012049427D
:1025900001F01CFE04F05EFE0400442021F02FFF39
:1025A000052301933333009306002B002200AFE78D
:1025B0003A2113480CF076FF01210120494201F035
:1025C00005FE04F047FE0400442021F018FF052317
:1025D00001933533009322002B00390006000FF0E1
:1025E00039FFC9E6944C02009C4C0200BC4C02002E
:1025F0007C4D02008C4C0200CC4C0200E04C0200EE
:102600000C4D0200584C0200F84C0200204D020014
:102610005C4D020070B5114C2368002B01D0986806
:1026200070BD01210120494201F0D0FD04F012FEED
:10263000002808D00C2021F0E2FE0500FFF73AFE4A
:102640002560A868ECE701210320494201F0BEFDA6
:1026500004F000FE0028EDD1E2E7C046FC020020B5
:1026600010B501F0F9FE1BF04FFB01F0E7FA10BDC9
:1026700010B501F0F1FE1BF0F3FE01F0DFFA10BD22
:1026800010B501F0E9FE1BF0C1FB01F0D7FA10BD57
:1026900010B501F0E1FE1CF09FFA01F0CFFA10BD79
:1026A00010B501F0D9FE1BF071FE01F0C7FA10BDA4
:1026B00010B501F0D1FE1BF0EDFD01F0BFFA10BD29
:1026C00010B501F0C9FE1AF05BFD01F0B7FA10BDBC
:1026D00010B501F0C1FE1BF01FFD01F0AFFA10BDF7
:1026E00010B50C000299914221DB002B0BD1042A7A
:1026F00017D0022A01D1C3070FD50100200008F02E
:1027000025FE002008E08018A21801380378237005
:102710000134A242F9D1002010BD0388002023809B
:10272000FAE78307E9D1036800202360F4E700217A
:1027300020000AF037F801204042EDE708307047EA
:1027400003000020002B06D0002904DB5A688A42CF
:1027500001DD5B18187A7047002806D0002904DBD9
:1027600043688B4201DD401802727047030000206D
:10277000002B06D0002904DB5A68914201DA5B186D
:10278000187A70470123820703D1000F4342584152
:10279000C3B218007047C046002806D0002904DBE9
:1027A0004368994201DA40180272704770B5002BF5
:1027B00022DB002920DB45688D421DDB54686D1A41
:1027C000E41AAC420EDC002C16DB050016000835BE
:1027D0000836824208D068182200F11808F0B6FDC9
:1027E000002070BD2C00EEE7ED18701822002900C3
:1027F00021F034FE0020F4E701204042F1E7C0461A
:102800004068704710B5002A0DDB446894420ADB2B
:10281000002B00DA2300A41A9C4205DC0830801843
:10282000220009F0BFFF10BD1C00083080182200F4
:1028300009F0B8FFF7E7C04610B543681C008B42AB
:1028400000DD0C00002A00DA1A00191B914200DD9D
:1028500011000830001900F043FF10BD70B50E00E4
:10286000002B01DA43689B1A002A1DDB4468991883
:10287000A14219DC914217DB002B15D0710013D057
:102880005942B14211DAB3420FDD08308518002EEB
:1028900012DB9C1BA9192200280021F0DFFD28195A
:1028A0003200002109F07EFF70BD012300225B424F
:1028B0000021FFF7A7FFF7E774429A1929002819AA
:1028C00021F0CCFD22000021280009F06BFFEBE78E
:1028D00010B54168083000F073FE10BDF8B54368CC
:1028E00005005900002000F0EFFD6B688446002BC6
:1028F00016DD07262B0002000F277642094C08330D
:102900000632761B19780911615C1170197839400B
:10291000615C51706868F118023201338842F1DC61
:102920006046F8BD144E020070B5050016000800A0
:102930001C1E01DA6B689C1A002E2BDB6A68A31937
:10294000934227DCB34225DB002C23D0430021D067
:10295000002801DA2302C018210017F00FFB00291C
:1029600000DA09190835AD1969182C198D4211D0F2
:102970000B0005E003008A420DD01500934209D0F8
:1029800018782E782870581C6A1C1E708442F1D169
:102990000B00F2E770BD0100EFE7C046012300B570
:1029A0005B4283B000930023FFF700FF03B000BD3C
:1029B00010B503000C00002000290DDD5968083314
:1029C000180002F053FB1F2C06DC0300E3405840C4
:1029D0000123A340013B184010BDC04610B50100C3
:1029E000002000F07DFE10BD70B50021050000F054
:1029F00013FE0100002000F073FE01000400083106
:102A0000280000F009FE200070BDC04630B504006B
:102A100083B00D00102A0DD8474992008A58974676
:102A2000180001F037FE0090032D03DDA30700D04E
:102A30007CE0206003B030BD180001F097FD002D50
:102A4000F8DD2070F6E7180001F090FD012DF1DDB2
:102A500060700004000E2070ECE7180001F02AFD01
:102A60000090032DE6DD6B461B78E3706B465B78C8
:102A7000A3706B469B7863706B46DB782370D9E755
:102A8000180001F0E9FC00900191072DD2DD230030
:102A90006A4608331178013B197001329C42F9D122
:102AA000C8E7180001F0F6FD0090032DDBDCC1E75C
:102AB000180001F05BFD6B461880012DBADDE307BD
:102AC00032D502226946200008F040FCB2E7180027
:102AD00001F04CFD0090032DC5DCABE7180001F0C0
:102AE000E9FC0090032DA1DCA4E7180001F03EFDF5
:102AF0006B4680B21880012D9CDDE0E7180001F0E4
:102B000035FD0090032D00DD90E793E7180001F0FC
:102B1000A3FC00900191072D00DC8BE70822694699
:102B2000200008F013FC85E7208083E70422694633
:102B3000200008F00BFC7DE78C4D020010B5002A48
:102B400007DB44680830A41A80180A002100FFF748
:102B50005DFF10BD10B584B0102A00D977E03D4B61
:102B600092009B589F460123009102A90822FFF77B
:102B7000B7FD0298039901F061F804B010BD00237D
:102B800002AC009101222100FFF7AAFD002020568F
:102B900001F052F9F1E7002302AC0091012221007B
:102BA000FFF79EFD207801F047F9E6E7002302AC2D
:102BB000009102222100FFF793FD0023E05E01F067
:102BC0003BF9DAE7002302AC009102222100FFF773
:102BD00087FD208801F030F9CFE70023009104221F
:102BE00002A9FFF77DFD029801F026F9C5E702ACC6
:102BF00000910123C6E702AC00910123CEE702ACAD
:102C000000910123D5E702AC00910123DDE700919B
:102C10000123E4E700230091042202A9FFF760FDED
:102C2000029801F015F9A8E700910123F4E70023C9
:102C30000091042202A9FFF753FD029801F0F6F873
:102C40009BE70091002390E700910123F1E700202A
:102C500093E7C046D04D020010B5002A08DB436858
:102C600008309B1A80180A001900FFF773FF10BD87
:102C7000002001F0E1F8FAE710B503F09FFD10BD68
:102C800010B503F09FFD8000800810BD10B503F063
:102C9000ABFE10BD10B50CF033F910BD10B5C11767
:102CA00003F04EFD10BDC04610B503F05DFD10BD34
:102CB00010B503F069FD10BD00B583B003F07AFDD7
:102CC000009001910821684602F0D0F98000800848
:102CD00003B000BD00B583B003F06CFD009001911E
:102CE0000821684600F0FCFC03B000BD70B50C1E66
:102CF0000CD00B6808001B6A9847236805005B6AC4
:102D0000200098470100280004F068FE70BDC0460E
:102D100010B502F0C5F810BD10B5012002F070FB2F
:102D200010BDC04610B5022002F06AFB01480AF04F
:102D300067FB10BD93030000014B18607047C0464D
:102D4000000300207047C04600207047F0B5DE4603
:102D500057464E464546E0B585B0002A00DCE8E01F
:102D60003F2300259A46BF3B9B469F339846103B26
:102D700000249946019522E01E004746BE43F6B264
:102D8000C02E36D01E004F46BE43F6B2E02E4BD0CA
:102D9000F8261E40F02E67D0019D013402350195C2
:102DA00000280AD040279E097F423E4306705646BF
:102DB00033405E46334343700230944210DA0B5D79
:102DC0005EB2002ED8DB01347F2B00D99FE0019D3D
:102DD000013501950028F0D0037001309442EEDBFC
:102DE000019D280005B03CBC90469946A246AB46E2
:102DF000F0BD661CB4469642C4DA0E197678554684
:102E00003700AF43802FBDD1F8279D01FF002F4031
:102E100055462E4037437F2F77DC019C02340194C6
:102E200064460028BED1CAE7A61C9642B0DA5746CF
:102E30000E1975780295BD43802DA9D1B67835005D
:102E4000BD43802DA4D11D072D0CAC4665463E40E8
:102E50002E43029DAF01FC252D012F403E434D4FD7
:102E6000BE4299DD033436E0E61C964294DA5646BB
:102E70000F197D780295B543802D00D08CE7BD7881
:102E80000395B543802D00D086E7FD782F00AC4632
:102E9000B743802F00D07FE7E0279D047F033D40AC
:102EA000674637403D43AC46FC27029DBF022E03D8
:102EB00065463E403543AC46FC27039D3F01AE01CD
:102EC00065463E402E43344D344FAC46B444BC4579
:102ED00000D961E70434324B9E422CD8019B033366
:102EE0000193002800D168E72025330B6D422B4366
:102EF00055460370B3092B405D462B434370534640
:102F00001E402E438670033057E73B000234019D7C
:102F100002350195002800D14FE740259E096D42FA
:102F20002E4355462B405D462B43067043700230BE
:102F300043E7002555E7019B06330193002800D1A4
:102F40003BE7D8252D02AC46ED2505705546124BC2
:102F5000F3189E0A6644B7092F405D462F43554635
:102F60002E405D462E43DC252D02AC46ED25C57076
:102F700055469B059B0D634486709E092E405D4619
:102F80002E4355462B405D462B43477006714371D7
:102F9000063012E7FF0700000000FFFFFFFF0F00F1
:102FA000FFFF000003785AB2002A01DB18007047C7
:102FB0001F2219009143C02910D0F0221A40E02AA4
:102FC000F4D1FC214278090192011B071B0C0A4035
:102FD0001A433F23807803401343E7E7F8229B011D
:102FE000D200134042783F2010400343DEE7C04642
:102FF000F0B5C5888D4230D32D090B096D00868848
:10300000002A2CD182685519002B09D01A48844611
:1030100063445B009B5AF61AED180F23B6B21940B1
:103020000F20002200231F27844602E001339E4226
:1030300013DBE8180132047891420FDB60B20028FC
:10304000F4DA2000B843C02813D060468443E02C53
:10305000ECD1023301339E42EBDA0020F0BD0200D6
:1030600008325519002BDBD0013B5B00C0180389E7
:10307000D1E70133DAE7C046FFFFFF7F80880A30DF
:1030800080087047063070478088704783888B427D
:1030900002D30630401870470020FCE780880A30D1
:1030A000800870470630704780887047F0B5848884
:1030B000851D0020002C16D000231F260F2702E0BC
:1030C00001339C420FDDEA5C013051B20029F7DA8E
:1030D0001100B143C02907D0BA43E02AF0D102332E
:1030E00001339C42EFDCF0BD0133E9E7F0B5851D0B
:1030F00086880F20002200231F27844602E0013328
:103100009E4213DBE8180132047891420FDB60B273
:103110000028F4DA2000B843C02809D06046844370
:10312000E02CECD1023301339E42EBDA0020F0BDFB
:103130000133E4E703207047C38880681B095B0004
:10314000C018704780887047C088704710B500224B
:10315000FFF74EFF10BDC0460300C0889B880009E2
:1031600002304000C0180830800870470300C08853
:1031700008330009400018187047C04610B50122F6
:10318000FFF736FF10BDC04640680B30800870471F
:10319000F0B54646D6464F46C0B5C488150024094A
:1031A000060064008288002D4BD0050008352C19DC
:1031B000A3189846002959D0200008F0C7F800232A
:1031C00042461370F7883F09002F30D07F00BA467F
:1031D000A1461F26AA4443461F1B1CD40F20227859
:1031E00010210023844607E001339F4213DBE018DF
:1031F00001390278002921D050B20028F4DA1000F9
:10320000B043C02818D060468243E02AECD1023394
:1032100001339F42EBDADC2080000AF0F1F8002451
:1032200000234A469B1A2B800235AA45D3D11CBCE9
:1032300090469946A246F0BD0133D5E7040003004D
:10324000EFE783689C466444A3189846002904D19C
:103250001970C788B5683F09B6E7200008F076F80E
:1032600043461D70F788B5683F09ADE71970C788F8
:103270003F09A9E710B58068002801D001F0A0FF40
:1032800010BDC04610B50400406801F0BFFFA06843
:1032900001F0BCFF10BDC046F0B55746DE464E46B5
:1032A0004546E0B5414C83B0A188824600295CD1F7
:1032B0005246200002F054FE00233D4E99469846A7
:1032C0000EE0200002F060FE03680500B34261D00A
:1032D0009B6A98472B6880445B6A28009847814422
:1032E000A388002BEDD143461E094B467600581C9F
:1032F000801902F0EBFB8446A18801906644002906
:1033000038D15246200002F02BFE294B9B4613E099
:10331000200002F039FE036805005B452FD05B6A90
:1033200098472B6807001B6A280098473A0001005D
:10333000300008F00BF8F619A388002BE8D15246AC
:103340001C4B0021136053464A469A804246DA805D
:10335000019A50469A600022FFF71AFF03B03CBC66
:1033600090469946A246AB46F0BD13480AF048F88D
:10337000A1889DE710480AF043F8A188C1E7A18819
:103380008268200002F0ECFD6A68A188200002F04B
:10339000E7FDD1E7A1888268200002F0E1FD6A68BC
:1033A000A188200002F0DCFD9AE7C0460803002057
:1033B0009C4E0200E44E02007103000010B50400B0
:1033C000FFF76AFFE08810BD10B50400FFF764FF47
:1033D000A08810BD10B50400FFF75EFFE088A36869
:1033E00000094000181810BD70B50D000400FFF76B
:1033F00053FF290000222000FFF7FAFD70BDC046F0
:103400007047C0460320704703207047C08870474C
:103410007047C046808870477047C04680887047B4
:103420007047C04600280ED043688B4201D0002B65
:1034300006D1531C07D08368934204D0002B02D0DE
:1034400000680028F0D17047084B1B68002B0BD098
:103450005A68904201D0002AF7D14A1C04D09A68D9
:10346000914201D0002AF0D11800704704030020D7
:10347000F0B5C646134F00B53B6804000E009046F9
:10348000002B03D10DE01B68002B0AD05A68A24222
:10349000F9D19A68B242F6D14246DA6004BC90464D
:1034A000F0BD102002F024FB3B680500036043469A
:1034B00044608660C36001210C3002F0D7FB3D60A0
:1034C000ECE7C04604030020F0B5C646060000B590
:1034D0000C1E02DA21F00DF80400002C1DD0A7B25A
:1034E000002E1FD0330031191A787F2A21D80133DA
:1034F0009942F9D12E4B9846E01D02F029FA051E9B
:1035000001D043460360AF80A81D2200310007F0C0
:103510001DFF00232C19A37100E0264D280004BCD8
:103520009046F0BDE01D02F013FA051E3BD1B780B6
:10353000EFE7132C02DC204B9846DDE70F2200203A
:1035400000231F25944602E001339C4210DDF25C0B
:10355000013051B20029F7DA1100A943C02920D067
:1035600061468A43E02AEFD1023301339C42EEDC0C
:1035700083B298460F23C217134018180011400059
:103580000934001902F0E4F9051E01D00B4B036069
:103590004346AF80EB80012231002800FFF7F8FDA1
:1035A000BCE70133D0E7024B87800360B1E7C04638
:1035B000444F02006C500200144F0200744F02008E
:1035C000F8B505000C1E02DA20F093FF0400002C71
:1035D00002D1104C2000F8BD220029000020FFF786
:1035E000B5FB060084420FD002F082FA07002200E9
:1035F0002900FFF7ABFB31003800FFF765FF04003F
:10360000380002F089F9E5E721002800FFF75CFFA8
:103610000400DFE76C500200F8B5DE4657464E4620
:103620004546E0B5036804001B6A0F00984723680D
:1036300080465B6A20009847061E48D0254B002430
:1036400000259B46434618190378ED2B0DD0002F1B
:1036500000D07B5501350134B442F3D328003CBC83
:1036600090469946A246AB46F8BD621D9246B242CC
:10367000EDD2FFF797FC8146E01C4044FFF792FC37
:10368000154B4B445B45E6D8144A82185A45E2D89C
:10369000002F19D0902292019446102160449B0281
:1036A0001B1880243F209A1449420A43191364428C
:1036B00001407A5521437A19517099110140034014
:1036C000214323439170D37004355446C3E700204F
:1036D000C5E7C046FF0300000028FFFF0024FFFFEE
:1036E00070B506000D1E12DD0800083002F030F93A
:1036F000041E01D0094B03602000656008302A00D9
:10370000002E06D0310007F021FE200070BD044CD1
:10371000FBE7002109F046F8F7E7C046E04F02005A
:1037200060500200014B18607047C046B80000208E
:10373000010043011B189B011B189B001B18D8029A
:10374000C31A5B005B1AD800C01A044AC300181AD7
:10375000400013684018584010607047B8000020BF
:103760000F4BF0B59C46050001241F682A0000207D
:10377000BE09FB0F73407B403E0979087340BF08C8
:103780007B404B40DB070B431F00230040003B40C6
:1037900018435208ECD18542E8D363461F60F0BD60
:1037A000B8000020004870476C50020070B5030458
:1037B00082B01B0C7F2B22DD3F2580242A0064422F
:1037C0001A4011489911224349B2D2B283420EDD08
:1037D000202629400C4303211B13764201A83343C2
:1037E000037044708270FFF76FFE02B070BD40231B
:1037F0005B4201A81943017042700221F3E701A85E
:1038000003700121EFE7C046FF070000F0B5D64680
:103810004F4646460400C0B50D00002800D175E0B3
:10382000474B002949D00F00984240D027009D42C5
:103830003DD02368434EB34200D171E05B6A200063
:1038400098472B6880465B6A2800984706004644E4
:103850008146322E67D8236820001B6A98472B6860
:1038600082461B6A28009847310005000020FFF7B8
:103870002BFE036807001B6A984742465146040026
:1038800007F064FD43464A46E018290007F05EFD54
:10389000002E0CD023787F2B3DD8631C341904E014
:1038A00000229A560133002A35DBA342F8D13800B2
:1038B0001CBC90469946A246F0BD98422ED00368A3
:1038C000204E214DB342B9D1A0680368B3422AD03B
:1038D0005B6A98472B6807005B6A28009847C01905
:1038E000322820D80C2002F033F8071E00D00660E2
:1038F000380002F0D3F9636829007B60A068FFF705
:1039000085FFB860380002F0DBF9D0E70E4C0029E3
:1039100013D00B4B8AE70D4B3B60C8E70A4FC6E755
:103920002B68B342D0D10C2002F012F8071E01D050
:10393000044B03607C60BD60B9E72500044B7DE764
:103940006C5002009C4E0200C0500200144F020056
:10395000444F0200F8B505000C00884225D00368EA
:103960005B6A9847236807005B6A200098472B68CA
:1039700006001B6A28009847236805001B6A200080
:103980009847BE420BD82C00411B2378085D834228
:1039900007D083428041012398430130F8BD3E00A7
:1039A000F1E70134631BB342EFD90020F6E7C046CC
:1039B00010B503689B6A984710BDC046F0B54646EF
:1039C000DE4657468846C0B57F22060082B037786B
:1039D0003B00093B042B5DD913003B40202B59D001
:1039E0002B2F01D1777801362D2F00D175E00023E0
:1039F000404C00930194002F00D178E00022002376
:103A000093460024002521E000223B4B20002900A2
:103A100018F066FB04000D00504619F06DF9220005
:103A20002B0017F037FC5A4604000D000123002A32
:103A300008D000980199304B002217F047FF5B46F1
:103A40000090019101363778002F11D03022524278
:103A50009246BA445246092AD6D95A46002A1BD160
:103A60002E2F19D10122013637789346002FEDD140
:103A70002200009801992B0018F032FB04000D0081
:103A800043461E602000290002B01CBC90469A46A6
:103A9000A346F0BD01369AE7002B25D00098019986
:103AA0002B00220018F01CFB202304000D009F4374
:103AB000452FE5D10A224146701C20F06BFC0E49CF
:103AC0000200002016F046FB02000B002000290037
:103AD00018F006FB04000D00D4E70023074C7778AC
:103AE00000930194013686E70024054DCAE70024BF
:103AF0000025BDE70000F03F000024400000F0BFBB
:103B00000000F87FF8B505000C00161E25DD0368DF
:103B10009B6A9847002C03DA0419E343DB171C4027
:103B2000001BB04211DD2B682100DB6A280098479A
:103B30002B68A1190700DB6A28009847041E08D0EB
:103B4000E11B3800FFF7C0FCF8BD002805DD0600CA
:103B5000E9E7034809F054FCF2E70248F4E7C046FD
:103B6000720300006C500200F8B54746CE460600CE
:103B700080B514000F0000284CD000294AD00368FB
:103B80001B6A9847E14380463368C9172140DB6AC6
:103B9000300098474346C51A336804005B6A30001A
:103BA00098473B68451B5B6A380098470600002C25
:103BB00030D085422ED33B6838001B6A9847814637
:103BC000077803E0013D0134B54223D32378BB429B
:103BD000F8D132004946200020F031FC0028F1D114
:103BE0004346E41A002C17DD00231F250F2602E0B0
:103BF00001339C4210DD4246D25C013051B20029B3
:103C0000F6DA1100A943C0290AD0B243E02AEFD165
:103C10000233EDE7012040420CBC90469946F8BDC6
:103C20000133E5E710B5FFF79FFF0130431E9841D0
:103C300010BDC046012358407047C04670B50A0009
:103C400005000C1E14D10120002D10D02A002300E5
:103C50002800210018F0FEFF002849D10C3001F0A7
:103C600077FE002801D0234B03604560846070BD5F
:103C70004B0021495B0D59181D2919D8142920DD45
:103C80001E488446280063449840031EDED18020ED
:103C9000E40200061F335B1A2043D8403423591A2C
:103CA000CD402843002A1EDB012340001843DEE7F5
:103CB0001E29CBD10028C9D1114B9C42C6D1114835
:103CC000D5E70028C2D110488446200063449840BC
:103CD000031EBBD18020E40200061F332043591A83
:103CE000C840002AE0DA0123404240001843BEE702
:103CF0000E20BCE71050020001FCFFFFEDFBFFFFB0
:103D00000000D0C1010000800DFCFFFF70B503680A
:103D100082B01B6A984701A9FFF750FE04000D000E
:103D2000002200232000290016F03EF9002827D1A8
:103D300001226E0076085242144B2000310018F028
:103D400089FF00281AD10122104B52422000310075
:103D500016F044F9002811D1802300225B032000D3
:103D6000310018F077FF002808D1802300225B0380
:103D70002000310016F01EF9002801D00024044D67
:103D800020002900FFF75AFF02B070BDFFFFEF7F50
:103D90000000F87F10B518F0AFFFFFF74FFF10BD20
:103DA00070B503680400DB6A9847051E13D0FFF75F
:103DB000F9F8002811D1236820001B6A984723686E
:103DC00006005B6A200098473618B54203D00023EE
:103DD0000120184370BD0E20FCE743005A109042AA
:103DE000F6D0FFF7D7FFF5E710B50E23002802D075
:103DF000FFF7D6FF0300180010BDC04610B500281D
:103E00000AD0FFF7CDFF04000E2805D0C30705D563
:103E10006010FFF7CBFC00E0024810BD024809F03B
:103E2000EFFAF5E76C5002007103000010B518F0CE
:103E3000CFFFFFF703FF10BD430010B55A109042AB
:103E400002D0FFF7A7FF10BD01201843FBE7C046D3
:103E5000064B10B5984203D801234000184310BD0B
:103E600018F084FFFFF7EAFEF9E7C046FFFFFF3FC7
:103E7000431E98414342382018400A307047C046DC
:103E8000F8B54E464546DE4657460023E0B51600D7
:103E9000002205000C0016F08DF8002806D02D2316
:103EA000337080231B069C460136644400220023A5
:103EB0002800210016F078F8002809D0302333704C
:103EC000002373703CBC90469946A246AB46F8BDB1
:103ED000280021001AF03AFC18F0D8FE724A0700B8
:103EE000724B2800210016F065F800285DD1704A59
:103EF000704B2800210016F071F8002855D17B1C6A
:103F00009B460E2F00DCC4E00E235B429946B94469
:103F10004A460020684916F01DF902000B002800EF
:103F2000210017F0D3FC0022644B17F0B3F916F010
:103F30008DF90B000F2149428A4610318C465946B3
:103F40000200BA4400295BDD2E215D4F5D4D6837CC
:103F500001205D4C88469D421BD89D425FD0302198
:103F6000121BAB4101319D4202D8F9D19442F7D9DD
:103F7000CCB234701400711C1C4310D183455EDD3B
:103F80000F285CD03C687D680130083F0E009D42E0
:103F9000E3D9302434701400711C1C43EED08345E7
:103FA000EED14446B11C7470EAE7002F3BDB3A00C7
:103FB0000020414916F0CEF802000B002800210035
:103FC00017F084FC0C0001218B4600210500894676
:103FD0003E4A3F4B2800210018F082F80022374B60
:103FE00017F058F916F032F90B00012149428A46C0
:103FF0000021BC464F468946594602000029A3DCF1
:1040000030212E2031707070B11CFE43002E3ED046
:104010008E190230087001318E42FBD194E7944230
:104020009DD93024B6E77A420020234916F092F851
:1040300002000B002800210018F052F8C2E74B469E
:10404000002B0FD0524600233020541CC85401339B
:10405000E21A002AFADC5346DB435246DB171340D0
:104060000133C9186346012B0CD065230B706346DE
:10407000002B0ADD2B228B1C4A70190060460AF0C7
:10408000F5FF1FE700230B701CE74B1CF5E70E0044
:104090005AE70E220020D21B074916F05BF8B946FA
:1040A00002000B00012795E78DEDB5A0F7C6B03EE5
:1040B00050EFE2D6E41A4B44000024400000E03FF9
:1040C000084B0200F35A000000407A100000901ED6
:1040D000C4BCD642012070B54042FFF741FB04004A
:1040E0000D48FFF73DFB0600200018F03FFE0022C0
:1040F0000A4B17F0F5FF040030000D0018F036FEF3
:10410000074A084B17F0E2FB02000B0020002900D1
:1041100017F0C0F870BDC046FFFFFF000000F03D83
:104120000000E0DFFFFF6F4310B5FFF7D3FFFFF79D
:1041300085FD10BD4843704710B515F039FE10BD20
:1041400010B50C2001F004FC041E01D002F026F88A
:10415000200010BD0089704710B5043001F08EFFBB
:1041600010BDC04610B50A000430818801F06CFF14
:1041700010BDC04610B5043001F08EFF10BDC04622
:1041800003894268994202D289008858704700200A
:10419000FCE7C04610B5043001F056FF10BDC04624
:1041A00010B5043001F088FF10BDC04610B50430D2
:1041B00001F0A6FF10BDC046024B1B68588CC00022
:1041C0007047C046480300207047C0461E4B70B57C
:1041D0001B6804000D00002B16D0586A002818D068
:1041E00003689C422ED0002B13D00300002108331B
:1041F00002E00833002A0CD01A680231A242F8D13A
:1042000001318900405870BD104B114A1968914224
:1042100016D003F05FFB002810D003689C4211D039
:10422000002B0BD003000021083302E00833002AE2
:1042300004D01A680231A242F8D1E1E72800E2E78F
:104240005B68CAE70421DDE74803002060450200FF
:1042500010420000406870474160704710B5082068
:1042600001F076FB041E01D001F0A0FF200010BD7C
:1042700070B505000C00160000290EDB83889942FA
:104280000BDAA4002C19E368002B03D00B2105489E
:1042900001F0ECFF2800E66070BD0A21014801F042
:1042A000E5FFEEE78603000010B509F0A9F810BDA0
:1042B000002805D0034BC31A5A1E93415B42184095
:1042C0007047C0466C500200431E98417047C0467C
:1042D00010B5142001F03CFB041E01D001F06EFF6C
:1042E000200010BD10B5040001F072FF002806DBAD
:1042F000238AE268984202D28000805810BD0020D4
:10430000FCE7C046F0B5C646204B00B51B68070069
:10431000DB6A1A1D1C689B689046651E984220D374
:10432000AB009B5898421CD8002D15DD6410A300EB
:104330009B58984211D0012209E0621CAA420BDC72
:10434000414654196410A3005B589F4205D09F4218
:10435000F3D8651EAA42F3DD0024200004BC904679
:10436000F0BD002DF8DD012602E0651EB542F3DB4D
:10437000424674196410A30098583900FFF7EAFA0E
:104380000028EAD0F1DA661CF0E7C04648030020B6
:10439000044B10B51B680131DB6A8900C958FFF76F
:1043A000A1FF10BD48030020F8B504000D00170060
:1043B000260001F00DFF0C36002805DB01003A0055
:1043C000300001F041FEF8BD2189201D2A0001F0D6
:1043D0003BFE218A3A00300001F036FEF3E7C0468A
:1043E000044B10B51B680131DB6A8900C958FFF71F
:1043F000DBFF10BD48030020014B18687047C04622
:10440000440300207047C04610B583070BD1002835
:104410001CD00122036804249343DA78F92A00D1DE
:104420009C78200010BD002810D0C3070CD40E28A3
:104430000AD042280CD00A280AD004240628F0D03A
:10444000044808F0DDFFECE70224EAE70024E8E78F
:104450000124E6E72103000070B504000E2819D0FE
:10446000002817D083070CD019E0032812D12000B0
:10447000FFF74CFC04000E280CD0002C0AD02C4274
:104480000DD12000FFF7C0FF05000228EDD16268C2
:10449000A36801E00022064B1000190070BD200047
:1044A00000F008F818F028FC02000B00F4E7C04602
:1044B0000000F87F70B5C30748D4830703D5801187
:1044C000431E984170BD00283ED0FFF7C5FF012272
:1044D00005004C0064080E005242224B28002100C7
:1044E00018F0B8FB00282FD101221E4B52422800A1
:1044F000210015F073FD002826D1802300225B03E4
:104500002800210018F0A6FB00281DD180230022DE
:104510005B032800210015F04DFD002814D1280070
:10452000310019F0F1FC00220F4B1AF01BF80022A9
:10453000002304000D0015F03DFD002808D12000E7
:10454000290015F065FEBDE70020BBE74010B9E784
:10455000200029000022044B16F09CFE04000D00F0
:10456000EDE7C046FFFFEF7F0000F04110B5FFF719
:10457000A1FF10BD70B50D00FFF79CFF04002800DF
:10458000FFF798FF1F2318408440630020005A1053
:10459000944202D0FFF7FEFB70BD01201843FBE7F9
:1045A00070B50D00FFF786FF04002800FFF782FFBB
:1045B0001F2318400441630020005A10944202D087
:1045C000FFF7E8FB70BD01201843FBE770B50D0055
:1045D000FFF770FF04002800FFF76CFF6040430006
:1045E0005A10904202D0FFF7D5FB70BD012018434E
:1045F000FBE7C04670B50D00FFF75CFF0400280024
:10460000FFF758FF204343005A10904202D0FFF7B3
:10461000C1FB70BD01201843FBE7C04610B5FFF792
:1046200049FFC04343005A10904202D0FFF7B2FB4B
:1046300010BD01201843FBE770B50D00FFF73AFFEE
:1046400004002800FFF736FF204043005A10904234
:1046500002D0FFF79FFB70BD01201843FBE7C04667
:1046600070B50D00FFF726FF04002800FFF722FFBA
:104670001F231840C440064B20009C4203D801234E
:104680006000184370BD18F071FBFFF7D7FAF9E727
:10469000FFFFFF3F10B50E280DD000280BD0830779
:1046A00004D0FFF707FF16F06BFD10BDFFF7D4FE37
:1046B00018F0E0FBF9E70148F7E7C0460000C07FCB
:1046C00070B50E00FFF7C8FE040030000D00FFF7C4
:1046D000C3FE02000B002000290016F0DBFDFFF7EF
:1046E000ADFA70BD70B50E00FFF7B6FE04003000E5
:1046F0000D00FFF7B1FE02000B002000290017F0AB
:1047000061FFFFF79BFA70BD012213000B40D0B58B
:104710000C00184203D0C3130133012B0FD9FFF74C
:104720009BFE060020000F00FFF796FE02000B0024
:104730003000390017F0D4FCFFF780FAD0BDCB135E
:104740000133012BEBD84C1040106043430059104B
:10475000884202D113431800F0E7FFF71BFBEDE797
:10476000D0B50C0003290ED0FFF776FE060020001E
:104770000F00FFF771FE02000B003000390017F048
:10478000A5F8FFF75BFAD0BDF8B501250C0028426B
:1047900003D0294201D04B100FD1FFF75DFE060078
:1047A00020000F00FFF758FE02000B003000390018
:1047B00019F0D8FEFFF742FAF8BDFFF77BFE0600BE
:1047C0002000FFF777FE0100300015F0D7FB48000E
:1047D0004210914203D00800FFF7DCFAECE72843CF
:1047E000EAE7C04670B50E00FFF736FE0400300061
:1047F0000D00FFF731FE02000B00200029001AF027
:1048000031F8FFF71BFA70BD0123F0B50E0083B03D
:10481000184210D019420ED040104E1086423EDA97
:10482000801BFEF79DFF301843005A1090423CD188
:104830000120184324E0FFF70FFE040030000D00B4
:10484000FFF70AFE06000F0002000B0020002900FF
:1048500015F0C4FB002815D0FFF73CFC3200009097
:1048600001913B002000290017F0ACFE009A019B4B
:1048700017F036FC32003B0016F00CFDFFF7DEF9B6
:1048800003B0F0BD32003B002000290015F08CFB86
:1048900000280DD020002900FFF7D0F9F0E786426C
:1048A0000DD1760030001843EAE7FFF773FAE7E727
:1048B00032003B0026002F0014001D00CCE733001F
:1048C00006001800ACE7C04610B5FFF7C5FD19F0AB
:1048D000B5FEFFF7B3F910BD10B5FFF7BDFD19F038
:1048E00035FFFFF7ABF910BD10B5FFF7B5FD18F0B8
:1048F0005DFFFFF7A3F910BD10B5FFF7ADFD18F090
:1049000077FEFFF79BF910BD10B5FFF7A5FD19F075
:10491000FBFAFFF793F910BD10B5FFF79DFD0022DC
:10492000034B16F0B7FC18F041FFFFF787F910BDF5
:104930000000E03FF8B504000D000E2807D00E2956
:1049400005D0884226D00B000340DB0701D50020AC
:10495000F8BDFFF759FD06002800FFF755FD864218
:10496000F5D123002B439B07F1D1032E14D0022E47
:10497000EDD12000FFF770FD060028000F00FFF7C3
:104980006BFD0B0002003900300015F00DFB431EDB
:104990009841DDE70120DBE729002000FEF7DAFF80
:1049A00043425841C0B2D3E710B5FFF7C3FF431EDF
:1049B00098414342382018400A3010BD10B5FFF727
:1049C000B9FF434258414342382018400A3010BDD5
:1049D000F8B504000D000E2815D00E2913D00628B6
:1049E00013D042283ED00A281AD00300062900D14D
:1049F0007CE0422D0FD00A2D36D001209D4203D0FD
:104A0000284004420FD00020F8BD01200629FBD029
:104A10000023422DEFD103220120934203D1F3E77B
:104A20000123062DE5D12000FFF7EEFC060028004B
:104A3000FFF7EAFC0300032E21D003282DD0012E1E
:104A400014D0012820D09E42DDD122002A439207B3
:104A5000D9D1032B42D0022B26D02C1B60426041BF
:104A6000C0B2D1E70323DCE70122D5E7062C2ED024
:104A70000226422C30D00A2CE3D10124E1E702289F
:104A800012D00328DDD1E0E70223062D1DD0422DF0
:104A900020D00A2DD7D10125D5E7022E04D0012E32
:104AA000B1D1062CE4D1AEE72000FFF7D5FC06001B
:104AB00028000F00FFF7D0FC0B0002003900300087
:104AC00015F072FA431E98419EE70025BBE70226C7
:104AD0000024B6E70325B6E70324B2E72900200047
:104AE000FEF738FF43425841C0B28DE7002293E7FA
:104AF00010B5FFF76DFF10BD10B5FFF769FF431E3E
:104B000098414342382018400A3010BD10B5FFF7D5
:104B10005FFF434258414342382018400A3010BDDD
:104B2000F8B506890F004568002E0DD0002403E07B
:104B300001340435A64207D939002868FFF748FF39
:104B40000028F5D0200001E001204042F8BDC04619
:104B500010B500220400FFF7E3FF0023002805DB67
:104B600004340100200001F0A7FA0123180010BD51
:104B7000F8B5040083071ED100281ED0FFF744FCBF
:104B8000032828D00125022818D12000FFF764FC53
:104B900002000B0006000F0018F05CF800280CD192
:104BA000002300223000390015F0FEF9434258413D
:104BB0004042054002E00A2802D100252800F8BD45
:104BC0000028FAD00E28F8D00628F6D0013C25009F
:104BD0006C1EA541F2E7024B9C42EED00125EDE7A9
:104BE0006C50020010B50300422806D000200A2BAA
:104BF00002D01800FFF7BCFF10BD0120FCE7C04643
:104C0000F8B504000E000E2841D00E293FD0FFF762
:104C1000FBFB05003000FFF7F7FB032D30D0002031
:104C2000B4422CD02000FFF717FC040030000D0028
:104C3000FFF712FC220006000F002B0020002900C5
:104C400018F008F8002822D132003B00300039006B
:104C500018F000F800281AD132003B00200029008B
:104C600015F0A8F9002815D13B00320020002900DA
:104C700015F0B4F9431E9841434201201840F8BD95
:104C80000328CCD131002000FEF764FEF7E70220B4
:104C90004042F4E701204042F1E7C0460B000340E8
:104CA00010B5DB0706D50123884201DAD8B210BD62
:104CB0000023FBE7FFF7A4FF831C01D0C00FF6E73A
:104CC0000020F4E70B00034010B5DB0703D5884252
:104CD00007DD0A2010BDFFF793FF831CF9D00028E1
:104CE000F7DC4220F6E7C0460B00034010B5DB07B7
:104CF00003D5884207DB0A2010BDFFF781FF831C24
:104D0000F9D00028F7DA4220F6E7C0460B0003404E
:104D100010B5DB0703D5884205DB422010BDFFF745
:104D20006FFF0028F9DA0A20F8E7C0460B000340BD
:104D300010B5DB0703D5884205DD422010BDFFF723
:104D40005FFF0028F9DC0A20F8E7C04670B590B094
:104D50000400FFF759FB032835D002280DD00528A1
:104D600040D0002C42D00A2C3AD00E2C3CD0422C01
:104D700051D0062C51D02B4826E0E30726D40E2C28
:104D800032D02000FFF768FB01224C0064080E00BF
:104D90005242254B2100050017F05CFF002827D167
:104DA0000122214B52422800210015F00DF9002864
:104DB0001ED1002200232800310015F0FBF8002846
:104DC0002DD11A4800E0200010B070BD6946601077
:104DD0000AF04CF9012168464942FEF775FBF3E7FA
:104DE0001348F1E71348EFE71348EDE71348EBE703
:104DF0002A0033002800310017F02CFF0028F3D1DF
:104E0000280031006A46FFF73BF801216846494215
:104E1000FEF75AFBD8E70A48D6E70A48D4E70A481B
:104E2000D2E7C046E4500200FFFFEF7F945002003B
:104E3000D8500200F4500200A4500200505002006A
:104E4000CC500200C0500200B050020010B5FFF775
:104E5000DBFA05280FD80A4B80001B589F460948EB
:104E600010BD0948FCE70948FAE70948F8E709488E
:104E7000F6E70948F4E7094808F0C2FA0020EFE72E
:104E8000284E0200845002004050020008510200E7
:104E90002851020018510200745002002203000041
:104EA00070B50400FFF7B0FA042813D1002C0CD021
:104EB000A3070AD1216801230A009A4353691348C2
:104EC00083421DD02000984770BD210010480AF091
:104ED000E9FAF9E72000FFF739FF05002000FFF7A6
:104EE000B5FF03681B6A98472B6806001B6A2800F9
:104EF000984722000300310006480AF0D3FAE3E79E
:104F00001388054812890AF0CDFADDE7A14E0000AA
:104F1000A44F0200D04F0200B04F020010B50A00AB
:104F20000400010010480AF0BDFA002C0BD0A307C2
:104F300005D1012321689943CB78F92B0DD0062C9C
:104F400001D10A4806E02000FFF75EFAF5239B0036
:104F50009C46604408F054FA10BD0B898A780448D6
:104F60000AF0A0FAEBE7C046404E0200DD03000065
:104F7000604E020010B5010003480AF093FAE420E5
:104F8000800008F03DFA10BDCC4E020010B501F0D3
:104F90001DFC0400102000F0ABFD236903602061BC
:104FA00010BDC04670B501F011FC04690500002C6D
:104FB00005D0236820002B6100F0AEFC70BD0248D4
:104FC00008F01EFAF5E7C04653030000F0B5C646E8
:104FD00000B584B0804601F0F9FB04690600002C9E
:104FE00017D06D462368220033612B0083CA83C328
:104FF000126820001A6000F08FFC434673610A4B70
:1050000031001B6828009B6B984704B004BC904695
:10501000F0BD06480AF046FA4046FFF741FF044853
:1050200008F0EEF9DDE7C04648030020804E02009C
:10503000E703000010B501F0C9FB12234469436186
:10504000122C01D0200010BD014808F0D9F9F9E771
:105050005303000010B501F0B9FB4369122B03D0D4
:10506000FFF7E8FFFFF7B2FF10BDC046002912D0DE
:1050700002004118094803041B185B001B18DB00E1
:105080001B18DB001B185B001818137801325840FE
:105090008A42F0D170470148FCE7C046C59D1C819B
:1050A000032370B5046805009C4312D0A30F14D1EC
:1050B0002800E36998470500002D05D080231B02D6
:1050C0009D4204D9002C02DB054808F099F928001C
:1050D00070BD044808F094F9EAE72501AD09EBE753
:1050E0004903000051030000124970B58A880B681B
:1050F000551E0FD3AC00E458A04217D0023A9200DC
:105100009B182A0004E01C00043B5E68864206D01F
:10511000013AF8D2D220800008F072F970BD9542B1
:1051200004D0080000F030FF2060F7E7080000F02E
:105130002BFFF3E71C03002010B518210148FEF7F0
:10514000CFFA10BD2403002001220368934318887E
:105150008010704710B5002815D0C468002C13D0FB
:105160002368043C4360A3688360E3682268C360EB
:10517000530F032B03D0114808F042F92268802313
:105180001B061343236010BD041F2268530F032B1B
:1051900007D180231B0613432360002001F020FB6E
:1051A000F1E7064808F02CF9802322681B06134318
:1051B0002360002001F014FBE5E7C046490300002E
:1051C00010B5041F2368DB0715D40D4B1B68002B9B
:1051D0000DD01A0008329442F8D359688C466244C4
:1051E0009442F3D2012322681343236010BD054883
:1051F00008F006F9F6E7044808F002F9E5E7C046CA
:10520000100300204A0300004F03000010B5040003
:1052100083070AD1002808D0030F06D00168114B7C
:10522000194202D1CB78F92B00D010BD0E4B1B6870
:10523000002B11D01A0008329442F8D358688446E3
:1052400062449442F3D201230848194321608188C3
:10525000220000F085FEE8E7054808F0D1F8216853
:10526000F1E7C046030000401003002008030020BF
:105270004A030000F0B54F46D64646468146C0B5C3
:105280000F1E3FD0244B06009A46244B002598461B
:1052900003E001350436AF4234D03468A307F8D1B7
:1052A000002CF6D0230FF4D021681D4B1942F0D109
:1052B000CB78F92BEDD153461B68002B27D01A0071
:1052C00008329442F8D35868844662449442F3D238
:1052D000012319434346216099882200404600F08B
:1052E0003FFE43469B88642BD3D90C200AF026FE50
:1052F0000C4A0135136810600360AB004B447D1B02
:10530000436085601CBC90469946A246F0BD0648A5
:1053100008F076F82168DBE710030020080300207E
:1053200003000040140300204A03000070B5046825
:105330000500002C06D02000FFF742FFA9882000BE
:10534000FFF798FF70BDC046F0B5C646040000B533
:1053500083070AD1002808D0030F06D00168234B29
:10536000194202D1CB78F92B02D004BC9046F0BD93
:105370001F4B1B68002B34D01A0008329442F8D31C
:105380005868844662449442F3D201230B4323605D
:10539000032399438B69002B01D0200098470323F6
:1053A0009846144C144DA388002B0FD12868002870
:1053B000DBD00368876846682B600AF0E9FD390096
:1053C0003000FFF757FFA388002BEFD0200000F03C
:1053D000DBFD4246036893439B69002BE3D098476B
:1053E000E1E7064808F00CF82168CEE7030000402A
:1053F0001003002008030020140300204A030000CB
:10540000F0B5DE4657464E464546E0B59B4B85B067
:105410001B7803909A0705D5D220800007F0F0FF93
:10542000964B1B78022202261343944A1370944B26
:105430001C689D88039B1E4007D092480AF032F8F2
:105440002A00210090480AF02DF8002D0CD00127E9
:10545000AD0065192068384201D0B84300680434B3
:10546000FFF772FFA542F5D1039801F0BFF9874C11
:105470002368002B14D0864B1B685D8D00F010FF55
:10548000AB00471B2568ED18002E00D0E8E0002F88
:1054900006D0002401CD0134FFF756FFA742F9D111
:1054A0007C4B1D687C4B1E78002E06D0002401CD5D
:1054B0000134FFF749FFA642F9D80023774A136069
:1054C000774B774A1B68009301331360754B1B6859
:1054D0009946002B00D1CCE0002301279A469B4639
:1054E000019302934B46029A5B6894469B084D4693
:1054F0009C449E0063460835AE190293B5424AD2D9
:105500002B683B4200D088E01A0F062A00D184E0C5
:10551000AE4200D890E08022D2052C00904600E0F8
:105520002368002B10DB3B4215D11A0F062A12D03C
:105530004246134208D1DB78F92B02D05A4807F0D3
:105540005FFF200000F0F0FC2000FFF7A9FD8000C5
:105550002418A642E4D88021631B98469B109A0029
:1055600009061143009101999A44994200DA019386
:10557000FF21280007F016F9009B2B604346042BFF
:1055800053DD00236B605B46002B50D05D60AB4663
:105590002500AE42B4D84B461B689946002BA1D1DA
:1055A0005346424C9900029B20689A00019B9B0045
:1055B000002814D05046470838480568002D0ED002
:1055C00028680601B609B74206D242E02868000101
:1055D00080093618B7423DD36D68002DF6D13048AA
:1055E000C16003614069002814D0884212D8039832
:1055F000C00702D52E4809F055FF02221F4B1B7829
:1056000093431E4A137005B03CBC90469946A2468F
:10561000AB46F0BD22484161E9E7BB432B6028005F
:10562000FFF73EFD80002D18B3E72500B1E71B4BC7
:10563000AB461D602500ACE7019B002B05DA8023FB
:105640001B062B6000230193A3E780231B062B601E
:105650009FE73000C019801B800028182060BEE73B
:105660003A002900134809F01DFF002F00D010E771
:1056700016E7002300220021B1E7C0464A0A0020B5
:105680001C0300206C5102007451020044030020EE
:10569000480300203C0300204B0A00204003002068
:1056A00024030020100300204903000018030020F9
:1056B0008C51020080510200F0B5C646484E00B53C
:1056C0003368002B09D01B68002B00D174E0022046
:1056D000FFF796FE152007F093FE0021CF20FEF77E
:1056E00075FD802180464901CE20FEF76FFD050043
:1056F00000200AF0B9FB2A0004000100394809F033
:10570000D1FE4346651B0027002B3FD128000AF03D
:1057100015FC2900040008394160876122003248E5
:1057200009F0C0FE63689A0740D1304A51680131E0
:1057300051609168C91891602D49DA1C114080228E
:1057400012060A432B49A2600A689B08E260220005
:1057500008320A60D3183168274A1360002910D034
:10576000A1420ED80A68002A34D0944203D234E011
:10577000A34203D81A001368002BF9D123601460E8
:1057800001E02160346004BC9046F0BD1B4B4246F2
:105790009C466444E40BE30394021C1B002CB5DD1F
:1057A00020000AF0CBFB2D1B0700AFE7D2208000C2
:1057B00007F026FE6368B8E70021CD20FEF706FD5E
:1057C0000F4BC318002B00DC81E70E4B0E4CC118A9
:1057D0006160A3E700230A00D0E713000A00CDE7C9
:1057E00010030020A8510200C85102002403002029
:1057F000FCFFFF7F4003002018030020FF7F000014
:10580000FC7BFFFFF47BFFFF0084002010B5002825
:1058100019D00F4B1B68002B16D01A00083290428B
:10582000F8D359688C4662449042F3D2041F226830
:10583000530F032B03D0074807F0E2FD22688023B3
:105840001B061343236010BD0AF0A2FBFBE7C04612
:105850001003002049030000F8B5CE46474680B546
:1058600007292DDD00282BD00323033199430C0099
:10587000071F0020FFF7C4FDE31D98469E08224B3A
:105880001C68002C1CD0032399464B461C4201D1B6
:10589000230F02D11D4807F0B3FD2568002D02DB60
:1058A0001B4807F0ADFD3A1B9310072B05DD2D01BA
:1058B000AD09AD1BED1A072D08DC6468002CE4D19E
:1058C000002420000CBC90469946F8BDF61860688C
:1058D000B600A61970608021032009068243AD003E
:1058E0000D430A433560226042460A499B000A4044
:1058F0001100C022D20566601143E41802C40020E2
:10590000FFF77EFDDDE7C0464003002051030000A5
:105910004B030000FCFFFF9F70B5041F22680500C9
:10592000530F032B03D0054807F06AFD226880233C
:105930001B0613432800236070BDC04649030000C6
:105940000421024A13780B43137070474A0A00205F
:10595000F0B55746DE464E4645468023E0B5C71CA7
:1059600085B00390BF089B02984200DD8EE04D4B4E
:105970005B68DB0565D14C4B02931B781A0762D13B
:1059800001221343029A137000F020FF002803D075
:105990004368002B00D180E0444B00269B46444BDB
:1059A0009A46444B99465B461D68002D51D0002312
:1059B000984602E0A8461D1E4BD0002E03D14B4650
:1059C0001B68AB424ED3AB0701D12B0F02D13A4833
:1059D00007F016FD2C68002C02DB384807F010FD9C
:1059E0002401A409E41B6B68E4D40AD08022BF0020
:1059F000A1001206EF190A433A60012C01D07B6026
:105A00003B004246002A45D0536000222A60002B0A
:105A10000AD05B68002B07D09A0701D11B0F03D176
:105A2000D420800007F0ECFC0122280002990B78BA
:105A300093430B7005B03CBC90469946A246AB46DA
:105A4000F0BD194B02931E4807F0DAFC029B1B784D
:105A500096E7002E06D0012E09D0152007F0D0FCC5
:105A60000136A0E70020FFF7CBFC01369BE7534649
:105A70001B69524600935346D2689B6803991148AC
:105A800009F010FD0136FFF717FE8CE7162007F02E
:105A9000B7FC6CE75A461360B7E70B4807F0B0FC59
:105AA0007AE7C04600ED00E04A0A002040030020EB
:105AB0002403002018030020510300004B030000C2
:105AC00092030000385102004E030000032310B57A
:105AD000C41C9C43201DFFF73BFF044B07341C40B4
:105AE0008023DB051C4310C010BDC046FCFFFFBF78
:105AF00010B5002808D0FFF7E9FF8023021F1168C6
:105B00009B050B43136010BD0020FCE7F8B51F4B4D
:105B100006005B680D00DB0534D100F057FE1C4B1E
:105B20001C4F1D60751BAD10041E3D7015D00C2060
:105B3000FFF7CCFF8023021F11689B050B43136006
:105B400063680360A3684360E3688360E0600023E8
:105B5000A6603B7020006360F8BD1820FFF7B6FF19
:105B60008023021F11689B050B4313600A4B12220E
:105B70001B68426103600023C3600361040000F0FE
:105B80002FFEE4E7054807F03BFCC6E700ED00E028
:105B90003C0300204B0A0020440300209203000035
:105BA0000C4B10B55B68DB050ED10B4B1B78002B43
:105BB0000AD100280BD0FFF789FF8023021F11684C
:105BC0009B050B43136001E00AF0B8F910BD0020FB
:105BD000FCE7C04600ED00E04A0A0020F8B50400EA
:105BE0000D00204B1B68002B23D01A000832944272
:105BF000F8D359688C4662449442F3D22800FFF7E8
:105C0000CFFF0600002C12D0002E10D0271F3A68BC
:105C1000530F032B1CD1120192099200AA420ED8F5
:105C20002100300005F092FB2000FFF7EFFD30006F
:105C3000F8BD290020000AF0D9F90600F7E72A008C
:105C40002100300005F082FB2000FFF7DFFDEEE7CA
:105C5000054807F0D5FB3A68120192099200AA4262
:105C6000DED9ECE7100300204903000070B50029DD
:105C700009D0012908DD4C1E051D0121FFF7F6FFA3
:105C80002800013CF8D270BD0122024302488188FD
:105C900000F066F9F7E7C0461C03002010B5830743
:105CA00003D1002801D0030F00D110BD034B020027
:105CB0009988180000F054F9F7E7C0461C0300204B
:105CC00010B5830703D1002801D0030F00D110BD08
:105CD000FFF70AFAFBE7C04610B54068FFF796FAEF
:105CE00010BDC04610B50430FFF720FB10BDC04604
:105CF00010B581880C30FFF7BDFA10BD10B54068B3
:105D0000FFF784FA10BDC04610B504000430FFF759
:105D10000DFB20000C30FFF709FB10BD012208C865
:105D200010B59343198804398908FFF7A3FA10BD09
:105D30000320704703207047808880000F30800860
:105D40007047C04602207047052070470023034A71
:105D500013605360024A1360536070471C030020B5
:105D60000803002010B500F0EFFC10BD10B50028AE
:105D700001DB00F0E1FC10BD7047C046002343602A
:105D800083607047002343608360C3600361704792
:105D900010B5054A0100838812688068821A03489A
:105DA00009F080FB10BDC04648030020C452020029
:105DB00010B501004268024809F074FB10BDC046EE
:105DC000DC51020010B501000289024809F06AFBAB
:105DD00010BDC04674520200F8B50400C0880D0022
:105DE000884224D2002831D03F282DDD204B984214
:105DF00035DD01301F4BFF30984236D82E008542EA
:105E000000DA0600B0000AF099F80700E0880028E0
:105E10001ED1321A800092000021381806F0C2FC10
:105E200020680AF0B5F82760E680A580F8BDA28852
:105E30009142FAD22368521A9C468800920060442C
:105E4000002106F0AFFCF0E74000D7E70420D5E7DB
:105E500082002168380005F079FAE088D9E78300EC
:105E60001818032113F0A4FFC8E70348C6E7C0468B
:105E7000FF010000FEFF0000FFFF00007047C0466A
:105E80007047C046012370B50A6804009A4313891D
:105E90000D00042B07D010480122104909F002FB25
:105EA0000E4807F0ADFA002C01D1280070BDE01CAF
:105EB0008000FFF74DFD061E01D0094B0360300046
:105EC000AB682204B480B360920B0C30002106F062
:105ED00069FC3500E9E7C046B452020085030000C2
:105EE000285202000E4B026970B505009A4209D093
:105EF000E2210C480322890009F0D4FAE220800054
:105F000007F07EFA2888FFF723FD041E00D0056005
:105F10002A88201D043A002106F044FC200070BDB0
:105F2000795D0000B4520200012310B502689A4363
:105F30001369984710BDC046012310B502689A4303
:105F40001369984710BDC046012310B502680100CF
:105F50009A431288014809F0A5FA10BD0C520200BC
:105F6000084B70B505000C001600994205D88388CF
:105F70008B4203D92B68A400E65070BD0131FFF7B6
:105F80002BFFF7E7FEFF00008388002B09D0013BC1
:105F900002689BB283809B00D318002218681A60A5
:105FA00070470020FCE7C046F8B5C58806000F0022
:105FB000002D29D03F2D0FDD204B9D422BDD6B1C8A
:105FC0001F4AFF33934224D81C1C9BB28B4208D338
:105FD000A4B2A54207D3F8BD6B001C1C9BB28B4238
:105FE000F6D23C1CF4E7A000FFF770FD0500F08836
:105FF00000281BD1221A800092002818002106F0E8
:10600000D1FB3560F480E6E70C1C0429E0D20424BF
:10601000DEE70C4CDDE7A8004019032113F0C8FEB1
:10602000041C80B2B842D3D23C1CD1E78200316854
:10603000280005F08BF9F088DCE7C046FF0100007E
:10604000FEFF0000FFFF0000C38870B505000C00D4
:1060500016008B4207D8084B994200D970BD013118
:1060600089B2FFF7A1FF2A68A3009E50AB889C422B
:10607000F4D30134AC80F1E7FEFF0000C38870B5B3
:1060800004008DB28B4201D2AB4201D9A58070BD14
:106090002900FFF789FFF9E78388002B09D0013B2E
:1060A00002689BB283809B00D318002218681A6094
:1060B00070470020FCE7C046F8B5828805008A4298
:1060C0001AD903688E0098194F1C0468BA4207D881
:1060D0000021013A92B2AA809200D1502000F8BD6E
:1060E000521A06498C46311D6244920059181EF01E
:1060F000B5F9AA882B68EBE70024EFE7FFFFFF3F25
:10610000F8B51700828804000D008A4218D9511C86
:10611000C38889B28B420FD96B1C9B0020681E1F5D
:10612000521B81199200C0181EF098F923689F51E4
:10613000A3880133A380F8BDFFF736FFA288EBE701
:106140003A00FFF781FFF6E770B50500C388828843
:106150000168094809F0A6F9EB88002B0BD0002450
:10616000064E2A68A3009958300009F09BF9EB8885
:106170000134A342F5D870BD88520200AC5202002F
:1061800010B5040002890100034809F08BF9201DB5
:10619000FFF7DAFF10BDC046F0510200024B03606A
:1061A000002343608360704740530200024B03604A
:1061B000002343607047C04610530200034B036046
:1061C000002343608360C36003617047E0520200B4
:1061D000F8B54746CE4680B507890C004668002FC3
:1061E00036D0336899423CD0331D002004E004339C
:1061F0001A1F1268A24225D00130B842F7D3236893
:1062000020005B6A9847236880461B6A20009847F5
:106210000024814635682B6828005B6A98478045D2
:106220000AD12B6828001B6A98474246010048465D
:106230001EF005F9002809D001340436BC42E9D328
:10624000012040420CBC90469946F8BD2000F9E779
:106250000B6808005B6A9847236820001B6A984710
:10626000EEE70020EEE7C0467047C04610B50400D8
:106270000A000100034809F015F9200007F0C0F8F2
:1062800010BDC046B4520200014B1B68186970472C
:1062900048030020014B1B689869704748030020A1
:1062A000014B1B68188C704748030020014B1B688A
:1062B000D86B7047480300201D4B026870B506007C
:1062C0009A4200D0FEE741681A4D1B4B0A682960CC
:1062D0009A4213D0088C8000FFF70AFC2B68174CF9
:1062E0001A8C00219200206006F05CFA23681C6082
:1062F0002C68134B22689A4208D0FEE711481031EF
:1063000009F0D0F8104807F07BF870BDB368226937
:106310009A42F2D100F0FCFA2B6820001C6B00239B
:1063200040301A001900A04700F002FAEDE7C0461D
:106330001042000048030020718E3B92440300206D
:10634000708E3B92585202009F03000010B5024825
:10635000FFF7B2FF10BDC0466045020003000020F9
:10636000002B07D09A0705D101221B689343DA78E6
:10637000F92A00D070471889063843425841C0B204
:10638000F8E7C04670B505000C20FFF7E1FA041EDF
:1063900004D0164B0360002343608360002D08D0B7
:1063A000AB0706D101232A689A431300D278F92A51
:1063B00001D0200070BD0E4A9342FAD12E89002EE2
:1063C000F7D02000FFF76AFC63899E4203D9201DA5
:1063D0003100FFF7E9FD2681B2006968606804F0CA
:1063E000B5FF2000FFF76CFCE3E7C0464053020016
:1063F000E052020070B504000D00002801D08307B0
:1064000013D00F4806F0FCFF29002000FFF7E0FE44
:10641000051E08DB2900201DFFF74EFE2000290085
:106420000C30FFF749FE422070BD012302689A43F9
:106430001300D278F92AE4D1024A9342E4D0E0E78B
:106440009B030000E052020070B50E00FEF704F856
:10645000040030000D00FDF7FFFF02000B002000DC
:10646000290017F013FFFDF7E9FB70BD10B5FDF72C
:10647000F3FF17F09DFCFDF7E1FB10BD10B5FDF734
:10648000EBFF17F04DFCFDF7D9FB10BD10B5FDF784
:10649000E3FF17F041F9FDF7D1FB10BD10B5FDF793
:1064A000DBFF16F011FFFDF7C9FB10BD10B5FDF7BE
:1064B000D3FF17F08DFEFDF7C1FB10BD10B5FDF742
:1064C000CBFF17F0CBFDFDF7B9FB10BD10B5FDF705
:1064D000C3FF18F0F1FBFDF7B1FB10BDF0B5C646E8
:1064E00000B5030282B00F001B0E00D01F00FA237C
:1064F0000004040C1B01E618300000F0C7FE051E66
:1065000004D0280002B004BC9046F0BDF0233B400C
:10651000102B1ED0202B19D000229046302B02D0F9
:106520000D4806F06DFF200000F094FE04001820D6
:106530001DF065FF434601930F231F40B2B2009741
:106540000E3B210005000BF069FADAE702239846BA
:10655000E9E701239846E6E72303000070B50D0044
:1065600001214942FDF732FE0400431C04D02900FA
:106570002000FFF7B3FF70BD014806F041FFF6E7CA
:106580008B030000F0B5C64600B50500884617002D
:106590001E0000F07BFE041E03D0200004BC9046C9
:1065A000F0BD31004046FFF799FF310080463800CA
:1065B000FFF794FF060010201DF021FF4146040064
:1065C000ABB2B28889880CF085FD404600210BF003
:1065D00057FA300000210BF053FA012120000CF093
:1065E0000FFDDAE7012170B5494204000420FDF7F0
:1065F000EDFD0121050049420520FDF7E7FD2021C1
:106600000600CA20FDF7E2FD002C0AD0012C12D0B2
:10661000022C0BD10300320029000320FFF7B2FF48
:1066200070BD01002800FFF759FFF9E7044806F0A4
:10663000E7FE0020F4E701003000FFF74FFFEFE72F
:106640008D03000010B52021007CFFF747FF10BD2F
:1066500010B51023808800F0C7F910BD036810B58D
:106660009B699847431E9841C0B210BD10B509F010
:1066700079FD431E9841C0B210BDC0468088704766
:1066800010B5044B00221B6800211C6B0023A0479F
:1066900010BDC04648030020F0B5CE464746060070
:1066A00080B585B000900191029287B21022360C1D
:1066B00069461248039304F049FE31003800FCF7A4
:1066C000C3FE04003000FDF7B7FB8046002C10D05D
:1066D0000B4B99464B461B6800221D6B414600231D
:1066E000E068A847206832003900FCF79BFE041ED2
:1066F000F0D105B00CBC90469946F0BDD002002008
:106700004803002010B5FFF7DBFA09F0FBFA10BDD3
:1067100070B50600054D2B6800221C6B002100237C
:106720003000A047142009F079FAF4E7480300206C
:1067300010B509F0E7FA10BD10B509F06FFA10BDF9
:1067400010B508F0CFFB10BD10B5041E06D0FFF742
:10675000A5FA034A2100034809F05CF910BDC046C0
:1067600035FD00001167000010B5041E06D0FFF7CC
:1067700095FA034A2100034809F04CF910BDC046C0
:10678000056700008166000010B589B280B209F08B
:106790006BFA10BD054B10B51C68FDF70DFD044BE1
:1067A0009C4664442018400A400210BD4803002063
:1067B000FF01000010B508F0B1FB10BD10B50AF0E4
:1067C00043FF10BD10B50AF04FFF10BD034B1B680F
:1067D000002B01D0186A70470020FCE70009002058
:1067E000014B1B681862704700090020F0B54E4647
:1067F000DE4657464546E0B53C4B87B099461B6898
:106800000290002B6AD0002008F090FE8500040062
:10681000280009F093FB039008F088FE844258D1C9
:10682000002C3CDD039B9A460023554401950093C0
:1068300053461F683E6A002E2BD07069FEF784FD18
:106840000223029A043613409B464B461B68346869
:106850009F422ED03868BD6808F076FB4B461B6817
:106860002D1A641975689F4207D0BB68386898462E
:1068700008F06AFB4346181A2D185B46002B03D01C
:106880001BE001CCFEF760FDA542FAD8B668002EE9
:10689000DBD104239C46019BE2445345C8D10398B5
:1068A00009F076FB07B03CBC90469946A246AB4641
:1068B000F0BD5B467568002BE6D0009922004B1CAA
:1068C00098462B1B9B100A4808F0ECFD43460093AA
:1068D000DAE7CB20800006F093FDA1E7012009F064
:1068E0002DFB0590059809F053FBDBE7000900201C
:1068F0008053020010B500F05BFF040030201DF053
:106900007EFD0123002221000AF01AFF10BDC046BF
:1069100070B5FFF7EFFF00F0DFFF1E4B1B681C8D0B
:10692000002C27D11C4808F043FF1C4C1C4E651C52
:10693000FF3502E00434AC420AD020680028F9D0C8
:1069400003681B68B342F5D004349847AC42F4D1D5
:1069500001F03AF801210D204942FDF737FC00F023
:1069600079FC002803D0036800211B68984700F0D9
:1069700089FF70BD21000B48FEF76EFF2100050066
:106980000200094808F08EFD002DCBD1142006F03E
:1069900037FDC7E7480300204C030020FC0300201C
:1069A00079220000002000207053020010B5084832
:1069B0000DF0ECFA074C20000CF068F8064A074985
:1069C00020001DF015FD064B064A1A6010BDC0469A
:1069D000D00200204C030020B4000020D129010087
:1069E00070030020CC570200F0B557464E4645468E
:1069F000DE46E0B58DB004000D0016001F00FCF768
:106A000023FD00280BD0320029002000FCF730FDC8
:106A10000DB03CBC90469946A246AB46F0BDBFB215
:106A20000F2C01D1C02F10D128201DF0E8FC824688
:106A30001E4BA1B2AAB2009709F0F4FA1C4B5146C2
:106A400018000BF0F1FE002828D1002DDBD1012128
:106A500020004942FCF7F8FC071ED4D0A3B29B46A5
:106A6000124B9946124B984610239A4653463A8940
:106A70005946009302A84B4609F0D4FA02A94046B1
:106A80000BF088FE02A809F0E7FA012238685242AA
:106A90002100FCF7C7FC071EE8D1B4E7504609F017
:106AA000DBFA50461DF09CFCCFE7C046996600001B
:106AB0004C03002000B585B08AB2012381B268463C
:106AC0000DF042FA05B000BD012110B5494202485F
:106AD000FCF776FD10BDC0468C53020010B50CF0DB
:106AE00025F910BD10B503681B6A984701000248DC
:106AF00008F0D8FC10BDC0469453020010B50368DE
:106B00000C001B6A984722000100024808F0CAFCEA
:106B100010BDC0469C5302000148C000C008704729
:106B200000800020F8B505000E00002826D00029BE
:106B300024D01C4F3C68002C03D10CE0246C002CAA
:106B400009D023689D42F9D163689E42F6D1164868
:106B500008F0A8FC10E0154808F0A4FC44201DF043
:106B60004EFC0400056046603200083029000FF03A
:106B700035FB3B683C6023642000F8BD0C4808F0FE
:106B800091FC012119204942FDF720FB00F062FB36
:106B90000121050049421820FDF718FB00F05AFBBF
:106BA0000600C6E774030020C4530200DC53020051
:106BB000A853020010B5FFF7B5FF083010BDC0465E
:106BC000F0B5C64600B5060082B00D0000201100E9
:106BD00017009846FCF784FD0400FFF75FF8434672
:106BE000220030006D00A9B20832009308303B004B
:106BF0000FF0B2FA05006B425D416D4220002C405F
:106C0000FFF75EF8200002B004BC9046F0BDC0461D
:106C100010B51C0082B04900536889B20832009454
:106C200008300FF057FA02B010BDC04670B5094DDC
:106C30002C68002C01D0200070BD862040001DF083
:106C4000DEFB04000EF06CF8201D21000AF0BEFFF0
:106C50002C60F0E778030020F0B5050083B00C004D
:106C6000FFF7E4FF2B6806001B6A280098472B6893
:106C700007005B6A28009847390002B268460DF0A9
:106C80004FFA694601A80DF067FA220063680832DE
:106C900001A9301D0BF0DCF801A80DF001FA6846DF
:106CA0000DF0FEF903B0F0BD70B5040082B0FFF73F
:106CB000BDFF236805001B6A200098472368060073
:106CC0005B6A20009847310002B268460DF028FA4E
:106CD000694601A80DF040FA281D01A90AF0D6FF67
:106CE000040001A80DF0DCF9002C0ED020002021BA
:106CF0001030FCF7F5FC05002000FEF787FD684624
:106D00000DF0CEF9280002B070BD0025F7E7C046AF
:106D100070B5040082B0FFF789FF236805001B6A85
:106D200020009847236806005B6A200098473100DE
:106D300002B268460DF0F4F9694601A80DF00CFAAC
:106D400001A9281D0BF022F901A80DF0A9F9684648
:106D50000DF0A6F902B070BD10B5FFF767FF043063
:106D60000BF01AF910BDC04670B5D31872B615787D
:106D70000132802441600326013EFDD12C4200D126
:106D800001600626013EFDD10160641004D0E4B22A
:106D90000226013EFDD1EDE79A4200D2E7E762B656
:106DA00070BDC046012110B5494204001320FDF713
:106DB0000DFA00F04FFA001B43425841C0B210BD1B
:106DC000F023F0B5DE464E46454657469446994672
:106DD000E0B556006644B14485B08046484603910C
:106DE00002921DF001FB4A4600210400002605F036
:106DF000D9FC802280237821029886421FDA60180D
:106E0000077817430770571038D0FDB2AA46039D84
:106E10009210AD5D94461D4205D00578AB465546AF
:106E20005A46154305706246002A33D1013140327B
:106E30005B1021D10298013680338642DFDB0022CD
:106E40000021404600F082FD036805001B681549DB
:106E5000984700222B680092DF684A4600232100F1
:106E60002800B84720001DF0BBFA05B03CBC904696
:106E70009946A246AB46F0BDDBB2BDE7039A0131AD
:106E8000925D1A420BD080229246403A8027944667
:106E90006018C2E7BA1003D101318022C8E720226E
:106EA000D2B2C5E7009F2400F8B505000F00160018
:106EB000182A03D9FFF776FF002818D12B68002184
:106EC0001B6828002C7C98471F23012123409940F0
:106ED0000A4B60119C46C001604433003A00FFF742
:106EE00043FF2B6800211B6828009847F8BD32003B
:106EF00039002800FFF764FFF8E7C046144400415A
:106F0000F0B5D6464F464646C0B51E0003680C0095
:106F10001B680021070020259847236801211B6872
:106F200020009847236800211B682000013D9847F6
:106F3000002DF2D1089B002B22D0B1464B449A463B
:106F40004B461B78082698468025414629404B1E13
:106F500099413B6838001B689847236801211B68EA
:106F600020009847236800211B682000013E9847B5
:106F70006D08002EE9D101239C46E144CA45DFD1CA
:106F80003B6801211B6838009847202523680121B0
:106F90001B6820009847236800211B682000013DE2
:106FA0009847002DF2D11CBC90469946A246F0BDF0
:106FB000F0B5CE46474680B50A0083B0002198461A
:106FC00000F0C4FC002504000368184E0095DF683B
:106FD000042200233100B84723680095DF680A9A2D
:106FE000002341462000B84723680095DD6804224D
:106FF000002331002000A8470A9BDF0810D00C4B6B
:107000000025994600239846424623680092DE6890
:1070100004220023494620002035B047BD42F3D367
:1070200003B00CBC90469946F0BDC0467C030020DE
:10703000BC000020F0B5040083B00D0017001E0056
:10704000002814D0002912D0002B10D0089B002B50
:107050000DD0182B03D9FFF7A5FE002809D1089BF6
:107060003A000093290033002000FFF749FF03B0E6
:10707000F0BD089B3A000093290033002000FFF781
:1070800097FFF4E710B582B000280BD0002B09D091
:107090005C68002C06D00833042A05D022001900B1
:1070A000FFF702FF02B010BD0094FFF7C3FFF9E73E
:1070B000F0B5CE464746012180B583B002AF4942C4
:1070C0001420FDF783F800F0C5F800210400C82063
:1070D000FDF77CF8002C01D000283FDA01210820C0
:1070E0004942FDF773F800F0B5F801210600494266
:1070F0000720FDF76BF800F0ADF800218046C920AD
:10710000FDF764F8002E23D04346002B20D0002842
:107110001EDD6A468400E31DDB08DB00D31AE94666
:107120009D4602AD22000021280005F03BFB002C0B
:1071300005DD0023E022EA5404339C42FBDC80227C
:1071400000942B00520041463000FFF7D9FECD4697
:10715000BD4601B00CBC90469946F0BD6A4645005C
:107160002D18EB1DDB08DB00D31AE8469D4602AE66
:107170002A000021300005F015FB002D01D1C54685
:10718000ACE72A0031002000FFF78EFEC546A5E7D8
:10719000F0B5C646040400B5240C3F2C27DC164E7F
:1071A000164D335D2868002B19D1154F3978013100
:1071B0008900FEF713FD286020201DF020F9210032
:1071C0008046E2B2643103230FF076FB41463A7801
:1071D0002868531CDBB292003B7011503355094AAA
:1071E000944663449B00185804BC9046F0BDE320CD
:1071F000800006F005F9D2E780030020C0030020DC
:107200004C0A0020FFFFFF3F012170B549420500F5
:10721000FCF7DCFF0400431C03D02000FFF7B8FF9D
:1072200070BD2900014808F03DF9F6E7F853020067
:1072300070B504000D003F2803D9E320800006F05C
:10724000DFF82800FFF7A4FF014B5A5D1A5570BD07
:107250008003002010B5002806DBFF2804D00004BE
:10726000000CFFF795FF10BD0020FCE7012110B5D1
:107270004942FCF7ABFF002806DBFF2804D00004DE
:10728000000CFFF785FF10BD0020FCE7084B10B590
:107290005C1CFF3402E00433A34207D01A68002AC2
:1072A000F9D091888142F6D1100010BD0022FBE791
:1072B000FC03002010B5FFF7D9FF10BD10B5010089
:1072C0000020FCF70DFA10BD014B98687047C046CE
:1072D000D002002010B503685B69984710BDC04616
:1072E00010B50368DB68984710BDC0467047C046BC
:1072F0000048704716FCFFFF044B10B503600023E5
:107300000400C38007F0ACFF200010BD1054020041
:10731000064B10B5036000230400C38007F0A0FFF4
:1073200020001DF05DF8200010BDC0461054020082
:10733000044B10B5036000230400C38007F090FFE6
:10734000200010BD10540200064B10B5036000234E
:107350000400C38007F084FF20001DF041F82000E6
:1073600010BDC04610540200F0B5CE4647462C234F
:1073700080B5C35C85B00400002B04D105B00CBC03
:1073800090469946F0BD80680021036808261B6876
:107390009847A0680121036800271B689847206967
:1073A000012103687F009B689847002801D00123D2
:1073B0001F43E06800210368013E1B689847E068AE
:1073C000012103681B689847002EE8D1A3695F403C
:1073D00063699F42D2D0260001231C3600259846BF
:1073E00012E000290CD1114B994601234946684609
:1073F0000CF0AAFD01230022494668460CF0A4FDCA
:1074000001350236082D0ED03288002AF8D04346C6
:10741000AB401900606939401842E2D10029EFD031
:10742000034B9946E1E76761A8E7C0460208000000
:1074300003080000036810B55B689847431E984135
:10744000C0B210BD10B503681B68984710BDC04698
:1074500070B50D001600040003680321DB6C98472B
:107460003200290020891023FFF7BEFA70BDC04604
:1074700070B505000C00160002290EDB03290DDD96
:1074800005290ADC03210368DB6C2800984728895A
:10749000102332002100FFF7A7FA70BD0368022114
:1074A000DB6CF2E7F0B504394F464646D6464B4210
:1074B0004B41C0B59146984606000AF0D5F84B46B8
:1074C00004000D00DF17336830005B689847824680
:1074D00040450ED00AF0C8F8001BA941B94202D8B5
:1074E000F1D18145EFD200201CBC90469946A246BE
:1074F000F0BD0AF0B9F88046336830005B68984701
:1075000082450ED10AF0B0F8001BA941B942EAD871
:10751000F2D18145E7D3336830005B6898478245F4
:10752000F0D00AF0A1F84346C01ADDE710B50123F8
:10753000002903D001394B4259414B000268190020
:10754000126C904710BDC046F8B5274D2C68002C32
:1075500001D02000F8BD30201CF051FF0027234B44
:1075600047600360040007F007FE0121204B4942F9
:1075700023604720FCF72AFEFFF76CFE0121A06084
:1075800049424820FCF722FEFFF764FE0121E0603B
:1075900049424920FCF71AFEFFF75CFEFA231B0163
:1075A000A3808023E2889B01134306002061E380CF
:1075B00001222C2320006761A7610021E2541C30C6
:1075C0000F3205F0EFF8336801219B6830009847CF
:1075D000A068012103681B689847E06801210368DF
:1075E0001B6898472C60B4E7C403002010540200C5
:1075F000305402000F4B70B5C51804000E00072D63
:107600000ED90D4B0020E318072B08D8FFF79CFF7D
:107610000A4B9C466444640004190120A68070BD96
:10762000FFF792FF0123AB408269323C1343836131
:10763000E7E7C046E6FBFFFF18FCFFFF24FCFFFF67
:107640000C4B10B51C68002C09D0220000231C3202
:107650001188884205D001330232082BF8D100206E
:1076600010BD01209840030060691840431E9841F6
:107670004002F5E7C40300200121F8B549420700A4
:107680004820FCF7A3FDFFF7E5FD0024002826D0E5
:10769000FFF75AFF05008068002103681B689847C0
:1076A000A868012103681B689847002F17DD002692
:1076B00028690121036864009B689847002801D06D
:1076C00001231C43E8680021036801361B689847C2
:1076D000E868012103681B689847B742E8D1200099
:1076E000F8BDC046012110B549424820FCF76EFDA7
:1076F000FFF7B0FD002814D0FFF726FF0400006953
:10770000002103689B689847A068002103689B6874
:107710009847E068002103689B6898472C23002263
:10772000E25410BD10B503685B6E984710BDC046AB
:10773000FA2210B50368D2001C69014BA04710BDA6
:10774000DC05000010B503681B6E984710BDC046ED
:107750007047C0467047C04670B50D0001214942D0
:10776000FCF734FD03001E3B0400012B00D970BD63
:107770000021CB20FCF72AFD002811D11F231A007D
:10778000E1170A40C90E121964181C40074B521128
:107790009C460223641AD201A41864442370E6E7CD
:1077A00029002000FFF744FDE1E7C04640440041C6
:1077B000F0B5DE464E4657464546E0B52D4983B006
:1077C000DA20FCF703FD0121019049422C20FCF74F
:1077D000FDFC01384342584112234042264E0340EB
:1077E0009C46336825489A460123182299468346C9
:1077F0000199D140CDB2002D0ED0AC450CD0132D47
:107800000AD00124142305E0671C9D4215D03C00DA
:10781000FB001B5C002BF7D1083A13000833E7D1BB
:10782000E720800005F0ECFD0025280003B03CBCFB
:1078300090469946A246AB46F0BD4F465346A740F8
:107840003B42E9D1E4005C44636898461B889B078F
:10785000E2D40F230A48194007F024FE18201CF038
:10786000CEFD6278414605000EF00EFA33681F43E4
:107870003760DAE721202215C8030020585402009F
:107880004854020010B50124644221009620FCF700
:107890009DFC01001420FFF75FFF21009720FCF7FB
:1078A00095FC01001620FFF757FF21006620FCF72A
:1078B0008DFC01001A20FFF74FFF0448FBF732FF51
:1078C000034800F085F8FFF7F3FB10BDA10D0C0095
:1078D00055770000002070477047C046F0B5C64697
:1078E000164B00B51C6805000E0017009846002CCA
:1078F00003D10FE0A46D002C0CD023689D42F9D178
:1079000063689E42F6D1A3689F42F3D1200004BC75
:107910009046F0BD5C201CF072FD3B000400056049
:107920004660876032000C3029000FF001FE4346AC
:107930001B68A36543461C60E8E7C046CC030020F3
:1079400010B55A2005F05CFD002010BD10B5FFF702
:10795000C5FF0C3010BDC04610B50C300FF0B4FDA3
:1079600010BDC04670B5040082B00E00150000289E
:1079700018D0002E11D0310072680831002D09D0C6
:107980002B006D680833200000950C300FF054FB7D
:1079900002B070BD00250023F5E7002DF8D00022CD
:1079A0000021EDE7014805F02BFDE2E7DD030000D3
:1079B00010B50C300FF0D6FA10BDC04610B50C3023
:1079C00008220FF0D5FA10BD7047C046002070475E
:1079D000014B18607047C046D0030020034B10B520
:1079E0001B68002B00D0984710BDC046D003002074
:1079F00010B50A4C2368002B0FD00821084898477F
:107A0000084823680168002B07D004309847236892
:107A1000002B02D002210448984710BDD00300205B
:107A200090540200FC0400209C540200036810B52E
:107A30009B699847002800D110BD80208000FBE79B
:107A4000064B00B59C4689B0604482B201230449CC
:107A500004A80CF079FA09B000BDC04660F0FFFF41
:107A600002080000064B00B59C4689B0604482B213
:107A70000123044904A80CF067FA09B000BDC04610
:107A800060F0FFFF0308000010B50400024B036024
:107A900009F01CFF200010BDA854020010B504001E
:107AA000044B036009F012FF20001CF099FC200039
:107AB00010BDC046A854020010B50400024B03607C
:107AC00009F004FF200010BDA854020010B5040006
:107AD000044B036009F0FAFE20001CF081FC20003A
:107AE00010BDC046A854020070B5050010201CF05F
:107AF00086FC0023036083602B68040045605B699B
:107B000028009847034BA0811A68200022601C605F
:107B100070BDC046D403002010B50400FEF74EFE31
:107B2000A368C31A312B01D8A08910BDA06060687A
:107B300003685B69984780B2A081F6E770B50400DE
:107B40008069FFF7E9FF1C22A35E002B1BDB104BB3
:107B5000C4183221D820FCF739FBFA21050049006E
:107B6000D920FCF733FB641B6402411B200012F098
:107B70001FF980239B00984201DD180070BDC343AC
:107B8000DB171840FAE78024A400241AE1E7C04676
:107B900000FEFFFF10B504008069FFF7BDFF1C2346
:107BA000E25E002A15DB0D4BC31893420DDCA17F6A
:107BB000002903D100230020A37710BD51008A18AB
:107BC000921001209A42F5DAF7E701230120A3770A
:107BD000F3E780239B001B1A5242E6E700FEFFFFFB
:107BE00010B50400002902DCFA231B01C1180800AB
:107BF000FFF74CFB002803D003681B6A984710BDB1
:107C00002000FFF71DFD0028F9D080208000F6E756
:107C1000F0B5C64605000800012100B5494282B012
:107C2000FCF7D4FA0400431C0CD003021B0E2027DF
:107C3000002B0BD1FA231B01EE183000FFF726FBB7
:107C400000280CD002B004BC9046F0BD1F00FA23FF
:107C50001B01EE183000FFF719FB0028F2D12404B5
:107C6000240C29002000FFF7C5FC0028EAD14E4B68
:107C7000E518C72D59D9F0233B40102B00D181E0E6
:107C8000202B00D185E000229046302B02D04748BF
:107C900005F0B6FB2000FFF7DDFA040018201CF009
:107CA000AEFB434601930F2305001F40B2B20E3BCB
:107CB0000097210009F0B2FE3D4B2B60AC880F2CE1
:107CC000C0D03C4F28203B6898461CF098FB1023FE
:107CD000210000930122384B060008F0A3F9434627
:107CE0001B6831005B6840469847002854D1AD8836
:107CF0003E680F2DA6D028201CF081FB1023040025
:107D0000009329002D4B022208F08CF933682100E2
:107D10005B6830009847002800D193E7200008F006
:107D20009BF920001CF05CFB8CE79621D5304900C4
:107D3000FCF74CFA8046632D03DD43429846204B06
:107D4000E5182800FFF786FA1E4B1C68002C03D1AB
:107D50001BE02468002C18D063689842F9D12020D9
:107D60001CF04DFB0027050061680123B2B20197AA
:107D7000009709F053FE144BAC612B604346AF777C
:107D8000AB839BE70123984684E7FFF7ADFE040031
:107D9000E5E7022398467DE7300008F05DF9300002
:107DA0001CF01EFBA3E7C046B4FBFFFF230300004B
:107DB000A854020030090020657A0000417A0000D2
:107DC00050FBFFFFD4030020D45402007047C0468C
:107DD0007047C0467047C04600207047002070477B
:107DE0007047C0467047C04600207047002070476B
:107DF0000020704700207047002070477047C04641
:107E000070B51A4D2C68002C01D0200070BD0121E6
:107E10000E204942FCF7DAF9FFF71CFA002823D0BC
:107E200018201CF0ECFA0121040049420E20FCF756
:107E3000CDF9FFF70FFA11220100200009F024FD0F
:107E40003221200008F0C2FDD9212000890008F06D
:107E5000B3FD8021200008F0E7FDE021200089002B
:107E600008F0C6FD2C60D0E72C68CEE7D8030020D0
:107E700030B589B004000D00FFF7C2FF002820D004
:107E8000838802AA9380C388D3800389138143899E
:107E9000538183899381C389D381038A13820A4BD7
:107EA0000293436910000193079308F069FD02AB48
:107EB00098882A0010232100FEF796FD02A809F0F9
:107EC000B9FC09B030BDC046EC58020010B588B00E
:107ED000FFF796FF002821D0838802AA9380C388E9
:107EE0000324D38003891381438953818389938138
:107EF000C389D381038A1382094B0293436910001B
:107F00000193079308F00AFDC3171C40241802A828
:107F1000A41009F08FFC200008B010BD7F24FAE700
:107F2000EC58020030B589B005000C00FFF768FF7F
:107F300000281DD0838802AA9380C388A400D38020
:107F40000389A1B213814389538183899381C389B2
:107F5000D381038A1382094B0293436901930793E8
:107F6000012D07D002A808F043FD02A809F062FC29
:107F700009B030BD100008F057FDF6E7EC580200DC
:107F800010B5FEF7E3F9002010BDC04610B504009F
:107F900000F0A6F81023220002210248FEF724FD7B
:107FA00010BDC046B90B000010B500F099F80028CC
:107FB0001FD00BF00BFF13F0C3F80300FF20772B4B
:107FC00016DC0020332B13DD180013F0D9F80A4912
:107FD00012F0DCFE13F0B4F80302181A13F0D0F814
:107FE000064912F0C9FB13F0ABF8FF2800DDFF20B3
:107FF00010BD3420FCE7C04600005042000088421B
:1080000070B5040000F06CF8051E16D0201E17DBBA
:10801000FF2C13DC13F0B4F80A4912F085FD0A496D
:1080200012F0AAFB094912F00DFA13F089F813F0C7
:10803000A7F8011C28000BF0F3FE70BDFF20E9E754
:108040000020E7E70000884200007F430000504224
:1080500070B51C4D84B02C68002C02D0200004B0F8
:1080600070BDA62080001CF0CAF90121040049421D
:108070001120FCF7ABF8FFF7EDF8012106004942AB
:108080001020FCF7A3F8FFF7E5F814230200009393
:1080900031000D4B20000CF003FF90239B00E118F2
:1080A0002C33E018094B0A4A02930A4B01930A4BFE
:1080B00000930A4B0BF056FE20000DF001F82C60E7
:1080C000CCE7C046DC030020F0550000B90B0000EF
:1080D0000000BE42000050420000104100009642E5
:1080E00010B5FFF7B5FF002804D09B239B009C46EA
:1080F000604410BD0020FCE741607047074A1068EB
:1081000043034340580C434058015840044B10600F
:108110009C460004000C60447047C046C400002028
:108120000180FFFF104B10B50800994201DD0F4B95
:10813000C81880235B00984201DDDB18181A030081
:108140000B4C4343A4460B4A5A4312146244534314
:10815000094A1B14944663445843034B0012994246
:1081600000D9404210BDC046FF01000000FEFFFFE5
:10817000C6ADFFFF3B090000FEC80000024B8801AE
:108180009C4660447047C0460180FFFF064B994201
:1081900006D9064B06489C46401AC0016044704709
:1081A000024BC901C818FAE7FF0100000180FFFF78
:1081B000FF030000036A1A7866235343044A944677
:1081C00063448B4201DC034870470348FCE7C04628
:1081D00004FCFFFFFF7F00000180FFFF70B53F241C
:1081E000250083691D4095421BD0104E1440336812
:1081F0005D035D406B0C5D406B016B4080252D0283
:1082000033602B401C4384610020002B08D0084BB6
:108210008B424041074B40421840074B9C4660440C
:1082200070BD802212021340EEE7C046C00000205D
:10823000FF0100000200FFFFFF7F0000036A1878C3
:108240000C4B1B18103B1B781A401F2350111A406F
:108250001E3B9340084A8000825800201A4208D0F2
:10826000064B8B424041064B40421840054B9C4612
:10827000604470473055020028550200FF0100009D
:108280000200FFFFFF7F0000002070470F4B70B51A
:1082900003600F4BAC261A00040076008519835149
:1082A000283234338530AA60EB60FF300BF0E0FEFB
:1082B00020008130FF300BF0DBFE064B2800A3517D
:1082C0000023EB8006F0CCFF200070BD18550200A3
:1082D000DC5C020010540200114B70B50360114BBE
:1082E000AC261A00040076008519835128323433F5
:1082F0008530AA60EB60FF300BF0BAFE20008130C1
:10830000FF300BF0B5FE084B2800A3510023EB8093
:1083100006F0A6FF20001CF063F8200070BDC046E8
:1083200018550200DC5C020010540200F8B5A823C6
:108330005B00C358DE469B4601235B4257469A4684
:108340004E46454603339846534404009946E0B5EB
:108350005B462948002B0DD01A79002A07D1A7685F
:108360001A68D21B002A0BDD904200DD10009B68CA
:10837000002BF1D13CBC90469946A246AB46F8BDD5
:1083800020000126002110307642C269002A2CD03C
:10839000721C07D0B2009219D200A21812690568A7
:1083A000AA4200D20E00013128300829EDD1B100D7
:1083B0008919C90010316618F269002A01D04146B6
:1083C00011714A46F3611A71DB6837601F00083784
:1083D000376258680C2111F061FC430018185346AD
:1083E000800038187062F360B2E78A005118C90043
:1083F00010316618E0E7C046FFFFFF0010B501230B
:10840000002A02DD00F004F80300180010BDC04689
:10841000F0B5DE464E4645465746E0B58BB0040003
:108420000890079116000292FFF780FFA8235B00D7
:10843000E4580500631E9C41B04200DA44E1029B0F
:1084400000215B001A000798099304F0ABF9FA21A8
:10845000089E8900F568280211F0AAFC0590280002
:1084600014F04AFC02000B000020A64913F02EFA7B
:1084700014F000FDB4461022624493465136FF3694
:10848000049006965B46DA69002A00D1D2E059468C
:108490001B6A8D680C3B0B620299002900DC09E124
:1084A0000023079E9846019303930027009300241E
:1084B0009A461CE0039B9946A901AA0E009B890DD0
:1084C0005846984743461B145843338800141818DD
:1084D000019B30809C460123E0449C46029BE24481
:1084E000ED19013C4F440236534500D190E0002C79
:1084F000E0D15B461B6A59461A000C320A62496A8F
:108500008A4200D3C2E0804CD8891A7B198AA146DE
:10851000A04205D880B28146142801D21420814699
:10852000D88A794CA0426CD90394588A774C071C9E
:1085300000B2A04200DD271C3FB2F8439B8AC0175F
:10854000724C0740181C1BB2A34200DD201C00B275
:10855000C343DB171840059C002908D06C4B0C1C4A
:10856000994201D96B4B1C1C059BA4B25C43052AA4
:1085700039D869499300CB589F46684B0093240A29
:10858000C01B0004210011F013FC53460190002B86
:1085900000D1AAE03B044846984612F0F1FD049948
:1085A00012F0C2FA11F01CFE07000398484500D1F2
:1085B0007CE012F0E5FD049912F0B6FA11F010FE1D
:1085C0002100C01B11F0F4FB0390814674E7544B6B
:1085D0000093D4E7534B0093D1E7534B0093CEE77E
:1085E000524B0093CBE7524B009313000B3B042BF1
:1085F000C5D9504B103A0093022AC0D84E4B009375
:10860000BDE780B2039014288FD2142003908CE72A
:108610005B461A6A5B6A9A4238D25B469D60002CC0
:1086200000D101345B4642465C600124DA60039A63
:108630001F615A6128239C46069BE3449B4500D05A
:1086400020E70299089A8C469368009363449360EC
:10865000002913DD0799099B384AC818384D03E0F3
:108660000A800231884209D000268B5F9342F7DCF2
:10867000AB42F6DA0D8002318842F5D120000BB012
:108680003CBC90469946A246AB46F0BD5B46DA69D3
:108690000223137100235A46D36128239C46069B6C
:1086A000E34401249B4500D0ECE6CAE70023994649
:1086B000039301E75946496A8B42E9D20023002718
:1086C000039398460124ADE7089C079E0200310001
:1086D0002000FFF793FEB446029B690020005A1B5E
:1086E0006144FFF78BFE0124C8E75B46DB689846D0
:1086F000013300D14EE75B465C681F695B690393F9
:108700009946D9E600009041204E0000FF0300008A
:1087100060EA000060EAFFFFF85402007D8100007B
:108720008D810000FD800000DD81000025810000BA
:10873000B5810000898200003D820000FF01000039
:1087400001FEFFFFF0B54B6883B007000E00002B61
:1087500032D0802101A889000BF072FC8022019D9B
:1087600052002C1D21003000FFF752FE81239B0098
:108770009C4665448022920094462388634423806B
:108780000234A542F6D100280FD07068002802D02C
:1087900003681B68984701A938000BF061FC01A829
:1087A0000BF066FC380003B0F0BDAA235B00F05468
:1087B00038000BF03FFCF2E70BF03CFCF2E7C04660
:1087C000012170B5494205001A20FBF7FFFCFEF7B6
:1087D00041FD041E0BD001211A204942FBF7F6FC93
:1087E000C30305D4236829001B682000984770BD87
:1087F0006B425D41EDB2F5E7002070470020704705
:10880000002070477047C0467047C0467047C0465A
:108810007047C0467047C0467047C0467047C04664
:108820007047C04670B50025164B060082B00400A4
:10883000036045600220FEF70DFD13235936FF3615
:1088400001002200009301950F4B30000CF090F8CE
:1088500001204042FFF7E4FFAA235B00A56030003F
:10886000E5540CF069F8A022E060200052000021DD
:10887000103003F097FFA82320005B00E55002B002
:1088800070BDC0461855020044AC000070B5074DDD
:108890002C68002C01D0200070BDC42040001BF0CB
:1088A000AEFD0400FFF7BEFF2C60F4E7E0030020FC
:1088B000F8B50C000700FFF7E9FF06002000FDF700
:1088C000EDF910201BF09BFD0023FA210500037138
:1088D000C460F0688900784311F06AFAB3689C4676
:1088E0006044286006F0F0FAA8235B00F458AC60FE
:1088F000F550002C0BD111E0A368E068AB60FDF7E8
:10890000DFF920001BF06CFDAC68002C06D0237949
:10891000022BF1D02500A468002CF8D106F0C6FA8D
:10892000AA235B00F25C002A00D0F8BD0122706827
:10893000F2540028F9D003681B689847F5E7C04651
:1089400070B5FFF7A3FF050006F0BEFAA8220023CA
:108950005200AC58AB50AC3AEB626B65EB67AB5076
:108960002832AB502832AB502832AB502832AB50B3
:10897000002C08D0E068A568FDF7A2F920001BF0E4
:108980002FFD2C1EF6D106F091FA70BD70B51500C2
:1089900006000C00FFF77AFF002203004260C5606A
:1089A0000120002C04DD220031001800FFF730FD0B
:1089B00070BDC04610B50400FFF768FF2000FFF748
:1089C0002FFF10BD7047C0467047C046024A4300A3
:1089D0001068C0187047C046480300207047C04662
:1089E0007047C0467047C0467047C0460B6810B518
:1089F000984220D10B6998421DDC8B6998421ADAA3
:108A0000002808DB4B681468A34200DA136054683E
:108A1000A34200DD53600B6B002B06DD8C6A4A68B5
:108A2000A44662444A600A6A9B1A4A6A0130944624
:108A300063440B63086010BDF0B5C6460B6800B513
:108A4000984229D14B684E69B34225DB8C69A0421C
:108A500022DA0D6A0C6BA8460BE04F6ACD6ABC4661
:108A6000451964440D604444013BA84212D1B3420D
:108A700010DB002807DB15689D4200DD1360556898
:108A80009D4200DA5360002CE7DC0D684444013B52
:108A9000A842ECD00C634B6004BC9046F0BDC046CD
:108AA0000B68F0B5984228D14B684E69B34224DC7C
:108AB0008C69A04221DA0D6A0C6BAC460AE0CD6AE3
:108AC0004F6A4519E41B0D6064440133A84212D17A
:108AD000B34210DC002807DB15689D4200DD1360FF
:108AE00055689D4200DA5360002CE8DC0D68644450
:108AF0000133A842ECD00C634B60F0BD10B5426866
:108B0000010093890248528906F0CCFC10BDC04692
:108B10006055020010B5436800205C898C4206DD78
:108B2000002A04DB9B8901209A4201DAC0B210BD01
:108B30000020C0B2FBE7C046F8B5436814001D0032
:108B40005A7A07000E001035012A0ED0042A1ED1D1
:108B5000998989001F314911890071436D18002CD2
:108B600022D128780F23184010E099890731C910C5
:108B700071436D18002C01D0E310ED1807231C4041
:108B8000063BA34028781840431E9841F8BD0C4886
:108B900004F036FC7B68AD1B5B7A002C0AD0012BFD
:108BA000EAD00020042BF1D16310E85CE307D9D5AB
:108BB0000011EBE7042BD4D00020012BE6D1DDE738
:108BC0003503000070B504000D001600FFF7A2FF8A
:108BD00003000020002B04D0320029002000FFF702
:108BE000ABFF70BDF0B5C6461D00436800B51E0062
:108BF00014005A7A80460F001036012A14D0042A35
:108C000028D1998989001F31491189007943761843
:108C1000002C2CD10023F3560F22934315402B43F5
:108C2000337004BC9046F0BD99890731C91079436F
:108C30007618002C01D0E310F618072301221C40FF
:108C4000A2403378002D02D193433370E9E71343F8
:108C50003370E6E70E4804F0D3FB43465B68F61B2F
:108C60005B7A002C0FD0012BE5D0042BD9D16310F7
:108C7000F6180023F356E207CED50F222D0113403C
:108C80001D433570CDE7042BC4D0012BC9D1D4E7E7
:108C900035030000F8B55746DE464E464546E0B57A
:108CA00016000A9A9846971B012282460C005B1A0E
:108CB0009346002F02DA023A93467F427F00FD1A64
:108CC0005B009946A0450EDB0B9B3200210050460D
:108CD000FFF788FF002D02DD4B465E44ED1A01349C
:108CE000ED19A045F0DA3CBC90469946A246AB4649
:108CF000F8BDC046F8B55746DE464E464546140018
:108D0000E0B55F1A01230A9A824690460E00121BB4
:108D10009B46002F02DA023B9B467F427F005300B6
:108D2000BD1A9946A0450EDB0B9B22003100504630
:108D3000FFF758FF002D02DD4B465E44ED1A01346B
:108D4000ED19A045F0DA3CBC90469946A246AB46E8
:108D5000F8BDC046836810B50133040083604068E5
:108D6000830701D1030F04D141680830FAF7B8FC3A
:108D7000606010BD30B54468002063890D68013B18
:108D8000A84200DA2800834200DD03000B600021C6
:108D9000A3891068013B814200DA01008B4200DDAB
:108DA0000B00136030BDC04670B5FAF799FC0500A2
:108DB000FCF774FF0C20FCF7CBFD041E06D0084B1B
:108DC0004560036000238360002D04D02800FCF779
:108DD00077FF200070BD034804F012FBF6E7C046A1
:108DE0007C55020035030000FA2370B5DB00040057
:108DF0000D00160098421CD899421AD8012A13D0A7
:108E0000042A16D189001F314B11810059430831C2
:108E10000020FFF7C9FF872243681A7200225E72A2
:108E20005C819D81DA8170BD0731C91041430831F1
:108E3000EEE70020F7E7C046031E07D04268002097
:108E4000082A02DD197A872902D070470020FCE742
:108E5000597A01290ED00429F7D1988980001F3052
:108E600041115889800048430830101A4342584144
:108E7000C0B2EAE7998958890731C91048430830D8
:108E8000F3E7C04600280AD042680023042A04DD24
:108E9000017AE12913D0E42903D018007047002398
:108EA000FBE7837A9B001F335911437A9B004B43A6
:108EB0000833043B9B1A58424341DBB2EDE7837A07
:108EC0000733D910437A4B430833F2E74368588994
:108ED0007047C046436898897047C0464368587ACF
:108EE000013843425841C0B27047C0464368012030
:108EF0009A0703D11B0F58425841C0B27047C04671
:108F00008068431E9841C0B27047C046F8B505005E
:108F10000C0016001F00002903DBFFF7FBFD0028F3
:108F200000D1F8BD2800FFF715FF3B0032002100FB
:108F30002800FFF757FEF4E710B5002902DBFFF722
:108F400041FE10BD0020FCE730B54368587A042884
:108F500000D030BD5D898D42FBD99C891033A000C3
:108F60001F304011800048431B181000691A6143EC
:108F70005268083091420FDC4910EAD00F240200F9
:108F8000581819782140117019780133091151705E
:108F900002328342F5D1DCE71100EDE7F0B5C646B9
:108FA00000B5436816005A7A04000D00042A02D066
:108FB00004BC9046F0BD5F898F42F9D99B899846E1
:108FC000FFF7C8FE63681C005A7A1034012A21D0CA
:108FD000042A23D19A8992001F32521192004146ED
:108FE00030006A437D1B69437368A21808300D0086
:108FF000994200DD1D006D10DAD00F245519037859
:109000004178234009010B4313700132023095422D
:10901000F5D1CDE79A890732D210E0E7024804F093
:10902000EFF901225242DAE735030000F0B5DE46DF
:1090300057464E464546E0B585B004000191009282
:10904000002B02D00E9A002A06D105B03CBC9046F7
:109050009946A246AB46F0BD4168019A48898242D2
:10906000F3DA009889898842EFDA013AD3180E9A28
:1090700001389446604402930390002BE5DB0028FE
:10908000E3DB03AA02A92000FFF774FE6A4601A9E8
:109090002000FFF76FFE0399029B019A4D1C0133DC
:1090A00061689B1A99468889009BED1A460707D18B
:1090B000002A05D1002B03D14B89994500D1B9E095
:1090C0002000FFF747FE6268537A012B00D194E03D
:1090D000042B00D0B6E00F279389009E99001F3122
:1090E000491189008A460F990F4039017F18F9B25A
:1090F0000F0001998B461021884690445A469B00E8
:109100001F335B119B005A439044002E00D08EE029
:109110004B465E1E002B98DD80235B009B462300A0
:10912000BC464446984605E0042B2DD05444013EED
:1091300000D28AE743465B685B7A012BF4D10721B2
:10914000009A0A409340002DF0DD27000020A14640
:1091500004E00A433A70013085423BDD5B4508D0AC
:10916000D9B25B000F9C3A78002CF2D18A433A7056
:10917000F1E74C4662462B1A0137072B36DCA14635
:10918000944602230121EDE70099033B194049422F
:10919000E03319400F31002DC8DD63462700A44697
:1091A0000020B1461C000AE0CEB209013B78013034
:1091B0001A006240324053403B70854211DDF0237B
:1091C0001B019942F0D12B1A0137012B04DCF0214D
:1091D0000F26EBE74C46A9E702303C70023B854284
:1091E000F2DC23004E4664469C469FE708303A7006
:1091F000083B8542C0DC944698E793890733DB102F
:109200009A460F99009ECF07FF17F9B20F000199F8
:109210008B461021884690445A4653439844002E6A
:1092200000D175E7F610B04472E7053B9A46761018
:10923000B0446DE7854200D042E70F99200000F06E
:109240003BF802E71B4804F0DBF86268517A012919
:1092500006D10121938949420733DB108A46D0E7C2
:109260000F2311270F98009E03405F43FBB21F009E
:10927000019B9B46102398469044042903D1113B3F
:109280009A4693893AE70B4804F0BAF843465A469F
:109290009B1A9846002E05D063685B7A012B05D097
:1092A000042BC2D001235B429A4631E7023B9A4627
:1092B000B8E7C0463503000030B5050083B00C1E8A
:1092C00003D043689A8951072ED12800FFF742FD49
:1092D0006968E4B20B004A7A1033012A20D00F22C9
:1092E00014402201A218D2B24968083903290ED9C4
:1092F00018009C070DD11402A4182304E4188B084D
:109300009B00C31810C08342FCD1032001400029F8
:1093100004D059181A7001339942FBD103B030BD03
:1093200022405242D2B2DFE75B89002100920194D1
:109330000022FFF77BFEF1E730B51C0083B013B2CB
:109340000D141214009209B201942A00FFF76EFE68
:1093500003B030BDF0B5D6464F464646C0B586B0E0
:10936000040003910292002B02D00E9A002A05D12C
:1093700006B01CBC90469946A246F0BD4268508992
:109380008142F5DA02989589A842F1DA527A042AE4
:10939000EED10F9A526801920F2AE9DD0E9A013937
:1093A00094460138CB18604404930590002BDFDB12
:1093B0000028DDDB05AA04A92000FFF7DBFC02AAD8
:1093C00003A92000FFF7D6FC049B039A01339B1AE4
:1093D0009846059B20005E1C029BF61AFFF7BAFC1C
:1093E00067680F9D7B7A0835012B47D0042B59D134
:1093F000BB8910379B001F335B119B009C46039B6E
:109400009A46029B9946634652465343FF184B4681
:10941000002B67D143465C1E002BA9DD01230F20E2
:1094200098464346029A1A40002E20DD3B783900C8
:10943000002A20D00122914610E001239A464B7861
:109440001100D14402001A40AA5C83430240134336
:109450000B704E450BDD01229246D1441A11AA5CD5
:109460000340120113430B704A1C4E45E5DC674470
:10947000013CD6D27CE701229146E3E7BB89103755
:109480000733DB109C46039B9A46029B9946634632
:1094900052465343FF184B46002BBBD04B46DB10C4
:1094A000FF18B7E71C4803F0ABFF039B9A46029BEB
:1094B000994663681F005A7A1037012A16D0042A89
:1094C00021D0154803F09CFF5346FF1A4B46002B52
:1094D00015D063685B7A012B0ED00122524294466C
:1094E000042B97D14B465B10FF1893E79B89023AF8
:1094F0000733DB109446CBE7023B9C46CEE70123C3
:109500005B429C4686E79B89053A9B001F335B11B3
:109510009B00944678E7C0463503000030B51C0038
:1095200083B013B20D141214009209B201942A00F0
:10953000FFF710FF03B030BD10B5002910D043680D
:1095400049685A684C680020A24200D010BD083318
:10955000180008311AF073FF43425841C0B2F5E7D2
:109560000020F3E710B5406841680830FFF71CFCA5
:1095700010BDC046F0B5C646070000B5FFF7EAFBD0
:109580007B685A89002A25D000269C89013C002C42
:109590001CDD00252A0031003800FFF7CDFA22003B
:1095A000804631003800FFF7C7FA2A000300310077
:1095B0003800FFF717FB0135220043463100380021
:1095C000013CFFF70FFBA542E4DB7B685A890136BB
:1095D0009642DADB04BC9046F0BDC046F8B5060002
:1095E000436859895A7A9889FFF7FEFB7368070028
:1095F0005989002918D000259A89002A11D0002401
:10960000220029003000FFF797FA2A00030021000A
:109610003800FFF7E7FA736801349A899442EFDB68
:10962000598901358D42E8DB3800F8BDF0B5574661
:10963000DE464E464546E0B5436883B0998907004B
:109640007E2960DC5A7A49005889FFF7CDFB102249
:10965000904642687B681400019059899844894675
:10966000597A1034012949D0042955D19D89AD007A
:109670001F356D11AB000093537A012B3AD0042BA8
:1096800044D193899B001F335B119E007B685B7AFA
:10969000012B2BD025484B46002B1FD00023C24660
:1096A0009B460F27751E5346002E0FDD00221978AA
:1096B0003940415C2170AA421AD019780911415CE5
:1096C0006170023402320133B242F0DB01239C4666
:1096D000009BE3449C46E244CB45E4DB019803B0A5
:1096E0003CBC90469946A246AB46F0BD1048D2E736
:1096F0000134E7E793890733DE10C7E79D89073513
:10970000EB100093B8E700230193E7E7012609482F
:1097100003F076FE7642B9E7064803F071FE019B3E
:109720005A6801235B420093A6E7C04650550200E9
:109730004055020035030000F8B5436805005B7A28
:109740000C00042B00D0F8BD0F2616408E42FAD034
:10975000FFF700FB6B68002C24D199894A0721D0C0
:1097600000275A89002A19D0002404E06B680134CC
:109770005A89944211DA3A0021002800FFF7DCF9F7
:109780000028F3D133003A0021002800FFF72AFA1D
:109790006B6801345A899442EDDB998901378F4215
:1097A000E0DBD0E71900586810310828CBD00F272C
:1097B000350108186DB208383A000B781A40A242F9
:1097C00001D1BB4333431A11A24202D13B402B4388
:1097D000DBB20B7001318142EED1B4E7F0B55746F0
:1097E0004E464546DE46E0B585B082460D00170080
:1097F0001C000E9E8B4206DB9BE033003E001F00E8
:1098000023002C001D00A542F7DB2B1B9946BB1B38
:10981000984610D14B46002B00D072E00F9B3200CF
:1098200021005046FFF772FB05B03CBC90469946BC
:10983000A246AB46F0BD4B46002B0ED14346002B53
:109840006ADD0F9B320001934346013300932100F0
:1098500001235046FFF7EAFBE6E7002DE4DB534621
:109860005B6803935B899B46A342DDDD002C06DA2F
:1098700040464946604310F09BFA0024361AAB4537
:109880000CDC01235B429C46E3445B46581B434689
:109890004946584310F08CFA5D463F18039B9B895C
:1098A0009B46BE424ADB9F42BEDA002EBCDB002F45
:1098B00006DA48464146784310F07AFA00272D1A16
:1098C0005E450CDB01235B429C46E3445B46981BF0
:1098D0004B464146584310F06BFA5E4624185046FA
:1098E000FFF738FA4346002B47DB0F9B00970193A5
:1098F00032002B0021005046C1454BDCFFF7FAF93E
:1099000092E70F9A01330192012221000092504602
:109910003200FFF78BFB87E70F9B42460193012341
:109920009B1A00933A00012321005046FFF77EFB6B
:109930007AE73700250016000C0066E79E4200DB40
:1099400072E7002F00DA6FE7002E06DA484641463C
:10995000704310F02DFA0026241A5F45BFDB012367
:109960005B429C46E3445B46D81B4B46414658430A
:1099700010F01EFA5F462D18B1E75B4299450CDDE9
:109980000F9B0097019332002B0021005046FFF7F8
:1099900081F949E7FFF77EF946E70F9B00960193AF
:1099A0003A00230029005046FFF7A4F93CE7C046DF
:1099B00030B51C0083B013B20D141214009209B21A
:1099C00001942A00FFF70AFF03B030BDF0B54F46FF
:1099D0004646D6460500C0B50C0016001F000029FB
:1099E00016DB0022FFF796F8002811D0089B002B09
:1099F0000EDB002219002800FFF78CF8002807D0A2
:109A0000099B002B04DD6B6898465B7A042B04D01D
:109A10001CBC90469946A246F0BD7D686B7A042B2B
:109A2000F6D168890999000410F0C2F94346998972
:109A3000099B9B198B4200DD0B00424689001F31B8
:109A4000491189004C4310321419002E36DB01D025
:109A50007210A41800212F00AA89089D92001F32BD
:109A60005211920010376A43B342D1DDBA46924494
:109A700080225202904601220F25944610E01211D6
:109A8000914600226746A256374212D04F462A40DE
:109A90003F013A4322700134013609189E42B7D083
:109AA00057464A14BA5C47463942E8D12A409146A3
:109AB000E7E74F46AA433A432270EDE74643714237
:109AC0000026C8E730B5140083B01D141BB20A1479
:109AD000009309B201952300FFF778FF03B030BD72
:109AE000F0B5DE46454657464E46E0B513898BB085
:109AF00002908B4615000020002B01D05368186897
:109B0000FAF734FD2B890600012B00D805E16B68BC
:109B10005868FAF72BFD2B8904000020022B01D98D
:109B20006B689868FAF722FD2B8907000020032B49
:109B300001D96B68D868FAF719FD2B8905900020C8
:109B4000042B01D96B681869FAF710FD2B8982463E
:109B50000020052B01D96B685869FAF707FD2B899E
:109B600007900020062B01D96B689869FAF7FEFC74
:109B70002B8980460020072B01D96B68D869FAF73A
:109B8000F5FC2B8906906A68082B00D8CEE0106A95
:109B9000422800D1CEE0002103910A2800D0D6E06F
:109BA000092B00D8BFE0506A422800D1CCE0002346
:109BB00099460A2804D0002802D0062800D0BCE02C
:109BC00043463900180410F0F3F8069B01900599FC
:109BD000180410F0EDF8721E3243631ED2172343AF
:109BE0003240DB17B11A23400491E11A0091029927
:109BF00008904968F6194889864200DD06000598F4
:109C000089898446A44460460590884200DD059118
:109C10005146019809044243891ACA43D217114098
:109C2000079A09911704089A5343FF1AFB43DB175D
:109C30001F405B465A685346518943448B4200DDBE
:109C40000B0007991B048C469846069B9289634437
:109C5000934200DD13001B0406934B46002B5ED09D
:109C6000009B059A934245DA069BBB4242DDBA4609
:109C7000370053461E14049BBB422FDA099CA045B3
:109C80002CDD4B46049DB9461F000CE0002834D162
:109C9000039B002B13D0019B01359C4664444D452A
:109CA00019D0A04517DD211432005846FEF744FFB5
:109CB000002FEBD1039B002B01D00028EBD0030039
:109CC0002900009A0298FEF78DFF019B01359C4602
:109CD00064444D45E5D13B004F469946089A009BA8
:109CE0009446059A01330093E244934202D0069BC6
:109CF0005345BEDC0023994607E0009A29000298EC
:109D0000FEF71AFF0028C6D0B94648460BB03CBC47
:109D100090469946A246AB46F0BD0020F9E602986F
:109D2000FFF718F89CE70023994649E700230393BF
:109D3000994645E70121039132E7FAF719FF431EDF
:109D40009841C3B299463BE70123994638E78842D8
:109D500000D125E7062800D122E7FAF709FF431EC4
:109D60009841C3B203936A682B8919E7F0B5574647
:109D70004E464546DE46E0B51E001389050087B015
:109D80008A4617000020B34202D95268B30098589F
:109D9000FAF762FB0022A84B12F0A2F912F076FF4C
:109DA0003A89731C040000209A4202D97A689B0009
:109DB0009858FAF751FBA04B002212F091F912F0DB
:109DC00065FF3B89023680460020B34202D97B689A
:109DD000B600F058FAF740FB43462C606B60002C4D
:109DE00000DCF5E0002B00DCF2E028230022EA543E
:109DF000924A934B14F0B6FB00220023009001918D
:109E000010F0D8F8002807D0009801998B4A8C4BA5
:109E100011F040FA00900191009E019F894A8A4BFF
:109E20003000390010F0DAF8002816D0874A884B45
:109E30003000390010F0C8F800280ED000980199C1
:109E400028230122EA547D4A824B11F023FA7B4AEF
:109E50007B4B14F087FB0090019100980199002240
:109E60007D4B12F03DF913F0A3FF80268C4681460E
:109E7000360666440022704B4846310012F030F935
:109E800012F004FF81460098019913F049FF002267
:109E9000694B12F025F912F0F9FE534641465B6812
:109EA00083465A896D4E544305949B89A446594371
:109EB0004B466644340CC0172404DB170291009310
:109EC000E11703005A460490200010F019F9009B96
:109ED0000F044A46F9173800984610F011F90904A2
:109EE000000C084302995D4B8C4663449A46D9178F
:109EF00043462418240C2204039250464A460093F9
:109F000010F0FEF80904040C0C433619360C360424
:109F1000F1175A46049B300010F0F2F80904000CC7
:109F200008435044000C010488464A46009BC91768
:109F3000404610F0E5F8240C0904000C0843240402
:109F40003618E1175A46049B200010F0D9F809048E
:109F5000000C08435044000C01048A464A46009B0A
:109F6000C917504610F0CCF8039A0904000C0843B6
:109F7000531E24181343360C240CDB173604240418
:109F80001340A34254DCB34249DC2B617B1E3B43AC
:109F9000DB173B4053453EDC434533DC6B61039BA1
:109FA000D843C0171840A04228DBB0421EDBF9435B
:109FB000C917A8610F40574514DB474510DB059BC7
:109FC000EF612B62029B6B624B46AB605B46EB60C2
:109FD000280007B03CBC90469946A246AB46F0BD6F
:109FE0004746ECE757464745E9DAF9E7F9433000D9
:109FF000C917A8610F405745DFDAF3E72000B042E8
:10A00000D5DAF3E743466B61039BD843C01718408A
:10A01000A042CADAF2E753464345BFDDF2E7330018
:10A020002B617B1E3B43DB173B405345B4DDF2E71E
:10A030002300B342A9DDF2E70000F040EA2E4454C9
:10A04000FB211940F4D64354FB21F93F320D337FF5
:10A050007CD91240FB2109400000E03F0000FFFFD7
:10A06000F0B54E464546DE465746E0B51389060034
:10A070009DB0884614000020002B01D0536818685A
:10A08000FAF774FA23890700012B12D9636858681C
:10A09000FAF76CFA736883465A89974202DA9B8909
:10A0A000984208DB1DB03CBC90469946A246AB46A0
:10A0B000F0BD0020ECE702232200414611A8FFF783
:10A0C00055FE119B9946002BECDD129B0793002B4C
:10A0D000E8DD159B179A0293D31A1B140092FB42DA
:10A0E000E0D4189A169B00920493D31A5A461B1474
:10A0F000D342D7D4139B149D01931A9C199B300013
:10A100009A4605950A94FEF725FE282311AAD35CEA
:10A11000002B00D180E0002CC4DD7D4A0023944652
:10A12000EA170B925A460D924246984664440F94A1
:10A130000C970E9606925346002B65DD42460F9B08
:10A140000025981AC117079A030C09041943000443
:10A15000D3170FF091FF4146019A03140393C917D7
:10A16000D317404608930FF0CBFF0904030C0B43B1
:10A1700009934B46DB179B46654B53440093009B6A
:10A180004A46581BC117030C0904194300045B46D7
:10A190000FF072FF011431D4039A0698FEF712FDF6
:10A1A000071E2BD0099B059AEC18240C24040B9B4A
:10A1B000E11720000FF0A4FF0904000C08434044FD
:10A1C000049B000C0004C61A0D9B019A9C46361491
:10A1D000089BC11766440FF093FF0B04010C194351
:10A1E0006118029B090C0904C91A0C9B09149C46AE
:10A1F000320061443B000E98FEF788FE80235B022C
:10A200009C466544AA45BADC80235B029C460A9BB7
:10A21000E04443458FDC45E70A9B002B00DC41E727
:10A22000079A0023D2170E92059A0B97D21709921C
:10A230005A460C92424698460D9603925346002B7E
:10A240005EDD4346DC1721041B0C19434346079A85
:10A2500018040E9B0FF010FF019A03140093404660
:10A26000D317210006930FF04BFF0904030C0B4397
:10A2700008934B46DB179B460025E9172B0C090476
:10A28000194328044A465B460FF0F6FE011431D408
:10A29000009A0398FEF796FC071E2BD0089B059AA0
:10A2A000EC18240C2404099BE11720000FF028FF70
:10A2B0000904000C08434044049B000C0004C61A27
:10A2C0000C9B019A9C463614069BC11766440FF0FE
:10A2D00017FF0B04010C19436118029B090C0904B8
:10A2E000C91A0B9B09149C46320061443B000D982F
:10A2F000FEF70CFE80235B029C466544AA45BCDC4D
:10A3000080235B029C460A9BE044434596DCC9E6F9
:10A310000000FFFFF0B54E464546DE465746E0B525
:10A32000138980469DB0894614000020002B01D07F
:10A3300053681868FAF71AF923890700012B14D912
:10A3400063685868FAF712F943465B6801905A89C6
:10A35000974202DA9B89984209DB00201DB03CBC81
:10A3600090469946A246AB46F0BD0020EAE702239C
:10A370002200494611A8FFF7F9FC119B9A46002BD1
:10A38000EBDD129B0C93002BE7DD159B179A0393D3
:10A39000D31A1B140292FB42DFD4189A169B029226
:10A3A0000993D31A019A1B14D342D6D4139B149940
:10A3B0000293199B1A9A9B46282304910D9211A887
:10A3C000C35C002B00D189E0131EC6DD8248002249
:10A3D000844663440F93CB170A9343460E934B4630
:10A3E0000B975F4693460693002F6FDD5A460F9BEF
:10A3F0000026981AC1170C9A030C0904194300048B
:10A40000D3170FF039FE5946029A03140593C91762
:10A41000D317584607930FF073FE0904030C0B4340
:10A4200008935346DB1799466B4B98463B00B8445C
:10A4300057469A4605E080235B029C466644B24537
:10A4400041DD4346981BC117030C0904194300045E
:10A450003A004B460FF010FE0114ECD4059A069812
:10A46000FEF7B0FB0028E6D0089B049AF418240CF1
:10A4700024040A9BE11720000FF042FE0904000C9F
:10A4800008435844050C2D04079BE917029A28003D
:10A490000FF036FE0B04010C19436118039B090CE5
:10A4A0000904C91A0B9B0914C918C4D4099B0E9836
:10A4B000EA1A019B12149C466244FEF783FB0028B3
:10A4C000B9D001204AE75346BA461F0080235B02F9
:10A4D0009C460D9BE3445B4586DC3EE70D9B002BD1
:10A4E00000DC3AE700230C9A0A97D2170E92049ADE
:10A4F0005746D21708924246CA4699460B925B4687
:10A50000002B61DD4B46DC1721041B0C19434B4625
:10A510000C9A18040E9B0FF0AFFD029A03140593DA
:10A520004846D317210006930FF0EAFD0904030CF7
:10A530000B430793FB179846002605E080235B0238
:10A540009C466644B3453FDDF117330C09041943BB
:10A5500030043A0043460FF08FFD0114EED4059A03
:10A560005046FEF72FFB0028E8D0079B049AF4180A
:10A57000240C2404089BE11720000FF0C1FD0904FE
:10A58000000C08434844050C2D04069BE917029A69
:10A5900028000FF0B5FD0B04010C19436118039B53
:10A5A000090C0904C91A0A9B0914C918C6D4099BC5
:10A5B0000B98EA1A019B12149C466244FEF702FBB8
:10A5C0000028BBD00120C9E680235B029C460D9B7E
:10A5D000E1444B4593DCC0E60000FFFFF0B5454683
:10A5E000DE4657464E46E0B51389B5B00090884622
:10A5F00015000020002B01D053681868F9F7B6FF4A
:10A600002B890600012B2CD96B685868F9F7AEFF2F
:10A61000022304002A0000991EA8FFF7A7FB1E9B37
:10A620000193002B15DD1F9B0693002B11DD229A51
:10A630002499330409928A1A109304929A4208DDED
:10A64000239A2599230411928A1A14930A929A4202
:10A6500009DC002035B03CBC90469946A246AB468A
:10A66000F0BD0020D2E72824209B2A000593219BDF
:10A6700041461293269B29A81693279B1C931EAB39
:10A680001B5D13930523FFF771FB299B9A46002B53
:10A69000DFDD2A9B1793002BDBDD2F9A2D9B029287
:10A6A0001993D31A109AD342D3D4309A2E9B029284
:10A6B0001A93D31A149AD342CBD42C202B9B2C99C7
:10A6C0000293319B329A99461EAB03911B921B1841
:10A6D0001B5D002B00D100E1131EBADD9A48002259
:10A6E000844663441D93CB170F934346D3464F468E
:10A6F00092460893002F00DCD9E052461D9B0026AD
:10A70000981AC117179A030C090419430004D317A8
:10A710000FF0B2FC5146029A031407935046D31728
:10A72000C9170C930FF0ECFC0904030C0B430B93BB
:10A730005B46DB179946844B199A9846109BB844A0
:10A740009B1A0D931A9A149B9B1A0E934B46B9466B
:10A750005F46D3469A4616E07B4A16989446604474
:10A76000001BC117020C090411430004019A0FF0E9
:10A7700083FC041400D4A3E080235B029C4666445F
:10A78000B14500DC90E04346981BC117030C090457
:10A79000194300043A0053460FF06EFC0114EBD449
:10A7A000079A0898FEF70EFA0028E5D00B9B03984D
:10A7B000F418240C2404E31722000F990FF0A0FCD6
:10A7C0000904000C08435844050C2D04E9170C9BA0
:10A7D0002800029A0FF094FC0E9B09049C46000C82
:10A7E00008432418240C0D9B24046544E418C3D4A6
:10A7F000002DC1DB049BA342BEDD0A9BAB42BBDD47
:10A80000119B059A9C466544D317E91728001593B8
:10A810000FF076FC0904000C08430999241A8C46B1
:10A8200064441298240C2404C3170200E11720008A
:10A830000FF066FC0904000C08432D1A2D0C2D04A2
:10A84000159BE917059A280018910FF059FC090487
:10A85000000C0843069B241A01991398DB17240C5B
:10A8600015932404CB17002800D075E7E1170904DD
:10A87000240C2143019A00200FF0FEFB041400D5A4
:10A880007AE70020189B2D0C1904069A159B294382
:10A890000FF0F2FB210002140098FEF793F9002854
:10A8A00000D169E70120D5E6DA46BB464F46802352
:10A8B0005B029C461B9BE2449A4500DA1AE7C8E615
:10A8C000214A1C9994466144481BC117030C090492
:10A8D00019430004069A159BDAE71B9B002B00DC4A
:10A8E000B7E600239B4643465746179A0793D2176D
:10A8F0001892039AD2170E924B46002B00DCCBE045
:10A900005B46DC1721041B0C19435B46179A18049D
:10A91000189B0FF0B1FB029A03149A465846D317BE
:10A92000210008930FF0ECFB0904030C0B430B937D
:10A93000FB17199A9846109B00269B1A0C931A9A9B
:10A94000149B9B1A0D9318E00000FFFF5D4A1698B8
:10A9500094466044001BC117020C09041143000413
:10A96000019A0FF089FB041400D49EE080235B025F
:10A970009C466644B14500DC8EE0F117330C0904B7
:10A98000194330043A0043460FF076FB0114EDD42E
:10A9900052460798FEF716F90028E7D00B9B039A5A
:10A9A000F418240C2404E1170E9B20000FF0A8FBE0
:10A9B0000904000C08435844050C2D04E917089BB2
:10A9C0002800029A0FF09CFB0D9B09049C46000C8A
:10A9D00008432418240C0C9B24046544E418C5D4B3
:10A9E000002DC3DB049BA342C0DD0A9BAB42BDDD4F
:10A9F000119B059A9C466544D317E91728000F93CD
:10AA00000FF07EFB0904000C08430999241A8C46B8
:10AA100064441298240C2404C3170200E117200098
:10AA20000FF06EFB0904000C08432D1A2D0C2D04A9
:10AA30000F9BE917059A280015910FF061FB090497
:10AA4000000C0843069B241A01991398DB17240C69
:10AA50000F932404CB17002800D077E7E1170904EF
:10AA6000240C2143019A00200FF006FB041400D5AA
:10AA70007CE70020159B2D0C1904069A0F9B294397
:10AA80000FF0FAFA210002140098FEF79BF8002854
:10AA900000D16BE70120DDE580235B029C461B9B18
:10AAA000E3449B4500DA27E7D3E5064A1C99944620
:10AAB0006144481BC117030C090419430004069A9A
:10AAC0000F9BDDE70000FFFF10B5FFF709F810BD91
:10AAD000F0B5DE4657464E464546E0B589B005928C
:10AAE000129A8B4691465A00110007920122521A7F
:10AAF000824690465C1E4AD40123002506930493A7
:10AB000009E0049A0799023290465B1A013C0492CC
:10AB10009844A5423BDC48465946059E6B000133EC
:10AB2000721B09190190039300935046012302926E
:10AB3000FEF77CFA484659466700361B013749192B
:10AB400001900123320050460097FEF76FFA484605
:10AB50005946039B091B01900093029A012350461A
:10AB6000FEF764FA5B46591B4B460097019332008F
:10AB700001235046FEF75AFA4346002BC1DC069BE0
:10AB800001359C460233E0440693A542C3DD09B07B
:10AB90003CBC90469946A246AB46F0BD10B51400A9
:10ABA00082B00A14009309B22300FFF791FF02B0AC
:10ABB00010BDC04630B503AC0025645F81604461C0
:10ABC000A41AE517036101605B1A6119C260426053
:10ABD000036244625A0069408B420BDD0121002C64
:10ABE00014DB81626400E31A03630023026244629F
:10ABF00043630AE001236100C362002C0ADB0223E5
:10AC0000141B046302624162436330BD49428162A6
:10AC10006442E7E7A4180463026241624363F4E715
:10AC2000F8B54746CE4680B51C0008AB1D78436892
:10AC300016001F005A7A814688461037012A30D004
:10AC4000042A3FD19989434689001F31491189005F
:10AC50004B43F918002E44D10B32002C1DDDF0239C
:10AC60001B0100269C460AE0D7B212010B78013680
:10AC700018006840384043400B70B4420DDD624517
:10AC8000F2D1A31B0131012B02DCF0220F27EDE7EB
:10AC900002360D70023BB442F4DC0CBC904699467F
:10ACA000F8BD998943460731C9104B430E32F91854
:10ACB000002ED2D0F310C918E122F607F617324061
:10ACC0000F32CAE7084802F09BFB43460F22F91AED
:10ACD000002EC2D04B465B685B7A012BEAD0042B76
:10ACE000EAD17310C918E7E735030000F0B545460F
:10ACF000DE4657464E46E0B5B7B0804603911C008D
:10AD0000419D8C4200DBEAE0A94200DCF7E0A5426D
:10AD100006DB429B409940932B0025001C0042918A
:10AD2000429B16B21FB26B462DB20C215B5E3A00FD
:10AD3000009629000CA89B46FFF73CFF409A23B2DF
:10AD400012B29A469146290000921AA83A00FFF7DB
:10AD500031FF00965B464A46514628A8FFF72AFF76
:10AD600043465B6820215A899D899146882348463D
:10AD700004AA5218D0508C2304AA5218D55009ABFB
:10AD8000209012901800644A21951395C2CAC2C03F
:10AD9000199A20219200D658279A04A8029292006C
:10ADA000D25841189246A4228A5840469200D3585D
:10ADB00007959B4601235B420893FDF7CBFF439B1E
:10ADC000DAB243465B685B7A012B00D19EE00F2329
:10ADD00013401A019B18DBB202934B46013B1C9FA8
:10ADE00005939C4200DD1C00A7422FDC01235B423F
:10ADF0009946EB180493230054469A464B4607AAFB
:10AE00000CA9380007950893B04707AA1AA938007B
:10AE1000A047002F17DB079AAA4214DA089B002BE1
:10AE200011DB002A01DA00220792AB4202DB04990F
:10AE30000B0008910121891ACB1802994046009114
:10AE40003900FFF7EDFE01375745D7DD2A9B07AAEA
:10AE50000493180028A9D8472A9B039F04935C1CDD
:10AE6000059B9F4200DD1F00BC4231DC01235B4299
:10AE7000994602339A466B1E03933B005F469B46FE
:10AE80004B4607AA0CA9200007950893B04707AACC
:10AE900028A92000B847002C17DB079AAA4214DA29
:10AEA000089B002B11DB002A01DA00220792AB423B
:10AEB00002DB03990B0008915146891ACB180299BD
:10AEC000404600912100FFF7ABFE01345C45D7DD21
:10AED00037B03CBC90469946A246AB46F0BDAC426A
:10AEE00006DD1300409A4093039B03941C000EE779
:10AEF000429B42921A002B00039D039310E7429B52
:10AF000042921A002B000D00039300E713405B42AE
:10AF1000DBB2029361E7C04634550200F0B5454606
:10AF2000DE4657464E46E0B5C7B01E001FB2509BE6
:10AF30000D001BB209B212B280469B4603910292E9
:10AF40000EACB54200DBF8E0009320003B00FFF7B9
:10AF500031FE519B1BB29A46529B1BB29946519BA4
:10AF60009E4200DBDFE01CAB180004934B465A46C0
:10AF7000009339005346FFF71DFE539B539A1FB2AF
:10AF8000549B1BB29B46519B934200DBC1E02AAB12
:10AF9000180005935B464A46009351463B00FFF775
:10AFA00009FE539B9D4200DBA8E038AB9A465B4606
:10AFB000029A009303993B005046FFF7FBFD43467E
:10AFC0005B6853985A899B8922659946C0234946F4
:10AFD000E250383BE2503C33E150383BE150519B6A
:10AFE000A2616165E161834200DD0300B34200DDDF
:10AFF00033001F00AB4200DD2F00519B53998B4261
:10B0000000DA0B00B34200DA3300AB4200DA2B0067
:10B01000013A0793934200DD07920BAB19004E4AA9
:10B0200061CA61C1626B40469200D2589346E26E9B
:10B030009200D2580292A422A2589200D2580392AF
:10B04000DC22A2589200D65801235B420A934B4659
:10B050000993FDF77FFE559BDAB243465B685B7A46
:10B06000012B00D172E00F2313401A019B18DBB2B1
:10B070000693079A97423ADC4B46013B079323001D
:10B080005D464C469B46914601235B420A9309AAC2
:10B09000594638000994A84709AA04993800029B28
:10B0A000984709AA05993800039B984709AA514671
:10B0B0003800B047002F17DB099AA24214DA0A9B26
:10B0C000002B11DB002A01DA00220992A34202DBE5
:10B0D00007990B000A910121891ACB18069940465D
:10B0E00000913900FFF79CFD01374F45CCDD47B09B
:10B0F0003CBC90469946A246AB46F0BD38AB9A465A
:10B10000029B5A4600933900039B5046FFF752FDBD
:10B1100055E74B462AA800935A46534639000590F6
:10B12000FFF748FD3DE75B461CA800934A463B00FD
:10B1300051460490FFF73EFD1FE7029B5A460093DD
:10B140003900039B2000FFF735FD02E713405B4207
:10B15000DBB206938DE7C04634550200F0B5454694
:10B16000DE4657464E46E0B50B89050085B00C001B
:10B170000020002B01D04B681868F9F7F7F92389F4
:10B180000600012B44D963685868F9F7EFF9238961
:10B1900007000020022B01D963689868F9F7E6F9E7
:10B1A000238980460020032B01D96368D868F9F70A
:10B1B000DDF9238981460020042B01D963681869D1
:10B1C000F9F7D4F9238982460020052B01D9636859
:10B1D0005869F9F7CBF9238983460020062B01D95A
:10B1E00063689869F9F7C2F95B4602935346019385
:10B1F0004B46039000933A00434631002800FFF786
:10B2000075FD05B03CBC90469946A246AB46F0BDE4
:10B210000020BAE7F0B54546DE4657464E46E0B553
:10B220000B89050089B00C000020002B01D04B6871
:10B230001868F9F79BF923890690012B59D963689F
:10B240005868F9F793F9238907900020022B01D958
:10B2500063689868F9F78AF9238906000020032BB0
:10B2600001D96368D868F9F781F9238907000020BC
:10B27000042B01D963681869F9F778F923898046A6
:10B280000020052B01D963685869F9F76FF9238904
:10B2900081460020062B01D963689869F9F766F9A1
:10B2A000238982460020072B01D96368D869F9F702
:10B2B0005DF9238983460020082B01D96368186A49
:10B2C000F9F754F95B460493534603934B460293B4
:10B2D00043460590019300973300079A069928008A
:10B2E000FFF71CFE09B03CBC90469946A246AB460F
:10B2F000F0BD0020A5E7C04610B50422FDF774FD9F
:10B30000041E1CD04268130052681033083A032A06
:10B310000BD9190098070AD1002093089B00CB187D
:10B3200001C18B42FCD103210A40002A05D0002133
:10B330009A18197001339342FBD1200010BD0248C6
:10B3400002F05EF8F9E7C0469103000030B5030053
:10B35000032A18D904000C43A40708D09A180C78C3
:10B360000131E4B21C7001339342F8D130BD0023A7
:10B370009408A400CD58C55004339C42FAD1031957
:10B38000091903242240002AE8D1EFE770B5436889
:10B390004A6804000D0058895189884200D070BD68
:10B3A000908999898842FAD1527A5B7A9A42F6D189
:10B3B0002000FDF7CFFC696860684A681030083AE1
:10B3C0001031FFF7C3FFEAE7F0B55746DE464E46B9
:10B3D00045461400E0B54A689B4657898DB03B1935
:10B3E00005000E009A46002B2FDD43685989009115
:10B3F0008C422ADA9189080058440390002824DD01
:10B4000098890490834520DA527A02925A7A9146BA
:10B410005A46002A21DB5846049A121A06928A429A
:10B4200000DDC6E0169A02321DD15A4622431AD1D7
:10B43000029A914517D1009A974214D1049A9142E9
:10B4400011D131002800FFF7A1FF00200DB03CBC56
:10B4500090469946A246AB46F0BD844606900398B6
:10B46000844500DD0690029A012A00D122E1029A69
:10B47000042A01D000F0BDFE89001F3149118A0065
:10B4800005924A46012A00D110E1042A01D000F0B9
:10B49000BAFE9A8992001F3252119200019272688C
:10B4A000103207921022904698445B46002B09D038
:10B4B0006B685B7A012B00D185E0042B02D15B46DF
:10B4C0005B1098444B46042B00D180E0012BBCD18B
:10B4D000029B012BB9D16B6842461E001036B21A8E
:10B4E00004929A895B7A013A9146012B01D100F0CE
:10B4F0006FFE042B01D000F0A6FE002A01D000F060
:10B50000B6FE049B0693002F9FD007225946114098
:10B510008946039A08214A449446019B4942634361
:10B52000434461449C465B46079807935346089200
:10B530008846039382460AE0059B01349B46019BA3
:10B54000DA449B46039BDC449C4200D17DE7009B90
:10B55000A342F1D9069A049B079E62445546614670
:10B5600063449346464501DB00F03EFE4A46002018
:10B57000A146140009E002982843087008360131FA
:10B580003D001000464500DBA4E02A786F1CA24075
:10B590009942F3D35945F1D800121043C0B202903A
:10B5A00016980D780130E6D102980542E6D00120C8
:10B5B0004CE7069136E75B46002B01D100F074FEA4
:10B5C00001235B4201935B46DB1098447AE7029BC0
:10B5D000042B00D1A0E0029B012B00D035E75B4695
:10B5E000002B01DA00F0DAFD002F00D12DE75A46DA
:10B5F000504207220123594602401940934001223C
:10B6000004925A46002A00DA04935B46002B01DAC2
:10B6100000F0DFFC0291029A069B944601226344EB
:10B620009B46169B079F1B015BB20393019B9146B0
:10B630006343434409E0059A01349446019A674400
:10B6400094466344544500D1FFE6009AA242F2D9E1
:10B650007A1C90463A781D009446029A5A45EADAD6
:10B6600066469C464346A0465C46BB4604998020FD
:10B670004000814223D0080049004F461740304225
:10B6800011D000202856002F1ED00F273840039FCE
:10B690003843287001350132A242E8D15F46634643
:10B6A000A3464446C7E7002FF5D0F3E79A8907324F
:10B6B000D210F3E60731CA1005924A46E2E61E7838
:10B6C000022101330120D8E70F27B843169F3843E2
:10B6D0002870E0E720004C4681460898861B002E23
:10B6E00000DC29E7994200D226E7594500D923E733
:10B6F00048463B78121283401A4308239E1BF733B7
:10B70000334116981A40D2B20B78013001D100F0C3
:10B7100093FD1A430A700FE7059B9B100893002FB7
:10B7200000D192E69B000593019B5A466343043384
:10B730001F0001231A40049B079E083B07935B46AA
:10B740000993534647440A920693009AA24200D8AE
:10B75000F4E0039B049A1900934200DD1100169B4C
:10B76000002B00DA09E10A9B09983D00002B00D06C
:10B77000CEE1089BB846029323000F00B446340084
:10B78000994661E00F26079B1640834200DAE5E008
:10B79000002E07D02B1F0F219A461B788B431E4388
:10B7A00053461E700F211609314208D02B1F1E78F8
:10B7B0009A4613000E408B431E4353461E700F21C2
:10B7C000160A0E4006D0EB1E9A461B788B431E438A
:10B7D00053461E700F21160B314207D0EB1E9B46BD
:10B7E0001B7836010B401E435B461E700F21160C62
:10B7F0000E4006D0AB1E9A461B788B431E43534621
:10B800001E700F21160D314207D0AB1E9B461B78D0
:10B8100036010B401E435B461E700F21160E0E4074
:10B8200006D06B1E9A461B788B431E4353461E70F0
:10B83000120F06D00F216E1E337812010B401A43EF
:10B840003270043408300435029B013B029300D26D
:10B8500080E02268002895DA0F21160931420CD0C9
:10B86000461C0AD4B74208DD2B1F1E789A461300E7
:10B870000E408B431E4353461E700F21160A0E4086
:10B880000CD0030002339A4608D4574506DDEB1E60
:10B890009A461B788B431E4353461E700F21160B8E
:10B8A00031420DD0030003339A4609D4574507DDD2
:10B8B000EB1E9B461B7836010B401E435B461E70F9
:10B8C0000F21160C0E400CD0030004339A4608D406
:10B8D000574506DDAB1E9A461B788B431E435346E5
:10B8E0001E700F21160D31420DD0030005339A460C
:10B8F00009D4574507DDAB1E9B461B7836010B402C
:10B900001E435B461E700F21160E0E400CD0030026
:10B9100006339A4608D4574506DD6B1E9A461B78B7
:10B920008B431E4353461E70120F8AD0C61D88D407
:10B93000B74286DD7EE74E4657465C46059A01349F
:10B940009446019A66449446069A6744944200D00D
:10B95000FBE67AE5664647464C46EFE7002E00D107
:10B960007AE7874200DC77E72B1F0F219A461B7886
:10B970008B431E4353461E706EE7169B023300D165
:10B98000B5E10A9B09983D00B046002B00D051E27A
:10B99000B1460E001900089BA3469C46079B4446EF
:10B9A000BA4698464EE00F271740804500DAA4E0DB
:10B9B000002F05D00F232F1F3F783B4200D0F6E524
:10B9C0000F2317093B4204D02F1F3F789F4300D01D
:10B9D000EDE50F23170A3B4204D0EF1E3F783B42B0
:10B9E00000D0E4E50F23170B3B4204D0EF1E3F7855
:10B9F0009F4300D0DBE50F23170C3B4204D0AF1E62
:10BA00003F783B4200D0D2E50F23170D3B4204D0D4
:10BA1000AF1E3F789F4300D0C9E50F23170E3B426E
:10BA200004D06F1E3F783B4200D0C0E5120F05D016
:10BA30000F236A1E12789A4300D0B8E5013104340E
:10BA400008300435614500D175E722680028AADA7C
:10BA50000F2317093B4208D0471C06D4BE4204DD21
:10BA60002F1F3F789F4300D0A1E50F23170A3B42C9
:10BA700008D0871C06D4BE4204DDEF1E3F783B424F
:10BA800000D094E50F23170B3B4208D0C71C06D407
:10BA9000BE4204DDEF1E3F789F4300D087E50F23B1
:10BAA000170C3B4208D0071D06D4BE4204DDAF1E72
:10BAB0003F783B4200D07AE50F23170D3B4208D078
:10BAC000471D06D4BE4204DDAF1E3F789F4300D021
:10BAD0006DE50F23170E3B4208D0871D06D4BE42EA
:10BAE00004DD6F1E3F783B4200D060E5120FA5D009
:10BAF000C21DA3D49642A1DD9AE7002FA8D08642AA
:10BB0000A6DD0F232F1F3F783B42A1D001209DE4EB
:10BB1000089BB846029323000F00B44634009946B0
:10BB20005FE00F26079B1640834200DAD1E0002E2B
:10BB300008D02B1F1E789A460F231E4013011E4368
:10BB400053461E700F2116090E4006D0EB1E9A4672
:10BB50001B788B431E4353461E700F21160A314239
:10BB600007D0EB1E9B461B7836010B401E435B46FD
:10BB70001E700F21160B0E4006D0AB1E9A461B7886
:10BB80008B431E4353461E700F21160C314207D0C3
:10BB9000AB1E9B461B7836010B401E435B461E7056
:10BBA0000F21160D0E4006D06B1E9A461B788B4354
:10BBB0001E4353461E700F21160E314207D06B1ED6
:10BBC0009B461B7836010B401E435B461E70120FCE
:10BBD00004D00F232E789E4332432A700434083059
:10BBE0000435029B013B029300D2B3E62268002891
:10BBF00097DA0F2116090E400CD0030001339A4644
:10BC000008D4574506DDEB1E9A461B788B431E432E
:10BC100053461E700F21160A31420DD00300023325
:10BC20009A4609D4BA4507DAEB1E9B461B783601C3
:10BC30000B401E435B461E700F21160B0E400CD0AE
:10BC4000030003339A4608D4BA4506DAAB1E9A4677
:10BC50001B788B431E4353461E700F21160C314236
:10BC60000DD0030004339A4609D4574507DDAB1EB7
:10BC70009B461B7836010B401E435B461E700F210E
:10BC8000160D0E400CD0030005339A4608D45745D4
:10BC900006DD6B1E9A461B788B431E4353461E706F
:10BCA0000F21160E31420DD0030006339A4609D4F7
:10BCB000BA4507DA6B1E9B461B7836010B401E43C4
:10BCC0005B461E70120F89D0C61D87D4B74285DD32
:10BCD0007FE7002E8DD087428BDD2B1F1E789A4682
:10BCE0000F231E4013011E4353461E7081E70A9B1B
:10BCF000099A3D1F002B00D06FE1089B38009B463E
:10BD000008235B429C468C4463460B9323000C0043
:10BD10005946B146370002919B46824630E00B9B64
:10BD200093427EDB0F21C3B29C462E780B408E439C
:10BD30001E4363460E408B431E432E706E78030AEB
:10BD40000B408E431E43030B1B010E401E436E70BF
:10BD5000AE78030C0B408E431E43030D1B010E40B7
:10BD60001E43AE70EE78030E0B408E431E430B0055
:10BD7000000F1E4000013043E870083204370435DC
:10BD8000029B013B029300D2D5E53868002AC6DA4F
:10BD9000561C08D4B44206DD0F2103002E788B43D5
:10BDA0000E401E432E70961C08D4B44206DD0F21AF
:10BDB0006E78030A8E430B401E436E70D61C08D467
:10BDC000B44206DD0F236E781E40030B1B011E4399
:10BDD0006E70161D08D4B44206DD0F21AE78030C38
:10BDE0008E430B401E43AE70561D08D4B44206DD90
:10BDF0000F23AE781E40030D1B011E43AE70961D2F
:10BE000008D4B44206DD0F21EE78030E8E430B40BA
:10BE10001E43EE70D61DB0D4B442AEDDEE780F23D3
:10BE2000A6E79442B4DD0F232E789E4303401E43C1
:10BE30002E70ADE70023B1460E001900089BA34603
:10BE40009C46079B4446BA46984655E00F27174044
:10BE5000804500DAB1E0002F06D00F232F1F3F7876
:10BE60009F4301D0FFF7A3FB0F2317093B4205D0E7
:10BE7000EF1E3F783B4201D0FFF799FB0F23170AD3
:10BE80003B4205D0EF1E3F789F4301D0FFF78FFB69
:10BE90000F23170B3B4205D0AF1E3F783B4201D02A
:10BEA000FFF785FB0F23170C3B4205D0AF1E3F78F1
:10BEB0009F4301D0FFF77BFB0F23170D3B4205D0BB
:10BEC0006F1E3F783B4201D0FFF771FB0F23170E27
:10BED0003B4205D06F1E3F789F4301D0FFF767FBC1
:10BEE000120F05D00F232A78134201D0FFF75FFB12
:10BEF0000131043408300435614500D11BE5226866
:10BF00000028A3DA0F2317093B4209D0471C07D4A6
:10BF1000BE4205DDEF1E3F783B4201D0FFF747FBF5
:10BF20000F23170A3B4209D0871C07D4BE4205DD08
:10BF3000EF1E3F789F4301D0FFF739FB0F23170B0C
:10BF40003B4209D0C71C07D4BE4205DDAF1E3F7877
:10BF50003B4201D0FFF72BFB0F23170C3B4209D0CC
:10BF6000071D07D4BE4205DDAF1E3F789F4301D0B9
:10BF7000FFF71DFB0F23170D3B4209D0471D07D4C8
:10BF8000BE4205DD6F1E3F783B4201D0FFF70FFB3D
:10BF90000F23170E3B4209D0871D07D4BE4205DD93
:10BFA0006F1E3F789F4301D0FFF701FB120F9FD018
:10BFB000C21D9DD496429BDD94E7002FA2D08642FD
:10BFC000A0DD0F232F1F3F789F439BD00120FFF759
:10BFD0003DFA00230293FFF71EFB089BA1469A46F9
:10BFE00008235B429B468B4458460C00B446B84637
:10BFF0005146029052E0029B934200DAC1E00F27C3
:10C000002B783B409A4603019B4653465F463B4391
:10C010000F272B706B78BB439A4603093B409B4626
:10C0200053465F463B430F273B409A46030A1B019A
:10C030009B4653465F463B430F276B70AB78BB4331
:10C040009A46030B3B409B4653465F463B430F27B4
:10C050003B409A46030C1B019B4653465F463B43BD
:10C060000F27AB70EB78BB439A46030D3B409B46D2
:10C0700053465F463B430F273B409A46030E1B0146
:10C080009B4653465F463B43EB700F272B79000FCF
:10C09000BB4318432871083204360435013900D2F5
:10C0A00058E43068002AA6DA130001339A460CD40B
:10C0B00054450ADD0F276B78BB439A4603093B4082
:10C0C0009B4653465F463B436B70130002339A46D0
:10C0D0000CD454450ADD0F276B783B409A46030A7F
:10C0E0001B019B4653465F463B436B701300033373
:10C0F0009A460CD454450ADD0F27AB78BB439A46C9
:10C10000030B3B409B4653465F463B43AB701300DB
:10C1100004339A460CD454450ADD0F27AB783B40D4
:10C120009A46030C1B019B4653465F463B43AB704C
:10C13000130005339A460CD454450ADD0F27EB78DB
:10C14000BB439A46030D3B409B4653465F463B43E9
:10C15000EB70130006339A460CD454450ADD0F27C2
:10C16000EB783B409A46030E1B019B4653465F46C5
:10C170003B43EB70130007339A468CD454458ADD59
:10C1800083E7944290DD0F272B783B409A460301CA
:10C190009B4653465F463B432B7085E710229446EF
:10C1A0005B42984673689C44624607925B7A012B17
:10C1B00065D0042B66D143465B10079A94469C4495
:10C1C00063460793102290466B689844FFF70CFA79
:10C1D000002A01D1FFF795F94B46DB10F6184346CC
:10C1E000F31A0693FFF78FF95746079E0022FFF7D1
:10C1F00074FA2F4801F004F901216B6849425A7A18
:10C200000591FFF73FF92A4801F0FAF8102290460D
:10C210007368103307936B6898445B7A012B01D1E4
:10C22000FFF7C9F9042B37D0214801F0E9F80123C1
:10C230005B420193FFF739F9134201D1FFF77CF913
:10C240000120FFF703F91A4801F0DAF8049B06937E
:10C250004B46002B01D1FFF756F96B685B7A012B37
:10C26000BAD0049A0692042B01D0FFF74CF94B4642
:10C270005B10F6184346F31A0693FFF744F943465A
:10C28000DB109AE70A4801F0BBF873685B7A012B70
:10C29000F5D0042B96D18EE75B46002B04D001230A
:10C2A0005B420193FFF70BF9013B0193FFF70AF99A
:10C2B00035030000F0B583B01F0004000D00160028
:10C2C000FCF748FD00233200009329003B002000CA
:10C2D000FFF77AF803B0F0BD10B5012482B06442D4
:10C2E0000094FFF771F802B010BDC046F0B5C64625
:10C2F00004000D0000B582B016001F00FCF72AFDF7
:10C3000063686A685B7A042B02D1537A042B16D0D7
:10C3100000218846538901919289310000922000C2
:10C320003A00FCF783FE4346009332003B002900AD
:10C330002000FFF749F802B004BC9046F0BD063B70
:10C34000F2E7C046F0B5D6464F464646C0B50700B0
:10C3500088461500FCF7FEFC7868437A012B5BD019
:10C36000042B00D0ACE08489A4001F346411A40025
:10C37000002D56D143464689002B21DB1BD00500FA
:10C380001035B04500DA7AE07443032C0BD92B004A
:10C39000AA070AD10022A508AD005D1904C39D4279
:10C3A000FCD103231C40002C05D000232C192B703A
:10C3B0000135A542FBD11CBC90469946A246F0BD72
:10C3C0005B429A4610239946437A8144B24538DB52
:10C3D000012B50D0042B00D079E0808980001F30E1
:10C3E00040118000684374434844032C0BD9030078
:10C3F00082070AD10022A0088000181804C39842BE
:10C40000FCD103231C40002CD5D000230419037059
:10C410000130A042FBD1CEE784890734E410002D1F
:10C42000A8D041680830FCF7BFFC040000213800A8
:10C43000FCF742FF2B00424621003800FFF756FF71
:10C44000B9E7012B36D0042B4FD15346818989009F
:10C450001F314911890059433500220045444944A0
:10C4600048466A4317F0FAFF102399467868564603
:10C470008144437AACE780890730C010B2E7437A41
:10C48000012B12D0042B28D12900808980001F3075
:10C490004011800043465843F21A2818624317F0AF
:10C4A000DDFF7D68464610356EE78089290007303C
:10C4B000C010EFE7534681890731C9105943CBE7D4
:10C4C00001240C4800F09CFF6442786850E709485A
:10C4D00000F096FF0120404284E7064800F090FFFC
:10C4E0000120796840421031D4E7024800F088FF0B
:10C4F0004146B1E735030000F8B5CE464746040093
:10C5000080B500AFFCF726FC63685A7A012A31D067
:10C51000042A33D19D89AD001F356D11AD001E0079
:10C520002A005C891036013C2B0054436A460733CD
:10C53000DB08DB00D31A9D463419E846B44214D90F
:10C540006B42994631002A004046FEF7FFFE21006B
:10C550002A003000FEF7FAFE761920002A00414634
:10C560004C44FEF7F3FEA642ECD3BD460CBC90460D
:10C570009946F8BD9D890735ED10D0E7114800F0C8
:10C580003FFF63681E005C895A7A1036013C012A1D
:10C5900009D0042A0DD00B4800F032FF01235B4282
:10C5A0001D001A00C1E701259A896D420732D21099
:10C5B000BAE701259A896D4292001F32521192000A
:10C5C000B2E7C04635030000F0B5D6464F464646B2
:10C5D000C0B54368040058897E2835DC5A7A9989A9
:10C5E0004000FCF701FC636845681E005A7A8146EA
:10C5F000103610355F89012A22D0042A27D19C8960
:10C60000A4001F346411A400002F13D07B1C984693
:10C6100063009A460127310022002800FEF796FEAB
:10C620000137281931002200FEF790FE36195544D3
:10C630004745F0D148461CBC90469946A246F0BDFD
:10C640009C890734E410DFE700239946F2E70124D0
:10C65000024800F0D5FE6442D6E7C046350300002C
:10C6600070B5FFF7B1FF0400F9F718FB2000FCF7E5
:10C67000DDFF05002000F9F723FB280070BDC04650
:10C6800070B50500FCF7D8FB00281BD00C20F9F78B
:10C690005FF9041E06D00C4B4560036000238360E5
:10C6A000002D0BD02000F9F7F9FA2000FFF7D8FF92
:10C6B00005002000F9F704FB686870BD034800F02E
:10C6C0009FFEEFE70020F8E77C55020035030000ED
:10C6D000F8B50400FCF7B0FB071E2DD12000FCF7D5
:10C6E000D1FB002838D063680020191DF6F7F8FF49
:10C6F0008723210005000372227A783B134043729E
:10C70000637A0C314381A37AC781838163681030D7
:10C710001A1FFEF71BFE2800F9F7C0FA0C20F9F7E4
:10C7200017F9061E03D00D4B456003608760280093
:10C73000F9F7C6FA3000F8BD0C20F9F709F9061E22
:10C740000AD0064B4460036000238360002CF1D1C3
:10C75000034800F055FEEDE70026EBE77C550200AC
:10C7600035030000F0B50D0083B0040016001F0073
:10C77000FCF7F0FA2800FFF7ABFF002803D043686E
:10C780005B7A012B01D003B0F0BD0100331432B24B
:10C7900000972000FEF718FEF5E7C04610B5FFF73A
:10C7A00097FF10BD30B5032A10D90400830717D1B5
:10C7B0000D026D182B04ED1893089B00C31820C4BC
:10C7C000A342FCD10324224003D130BD0300002A40
:10C7D000FBD0C9B29A18197001339A42FBD1F4E721
:10C7E0000300F6E782B030B5040085B0089202A8D5
:10C7F00008220993FEF7AAFD039B5A10A418DB0731
:10C8000010D52368029A9D580AA908226846FEF7A7
:10C810009DFD089A099B2000A84705B030BC08BCC4
:10C8200002B01847029DEFE782B000B585B00692CE
:10C8300000220793054B0721C2540123044A68468E
:10C8400007F082FB05B008BC02B0184719020000CF
:10C8500092100000F8B51C0005000F0016000B0A2E
:10C8600019D1330C1CD12B00AA780C339B182A0049
:10C87000211DFC32D21A914216D89E70E4B2360ABB
:10C880001C705F70DE70181D032307349C43AB7867
:10C89000E418AC70F8BD054800F0B2FD330CE2D0EE
:10C8A000024800F0ADFDDEE70020F3E78F03000053
:10C8B00010B5044BC35C002B03D00349072003F0E1
:10C8C000D3F910BD190200009210000010B52030FD
:10C8D000FFF7C0FF041E01D0200010BD014800F08A
:10C8E0008FFDF9E78F03000010B50400C06884B025
:10C8F000002803D0036800211B689847A068230024
:10C90000026821000294064C1D330194FC2400941B
:10C910001469FF332031FC22A04704B010BDC0468B
:10C9200005CE0000F0B54546DE4657464E46FF238D
:10C93000E0B5CA6885B09A4304000D00131E2ED1DD
:10C940000800097B103089100133012920DD644A79
:10C95000644D9246023A9046634A644E9146644A58
:10C96000644F94460AE0B24200D16FE0BA4201D16E
:10C970005246A3540133DBB28B4209DA9A001258B3
:10C98000AA42F0D16246A3540133DBB28B42F5DBFD
:10C9900005B03CBC90469946A246AB46F0BD80220D
:10C9A00012049342F4D04E4A4B7B825C9A4262D08E
:10C9B0004F4A825C9A4252D08727BF00C15D99429C
:10C9C000E6D84949415C9942E2D34B4BE989994207
:10C9D000DED1102398462B7BA84443449A4601237A
:10C9E0000026B9469B46C24512D943461F785B785C
:10C9F0001F2B4ED9082F5AD03B00093B012B69D978
:10CA00007B1E062B54D902239C46E044C245ECD839
:10CA100089239B00E358B342BAD00025012707E0E1
:10CA2000002B37D0892301359B00202D55D0E358AA
:10CA30003A00AA4013401642F2D1002BF2D0AAB21B
:10CA400001232E49684607F07FFAEBE74246A25CD5
:10CA5000002A01D14246A3544A46A3548AE7CB890F
:10CA6000274A934231D0274A934200D090E70A8A5E
:10CA7000254BC2528CE78422CB895201934210D0BD
:10CA80001F4A934200D083E78D230A699B00C2505E
:10CA90007EE7FEE7AAB201331C49684607F054FA64
:10CAA000C0E78E220B6992009B0A835270E707272A
:10CAB0004A466B7BA25C9A1AD3009B1ADB19002BA7
:10CAC000A1DD5A469A4016439DE788230A8A9B00B7
:10CAD000C2525DE702F014FA92E7E65058E7C0460A
:10CAE0001E020000E536FA161D0200006EA0EA1DC7
:10CAF0001B0200000636C61F0111000002080000DC
:10CB000081110000821100002202000003080000D1
:10CB1000F0B5CE46474680B50400C06885B0002811
:10CB200003D0036801211B68984702F0CDF9206902
:10CB300003685B689847A74B002800D1A1E000225A
:10CB4000E25402F0B3F92000A34D0E22002122305E
:10CB5000FFF728FE2584F9F72DFE8E2360625B0027
:10CB6000A162E15A9D4B994245D0A94240D18F2301
:10CB70005B00E35C002B3ED0032325002600994692
:10CB8000013B98461D352936FF35FF362900200028
:10CB9000FFF7C8FE4A46287BAB78C11D91438B4204
:10CBA00029DD021DAF183F7BFF2F00D1A9E04046D1
:10CBB000EA788243EA706A18127B944604328F182E
:10CBC000BB4200DAD8E00F0000230C37EF19F85809
:10CBD000F05004339A42FADCFF23AA18604613731C
:10CBE0004A46634607309043EB1841185974CDE725
:10CBF0007B4802F057FC7B4BE15C002946D02500C6
:10CC0000E3692035002B61D0822240239201280065
:10CC1000FFF720FE061E00D1BEE04022E169300091
:10CC2000FEF794FB0023E3616E4B8122E15C280058
:10CC30000823FFF70FFE061E00D1B1E008222100F5
:10CC40003000FEF783FB674B2800E15C664A012356
:10CC5000FFF700FE051E00D1A6E0644B6421E35CF3
:10CC60001802C01A0DF0A4F8614B2870E35C002B89
:10CC700015D12000FFF738FE05B00CBC9046994650
:10CC8000F0BD0122E25402F011F9F5E70023002281
:10CC90002000FFF71BFE2000FFF726FEECE7F9F768
:10CCA00091FD8B239B00E258002A6BD1043BE35893
:10CCB0008B229200A0500C32A25A5B009B0A534375
:10CCC0008C229B0A9B009200A350D2E76669002E3B
:10CCD00023D086239B00E35C9E4251D8280033007A
:10CCE0008322FFF7B7FD051E62D03200A16928003C
:10CCF000FEF72CFBA3699B19A36163699E1B666108
:10CD0000B7E72818417C8B4200DC74E78A4200DADE
:10CD10004DE7384802F0C6FB6DE7354BE15C002972
:10CD200023D01633E258043BE3589A421DD29B1A93
:10CD300086229200A65C9E4200DD1E002800330081
:10CD40008022FFF787FD051E3FD08E239B00E25A0D
:10CD500071102800FBF71AFE071E2DD08D239B00B3
:10CD6000E25894466644E65083E70123224A0721AD
:10CD7000684607F0E9F87FE7204802F093FB3AE7BE
:10CD80001E00ABE78A21890065582B015B1B9B1AAB
:10CD90001B181B0963508BE7194800F031FB3CE777
:10CDA000174800F02DFB49E7154800F029FB54E730
:10CDB000134800F025FB98E7320000212800FFF718
:10CDC000F1FC8C239B00E75053E70D4800F018FB63
:10CDD000BBE7C0461A020000CD7A0000CDB30000C8
:10CDE000AC5502001B020000012000003A020000C6
:10CDF0001E020000C455020093100000E05502001E
:10CE00008F03000010B5FFF783FE10BD82B010B590
:10CE10000393054B0292C35C002B01D0FFF778FE11
:10CE200010BC08BC02B018471A020000F8B51D007B
:10CE300004000F001600EB0701D4002D32D11D486D
:10CE400000F0DEFAA388B34202D1E388AB4202D0FD
:10CE5000184800F0D5FA184BE35C002B25D1638805
:10CE6000002B03D0154AA25A9A4219D90122124B1B
:10CE70006D08E2542900EC200CF010FF8623684373
:10CE80009B00E05420007543069B6561A761E36148
:10CE90002030FC220021FFF785FC2000FFF738FE40
:10CEA0000020F8BD002ACDD1C9E7024800F0A8FA59
:10CEB000D5E7C0468F0300001902000022020000DF
:10CEC000F0B557464E464546DE46E0B583B01F00F6
:10CED0000EAB1E880C9B814698460D9B0D00934619
:10CEE0009A46002F3FD04346002B39D00F2D01D159
:10CEF000C02E38D1282017F082FA0400103007F035
:10CF000045F85B4618202580638017F078FA434681
:10CF10000500009353460760082200210C3001935E
:10CF2000FFF740FC08226946281DFEF70FFA134B55
:10CF300002226B610023E360236263624B461B683D
:10CF40001643A560A6805B682100484698470028E4
:10CF50000BD103B03CBC90469946A246AB46F0BD0F
:10CF60005346DB07C2D40648F3E7200003F074F809
:10CF7000200017F035FA0348EBE7C046E5C700008C
:10CF800017FCFFFF16FCFFFFF0B504000025C26090
:10CF9000642281601E002361234B89B0C554234B5A
:10CFA0000595C554224B234FC5540133C554224B1C
:10CFB000C554224BC5540633C550214BC254063BC1
:10CFC000204AC5500433C2521F4A103BC2501F4A68
:10CFD000043304921022C55002926A4604AB03CB7C
:10CFE00003C223001A4A38680721FFF769FF336834
:10CFF00001219B6830009847164A38680692C02283
:10D0000002926A46079506AB3189A0CBA0C22300E5
:10D010000222FFF755FF33680221DB6C300098478E
:10D02000200009B0F0BDC046190200001A0200003D
:10D030001B020000300900201D0200001E0200003B
:10D040003A02000044ACFFFFBC66000029C80000A3
:10D05000931000000DCE0000F0B5C646050000B5E7
:10D060000F001600002414E021006408434668689D
:10D070001940C9B24B1E994103681B68984728683C
:10D08000012103681B6898472868002103681B6812
:10D090009847002CE8D1002E06D03B78013E9846F8
:10D0A000013740248021E1E704BC9046F0BDC04632
:10D0B00070B5040080680E00036800211B6815002D
:10D0C0009847E068002803D0036800211B68984750
:10D0D000012231002000FFF7BFFFA0680121036893
:10D0E0001B6898476A1E002A03DD711C2000FFF7A9
:10D0F000B3FFE068002803D0036801211B6898474C
:10D1000070BDC046F0B587B001AD06000F00140039
:10D11000002114222800FFF745FB2C2301222900BF
:10D1200030002B70FFF7C4FFB068012103681B6853
:10D130009847F068002803D0036800211B689847CF
:10D140003B113A122B703B011343621C52106B705F
:10D15000AF70541E002A06D0032229003000FFF7CA
:10D160007BFF013CF8D2F068002803D0036801215E
:10D170001B68984707B0F0BDF0B5C64600B58046BD
:10D1800088B00C00802714E06A466578A61C2C0045
:10D1900013706B46BC4322003100581CFEF7D6F8D2
:10D1A0006DB2621C69464046FFF782FF3419002DBC
:10D1B00006DB2378002BE7D108B004BC9046F0BD15
:10D1C0002278651C5001801A80008018C00001F090
:10D1D00089FE2C00EDE7C046F0B5C64600B584B028
:10D1E0005C1E0A9B06005D1E88465519170000212B
:10D1F00003226846FFF7D6FA6A462B2313706B4664
:10D2000042469A706A4644442312147102ACD370A9
:10D21000002103222000FFF7C5FA2A2321002370F2
:10D2200030002B120522E370A7702571FFF740FF35
:10D23000052269463000FFF73BFF04B004BC90466E
:10D24000F0BDC04630B583B0050036236846037094
:10D25000B12301AC2370130C41706370E270130AA8
:10D26000694628000222A370FFF722FFE27821001E
:10D27000FF3A531E9A4128000332FFF719FF03B00B
:10D2800030BDC046012170B5494204002220F6F7A6
:10D290009DFFF9F7DFFF0121606049422020F6F78A
:10D2A00095FFF9F7D7FF0121206049422320F6F7C7
:10D2B0008DFFF9F7CFFF0121E06049422420F6F706
:10D2C00085FFF9F7C7FF0121A06049422C20F6F73E
:10D2D0007DFFF9F7BFFF0121060049422B20F6F739
:10D2E00075FFF9F7B7FF0500E068002803D0036871
:10D2F00001211B689847A068012103681B689847B3
:10D30000002E04D0336801211B6830009847002D9F
:10D310000FD02B6800211B6828009847144801F0A3
:10D32000E1FD2B6801211B6828009847104801F097
:10D33000D9FD40212720F6F749FF0E490500282096
:10D34000F6F744FF06000C492000FFF715FF3200F6
:10D35000E9B22000FFF776FFA0212520F6F736FF7F
:10D36000802120822620F6F731FF608270BDC04602
:10D37000204E00000306000038560200F0B5574664
:10D380004E46DE464546E0B51E0014239C46B44496
:10D39000634685B00393032393468A005118164AC7
:10D3A0008146904601279A468844434600241D78CA
:10D3B0002B0023411F4210D10134052CF8D1012349
:10D3C0009C46039B0436E0449E42EED105B03CBC33
:10D3D00090469946A246AB46F0BD5346A10059443B
:10D3E0000093320048460323FFF7F6FE09220E9908
:10D3F0004846FFF787FEDFE7005602007047C04649
:10D4000070B5050088B072B601F05EFD290056487F
:10D4100002F048F872B6554C2378002B00D0FEE796
:10D42000F8F78EFA01210123494222202370F6F7F2
:10D43000CDFEF9F70FFF002841D003AC2000FFF725
:10D4400021FF628A238A0021009220000022FFF738
:10D45000C3FE238A628A00215A432000FFF752FE4E
:10D46000F023FF261B01462200930A2114232000EB
:10D47000FFF784FF642128000CF09AFC36010A2192
:10D480000CF07CFD3C23322220000096FFF776FF53
:10D490000A2128000CF08CFC0A210CF06FFD3C23C3
:10D4A0004A2220000096FFF769FF0A2128000CF0AD
:10D4B00065FD00963C2362222000FFF75FFF2800F5
:10D4C000FFF79CFF01210D204942F6F77FFEF9F797
:10D4D000C1FE0400002C00D1FEE7032523680121D2
:10D4E0001B6820009847224801F0FCFC23680021BB
:10D4F0001B6820009847013D1D4801F0F3FC002DFA
:10D50000ECD11C4801F0EEFC0335236801211B68B7
:10D5100020009847184801F0E5FC236800211B68AB
:10D5200020009847013D124801F0DCFC002DECD1B1
:10D53000104801F0D7FC0335236801211B68200047
:10D5400098470B4801F0CEFC236800211B6820009F
:10D550009847013D064801F0C5FC002DECD1074875
:10D5600001F0C0FCB6E7C0464C5602004D0A002050
:10D57000A0860100400D0300E0930400C0270900CD
:10D58000F0B54546DE4657464E46E0B5B84D87B045
:10D590002C68002C07D0200007B03CBC9046994670
:10D5A000A246AB46F0BD012122204942F6F70EFE0D
:10D5B000F9F750FE002800D1F9E0682016F01FFFAF
:10D5C000002104002920F6F701FE4021030E0590FA
:10D5D00027209A46F6F7FAFDA64906002820F6F716
:10D5E000F5FDA54903904E20F6F7F0FD00236022DB
:10D5F0000121A3544942A36080462120F6F7E6FDAD
:10D60000F9F728FE9D4B8146984500D126E18023FD
:10D610005B0433400493002399465346002B00D10A
:10D62000F9E09748FFF7ECFE0027934B984500D1AF
:10D6300080E1944B984500D198E1904B984500D1FA
:10D64000B7E08F48FFF7DCFE049B03995A1E934115
:10D650005E225B421B021B0A6366330AA354330C2F
:10D660000132A354FF231A009946324043468648AC
:10D6700001F018FF002F27D04946059B194000D123
:10D68000C7E04A01521A93019B1ADB00591889011D
:10D690003B6838001B6898473B6808225B6800219C
:10D6A00038009847012123204942F6F78FFDF9F70A
:10D6B000D1FD002803D0036801211B6898473B680F
:10D6C00000219B683800984701212B204942F6F73A
:10D6D0007DFDF9F7BFFD071E0ED0036800211B6812
:10D6E0009847142002F09AFA3B6801211B68380021
:10D6F0009847142002F092FA6368002B15D001219C
:10D700002C204942F6F762FDF9F7A4FD002803D06A
:10D71000036801211B689847606803681B68984785
:10D72000F1B2039A606806F005FAA0212520F6F709
:10D730004DFD58268021A0532620F6F747FD5A229A
:10D7400083B26768A3520232A352002F50D05E21E9
:10D75000A35B06040332360CA25C615C38000096C1
:10D7600006F0C2F95F205E235A265827205CE35C4E
:10D77000A25BE15B0090454801F094FE6023E35C0E
:10D78000002B40D1E35BA05B4343D80FC01840108F
:10D790001430F8F7ADF900262065200066650121F8
:10D7A0005430F8F763FA4D232C60E654F3E62C6806
:10D7B000F1E600230121636049422320F6F706FDCC
:10D7C000F9F748FD0121824649422420F6F7FEFC84
:10D7D000F9F740FD81468F20800016F010FE834649
:10D7E0004B4652463900FFF7CFFB5B46A3602BE761
:10D7F0005F21605CA15B5E26A268A65D50801680FA
:10D800009180D380AEE7E35BA05B5B1040104343A5
:10D81000BBE71F493CE7012122204942F6F7D6FC2D
:10D82000F9F718FD0121824649422020F6F7CEFC87
:10D83000F9F710FD83464C2016F0E1FD5B464A46A1
:10D840005146070009F074FE082016F0D8FD814605
:10D85000390006F0AFF94B462360E6E60D4801F0CB
:10D8600021FE80239B043340A3461C001AE0C046DF
:10D87000E403002003060000371E000092100000A1
:10D880008F0300007D240000C0560200F056020005
:10D89000C0E1E40064560200643002F0BFF9002CDD
:10D8A00000D082E001212B204942F6F78FFCF9F7E6
:10D8B000D1FC071E0ED0036800211B6898470A2080
:10D8C00001F010FB3B6801211B68380098470320DA
:10D8D00002F0A4F91120F9F7CFFE0028DCD00100F6
:10D8E0000700474801F0DEFD464B5C469F427FD073
:10D8F000C0239E43BB0661D580210E43FF057F0FE9
:10D90000022F6CD0032F63D0012F5AD03E48FFF76F
:10D9100077FD80235B0433400493039B320039007E
:10D920003A4801F0BFFD20230593394B9846002368
:10D93000994672E6012123204942F6F747FCF9F7A0
:10D9400089FC0121824649422420F6F73FFCF9F781
:10D9500081FC8146302016F052FD83464B465246EC
:10D96000216805F0D9FC5B4663606DE60121232048
:10D970004942F6F72BFCF9F76DFC0121824649423A
:10D980002420F6F723FCF9F765FC8146302016F0D9
:10D9900036FD83464B465246216804F0BBF85B4691
:10D9A000012263606023E2544EE61A4801F07AFDDA
:10D9B00080235B0433405C460493B6E740210E436A
:10D9C0009CE780235B0433400493134B0393A4E749
:10D9D00080235B041E4304930F4B03939DE7802336
:10D9E0005B043340049308231E430C4B039394E7DA
:10D9F000F9F778FE80235B04334004930DE6C046BC
:10DA000090560200FFFF01008F0300009C560200A9
:10DA1000371E00007856020003060000FF140E00B7
:10DA200010B5FFF7ADFD002804D083680120002B5E
:10DA300000D010BD01212C204942F6F7C7FBF9F7B1
:10DA400009FC431E9841F4E770B50500642464287E
:10DA500002DCC443E4170440FFF792FD002805D020
:10DA60008368002B02D0184A9C5470BD01212C20E1
:10DA70004942F6F7ABFBF9F7EDFB061EF5D0002D9A
:10DA80001CDD632D15DCFFF7CBFF0028EDD0FA215C
:10DA90006443336889005B6E30009847A002001B26
:10DAA0000A490CF085F933680100DB6830009847BB
:10DAB000DBE7036801211B689847D6E7036800216C
:10DAC0001B689847D1E7C0463A02000010270000C3
:10DAD000F8B50700FFF754FD041E17D07B68302B04
:10DAE00015D13A002500666E08320C3538371378A8
:10DAF00051781B0409020B43917803320B437340A6
:10DB000008C59742F3D14C230122E254F8BD0248E4
:10DB1000FFF776FCE5E7C0468F03000030B583B021
:10DB20000500FFF72DFD002803D06023C35C002B08
:10DB300001D003B030BD5A33C45A0233641BA4B2BF
:10DB4000C4520233C15C45680133C25C073BC35A0F
:10DB5000002D05D18068018042808380C480E8E781
:10DB60000094280005F0C0FFE3E7C04610B50400AC
:10DB7000FFF706FD002802D0002C00D0446510BD40
:10DB8000F0B583B00500FFF7FBFC041E00D196E062
:10DB90004D23C25C002A00D091E00132C2541333FD
:10DBA000C35C5A1E93410133002D2ED06A68517A0E
:10DBB000042906D158205189205A5943814200D165
:10DBC000A6E06248FFF71CFC6068002800D178E0FE
:10DBD00005F006FD4C232600E25C0C36002A00D13D
:10DBE00073E00022E2546968206D4A681031083AF7
:10DBF000FDF7ACFB6B6860685A89216D9B89002832
:10DC000000D168E0009605F00BFE636D002B53D049
:10DC10006023E35C002B4FD16068002800D18CE0CA
:10DC200005F0DEFC656D69684B7A042B08D15C2237
:10DC30005633A25AE35A9B1A8A89934200D16FE065
:10DC40004248FFF7DDFB69684A68206D083A1031E9
:10DC5000FDF77CFB6068002848D05C235A265F22D1
:10DC60005E21E75AA65BA25C043BF61BE35A615CAB
:10DC7000D219009605F038FF6B6860685A89216DEB
:10DC80009B89002853D00025009505F0C9FD6068E8
:10DC9000002856D005F0A4FC5E235C25E15C60689A
:10DCA0000133E25C073BE35A655B002818D000951E
:10DCB00005F01AFF002363654D230022E25403B0F0
:10DCC000F0BDA068FEF7F4FD84E7A3685A1E9341F7
:10DCD0005B421E4087E7A0680096FFF7A7F894E72D
:10DCE000A068018042808380C580E3E75C225E27D4
:10DCF000A05A0332A15C073AA65A0232A25AA3687C
:10DD0000E75D0918121A1F8059809E80DA80B3E7F8
:10DD1000928953435C22A25A934200D051E753E7C1
:10DD20005823E25A4B899A4200D089E78CE7A568CC
:10DD300000902800FFF77AF8A9E7A068FEF7B8FD81
:10DD400070E7A068FEF7B4FDA6E7C0468F030000A9
:10DD50007047C04610B5083003F0A4FA10BDC046A5
:10DD600010B5083003F0B4FA10BDC04610B5083045
:10DD700003F0DAF810BDC04600B583B008300023C8
:10DD8000012201A903F058F8002802DB03D06B46FA
:10DD9000187903B000BD0148FBE7C0460CFCFFFF4B
:10DDA00070B50830050003F0A9FA01000020F5F76E
:10DDB00097FC040026000836F7F770FF002362681E
:10DDC0003100280003F038F80C4B98420BD00028A3
:10DDD00009D06368250098420AD001003000F5F7A9
:10DDE0007FFC050004E000210020F5F779FC050028
:10DDF0002000F7F765FF280070BDC0460DFCFFFF4F
:10DE000010B5002905D04A6808300831022302F015
:10DE1000A9FF10BDF8B505000835040028000E0064
:10DE2000170003F06BFAC1B2280003F03BFA3A0086
:10DE30003100A0891023F8F7D7FDF8BD30B50D00EB
:10DE4000040083B0102380890121F8F7CDFDE9B2E9
:10DE5000684606F057F9694601A806F07DF92000EA
:10DE6000002201A9083003F0C5F801A806F018F94E
:10DE7000684606F015F903B030BDC046F8B5474610
:10DE8000CE461D4B80B51C6805000E001700984655
:10DE9000002C03D10DE0246E002C0AD023689D4293
:10DEA000F9D163689E42F6D120000CBC9046994699
:10DEB000F8BD642016F0A3FA0823994681440400B3
:10DEC0000560466032002900484607F01DFC00232B
:10DED000BFB22366002F0BD0E121A781490248463B
:10DEE00003F022F843461B68236643461C60DBE7C9
:10DEF00004F01CFF0700EFE7E803002070B5426064
:10DF0000016008301D00040003F01EF82900200005
:10DF100003F00AF870BDC046F8B504001500A2670A
:10DF2000E36774221F00002321608354194A436071
:10DF3000C2617622C3608360036143618361C3620F
:10DF40000367835280230E009B029F421ED83368D2
:10DF500029001B6830009847431E1D4205D101006F
:10DF600038000BF021FF00290BD00B48FFF748FACF
:10DF70000A4D2B88002B02D104F0D8FE2880200007
:10DF8000F8BD0128F1D9C307F2D5EEE70248FFF743
:10DF900037FADCE7806967FF9A030000480A00202F
:10DFA000F0B5C646904600B5070000680C0003684F
:10DFB00088441B689847431E06001C4222D1A04596
:10DFC0001DD93868210003681B689847B04202D009
:10DFD0000E48FFF715FA386821000368A5195B6839
:10DFE0009847002E08DD2378FF2B02D00748FFF763
:10DFF00007FA0134AC42F6D12C00A045E1D804BCAC
:10E000009046F0BD0148FFF7FBF9D8E79A030000FE
:10E0100010B5C26F816FFFF7C3FF0248FFF7F0F939
:10E0200010BDC0469A030000F8B5816FC36F0400AD
:10E030005E08284A08688D192F68904233D0002066
:10E04000974200D0F8BD6A689342FBD12900AD1910
:10E0500028006160E560083803680133FBD10200E5
:10E0600008322261031D4068013003D1043B186867
:10E070000130FBD007200B338343A36018680130C5
:10E0800002D15868013006D02000FFF7C1FFE568D3
:10E0900061682269A3685B1A521A0F48691A01F075
:10E0A00001FA0120CEE74A68874203D09342CFD0DD
:10E0B0000020C7E768688342F8D19342C6D18A68D6
:10E0C000AB68501C9842C1D0581C8242C0D09A42C2
:10E0D000BED8BBE7DAE076777057020070B5C16A48
:10E0E0000500002900D170BD2A00006830320368A5
:10E0F0009C684023A047002812D10024230030331D
:10E10000EB5CFF2B06D0EA6A125D9A4202D028002F
:10E11000FFF77EFF0134402CF0D10023EB62E2E7F1
:10E120002800FFF775FFE8E7F8B54E465746454625
:10E13000DE468146E0B590460F001E1E25D03023F6
:10E140004B449A463F239B464B465D46DB6A3D4027
:10E150007C1BA34209D04846FFF7C0FF4022FF21A5
:10E160005046FEF71FFB4B46DC624024641BB44262
:10E1700000D934002800414650442200FDF7E6F85B
:10E18000361BA0443F19002EDED13CBC9046994678
:10E19000A246AB46F8BDC046002370B504008361BB
:10E1A0004361006F84B0002806D00368236716F02F
:10E1B00017F9206F0028F8D1144801F073F90123F2
:10E1C000E06F5B42A16F03934208023302938B1806
:10E1D0000F4D1E68AE4211D02000FFF7E1FE0C4B40
:10E1E0006A460093E36FA16F019320001023FFF7AD
:10E1F0009BFF2000FFF772FF04B070BD5D68A8426E
:10E20000EAD19B6801330293E6E7C04660570200FB
:10E21000DAE07677F8B5056F06004C880423CF5E08
:10E22000002D28D02800021D002303E00133023214
:10E23000202B0AD01188A142F8D1002F19DB5B00F6
:10E240000022C31801209A80F8BD00680028EAD196
:10E25000002F12DA2A1D002303E001330232202BA3
:10E260000DD011880029F8D15B00ED18AC8000209A
:10E27000EAE70120E8E7002F04DB0020E4E72D684F
:10E28000002DE7D1442016F0BAF805003E220630F2
:10E290000021FEF787FA336F002035672B60AC80D2
:10E2A000D2E7C04610B542680123002A02D1FFF729
:10E2B000BBFE0300180010BD10B543680400002B1E
:10E2C00000D010BDFFF7B0FE0028FAD12000FFF704
:10E2D00063FF6368002BF4D12000FFF7A5FE002840
:10E2E000EFD12000FFF794FEEBE7C046742370B532
:10E2F000C35C0400002B08D07425074E3188074802
:10E3000001F0B2FC635D002BF8D1742301222000E0
:10E31000E254FFF7D1FF70BD480A0020FF03000060
:10E32000742310B5C35C84B00400002B02D10948EB
:10E33000FFF766F82000FFF7D1FE74230022E254B5
:10E34000054B06491A886846012305F0FDFD04B017
:10E3500010BDC0469A030000480A0020FF030000D9
:10E36000F8B5CE46474680B507000800884616F047
:10E37000C0F801004046F6F779FE050C45404046DE
:10E3800016F0B7F83C690130FE6883B2ADB2994629
:10E39000B44203D314E00834B44211D22388AB4210
:10E3A000F9D17B6860889C464A466044414616F035
:10E3B00046F80028EFD120000CBC90469946F8BDE5
:10E3C0000024F8E7F8B50C00050016001F00FFF761
:10E3D0008DFF002C1ED021002800FFF7C1FFA8618F
:10E3E000002819D0C188002916D084886404640CE0
:10E3F000002E08D02200BC420AD86B6830009C4630
:10E400006144FCF7A3FF2800FFF78AFF2000F8BD56
:10E410003A00F2E7A869E3E701246442F3E7C04663
:10E4200010B5040082B0FFF761FF616900293BD09D
:10E43000E368994214D20B000833636108226846EE
:10E44000FCF784FF69462000FFF7E4FE002803D1B3
:10E450006B46DB88002B14D16169E3689942EAD3EB
:10E460000023206F6361002806D00368236715F03E
:10E47000B7FF206F0028F8D12000FFF751FF0020E0
:10E4800010E06B469B8862685B045B0C23626B4602
:10E4900094465B88A08463442000A362FFF740FF9A
:10E4A0002000203002B010BD2169206F616100287A
:10E4B000BED00368236715F093FF206F0028F8D1C2
:10E4C0006169CAE70722F0B500260027816883B09A
:10E4D000CB1D934304005D1A00960197002D08D1CF
:10E4E000043B1B6801330DD02000FFF7F7FD03B09C
:10E4F000F0BD2B006A46FFF717FEA3689C466544F3
:10E50000A560F1E708236A46FFF70EFEA36808330B
:10E51000A360E9E7F0B557464546DE464E460B0098
:10E52000E0B5040017000269806889B020330191CA
:10E53000151AAB4208DA0124200009B03CBC904611
:10E540009946A246AB46F0BD03F07EF87623E35A27
:10E55000002B0CD0E2699A185B00C31A9A4200DAC9
:10E56000C6E0E261904202DA7848FEF749FF2A00ED
:10E570000199774800F096FF002362686361A36108
:10E58000A36F02939A4206D1029AE36F94465B0806
:10E590009C44634602932000FFF7A0FDE36F200038
:10E5A0005A08029B99461900FFF7FAFC4A46E36FA6
:10E5B0005B08994413001033A36000239B4603E0DB
:10E5C0000368236715F00CFF206F0028F8D1266937
:10E5D000E3689E4241D2102398460822310004A8E5
:10E5E000FCF7B4FE04AB5D8863689C466544002F6D
:10E5F00003D02800B84700282BD004A92000FFF73B
:10E6000009FE002825D104ABDB88002B21D028008F
:10E6100015F06FFF431C9A4604AB9B885B045B0CB0
:10E620001A00524400925A46002A66D0424690B2DE
:10E6300004AA938008235B429C465080E1445044E6
:10E64000D080103349462000FFF76EFD009B9C46AA
:10E65000E044E3680836B342BFD801239C46E34454
:10E660005B46012B6ED0022B04D0ADE70368236715
:10E6700015F0B6FE206F0028F8D12000FFF72EFD20
:10E680004B46A2683348991A00F00CFF324B029DAA
:10E690000493E36F04AA0593636829009B68200034
:10E6A0000133069301235B4207931133FFF73CFDCF
:10E6B0002000FFF713FDAC46E36F4A465B08634456
:10E6C000E3604B4601982361A3686560D31A02009A
:10E6D0004032934200DD2EE7002F0CD01F4B002468
:10E6E000984200D128E701001D4800F0DBFE23E737
:10E6F000E3611A0036E700241EE7A3682A00190028
:10E70000200053460391FFF70FFD6068A26884461E
:10E7100052441100A26004AA9588D2886D046D0C41
:10E7200062442B002000FFF7FFFCA2680399944687
:10E73000009B6544A5606D1A9D4287D00948FEF78D
:10E740005FFE83E72000FFF7BDFE3DE79903000071
:10E750000C57020034570200DAE076770000FF7FA2
:10E76000485702009A03000070B50D000400FFF73F
:10E77000BDFD2A0003492000FFF7CCFE2000FFF773
:10E78000CFFD70BD0000FF7FF0B557464E464546B1
:10E79000DE46E0B5040085B0884691461F00002A99
:10E7A0005FD02000FFF7A2FD41462000FFF7D8FD13
:10E7B000002306006568A361F91D002805D14046C5
:10E7C00015F097FE390008310918072399430023F3
:10E7D0009A46083100222000FFF79CFE002800D155
:10E7E0007AE06368AB4204D041462000FFF7B8FDF1
:10E7F0000600BBB29B46002E4AD0338802AD2B8068
:10E8000073886B805346002B1ED00023EB805A4642
:10E810003B4B1343AB802000FFF754FE21690823D4
:10E82000083921612A002000FFF77EFC2000FFF755
:10E8300055FC2000FFF774FD002005B03CBC90465D
:10E840009946A246AB46F0BD3B004A46A16820006F
:10E85000FFF76AFCA3686268DF199A1AA760EA806A
:10E86000D5E77B1C05D0002F9BD02648FEF7C8FDBE
:10E8700097E7FFF73BFD41462000FFF771FD4B4650
:10E88000061E6568A36127D0012308219A46A1E7E7
:10E89000404615F02EFE01004046F6F7E7FB030C5C
:10E8A000584002AD2880404615F023FE4246431CE6
:10E8B000A16820000193FFF737FCA16862688B1AFA
:10E8C000019A6B80944653466144A160002B09D0A5
:10E8D0005B46EE80AB809EE72000FFF721FD012024
:10E8E0004042AAE73B004A462000FFF71DFCA36810
:10E8F00062689A1ADB19A3605B46EA80AB808AE7FC
:10E900000080FFFF9A030000012310B55B42002244
:10E91000FFF73AFF10BDC046044A9368906808228A
:10E920005B035B0F9A4080B2504370470040004148
:10E930008020084B5A6802435A601A7DD207FCD5E2
:10E94000054A4908D9611A80024A137DDB07FCD5C4
:10E95000002070470040004102A5FFFF036810B58A
:10E96000DB680C009847A04204D80448FEF748FD35
:10E97000002010BD80204000FBE7C0469A03000045
:10E98000F0B557464E464546DE4698460323E0B569
:10E99000924691B00E000B426DD1424613426AD1AD
:10E9A000002A0CD0891852463300901B1A78FF2A8F
:10E9B00002D0C25CFF2A5BD101338B42F6D1314ACF
:10E9C000137DDB07FCD5BFF35F8F4346002B37D0A9
:10E9D000002399463F339B465C46402334401F1B2F
:10E9E0004A4643469D1AAF4232D8402F46D1402373
:10E9F0009C4634005546E1442A002B00403202E098
:10EA000004339A4218D019680131F9D01D4A1E4BBF
:10EA10001380137DDB07FCD500F056FA220040324C
:10EA200008CD08C4A242FBD1164C184B238000F03D
:10EA30003DFA237DDB07FCD5BA44F619C845CBD88F
:10EA4000002011B03CBC90469946A246AB46F0BDB2
:10EA5000C1464022FF216846FDF7A4FE20002A009F
:10EA6000684451462F00FCF771FC341B6D46C3E728
:10EA700003204042E5E701204042E2E7B9443D007F
:10EA8000E7E7C0460040004144A5FFFF04A5FFFFA3
:10EA90000078233843425841C0B2704770B5144DD6
:10EAA0002C68002C01D0200070BD80215F2009015E
:10EAB000F5F78CFB002104006020F5F787FB061EAC
:10EAC00000D12600882015F09AFC80220400094B12
:10EAD000D20208C0921B33002100FFF71DFA8423E5
:10EAE0000022E254044A0A3BE2522C60DBE7C046B3
:10EAF000EC030020985702001027000070B5FFF7C4
:10EB0000CDFF051D04002800FFF7CCFB002805D130
:10EB10000023002202492800FFF754FC200070BDAA
:10EB2000BC57020070B506000C00FFF7E7FF336822
:10EB300005001B6A30009847220001006368281D09
:10EB40000832FFF721FE70BD70B50500FFF7D6FF54
:10EB50002B6804001B6A280098470100201DFFF75E
:10EB6000D3FE70BD70B50500FFF7C8FF2B68040029
:10EB70001B6A28009847002301000022201DFFF790
:10EB800021FCC043C00F70BD70B50400FFF7B6FF95
:10EB90002368051D1B6A20009847002301000022FE
:10EBA0002800FFF70FFC002812DB01000020F4F71B
:10EBB00097FD0400F7F772F822006368083200211D
:10EBC0002800FFF7FFFB2000F7F77AF8200070BD60
:10EBD0000024FBE770B5FFF791FF04000B48251DEB
:10EBE00000F060FC0A492800FFF7BEFD8023E258D0
:10EBF000E168520853009B1822699B08521A9342FD
:10EC000002D92800FFF7C8FA70BDC046A857020015
:10EC100091EA0000F0B5D6464F464646C0B504001E
:10EC2000FFF76CFF002383610500F5F789FA060002
:10EC3000F7F734F8236820001B6A98472368070019
:10EC40005B6A200098473B7881469846331D9A4678
:10EC500004352800FFF7E4FB002822D043468468EF
:10EC6000232B02D02378232BF3D04A4639002000EF
:10EC700015F0E5FB0028ECD1012120004942F4F712
:10EC80009FFC0400F7F70AF8318922005046F7F795
:10EC9000DBF92000F7F714F82800FFF7C1FB002884
:10ECA000DCD13000F7F70CF830001CBC90469946D8
:10ECB000A246F0BD30B50F4D83B02C68002C02D0B9
:10ECC000200003B030BD182015F099FB012104008D
:10ECD00049420620F5F77AFAF8F7BCFA02230193C5
:10ECE000002301000093044A200002F097FE2C60EC
:10ECF000E6E7C046F0030020B80B000070B50D0039
:10ED00000400FFF7D7FF2A00808810232100F7F7BF
:10ED10006BFE70BD10B5FFF7CDFF02F0D3FD431EB3
:10ED20009841C0B210BDC04630B5164D85B02C68B4
:10ED3000002C02D0200005B030BD01211B2049422B
:10ED4000F5F744FAF8F786FA002819D02C2015F0C8
:10ED500056FB0121040049421B20F5F737FAF8F76A
:10ED600079FA094B094A0393094B01000293019276
:10ED700000930822074B200004F066FA2C60D9E7C4
:10ED80002C68D7E7F403002000C0884300405345B7
:10ED900000401C460000C841F0B5C64600B506005C
:10EDA0000D0090461F00FFF7BFFF041E1BD0036835
:10EDB0009B6998474346002B09D0A80045196D0070
:10EDC00028004138FF3812210AF0F2FF0500A9B2ED
:10EDD0002000012E0AD001F00BFEA08810233A007B
:10EDE0003100F7F701FE04BC9046F0BD01F01CFEB7
:10EDF000F3E7C04610B50400FFF796FF03001520A7
:10EE0000002B02D0180001F089FD002C06D0C300B1
:10EE1000181840000A210AF0CBFF203010BDC04670
:10EE20000C4B70B5C51806002800F8F72FFA041E21
:10EE300001D0200070BD3000F8F7AAF906002C20A0
:10EE400015F0DDFA012204005242310005F070FC99
:10EE5000A580EEE7041000008900CB43DB171940C2
:10EE6000802310B55B01994200DD190005F026FCF6
:10EE700010BDC046806980107047C04610B505F0CF
:10EE80001FFC801010BDC04610B505F00DFC10BD74
:10EE900010B5007C831E052B02D9203B072B02D81E
:10EEA000FFF7BEFF10BD0020FCE7C046054A1378FF
:10EEB000013B5BB2002B01DD137070470023137020
:10EEC00062B6FAE74E0A002072B6024A137801339E
:10EED000137070474E0A002020BF704710B500F035
:10EEE000FFF810BD10B502F071FC10BD020010B5A6
:10EEF0004001801A80008018C00002F067FC10BD3D
:10EF0000BFF34F8F034B044ADA60BFF34F8FC04605
:10EF1000FDE7C04600ED00E00400FA05014B03CB1D
:10EF20007047C0460CA08000004870470080002059
:10EF300010B54020F6F734FE10BDC046816370471F
:10EF400041637047C1637047C06B7047EFF308803F
:10EF50007047C046406B70470EC07047FEE7C04622
:10EF60002B482C49F8B588420DD02B4A91420AD241
:10EF7000CB439B1800229B0801339B0084588C5084
:10EF800004329A42FAD1254A254B9A4209D20320EB
:10EF9000111D03335B1A83435B18002102C29A429E
:10EFA000FCD1FF221F4B022493431F4A0326936088
:10EFB000902302251D4A5B000C27D45008221C49CF
:10EFC000CB78B3432B43CB70CB78BB431343CB708D
:10EFD0003021184B987B8843202108439873997BF4
:10EFE000B9431143997380219A7BB2432A439A73A0
:10EFF000114A53680B435360536862398B43234370
:10F00000536005F0D3F915F003F9F8F7B9FFFEE7FF
:10F01000846A0200B4000020CC020020D00200204C
:10F02000780A00200020000000ED00E000700041A0
:10F0300000500041004800410040004110B5041E4E
:10F040000FD015F056FA01382018844207D2027802
:10F05000237801382270013443708442F7D30020B2
:10F0600010BD0148FCE7C04617FCFFFFF0B54F4656
:10F070004646D6468146C0B5884600292BD0C217E1
:10F08000141A54400D00002700E0370020000A2128
:10F090000AF074FF49423031297020000A210AF039
:10F0A00087FE43427E1C04009A460135002BECD1BA
:10F0B0004B464644002B03DA2D233370BE1C4644D6
:10F0C000002340463370FFF7B9FF50461CBC904602
:10F0D0009946A246F0BD014B9A46F6E717FCFFFFA2
:10F0E000014B186000207047F8030020004870476B
:10F0F00016FCFFFFF0B585B00090019102920393DA
:10F10000040C012C1BD0022C17D18026174CF601C1
:10F11000651CFF35164F02E00434AC420DD0206868
:10F120000028F9D0C3883342F6D003689B68BB42FD
:10F13000F2D004349847AC42F1D105B0F0BD80263E
:10F140000A4CB601651CFF350A4F02E00434A542A3
:10F15000F3D020680028F9D0C3883342F6D0036882
:10F160005B68BB42F2D09847F0E7C046FC03002042
:10F17000ED72000081220000F0B5CE46474680B512
:10F18000002383B0304902E00133402B04D09A00C1
:10F190008C58002CF8D188502C4C2378DB070BD4EA
:10F1A0002B4D2B68002B07D001231022294800216A
:10F1B00002F06AFA002804D003B00CBC90469946CD
:10F1C000F0BD2B682830994615F019F9224B012221
:10F1D0009846C023102100934346060000F022FF0A
:10F1E0004B461B681D4F5B68BB4220D1300000F0CE
:10F1F00033FF300015F0F4F828202E6815F0FFF8E2
:10F20000C023022200930F214346050000F00AFFAD
:10F2100033685B68BB4210D1280000F01DFF280056
:10F2200015F0DEF80122237813432370C4E7310080
:10F23000484698470028DFD0D8E729003000984793
:10F240000028EFD0E8E7C046FC0300204F0A00206A
:10F250003009002070170000F5F00000EDF000000C
:10F2600010B50023054902E00133402B05D09A0078
:10F270008C588442F8D100238B5010BDFC03002031
:10F28000004870478C53020010B5080000F0C6FC1F
:10F2900010BDC04610B50800FFF720FE10BDC046E7
:10F2A00010B50800FEF7ACF810BDC04610B5FFF76A
:10F2B00035FE10BD10B50800FFF718FE10BDC046A2
:10F2C00010B5FFF71DFE10BDF0B54F464646D646B9
:10F2D0001B4BC0B599461B4E80461B4F30680B1820
:10F2E0000D00BB4212D8194C2A0041460019043CBB
:10F2F000FCF72CF823689C460023654425606519BB
:10F300002B711CBC90469946A246F0BD441E331D8D
:10F31000FF3C711D1800FF3122009A46346015F041
:10F320009DF880222000D2000021121B5044FDF7DE
:10F3300039FA306815212B18BB42D4D9C846CEE71C
:10F34000EC570200FC040020FF0300000005002031
:10F35000F0B587B0002A0CD101AE3100FFF786FE70
:10F36000300015F0C6F801003000FFF7ADFF07B020
:10F37000F0BD00251C220F2701AE0300D3403B4007
:10F38000002914D1002B12D1002A01D0002D03D066
:10F390000024303474550135043A131DEDD1002397
:10F3A00075192B7002210448FFF78EFFD8E75CB275
:10F3B000092BEEDD3734EDE7E8570200F0B5CE4615
:10F3C000474680B583B005000E00FFF77DFD324B48
:10F3D0009846324B99462C0003E0621C252B12D034
:10F3E00014002378002BF8D1611B2800FFF76CFF75
:10F3F00002212B48FFF768FFFFF758FD03B00CBC54
:10F4000090469946F0BDE94328005118FFF75CFF8C
:10F41000376863780197A51C642B2FD00BD8582B25
:10F420001CD0632B12D0252B2FD003214046FFF791
:10F430004BFF0436CFE7732B17D0782B0CD101226A
:10F4400000213800FFF784FF0436C4E7012101A83A
:10F45000FFF73AFF0436BEE7702BE6D10122012107
:10F460003800FFF775FF0436B5E7380015F041F8AE
:10F4700001003800FFF728FF0436ACE70022002126
:10F480003800FFF765FF0436A5E701214846FFF77E
:10F490001BFF04369FE7C0460858020004580200CC
:10F4A0000C5802000FB400B583B004A901C9019142
:10F4B000FFF784FF03B008BC04B01847004870474A
:10F4C00016FCFFFF70B505000E00141E13D0D369A3
:10F4D000002B02D01E20FDF793FF33685A1C2B68C7
:10F4E000002B02D0191D29601C60A4691300013291
:10F4F000002CF4D1336070BD10B50400FFF7E4FCBC
:10F50000E369002B0DD0A2699A61A369002B01D099
:10F51000E269DA610023A361E3616361FFF7C6FC7E
:10F5200010BD6369A2691A60EFE7C046002300B509
:10F5300085B001900393FFF7C7FC0F4B03A91A682E
:10F5400001A8FFF7BFFF0D4B03A91A6801A8FFF739
:10F55000B9FF0B4B03A91A6801A8FFF7B3FFFFF728
:10F56000A5FC019B002B02D0064A12681A60039B7F
:10F57000581C05B000BDC046100900200809002035
:10F580001C0900201809002070B50D000400FFF7C9
:10F590009BFC2A686561002A01D109E01A00936981
:10F5A000002BFBD19461E261A361FFF77FFC70BD8A
:10F5B000A261E2612C60F8E7F0B5CE46474680B51F
:10F5C00085B00292FA220393134B009001911C68BC
:10F5D00092000023029803990AF072FD80460E0003
:10F5E000002C14D00D4B00279946A569E368B7425B
:10F5F00001D1434509D86369002B02D02000FFF7F1
:10F600007BFF49462000FFF7BFFF2C1EEDD105B060
:10F610000CBC90469946F0BD080900201009002056
:10F62000F0B55746DE464E464546E0B591B00593E7
:10F63000354B02909A461B6803910492002B41D0EF
:10F640006B461E895B899946304B1C68002C23D081
:10F6500000239B462E4B2F4F984603E096420BD03B
:10F660002C1E19D0E368A5699AB2E3681B0C99B205
:10F67000BE422ED0002AF1D1002B01D04945EFD156
:10F680006369002B02D02000FFF736FF20004146BF
:10F69000FFF77AFF2C1EE5D11F4BF318012B11D970
:10F6A00053461C6810234A46009331001B4B06A8A2
:10F6B00000F0B8FC23681A4A9B68934220D106A840
:10F6C00000F0CAFC11B03CBC90469946A246AB463D
:10F6D000F0BD14488242CDD1002B01D04945BFD1A5
:10F6E0005B46002BBCD16369002B02D02000FFF7E2
:10F6F00003FF07492000FFF747FF01239B46AFE7C1
:10F7000006A920009847DAE7040900201C09002018
:10F7100010090020FE03000002FCFFFF21F600009C
:10F72000BDF40000FF03000070B5FFF7CDFB134BE5
:10F730001C68002C13D06369002B02D02000FFF757
:10F74000DBFEFFF7B3FB0023236123622568FFF78D
:10F75000EBFB01002800FFF7F5FB200070BD242023
:10F7600014F04DFE242200210400FDF71BF8FFF7E2
:10F77000DFFB002320606360A360E2E71409002040
:10F78000094B10B51C682369DB0701D4200010BDAC
:10F79000FFF7CAFF054B18600028F7D0236A036201
:10F7A000002323620400F1E7000900200C09002077
:10F7B000F0B5CE46474680B5444C83B02378DB078E
:10F7C00004D503B00CBC90469946F0BD404D28606E
:10F7D000FFF7AAFF3F4B40491860FFF7D5FEFFF740
:10F7E000A3FF3E4E07683060FFF79EFB011F380005
:10F7F000FFF7A6FB33683A491868FFF79FFB2E68AE
:10F80000002E4BD0282014F0FAFD364B00229946EA
:10F81000C023354900934B46804600F003FC336813
:10F82000324F5B68BB423ED1404600F015FC40467B
:10F8300014F0D6FD2B682820984614F0E0FDC02374
:10F84000002200932A494B46060000F0EBFB43469A
:10F850001B685B68BB4232D1300000F0FDFB30001A
:10F8600014F0BEFD01230F220021224801F00CFFFD
:10F8700028202E6814F0C3FDC023012200930F211D
:10F880001D4B050000F0CEFB33685B68BB4210D116
:10F89000280000F0E1FB280014F0A2FD01222378EB
:10F8A000134323708DE74146300098470028C1D0AC
:10F8B000BAE72900300098470028EFD0E8E7310088
:10F8C000404698470028CDD0C6E7C046500A0020E1
:10F8D0000409002000090020100900201809002058
:10F8E00011FE000021F60000FF030000EDF0000013
:10F8F000FE03000070170000B9F500000120024B64
:10F900001B7818407047C046500A0020F0B5204EC2
:10F9100083B0336805000F00002B36D01D4B1B78D9
:10F92000DB0732D5FFF72CFF3B042B43C360436951
:10F930000400002B01D0FFF7DFFD17492000FFF77F
:10F9400023FE164BEB18012B16D92820366814F02D
:10F9500056FDC0233A0000932900114B040000F02B
:10F9600061FB33680F4A5B68934208D1200000F0C6
:10F9700073FB200014F034FD002003B0F0BD210023
:10F98000300098470028F7D0F0E70748F5E7C04671
:10F9900004090020500A00201C09002002FCFFFF7F
:10F9A00021F60000EDF0000016FCFFFFF0B5C646A2
:10F9B000050000B50E0090461F00002822D0002947
:10F9C00020D0FFF7B1FE041E1CD0290043463200B0
:10F9D0000068FFF7C1FA2568FFF7A6FA011F2800A3
:10F9E000FFF7AEFA2068002F0AD10749FFF7A6FA01
:10F9F00006492000FFF7C8FD200004BC9046F0BD7A
:10FA00000349F3E70024F7E719FD0000100900207F
:10FA1000EDFD000010B5064B14001B78DB0705D583
:10FA20000A0001232100FFF7C1FF10BD0020FCE701
:10FA3000500A0020024B1868434258417047C046A4
:10FA40001009002010B50F4C84B023789A0705D513
:10FA50000D4B1B68002B0ED004B010BD02221343C7
:10FA60002370022201230F21684604F06DFA064B31
:10FA70001B68002BF0D10222237893432370FFF7F9
:10FA80002BFAE9E7500A002010090020F0B5C6461D
:10FA9000574D00B52C682369DA0749D4554E564FA7
:10FAA00032683968002A33D06069B04200D193E0EF
:10FAB0002A608A422DD0944227D08C4200D172E035
:10FAC0004E4B62699A4200D16DE02068FFF73CFA24
:10FAD0000600FFF73BFAA168361A60682F680B1A18
:10FAE0009E420DD91F2320362C609E43002800D053
:10FAF0007BE03000F6F754F831186060A1602F60A9
:10FB0000BB683A68206804F0C9FC04BC9046F0BDAC
:10FB100029601B074FD52C60FFF794FF3368002B3B
:10FB2000FAD02B609C42F0D039688B42C5D145E0B9
:10FB30000222334E1343236133680232196920686D
:10FB40000A431A611F68FFF705FA01003800FFF742
:10FB5000F9F937683868FFF7F7F90400FFF7F6F9A5
:10FB6000BB68241A78681A1A94420FD92B6820347B
:10FB700098461F232F609C43002833D12000F6F7BE
:10FB80000FF8434624187860BC602B60336899688E
:10FB9000186804F0C4FC2B681A699207B5D5186878
:10FBA00004F0F7FCB1E72A6800219368002012688E
:10FBB00004F074FCA9E72B689C42A6D01E68FFF7EE
:10FBC000B3F9011F3000FFF7BBF93B680D49186816
:10FBD000FFF7B4F9396870E7A069002800D167E73A
:10FBE000020065E7F5F712FEC8E7F5F70FFE80E7BC
:10FBF0000009002010090020180900201409002025
:10FC00000C09002011FE000010B5034B1B78DB0728
:10FC100001D5FFF73BFF10BD500A002070B5104D15
:10FC200004002B78DB0714D5FFF7AAFD060001F0CE
:10FC30000BFD73692418F460002B02D03000FFF72D
:10FC40005BFC08493000FFF79FFC2B78DB0703D4EF
:10FC500070BDFFF74BF9FBE7FFF718FFF8E7C04669
:10FC6000500A00200809002010B5FFF74FFE041EBF
:10FC700003D1044B1B78DB0701D4200010BDFFF734
:10FC800005FFFAE7500A002070B51B4D286843694C
:10FC9000002B02D0FFF730FC2868184C2100FFF73A
:10FCA00073FC2468002C0AD0A3690022002B04D026
:10FCB0001C00A3690132002BFAD1032A10DC0022B8
:10FCC0002B681A611C68FFF72FF901002000FFF76D
:10FCD00039F90B4B1B78DB0701D5FFF7D7FE70BD59
:10FCE000E26920689361F5F791FD6068F5F78EFD94
:10FCF0002000F5F78BFDE2E7000900201409002041
:10FD0000500A002010B5034B1B78DB0701D5FFF725
:10FD1000BBFF10BD500A002010B50C008047A04763
:10FD2000034B1B78DB0701D5FFF7AEFF10BDC046C4
:10FD3000500A002010B5034B1B78DB0701D5FFF7F5
:10FD4000A3FF10BD500A0020F8B54746CE46040078
:10FD500080B5884600283CD001251F4F3B781D42C6
:10FD600030D01E4E33681A69520702D11A6A002A2F
:10FD70000BD02000012342461949FFF717FE00244B
:10FD800020000CBC90469946F8BD186804F0E9FBC9
:10FD90000221326813691940894615D12B4313613A
:10FDA0004046A0474A46336800241A621A69110087
:10FDB000A94319615307E3D53B781D42E0D0FFF713
:10FDC00063FFDDE7074CDBE703218B43136100246E
:10FDD000D6E7054CD4E7C046500A002000090020B1
:10FDE00035FD000016FCFFFF17FCFFFF70B5140087
:10FDF000030010000D0098472000A847034B1B7814
:10FE0000DB0701D5FFF740FF70BDC046500A002058
:10FE100070B50124044DFFF715FE2B781C42FAD073
:10FE2000FFF734FEF7E7C046500A0020F8B5060099
:10FE30000C000B4D2F78FFF747F80A4BFF00FE50E0
:10FE4000DB195C608023A41B1B06A4081C433460E0
:10FE50002B7801332B70FFF729F80020F8BDC0463E
:10FE6000520A002020090020064B1A780023824203
:10FE700005D9054AC00013185B6880581B1A180082
:10FE80007047C046520A002020090020F0B5C6463F
:10FE9000830800B50F00984683073DD100284BD05A
:10FEA000434680265D1CFFF70FF83C687F683606E6
:10FEB000A74206D92268002A07DB9200A418A742AD
:10FEC000F8D8FEF7F3FF002023E05200520890001C
:10FED00021180B68002B0BDB0CE05B005B08D218D1
:10FEE000330090001343236021180B68002B01DAC4
:10FEF0008F42F2D8954201D92418D9E746460236F6
:10FF000096420DD323685B005B082360FEF7CEFFAB
:10FF1000201D04BC9046F0BD01239C46E044BFE791
:10FF2000B600A619B742EDD98023521B1B06043E2A
:10FF30001A4332602560E9E70020EAE770B5041E45
:10FF400015D00E4D2B78002B07D020000C49FFF761
:10FF50009DFF041E0DD0200070BD0A4A0A4913708F
:10FF60000A4B1868FFF762FF01232B70EDE70024AE
:10FF7000F1E71420FDF744FAEDE7C046510A0020EE
:10FF800020090020520A002000780020C80000202C
:10FF900010B500280ED00C4B1A6882420BD25B6859
:10FFA000834208D9041F2268002A08DD80231B062B
:10FFB0001343236010BD1E20FDF722FAFAE71E202E
:10FFC000FDF71EFA2268F1E720090020414370B5D1
:10FFD00008000C00F5F7E4FD051E05D00123220002
:10FFE00003600021FCF7DEFB280070BD70B5040043
:10FFF00008000E00F5F7D4FD0500002C0DD00028F8
:020000040001F9
:100000000BD0231F1A689200B24208DC210028009E
:10001000FBF79CF92000F5F7F9FB280070BD3200D2
:10002000F4E7C046F0B5C646884600B504001E0099
:10003000103006AB1D88170003F0A8FF434623804D
:1000400000236780A660A5802000E36063622362CE
:1000500004BC9046F0BDC04610B5838804009B07E1
:1000600002D5806814F0BCF9200010BD82B030B514
:1000700087B00B93036A04000A92002B26D01C69F8
:10008000002C0DD0012200E01C0023690132002B5E
:10009000FAD1092A05DD07B030BC08BC02B0184708
:1000A0001C0010220AA902A8FBF750F9182014F02E
:1000B000A6F90500082204A96846FBF747F9029A49
:1000C000039B280003F088FF2561E4E710220AA9BA
:1000D00002A8FBF73BF9182014F091F9050008225B
:1000E00004A96846FBF732F9029A039B280003F043
:1000F00073FF2562CFE7C04600207047044B10B560
:10010000036000230400C380FFF7AAF8200010BD9D
:1001100010540200064B10B5036000230400C38096
:10012000FFF79EF8200014F05BF9200010BDC046D8
:100130001054020070B500250400084B45600360B0
:10014000FFF71AF8064BE2880833236080235B012F
:10015000134325812000E38070BDC0461054020087
:10016000105802000300002200891A817047C0461F
:1001700000897047807A70470048704716FCFFFF7F
:10018000044B10B5036000230400C380FFF768F838
:10019000200010BD10540200064B10B50360002370
:1001A0000400C380FFF75CF8200014F019F9200068
:1001B00010BDC04610540200036870B581729A6A7F
:1001C0000B4904008A4208D15B6A0A4A0A4D9342ED
:1001D0000AD1A07AA072280070BD90472368054A12
:1001E0005B6A05009342F4D020009847F2E7C046CE
:1001F000790101007501010016FCFFFF036870B56D
:100200009A6A01810B4904008A4208D1DB690A4AD3
:100210000A4D93420AD120892081280070BD904761
:100220002368054ADB6905009342F4D02000984713
:10023000F2E7C046790101007101010016FCFFFFE1
:10024000F8B500250400144B456003600F0016004C
:10025000FEF792FF114B02210833236014232A2258
:10026000A581E58125826582A582E582A680E5805B
:10027000A172656225852381A35CA7618B43F1315F
:100280000B40A354064B0022E36223633423E5862C
:100290002000E254F8BDC046105402003458020059
:1002A00001000100F8B5CE46474680B50C23C25E7A
:1002B000734B04009A426EDABB33FF33C15C283BB8
:1002C0000B4000D1BCE02A2059424B410225215C61
:1002D0005B00A9430B43235429380E23E15E684B8E
:1002E000994269DABB33FF33E55C263B2B4009D0EA
:1002F0002A25584243410426605D9B00B0430343D6
:10030000012063551023E55E5D4B9D4263DABB33EC
:10031000FF33E65C223B334067D02A2658424341F4
:100320000827A05DDB00B8430343A3553423E35CF7
:10033000032B09D834200133DBB22354012B00D125
:1003400096E0042B00D186E02A26B146293EB44629
:100350004E466746E08E013080B2E086A65D3740AB
:1003600000D171E01D2846D963469E434B46E654B2
:1003700000230020E3863433E05423684148DB6ADD
:1003800083423DD0200098470C23E25E0E23E15EBD
:100390001023E55E34E0C8235B009A4250DD673BE2
:1003A000FF3BC15C283B0B400020002B8BD00E2371
:1003B000E15E334B994295DBC8235B009942A1DD96
:1003C000673BFF3BE55C263B2B4091D01023E55E6D
:1003D0002B4B9D429BDBC8235B009D4205DD673BA9
:1003E000FF3BE65C223B334097D03423E35C00289C
:1003F0009ED1002BA8D123682248DB6A8342C1D159
:1004000008001300484353431B18280068431B1877
:100410001D48834216D91D4B9A4225DBC824A400EF
:10042000A24223DC994225DB0120A14204DC9D424B
:1004300024DB0020A5421FDC0CBC90469946F8BD89
:1004400000204AE70720F7E70928D4D93420013BE8
:10045000E7862354CFE72A220121A35C0B200B431C
:10046000A3540023E386E7E70320E5E70420E3E75E
:10047000E386C0E70220DFE70630DDE70520DBE7A3
:1004800070FEFFFF79010100FF700200E0FCFFFF3A
:1004900030B503684A4ADB6A85B00400934260D1F4
:1004A0000C22A35E0E21625E1021655E5B43524307
:1004B0006D439B185D198023DB039D4217D9A38DE3
:1004C000002B50D090231B049D4223D801232522CA
:1004D0002000A354FFF7E6FE0B2814D0238D83429F
:1004E00032D0242300222085E25405B030BD2523DC
:1004F000E35C042B60D900232000E3622363FFF751
:10050000D1FE0B28EAD101230B220D21684603F00E
:100510001BFDEAE7E38D002B45D090239B049D4211
:10052000D4D9238E002B35D08023DB049D42CDD936
:10053000638E002BCAD101330A220D21684603F0D5
:1005400003FD01236386C1E72422A35CE18C042B15
:1005500016D80133DBB2A3548842C6D0052B11D084
:10056000C3E798479CE701330C220D21684603F04E
:10057000EBFC0123A38590231B049D42A6D9C9E768
:100580008842B2D0E084020001230D21684603F0C6
:10059000DBFCAAE7013309220D21684603F0D4FCF5
:1005A00001232386C0E7013308220D21684603F0AA
:1005B000CBFC0123E385B0E70133DBB287E7C0461C
:1005C0007901010010B5040088B00291039202A9DC
:1005D00006221230FAF7BAFE039B029AA169684616
:1005E00003F08AFC2000694606220C30FAF7AEFEC2
:1005F0000222E38820009343E380FFF749FFA188AC
:100600000123012204A803F09FFC002008B010BDC4
:100610000368054ADB6A10B50400934202D10C233B
:10062000E05E10BD9847FAE7790101000368054ACA
:10063000DB6A10B50400934202D10E23E05E10BDC8
:100640009847FAE7790101000368054ADB6A10B5AB
:100650000400934202D11023E05E10BD9847FAE7F0
:1006600079010100F0B5DE4657464E464546030087
:100670008046E0B583B00C20185E0CF03DFB43468D
:1006800001900E20185E89460CF036FB43460400AC
:100690001020185E0D000CF02FFB02000B0006006E
:1006A0000F00200029000DF0F1FD0CF0E3FB4346A4
:1006B000186282460DF094FC834650460DF052FCC1
:1006C00080231B069C4682465846E1440CF080FB82
:1006D00022002B000BF004FD040050460D000CF02E
:1006E00077FB32003B000BF0FBFC02000B0020000C
:1006F00029000AF0CFFD02000B00019849460BF0DB
:10070000E5F80CF0E1FD0CF0B5FB43460222D861A0
:10071000DB8813434246D38003B03CBC90469946E5
:10072000A246AB46F0BDC0460368084ADB6A10B576
:100730000400934207D1E3889B0702D42000FFF70F
:1007400091FFE06910BD9847F5E7C04679010100C7
:1007500010B5FFF7E9FF06490AF0E6F90CF038FB9F
:10076000044A054B0BF0B2F80CF090FA10BDC046ED
:100770000000B443EA2E4454FB2119400368084AA0
:10078000DB6A10B50400934207D1E3889B0702D4CB
:100790002000FFF767FF206A10BD9847F5E7C046C5
:1007A0007901010010B5FFF7E9FF06490AF0BCF92D
:1007B0000CF00EFB044A054B0BF088F80CF066FABF
:1007C00010BDC0460000B443EA2E4454FB2119403A
:1007D00082B010B50393036802929B69984710BCDE
:1007E00008BC02B01847C04682B030B5040085B0DE
:1007F000089202A808220993FAF7A8FD039B5A1051
:10080000A418DB0710D52368029A9D580AA908226C
:100810006846FAF79BFD089A099B2000A84705B097
:1008200030BC08BC02B01847029DEFE7F0B5CE46D9
:1008300047461E00324B80B50360002304000F00C2
:10084000436083B01500FEF797FC2E4BA78008335A
:1008500023602D4B9D4200DD1D002C4B65811B68E4
:100860009946002B34D0282013F0C9FD0500103024
:1008700003F08CFB03232F806B80182013F0BFFD47
:10088000234B0700009300239846046008220021B0
:100890000C300193FBF786FF0822381D6946FAF7F2
:1008A00055FD1C4B1C4A7B614346EB60C233AB8059
:1008B00043462B626B624B461B68AF605B6893429A
:1008C00017D12800FFF7C8FB280013F089FDA7887F
:1008D000002E01D1FA2676003000268103233A004B
:1008E000002100F0E9FE200003B00CBC90469946C0
:1008F000F0BD2900484698470028E8D0E1E7C04607
:100900001054020070580200FF030000300900205C
:10091000D1070100E9070100EDF00000008A7047EF
:10092000122210B5C18884B004000A40102A16D0E3
:100930000C230B40082B01D004B010BD228AE389A0
:100940009A42F9D801230122A188684603F0FCFAF3
:100950000222E388934304221343E380ECE7028AF4
:1009600083899A42E4D3818801230222684603F0F6
:10097000EBFA04220221E38893431943E180D7E78D
:1009800010B504000368DB699847E388DA070CD5E3
:100990006289084B218A9B1A4B4350431818800ADE
:1009A00020822000FFF7BCFF10BD012213432082EC
:1009B000E380F6E7FF030000034B994200DD1900D6
:1009C000418100207047C046FF03000010B50300BE
:1009D000002909DD89B2080019819A8800210323C2
:1009E00000F06AFE002010BDFA2149000800F3E77C
:1009F00010B5C388DA0602D582898A4211D0022254
:100A00001C0094432200102422438181C2801B07D2
:100A100007D5C3890139994200DD190089B200F078
:100A200003F8002010BDC04610B5C3881A0702D5D0
:100A3000C2898A4211D004221C0094432200082457
:100A40002243C181C280DB0607D5838901319942E7
:100A500000DA190089B2FFF7CBFF002010BDC046B5
:100A6000044B10B5036000230400C380FEF7F8FBBD
:100A7000200010BD1054020030B51025C38885B089
:100A800004001D4208D0818801230422684603F037
:100A90005BFAE388AB43E38005B030BDF0B5C646F2
:100AA00000B5C38884B005000E005B0732D503692A
:100AB0000227DF5F002F16DD1023984600248044B4
:100AC00002E00134A7420EDD21B2404603F062FB92
:100AD000B042F6D1A988012301226846013403F00F
:100AE00033FAA742F0DCE88B297F013009F046FA9F
:100AF0002B8C89B28B4211D0EB8BAA69D6546B69CF
:100B0000E983002B02DBEA8B93420ED01022EB88A4
:100B10001343EB8004B004BC9046F0BDA9880123C8
:100B20000322684603F010FAF4E701235B426B618D
:100B3000A98802330222684603F006FAE6E7C046B7
:100B400030B5C38885B004001B0701D405B030BDA3
:100B5000838D426AD15C03689B6A98472823A08DE5
:100B6000E15C013009F00AFA638D8DB2AB4201D02D
:100B7000A585EBE7012302220549684603F0E4F965
:100B800023680121DB6920009847A585DEE7C04680
:100B9000FF030000F8B5DE464E46454657460400C2
:100BA000E0B5894690469B46002A33DD2823478DD1
:100BB000E15C781C09F0E2F92822A38D8EB20025B1
:100BC00092469E420BD112E05346701CE15C09F044
:100BD000D5F9A38D89B237008B4208D00E004B4661
:100BE000626A5B5D0135D3556685A845ECD15B46ED
:100BF000012B03D002210848FEF788FE236801215B
:100C00009B692000984728003CBC90469946A24624
:100C1000AB46F8BD0025EAE7FF03000070B5C588C4
:100C200004006B0707D503680021DB699847A069BA
:100C3000F4F7ECFDE58804229543E580207FF4F786
:100C4000AFFFA06100280CD00023E383238404239A
:100C50002B43E380236800219B69200098470020F4
:100C600070BD0148FCE7C04613FCFFFF70B5C588A6
:100C700004002B0707D503680121DB699847606AE8
:100C8000F4F7C4FDE588082228239543E580E05C5D
:100C9000F4F786FF6062002807D000236385A385F0
:100CA000082300202B43E38070BD0148FCE7C046C9
:100CB00013FCFFFF10B5012906D0022900D010BD9A
:100CC0000020FEF7ABFFFAE7428D282405E0035D24
:100CD000818D9B185B1A002BF1DD838D9342F6D832
:100CE000838DD31AF7E7C046F0B5D6464F46464641
:100CF000002504008A46C0B51F0008AB1E7809AB6A
:100D00001B8845609846154B91460360FEF734FA00
:100D1000134B2000083323605346A3604B4610302A
:100D2000E36003F021FA4346A3802823013701360C
:100D30002777E654293B63618023E288DB01134374
:100D4000E583A561656225846585A5852000E3802E
:100D50001CBC90469946A246F0BDC0461054020005
:100D600098580200F0B5C64600B51D00C3880600BD
:100D7000884617009A0729D4002F25DD002923D0A3
:100D800002221A43C2801B0719D5002401E0A742A2
:100D90000DDD43463A1B191930002B00FFF7FAFE10
:100DA000290024183000FFF785FF002DEFD1022223
:100DB000F3889343F380200004BC9046F0BDFFF716
:100DC00055FF041EE1D0F6E7014CF4E7014CF2E7D1
:100DD00017FCFFFF0DFCFFFF70B50B000400008C3B
:100DE00000290BD1E38B834222D0217FA3691D5CB4
:100DF000013009F0C3F82800218470BD217F012B48
:100E000006D1E38B8342F1D1E38B8342F9D0EDE746
:100E1000022BEBD1E38B8342E8D1E08B013009F068
:100E2000ADF8A08861610221FEF71EFF208CDCE78F
:100E30000048E2E70CFCFFFFF0B5C64600B5984657
:100E4000C38806000D001700DA0700D566E001220E
:100E50001A43C2805B072AD54346002B10D10024D9
:100E6000002F1CDD2E4B984603E028550134A74285
:100E700015D000213000FFF7AFFF4045F5D10EE05F
:100E8000012B19D1002F44DD2C00ED190121300078
:100E9000FFF7A2FF20700134A542F7D13C000122E8
:100EA000F3889343F380200004BC9046F0BDFFF725
:100EB000B5FE041ED0D0F6E7022B2AD1308CF38B7E
:100EC000984223D9F28B337F9B181B1A9F4210DD67
:100ED000F38B317F98421ED9F38B5B18181AF38B72
:100EE000DB19181A09F04AF8B08871610221FEF77F
:100EF000BBFE002F0DDD2C00ED1902213000FFF7A5
:100F00006BFF20700134AC42F7D1C7E7F38B1B1A9B
:100F1000DCE70024C3E7F38B181AE0E7014CC2E7D3
:100F20000CFCFFFF0DFCFFFF70B505000C1E06DB7F
:100F300003681B6A9847002800D12C6370BD0148E4
:100F4000FCE7C04617FCFFFF70B5C38804000D0026
:100F500016009A0749D103221343C380828D438D23
:100F60009A4239D8828D9B1A2268D269002B04DDFF
:100F70000121200090472368DA6900212000904772
:100F8000236832005B6A290020009847236800210B
:100F90009B6920009847A28D638D9A4222D928220E
:100FA000A25CA18DD3185B1A002B04DD23680121FC
:100FB0009B6920009847256B002D07DB23682900DB
:100FC0001B6A20009847002800D1256303220020D7
:100FD000E3889343E38070BD2822825C818DD3181F
:100FE0005B1AC1E7A28D9B1ADEE70148F3E7C04612
:100FF0000DFCFFFF70B505001400012A0CD0103065
:1010000003F0B8F80026022C01D0300070BDA8888B
:101010000121FEF729FEF8E7004EF6E717FCFFFF77
:10102000F0B557464E464546DE46E0B589B000AFBE
:10103000F860BB60CB8888461600DA0700D5D5E09B
:101040005A0700D4D9E00122134342467B61D38082
:101050004346128C3A61DB8B9A4234D04346934626
:101060009B699A46336802255D5F53465A469B5CEE
:1010700099465B4601337B61002D00DC99E001233A
:101080005B4200249A4621B2300003F083F84845C1
:1010900000D1DA463368013402255D5FA542F2DCF7
:1010A00043467869197F08F069FF4346DC8B8B461D
:1010B000A4B28C4200D1A8E05346013326D1434666
:1010C0009B699A46D1E7BB68012B00D1E2E0022B75
:1010D00000D084E01C243100381903F03DF80222CE
:1010E00039194046FFF786FF381902F0D9FF434609
:1010F000DB8B3819013B9A4603F036F84046391924
:10110000103003F037F8381902F0CAFF4346DB8885
:101110007B615346002B62DB6B46BB604346524605
:101120001D7F3B69D21A93469A4562DB5B4669464E
:101130005A1C0833DB08DB00CB1A9D4600216846A9
:101140007B60FBF72FFB43469B69994653469CB255
:101150003B69A3420DD06E464B463A6929009B5C21
:10116000501C337008F00AFF8BB23B6101369C4281
:10117000F2D14346188C29000130584408F0FEFE95
:101180004346198401237A6979689A4313004246D9
:10119000D3805B46F8681AB202F0C2FFBB689D4676
:1011A000BD46F86809B03CBC90469946A246AB469D
:1011B000F0BD43467869197F08F0E0FE4346DC8BBA
:1011C0008B46A4B28C4200D04FE7BB68012B26D0DF
:1011D000BB68022B00D17DE74346DB887B6101239E
:1011E0007A69F8689A4313004246D38002F0BCFF44
:1011F000D6E7EA1A5244934698E70800FFF70EFD37
:1012000000283BD14346DB881DE7BB68012B2CD16E
:101210005346013300D079E743469B699A464346DB
:10122000DB8BA342FBD053461B5D9B46631C7B615B
:10123000002D28DD00239946013B9A464B4630009D
:1012400019B202F0A7FF584500D1A24601239C46DF
:101250003368E14402255D5F4D45EFDC4346786924
:10126000197F08F08BFE0C00D2E7BB68022B00D080
:101270004CE75346013300D048E72BE70100F868FC
:1012800002F02EFF8CE743467869197F08F076FE5E
:101290000C00C4E743469B693C699A4633680225C3
:1012A0005D5FBCE770B50125C38804001D420AD10B
:1012B000012201311343C3800177FFF7AFFCE388BC
:1012C000AB43E38070BD0148FCE7C0460DFCFFFF67
:1012D00070B50225C38804001D420BD102221343BE
:1012E000C38028230131C154FFF7C0FCE388AB431E
:1012F000E38070BD0048FCE70DFCFFFF007F7047F6
:1013000010B50400074B08330360103002F0C8FE2C
:10131000054B200023600023E380FDF7A1FF2000A0
:1013200010BDC0469858020010540200C160002051
:101330007047C04610B580680368DB6A9847002094
:1013400010BDC04610B5806803685B6A98470020EE
:1013500010BDC046F0B5C6460700984600B514005B
:10136000FDF7B2FDBD687F7B2B6828009E6B5B6C30
:10137000984743462200002B02D10A2C00D20A22B1
:10138000821839002800B047FDF790FD04BC904654
:10139000F0BDC046F8B50600FDF796FDB0680368DD
:1013A0005B6C9847B469F569B38880B2C31A9BB285
:1013B000B0800021180000196941F288B061F16124
:1013C0009B180B4A9BB2F38093420ED93069716926
:1013D00001240025074F00196941BC4663449BB2B4
:1013E0009342F7D830617161F380FDF75FFDF8BD7E
:1013F000E703000018FCFFFFF0B54F46D64646460F
:10140000C0B582B01D000AAB1B88070098460BAB25
:101410001B88C06A99460CAB1B7814009A460028BA
:1014200011DD7E6A3388002B14D03300002218337C
:1014300006E01E001833190018390988002909D060
:1014400001328242F5D11E4802B01CBC904699463A
:10145000A246F0BD3800FFF79DFFBA69FB6912197B
:101460006B4100920193534620002900002B1CD0B1
:10147000009A019B32617361434633804B46B060F2
:101480007380F160FDF720FDBB6A002B03D0596922
:10149000726991420CD9BE6222002B003800FFF71E
:1014A00059FFFDF703FD0020CEE700200021DFE714
:1014B0009142F6D11B6932699342F2D9EBE7C046FB
:1014C00013FCFFFFF8B50023C56A8362436A002D51
:1014D00020DD002400221988002906D0002C1ED00F
:1014E000666959698E421AD815D001321833AA425A
:1014F000F1D1002C0ED0226963698669C7690A247C
:101500000025A4197D419D4212D80FD0921BBB41EA
:10151000FFF720FFF8BD21691E69B142E5D901320C
:1015200083621C001833AA42D5D1E2E79442EDD978
:101530000A220023FFF70EFFECE7C046F0B54E4647
:10154000DE4657464546E0B506008BB000290BD075
:101550008468077B236820009D6B5B6C98472E4B4B
:101560003900C2182000A8473000FFF713FFF16AC6
:10157000B0460E0043465C6A002E38DD002300258D
:101580009A46474631002688002E27D0BB699846E8
:10159000FB699C46226963690492059363451DD8E3
:1015A00001D142451AD8A068E168638899460300D2
:1015B0000B439B4625D12380BB6AA34228D001233D
:1015C0000293434600936346310001934A4606A8BE
:1015D00002F0CAFC01239C46F96AE2440135183442
:1015E000A942D0DC5346B8460E00002BC2D140467B
:1015F000FFF768FF0BB03CBC90469946A246AB464D
:10160000F0BD049A059B12184B4122616361D6E735
:101610005B46BB62D3E7C04680969800094B10B585
:101620001B68002B07D01A7B1041C20704D400218D
:101630001800FFF783FF10BD01211800FFF77EFFA0
:10164000F9E7C0462C090020064B10B51C680020A5
:101650000021002C04D02000FFF79CFE2069616966
:1016600010BDC0462C090020064B10B51C68002098
:101670000021002C04D02000FFF78CFEA069E16956
:1016800010BDC0462C09002030B50D0008490400EB
:10169000086885B0002809D00121019300920291C9
:1016A00022002B00FFF7A8FE05B030BD0148FBE784
:1016B0002C09002016FCFFFF70B51E000B4B84B0F8
:1016C0001C681500002C0FD0FA220023920008F0AD
:1016D00017FD0B00012102000291019600952000E8
:1016E000FFF78AFE04B070BD0148FBE72C0900201B
:1016F00016FCFFFF70B50D4D2C68002C14D0200097
:10170000FFF748FE0A4B0B48A66998472C68200053
:10171000FFF740FEA16907480539891B08F0BEFAAA
:10172000054B1860002070BD0448FCE72C09002020
:10173000CD000020102700002809002016FCFFFF24
:1017400070B5040016001C4A0D0008320260A1604A
:1017500043730A23194AC362106006730121F02003
:10176000FEF734FC00230022A362002322616361A0
:10177000A261E3612B6812499A6960628A4215D1BD
:10178000104AEA603100104A28009B6B9847A06815
:1017900003681B6A98470023A068E38003685B6CBA
:1017A0009847A080FFF7A6FF200070BD28000549DC
:1017B0009047A5682B68E5E7D45802002C09002063
:1017C0002D1301001D16010080969800F8B5134DE9
:1017D00007002C68002C1ED0114B1868002815D16A
:1017E0002000FFF7D7FD3A00A669E7690023B61885
:1017F0005F412C682000FFF7CDFDE369BB42F8D3C1
:1018000002D1A369B342F4D30020F8BD7843054B5D
:1018100098470020F9E70448F7E7C0462C09002064
:1018200028090020CD00002016FCFFFF004870476B
:101830000BFCFFFF10B50400034B08330360FFF7F8
:101840000FF9200010BDC046E458020010B5040096
:10185000044B08330360FFF703F9200012F0C0FDCA
:10186000200010BDE45802004069054A036810B525
:101870005B69934201D1034810BD9847FCE7C0461D
:101880002D1801000BFCFFFF70B5FA230D001100AD
:10189000D922040092005B00FEF7C8FF044B65618B
:1018A000083320002360FFF76BF8200070BDC046AE
:1018B000E4580200004870470BFCFFFF00487047E7
:1018C0000BFCFFFFC38801201840704710B50400CF
:1018D000034B08330360FEF711FC200010BDC04627
:1018E0000C59020010B50400044B08330360FEF7E6
:1018F00005FC200012F074FD200010BD0C59020000
:1019000010B5C38888B00400DB0401D408B010BD52
:101910000368DB699847237CE288002822D00B2BE0
:1019200004D80133DBB22374082B22D9D30731D575
:1019300003231340012BE9D1FFF786FE0023E26861
:10194000801A9941002902D1284B9842DED90222FF
:10195000E388A1881343E3800522012304A802F051
:10196000F3FAD3E7002B06D0013BDBB22374082B3C
:10197000DCD8012BDCD801231342D9D09A43E28072
:10198000A1880222684602F0DFFA637C012B13D0A3
:10199000E288CDE701231343E3800122A1880123DC
:1019A00004A802F0D1FA238901332381FFF74CFE0A
:1019B000237CE060E288DCE7FFF746FE0023E26874
:1019C000801A9941002902D1094B984206D9A18871
:1019D0000123042204A802F0B7FAD9E7A188012361
:1019E000032204A802F0B0FAD2E7C046DB050000EB
:1019F000E703000010B504004069064A03685B680D
:101A0000934205D10448A37C181A4342584110BDA3
:101A10009847F8E7B51801000BFCFFFFF8B5CE4674
:101A200047460400914680B5984608AB1F7809AB3D
:101A30000D001E78FEF77EFB0F4B104A0833236023
:101A40004B46A3804346637400232374E3602B68F2
:101A500065611B6CA774934209D18023E2889B01C6
:101A600013432000E3800CBC90469946F8BD31003A
:101A700028009847F1E7C0460C590200BD18010044
:101A800041747047004870470BFCFFFF044B10B5D2
:101A9000036000230400C380FDF7E2FB200010BDBB
:101AA00010540200064B10B5036000230400C380ED
:101AB000FDF7D6FB200012F093FC200010BDC046BD
:101AC0001054020070B50400C068002812D00368EA
:101AD0000E4D1B68AB4216D1206903681B68AB42F0
:101AE0000ED10A20FEF79AF82000094901F0A2FF62
:101AF000002070BD2069054D03681B68AB42F0D023
:101B000001219847EDE701219847E5E7851A010093
:101B10003459020010B5040001F0FEFB034B012212
:101B2000083323602D232000E25410BDA859020081
:101B30000020704700207047004870470BFCFFFFF3
:101B4000004870470BFCFFFFF0B5056885B0082220
:101B5000040029006846F9F7F9FB194B009A9A42EC
:101B60001CD02700009300230822694602A80837EA
:101B70000193F9F7EBFB082202A93800F9F7E6FB1D
:101B80006068104903685A698A420ED19E690E4BFB
:101B900000249E4204D1200005B0F0BD019CFAE76C
:101BA00040233A002900B047F5E7290090476068D4
:101BB0002568036800249E69034B9E42EBD0EFE743
:101BC000DAC00000391B0100411B010070B5802202
:101BD00004000D006160520000210830FAF7E2FDB8
:101BE0002B680E491A6800268A4209D19B680C4A64
:101BF00093420DD126602000FFF7A6FF200070BDA4
:101C0000280090472B68064A9B6806009342F1D053
:101C1000280098470001361AECE7C046311B010046
:101C2000351B0100F0B5C64600B504008846FFF735
:101C30008BFF071E22D03020246812F0E0FB3022F8
:101C4000002108340600FAF7ADFD002F12DD002553
:101C500003E001353034AF4212D021003022300091
:101C6000F9F774FB3100404612F039FC0028F0D13E
:101C7000AF4205D0300004BC9046F0BD0026F9E725
:101C8000300012F0ADFB0026F4E7C04610B509683D
:101C90000431FFF7C7FF10BDF0B54E464546DE469E
:101CA0005746E0B50600C3B008000D0091469846BF
:101CB00012F01FFC441C102C00D9B9E04346202B25
:101CC00000D9B5E029003000FFF7ACFF071E0CD0AB
:101CD00042464946103012F0B2FB824603003800FB
:101CE000002B00D193E012F07BFB2200290006A814
:101CF000F9F72CFB424649460AA8F9F727FB3000C2
:101D00003768FFF721FF30228046002112A8FAF73A
:101D100049FD082399468022B144520000214846DB
:101D20003C00FAF73FFD43460834002B00DC7DE021
:101D30005B00019343441B010833FF180023350067
:101D40009A463E4B10359B460DE0302212A92AA838
:101D5000F9F7FCFA3034280030222AA9F9F7F6FA0C
:101D60003035BC4223D02100302212A8F9F7EEFA18
:101D700006A912A812F0B3FB0028E6D15B46029335
:101D80004346082202A948460393F9F7DFFA3022B6
:101D900006A91EA8F9F7DAFA280030221EA9F9F7D9
:101DA000D5FA012330349A463035BC42DBD1019B51
:101DB000434498005346841C002B17D14346052BFF
:101DC00039D01E4B08220493434604A901334846E8
:101DD0000593F9F7BBFA302206A936A8F9F7B6FA47
:101DE000A0004844302236A9F9F7B0FA7068144CC4
:101DF000036831685A69A24213D100229C69114BD1
:101E000092469C4205D040234A46A04701E012F08A
:101E1000E7FA504643B03CBC90469946A246AB46D2
:101E2000F0BD9047706831680368E6E70224C8E7B0
:101E3000054B9A46EDE7054B9A46EAE7DAC0000003
:101E4000391B0100411B010017FCFFFF13FCFFFFC2
:101E500010B509680431FFF71FFF10BDF0B55746F4
:101E6000DE464E464546E0B5A1B081468A46FFF7BC
:101E70006BFE071E00D17FE04B463022002108A8F0
:101E80001C68FAF78FFC082348464B449846F82212
:101E900000211030FAF786FC384B082202A9404690
:101EA00008349B4602930397F9F750FA002F59DD47
:101EB000002300937B1E0025022601930FE03022B1
:101EC00008A914A8F9F742FAB0004044302214A936
:101ED0000135F9F73BFA0C363034AF4219D0210006
:101EE000302208A8F9F732FA514608A812F0F7FA9A
:101EF0000028E4D15B460493019B082204A94046D4
:101F00000593F9F723FA0123013500933034AF42EA
:101F1000E5D1009B002B25D04B4658681968036813
:101F2000174C5A69A2420CD19D69164B00249D4260
:101F300011D1200021B03CBC90469946A246AB4648
:101F4000F0BD90474B4658681968036800249D69A6
:101F50000C4B9D42EDD07B00DB199B0002334246C7
:101F6000A847E6E7054B082206A9404606930797CF
:101F7000054CF9F7EBF9DCE7034CDAE7DAC00000CF
:101F8000391B0100411B01000CFCFFFF10B5096863
:101F90000431FFF763FF10BD10B504004068064A26
:101FA00003685B69934204D12000FFF7CDFD002058
:101FB00010BD21689847F7E7391B0100422310B58F
:101FC000C15203689B6A984710BDC0464223C05A5D
:101FD0007047C046442310B5C15403689B6A9847B4
:101FE00010BDC0464423C05C7047C046F0B5C6462D
:101FF000422300B5C25A2B4E5101891A8900891813
:102000000400C9003000984602F03CF9FA2189002A
:1020100007F044FE43464425234FE052615D3800FB
:1020200002F030F943466055E25A30005101891AF6
:1020300089008918C90002F00BF907220300402625
:10204000A06B13430268DBB29269A15B9046202229
:10205000C047002824D1A06BA15B036822229B69A2
:1020600098461023C04700281AD1615D380002F05D
:10207000EFF80300A06B1B010268DBB29569A15B5E
:102080002322A84700280BD1A06BA15B0368242260
:102090009C690823A047002802D104BC9046F0BDEB
:1020A0000248FAE7D0590200C85902000EFCFFFFAF
:1020B00010B50400034B08330360FEF761F82000FD
:1020C00010BDC046305A020010B50400044B08335E
:1020D0000360FEF755F8200012F082F9200010BDD1
:1020E000305A020070B5002903D103689B6A9847F3
:1020F00070BD4023846BC15A236820229D69200053
:102100000023A847F4E7C046F0B5C6460400884659
:1021100000B5170006AA168807AA158819002A0014
:10212000FEF78EF80E4B4622083323604346A36326
:102130000023E763A3522200463253809380142287
:10214000E3804033A580E6520233E2520233123A72
:10215000E2542000FFF74AFF200004BC9046F0BD87
:10216000305A0200F0B5C646802300B5C288DB01B4
:102170001343C3800400C06B264A036886B05B68C3
:10218000934205D10025280006B004BC9046F0BD5E
:10219000984707000128F5D140230622A06BE15A99
:1021A0009846036804AE009201971D6AA23233007C
:1021B000A847051E2CD10320FCF794FE4346A06BD4
:1021C000E15A0368019700971F6A0F2331226B447D
:1021D000B8470323052701204422F356F75730560A
:1021E0004626A25CC0005043A053011C4820DB00DF
:1021F0005343FF007A4323520230225220681B04CB
:1022000089B212041943120C036B20009847BAE7F5
:10221000014DB8E7B51801000EFCFFFF10B5FFF740
:10222000A1FF002010BDC04610B5FFF79BFF10BDF9
:10223000F8B50189414A4B015B1A9B005B18040009
:10224000DB00934262DC3E4A93425FD83D4A9342B0
:1022500063D83D4A934263D83C4A934263D83C4A90
:10226000934263D83B4A934263D83B4A3B4D9342E7
:1022700062D8A37A042B45D8022B4AD80227384EBD
:10228000FA212868890007F009FD2081206CA772D7
:102290000368218F9F692A220023B84700282FD185
:1022A000206C218F03682B229F691023B8470028D8
:1022B00026D1206C218F03682D229F690123B84706
:1022C00000281DD1206C218F03682E229F690123D5
:1022D000B847002814D1206C73780268218F966962
:1022E0000E22B04700280BD10122206C2B79218FC0
:1022F0001343026894692A22A047002800D1F8BD40
:102300001848FCE7164E08270436B9E7134D383550
:10231000AFE7134E04270236B2E7104D3035A8E779
:102320000E4D2835A5E70D4D2035A2E70B4D18358C
:102330009FE70A4D10359CE708359AE700C409006D
:102340000071020080380100204E000010270000BC
:1023500088130000C4090000E2040000745A02005F
:102360006C5A02000EFCFFFF10B50368DB6A984749
:1023700010BDC04610B50400034B08330360FDF7E1
:10238000FFFE200010BDC046B45A020010B5040084
:10239000044B08330360FDF7F3FE200012F020F831
:1023A000200010BDB45A020070B5002903D10368A3
:1023B0009B6A984770BD046C018F23682A229D692F
:1023C00020000023A847F5E78023F0B5C288DB0191
:1023D00087B004001A4201D11343C380E06B1B4A4B
:1023E00003685B68934203D10025280007B0F0BD65
:1023F00098470028F8D10122206C04AE03680192AE
:10240000053200921D6A218F3300053AA847051E48
:102410001AD10222A37AB2569C46D2005A43042310
:102420006146F35602A8DB004B4321680F6B002185
:1024300071566646C90071438380018042800299CB
:10244000039A2000B847D0E7014DCEE7B518010048
:102450000EFCFFFFF8B504000E00170006AA158851
:1024600007AA19001288FDF7EBFE094BE763083352
:102470002360266425872000FFF7DAFE002804D1B8
:102480008023E2885B011343E3802000F8BDC0464F
:10249000B45A020010B50400034B08330360FDF783
:1024A0006FFE200010BDC046005B020010B50400A6
:1024B000044B08330360FDF763FE200011F090FF2A
:1024C000200010BD005B020070B5002903D1036835
:1024D0009B6A984770BD4023846BC15A23686B2266
:1024E0009D6920004023A847F4E7C046030040222E
:1024F00010B5995A0123806B84B002680193009350
:102500000E33146A6B447522A047002805D16B4630
:10251000D87B4006800E04B010BD0148FBE7C046E2
:10252000FFFF000070B504004025806B615B03680D
:102530006B229E698023B0471420FDF76FFBA06BD0
:10254000615B03686B229E690023B047A06B615BEF
:1025500003681A229E690123B047A06B615B036880
:102560001B229E691823B047A06B615B0368192288
:102570009E692023B047A06B615B036837229E6988
:102580003023B047A06B615B036838229D6901234B
:10259000A8472000FFF7AAFF01000248FCF782FFCE
:1025A000002070BDF05A0200F0B5C646040088460F
:1025B00000B5170006AA158807AA16881900320068
:1025C000FDF73EFE0E4B4422083323604346A363CF
:1025D0000023E763A35222004432538093806D00AE
:1025E000E3804033A680E5522C3B2381123BA3724B
:1025F0002000FFF797FF200004BC9046F0BDC046C6
:10260000005B0200F0B5CE464746802380B5C28805
:10261000DB011343C3800400C06B364A036887B0F4
:102620005B68934206D10026300007B00CBC904690
:102630009946F0BD98470128F5D140230E22A66B9C
:10264000E15A336802AD019000921F6A30002B00FE
:102650002D32B847061E4BD12B786A781B021A43DD
:1026600013B29946AB78EA781B021A4313B22F795A
:1026700098466B792A7A3F021F436B7A1202134302
:102680004422A352AA7AEB7A120213434622A3529F
:102690002A7B6B7B120213434822A352AB79E87961
:1026A0001B02184300B2830018182221400007F0D3
:1026B0007FFB114B3FB29C4642236044E0524B46A5
:1026C000DA170F231A404A441211A2814246D21748
:1026D0001A4042441211E281FA171340DB191B1110
:1026E00023822368E1681B6B2269200098479BE7DF
:1026F000024E99E7B5180100450E00000EFCFFFFE1
:1027000010B5FFF77FFF002010BDC0460368054AE3
:10271000DB6A10B5934202D1FFF774FF10BD9847F2
:10272000FCE7C0460127010082B0024800920193F5
:1027300002B0704716FCFFFF4069002904DC05E089
:102740000139406A002901D00028F9D17047C046FC
:1027500082B030B5040085B0089202A8082209931F
:10276000F8F7F4FD039B5A10A418DB0710D5236873
:10277000029A9D580AA908226846F8F7E7FD089AC8
:10278000099B2000A84705B030BC08BC02B0184720
:10279000029DEFE7F0B5C6460D0000B500293DD01B
:1027A00044690027002C39D01D4B0226984606E0CC
:1027B000A368AA6893420FD0646A002C1AD0AA8832
:1027C000A38853401E42F7D11642F1D0A968A068F1
:1027D00001F08AFD002813D02B88002B14D16B88C0
:1027E000002B17D14246A38801371343A380646AA4
:1027F000002CE4D10020002F10DD04BC9046F0BD79
:10280000AB881E42D8D1D3E722889A42D4D16B88B4
:10281000002BE7D062889A42CED1E3E70148ECE78B
:102820000080FFFF17FCFFFFF0B5070085B00D1E0D
:1028300000D169E044690226002C08D15FE0A3883A
:102840001E4209D0914213D0646A002C19D0AB8883
:1028500021682A681E42F2D19142F5D1A368AA6884
:102860009342F1D1A3881AB2002A43DB274821E022
:10287000A968A06801F038FD0028F3D1646A002C33
:10288000E5D17B692A889C461C1E01D130E00B00F3
:102890001888904210D2596A1C000029F7D163456C
:1028A0001DD0596A69625D6201231949684601F0C9
:1028B0004BFB002005B0F0BD904223D16E885988B3
:1028C000B14204D31EE04C88B442E8D20B00596AEE
:1028D0000029E4D00C888442F5D06345E1D1198801
:1028E0008A4204D3DDD1588869888842D9D96B627D
:1028F0007D61D9E75B045B0CA3800448DAE70A88B2
:102900007D61D1E72300CAE70248D3E716FCFFFF49
:10291000FD03000017FCFFFFF0B5C64600B5838835
:1029200082B004005A0703D59A0635D4DA0642D499
:102930000422134318229046A38002260127A044B4
:102940001AE0E368206900936169A269E369A84716
:10295000A388DA061DD5256A002D1AD02000102282
:1029600029001030F8F7F2FC2B692800236211F0DF
:1029700037FDFDF749F9A388A5681E4210D11F4213
:10298000DFD1E36920696169A269A847A388DA06F3
:10299000E1D404229343A38002B004BC9046F0BD6E
:1029A000082241466846F8F7D1FC2269636928008D
:1029B00001F082FCCCE70100082218316846F8F7E4
:1029C000C5FC226963692000FDF750FBE4E7C046BF
:1029D0001D4BF0B51A008DB0083228330400026098
:1029E000836006A801F0D2FA0F231820029311F099
:1029F00006FD00260700154B0460082200210C305C
:102A000000930196F9F7CEFE08226946381DF8F7C3
:102A10009DFC0F4B02AD7B61122329002000AB808F
:102A2000AF60EE602E626E62FFF7B4FE2800FDF725
:102A300013FB2000074BE681A3600830FCF710FC75
:102A400020000DB0F0BDC046505B0200F12C01002B
:102A5000512701001054020008B4024B9C4608386C
:102A600008BC6047D129010010B50400FFF7B0FF92
:102A7000200011F0B5FC200010BDC04608B4024B88
:102A80009C46083808BC6047692A0100F0B500255B
:102A9000254B83B00360254B04008360C56008307C
:102AA000FCF76AFB224B65611A002833083222606A
:102AB000A360A561E5616584282011F0A0FC0600F3
:102AC000103001F063FA1B4B1820336011F097FCB3
:102AD0000700194B0460082200210C300093019577
:102AE000F9F760FE6946381D0822F8F72FFC134BF2
:102AF00031007B61C2232000B760F560B38035628E
:102B00007562FFF791FE002807D10D4B1A68002A65
:102B100000D11C60200003B0F0BD3000FDF79CFA2E
:102B2000300011F05DFCF0E7445B0200105402003D
:102B3000505B02000F000200F12C01005127010040
:102B40003009002070B50400FCF7BEF9A569002D1E
:102B500006D02B69A361002B06D0638C013B6384F4
:102B6000FCF7A4F9280070BDE361F6E7F8B5CE469E
:102B70004746446980B581460027002C20D00423B5
:102B80009846A38800261AB2656A002A08DB260048
:102B9000002D15D02C00A388656A1AB2002AF6DA37
:102BA00042461A42F3D1002E0FD07562656A2000AA
:102BB000FDF752FA200011F013FC0137002DE9D186
:102BC00038000CBC90469946F8BD4B465D61EEE777
:102BD000F8B54746CE46446980B50D00170001267A
:102BE000002C1FD01F4B984623882A889A4201D078
:102BF000002B14D163886A889A4201D0002B0ED131
:102C0000FCF77CFE0123002806D0A288BF331340C6
:102C1000C03B5A425341DBB2BB4208D00026646A33
:102C2000002CE1D130000CBC90469946F8BDA38839
:102C300099461BB2002BF1DB200010222900103036
:102C4000F8F784FB4B465B0603D4FCF757FE0028DD
:102C500003D12000FFF760FEE1E721004046FDF7C9
:102C600073F8DCE71929010070B5012286B0040071
:102C70000D00C669FFF7ACFF002802D1638C092B59
:102C800001D906B070BD2900102202A8F8F75EFB3A
:102C9000182011F0B4FB0500082204A96846F8F7D3
:102CA00055FB029A039B280001F096F9FCF70CF9FA
:102CB000002E0BD033692B6135612B69002B09D0B5
:102CC000638C01336384FCF7F1F8DAE7A369A5614B
:102CD0002B61F3E7E561F3E782B010B502A9029238
:102CE0000393FFF7C1FF002010BC08BC02B01847D7
:102CF00082B070B5050004920593FFF737FF0BE033
:102D0000010000222800FFF763FF200011F068FB9C
:102D1000FCF790FE002804D02800FFF713FF041EE4
:102D2000EED170BC08BC02B01847C046024B1888F0
:102D3000421C1A807047C046C8020020C388032086
:102D400018400338434258417047C04682B030B5FE
:102D5000040085B0089202A808220993F8F7F6FA51
:102D6000039B5A10A418DB0710D52368029A9D58BC
:102D70000AA908226846F8F7E9FA089A099B200090
:102D8000A84705B030BC08BC02B01847029DEFE769
:102D900010B50400034B08330360FDF7AFF92000C2
:102DA00010BDC046905B020010B50400044B083310
:102DB0000360FDF7A3F9200011F012FB200010BD05
:102DC000905B0200110082B070B588B00C920D9338
:102DD00043898CB20500120C9C420CD0022A2AD0E6
:102DE000052A00D18BE0012A00D17DE008B070BC3B
:102DF00008BC02B0184781890E00022A1CD0052A9F
:102E000034D0012AF2D1C3881343C3808C4200D14D
:102E10006DE0A14200D16EE00223EA881340002B4E
:102E2000E4D00123A988012204A801F08DF82B89A0
:102E300001332B81DAE71E00B3422BD0A989B142BE
:102E400068D09C426AD0AA891100944200D19FE0C8
:102E5000A97B012900D1C4E0944200D1B0E09C429A
:102E6000C4D11022EB889343EB80BFE70422C388D0
:102E70001343C3808C4245D0A14247D00823EA883F
:102E80001340002BB2D0A9880123052204A801F029
:102E90005BF8ABE70122E9880A40002AD1D0012380
:102EA000A9880222684601F04FF86B899C4200D144
:102EB0007EE0AA89A988A24240D00123032204A867
:102EC00001F042F86B89B34203D11021EA880A432A
:102ED000EA80AA89B24200D17EE09C4256D0944258
:102EE00000D083E7EA8856E08689B44203D1022203
:102EF000EB881343EB800123EA8813408FE7868930
:102F0000B44203D10822EB881343EB800423EA8800
:102F10001340B6E70222E9880A40BEE7E8880200CB
:102F2000C1061FD5AA89012301009943E980944273
:102F300028D0230004208143E9808DE70820EA8817
:102F400010400028B9D0B34237D0AB89B342B4D1D6
:102F500008231A40002AB0D00123042204A800F05C
:102F6000F3FFAFE7A97B01293ED104231A40002AD1
:102F700037D001230422210004A800F0E5FF6B896B
:102F8000AA89AAE7032301009943D2E7E888CAE7A0
:102F9000EA8890062DD50221100088430100E880C0
:102FA0009C4224D00A239A4320239A43EA801DE7B7
:102FB0000420EA88A9881040C3E704231A40C9E71F
:102FC000E9880822080090430200E8809C42EBD187
:102FD00018230A009A43E7E72020E9880143E980A3
:102FE0007BE701230322C6E7A9890A0075E72200CF
:102FF000A0E7A87B0128F8D108231A40B7E7C0460C
:1030000081737047F0B557464E464546DE46E0B5FB
:1030100083B01F000EAB1E880C9B814698460D9B0B
:103020000D0093469A46002F44D04346002B3ED0D5
:103030000F2D01D1C02E3DD1282011F0E0F9040060
:10304000103000F0A3FF5B4618202580638011F04C
:10305000D6F9434605000093534607600822002135
:103060000C300193F9F79EFB0822281D6946F8F7FA
:103070006DF9144B02226B610023E36023626362EB
:103080004B461B6816435B680F4AA560A6809342B7
:1030900012D12000FCF7E0FF200011F0A1F90B484D
:1030A00003B03CBC90469946A246AB46F0BD5346A1
:1030B000DB07BDD40648F3E72100484698470028BF
:1030C000EED0E6E74D2D0100EDF0000016FCFFFF0D
:1030D00017FCFFFFF0B5DE4657464E464546040056
:1030E000E0B589B01D000F001600FDF723F81C4B5A
:1030F000A5800833236000239B46A373194B678187
:103100001868A6819A46002821D0174A04AB049279
:1031100091465A460592C032029290466A4622CBA8
:1031200022C2390023000022FFF76CFF4A460692B4
:103130005A46534607924246186802926A4606ABC0
:1031400022CB22C2230000223100FFF75BFF2000C8
:1031500009B03CBC90469946A246AB46F0BDC0467D
:10316000905B020030090020C52D0100F8B5040075
:103170002649406A07F0D8FC2368051CDB6920005B
:10318000984707F0FDFF011C281C07F0F5FA616A5B
:1031900007F0FCFDE16907F0EFFA0BF0EDFDA56A21
:1031A000071CA169281C07F04DF9011CFE208005B1
:1031B00007F0E2FA216A061C381C07F0DDFA011C50
:1031C000301C07F03FF9011CFE20800507F0D4FAFF
:1031D000291C07F0DBFDE588EB070FD566890C4B52
:1031E000258A9B1B5D4306F0FBFF80B24643AD1969
:1031F000AD1225822000FDF793FBF8BD06F0F0FF2D
:1032000001231D432082E580F4E7C04600C07F44CF
:10321000FF03000010B50400034B08330360FEF702
:1032200009FB200010BDC046B45B020010B50400CD
:10323000044B08330360FEF7FDFA200011F0D0F8CC
:10324000200010BDB45B020070B504001D1CFEF729
:103250001BFB074BA56108332360049B2000E3613F
:10326000059B2362069B6362079BA36270BDC046F9
:10327000B45B0200044B10B5036000230400C3805C
:10328000FBF7EEFF200010BD10540200064B10B5F6
:10329000036000230400C380FBF7E2FF200011F06D
:1032A0009FF8200010BDC0461054020082B000B547
:1032B00085B00793832300210692826A9B00D15434
:1032C000684601236522073100F03EFE05B008BCC8
:1032D00002B0184782B030B5040085B0089202A849
:1032E00008220993F8F732F8039B5A10A418DB0759
:1032F00010D52368029A9D580AA908226846F8F753
:1033000025F8089A099B2000A84705B030BC08BCE6
:1033100002B01847029DEFE7F0B5C646002504004D
:1033200088461E000B4B00B5456003601700FBF795
:1033300023FF094BE760083323604346A3602D2336
:103340002661A562E554013BE554200004BC90468B
:10335000F0BDC04610540200145C0200F0B5CE4629
:10336000474680B5040083B00D1E00D170E0822373
:10337000826A9B00D35899423CD882215B1B89000A
:1033800053502D23E35C6E1E002B35D0A36A190029
:1033900008318946002D20D00A00FE270F217F002A
:1033A0008C4600E0A36AD859411CD9510378604685
:1033B0001840A16A8430800041581B111160A06A36
:1033C00084339B001B5853600832013EEAD2A16A45
:1033D000ED0008314D4489466D1AA0682A00036843
:1033E00000945C684946214BA04703B00CBC904652
:1033F0009946F0BD1D00C0E7A06A01000831002D0C
:103400001ED07500AC46B4446346FE270A005D1822
:103410007F0001E0A06A0332C3595E1CC6511B78CD
:1034200084339B001B58180A13701B0C5070937048
:103430009542EFD1664603368E19A16A0831751A96
:10344000A0682A00036800945C68084BA047CCE79A
:103450000748F9F7D5FF2D23E35CA16A002B01D1C2
:103460000831EDE7082399468944B6E7C9360100DB
:103470008D030000F0B54546DE4657464E46822392
:10348000E0B5826A9B00D35883B005008B4203D21B
:103490000321180088430100002900D190E0822018
:1034A0005B1A800013508422AC6A9200A018082294
:1034B0008B082D269846FE239146AE5D5B00E358AF
:1034C000A1444246002E4AD0002A34D019004C466E
:1034D0000F2692008A18370008C91F40BF003F58C6
:1034E00027601F093740BF003F5867601F0A3740F9
:1034F000BF003F58A7601F0B3740BF003F58E76031
:103500001F0C3740BF003F5827611F0D3740BF00D9
:103510003F5867611F0E3740BF003F581B0FA76120
:103520009B001B58E36120348A42D4D113004246E9
:10353000AC6A51018944FE21490063504B46A96A97
:10354000A86808315A1A036800955C68224BA047A6
:1035500003B03CBC90469946A246AB46F0BD002A5B
:10356000E9D09B4693009C464E46FF21DC445A46D8
:103570000F0008CA93461C0A0C401F40A4002458A0
:10358000BF003F582206174337601F0C0F40BF0093
:103590003F58240A3A0414431B0E74609B001B58C6
:1035A0003F0C1B021F43B7600C36DC45DFD142469F
:1035B000500001004144890063468944AC6ABAE77F
:1035C0000648F9F71DFF0822FE239146AC6A5B000E
:1035D000E358A144AFE7C046C93601008D0300009F
:1035E00010B5836A002B04D0832292009B5C002BD1
:1035F00000D110BD65210720FCF736FBF9E7C04676
:10360000F8B507001437040015008F4202D03800C7
:10361000F7F79CFE20691A4E03681B68B34222D15B
:10362000E068002803D003681B68B34221D1A0687A
:103630000122036839001B689847206903681B68EA
:10364000B34213D16A1E002A05DD2100A06815319E
:1036500003681B689847E068002803D003681B686C
:10366000B34209D1F8BD00219847D9E70121984715
:10367000E8E700219847DAE701219847F2E7C046DA
:10368000851A010070B50400002900D12C31217584
:103690002100200001221431FFF7B2FF2069094DFB
:1036A00003681B68AB4207D1E068002803D00368B9
:1036B0001B68AB4203D170BD01219847F4E700219C
:1036C0009847F8E7851A0100F0B5C646812300B592
:1036D000846A9B00E75884B00500002F33D0002295
:1036E000E250FD3BFF3B9846F532A044FF320021FB
:1036F0004046F9F757F841463F203A0040370E0060
:10370000136820369B0C03400B70136801319B0A31
:103710000340337008CA40369B0803403370BA42F6
:10372000EDD12D212800FFF7ADFFA86880220368A6
:1037300041461B689847E868002804D00368374A68
:103740001B6893425BD18026B600A359002B4ED054
:103750002D228223AA5C9B00E158002A12D10C3B47
:10376000E25800293AD1E868002804D003682B4ABF
:103770001B6893424FD1012364220721684600F061
:10378000E3FB12E0002914D0FE235B00E258FA3B71
:10379000FF3B134025D1032939D92D23EB5C002BA6
:1037A00030D1A4212800FFF765FE04B004BC904688
:1037B000F0BD80229200A158481CA05022685200FF
:1037C0009142D0D26268511C4908E150FE235B004F
:1037D000E258C007C5D4521AE250C2E7032313408F
:1037E000D9D004212800C91AFFF7B8FDDDE7002170
:1037F0002800FFF747FFA3590133A351A8E7012190
:103800009847A0E73E212800FFF734FECDE72800C7
:10381000FFF7A4FDC9E701219847ACE7851A01002D
:10382000F0B5DE4657464E464546E0B587B00393B1
:10383000836A040001910292002B3BD08322920004
:10384000995C002900D0B0E02C31615C002900D0E7
:10385000ABE081211098890058500123A16A8B5454
:10386000A26A0199FC33FF33D150A36A0299039AEB
:103870001960A36A551C5A608223A26A9B006D08D6
:10388000D5502D22A25C002A0FD080230022A16AED
:103890009B002000CA50FFF717FF002007B03CBC78
:1038A00090469946A246AB46F0BDA26AD058414325
:1038B000D150EAE7C220C00010F0A1FDC222A062F0
:1038C000D20000210600F8F76DFF2D23E35C002BEA
:1038D00052D084239B009C46002100226644530161
:1038E0001343D01008431B0203439BB21804034345
:1038F0000831013208C689B2102AF0D12F4B282096
:103900001B689B4610F07BFD8046103000F03EFBAC
:1039100042462B4B1820136010F071FD294B814655
:10392000049300230460082200210C309A4605937A
:10393000F8F738FF4B460822181D04A9F7F706FDD3
:103940004A46214B536143469A605246DA6012233D
:1039500042469380434652461A625A625B461B684F
:103960001A4A5B68934222D14046FCF775FB4046F9
:1039700010F036FDA36A61E7842380279B00F018CE
:1039800000210F267F0032000A4013029B180D1100
:103990001B019B182A0152191202521912021343D9
:1039A000013108C0B942EED1A8E7094876E741469F
:1039B000584698470028D7D1A36A3FE7300900202E
:1039C00007006400AD320100D5320100EDF00000C7
:1039D00012FCFFFF70B52C26835D82B004000D0041
:1039E0008B4218D06B46002918D0DD1D10232B7098
:1039F0000F3B8355836A002B08D0832292009B5C87
:103A0000002B03D065210720FCF72EF901222900A5
:103A10002000FFF7F5FD002002B070BDD91D112375
:103A200001220B70FFF7ECFD7820FCF7F7F8A555A5
:103A3000F1E7C0468023F0B546464F46D646994644
:103A40006B3B9846C0B50C000600804414239A4690
:103A5000B24413E033756578A71C4B462C009C4399
:103A6000220039004046F7F771FC6DB2621C5146E6
:103A70003000FFF7C5FD3C19002D07DB2378002B34
:103A8000E8D11CBC90469946A246F0BD2078651C42
:103A9000FCF7C4F82C00D9E770B50400C068002812
:103AA00012D003680E4D1B68AB4216D12069036823
:103AB0001B68AB420ED10A20FCF7B0F82000094980
:103AC000FFF7B8FF002070BD2069054D03681B6833
:103AD000AB42F0D001219847EDE701219847E5E797
:103AE000851A0100DC5B020070B584B06E462B25A0
:103AF000013B5B183570B1700D12337119122A2316
:103B000004000898F170013802A980180B70131294
:103B10004B708A700312087105222000CB707570FB
:103B2000FFF76EFD052269462000FFF769FD04B02E
:103B300070BDC04670B582B0150036236A4613705A
:103B4000B12301AC23702B0C63702B0A060051705B
:103B5000A370E570FF2903D002226946FFF750FDEC
:103B6000064B9D4208D0E2782100FF3A531E9A414D
:103B700030000332FFF744FD02B070BDFFFFFF00CD
:103B800010B50024406882B003680094DC6800230C
:103B9000A04702B010BDC04630B5406885B004688B
:103BA00001930023089D009302952469A04705B066
:103BB00030BDC046024B4160083303607047C046C9
:103BC000345C0200064B10B52C338360054B0400B7
:103BD00003600023C380FBF743FB200010BDC046F9
:103BE000445C020010540200074B10B52C33836074
:103BF000064B040003600023C380FBF731FB200069
:103C000010F0EEFB200010BD445C020010540200D6
:103C1000F0B5CE46474680B5C16887B00B68060050
:103C20001B6801A89847019B5F881A1D7B1090466E
:103C3000994659D0B169494556DC4D004544454542
:103C400000D87CE04446434600200027DA5F023378
:103C500080189D42F9D806F0ABF8434600B21A88A6
:103C6000121A1A8002339D42F9D800200022A35E66
:103C7000DA179B185340984200DA18B20234A54272
:103C8000F4D807F07DFA2F4906F076FD716A06F048
:103C90004BFF2D4906F070FD0BF0EAF82B4906F0BA
:103CA00043FF44006408051C2949201C07F032FA30
:103CB000002841D12649201C06F0CAF900283BD132
:103CC000F5614A46B369F488D31A9946A30705D427
:103CD0003169F06906F0BCF900280ED104231C40BC
:103CE00017D04B46002BA5D101A800F0C1F9002048
:103CF00007B00CBC90469946F0BD01230222B18862
:103D000002A800F021F90422F3889343022213430E
:103D1000F3807169F06906F087F90028E1D001238A
:103D20000122B18802A800F00FF90222F388934320
:103D300004221343F380D4E7B36AF361C1E70020A0
:103D4000A4E7C04600FEFF46ACC5A7370000A0416F
:103D5000FFFF7F7F08B4024B9C46083808BC6047D1
:103D6000113C0100F0B5C64600B51F1C08AB1B880E
:103D700004009846134B0D00036000234360161C9B
:103D8000FBF7FAF9104B21001A002C33A3604346CD
:103D9000A3800023E3618023083222600122A36113
:103DA000069B28006362E388E5601343E3802B6889
:103DB0006761266108315B689847200004BC904623
:103DC000F0BDC04610540200445C0200C069704758
:103DD000F8B5040040690D1C06F020F9002818D140
:103DE000E6880423320027699A436561E280391C22
:103DF000281C06F02DF900280BD0FE21281C89056F
:103E000006F020FB051C011C381C06F007F90028F1
:103E100001D00020F8BD06239E432561E680F8E727
:103E200070B5040000690D1C06F0F8F800280AD1EE
:103E30000222E38825619343E3806169281C06F030
:103E4000F3F8002801D1002070BDFE21281C89054F
:103E500006F09CFF011C2000FFF7BAFFF3E7C04605
:103E6000017042704360704770B50D0082B00092DF
:103E70000193062206AB69461E780400F7F766FA3E
:103E80006B78002B05D023885B422380A3885B429C
:103E9000A3806B68022B28D0032B1FD0012B0FD0DF
:103EA000012E14D0022E08D10022A35E62885B424C
:103EB0006380A38822805B42A380200002B070BD93
:103EC000238862885B4222806380012EEAD12388A6
:103ED0005B42238063885B426380EEE70023E25EFF
:103EE000638862805B422380DAE723885B42238019
:103EF00063885B426380D3E710B50400087884B020
:103F000000902000FFF7B0FF200004B010BDC046B5
:103F100070B50B4B82B01C680600002C04D02368DF
:103F20001D68084B9D4201D102B070BD01000822FE
:103F300008316846F7F70AFA0CCE2000A847F3E7E5
:103F4000300900202927010070B50180428004005B
:103F50001D00FDF789FBA060E160002D02D020006C
:103F6000FFF7D6FF200070BD70B504000D0004AB54
:103F700003CB1B7825806280A060E160002B02D01B
:103F80002000FFF7C5FF200070BDC046002310B51C
:103F900003600400FDF768FBA060E160200010BD35
:103FA00070B50B4B82B01C680600002C04D023684F
:103FB0001D68084B9D4201D102B070BD010008226E
:103FC00008316846F7F7C2F90CCE2000A847F3E79E
:103FD000300900202927010082B070B500250400B7
:103FE000056004920593FDF73FFB102204A9200011
:103FF000F7F7ACF92561200070BC08BC02B0184787
:1040000070B50500101D14000E00F1F7C9FD286001
:1040100000F01AF92B6822005C8028680430002E1A
:1040200003D03100F7F792F970BD0021F8F7BAFB21
:10403000FAE7C046014B03607047C046745C02005B
:1040400010B50400002905DD0A000021FFF7D8FFA4
:10405000200010BD014B0360FAE7C046745C02000B
:1040600010B504000868206000F0B6F8200010BD0C
:1040700010B50400006800F0C3F8200010BDC04671
:1040800070B50B68040000680D00984205D000F080
:10409000B7F82868206000F09FF8200070BDC04687
:1040A00010B50400006800F0ABF8200010BDC04659
:1040B00070B50500501D0E001400F1F771FD286069
:1040C00000F0C2F82B6822005C802B683100181DBC
:1040D000F7F73CF92B681C190023237170BDC0460B
:1040E00010B584B00400080001A9FAF7BFFF01A8C9
:1040F00010F0FFF901A902002000FFF7D9FF20000E
:1041000004B010BD002210B5040082B001AB1A80CB
:10411000197001321900FFF7CBFF200002B010BD6B
:1041200070B505000C001600002908D00B78002B94
:1041300005D0080010F0DDF9B3B2834203D9054B76
:104140002B60280070BD320021002800FFF7B0FF6F
:10415000F7E7C046785C020010B5040008682060EC
:1041600000F03AF8200010BD014B03607047C046D4
:10417000785C020070B50B68040000680D0098427E
:1041800005D000F03DF82868206000F025F82000F8
:1041900070BDC046002908DB036802201A5E0020BB
:1041A0008A4201DD5918087970470020FCE7C046B3
:1041B00010B50548054C206000F00EF8044A05498A
:1041C000200010F015F910BD785C020034090020C1
:1041D000B4000020A14001000388084A10B5040083
:1041E000934205D0012B04D0DA0702D50233238095
:1041F00010BD1E20F9F704F92388F7E7FFFF000040
:1042000003880E4A10B50400934208D0012B07D052
:10421000DA0705D5023B9BB22380012B09D010BDE4
:104220001E20F9F7EDF82388023B9BB22380012B77
:10423000F5D1200000F004F8F1E7C046FFFF0000D0
:1042400010B5F1F7E3FA10BD032303807047C046B1
:104250000B4B42689C4610B562440468D200A21819
:1042600094420BD81368994204D907E01868814238
:1042700004D81A001300083B9C42F7D9506810BDBF
:10428000FFFFFF1F0B4B42689C4610B56244046859
:10429000D200A218106894420BD8814204D908E0D9
:1042A0001868814204D81A001300083B9C42F7D9D1
:1042B000106810BDFFFFFF1F82B070B5040082B010
:1042C00005680692061D08A9082268460793F7F7B5
:1042D0003DF8069A079B646931002800A04702B0A8
:1042E00070BC08BC02B01847026810B594460A6852
:1042F0000023944501D0180010BD04310430102271
:1043000010F09DF843424341DBB2F4E7054B064A07
:1043100018705378DB09012BFBD05068C003C00F25
:104320007047C046040C0040000C0040F02300021F
:104330001B0118403F23194001438020024BC0015C
:10434000014359807047C046000C004030B5022838
:1043500014D0002513020F240440F8200902400164
:1043600001409020000308430F4A20432343284381
:10437000936050605378DB09FCD130BD1F2AE8D927
:10438000D40B0F230125002C0AD1140001331C414A
:104390002542FAD0013B9BB21B0280256D03DAE770
:1043A000E0231B01F9E7C046000C0040802110B556
:1043B000324B1A6A8A431A62C022196A92000A436F
:1043C00002211A621A6A0A431A62DA681207FCD5D5
:1043D000FE212B4AC903126892020A4006210A43B1
:1043E0009A61264AD3685B07FCD502239384234A4B
:1043F000D368DB06FCD5234BD362214B1B689B0E95
:104400003F2B37D080229B02920013431B4A9362BA
:1044100093235B009384D368DB06FCD51A4A537858
:10442000DB09FCD10133FF339360184B5360164A0C
:104430005378DB09FCD1164B9360164B5360124A3C
:104440005378DB09FCD1202001210F330200013316
:104450001A411142FAD00222013B9BB21B021343C4
:10446000094A93600C4B53605378DB09FCD103F08D
:1044700015FE10BDFC23DB01C8E7C0460008004064
:104480002460800080BB0104000C0040000709008C
:10449000019600000107090002041900002815D048
:1044A000006041608260C360046145618661C761EC
:1044B000444604624C464462544684625C46C4628C
:1044C000644604636E46466374468463002906D0DE
:1044D000C46B043C043925680D60B442F9D1946B77
:1044E000A646566BB546002B06D0D46B043C043B65
:1044F0001D682560B442F9D1146BA446D46AA34662
:10450000946AA246546AA146146AA046D76996697D
:1045100055691469D36851681068926870470060E3
:1045200041608260C360046145618661C761444641
:1045300004624C464462544684625C46C4626446EB
:1045400004636E46466374468463C46B043C04395A
:1045500025680D60B442F9D1C76986694569046967
:104560007047006041608260C3600461456186619C
:10457000C761444604624C464462544684625C46C9
:10458000C462644604636C4644637446846304698D
:104590007047846BA646446BA546046BA446C46A68
:1045A000A346846AA246446AA146046AA046C76933
:1045B000866945690469C368826800684168704714
:1045C000C28803000020D20605D4DA699B69D0179F
:1045D000D90F9A424841704782B030B5040085B087
:1045E000089202A808220993F6F7B0FE039B5A101E
:1045F000A418DB0710D52368029A9D580AA908223F
:104600006846F6F7A3FE089A099B2000A84705B064
:1046100030BC08BC02B01847029DEFE770B5856951
:1046200004008D4200DA0D00E369A561013BE361FE
:10463000002B00D070BD2801401B6421400005F014
:10464000B7FB2A0064328218A2612B00A1880448BB
:10465000FAF728FF1022E3889343E380EAE7C04695
:104660007C5C0200010082B010B5223104000D48CC
:104670000292039303F04AF80A4803F0D5F80028A1
:10468000FAD0084803F0D6F8E388DB0604D4E061EA
:1046900010BC08BC02B0184701002000FFF7BEFFA5
:1046A000F6E7C046004C00420A23C36100231022F3
:1046B0008361C3881343C3807047C04681617047DC
:1046C000C0697047F0B5C64604000E00150000B57D
:1046D00082B0984610300AAB1F88FFF757FC26803F
:1046E000658018200FF08BFE6E460500330008AA87
:1046F00003CA03C3434628002B60082200210C3064
:10470000F8F750F8281D08223100F6F71FFE074B76
:1047100002226B61200000231743A560E360A7809D
:104720002362636202B004BC9046F0BDD94501002B
:10473000F0B500260400170087B00A89012301960E
:1047400000960D00FDF76AF9334BE66108332360EC
:1047500022210420A761FFF7E9FD802326002F4ACC
:104760001B03116A2E480B43136200212D4B1222AA
:104770002236FCF789FF300002F0FEFE22222B7C5D
:10478000A3549A1ED1B2052933D82323E254310011
:10479000254802F0FFFE002F07DA0A23E361002319
:1047A0001022A361E3881343E380204B28201E6876
:1047B0001F4B0493002305930FF021FEC023050037
:1047C0006A46029304AB03CB03C22300154A1221AD
:1047D0002800FFF777FF3368164A5B68934214D1CD
:1047E0002800FBF739FC28000FF0FAFD200007B085
:1047F000F0BD1A00223A072A03D823221A3BA354F9
:10480000C5E70020F8F7FCFDC1E729003000984714
:104810000028EBD0E4E7C046AC5C02000004004096
:1048200050C3000042420000004C0042300900200A
:1048300065460100EDF00000144B30B5083303600D
:10484000134B91B01D68134B0400049300236A4678
:1048500005931033029304AB03CB03C223000E4A2B
:10486000122106A8FFF72EFF2B680C4A9B68934283
:1048700008D106A8FBF7F0FB2000FDF727F8200081
:1048800011B030BD06A928009847F2E7AC5C0200E1
:10489000300900206546010042420000BDF40000DE
:1048A00010B50400FFF7C8FF20000FF099FD2000AD
:1048B00010BDC0460D4B10B51A00083202601A0038
:1048C000040030323C338260C3602C30FFF7D0FBF1
:1048D00020002830FFF7CCFB054B2000236000238D
:1048E000E380FAF7BDFC200010BDC046D45C020096
:1048F000105402000E4B10B51A00083202601A0064
:10490000040030323C338260C3602C30FFF7B0FBD0
:1049100020002830FFF7ACFB064B2000236000236B
:10492000E380FAF79DFC20000FF05AFD200010BD37
:10493000D45C0200105402008069704770B5040016
:104940000A4805F035FA01000500084805F0A6F907
:104950000021A061E06903F081FCE369ADB21D8331
:10496000E069012103F07AFC002070BD00127A009A
:10497000F0B5CE46474680B583B01E000AAB1B8813
:1049800004009946594B0F00036000234360150053
:104990009846FAF7F1FB564B20001A0008322260C5
:1049A0001A003C333032A260E36065622830FFF7C2
:1049B00041FB20002C30FFF73DFB4B46A3804346D4
:1049C000237463613B6800211B68A6613800984727
:1049D00000220121380002F0A3F93B7C022B02D017
:1049E0005A20F8F70DFD8023424ADB02116A0B437F
:1049F00001211362404B414A5A80414B1A780A43C5
:104A00001A701A78D207FCD4492202215A701A78F7
:104A10000A431A703A4AD379DB09FCD1394A3A4B36
:104A20001068E36198425BD0506898425AD0906811
:104A3000984259D003275A20F8F7E2FCE069002198
:104A400003F00CFC04223900012003F0DDFB0021FF
:104A5000E06903F003FCE06903F048FC0C21E26923
:104A6000200013888B431380E269543113888B43F1
:104A700020210B4313808023E2691B0111880B4323
:104A80001380E269214913880B4001211380E269F8
:104A900013790B4313713100FFF750FF04F044FD0D
:104AA0002062002817D02100083104F085FD184B42
:104AB00001220093206A0023182104F0C1FD210087
:104AC0002B6828000C315B689847200003B00CBCB1
:104AD00090469946F0BD5A30F8F792FC206AE2E71A
:104AE0000027ACE70127AAE70227A8E71054020035
:104AF000D45C020000040040000C0040214400008F
:104B0000004800428C610200002C0042FFF8FFFFC9
:104B10000848004270B5436982B00400002B12D0EF
:104B20000600416A013B4361057C0B682C361B681B
:104B3000002D0AD001A8984701A93000FFF7A0FA7C
:104B400001A8FFF795FA02B070BD0122027401A816
:104B5000984701A93000FFF793FA01A8FFF788FAF8
:104B60002574F0E730B5C36A83B05B880400002B7E
:104B700019D0250020002C3529002830FFF780FAB5
:104B800001A8FFF757FA01A92800FFF779FA01A851
:104B9000FFF76EFAA16A4B88002B07D1636123747B
:104BA000002003B030BDFFF7B5FFE2E7206A043113
:104BB000002204F005FD012320002374FFF7AAFF63
:104BC000EEE7C04610B5436901334361037C002B17
:104BD00001D1FFF7C7FF002010BDC04608B4024B4B
:104BE0009C460C3808BC6047C54B0100436910B5B2
:104BF000002B01D1037410BDFFF7B4FFFBE7C046E3
:104C000008B4024B9C46083808BC6047ED4B0100D5
:104C100000207047034B044A9B685B035B0F9B00BB
:104C20009858704700400041145D0200054B06494A
:104C30009A689B6892B25B035B0F9B005858504385
:104C40007047C04600400041145D020010B5581E78
:104C5000002B05D00023D458CC5004330138FAD2AD
:104C6000002010BD084A137DDB07FCD52023FF334D
:104C70001383064B4908D1611380034A137DDB0778
:104C8000FCD500207047C0460040004102A5FFFF50
:104C9000036808495A6870B5050000248A4204D1A7
:104CA0002800DB689847201870BD90472B680400E7
:104CB000F6E7C046114C0100F0B58025114C636841
:104CC000AB436360002A1CD00F4B1F1C0F4B9C464C
:104CD0001500102A00D91025521B2780237DDB07E1
:104CE000FCD50023AD00CE58C65004339D42FAD106
:104CF0006346401949192380237DDB07FCD5002A30
:104D0000E6D1F0BD0040004144A5FFFF04A5FFFF30
:104D100010B5080011001A00FFF7CEFF002010BDEB
:104D2000014B083303607047345D020082B030B538
:104D3000040085B0089202A808220993F6F706FB42
:104D4000039B5A10A418DB0710D52368029A9D58BC
:104D50000AA908226846F6F7F9FA089A099B200082
:104D6000A84705B030BC08BC02B01847029DEFE769
:104D700010B504001831FFF773F9200010BDC046CC
:104D800008B4024B9C460C3908BC6047714D0100C9
:104D90000E4B10B51A00083202601A004033C3608F
:104DA0009023040034329B008260C01804F0FEFEA1
:104DB00020001830FFF75CF9054B2000236000232A
:104DC000E380FAF74DFA200010BDC046E05D020016
:104DD0001054020030B5040085B0012916D08A2392
:104DE0009B00C258002A16D0237C002B0CD08B23AA
:104DF0009B00E2581033E0583D3BFF3B002104F09C
:104E0000DFFB0F4B5A6B5A6305B030BD0D4C2000D1
:104E1000FAF748FBFBE78B25AD004259C25001234E
:104E200081881A006846FFF78FF8230062592833FB
:104E30009A4201D10133FF338B229200A350D3E772
:104E400000500042D85D020008B4024B9C4608386E
:104E500008BC6047D54D01000F4B10B51A00083251
:104E600002601A004033C3609023040034329B0078
:104E70008260C01804F09AFE20001830FFF7F8F89E
:104E8000064B200023600023E380FAF7E9F92000B5
:104E90000FF0A6FA200010BDE05D020010540200E1
:104EA000F0B5DE46574645464E46E0B585B01D0096
:104EB0000EAB1B8804009846754B0F00036000235F
:104EC00043601600FAF758F9724B1A000832226054
:104ED0001A004033E36018239B463432A344A26097
:104EE0005846FFF7A7F890239B009A462100A2445A
:104EF0000C31504604F03CFE04F016FB8F239B005F
:104F0000E050002800D1B9E04346A3808C232562FD
:104F10009B002D018021E550002589009946083B22
:104F2000E16125748B22E550230092002833A350C1
:104F300002A8FFF785F802A95846FFF7A1F802A8D2
:104F4000FFF796F8A369002104336362504604F02A
:104F500043FE3B6838005B689847336800211B6854
:104F60003000984738000022062101F0D9FE3000B9
:104F70008F260022062101F0D3FEB60003F03AF995
:104F800023210020FFF7D2F9434B02222A21A05906
:104F9000009504F055FB2100A059083104F00CFBEA
:104FA0004B46E7583D4B9F426CD8013502E0350037
:104FB0001F2E5FD06E1C3100384804F0F9FEB84255
:104FC000F5D205236E1EF6041E432900334804F073
:104FD000EFFE8C2300279B00E050314A314B000943
:104FE00020621F705E605A623E221A702E4B1E684D
:104FF000002E02D043460F2B07D1200005B03CBC49
:1050000090469946A246AB46F0BD28200FF0F7F92E
:1050100005001030FEF7BAFF43462B80012318200D
:105020006B800FF0ECF98046204B046008220021D1
:105030000C3002930397F7F7B5FB43460822181D7F
:1050400002A9F6F783F94246194BEF605361122328
:10505000AB803368AA602F626F625B682900300002
:1050600098470028C9D02800FAF7F6FF28000FF06B
:10507000B7F9C2E7B84208D90E4EAAE75A30F8F796
:10508000BFF941E70C4E00259FE70C4E1E259CE71B
:1050900010540200E05D020034500042006CDC025B
:1050A00082800000005000423009002011510100B0
:1050B0002D4D01000500F0000500F8FF0500E80097
:1050C00010B5037C002B10D101330374023343610C
:1050D0008B239B00C2581033C0583D3BFF3B00213F
:1050E00004F06EFA014B5A6B5A6310BD0050004237
:1050F00090239B009C4610B5604404F04FFC10BD0B
:1051000008B4024B9C460C3808BC6047F1500100C3
:1051100082B0F0B54E46DE4657464546E0B585B00E
:105120000F938A239B00C45806000E92002C00D1D6
:10513000E5E023008D250133FF33AD009C4200D113
:10514000D9E000238E217351804B012089007350D8
:10515000102384460130984683460230002282465E
:105160007A4BA0440194019807686046074202D038
:105170001888121872516446981C705078100442B6
:1051800003D05C88A1464A4472511C1D74505C4691
:10519000044203D09C88A1464A4472519C1D74501D
:1051A0005446044203D0DC88A1464A447251082484
:1051B000A14699444C4674500824044203D01C89EB
:1051C000A1464A4472510A24A14699444C4674505F
:1051D0001024044203D05C89A1464A4472510C2435
:1051E000A14699444C4674502024044203D09C8923
:1051F000A1464A4472510E24A14699444C4674502B
:10520000440603D5DC89A1464A4472511024A146C4
:1052100099444C467450040603D51C8AA1464A445E
:1052200072511224A14699444C467450C40503D5CA
:105230005C8AA1464A4472511424A14699444C46C2
:105240007450840503D59C8AA1464A4472511624A1
:10525000A14699444C467450440503D5DC8AA146C6
:105260004A4472511824A14699444C46745004058E
:1052700003D51C8BA1464A4472511A24A146994475
:105280004C467450C40403D55C8BA1464A44725109
:105290001C24A14699444C467450800402D5988B36
:1052A0001218725118001E3070506046FF133842B9
:1052B00002D0D88B121872510198203304307350E9
:1052C0000190804500D04EE7736A4446991C716294
:1052D0001F498C4662441A80B369F2690433716ACB
:1052E0009A18914215D08A239B00F3580133FF335B
:1052F0009C4200D025E78A2300229B00F25005B093
:105300003CBC90469946A246AB46F0BC08BC02B0F5
:1053100018477269002A03D0013A72617362E2E7AA
:1053200090239B00F01804F0A9FBF16903A8FEF795
:1053300087FE300003A91830FEF7A2FE03A8FEF78F
:1053400097FEB36904337362CDE7C046585D02002F
:105350000080FFFF426D137EDB07FCD589B2002081
:1053600011857047426D137E5B07FCD5108D80B2AE
:105370007047C04630B500230D0083B00400009391
:1053800010220649280003F0BBFA010020003C303F
:1053900003F0E2FA0020256303B030BD006CDC02AC
:1053A000094B10B51C0018341A68002A03D01100EC
:1053B0003C31884203D00433A342F5D110BD100024
:1053C000FBF7BEFBFAE7C04638090020F8B50A4CE7
:1053D000060025000F0018352068002803D00300C0
:1053E0003C339E4203D00434AC42F5D1F8BD3900C1
:1053F000FBF754FBF7E7C0463809002010B504005E
:10540000034B08330360FBF77BFF200010BDC04651
:10541000685E020010B50400044B08330360FBF71C
:105420006FFF20000EF0DCFF200010BD685E020060
:1054300010B5002909D0012901D0002010BD3C3051
:105440000122002103F08EFAF7E73C3001220131FE
:1054500003F088FAF1E7C04610B5002909D0012908
:1054600001D0002010BD3C300022002103F07AFA68
:10547000F7E73C300022013103F074FAF1E7C0464F
:1054800070B50400087C160002F0FAFE0500307CBE
:1054900002F0F6FE3F221100AB79060019403F29C9
:1054A0002CD0934328D1002200213623E15402213D
:1054B0003420013BE154A9798906890ECBB22154ED
:1054C000022134252B48F9F7EDFFB179635D8A0697
:1054D000920E9A422FD0F1798A06920E934221D0F1
:1054E0005A20F7F78DFF3723E15C0133E25C635DFF
:1054F0002148F9F7D7FF70BD802B34D03F2211002F
:10550000EB7919403F2903D093431DD0802B2DD038
:105510005A20F7F775FF35233622E15C013BE35C47
:10552000A25CCEE7382089092154CAB23721353828
:1055300060543439DCE7382089092154CAB2372154
:10554000363860543539D3E7002200213623E15440
:1055500003213420013BE154E9798906890ECBB25D
:1055600021540321ADE73E3A01219EE73E3A012155
:10557000ECE7C046285E0200485E0200F0B5352325
:105580000400C646080000B5E15C1700002201F0E7
:10559000C7FB0221626D13688B431360626DD36990
:1055A0009B07FCD41368254903250B401360362361
:1055B00007268846616DE25C21480B682A40120488
:1055C000034013430B60626D38005368B34353606C
:1055D00037230022E15C01F0A3FB4146626D1368B2
:1055E0000B4013603823626DE15C13680D40154970
:1055F0002D050B4002211D431560626D5368B343B6
:105600005360626D13680B431360626DD3699B072F
:10561000FCD4802351685B020B435360626DD369F5
:105620005B07FCD4802351689B020B435360626D7F
:10563000D3695B07FCD404BC9046F0BDFF1FFFFF9D
:10564000FFFFFCFFFFFFCFFF3423F0B54646D646F1
:105650004F469846C0B504000E00C55C1700FFF722
:105660000FFF4346E15C8D4231D0224B8A00D35874
:105670001800994602F092FE3C239A461E4BA24423
:105680009846FF2D15D042460023AD0053512368A4
:105690000021DB69200098472368184ADB699342A0
:1056A00024D100220021504603F05CF9504603F05B
:1056B000CBF84946504603F073F8114B4246236439
:1056C000104BE36363643423E35C9B00D4503A00E3
:1056D00031002000FFF752FF216B2000FBF724FC74
:1056E00000201CBC90469946A246F0BD0121200036
:1056F0009847DBE7DC0000203809002059540100FE
:10570000CD530100A15301000C2370B5040082B0F9
:105710000193083300930D001600FBF7E5FA0B4BDD
:10572000FF22083323603423E254E12320005B028C
:105730002363E33A00213C30F7F734F832002900C4
:105740002000FFF781FF200002B070BD685E0200FC
:10575000007A70471023C356002B05DB1F221A4026
:1057600001239340014A13600020704700E100E0EC
:105770000020704710B5437A8B422BD3037A012B5C
:105780001DD0002B10D0032B17D18B1D44699B001B
:105790001A514269D37BDB09FCD1043101338B40C0
:1057A0000020DBB2537310BD4369D2B25B181A7686
:1057B0004269D37BDB09FCD1EFE70020F3E70B0064
:1057C00044690C3392B25B001A534269D37BDB0904
:1057D000FCD1E2E70048E6E717FCFFFF10B5437A8B
:1057E0008B4232D3037A012B22D0002B13D0032B10
:1057F0001CD144698B00A44663449C69A2189A6139
:105800004269D37BDB09FCD1043101338B4000209A
:10581000DBB2537310BD43695C18237E9A18D2B271
:1058200022764269D37BDB09FCD1EDE70020F1E76A
:1058300043694C009C466444238B9A1892B222839D
:105840004269D37BDB09FCD1DEE70148E2E7C046D1
:1058500017FCFFFF70B5437A04000D008B421BD389
:10586000036800229B6B9847237A012B0DD0002BF5
:1058700003D0032B01D0002070BD01230435AB40C1
:105880006269DBB213730020F6E70435AB4062694E
:10589000DBB213730020EFE70048EDE717FCFFFFD2
:1058A00010B5012921D0002913D002290FD00329D6
:1058B0000AD10C2442691388A3430824234313808C
:1058C0004269D37BDB09FCD10172002010BD0C487A
:1058D000FCE70C2442691388A34304242343138068
:1058E0004269D37BDB09FCD1EEE70C2442691388C3
:1058F000A34313804269D37BDB09FCD1E4E7C046B4
:1059000017FCFFFF044B10B5036000230400C380A5
:10591000F9F7A6FC200010BD10540200064B10B58C
:10592000036000230400C380F9F79AFC20000EF006
:1059300057FD200010BDC04610540200102310B5C2
:10594000C3560400002B07DB1F221A40012393409B
:10595000C022064952008B50236820005B6A98479A
:105960006069012102F07AFC002010BD00E100E036
:1059700010B504000368DB6A98476069002102F0F3
:105980006DFC002010BDC0461023C3560200002B42
:1059900035DA037A012B1FD0002B44D0032B55D1CD
:1059A0001F2051694B888343102003434B8051696A
:1059B000274B488803434B805169CB7BDB09FCD1E3
:1059C00008691023D356002B05DB1F221A40012340
:1059D0009340204A136070471F2051694B888343CE
:1059E000102003434B805169194B488803434B8077
:1059F0005169CB7BDB09FCD1088A80B2E1E71F212A
:105A0000194001238B40802112484350BFF34F8F30
:105A1000BFF36F8F137A012BDED0002B03D0032B43
:105A2000BED00020CDE71F2051694B888343102052
:105A300003434B805169064B488803434B805169AF
:105A4000CB7BDB09FCD1087CC0B2BAE70020C2E7FF
:105A50000080FFFF00E100E0F0B5C646154B0E00E8
:105A6000050000240121984600B5FA204001E7B264
:105A700004F014F9B04213D82B7A012B03D0002B79
:105A800001D0032B08D1072269693A400B880A4FDD
:105A900012021F4017430F80002004BC9046F0BD47
:105AA0000134082C03D042466300995ADDE70827E9
:105AB000E2E7C046A45E0200FFF8FFFFFA2310B53C
:105AC0005B01994202D8FFF7C7FF10BD0048FCE711
:105AD00017FCFFFF70B51C4D84006359002B2AD0C2
:105AE000DA68002A27D01A681849126D8A4227D12D
:105AF000187A012803D0002801D003281CD15A6944
:105B00000020917BC90608D5517BC90605D5102018
:105B1000917B0143012091735A69917B890608D5D5
:105B2000517B890605D52024917B21439173022264
:105B30001043DB68984770BD0020DB689847FAE7A0
:105B4000180090476359D4E75009002051570100CD
:105B50001023C356002B0ADB1F221A400123934057
:105B6000802204498B50BFF34F8FBFF36F8F00200B
:105B70007047C04600E100E01023C356002B21DA35
:105B8000037A012B16D0002B2FD0032B10D100222B
:105B900043691A614269D37BDB09FCD11023C356E8
:105BA000002B05DB1F221A4001239340134A136088
:105BB000002070470023426913824269D37BDB09CE
:105BC000FCD1EBE71F221A400123934080220B49AE
:105BD0008B50BFF34F8FBFF36F8F037A012BE9D048
:105BE000002B02D0032BD2D0D8E7002342691374D4
:105BF0004269D37BDB09FCD1D0E7C04600E100E07D
:105C0000102310B5C356FF20032204001A40D2000F
:105C1000944089010840E4439040002B0CDB0D4A7E
:105C20009B089446C0229B006344920099580C4004
:105C300020439850002010BD0F221340064A083B15
:105C400094469B089B006344D9690C402043D8616B
:105C5000F0E7C04600E100E000ED00E010B50622EC
:105C600007210420FEF772FB04220021012002F02C
:105C7000CBFA04220121012002F0C6FA04220221FB
:105C8000012002F0C1FA10BDF0B5C646514B00B577
:105C90000360002382B04360040016000D00F9F792
:105CA0006BFA022363724C4B6561083323604B4BE4
:105CB00026741A680192954200D181E05A680192D7
:105CC000954200D17FE09B6801939D4200D17DE029
:105CD0005A20F7F795FB032398464346404E9F0012
:105CE000F359002B02D05A20F7F78AFB04224146D1
:105CF0003C48F9F7D7FB3368002B3ED0F451200025
:105D0000FFF726FF0021606902F0A8FA280002F0E0
:105D1000EDFA0C21626913888B4313806269D37B8F
:105D2000DB09FCD10122013323722B7913432B7140
:105D3000EB7BDB09FCD1FA2120008900FFF78CFE08
:105D400010216156002925DB274A8B08944603223F
:105D50000A40FF21C025D20091409B006344AD0062
:105D60005859884301008020904002000A435A514C
:105D7000200002B004BC9046F0BD7268B368002AEF
:105D8000BCD1002BBAD11948F45102F0B7FAFFF791
:105D900065FFB4E7164A0F23944603220B400A40DE
:105DA000FF21D2009140083B9B089B006344D869C7
:105DB000884301008020904002000A43DA61D7E75F
:105DC0000023984689E70123984686E702239846F0
:105DD00083E7C04610540200D05E02008C610200CE
:105DE00050090020B45E020000E100E0D55A010035
:105DF00000ED00E070B5103005000C0002F0FEFB75
:105E0000FA212000890003F049FF00210200280048
:105E100002F0F8FB0400280002F0ECFB0148E41754
:105E2000204070BD17FCFFFFF0B5C64600B584B03A
:105E30001F000AAB0400100004CB0D0090460F2297
:105E400019786A442368107000915E692900012363
:105E50002000B047002807D123680090DE693A008F
:105E6000434629002000B04704B004BC9046F0BD72
:105E7000F8B5102347469846CE4604001F268044B6
:105E8000012580B5404602F0B9FB404602F0A8FB70
:105E9000236B29001B7CC0275A09D20133409B1871
:105EA000884AFF05944663441A78AA431A70636BC4
:105EB0001B7C5A09D20133409B1863441A78AA43C9
:105EC0001A70236B1A7C5311324091400A00DB0197
:105ED000D9198A6080211004C905000C084389463D
:105EE0007949120C8C4663449862C0202900000650
:105EF00002439A62636B1A7C531132409140DB017A
:105F0000DF19B9600A000F0449463F0C6344394366
:105F100099622900120C02439A62236B0A201A7CB0
:105F200001275311324091400A00C021C9058C4617
:105F30002900DB0163445A61636B1A7C53113240C0
:105F40009140DB0163445961F8F7CCFF2900236BD2
:105F50001A7C5311324091400A00C021C9058C4679
:105F6000DB0163449A61636B1A7C1640B5405311A0
:105F7000DB0163449D611F2608253900636B032004
:105F80001A7C013D5311324091400A004F49DB0118
:105F90008C4663441A60F8F7A5FF3900636B032051
:105FA0001A7C5311324091400A004949DB018C466A
:105FB00063441A60F8F796FF002DDED1424A0125AE
:105FC0009446636B197C4B09DB010E4063449819BE
:105FD000403002787610BA432A439B19027030335E
:105FE000CA0761D40F211A788A432A431A703649A6
:105FF0001F228C4601270126236B1D7C6B09DB01C8
:106000002A4063449818403001785210B943314314
:106010009B18017030332F424DD10F211A788A43DB
:1060200032431A701F22636B04201B7C5911C90173
:1060300013405B1823498C466344197881431970D7
:10604000236B1B7C5911C90113405B1863441A78F8
:1060500082431A7061680022606B00F061FE0022CA
:10606000A168206B00F05CFE202200214046F6F77C
:1060700099FBE168404602F0A3FA64220021404601
:1060800002F0C0FA404602F0B5FA3021E268538BC4
:106090008B4310210B435383E268D3695B07FCD425
:1060A0000CBC90469946F8BD0F2219780A40102181
:1060B0000A431A709BE70F2219780A4010210A43FD
:1060C0001A70AFE7404400410044004118000060EE
:1060D00014000060F0B54F464646D646C0B584B0C1
:1060E00098460CAB1B78814617004D08002B26D034
:1060F00000239A4643464E460293534601AC10365F
:106100002100300025806380039702F05DFD0028A8
:106110000FD04346636053462100300025806380E2
:10612000A76002F051FD002803D00530012809D9ED
:10613000074804B01CBC90469946A246F0BD054BEA
:106140009A46D7E74846FFF793FE0148F1E7C04675
:106150000EFCFFFF0080FFFFF0B54F464646D646D7
:10616000C0B584B098460CAB1B78814617004D082B
:10617000002B26D001239A4643464E4602935346AF
:1061800001AC10362100300025806380039702F0B7
:106190001BFD00280FD043466360534621003000AA
:1061A00025806380A76002F00FFD002803D0053032
:1061B000012809D9074804B01CBC90469946A2465C
:1061C000F0BD054B9A46D7E74846FFF751FE014818
:1061D000F1E7C0460EFCFFFF0180FFFFF0B5DE4691
:1061E0004E46454657468946E0B5050087B090467D
:1061F00003F0CEFBC14B08332B604B462B63434669
:106200006B634B46187C02F03BF843460600187C53
:1062100002F036F83F231A00B17900900A403F2A75
:1062200029D00A009A4326D189068B0E9B46022369
:10623000039302933F210A00009B9B791A403F2A57
:1062400007D09A06920E5A4503D18B43402B00D1BA
:1062500050E13F210A00009BDB791A403F2A1CD005
:106260009A06920E5A4518D18B43402B15D1032321
:106270000593049318E03F231A00F1790A403F2A5E
:1062800003D00A009A4300D125E15A20F7F7B8F865
:1062900001235B429B46039302935A20F7F7B0F821
:1062A00001235B420593049301231F2418003178D6
:1062B00080274A11214088400100C020D201C0053A
:1062C000101881600804FF05000CBA4638438C4F53
:1062D000090CBC46C0276244906218003F0639434F
:1062E0009162009ABC46117857464A112140884075
:1062F0000100C020D201C005101881600804000C04
:1063000038437F4F090CBA4667463943C027524489
:106310009062180091623178FF05BC464A11214015
:106320008840D201624490611800009A11784A11A5
:1063300021408840D20162449061327818005109AE
:10634000C901224052186F498C4662441178994322
:106350001170009A12785109C90122405218624402
:1063600011789943117031784A1121408840010019
:10637000D201D0194160644F0804000CBA4638437A
:106380005F4F090CBC466244906218005F4F39436E
:106390009162009ABC46117857464A1121408840C4
:1063A0000100C020D201C005101841600804000C93
:1063B0003843534F090CBA46C02752449062604696
:1063C000FF05BC4601431800916232785111C901A2
:1063D0008C4422409040674652184A4901908A46B0
:1063E00078600420524411780427014311706146FB
:1063F000019ABA464A61009A424F12785111C90176
:106400008C46C0212240C905934061446244BC4689
:106410004B6062441778384310704B610A20F8F7DC
:1064200061FD337851465A11D20123409B18354AF9
:106430000320944663441A788A431A70009B1A78A2
:1064400053111440DB01E418644423788B43237018
:10645000F8F748FD059B00226B60039B0299AB6037
:10646000484600F05DFC00220499404600F058FCCC
:106470005B469A00264B2C00D0585B461034D9B2AC
:10648000E86001F08BFF202200212000F6F78AF956
:10649000E968200002F094F864220021200002F054
:1064A000B1F8002822D1200002F0A4F8002819D168
:1064B0003021EA68538B8B4310210B435383EA68E6
:1064C000D3695B07FCD4280007B03CBC90469946D2
:1064D000A246AB46F0BD89068B0E9B460323039371
:1064E0000293A7E65A20F6F78BFFE1E75A20F6F76A
:1064F00087FFD8E7022305930493D5E62C5F0200BB
:10650000004400414044004100000240000002C03D
:10651000DC000020004870470BFCFFFF004870477C
:106520000BFCFFFF004870470BFCFFFFC160002021
:106530007047C04610B5040003681B6C9847236879
:1065400020005B68984710BD70B51D0003790400FA
:1065500016009B0728D5002924DB002A22DD002D08
:1065600020DDB4291CDC4801401A80004018C0001E
:10657000B42103F01DFCFA21F30F70439E1976102D
:10658000AD1B6B015B1B9B005B19DB00C018890016
:1065900003F00EFC236801001B6E2000984770BDBD
:1065A000B421E0E70148FAE70148F8E717FCFFFFEC
:1065B00016FCFFFFC38805201840431E9841704712
:1065C00010B5017C084B4A11D201D4581F23012277
:1065D0000B409A400023144204D1C0880A33034080
:1065E000581E8341180010BD00440041C388032099
:1065F0001840431E98417047C3880C201840431E22
:10660000984170470A0010B54901891A036889004A
:106610008918C9005B6E984710BDC046C3881B0728
:1066200002D58369186870470048FCE716FCFFFF35
:106630000368074A9B6B10B5934206D1FFF7EEFF44
:10664000FA21890003F02AFB10BD9847F8E7C046FD
:106650001D660100036A9943816081617047C046ED
:10666000036A1940816041617047C04670B50600F9
:1066700084B08AB2002301896846FDF765FC029C5C
:10668000039DB3691868596802000A4309D02200C3
:106690002B00121A8B41684602920393FDF780FC8F
:1066A000B3691C605D6004B070BDC04670B58AB04F
:1066B000067C050005A801F0B9FEC021C022C9056D
:1066C0008C467411E301D2059C581A4A05A89A1801
:1066D0006344126A1B6953401C40544001F0AEFEF3
:1066E0001F23012233409A40144021004B1E994140
:1066F000EB88CEB25A0605D52B6804315B6D2800B5
:106700009847EB889A060ED501210020029162423B
:10671000624100212B89009001910232190006A8E4
:10672000FDF722FCEB881B0602D5EB68300098478A
:106730000AB070BD0044004108B4024B9C461438B6
:1067400008BC6047AD660100F8B5CE464746E0227A
:1067500080B5C38804000D001A423AD1DB074AD540
:10676000E069002800D172E04378DB0768D5A369AF
:10677000002B00D177E03E4B1A78002A4FD0E36916
:10678000032158783B4B40088200D450032201F08B
:10679000A9FC394A1F2094460126277CB1467B0973
:1067A000DB0163443840191840310A784010B24385
:1067B0009046012294464646624616434A461B18B6
:1067C0000E7030333A4221D10F211A788A431A7061
:1067D000E388E0229343022D14D0032D07D0012D2E
:1067E0001AD0E38000200CBC90469946F8BD4022A8
:1067F0001343E380F6E703685B689847E069002885
:10680000B2D124E020221343E380EBE719780E3263
:106810000A401A70E388DCE780221343E1E7C121D4
:10682000FF26164889004258B243425001221A708E
:1068300001F080FC01F0BEFC012001F0ABFC9EE702
:106840005A20F6F7DDFDA369002B94D10BE0207CE4
:1068500001F016FDE061002800D085E75A30F6F718
:10686000CFFDE06980E708200DF0C9FDA06182E757
:10687000530A00205C0900200044004100E100E0D0
:1068800010B503290CDC002905DC10D10368DB6D91
:106890009847002010BD03689B6D98470020F9E7DA
:1068A000042904D103689B6A98470020F2E7014855
:1068B000F0E7C04617FCFFFF0371074B10B50360FC
:1068C0007433002443610023C48001810274C460D6
:1068D00043718461C46110BD605F020010B50400A3
:1068E000C069002805D040780021400801F0E6FB8F
:1068F00010BD207C01F0C4FCE061F4E710B5040099
:10690000F8F7E2FAE3881A070AD5A069002805D04B
:106910000DF066FDA06901F09FFBE3880022A261F3
:10692000E0221A420ED1DB0607D5A069002802D06A
:1069300003685B6998470023A3610023E380F8F7AD
:10694000B5FA10BD2000FFF7C9FFE388EBE7C046AA
:1069500070B5C38804000D009B0711D51F21227C50
:106960001140531101228A40C021C9058C46DB0128
:106970006344002D02DC5A61002070BD9A61FBE780
:10698000FFF7BCFF1F20237C5A09D20103409B184C
:10699000114A944601226344197891431970237C6B
:1069A000591118401300CA01C0218340C90551186C
:1069B0008B6080211804000CC905014307481B0C9B
:1069C000844662449162C02109060B43936202220D
:1069D000E3881343E380C1E74044004100440041A1
:1069E000E12270B5C38804001A420ED02C4A217CE3
:1069F00094464B11DB0163441F22186A01230A40AD
:106A000093401840431E984170BD0125FFF776FF63
:106A10001F202E00224B217C9C464A1101408E40B3
:106A2000D2016244531840331B7856606279DBB25E
:106A3000002A1DD00726227CB3435111C901024010
:106A40005218184906268C46334362441370637902
:106A5000227C012B1AD0124953118C4602409540DA
:106A6000DB0163449D610122E3881343E380BDE7BA
:106A7000227C5111C901024052180A491838834337
:106A80008C460220624403431370ECE7044D51111D
:106A9000AC4602409340C90161444B61E3E7C04604
:106AA0000044004140440041F0B5037983B0040044
:106AB0009B0700D48FE0C069002800D186E0C5782C
:106AC000FF2D00D187E000236A46D380E3885B076F
:106AD00056D50023414C424A23608023116A5B0251
:106AE0000B43404E1362404B404A31005A80200015
:106AF000002201F0E3FCE020328D3D4BC0001A4043
:106B00003C4B19684B0103401A433285FF223A4B34
:106B1000308D1B6890434901DB0E0A400343134349
:106B200033850221200001F007FD0F2229002000FB
:106B300001F014FD0221200001F004FD29002000D5
:106B400001F0C6FC2B0029001822200001F000FDF6
:106B50006A46290002230632200001F0BFFC6A4683
:106B6000290002230632200001F0B8FC05002000B5
:106B700001F0A8FC002D2EDD6B46D88803B0F0BDD7
:106B80002000FFF7BBFE1F200126277C1B4B790945
:106B9000C9013840CB18191840310A784010B24367
:106BA00032431B180A70303332003E4207D10F21A6
:106BB0001A788A4332431A700423E38089E71978EC
:106BC0000E320A4010210A431A70F5E7207C01F0CA
:106BD00057FBE06173E70A48D0E7C0469C090020F4
:106BE0000004004000400042000C00401E44000031
:106BF000FFF8FFFF24608000206080000044004117
:106C000016FCFFFF70B5037982B00400DB071DD5C9
:106C10001025C3881D4006D08669336830009B6903
:106C2000984702B070BDFFF769FE18200DF0E7FB32
:106C3000228901230195009521000600FAF7EEFE56
:106C40001022E388A6611343E380E6E70048E8E703
:106C500016FCFFFF10B5437904008B4206D041714A
:106C6000FFF74CFE236820005B689847002010BDAA
:106C700010B50400F8F728F9F022E3881A420DD184
:106C8000DB0603D4F8F712F9002010BD2000FFF74F
:106C900035FE236820005B689847F3E72000FFF784
:106CA0001DFE1F23217C4A090B40D2019B18044A78
:106CB0000121944663441A788A431A70E180E1E71F
:106CC00040440041F8B51F230125047C0600234001
:106CD0009D40114B64119C46E401644423680F00FD
:106CE00000201D4211D129002000002F0ED1FFF7F6
:106CF000B7FC23681D420CD03000FFF7FFFD33685E
:106D000039001B68300098470020F8BDFFF7A2FC4F
:106D1000EFE70248F9E7C0460044004112FCFFFFDC
:106D2000F8B5012504000E00FFF7E8FD1F2029003B
:106D3000227C5311024091400A00C021DB01C905A9
:106D400059188A60802117043F0CC9053943214F27
:106D5000120CBC4663449962C02109060A439A6238
:106D6000227C04215311DB010240D2181A4B9C46AD
:106D7000624413788B431370227C13041E4353091F
:106D80001040DB01711C1ED0124901278C46634460
:106D90001C18403421784010A94339431B18217036
:106DA000F6B23033154206D10F211A780E408A43CD
:106DB00016431E70F8BD0F22197836010A4016439B
:106DC000F6B21E70F6E7C31863441A78AA431A7025
:106DD000F0E7C0460044004140440041F8B50500DA
:106DE00016000C00914200D914000827EB881F42BE
:106DF00038D12800FFF782FD1F202B7C5A09D201D1
:106E000003409B181A4A944601226344197891431F
:106E100019702B7C591118401300CA01C0218340FE
:106E2000C90551188B6080211804000CC905014365
:106E300010481B0C844662449162C02109060B4332
:106E4000936214200DF0DBFA297CA8613300220044
:106E500001F0D8F8EF80002802D05A20F6F7D0FAD7
:106E60000020F8BDA8693200210001F0F9F8F2E72E
:106E700040440041004400410F4B70B5040008003D
:106E8000994216D8E3881B070FD40C4A150000233B
:106E9000C11703F035F9084A002303F011F92A005D
:106EA00001002000FFF79AFF70BDA3691D682A004A
:106EB000EDE70348F8E7C046FF030000204E00005E
:106EC00017FCFFFF10B503799B0707D5002903DBEB
:106ED000034AFFF783FF10BD0248FCE70248FAE7C8
:106EE000204E000017FCFFFF16FCFFFF70B5C388A3
:106EF00004000D001B0704D40A000021FFF76EFFF9
:106F000070BD8669CB170A007068002103F0F8F89D
:106F10003268002303F0D4F82A0001002000FFF7B4
:106F20005DFFEDE7F8B5002401260C4A0C4F15690A
:106F30001369ADB21B0C1B042B4313613300A34038
:106F40001D4206D0A300D859002802D003689B6ECA
:106F500098470134102CF1D1F8BDC046001800400C
:106F60005C090020442301224161C2540020704783
:106F7000312310B5C1540121013BC2541433C15413
:106F8000082A02D05A20F6F73BFA002010BDC0466E
:106F900000B5836985B01A7E9207FCD51A7E520728
:106FA00003D59A6A1A7E5207FBD404215A8B0A43EE
:106FB0005A83802382691376C36B002B05D000228D
:106FC000C263006C984705B000BD48230349C25A0C
:106FD000473B6846FCF7B8FFF5E7C046FE030000F4
:106FE00008B4024B9C46043808BC6047916F01000E
:106FF000F0B5C6469846482300B5040084B00E009C
:10700000C15A0C481700F8F781FC0023226802934C
:1070100001930A9B31000093156943463A00200012
:10702000A8470400F8F7F0FD200004B004BC904627
:10703000F0BDC046FF03000030B583B0069C0500DC
:1070400014430020002C04D0069800902800FFF77D
:10705000CFFF03B030BDC046F0B54E46DE465746C2
:10706000454644230022E0B50600C254836989B036
:1070700004001C36002B60D0606901F06FF9FA2122
:1070800007008900606902F009FE80463800A569A2
:1070900001F07AF9FA21890002F000FE424603006D
:1070A0002900CF480097F8F7FDF93000E56901F0B5
:1070B000FDF90722EB691A42FCD131230721E25C7A
:1070C000303B1A40EB691942FCD12B68C549194085
:1070D00013070B432B6031230721E35C9B07DA0F77
:1070E000EB691942FCD12B68BF49194053070B4388
:1070F0002B600723EA691342FCD180212A680A43E6
:107100002A605039615C6A6808399A430B4013431E
:1071100007226B602B7B2F73EB691A42FCD1300086
:1071200001F0C0F90722EB691A42FCD109B03CBC5E
:1071300090469946A246AB46F0BD0369002B00D1AC
:107140000AE1187C00F07EFBE3688146002B00D149
:1071500000E1187C00F076FBA3688246002B00D18A
:10716000F6E0187C00F06EFBA04B00259846A34685
:10717000039043465B5D002B00D0B7E029004846F2
:1071800000F080FB0700431C00D1AFE0290050460F
:1071900000F078FB0400431C00D1A7E0290003980D
:1071A00000F070FB03000590013300D19EE04B46D8
:1071B000002B00D1D7E0DB199B799B090493039B3B
:1071C000002B79D0059A039B944663449B799B09D5
:1071D00006935346002B00D1FDE01B199B799B09B8
:1071E0000793049801F01AF900287FD006990498B3
:1071F00001F0F6F8032879DC5B46A3461C00C022A8
:1072000003049946079B92031B0513409A46784B4B
:10721000AA00D05801234246A061E9B2535501F0BB
:10722000BDF8002114223000F5F7BCFAA169300046
:1072300001F022F9002800D0C9E00721A269D36932
:107240001942FCD110686B4B072118404B4618437C
:107250001060A269D3691942FCD113686649674876
:107260000B4051460B43136001F078F801003000E9
:1072700001F020F9002800D0A5E02069002806D000
:1072800039004F1EB94100220231FFF749FDA068C5
:10729000002806D0059900224B1E99410231FFF7C4
:1072A0003FFDE06800284DD059464B1E9941012210
:1072B0000231FFF735FD1EE05346002B00D1A5E05B
:1072C0001B199B7904989B09079301F0A7F80028E4
:1072D0000CD0002306971F00F9B2049801F080F843
:1072E000032800DCA0E00137042FF5D10135062D7D
:1072F00000D03EE75C46A369002B52D0E368002B28
:1073000023D002F011F90022A36969000131A063C2
:107310002833C9B2009202F093F9A768002F1DD05C
:1073200002F002F9A3696D00023528336063E9B207
:1073300000930022002302F083F9211D606B02F00C
:107340003BF999E6A369002B2BD00023A363E4E764
:10735000542007E75420FDE65420F3E65A20F6F7C0
:107360004FF8676388E6039B002B1ED0059A039BAA
:10737000944663449B799B0904935346002B4FD05A
:107380001B199B799B090793002306941C00E0B20C
:10739000049901F025F8032848DD0134042CF6D1C6
:1073A000A4E71748F6F72CF8A8E75B46A3461C00AD
:1073B0005346002B3ED05B449B799B091B059A46A4
:1073C0000023994623E70F48F6F71AF855E70E48C9
:1073D000F6F716F831E701235B42079301E7C04651
:1073E000D85F0200FFFFFFEFFFFFFFDF580A00201A
:1073F000DC000020FFFFFCFFFFFFCFFF90D0030069
:10740000870300008603000085030000049801F054
:1074100005F8002800D169E701235B42079358E78C
:1074200001235B420793AFE7069FE5E6069B5C46B8
:107430009B46E4E6C0239B039A4600239946E6E672
:10744000F0B51F004423C35C83B004000D00160098
:10745000002B32D16B46002207331A709D421AD29C
:107460009F4218D2099BA269E3630A9B2364052308
:107470001376089B002E12D1002B21D15A20F5F74C
:10748000BFFF3D00606B33000022290002F098F836
:10749000002003B0F0BD5A20F5F7B2FFE2E7002B61
:1074A000F0D09E4202D05A20F5F7AAFF089B3A007E
:1074B0000021A06B02F084F8E4E7FFF7CDFDC9E7F7
:1074C000089E3D00F2E7C0464523002230B5C25475
:1074D0000133C15401000268836B83B0040046315C
:1074E000D568002B0ED003000F4A4533954212D1C8
:1074F00001220092FFF77CFD002813DB4523E05CAE
:1075000003B030BD084A00930023954207D1012201
:10751000FFF76EFDF0E701220092A847ECE7012299
:10752000A847E9E70148EBE7397001000AFCFFFFD3
:1075300070B504000E48A1600500283008352560AC
:10754000E26023616060FBF7F1FB4823E052403BBF
:107550002386084B0122636100232000A36144338A
:10756000E254002113321C30F5F71CF9200070BDE5
:107570000860020090D0030001235B4203800333C4
:1075800083700023C370037180239B01C3803F235A
:1075900003727047F0B501251F222E000C78C0271A
:1075A00022409640C6466311DB01FF05DF1900B596
:1075B0007E6037043F0CBC4688466146504F360C0F
:1075C0000F4350498C4663449F624F4F01213E4315
:1075D00004279E629B1840331E78BE431E706309C9
:1075E000DB0163448C4661469F1840373E78521059
:1075F000AE430E439B183E703033254200D074E0FA
:107600000F2461461A78A2430A431A704378DB09B3
:10761000FCD102220378934303704378DB09FCD149
:1076200008220379934303710379043A9343037166
:107630000379013A934303714378DB09FCD160225B
:10764000037B934303734378DB09FCD11022037B54
:10765000934303734378DB09FCD10F22037B9343ED
:1076600001220373437913430422437103781343C4
:1076700003704378DB09FCD10222037A13430372BF
:107680004378DB09FCD10122037A13430372437868
:10769000DB09FCD1434601229A56072A15DD0F2A41
:1076A00006DC0123083A9340417D0B43DBB243756E
:1076B0004378DB09FCD1022203781343037043783B
:1076C000DB09FCD104BC9046F0BD4378DB09FCD15A
:1076D00001339340017D0B43DBB203754378DB0933
:1076E000FCD14378DB09E3D1E5E70F221C78224087
:1076F000102422431A704378DB0900D086E788E71C
:107700000000024000440041000002C0042210B505
:107710000378134303704378DB09FCD1022203781A
:10772000134303704378DB09FCD10222037A13432D
:1077300003724378DB09FCD10222837A13438372FC
:107740004378DB09FCD10122837A134383724378A7
:10775000DB09FCD14378DB09FCD101228A56072AD8
:107760005ADC01249440E2B2027443744378DB098A
:10777000FCD10324CA78C37E2240A3431343C376BB
:107780004378DB09FCD107248A78437B2240A3435A
:10779000134343734378DB09FCD10B79002B2FD1C2
:1077A0001022037B93430373037B013A93430373D8
:1077B0004378DB09FCD13F24CB88DAB20276427EE3
:1077C0001B122340A243134343764378DB09FCD1C9
:1077D0003F240A7A837E2240A3431343837643786F
:1077E000DB09FCD1A4222033C2544378DB09FCD14D
:1077F000427B803B134343734378DB09FCD110BDCC
:1078000010220F24037B134303734A79037B224026
:10781000A34313430373CBE703740123083A934054
:10782000DBB24374A2E7C0460123407BC009584045
:107830007047C0464378DB09FCD1037F407F0002DC
:107840001843704710B5542818D00D4C2378542B8A
:107850000BD0984210D0002201E081420AD00132C0
:10786000D300E31819785429F7D15A20F5F7C8FD49
:10787000002010BD1800FCE72000FAE70020F8E720
:1078800040600200002811D083799B069B0E99422C
:107890000AD0C0798006800E081A41424841022170
:1078A00040420840013870470020FCE70220404277
:1078B000F9E7C046F8B5CE464746836880B5040070
:1078C000002B24D0C7683A7813071B0FD20622D4A6
:1078D000214EF25C013AF2543878204B0507994664
:1078E0001F4B2D0F595D400902F048FB01231A0080
:1078F00098464B468A405B5D93434A4653553B78D6
:107900001B071B0FF25C002A14D00023A3600CBCE1
:1079100090469946F8BD134A9B009D5800212800C7
:1079200000F09CFC01222B88280013432B8000F0E0
:10793000A3FCEAE747460C499B005A500B4A00213A
:107940009D58280000F0C4FC2B681F432F60AB68D3
:10795000DB07FCD4D9E7C046600A0020700A00208B
:10796000386002008C610200640A00209861020005
:10797000F8B58368C268002B33D013781C07240F36
:107980005E09DB061ED4184BA7000A00F858002138
:10799000002302F0B5FB154A002302F091FB144BC3
:1079A0000500195D300002F0E9FA124BFA58012384
:1079B0008B4090680005000F1840FAD11C318900F7
:1079C0008D50F8BD0C4BA400E0580C3648430749D5
:1079D00002F064F9094B80B2E3587600F0520020BF
:1079E000EFE764204042ECE7AC090020FFFF000015
:1079F0003860020098610200A00900208C6102003A
:107A0000F0B5DE46574645464E46E0B589B0009390
:107A100012AB1B788246039303740B7988461B07CD
:107A20001B0F059281609B46022B05D94B791B07E2
:107A30001B0F022B00D9CCE1009BD24A013B9342A1
:107A400000D9CDE1039B002B00D1CAE00023012720
:107A50009946002400235E46D346BA46049347461F
:107A60005444E4B24F4421E01023034200D1DBE050
:107A7000022E00D9D0E0C44AB3009B5862B21B88E2
:107A800002929B0704D41F239843202800D130E1A1
:107A9000012C00D99AE1029B9946012304934746A1
:107AA0004F443E7954443607360FE4B25346E31A46
:107AB000DBB201933879C506ED0FD5D1022E00D97E
:107AC000AAE010230342D6D1B04AB3009B5862B259
:107AD0001B6802929B0700D59EE0AD4B4009995D63
:107AE00002F04CFA01238B40AA4A925D1A4200D060
:107AF00092E04B4604334344012C00D97EE1002B35
:107B000000D15BE1DA46B3463E000293102332799E
:107B1000134200D0F0E007AA93705B469E491180A3
:107B2000D35C01229A409D4BA94600241F001500FA
:107B300039889B4802F0B2F8009902F0AFF801389A
:107B4000A84204D30134E4B20237082CF0D1070074
:107B500000225946484600F057FB3379DA0600D434
:107B6000CEE0904A1B079B0E9F50874A24029858EC
:107B7000E023DB001C406023BFB21C4304800121D2
:107B8000078300F06BFB5346029A1F21DA604346DD
:107B90001878854B01249C4601264209D2010140F8
:107BA0006244551840352B784908A34333432B7062
:107BB000019B51180433DBB23031044200D090E015
:107BC0000F200A78824313430B7005995046FFF744
:107BD000CFFE002009B03CBC90469946A246AB4679
:107BE000F0BD724B00249946684F2500A3004B441A
:107BF0001A6800990134E4B28A421CD0013504337A
:107C0000032CF5D143465B79FF271B071B0F9B46CF
:107C10000123023C99461DE763B29946012C00D826
:107C20003DE704980438D5E7584BB600F35862B2E4
:107C30001B689146F2E700225B460192AA0004927B
:107C40009D4208D11022019B029343441B791A42A2
:107C500001D1022D10D9019B002B3FD143465A7907
:107C600013071B0F9D4239D11023134236D1022D29
:107C700034D8012302930193049BDB591E68B60795
:107C8000F60F012EE7D1029B43441879C306E2D4D4
:107C90003F4B4009595D02F071F98E403D4B5B5DF1
:107CA0001E42D8D1029A1E433A4B04325E55019BC4
:107CB00042440292012B00D095E0029B032C00D09D
:107CC0008AE0002B00D05EE743465B79FF271B0765
:107CD0001B0F9B46012399461C00BBE6032CF3D0E7
:107CE00083E70F2208781B0102401343DBB20B70BD
:107CF0006BE701230493FCE680235B021A0012E782
:107D00002B4A1B079B0E9F50204A00219D583F0283
:107D1000280000F0DDFA07232A6826491C400A40A3
:107D2000240214432C602A6C3F0A120E12061743D9
:107D30002F64EA6B01219A43130002221343EB6381
:107D4000280000F0C5FA3479184B2407240F009955
:107D5000A200D150184A135D01331355039B002B29
:107D600003D0FF220B4B1A550DE7094B3079195DF3
:107D7000400902F003F901238B40064D2A5D1343AD
:107D80002B5500E77F8D5B008C610200986102003B
:107D900038600200700A0020181800007C610200A0
:107DA000006CDC02A009002000440041640A0020AD
:107DB000AC090020FFF8FFFF600A0020029A1300C0
:107DC00043441E7991463607360F48E60320404269
:107DD00000E701204042FDE6002B00D0D3E604E797
:107DE00002204042F6E6029B002B00D0CBE6434641
:107DF00001225B7901921B071B0F21E7DA460293F0
:107E0000B3463E00002B00D10BE77FE670B5C46897
:107E1000207803071B0FC20622D41C4A9D00545928
:107E20001B4A4009D15C02F0A9F8236B1B031B0F0E
:107E30000B41DB0710D410318900611849680A0032
:107E40000023110C1004801A9941124B5A59002337
:107E500002F036F980B270BD1C3189000959EEE795
:107E60000D4A9B009D58280000F006FA23785A0915
:107E70000C325200525B1B071004801A074A9B0EFB
:107E8000995801F00BFF80B2E5E7C0469861020007
:107E900038600200AC0900208C610200A0090020BB
:107EA000F0B54F464646D6464E4B4A1EC0B58146B3
:107EB00088469A4200D991E01026C36800259A4668
:107EC0001B78494F1E4073425E41FF2376421B04DC
:107ED0001E4080235B029C4666443988434801F07B
:107EE000DDFE414601F0DAFE441EB44257D30135AF
:107EF000EDB20237082DF0D14846FFF787FF534611
:107F00001B780600DA062BD41B07394A9B0E9F58B4
:107F10003B680021380000F0DBF907223B682A406B
:107F2000344D12021D4015433D600121380000F020
:107F3000CFF953461B781B079B0E2F4AD450FB6E7C
:107F40002402200A1C0E24060443FC663100484625
:107F5000FFF70EFD00201CBC90469946A246F0BDDE
:107F60001B07264A9B0E9F583B88002398460021FA
:107F7000380000F073F943463D881E4A1B02154045
:107F80001D433D800121380000F068F953461B78FD
:107F90001B079B0E1A4AD450A4B23C83D6E748462E
:107FA000FFF734FF53461B780600DA060CD5134A58
:107FB0001B079B0ED7583A885205520FAA42E9D0A8
:107FC00007231D40A846D2E7094A1B079B0ED75836
:107FD0003A685205520FAA42AFD09AE702204042B7
:107FE000B9E7C0467F8D5B007C610200006CDC025B
:107FF00098610200FFF8FFFFAC0900208C610200CD
:10800000A0090020F0B504001F000D00160083B089
:108010000C2200210830F4F7C5FB27606660E8B247
:10802000FFF710FC2568060029000A4801F036FE1B
:108030006368070018042900C01A01F02FFE01230D
:1080400082B2009331003B002000FFF7D9FC03B05F
:10805000F0BDC04640420F0010B5FFF72BFC10BD2D
:10806000036870B50D000400110093420AD022602D
:10807000094801F013FE01002000FFF711FF00285E
:1080800009D1216828046560401B01F007FE81B218
:108090002000FFF76DFC70BD40420F0070B500245A
:1080A000054D2000FCF732F9002800D02C70013477
:1080B000E4B2092CF5D170BD540A0020084AC30867
:1080C00094460722104080000832824081409B0085
:1080D00010B563449C6994432143996110BDC04627
:1080E0000018004070B50E4C0F26A446072404402B
:1080F000A400A640C3089B0063449D69B5430826BD
:108100003143A14029439961012361468340CB60FB
:10811000002A03D0034B1A5400F026F870BDC04665
:1081200000180040F8090020014B8000C150704742
:10813000B80900204021084A93690B43022193614A
:10814000064B074A5A80074A13780B43137053783B
:10815000DB09FCD17047C04600040040000C004021
:10816000054000000018004010228021084B10B587
:108170005A50BFF34F8FBFF36F8FC120FF24800091
:108180001958A1431950C02149005A501A6010BD16
:1081900000E100E0012101400220054A4900137876
:1081A00083431800084310705378DB09FCD17047F3
:1081B0000018004001210D4A10B513780B431370CD
:1081C0005378DB09FCD10024E0B200210134FFF731
:1081D000ABFF102CF8D18022054B9C50BFF34F8F82
:1081E000BFF36F8F0132FF329C5010BD001800406A
:1081F00000E100E08023034A5B03116A0B43136232
:108200007047C0460004004030B51300002817D066
:108210000E4A545C0B31C9B20120884001000C4A5F
:108220001B02156A29431162F022120113408022B9
:10823000D20113433F2222401A43064B5A8030BDDD
:10824000054A545C0831C9B2E6E7C0463460020012
:1082500000040040000C00403C60020001220A4083
:108260000221038852008B43190011430180C37B14
:10827000DB09FCD17047C046C37BDB09FCD17047EA
:108280000C4B30B51C68002C0DDD0B4D2B78834258
:108290000DD0002204E0D300EB181978814204D0FD
:1082A0000132A242F7D1002030BD1800FCE72800BF
:1082B000FAE7C04678610200406002007047C0469D
:1082C00010B5024B1B68984710BDC046D400002073
:1082D00001220A400221036852008B431900114316
:1082E000016083689B07FCD47047C0460122038865
:1082F000134303800388DB07FCD47047014B1860ED
:108300007047C046D400002010B5024B00201B6807
:10831000984710BDD800002010B5024B01201B6803
:10832000984710BDD800002010B5024B02201B68F2
:10833000984710BDD800002010B50020FFF7C0FFFF
:1083400010BDC04610B50120FFF7BAFF10BDC046F2
:1083500010B50220FFF7B4FF10BDC04610B54000B5
:1083600002F058FF011C074802F006FAFC218905BB
:1083700002F00CFD01F034FFFF2800D9FF20C0B24D
:1083800010BDC046001B374C10B5411C49000248C7
:1083900001F00EFD10BDC046006CDC023F2301223F
:1083A000800A1840824030B5094C256A2A4322626F
:1083B000084A505C80221840D2010243064842809D
:1083C000064A525C13408622D2011343438030BDDB
:1083D00000040040A4610200000C0040AC610200F7
:1083E000030001280CD0FF20032B08D1002912D054
:1083F0000239481E81414842FE2108400130704741
:1084000000200029FBD00339481E81414842FD214C
:1084100008400230F3E70320F1E7C0460223984307
:10842000013843425841C0B27047C046EFF3108351
:10843000036072B6BFF35F8F7047C046BFF35F8FB4
:10844000036883F310887047002300B585B001915D
:10845000083801A90293039200F09CFE05B000BD0C
:10846000002300B585B00291083801A90193039259
:1084700000F090FE05B000BD10B50160040000F0F2
:1084800027FE002806DB0020034B2382034BE3601A
:10849000034BA36010BDC0460080FFFF6184010054
:1084A0004984010010B500F045FE10BD10B500F084
:1084B00053FE10BD10B500F061FE10BD10B500F008
:1084C00017FF10BD10B500F019FF002010BDC04609
:1084D00010B500F01DFF002010BDC046F0B5D64617
:1084E0004F464646C0B59A4604000D00170000F0FE
:1084F00015FF83B2804699460026200000F020FF39
:108500002900200000F016FF0028F9D029002000E3
:1085100000F020FF4346B855012B02D9BB19000AD1
:1085200058704E44B6B25645E7D330001CBC904656
:108530009946A246F0BDC04610B500F013FF0020DA
:1085400010BDC04610B500F015FF002010BDC0469C
:1085500010B500F02BFF002010BDC04610B500F094
:108560003FFF002010BDC04610B514001438828BA8
:1085700084B001AB1A80064A0391190002945A8014
:1085800000F022FB002800D1200004B010BDC0463E
:108590000080FFFF10B514001438828B84B001AB4B
:1085A0001A80064A0391190002945A8000F00CFBCD
:1085B000002800D1200004B010BDC0460180FFFF9C
:1085C00010B5040000F0F4F9002803D1024BA361B8
:1085D000024B636110BDC0469585010069850100AD
:1085E00010B5040000F0EAF9002801D1A061606133
:1085F00010BDC04610B500F0F3F910BD10B500F085
:1086000011FA10BD10B500F019FA10BD012310B514
:108610008469227E134206D0A27D134203D02375C3
:108620000368984710BD237E01229B0708D5A37DD0
:108630005B081A4204D00223237583689847F1E748
:10864000237E5B0708D53722638B1A420FD1218D19
:108650004368C9B29847E5E7237EDB09E2D080236F
:108660002376C3689847638B9BB26383DAE73F2323
:108670006383D7E70122CB691A42FCD10322CB697D
:108680001A42FCD10B689B0726D40122CB691A42FF
:10869000FCD10B681A430A600122CB691A42FCD153
:1086A0000322CB691A42FCD104220D4B0B60CB692B
:1086B0001340FCD1802252004A600A4ACA60042258
:1086C0008381CB691A42FCD14B6A074A13404B6243
:1086D000D723C3810020704711204042FBE7C046EA
:1086E00014002000E5E60000FFBFFFFF70B5032285
:1086F00004000E0082B0E3691A42FCD1032225680F
:108700006D08E3691A42FCD10222236801A8934351
:108710002360FFF78BFE0222E3691A42FCD1B6B256
:10872000A68101A8FFF78AFE0322E3691A42FCD161
:10873000022322686D009A432B401343236002B04A
:1087400070BDC0460122C3691A42FCD10322C3692D
:108750001A42FCD103689B071CD40122C3691A4248
:10876000FCD103681A4302600122C3691A42FCD19A
:108770000322C3691340FCD1084A0260C02292025E
:108780004260D222524282810332FF328373835489
:108790000020704711204042FBE7C0460400104013
:1087A00070B5050008000C00FFF7CCFF00282ED1A3
:1087B0001C4BAC619C422BD01B4B9C420DD01B4BE5
:1087C0009C4227D01A4B9C4226D01A4B9C4225D063
:1087D000194B9C4224D00560FFDE0122174BD200CA
:1087E0009B185B6880211D60154B164A9C461F2311
:1087F0006444A40A09341C401E3BA3405350BFF3F9
:108800004F8FBFF36F8F0131FF315350136070BD35
:108810000022E3E70222E1E70322DFE70422DDE7AB
:108820000522DBE700080042000C00420010004275
:108830000014004200180042001C0042B461020013
:1088400000F8FFBD00E100E08269244BD3189B0AC9
:108850000933D9B21B0622D50321D3691942FCD1B1
:10886000022113688B4313600139D3690B40FCD19B
:108870001068014311601A498A421DD019498A4281
:1088800022D019498A4221D018498A4220D0184959
:108890008A421FD017498A421ED01B60FFDE1F226A
:1088A00001230A409340802213498B50BFF34F8F1E
:1088B000BFF36F8F8269CFE70022104BD2009B1865
:1088C00000225B681A6070470122F6E70222F4E793
:1088D0000322F2E70422F0E70522EEE700F8FFBDED
:1088E00000080042000C0042001000420014004248
:1088F00000180042001C004200E100E0B4610200E8
:10890000F8B5140006AA06000D001778002B0CD04D
:10891000012B16D00020022B06D13100280001F0D7
:10892000BDF94008013880B2F8BD3200210C2004A6
:1089300001F0E6FB2A00002301F0C2FB404280B2B6
:10894000F2E70100280001F0A9F9210001F0A6F9E1
:108950007F03C01980B2E7E710B58069FFF7C6FE54
:1089600010BDC04610B502230C009C4309D001295C
:1089700012D003290BD18369002A16D080229A7560
:1089800005E08169002A03D001228A758B7510BD2C
:1089900001320A750B75FAE78369002A02D10432A5
:1089A0001A75F4E704229A75F1E780321A75EEE73A
:1089B00010B50161FFF75EFE10BDC04603210369DB
:1089C000DA691142FCD102211A688A431A6001391E
:1089D000DA691142FCD11A6800201143196070470E
:1089E000032130B50269D3691942FCD10221032465
:1089F000102513680A480B4313600231D3691942EA
:108A0000FCD1538B1B092340012B07D001380028D0
:108A1000F4DCD3691942FCD15583EFE7002030BD67
:108A2000FFFF000003210269D3691942FCD1022132
:108A3000136800208B4313607047C046F0B557465B
:108A40004646DE460400C0B517000322066982B020
:108A5000F3691A42FCD133689B0700D5A3E0A389D0
:108A6000002B27D0012B66D0022B00D09EE051486E
:108A70007900401A01F012F94F4CF36803211C40B1
:108A8000050001F00BF90304FF2000040340234319
:108A9000F360F06803210002040A680001F0FEF8A8
:108AA00000062043F060002002B01CBC90469A46AD
:108AB000A346F0BDF068FF3398438046B8009A465D
:108AC000C0193C4B4000181A9B4604F04FF9009027
:108AD0000191E08904F010F9384A394B03F000FBAA
:108AE0005B467B43040018000D0004F03FF90200D0
:108AF0000B002000290003F0F3FA02000B0000989D
:108B0000019903F05FFD040078000D0004F02EF9D8
:108B10000B0002002900200002F0D8FE01F078FBD3
:108B20005346184043461843F060F368254A002036
:108B30001340F360B8E7F068FE3398438046B8000E
:108B40009B46C0191B4B4000181A9A4604F00EF9B8
:108B500000900191E08904F0CFF8184A184B03F017
:108B6000BFFA53467B43040018000D0004F0FEF8E2
:108B700002000B002000290003F0B2FA02000B00F3
:108B80000098019903F01EFD040078000D0004F028
:108B9000EDF80B0002002900200002F097FE01F022
:108BA00037FB5B46BDE7112040427DE70D20404288
:108BB0007AE7C04680BB0000FFFF00FF95D626E89D
:108BC0000B2E113EFF00FFFFF0B55746DE464E4626
:108BD00045468023E0B583B0019142885B000700E1
:108BE00004691A4200D0F5E14A8813434B80030020
:108BF00025C925C37D6823680422012D00D175E1B4
:108C0000E3691A42FCD16368B34A1340636080226F
:108C10003E88D200730016424DD07888C10702D535
:108C2000788802437A800422AC481840E3691A42EB
:108C3000FCD18022636AD2011A4080231B021343B5
:108C400004221843E3691A42FCD16062237EA44ADD
:108C5000DBB2032004E0237E013ADBB2002A01D01C
:108C60001842F8D0226804209446E2691042FCD1F0
:108C70000120628B92B2184233D0930700D442E1B4
:108C80008023024020765042504179885B010B439B
:108C90007B807B8893490B407B80431F9B467B886E
:108CA000904A13407B80584603B03CBC904699469E
:108CB000A246AB46F0BDFF20184001237A8813403E
:108CC000184384460422E3691A42FCD18023606A77
:108CD000DB011840634604221843E3691A42FCD1C1
:108CE000B3E79B0732D5002D00D19AE1530700D599
:108CF00097E16346013DDA0E02407D60002D00D110
:108D000039E1012D16D1002A14D00422E3691A4258
:108D1000FCD180236268DB0213436360002D09D11C
:108D20007B8804221BB2002B00DA33E17B886D4A7A
:108D300013407B800422B868431CBB60E3691A427D
:108D4000FCD12823E35C03700223237600239B4697
:108D50000133FF339846FE3B9C468023DB0203250C
:108D600004260120994642467B8813429BD03969EC
:108D70005B4A0B7EDBB205E00B7E013ADBB2002AD8
:108D800000D185E01D42F7D022689246E269164282
:108D9000FCD1628B92B2184214D06346134256D073
:108DA00020767B8802409A46802351465B010B4324
:108DB0007B807B884B490B407B8053425A41531F39
:108DC0009B46D0E700218B4661461942CBD07B6899
:108DD000002B00D102E1164200D0FFE05246013BD9
:108DE000D20E02407B60002B17D1002A19D07B885D
:108DF0001BB2002B22DB7B883A4A13407B80BA6887
:108E0000531CBB60E3691E42FCD12823E35C137052
:108E10006346237600239B46A5E7012BEFD1002A6A
:108E2000EDD0E2691642FCD1494662680A436260AD
:108E3000002BE4D17B881BB2002BDCDAE3691E42F5
:108E4000FCD1C02362689B0213436360D3E71642E0
:108E500000D0C9E07B885B0531D506233A88D2096A
:108E60001A409246E3691E42FCD18023626ADB010C
:108E70001A40F1231A4353461A43E3691E42FCD1B8
:108E800062627B88184A13407B8000239B466AE716
:108E9000019B04225B881BB2002B07DB7B88114AF5
:108EA00013407B8005235B429B46FCE6E3691A4244
:108EB000FCD1C02362689B0213436360EEE77B68CA
:108EC0009B46002B3DD17B881BB2002B4ADB7B8865
:108ED000044A13407B8046E7FFFFFBFFFE070000CC
:108EE000FFFF0000FFFEFFFFFFFBFFFFDB0E1D4249
:108EF00000D185E6E3691A42FCD180236268DB0277
:108F00001343636083E6530700D58FE07B885B05DE
:108F100035D506230422F6091E40E3691A42FCD126
:108F20008022636AD2011340F12213431E43ED3ABB
:108F3000E3691A42FCD166627B884B4A13407B800E
:108F400004E7BA6813789A46E3691E42FCD12823E5
:108F500051460132E154BA605A460023013A7A6020
:108F60009B4600E7E3691E42FCD1C02362689B0276
:108F700013436360ABE7002A00D1C6E6D0E6002DBC
:108F800011D17B881BB2002B1ADB7B88374A134038
:108F90007B80DBE6E3691A42FCD1C02362689B0256
:108FA00013436360C2E60422B8680678E3691A4294
:108FB000FCD128230130013DE654B8607D60C5E650
:108FC0000422E3691A42FCD1C02362689B02134366
:108FD0006360DAE706235B429B4664E663462376DA
:108FE00002235B429B46BEE67B68002B04DD8023A8
:108FF0007A885B0113437B807B881BB2002B07DBE5
:109000007B881A4A13407B8002235B429B46AAE678
:10901000E3691E42FCD1C02362689B021343636074
:10902000EEE702232376043B9B4638E6002D04DD61
:1090300080237A885B0113437B807B881BB2002BE3
:1090400007DB7B88094A13407B8002235B429B46F7
:1090500025E60423E2691342FCD1C02362689B0227
:1090600013436360EDE7C046FFFBFFFFFFFEFFFF1A
:1090700010B5024B1868FFF7C9FA10BD080A0020A6
:1090800010B5024B1868FFF7C1FA10BD0C0A00209A
:1090900010B5024B1868FFF7B9FA10BD100A00208E
:1090A00010B5024B1868FFF7B1FA10BD140A002082
:1090B00010B5024B1868FFF7A9FA10BD180A002076
:1090C00010B5024B1868FFF7A1FA10BD1C0A00206A
:1090D0000122CB691A42FCD10322CB691A42FCD18E
:1090E0000B689B071ED40122CB691A42FCD10B6886
:1090F0001A430A600122CB691A42FCD103220160A3
:10910000CB691340FCD1094A0A60802292024A606E
:10911000FE220A73CE3A8B5401330371044BC38091
:109120000020704711204042FBE7C0460C002000A1
:10913000FF0100000268D369DB0709D40321D3696A
:109140001942FCD10221002013680B4313607047C1
:1091500004204042FBE7C0460268D369DB0709D41C
:109160000321D3691942FCD10221002013688B43EB
:109170001360704704204042FBE7C0460368DA6989
:10918000D20703D40020C9B21973704704204042AB
:10919000FBE7C046F0B54E464546DE465746E0B5CD
:1091A0000B6883B00193037904689C46E3698046A9
:1091B0004E685B0764D10323E2691A40FCD123683F
:1091C0009B0760D50123002599460420237EDBB24E
:1091D000184232D1AA421BD84846184218D04046FD
:1091E000C0888246019800280FD0007883466046E8
:1091F00001283DD9019840780002824658465746DA
:109200003843824601980230019050460132A062F4
:109210005BB2002B21DB8B689342D6D8AB42D4D80B
:1092200010000322237E1A42FCD0227603B03CBCFD
:1092300090469946A246AB46F0BDA06A8246002EF3
:1092400007D03070604601280FD95046000A707070
:10925000023601355BB2002BDDDA012313205B42BD
:109260006383813323764042DBE701360135F1E742
:10927000DA4601980132013001905046A062C7E7FA
:1092800004204042D2E714204042CFE7437EDB096E
:10929000FCD103789B0727D4012203781343037082
:1092A000437EDB09FCD1002243708370C3700375D9
:1092B0008384C3842A33C254437EDB09FCD1838078
:1092C000437EDB09FCD10361437EDB09FCD10372E1
:1092D000437EDB09FCD18383437EDB09FCD103841D
:1092E000023303700020704711204042FBE7C04664
:1092F00010B501600800FFF7C9FF10BD0221036827
:109300001A788A4301211A701A780A431A70704732
:109310000221026813780B43137070470268537E72
:10932000DB09FCD190888006800F0338431E9841EA
:1093300001307047036801201B7E18407047C0460B
:109340000268537EDB09FCD10221137B0B431373AC
:109350007047C0460268537EDB09FCD1508B80B257
:109360007047C0460F220068114043789343194369
:109370004170704730B50224026810781378800776
:10938000A343C00F13708CB2537EDB09FCD1302590
:1093900091882301A9432B4019439180002803D0D1
:1093A000022113780B43137030BDC04610B500681E
:1093B000437EDB09FCD104691F339C430B402343EC
:1093C0000361437EDB09FCD10369044912020B40AF
:1093D000F82149010A401A43026110BDFFE0FFFF76
:1093E00001684B7EDB09FCD10B690448120603407F
:1093F000F020000502401A430A617047FFFFFFF0AA
:109400003F2070B50F25154A135C1B071C0F138CEA
:10941000115C1B071B0FA943194311540D3D0F305D
:10942000115C15540E4A9B009858C907C90F0028B3
:1094300007D08368002B04D000290AD1002100F056
:10944000A3F83F220F2005498B5C834323438B54B1
:1094500070BD012100F098F8F3E7C04600480041D4
:10946000200A002070B50400030703D00F23013049
:109470000342FCD1882580226D00605152000021FA
:10948000F3F790F902212020144B1A888A431A809E
:10949000134A516901435161D16910380143D161C7
:1094A00001221A80F02212011A80002202215A8021
:1094B0006259C12080325A63625980009A631A88C7
:1094C0000A431A804022074B07491A601A58114074
:1094D0008022D2030A431A50200070BD0048004188
:1094E0000004004000E100E0FFFF00FF10B5202273
:1094F00000210648F3F756F98A2040000AF07FFF62
:109500000400FFF7AFFF024B1C6010BD200A0020D3
:10951000400A002088235B00C058072902DC08317C
:10952000090140187047C04670B5134C2368002BE2
:109530001DD08822002452009B5880331A88D207FD
:1095400006D501341033082CF8D10025280070BD51
:1095500001211A880C200A431A800AF050FF0500E6
:10956000210000F00DF8054BA400E550EEE7FFF7F1
:10957000BDFF2368DDE7C046400A0020200A002026
:10958000002341608360704770B53F250F26094A6C
:109590004468535D3440B343234340245355135D23
:1095A0003D3DAB4313558068002802D003681B681B
:1095B000984770BD00480041816000207047C04658
:1095C000F8B51D00436804000F001600002B2FDBC8
:1095D000F5F77AFC184B61681868FFF79BFF2A00C3
:1095E00003889B059B0FDA4093B22A0043800388CF
:1095F0009B059B0FDA402260002F01D07F19476046
:10960000002E01D0751985603F2061680F240B4B37
:1096100021401A5CA2430A431A5407214E22022019
:10962000995439315A5C02435A54F5F73FFCF8BD5E
:109630005A20F3F7E5FECBE7400A0020004800413E
:10964000F0B5CE461D00436800B5060089461700F8
:10965000002B00DA89E0F5F737FC3F200F24454B5B
:1096600071681A5C2140A2430A431A544022995C53
:109670003D38814301209954995C014399549C5C85
:10968000E407E40FFBD1012170681A6981408A4325
:109690001A615A6C384948461140802212040A4324
:1096A0003F215A645A6C01403448090202400A437F
:1096B000602102205A645A6C8A435A645A6C5039A9
:1096C0008A435A645A6C08398A435A645A6C01397D
:1096D0008A435A6446315A5C02435A54284B716893
:1096E0001868FFF717FF04800388DB04DB0C038096
:1096F000069B002B2DD00388224A13400380038849
:10970000214A1340012203800388204992020B4022
:1097100013430322038003883A401D4F12021F4067
:109720001743182207800388934306220380038887
:10973000134303800023069A438045608260012220
:10974000C360038813430380F5F7B0FB04BC914664
:10975000F0BD802302885B011343038080230288CD
:109760001B01134303800022CEE75A20F3F748FE83
:1097700071E7C04600480041FFFF3FFFFFC0FFFF09
:10978000400A0020FFEFFFFFFFF7FFFFFFFBFFFF97
:10979000FFFCFFFF004870470BFCFFFF00487047CD
:1097A0000BFCFFFF004870470BFCFFFF30B585B096
:1097B00003AC227000226370036800925D6922008E
:1097C0000223A84705B030BDF0B5C64600B586B047
:1097D0001F000CAB0D0002CB0400884669461B78C5
:1097E000CA7302685669002B13D001230F2200931D
:1097F0006A442900B047002807D123680090DE6939
:109800003A00434629002000B04706B004BC904609
:10981000F0BD69461722C97B6A4411700093290084
:109820000123B047E7E7C046F0B5D6464F46464667
:10983000C0B51D0008AB1B7806008A46141E994669
:1098400035D0002D33DD03681A495A6888468A42AC
:109850002AD1DA68184FBA421FD1651904E00134E1
:10986000A54209D03268D268BA42F8D021783000D7
:1098700001349047A542F5D14B460024002B05D07A
:1098800020001CBC90469946A246F0BD33689B68F8
:109890004345F5D030009847F2E753463000D9B23F
:1098A00090473368DA68D8E790473368D1E7034CCC
:1098B000E6E7C0469D970100A597010017FCFFFF52
:1098C000F8B54546DE4657464E46E0B51F000AABA2
:1098D0001B7805000C0090469B46002A50D0002FB4
:1098E0004EDD036827495A688A468A4236D1DA68CB
:1098F000254EB24238D1012F18D07A1E91464746E4
:1099000044464F4404E020700134A7420CD02B6839
:109910001B690B20B342F6D0002128009847C0B243
:1099200020700134A742F2D12B68C8441B690B2078
:10993000B34220D1434618705B460024002B06D06A
:1099400020003CBC90469946A246AB46F8BD2B6829
:109950009B685345F4D028009847F1E790472B685F
:10996000094EDA68B242C6D001212143C9B22800AB
:1099700090472B68BFE7012128009847C0B2D9E77C
:10998000024CDDE79D970100A597010017FCFFFF42
:10999000014B083303607047E46102004162704785
:1099A00082B010B5406A02920393002802D0036887
:1099B0001B68984710BC08BC02B0184782B030B58D
:1099C000040085B0089202A808220993F1F7BEFCB2
:1099D000039B5A10A418DB0710D52368029A9D58E0
:1099E0000AA908226846F1F7B1FC089A099B2000F1
:1099F000A84705B030BC08BC02B01847029DEFE78D
:109A0000F0B50C000D00083485B021000600FAF70F
:109A100027FBEB686F46002B22DD012B29D00027A6
:109A2000200004342100FAF72BFBEB680137581EA5
:109A3000B842F5DC6F46841CA4002C193800FAF7F4
:109A4000F9FA39002000FAF71BFB3800FAF710FB8F
:109A5000EB682A69013BEB6033685B88D31A2B61A2
:109A6000AA8B012304493800FAF76EFA300005B0DA
:109A7000F0BD0020DEE7C046FE030000C26810B55E
:109A80009446836986B063440400002B5ADD20238A
:109A9000E35C002B5DD0A16A01A80B681B689847A6
:109AA000E068A36915E06269002A23DD21698A4222
:109AB00012DB002B10D18A4201DB002B1CD00133BA
:109AC000A361F6F7A1F8A369E068013BA361002850
:109AD00012DDC218002AE6DDA18B1F48F5F716FF3C
:109AE000A369E0681A18002AE9DC6269002AE4DD4B
:109AF0002169E0E7002BEFD102308000201801A996
:109B0000FAF7BEFA2269019B94465B88606A634457
:109B10002361E3680133E360002806D02023E35C7F
:109B2000002B08D003681B68984701A8FAF7A0FA31
:109B3000002006B010BDE28B0123074902A8FAF706
:109B400003FAF2E74369002BA5DD02699342A2DA2A
:109B50009DE70248EDE7C046FF03000013FCFFFF4E
:109B600008B4024B9C46043808BC60477D9A01004B
:109B70000D4B70B51A000400002508321C3302603A
:109B8000436008300E00FAF755FAE560256165611B
:109B9000E583F9F7CBF820230122A083E2542000CB
:109BA000A5616562A66270BD10620200094B70B5C6
:109BB0001A0005000400060008321C3302604360EE
:109BC00008350C34043C2000FAF752FAA542F9D1CA
:109BD000300070BD10620200F0B5C646202300B50B
:109BE000040082B0C154002902D1C58B002D03D0DE
:109BF00002B004BC9046F0BDF9F798F81C4B070082
:109C00001B68E0839846002BF2D028200AF0F7FB6F
:109C100006001030FAF7BAF9164B18203380778017
:109C20000AF0EDFB0700144B0460082200210C3001
:109C300000930195F2F7B6FD6946381D0822F1F749
:109C400085FB0E4BF5607B611223B38043461B6896
:109C5000B760356275625B683100404698470028FE
:109C6000C6D03000F6F7F8F930000AF0B9FBBFE7CC
:109C700030090020FF030000A1990100BD990100F7
:109C8000014B18687047C046440A0020024B10B5CB
:109C900018680AF0C9FBC046F400002000224308FF
:109CA0008B4274D303098B425FD3030A8B4244D3A4
:109CB000030B8B4228D3030C8B420DD3FF220902E6
:109CC00012BA030C8B4202D31212090265D0030BA5
:109CD0008B4219D300E0090AC30B8B4201D3CB039B
:109CE000C01A5241830B8B4201D38B03C01A5241DD
:109CF000430B8B4201D34B03C01A5241030B8B42DF
:109D000001D30B03C01A5241C30A8B4201D3CB02C9
:109D1000C01A5241830A8B4201D38B02C01A5241AE
:109D2000430A8B4201D34B02C01A5241030A8B42B1
:109D300001D30B02C01A5241CDD2C3098B4201D3C9
:109D4000CB01C01A524183098B4201D38B01C01A47
:109D5000524143098B4201D34B01C01A52410309BE
:109D60008B4201D30B01C01A5241C3088B4201D36D
:109D7000CB00C01A524183088B4201D38B00C01A1A
:109D8000524143088B4201D34B00C01A5241411A41
:109D900000D20146524110467047FFE701B500204E
:109DA00000F0F0F802BDC0460029F7D076E7704712
:109DB00003460B437FD4002243088B4274D303092C
:109DC0008B425FD3030A8B4244D3030B8B4228D3CD
:109DD000030C8B420DD3FF22090212BA030C8B42F3
:109DE00002D31212090265D0030B8B4219D300E093
:109DF000090AC30B8B4201D3CB03C01A5241830B18
:109E00008B4201D38B03C01A5241430B8B4201D3C7
:109E10004B03C01A5241030B8B4201D30B03C01AF0
:109E20005241C30A8B4201D3CB02C01A5241830A6A
:109E30008B4201D38B02C01A5241430A8B4201D399
:109E40004B02C01A5241030A8B4201D30B02C01AC3
:109E50005241CDD2C3098B4201D3CB01C01A52412A
:109E600083098B4201D38B01C01A524143098B42B3
:109E700001D34B01C01A524103098B4201D30B019C
:109E8000C01A5241C3088B4201D3CB00C01A5241C1
:109E900083088B4201D38B00C01A524143088B4286
:109EA00001D34B00C01A5241411A00D2014652411F
:109EB000104670475DE0CA0F00D04942031000D33E
:109EC0004042534000229C4603098B422DD3030A93
:109ED0008B4212D3FC22890112BA030A8B420CD3A3
:109EE000890192118B4208D3890192118B4204D3CC
:109EF00089013AD0921100E08909C3098B4201D34C
:109F0000CB01C01A524183098B4201D38B01C01A85
:109F1000524143098B4201D34B01C01A52410309FC
:109F20008B4201D30B01C01A5241C3088B4201D3AB
:109F3000CB00C01A524183088B4201D38B00C01A58
:109F40005241D9D243088B4201D34B00C01A52412F
:109F5000411A00D20146634652415B10104601D3BC
:109F60004042002B00D54942704763465B1000D346
:109F7000404201B5002000F005F802BD0029F8D0EC
:109F800016E770477047C0468446101C62468C46F0
:109F9000191C634600E0C0461FB502F039F80028DE
:109FA00001D40021C8421FBD10B501F091FF40420D
:109FB000013010BD10B502F02BF8002801DB0020A5
:109FC00010BD012010BDC04610B502F021F80028D8
:109FD00001DD002010BD012010BDC04610B501F00C
:109FE000B3FF002801DC002010BD012010BDC046D9
:109FF00010B501F0A9FF002801DA002010BD0120F2
:10A0000010BDC0468446081C6146FFE71FB500F03E
:10A010003BFD002801D40021C8421FBD10B500F04F
:10A02000BDFC4042013010BD10B500F02DFD0028F0
:10A0300001DB002010BD012010BDC04610B500F0AE
:10A0400023FD002801DD002010BD012010BDC04609
:10A0500010B500F0CBFC002801DC002010BD012071
:10A0600010BDC04610B500F0C1FC002801DA002088
:10A0700010BD012010BDC046002B15D1002A13D100
:10A08000002906DB01DC002806D00020C04341087F
:10A0900002E080210906002007B4024801A140180F
:10A0A000029003BDE1FEFFFF03B4684601B50298CC
:10A0B00000F0ACF9019B9E4602B00CBC7047C04654
:10A0C000002B11D1002A0FD1002900D1002802D085
:10A0D0000021C943081C07B4024802A1401802909D
:10A0E00003BDC046A1FEFFFF03B4684601B5029858
:10A0F00000F0CAF8019B9E4602B00CBC7047C046F7
:10A10000F0B5CE46474615042D0C2E0080B5070449
:10A11000140C3F0C9946030C7E435D436743634335
:10A120007F19340CE4199C46A54203D980235B02B5
:10A130009846C4444B4643435143250C360465447A
:10A14000360C2404A4195B19591820000CBC904645
:10A150009946F0BD1300F0B54646D6464F469246A6
:10A16000D2179B185340C0B504000D009846060056
:10A170000F00DB0701D40026184F01239946434600
:10A180005B08984618D022002B002000290001F01F
:10A19000A7FF4B46424604000D001342EFD00B00D0
:10A1A00002003900300001F09BFF43465B080600C7
:10A1B0000F009846002BE6D15346002B07DA3200F9
:10A1C0003B000020054901F081FB06000F00300034
:10A1D00039001CBC90469946A246F0BD0000F03FF5
:10A1E0009E2110B5C905041CFFF73CFF002803D1D0
:10A1F000201C00F0A5FF10BD9E21201CC90500F009
:10A20000C5FD00F09DFF80231B069C466044F2E7DD
:10A2100070B500220C4B04000D00FFF7E9FE00288A
:10A2200004D12000290002F031FD70BD064B002250
:10A230002000290002F0C6F902F028FD80231B0649
:10A240009C466044F1E7C0460000E04170B5002242
:10A250000B4B0D00040001F043FFFFF7D9FF060090
:10A2600002F084FD0022074B01F03AFF02000B00D0
:10A270002000290002F0A6F9FFF7CAFF310070BDE7
:10A280000000F03D0000F041F0B54F464646D6468E
:10A29000C0B5040082B00D00914698468B422FD87D
:10A2A0002CD04146484602F087FE290006002000D7
:10A2B00002F082FE331A9C46203B9A4600D576E097
:10A2C0004B46524693401F004B46624693401E0049
:10A2D000AF4228D825D05346A41BBD41002B00DA3D
:10A2E0007BE0002200230092019301235246934019
:10A2F0000193012362469340009318E08242D0D933
:10A3000000220023009201930A9B002B01D01C60C5
:10A310005D600098019902B01CBC90469946A24627
:10A32000F0BDA342D7D900220023009201936346D7
:10A33000002BE9D0FB079846414672080A437B0888
:10A3400066460EE0AB4201D1A2420CD8A41A9D4150
:10A35000012024196D410021013E24184D41002E99
:10A3600006D0AB42EED9013E24196D41002EF8D142
:10A3700000980199534600196941002B23DB2B00FB
:10A380005246D3402A006446E2401C005346150062
:10A39000002B2DDB26005746BE40330026006746C3
:10A3A000BE403200801A994100900191ACE76246AC
:10A3B00020239B1A4A46DA406146130042468A40EF
:10A3C00017001F4380E7624620239B1A2A00664637
:10A3D0009A402300F3401343D4E762462023002130
:10A3E0009B1A0022009101920122DA40019280E73B
:10A3F0002023624626009B1ADE402F00B0466646A8
:10A40000B74046463B003343C8E7C046F0B583B08B
:10A4100016001F000090019102F0DAFD04000D000B
:10A4200002000B0030003900FFF76AFE009A019B22
:10A43000121A8B41089920000A604B60290003B072
:10A44000F0BDC046F8B54746CE4643025B0A44001D
:10A45000C20F9C464800DD004B02240E5B0A000E32
:10A4600080B5984626009146C90FDB00271A8A421C
:10A4700029D0002F15DD00284AD1002B00D095E00F
:10A48000ED08FF2C00D188E06B025B0AE6B25B02AC
:10A49000F605580A3043D20710430CBC9046994643
:10A4A000F8BD002F00D087E0601CC0B2012800DC9E
:10A4B000B6E0EE1A720100D5C5E0002E3DD10022B3
:10A4C00000260023E3E7002F00DC96E000285DD0A3
:10A4D000FF2C60D08022D20413431B2F00DDECE060
:10A4E0002022D21B18009340F8405A1E9341034388
:10A4F000ED186B017BD50134FF2C00D1B7E00122B0
:10A5000007262A406B089A4D1D4015432E4029E02E
:10A51000FF2CB5D08022D20413431B2F00DDB2E004
:10A520002022D21B19009340F9405A1E93410B433D
:10A53000ED1A6B015BD5AD01AE09300002F01EFDD6
:10A5400005388640844265DC041B3300202001343A
:10A55000E340041BA640751EAE41334307261D0091
:10A5600000241E4001224B461A40002E04D00F2327
:10A570002B40042B00D004356B0100D480E701345C
:10A58000E6B2FF2C2FD1FF26002380E7002B52D10B
:10A59000FF2C00D074E70A00ED08002DF3D08023D3
:10A5A000DB032B435B025B0AFF2670E7013F002FB2
:10A5B000BED0FF2CB1D163E7002C47D0FF2869D073
:10A5C0008024E4047A4225431B2A00DDC5E02C00E8
:10A5D0002026D440B21A95406A1E954125435D1B42
:10A5E00004008946A5E7AB015B0A50E7002401227D
:10A5F0004B461A406B07BAD142E7002F3BD10134DA
:10A60000E0B201284ADDFF2CBDD00726ED186D0809
:10A610002E40A7E70723574D241A35401E40A1E7D7
:10A62000002C1BD1002D6ED1002B00D19AE00A0026
:10A630001D003C0024E7013F002F00D158E7FF2C0C
:10A6400000D04AE7A7E75E1B894676E7002D1CD1BC
:10A650000A00FF281FD004001D0011E7002D5DD166
:10A66000002B17D180230022DB03FF260FE70A000F
:10A67000FF2600230BE7002C21D1002D66D1FF28F7
:10A68000E9D11D0087E7012352E77A1CA7D0FA43DE
:10A69000FF2899D10A001D00FF24F1E6002E21D1E8
:10A6A000002D4FD0002B4CD0ED186B019ED5314BB7
:10A6B00007362E4001241D4054E7012318E7FF28E8
:10A6C000DFD08024E4047F4225431B2F4DDC20266D
:10A6D000F61B2C00B540FC406A1E95412543ED1841
:10A6E000040006E7002DCCD0002B00D153E78021D9
:10A6F0006046C903084203D04046084200D11D000D
:10A700000121114047E7002B00D1B9E6EA1A5001B8
:10A7100025D507265D1B2E40894623E7FF24002B05
:10A7200000D1ADE680226046D203104204D04046FC
:10A73000104201D11D00894601224B46FF241A40D8
:10A740009EE62B00DD080A0000249DE67A1CC6D098
:10A75000FF43FF28B9D11D001DE701253FE7151E66
:10A7600000D044E70022002391E60125B7E7C04668
:10A77000FFFFFF7DFFFFFFFBF8B557464E464546FE
:10A78000DE464402E0B546008846640A360EC70F2E
:10A79000002E63D0FF2E24D08023E400DB041C4372
:10A7A000002399469B467F3E434642465D02D20FB8
:10A7B0005B006D0A1B0E9046924665D0FF2B55D06C
:10A7C00080220021ED00D2047F3B1543F61A434658
:10A7D0004A467B400F2A00D98DE06D48920082588E
:10A7E0009746002C54D108239946063BFF269B46EA
:10A7F000DAE70025534602291BD0032900D1BFE028
:10A80000012928D030007F30002820DD6A0704D0DD
:10A810000F222A40042A00D004352A0103D5300033
:10A820005C4A80301540FE2803DCAC01640AC2B2E9
:10A8300001E0FF2200246402D205600ADB07104316
:10A8400018433CBC90469946A246AB46F8BD01224F
:10A85000101A1B287CDD00220024ECE7002C1DD1FF
:10A8600004239946033B00269B469DE7FF3E002DAF
:10A8700020D1022143464A467B400A430F2AD8D8BA
:10A880004548920082589746002D19D10121F1E7E1
:10A890000C239946093BFF269B4685E7200002F0E2
:10A8A0006DFB7626431F9C4000237642361A99465C
:10A8B0009B4679E74A4603231A439146032186E7DC
:10A8C000280002F05BFB431F36189D4076360021BE
:10A8D0007DE780240023E403FF22ACE700258023EA
:10A8E000DB031C4228D01D4226D12B435C02640AA4
:10A8F0004346FF229FE762016C01A24224D21B2142
:10A900000025013E012710006D005200002801DBE8
:10A91000944201D8121B3D4301390029F3D11400A0
:10A92000621E944125436DE7BA46594625005346B9
:10A93000022900D061E77CE78023DB031C4364022B
:10A94000640A3B00FF2276E7121B1A210125D9E792
:10A950009E362A00B5402C00C240651EAC4114430F
:10A96000620704D00F222240042A00D0043462017E
:10A9700003D4A401640A00225DE7012200245AE7FF
:10A980008024E4032C436402640AFF2253E7C04698
:10A9900030620200FFFFFFF77062020070B54200F4
:10A9A0004E024C0045026D0A120EC30F760A240EA9
:10A9B000C90FFF2A0FD0FF2C11D00120A24200D0D6
:10A9C00070BDB542FCD18B420DD0002AF8D12800D1
:10A9D000451EA841F4E70120002DF1D1EBE701204D
:10A9E000002EEDD1E9E70020EAE7C04670B54A0045
:10A9F0004E02450244006D0A240EC30F760A120E61
:10AA0000C90FFF2C15D0FF2A0ED0002C15D1002A1B
:10AA100001D1002E1CD0002D14D08B4227D0022053
:10AA2000013B1840013870BD002EEED0022040429C
:10AA3000F9E7002DFAD1FF2A0ED0002A0ED1002E00
:10AA4000EDD00BE001230139994308000130EAE71A
:10AA50000020002DE7D0E2E7002EE7D18B42DED1C7
:10AA6000944205DD0221581E08400138DBE700242E
:10AA7000A24204DCB542D2D80020B542D3D2581E3F
:10AA8000012398430130CEE730B5420044024D0225
:10AA9000C30F4800640A120E6D0A000EC90FFF2A88
:10AAA00012D0FF280CD0002A12D1002819D1002D75
:10AAB00017D1002C2BD00220013B1840013826E092
:10AAC000002DF0D0022022E0002CFBD1FF281FD067
:10AAD00000281FD1002D1DD10220013B1840013854
:10AAE00015E0002C0ED08B42E5D10022904204DC10
:10AAF000AC42E0D80020AC4209D2581E0123984352
:10AB0000013004E00123013999430800013030BDD0
:10AB1000002DD7D18B42CED18242E7DD0221581ED3
:10AB200008400138F3E7C046F0B54E465746454663
:10AB3000DE46E0B543025B0A450083B00F1C994630
:10AB40002D0EC60F002D57D0FF2D24D08020DB0006
:10AB5000C0041843002381469A469B467F3D7C02F1
:10AB60007A00FB0F640A120E984623D0FF2A4BD0BE
:10AB7000E30080240020E4047F3A1C43AD186B1CE2
:10AB800047460193534677403A000F2B48D87D49FA
:10AB90009B00CB589F46002B00D085E008339A4697
:10ABA000063B9B467C027A00FB0FFF25640A120ECF
:10ABB0009846DBD1002C00D090E0524601231A4386
:10ABC00092460120DBE74C4658461700022824D065
:10ABD000032800D1CFE00022002301284DD15802E4
:10ABE000D205400AFF071043384303B03CBC9046EF
:10ABF0009946A246AB46F0BD002B5BD104239A4692
:10AC0000033B00259B46AAE7FF35002C60D1524646
:10AC100002231A4392460220B1E7FF220023DEE717
:10AC20004B461B0C9C464B462604360C18046146CA
:10AC30003300220C6446000C43434E4350435443BC
:10AC400080191A0C1218964203D9802149028C46A9
:10AC500064441B041B0C1004C01883015E1EB34126
:10AC6000800E1843130C1B199B0103431C00230186
:10AC700079D5012362081C401443019A7F32002ACF
:10AC80004DDD630704D00F232340042B00D0043490
:10AC9000230103D53C4B019A1C408032FE2ABCDCC8
:10ACA000A3015B0AD2B29AE70C239A46093BFF251F
:10ACB0009B4654E7180002F061F94A46431F762587
:10ACC0009A4000236D4291462D1A9A469B4646E7CC
:10ACD000524603231A439246032050E7200002F015
:10ACE0004DF9431F2D1A9C40763D002047E78023F5
:10ACF0000027DB03FF2272E7424666E74C4632003C
:10AD0000584662E780234A46DB031A4222D01C429F
:10AD100020D123435B025B0A4746FF225FE7012302
:10AD20009A1A1B2A21DC23000199D3409E318C40C2
:10AD30001A0023005C1EA34113435A0704D00F22BC
:10AD40001A40042A00D004335A0111D49B015B0A33
:10AD5000002244E780234A46DB0313435B025B0A7D
:10AD60003700FF223BE7019587E70022002336E703
:10AD70000122002333E78023DB0323435B025B0ACA
:10AD8000FF222CE7B0620200FFFFFFF7F8B547464D
:10AD9000CE464400C20F80B547024802400A8446AE
:10ADA000664648007F0A240EF60025009046FB0008
:10ADB000000EC90FB146FF2800D185E00126714081
:10ADC000261A914257D0002E43DD002800D07FE0A4
:10ADD0004946002900D1AAE0013E002E00D0F7E04C
:10ADE0005B1A5A0100D48BE09B019C09200002F001
:10ADF000C5F805388440854200DDD3E0451B2300BB
:10AE000020200135EB40451BAC40621E944123439A
:10AE1000072400251C40012241460A40002C04D092
:10AE20000F211940042900D00433590100D480E0D7
:10AE30000135ECB2FF2D00D0A3E0FF2400235B021C
:10AE4000E405580AD207204310430CBC90469946AB
:10AE5000F8BD002E74D1601CC0B2012800DCA7E050
:10AE60004A469C1A620100D5B6E0002CBED10022F1
:10AE700000240023E3E7002E00DC85E0002846D014
:10AE8000FF2C49D080224846D2041043814601223B
:10AE90001B2E09DC20204C46801B84404A462000A3
:10AEA000F240441EA04102439B185A0128D50135A7
:10AEB000FF2D00D1A8E00122072494491A405B0825
:10AEC0000B4013431C40A6E7002E00D078E775E73F
:10AED000FF2C54D080224946D204114389460122D6
:10AEE0001B2E09DC20214846891B88404A46010068
:10AEF000F240481E81410A439B1A5A0100D573E76C
:10AF0000012241460A40590700D089E711E048462E
:10AF1000002858D1FF2C0CD1DB08002B00D18CE786
:10AF20008020C00303435B025B0AFF2487E7FF2CFA
:10AF300025D0DB08FF2DF0D05B025B0AECB27EE788
:10AF4000002C4DD0FF2818D08024E4047242234303
:10AF50001B2A00DDC4E01C002025D440AA1A93401F
:10AF60005A1E934123434A460500D31A884638E7C0
:10AF7000721CF8D0F243FF28EAD10A004B46FF25A5
:10AF8000D7E79B015B0A5AE7002E41D1651CE9B265
:10AF9000012945DDFF2D00D14FE707244B445B0815
:10AFA0001C4038E707225A4B2D1A2340144032E741
:10AFB000002C1DD1002B7AD14B46002B00D191E003
:10AFC0000A000025B5E7013E002E19D14B446CE77D
:10AFD000FF2C84D1FF25ACE74A468846D41A05E702
:10AFE000002BC5D10A00FF28C8D005004B46A0E7BA
:10AFF000002B49D14B46002B77D00A00FF2598E75C
:10B00000FF2C00D043E787E70A00FF24002316E760
:10B01000002C15D1002B57D1FF28E6D14B467BE7FA
:10B02000002C20D1002B57D04946002953D04B4447
:10B030005A0168D50724364A1C4001251340EAE628
:10B04000FF28EBD08022D204764213431B2E53DC20
:10B050002025AD1B1A00AB40F2405C1EA3411343F8
:10B060004B44050021E7002BD8D04946002900D1E8
:10B0700052E78021C9030F4200D14DE760460842E4
:10B0800000D049E74B4647E74846FF25002800D156
:10B090004FE78022D203174204D06046104201D10C
:10B0A0004B46884601224146FF250A4041E7484673
:10B0B00000281FD01A1A500120D54A460724D31A57
:10B0C0001C4088460025A6E6741CC9D0F643FF281C
:10B0D000BCD14B4620E799464B460025DB082BE7C1
:10B0E000012340E700220023A9E680230022DB039E
:10B0F000FF24A4E600251CE70123B1E7002AF1D0D4
:10B1000013000025FCE60025FAE6C046FFFFFF7DA0
:10B11000FFFFFFFB42024B0240004900520A5B0A5C
:10B12000090E000EFF2806D00020FF2902D11800CA
:10B13000431E98417047FE38002AFBD1F4E7C04611
:10B1400041024200C30F490A120E00207E2A0DD987
:10B150009D2A0CD8802000040143952A0ADC962001
:10B16000821AD1404842002B00D108007047034AA0
:10B170009818FBE7963A9140F4E7C046FFFFFF7F3F
:10B1800070B500283DD0C317C5185D40C40F280016
:10B1900001F0F4FE9E22121A962A07DCD2B2082889
:10B1A00033DD083885406802400A23E0992A0BDD28
:10B1B000052329001B1AD94003001B339D402B0097
:10B1C0005D1EAB4119430D00052801DD431F9D4065
:10B1D0002B000F490B406E0709D00F263540042D78
:10B1E00005D004335D0102D59F220B40121A9B014A
:10B1F000580AD2B24002D205400AE4071043204365
:10B2000070BD002400220020F4E76802400AF1E744
:10B21000FFFFFFFB70B5041E34D001F0AFFE9E228D
:10B22000121A962A07DCD2B208282EDD083884408C
:10B230006002400A21E0992A09DD030021001B3346
:10B2400099404B1E994105231B1ADC400C430528ED
:10B2500001DD431F9C4023000D490B40650709D0C9
:10B260000F252C40042C05D004335C0102D59F220D
:10B270000B40121A9B01580AD2B24002D205400A72
:10B28000104370BD00220020F7E76002400AF4E797
:10B29000FFFFFFFBF0B54F464646D6460C000903BC
:10B2A000C0B5490A470F5E0039431F03DB0F9C46B8
:10B2B00065007B0A570F1F436D0DE40F760DA14605
:10B2C000C000B846D200AB1B64457BD0002B5FDDCD
:10B2D000002E00D0A4E03E00164300D112E15E1E15
:10B2E000002E00D09EE1871A4346B84280410125D6
:10B2F000C91A4042091A0B0200D431E149024E0A30
:10B30000002E00D16EE1300001F038FE0300083B52
:10B310001F2B00DD61E120223900D21A9E40D1406E
:10B320009F400E439D4200DD51E15D1B6B1C1F2BB6
:10B3300000DD7CE12021C91A3D0030008F408840AB
:10B34000DD40791E8F41310007222843D940002576
:10B3500007433A40002A09D00F233B40042B05D075
:10B360003B1DBB42BF417F42C9191F000B0200D4E5
:10B3700026E26A1CC64B55056D0D9A4200D106E1C6
:10B38000C44AFF080A40530752023B43120B8EE0A7
:10B39000002B00D0B8E06B1C5B055B0D012B00DCC3
:10B3A00030E1871A4346B842B641CB1A76429E1B1B
:10B3B000330200D54CE13B003343A1D100220024ED
:10B3C000002570E0002B00DCE5E0002E00D183E0DA
:10B3D000AF4EB54260D0802636043743B846382B8E
:10B3E00000DC3EE1434613431F007A1E97413F189D
:10B3F00087428041404209180B0200D4B0E0A44BC0
:10B4000001359D4200D1C3E0A24A7B080A400121D8
:10B410000F401F435108D30707221F433A4099E7C3
:10B420009B4EB54238D0802636043743B846382B79
:10B4300000DDDCE01F2B00DC30E11E004746203E33
:10B44000F740BC46202B04D04026F31A46469E40C7
:10B450003243170063467A1E97411F43CCE0002B0E
:10B4600000D104E24346134300D159E14B07C00821
:10B4700018438023C9081B03194208D04546ED082C
:10B480001D4204D14346D008590708432900420F02
:10B49000C9007F4D1143C0004B07CA087C49C00852
:10B4A00003438D4268D012036D05120B6D0D002110
:10B4B00012031800130B0A0D12051A43764B2D05C3
:10B4C00013402B435B00E4075B08234319001CBCBB
:10B4D00090469946A246F0BD3E00164312D05E1E2D
:10B4E000002E00D000E1871887428041414440424D
:10B4F000091801250B0233D5022585E76446330080
:10B50000414610001D00C7E7002D00D0DAE00C0016
:10B510000443F3D05C1C00D19FE15D4CA64200D1F6
:10B520002FE1DB43382B00DD66E11F2B00DD83E1DB
:10B5300020240500E41A0F00DD40D940A040434616
:10B54000A7405B1A441EA04198462F433843171A60
:10B55000BA42924143465242991A64463500CAE6BD
:10B5600007223A40002A00D0F6E64B07CA084849AD
:10B57000FF083B438D4296D11900114300D19EE153
:10B58000802109030A431203120B414D8FE7150076
:10B59000002200238BE7002B00D0C7E06B1C5F0567
:10B5A0007F0D012F00DCF1E0394DAB4200D1B9E055
:10B5B00085180A00854289414244494251180722B0
:10B5C000CF076D082F4349083A401D00C2E6072205
:10B5D0003049ED1A31403A40BCE63E0028388640FA
:10B5E00000279FE6380001F0C9FC20308EE6434674
:10B5F00013431F007A1E9741C71BB8428041404247
:10B60000091A78E60E003B0006431343002D61D172
:10B61000002E00D0F4E0002B00D11BE1644639007D
:10B62000100039E71A4FBB427AD03300FFE63000F2
:10B630001F3DE840202B03D04021CB1A9E403743CA
:10B640007B1E9F41072207433A400021002589E7DE
:10B65000171A4346BA42B641591A76428E1B6446BF
:10B660004EE61F2B00DDADE020264746F61AB74018
:10B67000B9461700B246DF404E463E4337005646B5
:10B68000B240561EB24117434246DA408918AEE630
:10B69000FF070000FFFF7FFFFFFF0F8020264746C8
:10B6A000F61AB740B9461700B246DF404E463E4351
:10B6B00037005646B240561EB24117434246DA4062
:10B6C000891A99E77F4CA6425BD0802424045B4210
:10B6D000214327E7002E0CD1002B00D1CBE064469C
:10B6E00039001000774DD7E6764FBB4218D03300B3
:10B6F00075E6002B14D04B07C00818438023C908F7
:10B700001B03194207D0FC081C4204D17907D0085A
:10B710000843E14621004C46420FC9001143C000D6
:10B72000684DB9E61D0000220023C0E6002D5BD164
:10B730000D00054300D1E2E65D1C00D1B0E0614D93
:10B74000AE421FD0DB43382B71DC1F2B00DD96E0AF
:10B7500020250F00ED1AAF40B9460700AA46DF408A
:10B760004D463D432F005546A840D940451EA841AF
:10B7700088440743BF1897429241514241443500E3
:10B780003AE6644635004146100085E60B00034367
:10B79000002D00D063E6002BF5D04346134300D1C3
:10B7A0007AE68718874280410722414440420918BF
:10B7B0003A400B0200D4D5E6434B01351940C9E5A8
:10B7C000380069E61E004746203EF740BC46202B65
:10B7D00004D04026F31A46469E4032431700634683
:10B7E0007A1E97411F4302E6364DAE42CAD08025ED
:10B7F0002D045B422943A6E70843411E8841A6E683
:10B80000002B00D148E6871A4346B842B641CB1A0E
:10B8100076429E1B33024BD5171A4346BA429241D9
:10B82000591A5242891A072264463A4092E5014366
:10B830000F00791E8F419DE71C000F00203CE74060
:10B84000202B03D04024E31A99400843411E88412D
:10B8500038437CE60022002425E6171A4346BA4204
:10B860009241591A5242891A6446350043E54146CD
:10B870001000144D10E680220024120380E61D0003
:10B880000F00203DEF40BC46202B03D04025EB1A93
:10B890009940084307006346781E87411F4369E7C4
:10B8A000871897429B4141445B42C9183500A3E584
:10B8B0003B003343CED0072231003A4052E600230A
:10B8C0001A00F4E5FF070000FFFF7FFFF0B55746C1
:10B8D000DE464E464546E0B5834607000E03480067
:10B8E00085B092461C00360B400DCD0F002800D1CC
:10B8F0009DE0954B984239D08023F6001B041E43EF
:10B90000924A7B0F33439946944603006344009365
:10B9100000230026FF00029323031B0B98466300BD
:10B92000E40F52465B0D019400D1B3E086498B428F
:10B9300000D19EE04246D100802212040A435146C3
:10B94000490F11438B46814952468C460099634406
:10B95000CB1A0021D20000932B0063409A460F2E91
:10B9600000D905E17A4BB6009B599F465B463343AD
:10B97000994600D0B8E002230826002700900293E1
:10B98000CAE7CB463A0002990195019B9A460229E3
:10B9900027D0032900D180E2012944D06D49009BC2
:10B9A0008C4663441C00002C38DD530700D013E2A2
:10B9B000D2085B46DB0109D55946674B19408B46D7
:10B9C0008021C9008C46009B63441C00634B9C4251
:10B9D00007DC5B4664055F075B0217431B0B620DC8
:10B9E00002E000230027584A00211B031C0B0B0D0B
:10B9F0001B05234314055A4A380013401C43534681
:10BA00006400DB0764081C43210005B03CBC904681
:10BA10009946A246AB46F0BD0122524201231B1BB0
:10BA2000382B00DCADE1002200230027DCE75B4679
:10BA3000334399465ED0002E00D18AE1300001F0F8
:10BA40009DFA03000B3B1C2B00DD7BE11D22D31A6A
:10BA50005A460100DA4008398E4013005F463343EE
:10BA600099468F403F4B00261B1A009300230293F8
:10BA700052E7414653460B433B499B468C46009B4D
:10BA8000634400935B46002B3BD1022300221E43FC
:10BA9000022161E7434613439B4637D04346002BC0
:10BAA00000D162E1404601F069FA03000B3B1C2B18
:10BAB00000DD53E102004146083A914088461D21CD
:10BAC000CB1A5146D9400B0041460B439B46534687
:10BAD00093401A00009B25499C46604403008C4615
:10BAE00063440093002137E70323B14600900C26FE
:10BAF000029311E7002300930133042600270293E9
:10BB00000AE70323C3461E43032125E701331E43EF
:10BB10000022012120E700239A46802300271B03EF
:10BB2000094A61E7802349461B03194200D1E2E03C
:10BB30005946194200D0DEE00B431B0317001B0BD4
:10BB4000A246014A50E7C046FF07000001FCFFFF84
:10BB5000F0620200FF030000FFFFFFFEFE0700008F
:10BB6000FFFF0F800DFCFFFF01F8FFFFF303000054
:10BB7000D94500D9CBE000D1C6E03C0048460027BB
:10BB8000009B013B00935B46160E1B021E431302F3
:10BB9000984633041B0C9946310C0191FEF704F9C9
:10BBA0004A4642430B04210C050019438A4207D937
:10BBB0008919013D8E4203D88A4201D9851E89190F
:10BBC000881A0199FEF7F0F809048C464A462104C8
:10BBD00064464243090C030021438A4204D989196F
:10BBE000013B8E4200D8F1E02D041D43AB46434695
:10BBF000891A4246280C12041D0C5B46140C2200C4
:10BC00001B041B0C5A4303946B4344430295684343
:10BC10001B19150CEB189C4203D980246402A4461E
:10BC200060441C0C15041B042D0C20185D19814266
:10BC300077D373D00C1AA24A7D1BAF42BF41944602
:10BC4000009B7F426344E01B1C00864200D1DBE086
:10BC50000199FEF7A9F84A4642430B04290C070054
:10BC600019438A4207D98919013F8E4203D88A4273
:10BC700001D9871E8919881A0199FEF795F80904D8
:10BC80004A46894629044D464243090C030029438C
:10BC90008A4207D98919013B8E4203D88A4201D9C9
:10BCA000831E89193F04891A3A00039F1A433800FA
:10BCB00013041B0C584381460298150C6F434343F1
:10BCC00045434846000C8446DB1963449F4203D930
:10BCD000802040028446654448461F0C00041B0433
:10BCE000000C7D191818A94200D284E000D17FE031
:10BCF00001231A4357E680234A461B0313431B03C1
:10BD00001B0BAA466F4A6FE6BA4200D935E74B468D
:10BD1000DC0758087B081C43FF0734E70024AF42C8
:10BD200089D247444745A4415B466442A41964183C
:10BD3000013BA6421ED2A0426DD800D1B6E0241A23
:10BD40009B4678E703005A46283B9A4000279146D5
:10BD500088E6584601F012F9203072E60300524698
:10BD6000283B9A4093460022B4E6504601F006F97B
:10BD700020309AE6A642E2D1B845DCD9341A9B4677
:10BD800059E71F2B65DC504C0099A4465C46614482
:10BD900008008C4011008240D940501E82410C4363
:10BDA00014435A46DA401300620709D00F2222409A
:10BDB000042A05D02200141D9442894149425B188F
:10BDC0001A0262D50122002300270DE68A4200D81C
:10BDD0000AE7831E891907E70F231340042B00D1BC
:10BDE000E6E5171D9742924153429B44FA08E0E56D
:10BDF000002800D1D7E57118531EB14227D3A942BC
:10BE000015D358D01A0073E7002B00DC04E6012399
:10BE100000229B44CDE502234744474589415B42CC
:10BE20009C46494289190C19E344241A03E7434606
:10BE30005F0047459B41B8465B429E19023A89190B
:10BE4000A94200D054E7404500D051E7ABE51A00C5
:10BE5000F6E71F215F4649420C1BE740202B07D025
:10BE60001A49009B8C46634418005B4683401A4382
:10BE7000501E82413A4307270023174009D00F2163
:10BE8000002311401400042995D122005F075B02B2
:10BE90001B0BD20817430022A6E5802359461B033B
:10BEA0000B431B0317001B0B064A9DE5BD42B2D88E
:10BEB0009B460024BFE68045B9D31A00C3E7C046BD
:10BEC000FF030000FF0700001E0400003E04000006
:10BED000F0B54F464646D6468446C0B58046194E14
:10BEE00018030F034D00000B5C0082463F0B6D0DE5
:10BEF000C90F9146640DDB0F0120B5420AD0B44250
:10BF000003D0A54201D157450CD01CBC90469946A0
:10BF1000A246F0BD66463E43F7D1AC42F5D1544649
:10BF20001443F2D10120C845EFD1994207D0002D2A
:10BF3000EBD163461F433800471EB841E5E70020B8
:10BF4000E3E7C046FF070000F0B54F464646D64639
:10BF50004D00C0B50E03C90F8A462C491F035C0073
:10BF60008046360B6D0D91463F0B640DDB0F8D4205
:10BF70001ED08C4216D0002D1ED130438446002C9A
:10BF800001D13A4323D06246002A1AD09A4529D0DB
:10BF9000514602200139084001381CBC90469946A0
:10BFA000A246F0BD39001143E5D002204042F4E73B
:10BFB0003043FAD1AC420FD0002C0FD13A43E7D036
:10BFC0000CE00122013B934318000130E5E7634692
:10BFD0000020002BE1D0DBE73A43E6D19A45D7D1E8
:10BFE000A542D5DCA54205DBBE42D1D808D0002051
:10BFF000BE42D2D250460123013898430130CCE7EB
:10C00000C845C5D80020C845F4D3C6E7FF070000DF
:10C01000F0B54F464646D6464D00C0B50E03C90F93
:10C020008A462E491F035C008046360B6D0D9146F3
:10C030003F0B640DDB0F8D4218D08C4211D0002DC8
:10C0400018D130438446002C1ED13A431CD163469C
:10C050000020002B30D05146022001390840013821
:10C060002AE039001143EAD0022025E03043FBD119
:10C07000AC4226D0002C26D13A4324D1514602208E
:10C0800001390840013817E06246002A0FD09A456E
:10C09000E1D1A54205DBBE42DDD819D00020BE4269
:10C0A0000AD25046012301389843013004E00122AE
:10C0B000013B9343180001301CBC90469946A246B0
:10C0C000F0BD3A43D0D19A45C5D1A542C3DCE0E7E3
:10C0D000C845C0D80020C845E3D3EDE7FF070000FE
:10C0E000F0B55746DE464E464546E0B58346060067
:10C0F0000F03480087B092461D003F0B400DCC0F48
:10C10000002800D16FE0DE4B984238D08023FF003A
:10C110001B041F43730F3B430193DA4B00279946DF
:10C1200000239B46F60081442B0369001B0B5246FB
:10C130009846490DED0F002900D185E0D04B99427A
:10C1400000D173E04346DA0080231B0413435246B8
:10C15000CC48520F84461343524600206144D2001B
:10C1600089442100694000918C46012149448A4656
:10C170000F2F00D990E0C449BF00CF59BF465B469E
:10C180003B43019300D06AE1022308270026814641
:10C190009B46C9E732005846019B61460091022840
:10C1A00000D175E0032800D1FEE1012800D02CE188
:10C1B00000230027002600253F032A0D3F0BB3482C
:10C1C00012053A4302401B051343009A5B00D10756
:10C1D0005B080B433000190007B03CBC9046994601
:10C1E000A246AB46F0BD5B463B43019300D12FE135
:10C1F000002F00D1A5E1380000F0C0FE03000B3B8A
:10C200001C2B00DD96E11D22D31A5A460100DA40AC
:10C210005E4608398F4013008E403B4301939C4B90
:10C2200000271B1A994600239B467DE7414653464B
:10C230000B4393498C46E144002B00D01AE10222C3
:10C240000220174300228CE7134300D10DE143463F
:10C25000002B00D181E1404600F090FE02000B3A35
:10C260001C2A00DD72E10100434608398B409846E4
:10C270001D239A1A5346D3401A004346134352468D
:10C280008A404946081A824989468144002068E765
:10C290007B4B002700268EE7140C1204120C1100B1
:10C2A000370C3604350C794328008C462E00604349
:10C2B0006044834656432100300C804658467943FB
:10C2C00040440291844506D98846802149028C4623
:10C2D000E044414602913604010C360C00048B46C2
:10C2E00081191E0C1B041B0C0391190079438C4609
:10C2F000280075436544A8465843050C45447743D8
:10C30000A94203D9802149028C466744290C8C46F6
:10C3100039000004000C2D042D186144AB44059134
:10C320005946049101990F043F0C080C3900514300
:10C330004243904602008C46090C8B4662437C4384
:10C3400044445C44A04503D98021490288464244C4
:10C35000210C884661460904090C8C463900594372
:10C36000434370437E430F0CF6182404BE19644403
:10C3700042448C46B34203D980235B029846404432
:10C38000029B61469846049B370443449B46AB4559
:10C39000AD416B420D0405992D0C8C467F19674405
:10C3A000FD18A8465D462D19A542A4419346644256
:10C3B000A446C344DC448F42BF4198459B4193450A
:10C3C0009241A445A4415B427F421F43360C524236
:10C3D0006442BF192243BF18624638184302D20D87
:10C3E000039913436A020A43501E82416146ED0DD0
:10C3F0002A434E023243D90100D4B3E0012650084B
:10C4000032400243DE0732435B08224C5444002C86
:10C4100062DD510709D00F201040042805D0101DFF
:10C420009042924152429B180200D90104D58024C7
:10C430001948E400034054441848844200DD27E7CB
:10C440005E075B02D2081F0B630516435B0DB2E665
:10C45000002399460133042700269B4664E6032304
:10C46000019781460C279B465EE601220120174377
:10C47000002276E6032303201F43434671E6C046AD
:10C48000FF07000001FCFFFF30630200FFFF0F8089
:10C490000DFCFFFFFF030000FFFFFFFEFE07000093
:10C4A0000023802700933F030026434B83E6019B34
:10C4B0003200A446584670E6AC466EE680270199E5
:10C4C0003F0339422DD03B422BD11F433F033F0B4B
:10C4D00000951600384B6EE601252D1B382D00DD2A
:10C4E00066E61F2D40DC35481C0050441600824093
:10C4F0008440EE40501E824134431443EB406207B7
:10C5000009D00F222240042A05D02200141D944293
:10C51000804140421B181A023ED501230027002605
:10C5200049E68027019B3F031F433F033F0B0094D5
:10C53000214B40E603005A46283B9A4000260192D0
:10C540006DE6584600F01AFD203057E603005246CB
:10C55000283B9A401300002293E6504600F00EFD5F
:10C5600020307BE6CA4650E71F201E004042041BD5
:10C57000E640202D03D0124C5444A3401A43501ED1
:10C580008241324307260027164009D00F2000239E
:10C59000104014000428B9D122005E075B021F0B73
:10C5A000D2081643002306E680273F031F433F03BC
:10C5B0003F0B1600004BFEE5FF0700001E040000C5
:10C5C0003E040000F8B557464E464546DE460C0090
:10C5D0000903E0B5490A460F5F0031431E03DB0F34
:10C5E000760A9B46530F3343C84E6500C000E40FE4
:10C5F000D2006D0DA24681467F0D9C469046B74203
:10C6000000D1B9E05B46012673409B46EE1BA34573
:10C6100000D183E0002E63DD002F00D0B1E063463F
:10C62000134300D123E1731E002B00D0BAE1861A18
:10C630006346B04280410125C91A4042091A0B02E3
:10C6400000D447E149024B0A98464346002B00D1EB
:10C6500089E1404600F092FC0300083B1F2B00DDFF
:10C660007CE120223000D21A4146D040994002009D
:10C670009E400A439D4200DD6AE15D1B6B1C1F2B3F
:10C6800000DD94E1202110003500C91A8E40DA4007
:10C690008840DD40711E8E4111000722284300258D
:10C6A00006433240002A09D00F233340042B05D023
:10C6B000331DB342B641764289191E000B0200D4E5
:10C6C0003DE26A1C914B55056D0D9A4200D119E16E
:10C6D0008F4AF6080A40570752023743120B9BE075
:10C6E000002E00D0C5E06E1C7605760D012E00DC14
:10C6F00048E16746861ACB1BB042BF417F42B8462D
:10C700001F004346FF1A3B00B8461B0200D55FE1FD
:10C7100037439AD100220024002579E0002E00DC66
:10C72000FAE0002F00D18DE0784B9D4267D0802346
:10C7300067461B041F43BC46382E00DC52E16346AB
:10C7400013435A1E93411E188642804140420918E5
:10C750000B0200D4BEE06D4B01359D4200D1D2E00A
:10C760006B4A73080A4001210E401E435108D3074B
:10C7700007221E43324095E71E00164300D045E7CE
:10C7800040E7624B9D423AD0802367461B041F431B
:10C79000BC46382E00DDEBE01F2E00DC3AE1330012
:10C7A0006746203BDF403B00202E05D04027BF1BC3
:10C7B0006646BE40324390464646721E964133431B
:10C7C000DAE0002B00D114E26346134300D168E1A4
:10C7D00080234E07C008C9081B030643194208D02E
:10C7E0006046C008184204D163460100D2085E07C3
:10C7F0001643F3009946C900720F444D11434B464E
:10C80000DE08424B4F073743CA089D4200D16EE015
:10C8100012036D05120B6D0D00211203130B0A0D8F
:10C8200012051A433B4B2D0513402B435B00E407D5
:10C830005B082343380019003CBC90469946A24649
:10C84000AB46F8BD6346134311D0731E002B00D0D6
:10C8500007E186188642804161444042091801255B
:10C860000B0237D502257BE73E0061469146350035
:10C87000C5E75C46002D00D0E1E00B000343F3D098
:10C88000731C00D1ACE1214B9F4200D13AE1F3434C
:10C89000382B00DD6FE11F2B00DD8CE120250E0021
:10C8A000ED1AAE40B0460600AA46DE404546354386
:10C8B0002E005546D940A8406346451EA8415B1A44
:10C8C0009C463043161AB242924163465242991A2C
:10C8D0003D00B4E607223240002A00D0E4E60B4BCC
:10C8E000F6084F073743CA089D4200D090E73B0047
:10C8F000134300D1A6E180231B031A431203120B3A
:10C90000024D89E715000022002785E7FF07000098
:10C91000FFFF7FFFFFFF0F80002E00D0C7E06B1CE2
:10C920005E05760D012E00DCF0E0C84DAB4200D173
:10C93000B9E085180A00854289416244494251188C
:10C940000722CE076D082E43490832401D00A9E694
:10C95000BF49ED1A114007223240A3E632002838C1
:10C960008240002686E6300000F008FB203073E6A7
:10C97000634613435A1E9341C61AB0428041404257
:10C98000091A5CE60E00674606431743002D5ED188
:10C99000002E00D0F3E0002F00D11EE15C4661467E
:10C9A00091462CE7A94FBE427BD01E00F1E6100055
:10C9B0001F3DE840202B03D04021CB1A9A4016435C
:10C9C000731E9E410722064332400021002583E763
:10C9D000161A6346B2428041591A40420B1A9846D1
:10C9E0005C4632E61F2E00DDABE02027BB1B9A46DB
:10C9F00063465746BB40994613004F46F3401F43DA
:10CA00003B005746BA40571EBA4113436246F240B4
:10CA1000891898E62027BB1B9A4663465746BB40B9
:10CA2000994613004F46F3401F433B005746BA4018
:10CA3000571EBA4113436246F240891A9CE7834B62
:10CA40009F425FD080252D047342294320E7002EAA
:10CA50000CD1002F00D1D0E05C46614691467B4D61
:10CA6000CDE67A4FBE421CD01E0065E6002F18D0DE
:10CA7000C0084E0706438020C9080003014208D0C1
:10CA80006346DC08044204D12100DA46D2085E077E
:10CA90001643F300994601245346C900720F11430F
:10CAA0001C406A4DABE61D0000220027B4E6002DB5
:10CAB00059D10B00034300D1D6E6731C00D1B2E07C
:10CAC000624B9F421ED0F343382B6FDC1F2B00DDDF
:10CAD00097E020250E00ED1AAE40B0460600AA46AB
:10CAE000DE40454635432E005546A840D940451EF8
:10CAF000A8418C440643B618964292415142614483
:10CB00003D0025E63D006146914678E60B00034373
:10CB1000002D00D055E6002BF5D06346134300D11D
:10CB20006DE6861886428041614440420918002221
:10CB30000B0200D4D0E6464B01351940B2E5B146B0
:10CB40005DE633006746203BDF403B00202E05D0EA
:10CB50004027BF1B6646BE40324390464646721E83
:10CB600096413343EFE5394B9F42CBD080252D04CE
:10CB700073422943A8E70843411E8841A2E6002FDB
:10CB800000D13CE66346861ACF1AB0429B415B4215
:10CB9000FB1A98461B024ED5161A6346B2429241C2
:10CBA000591A5242891A5C4600227BE501430E0065
:10CBB000711E8E419FE71D000E00203DEE40B046E5
:10CBC000202B04D04025EB1A994008438146484663
:10CBD0004346411E8841184374E60022002417E6AC
:10CBE000161A6346B2429241591A5242891A3D00BE
:10CBF00025E561469146154D01E680220024120389
:10CC000079E61D000E00203DEE40B046202B04D0FA
:10CC10004025EB1A9940084381464E464346711E13
:10CC20008E411E4367E7861896429B4161445B42F2
:10CC3000C9183D008CE547463743CED00722414610
:10CC4000324049E600273A00E6E5C046FF0700000B
:10CC5000FFFF7FFF70B50C4E0D031C0349005B0006
:10CC60002D0B490D240B5B0DB14208D00649002065
:10CC70008B4203D114432000441EA04170BD0543E4
:10CC80000120002DFAD1F1E7FF07000030B5144D67
:10CC90000A034B00120B5B0DC90F0024AB4211DDE0
:10CCA000104CA34210DC8024640322430E4CE41A8F
:10CCB0001F2C0CDD0D48C31ADA4013005C4200291A
:10CCC00000D11C00200030BD094BCC18FAE7094DFB
:10CCD000E040AC4663449A4013000343EEE7C0468D
:10CCE000FE0300001D0400003304000013040000D4
:10CCF000FFFFFF7FEDFBFFFF70B500282DD0C317AE
:10CD0000C5185D40C40F280000F038F9154B1B1AF8
:10CD10005B055B0D0A2815DD0B38854000222D03CD
:10CD20002D0B002110002D030A0D2D0B12052A4397
:10CD30000D4D1B052A4013435B00E4075B082343AA
:10CD4000190070BD02002900153291400A000B2124
:10CD5000081AC5402D032D0BE3E70024002300250E
:10CD60000022DEE71E040000FFFF0F8010B5041E46
:10CD700025D000F003F9144B1B1A5B055B0D0A2844
:10CD800012DD0B38844000222403240B0021100004
:10CD900024030A0D240B120522430C4C1B052240D0
:10CDA00013435B00590810BD020021001532914069
:10CDB0000A000B21081AC4402403240BE6E70023D1
:10CDC00000240022E2E7C0461E040000FFFF0F809F
:10CDD0004100090E4B1C70B5DBB24602750AC40F48
:10CDE000012B14DDE0239B006D07360BCB180021CF
:10CDF0000A0D280012051C4D32435B052A405B08D2
:10CE000013435B00E4075B082343190070BD00294E
:10CE100014D1002D1ED0280000F0B0F80A281CDC28
:10CE20000B232A001B1ADA40030015339D400F4BD9
:10CE300012031B1A5B05160B5B0DD8E7002D06D0FD
:10CE4000320B802636036D071643094BCFE7084B9C
:10CE50000026CCE700230026C9E703002A000B3B8D
:10CE60009A400025E3E7C046FFFF0F8089030000DA
:10CE7000FF070000F0B54C00640D0B03621C5B0A59
:10CE8000460F5205C90F1E43C500520D012A29DD68
:10CE9000374BE718FE2F1CDC002F3BDD8001431EC3
:10CEA00098410722F3006D0F03432B431A40002AD9
:10CEB00004D00F221A40042A00D004338022D20466
:10CEC0001A4024D00137FAB2FF2F02D09B01580A32
:10CED00001E0FF2200204002D205400AC9071043AA
:10CEE0000843F0BD3543002C04D1002D0AD10022A7
:10CEF0000020F0E7002DECD08020C0033043FF225B
:10CF0000E9E7002400235B02580AE2B2E3E7DB080A
:10CF10003C00F8E73B001733F3DB80231B0433436B
:10CF20001E26F61B1F2E14DD02225242D71B1A00AA
:10CF3000FA401700202E04D00E4A94466444A340C1
:10CF40001D432B005D1EAB4107223B431A400027C7
:10CF5000ADE7094A2800A218954093406C1EA541F0
:10CF6000F04007222B4303431A4000279FE7C046A7
:10CF700080FCFFFFA2FCFFFF82FCFFFF1C210123BE
:10CF80001B04984201D3000C10391B0A984201D3AC
:10CF9000000A08391B09984201D30009043902A28A
:10CFA000105C40187047C0460403020201010101F1
:10CFB000000000000000000010B5002903D1FFF7B9
:10CFC000DDFF203002E0081CFFF7D8FF10BDC0468F
:10CFD000F0B54E465746DE464546E0B50F00002107
:10CFE00083B006008946002F06DA39000027464242
:10CFF0008F41012149428946002B07DA4946C9433E
:10D00000100089461900002342428B4134003D0044
:10D0100092469846BB4269D866D041465046FFF7D3
:10D02000CBFF834639003000FFF7C6FF5B461B1A73
:10D030009C46203B9B4600D575E0514658468140B2
:10D040000B005146604681400A00BB4261D85ED069
:10D0500034003D005946A41A9D41002900DA7AE0C7
:10D060000021002001260090019159468E40019632
:10D07000614601268E4061460096002950D0D907AE
:10D0800056085F080E4363460EE0AF4201D1A64248
:10D090000CD8A41BBD41012124196D410022013B84
:10D0A00064185541002B06D0AF42EED9013B24193C
:10D0B0006D41002BF8D1009801995B460019694138
:10D0C000002B3DDB2E00DE4063462C00DC405B463F
:10D0D000002B4BDB34005D46AC4023006446A64089
:10D0E0003200801A994103E0B24296D90020002113
:10D0F0004B46002B04D003000C0000215842A141F4
:10D1000003B03CBC90469946A246AB46F0BDB14246
:10D110009ED9002100200090019161460029AED1E6
:10D1200000980199E4E72023624651469B1AD940B2
:10D130004046009161468840030000990B4380E718
:10D14000624620239B1A2A009A402600130062465A
:10D15000D6401E43B8E7614620260127761A0020F4
:10D160000021F74000900191019781E76746202355
:10D1700062463500BC409B1ADD4023002B43ADE7DF
:10D18000F0B5C646484A4B0000B506000F00884679
:10D190005B0893424CDC454A93420EDC444A454BC3
:10D1A00030003900FEF776F80022434BFCF716FFFB
:10D1B000002851D03000390040E0404A934240DC22
:10D1C0008022D205934247DD3000390000F0EAFAB0
:10D1D00004000D0032003B0030003900FEF780FFF4
:10D1E0000022354BFEF756F804F0FCFA22002B0023
:10D1F000FEF750F802000B0000202F49FEF766FBF7
:10D20000220006000F002B0020002900FEF742F844
:10D2100002000B0030003900FEF73CF803F036F84E
:10D220004346002B0ADC80231B069C46614405E034
:10D2300002000B0030003900FEF72CF804BC9046C9
:10D24000F0BD3000390000F0ADFA03F01FF81C4AC1
:10D250001C4BFEF71FF8E3E732003B0030003900BB
:10D26000FEF73EFF04000D003000390000F09AFA8E
:10D27000002206000F00104B20002900FEF70AF8DC
:10D2800004F0B0FA00220C4BFEF704F802000B0089
:10D2900020002900FEF71AFB32003B00FDF7FAFFE1
:10D2A00000F020FBBCE7C046FFFFEF7FFFFF2F3EF3
:10D2B0009C7500883CE4377E0000F03F0000B041E0
:10D2C000EF39FAFE422EE63FF8B54E465746454640
:10D2D000DE46A04BE0B54E0080468A468946760879
:10D2E0009E420CDD9C4B9E4200DDA2E000D19DE001
:10D2F0004B46002B00DCE0E0984B994AA1E0994BAB
:10D300009E4200DDB3E0984B9E4200DCA1E0012389
:10D310005B429B464246534640465146FEF7E0FE7E
:10D3200002000B0006000F00FEF7DAFE04000D00FD
:10D330008E4A8F4BFEF7D4FE8E4A8F4BFDF7AAFF25
:10D3400022002B00FEF7CCFE8C4A8D4BFDF7A2FF8E
:10D3500022002B00FEF7C4FE8A4A8B4BFDF79AFF92
:10D3600022002B00FEF7BCFE884A894BFDF792FF96
:10D3700022002B00FEF7B4FE864A874BFDF78AFF9A
:10D3800032003B00FEF7ACFE844A06000F00844BDF
:10D3900020002900FEF7A4FE824A834BFFF712F912
:10D3A00022002B00FEF79CFE804A814BFFF70AF912
:10D3B00022002B00FEF794FE7E4A7F4BFFF702F916
:10D3C00022002B00FEF78CFE7C4A7D4BFFF7FAF81B
:10D3D00022002B00FEF784FE02000B003000390013
:10D3E000FDF758FF53464246FEF77AFE5B4601338F
:10D3F00066D05B46734A744CDB00E418D3181A6895
:10D400005B68FFF7DFF842465346FFF7DBF80200A0
:10D410000B0020686168FFF7D5F8030048460A0052
:10D4200000280EDA802212068A180AE0002800D1AD
:10D430005EE74246534640465146FDF72BFF030048
:10D440000A00180011003CBC90469946A246AB4623
:10D45000F8BD5E4A5E4BFDF71DFF00225D4BFCF7F9
:10D46000BDFD002800D152E743465246E9E700F0EF
:10D4700099F9594B04000D009E422ADC574B9E42FD
:10D4800050DC02000B00FDF705FF0022514BFFF7B7
:10D4900099F8802306000F000022DB0520002900F8
:10D4A000FDF7F8FE0B00020039003000FEF70EFA1F
:10D4B000002380468A469B462CE7284B484AC0E713
:10D4C00002000B0040465146FFF77CF803000A00BB
:10D4D000B7E7444B9E421ADC0022434BFFF772F839
:10D4E000002206000F00404B20002900FEF7F8FD47
:10D4F0000022384BFDF7CEFE0B0002003900300051
:10D50000FEF7E4F9022380468A469B4602E70B00B9
:10D51000020036490020FEF7D9F9032380468A46E7
:10D520009B46F7E600222B4BFFF74CF80022060043
:10D530000F00284B20002900FDF7ACFE0B00020075
:10D5400039003000FEF7C2F9012380468A469B4627
:10D55000E0E6C046FFFF0F440000F07F182D445462
:10D56000FB21F93FFFFFDB3FFFFF1F3E11DA22E304
:10D570003AAD903FEB0D76244B7BA93F513DD0A0B7
:10D58000660DB13F6E204CC5CD45B73FFF8300927D
:10D590002449C23F0D5555555555D53F2F6C6A2C22
:10D5A00044B4A2BF9AFDDE522DDEAD3F6D9A74AF3A
:10D5B000F2B0B33F711623FEC671BC3FC4EB98991D
:10D5C0009999C93FA04B0200804B02009C750088CE
:10D5D0003CE4377E0000F03FFFFFF23FFFFFE53FF6
:10D5E000FB21F9BFFF7F03400000F83F0000F0BFC0
:10D5F000434AF0B54F4691464B005B0D9944464671
:10D60000D6464A46C0B505000C000E008846070005
:10D61000132A25DC002A56DB3A4B13419A460B00AD
:10D6200052461340034316D0374A384BFDF732FEBB
:10D6300000220023FCF7D2FC00280AD0002C04DDD5
:10D6400080234A465B0313419844464653460027CD
:10D650009E43380031001CBC90469946A246F0BD5E
:10D66000332A08DD8023DB009945F4D102000B004A
:10D67000FDF710FEEFE7264A94460122634452422A
:10D68000DA4092460242E6D01F4A204BFDF702FEE6
:10D6900000220023FCF7A2FC0028DAD0002C0EDDCB
:10D6A0004B46142B22D034234A4601249B1A9C401B
:10D6B0006519BD4222D201239C462F00E044534607
:10D6C00046469F43C5E7104A104BFDF7E3FD002295
:10D6D0000023FCF783FC0028BBD0002C0ADB2C4382
:10D6E00000270026002CB4D00A4EB2E7133B9C461C
:10D6F000E044E4E7802600273606AAE72F00DEE7AD
:10D7000001FCFFFFFFFF0F009C7500883CE4377EA3
:10D71000EDFBFFFF0000F03F30B5204A4B0087B023
:10D720005B0893421CDD1E4A934205DD02000B009C
:10D73000FEF748FF07B030BD02AA03F075FD0323D2
:10D740001840049A059B01280FD002281CD00028FD
:10D7500015D0029803990124009405F011FAE9E725
:10D760000022002304F092FCE4E700900298039961
:10D7700005F006FA80231B069C466144DAE702980E
:10D78000039904F083FCD5E70298039904F07EFC2A
:10D7900080231B069C466144CCE7C046FB21E93F41
:10D7A000FFFFEF7F49004B0819007047474AF0B56B
:10D7B0004F4691464B005B0D99444646D6464A4635
:10D7C000C0B505000C000E0088460700132A27DCB0
:10D7D000002A4BDB3E4B13419A460B005246134046
:10D7E000034318D03B4A3C4B28002100FDF752FD73
:10D7F00000220023FCF7F2FB002847D0002C04DABB
:10D8000080234A465B03134198444646534600270B
:10D810009E43380031001CBC90469946A246F0BD9C
:10D82000332A08DD8023DB009945F4D102000B0088
:10D83000FDF730FDEFE7294A944601226344524246
:10D84000DA4092460242E6D0224A234B28002100C9
:10D85000FDF720FD00220023FCF7C0FB002815D0B7
:10D86000002C1EDB534646469F430FE0194A1A4BD5
:10D8700028002100FDF70EFD00220023FCF7AEFB7F
:10D88000002803D0002C04DB0027002638003100DC
:10D89000C1E76400640825430027002DF6D0104E30
:10D8A000F4E74B46142B0BD03422D21A01239340B9
:10D8B0005D19BD4208D201239C462F00E044D1E708
:10D8C000133B9C46E044CDE72F00CBE701FCFFFF74
:10D8D000FFFF0F009C7500883CE4377EEDFBFFFFE7
:10D8E0000000F0BFF0B54E464546DE465746E0B56F
:10D8F000DD4B87B0814688460E000A00994243DD21
:10D90000DA4B994200DDEBE0D94B994200DC2CE187
:10D91000D84A0B15924600229A4400230400029232
:10D9200003933603330B9B46D34B9B4500DD0DE140
:10D930005A46D24B20001A4311000022CF4BFEF76B
:10D9400041FE04000D000022CD4B81468846FEF7C3
:10D95000C7FB2B002200FEF7C3FB5B4606000F004F
:10D9600000960197002B38D10022002320002900C7
:10D97000FCF71AFB002800D119E15346002B00D018
:10D9800056E100200021AFE0BE4B4C0064089C42F1
:10D990000DDD0022BC4BFCF707FB002800D1AAE0FC
:10D9A000002200230020B949FDF790FF9CE0B84B0E
:10D9B0009C4200DCAAE0B74B9C4662449A4200D8E5
:10D9C000D3E00022AE4BFEF78BFB43464A46FEF700
:10D9D00087FB00239A460090019180230022DB05FB
:10D9E00048464146FDF756FC02000B0048464146BA
:10D9F000FDF76CFF02000B0006000F00FEF770FB46
:10DA000004000D00A44AA54BFEF76AFBA44AA54BEF
:10DA1000FDF740FC22002B00FEF762FBA24AA34B5D
:10DA2000FDF738FC22002B00FEF75AFBA04AA14B61
:10DA3000FDF730FC22002B00FEF752FB9E4A9F4B65
:10DA4000FDF728FC22002B00FEF74AFB9C4A9D4B69
:10DA5000FDF720FC22002B00FEF742FB9A4A9B4B6D
:10DA6000FDF718FC22002B00FEF73AFB009C019DFD
:10DA700022002B00FDF70EFC3B003200FEF730FBCE
:10DA8000534606000F00002B00D1ACE05046FFF7D4
:10DA900033F98F4A8F4B04000D00FEF721FB8E4AAD
:10DAA000049005918D4B20002900FEF719FB029A86
:10DAB000039BFDF7EFFB32003B00FDF7EBFB0200A1
:10DAC0000B0000980199FEF77DFD4A464346FEF79C
:10DAD00079FD02000B0004980599FEF773FD03E041
:10DAE00002000B00FDF7D6FB07B03CBC9046994600
:10DAF000A246AB46F0BD4A46434648464146FEF77D
:10DB000061FD02000B00FDF7E1FEEDE70022744B22
:10DB1000FDF7C0FB00220023FCF760FA002804D0C8
:10DB2000704B484641469C42DEDD4A4643464846E5
:10DB30004146FEF7D5FA0022514BFEF7D1FA02001A
:10DB40000B0048464146FEF73DFDCDE701235A460E
:10DB50009C464B4B80261A435B467603F61AB3105D
:10DB6000E244200011009B46E7E60022434B484672
:10DB70004146FDF78FFB3F4A0B1592469A445346A8
:10DB800004000D000E00002B00DCAFE04A464346C7
:10DB9000FEF718FD02000B0000203849FEF712FDC9
:10DBA00022002B00FDF792FE02900391B9E64E4A47
:10DBB000464B20002900FEF793FA02000B000020DC
:10DBC0002E49FEF7FFFC3B003200FEF789FA534670
:10DBD00006000F00002B0DD102000B0020002900D1
:10DBE000FEF7F0FC80E702000B0020002900FEF7A2
:10DBF000E9FCA4E75046FFF77FF8354A354B009023
:10DC00000191FEF76DFA344A04900591009801994C
:10DC1000324BFEF765FA029A039BFDF73BFB0200CD
:10DC20000B0030003900FEF7CDFC22002B004EE740
:10DC30005046FFF761F8284A284B04000D00FEF714
:10DC40004FFA029A039BFDF725FB214A06000F00BD
:10DC5000204B20002900FEF743FA02000B003000A1
:10DC60003900FDF717FB3FE77982DA3FFFFFEF7FCF
:10DC7000FFFF3F4301FCFFFF9DA006000000F03FB7
:10DC80000000E03FFFFFEF3F0000F0BF000050C387
:10DC9000FFFF1F3E3C412D4044523EDF12F1C23F88
:10DCA0009FC678D0099AC33FDE03CB966446C73F30
:10DCB000AF788E1DC571CC3F599322942449D23F31
:10DCC00004FA97999999D93F935555555555E53F7C
:10DCD0000000E0FE422EE63F763C7935EF39EA3D22
:10DCE00000005043FFFF8F3C555555550022054B12
:10DCF000FEF768FC02000B0048464146FEF762FC56
:10DD00004EE7C0460000F03F10B500F097FC024A15
:10DD1000024BFDF7DBFD10BDEF39FAFE422EE63F68
:10DD200030B5214A4B0087B05B0893421EDD1F4A85
:10DD3000934205DD02000B00FEF744FC07B030BD46
:10DD400002AA03F071FA03231840049A059B0128E4
:10DD500013D002281DD0002814D00298039904F093
:10DD600095F980231B069C466144E7E700230022C7
:10DD70000093002304F004FFE0E70298039904F005
:10DD800085F9DBE7012402980399009404F0F8FE7A
:10DD9000D4E7012402980399009404F0F1FE802353
:10DDA0001B069C466144C9E7FB21E93FFFFFEF7F6B
:10DDB00030B5144A4B0087B05B0893421ADD124A13
:10DDC000934205DD02000B00FEF7FCFB07B030BDFF
:10DDD00002AA03F029FA049C059D43000220184082
:10DDE0000123181A00902200029803992B0004F0D6
:10DDF00079FFEBE7012300220093002304F072FF78
:10DE0000E4E7C046FB21E93FFFFFEF7F394AF8B561
:10DE10004B0005000C000E005B08934210DD020071
:10DE20000B0000203449FDF751FD0022324B002C3D
:10DE300035DBFDF72FFA02000B0010001900F8BDCA
:10DE40002E4A934208DD00222B4B002EF5DA80216A
:10DE500009068C466344F0E7294A934224DD294AA7
:10DE600093422CDDFFF79EFC02000B00FDF712FA37
:10DE700005F0C8FD80230022DB05FDF70BFA0B003F
:10DE800080210200C9050020FDF720FD02000B00E3
:10DE900000201949FEF796FB02000B00D5E7FEF7BC
:10DEA00091FB02000B00C8E70022134BFDF7F2F9CB
:10DEB0002A002300FEF714F902000B00BDE7FFF76C
:10DEC00071FCC02300221B06FEF70AF905F09AFD3B
:10DED00080231B06CF1880230022DB050400FDF7FA
:10DEE000D9F902000B0020003900FDF7EFFC020019
:10DEF0000B00AAE7FFFFEF7F0000F03FFFFF354078
:10DF0000FFFF7F3CFFFFEF3F4B00134A5B0D9A186A
:10DF100070B5132A07DC002A18DB104810410022D4
:10DF20008143100070BD332A08DD8023DB009A4254
:10DF3000F8D102000B00FDF7ADF9F3E7084A94466B
:10DF4000012263445242DA409043EBE70022C90FBA
:10DF5000CB0710001900E5E701FCFFFFFFFF0F00F2
:10DF6000EDFBFFFF00B51C4A430083B05B08934202
:10DF700018DD1A4A934204DD011CFCF707FF03B0C9
:10DF800000BD694603F0A4FE03230199184001284F
:10DF90000CD0022817D0002811D00098012205F0DB
:10DFA000B7FCECE7002105F069F8E8E701220098EA
:10DFB00005F0AEFC80231B069C466044DFE700981A
:10DFC00005F05CF8DBE7009805F058F880231B06A5
:10DFD0009C466044D3E7C046D80F493FFFFF7F7F90
:10DFE00000B51C4A430083B05B0893421BDD1A4A0C
:10DFF000934204DD011CFCF7C9FE03B000BD694675
:10E0000003F066FE032301991840012810D002286E
:10E0100017D0002810D0009805F030F880231B0698
:10E020009C466044E9E70022002105F071FCE4E72A
:10E03000009805F023F8E0E70098012205F068FC5D
:10E04000DBE70098012205F063FC80231B069C4659
:10E050006044D2E7D80F493FFFFF7F7FF0B54746C6
:10E06000CE4680B58DB004000D0000F0CFFF264BEA
:10E07000060098461B780F005BB2013331D02200B6
:10E080002B0020002900FEF7E5FD8146002828D15D
:10E0900020002900FFF786FB00221C4BFBF79EFFA8
:10E0A00000281ED001230293194B1A4803934B46B4
:10E0B000069407950A930494059505F0D7FE434608
:10E0C0001B78089009915BB2022B11D002A805F0D1
:10E0D000CBFE00280CD00A9B0193002B0DD1089E8B
:10E0E000099F300039000DB00CBC90469946F0BD38
:10E0F00006F088F821230360EDE706F083F80A9B19
:10E1000001930360EBE7C046CA0200200000F03F25
:10E110007063020098540200F0B54746CE4680B5C1
:10E120008DB004000D0001F06DF9264B06001B7840
:10E130000F005BB29846013310D022002B00200064
:10E140002900FEF787FD8146002807D100221E4BDB
:10E1500020002900FBF72EFF002806D130003900EF
:10E160000DB00CBC90469946F0BD01230293174BAD
:10E17000002203934B460A930023100019000694D3
:10E18000079504940595FDF7A1FB43460890099176
:10E19000022B0BD002A805F067FE002806D00A9BD0
:10E1A0000193002B07D1089E099FD7E706F02AF8B4
:10E1B00021230360F3E706F025F80A9B019303602F
:10E1C000F1E7C046CA0200200000F03F7863020079
:10E1D000F0B54746CE4680B58DB004000D0001F085
:10E1E000A1F9264B060098461B780F005BB201335D
:10E1F00031D022002B0020002900FEF72BFD8146A4
:10E20000002828D120002900FFF7CCFA00221C4B5F
:10E21000FBF7E4FE00281ED001230293194B1A4895
:10E2200003934B46069407950A930494059505F0CD
:10E230001DFE43461B78089009915BB2022B11D05A
:10E2400002A805F011FE00280CD00A9B0193002BB8
:10E250000DD1089E099F300039000DB00CBC9046CE
:10E260009946F0BD05F0CEFF21230360EDE705F0F0
:10E27000C9FF0A9B01930360EBE7C046CA02002076
:10E280000000F03F806302009854020010B501F0D6
:10E290003DFB10BDF0B54746CE4680B58DB00400BD
:10E2A0000D0001F0EFFB364B060098461B780F007F
:10E2B0005BB201333ED022002B0020002900FEF784
:10E2C000C9FC8146002835D120002900FFF76AFAF1
:10E2D00000222C4B00900191FBF78AFE002829D0E8
:10E2E00000980199434600270022DF57254BFBF792
:10E2F00075FE02AE002824D001230293224B002297
:10E3000073604B463362002334617561B460F5601D
:10E3100010001900FDF7DAFAB061F161022F23D085
:10E32000300005F0A1FD00281ED0336A002B22D159
:10E33000F769B669300039000DB00CBC90469946BB
:10E34000F0BD02230293104B30627360346175613B
:10E35000B460F5600022002320002900FDF7B6FA22
:10E36000B061F161022FDBD105F04CFF2123036086
:10E37000336A002BDCD005F045FF336A0360D7E732
:10E38000CA0200200000F03F88630200F0B5474653
:10E39000CE4680B58DB004000D0001F0FFFB2A4B86
:10E3A000060098461B780F005BB2013331D0220083
:10E3B0002B0020002900FEF74DFC8146002828D1C3
:10E3C00020002900FFF7EEF9204A214BFBF706FE5B
:10E3D00000281ED0032302931E4B06940795039337
:10E3E0004B460A9343461B78049405955BB2002B79
:10E3F00016D00020184908900991022B15D105F07C
:10E4000001FF222303600A9B0193002B16D1089E73
:10E41000099F300039000DB00CBC90469946F0BD04
:10E42000E0220E4B12060892099302A805F01CFD8B
:10E430000028E4D00A9B0193002BE8D005F0E2FE0F
:10E440000A9B01930360E2E7CA0200207DF8B98FBE
:10E45000CE338640906302000000F07FFFFFEF475D
:10E46000F0B54746CE4680B58BB004000D0001F0F4
:10E470003FFC344B060098461B780F005BB201331B
:10E4800038D02000290005F0E5FC002832D02E4AC3
:10E490002E4B20002900FBF7A1FD8146002830D13A
:10E4A0002B4A2C4B20002900FBF784FD002821D0AB
:10E4B00004236E460093284B002273604B46336260
:10E4C0000023B261F36143461B78346175615BB22E
:10E4D000B460F560022B30D0300005F0C5FC002898
:10E4E0002BD0336A002B03D005F08CFE336A036017
:10E4F000F769B669300039000BB00CBC90469946FC
:10E50000F0BD03236E460093134B34617561736055
:10E510000023336243461B78B460F5605BB2002B86
:10E5200005D1E0220D4B1206B261F361D4E7002061
:10E530000B49B061F161022BCED105F063FE2223BD
:10E540000360CEE7CA020020EF39FAFE422E864071
:10E5500051302DD5104987C098630200FFFFEF4767
:10E560000000F07FF0B54746CE4680B58DB01D0067
:10E5700006000F00140001F02DFD2E4B00900191BC
:10E580001B785BB2984601333CD022002B00200060
:10E590002900FEF75FFB002834D132003B00300039
:10E5A0003900FEF757FB814600282BD100220023BB
:10E5B00020002900FBF7F8FC002823D00123029358
:10E5C0001D4B0496059703934B460A9343460694C6
:10E5D0000795002B1DD00023002219001000FDF725
:10E5E00075F9434608900991022B14D105F00AFEF3
:10E5F000212303600A9B0093002B15D1089B099CE3
:10E6000000930194009801990DB00CBC9046994676
:10E61000F0BD0896099702A805F026FC0028E5D071
:10E620000A9B0093002BE9D005F0ECFD0A9B0093B8
:10E630000360E3E7CA0200209C630200F0B5C6460F
:10E6400000B58CB004000D0001F020FE3A4B06002E
:10E650001B780F005BB2984601330FD022002B00CD
:10E6600020002900FEF7F6FA002807D10022002337
:10E6700020002900FBF7B2FC002805D0300039004B
:10E680000CB004BC9046F0BD2C4B0A90039343465B
:10E690000494059506940795002B1AD1E022284B87
:10E6A0001206089209932000002200232900FBF79C
:10E6B0007BFC002838D00223029302A805F0D4FB8B
:10E6C000002817D00A9B0193002B18D1089E099FA0
:10E6D000D4E700221B4B2000089209932900002256
:10E6E0000023FBF761FC00280FD00223029343466E
:10E6F000022BE2D105F086FD22230360E2E705F05C
:10E7000081FD0A9B01930360E0E7012302934346E6
:10E71000022B0BD105F076FD212303600A4805F09A
:10E72000A5FB08900991CDE70123029302A805F00B
:10E730009BFB0028F2D1EDE7CA020020A46302008F
:10E74000FFFFEFC70000F0FF98540200F0B5474606
:10E75000CE4680B58DB004000D0001F06DFF3C4B3E
:10E7600006001B780F005BB29846013310D02200E0
:10E770002B0020002900FEF76DFA8146002807D102
:10E780000022002320002900FBF71EFC002806D1F0
:10E79000300039000DB00CBC90469946F0BD2D4BB1
:10E7A0000494059503934B460A93434606940795B4
:10E7B000002B1AD1E022284B120608920993200060
:10E7C000002200232900FBF7EFFB002838D00223AA
:10E7D000029302A805F048FB002817D00A9B01937A
:10E7E000002B18D1089E099FD2E700221B4B200066
:10E7F00008920993290000220023FBF7D5FB00288B
:10E800000FD0022302934346022BE2D105F0FAFC1B
:10E8100022230360E2E705F0F5FC0A9B0193036005
:10E82000E0E7012302934346022B0BD105F0EAFCFB
:10E83000212303600A4805F019FB08900991CDE7F0
:10E840000123029302A805F00FFB0028F2D1EDE7A7
:10E85000CA020020A8630200FFFFEFC70000F0FF1C
:10E8600098540200F0B557464E46DE464546E0B5A0
:10E870008FB01D0006000F00140001F06FFFCE4B9B
:10E88000009001919A461B785BB2994601333ED0C5
:10E8900022002B0020002900FEF7DCF98346002827
:10E8A00035D132003B0030003900FEF7D3F90022A9
:10E8B0000390002800D06FE0002330003900FBF700
:10E8C00073FB00282CD00022002320002900FBF736
:10E8D0006BFB8346002800D192E004AB98460123ED
:10E8E00042460493B54B53604346039A1C615D61F5
:10E8F0001A629E60DF604246002300249361D46167
:10E900004B46002B67D00023AD4C00930194009838
:10E9100001990FB03CBC90469946A246AB46F0BD6B
:10E920000098019905F096FA8146002800D19AE0F6
:10E930000098019900220023FBF736FB0028E6D05F
:10E940003000390005F086FA0028E0D020002900C8
:10E9500005F080FA0028DAD004AB9846042342463A
:10E960000493964B14615561536000230024136295
:10E9700000239361D46153461B789660D7605BB2E5
:10E98000022B04D0404605F06FFA002829D105F08B
:10E9900039FC2223036024E0002320002900FBF738
:10E9A00003FB0028B3D004AB9846012342460493EE
:10E9B000824B4146536043465A461A6200229E608B
:10E9C000DF601C615D617E4B8A61CB6100920193C7
:10E9D0004B46022B9BD0404605F046FA002800D15A
:10E9E0008AE043461B6A002B04D005F00BFC43462B
:10E9F0001B6A03604346DC699B690093019486E7C8
:10EA00002000290005F026FA002800D17FE7002227
:10EA1000002320002900FBF7CDFA002800D176E77B
:10EA200004AB9846012342460493644B536043462B
:10EA30005A469E60DF601A621C615D6153461B7816
:10EA40005BB2002B5DD0002042465E499061D161EF
:10EA5000022B5BD105F0D6FB2123036043461B6AE2
:10EA6000002BC7D0C1E73000390005F0F3F90028CA
:10EA700000D15DE72000290005F0ECF9002800D165
:10EA800056E70098019953461B7802005BB29B46FB
:10EA90000B00FEF7DFF804AB9846002862D1032391
:10EAA00042460493454B1461556153601062966071
:10EAB000D760454B200029000022FDF711FB5B4683
:10EAC00004000D00002B27D1E02241463F4B1206E7
:10EAD0008A61CB613000002200233900FBF76AFA1B
:10EAE00000282AD1404605F0BFF90028B6D105F02C
:10EAF00089FB22230360B1E705F084FB2123036037
:10EB00006FE74246002300249361D461404605F03C
:10EB1000ABF90028A2D19DE7002241462C4B3000E2
:10EB20008A61CB61002200233900FBF743FA0028F9
:10EB300035D15B46022BDAD0D4E72000290005F05E
:10EB40009BF922002B00FBF72FFA002805D1E022C9
:10EB5000204B120641468A61CB6153461B785BB25B
:10EB60009B46E6E7012342460493144B5360434619
:10EB70004A469E60DF601A621C615D615B46002B45
:10EB8000BFD00023002219001000FCF79FFE43466F
:10EB90009861D9615B46022B00D15BE7B6E72000A4
:10EBA000290005F069F922002B00FBF7FDF9002888
:10EBB000D3D10022034BCDE7CA020020B06302008C
:10EBC0000000F03F0000F0FF0000E03FFFFFEF47D4
:10EBD0000000F07FFFFFEFC7F0B54746CE4680B597
:10EBE0008DB006000F0002F02FFD2D4B040098465B
:10EBF0001B780D005BB2013304D005F02BF9814680
:10EC0000002806D0200029000DB00CBC9046994683
:10EC1000F0BD3000390005F01DF90028F2D00323C3
:10EC20000293204B002403934B460A9343461C5700
:10EC300006960797049605970022002330003900B6
:10EC4000002C0ED1FBF7CAF9E022120600281DD0D5
:10EC5000154B0892099302A805F006F900280ED179
:10EC600009E0FBF7BBF90022002811D00F4B0892F6
:10EC70000993022CEFD105F0C5FA222303600A9B09
:10EC80000193002B06D1089C099DBBE7084BE0E7E8
:10EC9000084BECE705F0B6FA0A9B01930360F2E734
:10ECA000CA020020B4630200FFFFEF470000F07FBC
:10ECB000FFFFEFC70000F0FFF0B54746CE4680B536
:10ECC0008DB004000D0002F08DFD294B06001B786D
:10ECD0000F005BB29846013310D022002B002000B9
:10ECE0002900FDF7B7FF8146002807D10022002345
:10ECF00020002900FBF75EF9002806D1300039001A
:10ED00000DB00CBC90469946F0BD01230293194BFF
:10ED10000694079503934B460A934346049405953E
:10ED2000002B15D00023002219001000FCF7CEFDA7
:10ED3000434608900991022B0ED105F063FA212376
:10ED400003600A9B0193002B0CD1089E099FD5E715
:10ED5000002300240893099402A805F085F80028F0
:10ED6000EFD1EAE705F04EFA0A9B01930360ECE766
:10ED7000CA020020BC63020070B500258CB0041CE0
:10ED800002F008FE354B061C5D576B1C0BD0211C96
:10ED9000201CFCF7BFF9002805D10021201CFBF73F
:10EDA00057F9002802D0301C0CB070BD2C4B0A90D3
:10EDB000201C0393FEF70CF8069007910490059130
:10EDC000002D1BD1E022274B12060021201C0892A7
:10EDD0000993FBF723F9002837D00223029302A8F6
:10EDE00005F042F8002817D00A9B0193002B18D198
:10EDF00008980999FEF73EF8061CD4E700221A4B42
:10EE00000021201C08920993FBF708F900280ED076
:10EE100002230293022DE2D105F0F4F922230360CC
:10EE2000E2E705F0EFF90A9B01930360E0E70123B5
:10EE30000293022D0BD105F0E5F9212303600B4865
:10EE400005F014F808900991CEE70123029302A877
:10EE500005F00AF80028F2D1EDE7C046CA0200200A
:10EE6000C4630200FFFFEFC70000F0FF98540200E8
:10EE7000F0B500258DB0041C02F0D2FE354B061C07
:10EE80005D576B1C0BD0211C201CFCF743F9071E9F
:10EE900005D10021201CFBF7D1F8002802D1301C3D
:10EEA0000DB0F0BD2C4B201C03930A97FDF790FF8B
:10EEB0000690079104900591002D1BD1E022274B6D
:10EEC00012060021201C08920993FBF7A7F80028DE
:10EED00037D00223029302A804F0C6FF002817D0FF
:10EEE0000A9B0193002B18D108980999FDF7C2FFDE
:10EEF000061CD4E700221A4B0021201C089209931B
:10EF0000FBF78CF800280ED002230293022DE2D1E9
:10EF100005F078F922230360E2E705F073F90A9B14
:10EF200001930360E0E701230293022D0BD105F06A
:10EF300069F9212303600B4804F098FF08900991B8
:10EF4000CEE70123029302A804F08EFF0028F2D13D
:10EF5000EDE7C046CA020020CC630200FFFFEFC706
:10EF60000000F0FF98540200F0B500258DB0041C9D
:10EF700003F032F8234B061C5D576B1C0BD0211C91
:10EF8000201CFCF7C7F8071E05D10021201CFBF749
:10EF90004BF8002802D1301C0DB0F0BD01230293C4
:10EFA000194B201C03930A97FDF712FF00220690CD
:10EFB0000791049005910023002D15D01000190031
:10EFC000FCF784FC08900991022D0FD105F01AF985
:10EFD000212303600A9B0193002B0DD10898099906
:10EFE000FDF748FF061CD6E70892099302A804F033
:10EFF0003BFF0028EED1E9E705F004F90A9B0193F5
:10F000000360EBE7CA020020D4630200F0B5DE4AD9
:10F010004B0085B007000E005B0893420BDDDB4A16
:10F0200094466344034300D0ABE0002900DC29E1AF
:10F0300000200021AFE0D64A934206DCD54A934235
:10F0400000DDAAE0D448D549A5E0002900DA1CE19A
:10F0500002000B000020D249FDF7B4FA0022D14B88
:10F06000FDF73EF804000D0002F0BCFBCE4A0F0095
:10F0700000900191CD4B20002900FDF731F8CC4ADA
:10F08000CC4BFCF707F922002B00FDF729F8CA4A00
:10F09000CA4BFDF797FA22002B00FDF721F8C84A6A
:10F0A000C84BFCF7F7F822002B00FDF719F8C64A09
:10F0B000C64BFDF787FA22002B00FDF711F8C44A72
:10F0C000C44BFCF7E7F822002B00FDF709F8C24A11
:10F0D00002900391C14B20002900FDF701F8C04ABE
:10F0E000C04BFDF76FFA22002B00FCF7F9FFBE4A78
:10F0F000BE4BFCF7CFF822002B00FCF7F1FFBC4A17
:10F10000BC4BFDF75FFA22002B00FCF7E9FF002261
:10F11000A34BFCF7BFF802000B0002980399FCF721
:10F12000D5FB009A019BFCF7DBFF002602900391C0
:10F1300032003B0030003900FCF7D2FF02000B0028
:10F1400020002900FDF73EFA320004000D0000986F
:10F1500001993B00FCF79EF802000B0020002900FB
:10F16000FCF7B4FB02000B0002980399FCF792F83D
:10F1700032003B00FCF78EF802000B00FCF78AF827
:10F1800009E002000B0038003100FDF71BFA020015
:10F190000B00FCF79BFB05B0F0BD02000B00380034
:10F1A0003100FCF79DFF04000D007F4A7F4BFCF708
:10F1B00097FF7F4A7F4BFCF76DF822002B00FCF78E
:10F1C0008FFF7D4A7D4BFDF7FDF922002B00FCF7F8
:10F1D00087FF7B4A7B4BFCF75DF822002B00FCF796
:10F1E0007FFF794A794BFDF7EDF922002B00FCF700
:10F1F00077FF774A774BFCF74DF822002B00FCF79E
:10F200006FFF754A00900191744B20002900FCF7B4
:10F2100067FF734A734BFDF7D5F922002B00FCF70B
:10F220005FFF714A714BFCF735F822002B00FCF7A9
:10F2300057FF6F4A6F4BFDF7C5F922002B00FCF713
:10F240004FFF0022564BFCF725F802000B000098F8
:10F250000199FCF73BFB3A003300FCF741FF020049
:10F260000B0065486549FDF7ADF902000B00380059
:10F270003100FDF7A7F902000B0047484749FDF7A9
:10F28000A1F988E744485E4985E70022444B3800ED
:10F290003100FBF7FFFF0022424BFCF721FF040087
:10F2A0000D00414A414BFCF71BFF414A414BFBF724
:10F2B000F1FF22002B00FCF713FF3F4A3F4BFDF705
:10F2C00081F922002B00FCF70BFF3D4A3D4BFBF779
:10F2D000E1FF22002B00FCF703FF3B4A3B4BFDF70D
:10F2E00071F922002B00FCF7FBFE394A394BFBF782
:10F2F000D1FF22002B00FCF7F3FE009001912000CB
:10F30000290002F06FFA344A06000F00334B200048
:10F310002900FCF7E5FE324A324BFDF753F9220093
:10F320002B00FCF7DDFE304A304BFBF7B3FF220029
:10F330002B00FCF7D5FE2E4A2E4BFDF743F9220099
:10F340002B00FCF7CDFE0022154BFBF7A3FF0200BC
:10F350000B0000980199FCF7B9FA32003B00FCF76A
:10F36000BFFE254A254BFDF72DF932003B00FBF788
:10F3700091FF02000B00FBF78DFF02000B00064817
:10F380001F49FDF71FF906E7FFFFEF3F000010C020
:10F39000FFFFDF3F0000603C182D4454FB21F93F84
:10F3A0000000F03F0000E03F09F7FD0DE13D023FA6
:10F3B00088B20175E0EF493F3B8F68B52882A43FD2
:10F3C0005544880E55C1C93F7D6FEB0312D6D43F1B
:10F3D000555555555555C53F82922EB1C5B8B33FC9
:10F3E00059018D1B6C06E63FC88A599CE52A0040EE
:10F3F0004B2D8A1C273A0340075C143326A6913C08
:10F40000FB210940F0B5404A83B005000C00914251
:10F4100037DD3E4A914209DD3D4A914240DD02001E
:10F420000B0028002100FBF735FF34E0394A8A1829
:10F43000024332D08022D20591423ADC0022364B80
:10F4400028002100FDF7BEF802000B0004000D00AB
:10F45000FBF720FF220006000F002B0020002900F0
:10F46000FCF73EFE02000B0030003900FBF712FFF4
:10F4700002F0B8F922002B00FBF70CFFFEF732FA7E
:10F4800009E002000B0028002100FDF79BF80200B4
:10F490000B00FCF71BFA03B0F0BD00200021FAE7D7
:10F4A0002800210000F0F2FE1C4A1D4BFBF7F2FE83
:10F4B000F1E702000B0028002100FCF711FE0022FA
:10F4C000154BFDF77FF802F08DF92A0000900191AD
:10F4D000230028002100FBF7DDFE2A0006000F00B4
:10F4E000009801992300FBF7D5FE02000B000020D5
:10F4F0000949FCF7EBF902000B0030003900FDF779
:10F5000061F800F0C3FEC6E7FFFFEF3FFFFFAF412A
:10F51000FFFFEF7F000010C00000F03FEF39FAFE60
:10F52000422EE63FF0B54F46D64680B5D54B4E004D
:10F5300089B007008A46894676089E4217DDD24B7D
:10F540009C466644064328D002000B003800514612
:10F55000FDF738F802000B00FCF7B8F903000A00C9
:10F560001800110009B00CBC91469A46F0BDC74B7B
:10F570009E4229DCC64B9E4200DDF8E0C54AC64BE0
:10F5800038005146FBF786FE0022C44BFAF726FDF1
:10F59000002819D03B005246E2E7C14AC14B38006F
:10F5A0005146FCF79DFDC04A04000D00BF4B3800DA
:10F5B0005146FCF795FD02000B0020002900FBF7E7
:10F5C00069FE03000A00CBE738005146FEF7EAF86F
:10F5D00002000B000020B149FCF7F4FF0022B44BFD
:10F5E000FCF77EFD04000D00B24AB34BFCF778FD3A
:10F5F000B24AB34BFBF74EFE22002B00FCF770FD26
:10F60000B04AB14BFCF7DEFF22002B00FCF768FD8F
:10F61000AE4AAF4BFBF73EFE22002B00FCF760FD2D
:10F62000AC4AAD4BFCF7CEFF22002B00FCF758FD97
:10F63000AA4AAB4BFBF72EFE22002B00FCF750FD35
:10F64000A84A02900391A84B20002900FCF748FD2E
:10F65000A64AA74BFCF7B6FF22002B00FCF740FDA3
:10F66000A44AA54BFBF716FE22002B00FCF738FD41
:10F67000A24AA34BFCF7A6FF22002B00FCF730FDAB
:10F68000864B0022FBF706FE04900591200029001E
:10F6900002F0A8F89B4B009001919E4200DDCFE064
:10F6A0000098019902000B000F00FBF7F3FD049A8C
:10F6B000059B0690079102980399FCF707F9020051
:10F6C0000B0006980799FCF70BFD002602900391AA
:10F6D00032003B0030003900FCF702FD02000B0055
:10F6E00020002900FCF76EFF320004000D00009896
:10F6F00001993B00FBF7CEFD02000B002000290022
:10F70000FCF7E4F802000B00FBF7C4FD02000B005D
:10F7100065486649FCF756FF02000B000298039902
:10F72000FCF750FF320004000D003B0030003900B0
:10F73000FBF7B0FD02000B0059487349FCF742FF8C
:10F7400002000B0020002900FCF73CFF02000B0028
:10F7500053486D49FCF736FF03000A00494600296B
:10F7600000DDFDE6802109068C466244F8E60200D1
:10F770000B0038005146FCF7B3FC04000D004D4A65
:10F780004D4BFCF7ADFC4D4A4D4BFBF783FD220082
:10F790002B00FCF7A5FC4B4A4B4BFCF713FF220058
:10F7A0002B00FCF79DFC494A494BFBF773FD2200F7
:10F7B0002B00FCF795FC474A474BFCF703FF220060
:10F7C0002B00FCF78DFC454A454BFBF763FD2200FF
:10F7D0002B00FCF785FC434A00900191424B20002E
:10F7E0002900FCF77DFC414A414BFCF7EBFE22006F
:10F7F0002B00FCF775FC3F4A3F4BFBF74BFD22000B
:10F800002B00FCF76DFC3D4A3D4BFCF7DBFE220074
:10F810002B00FCF765FC0022204BFBF73BFD0200B0
:10F820000B0000980199FCF751F83A005346FCF799
:10F8300057FC3A005346FBF72DFD03000A008FE604
:10F84000049A059B02980399FCF740F8009C019DDF
:10F8500022002B00FCF744FC22002B00FBF71AFDD2
:10F8600002000B00FBF716FD0F4A104BFCF7AAFE37
:10F8700002000B000A480B49FCF7A4FE03000A0033
:10F880006CE7C046FFFFEF3F000010C0FFFFDF3F07
:10F89000FFFF3F3E9C7500883CE4377E0000F03F50
:10F8A000182D4454FB21F93F075C143326A6913CE4
:10F8B0000000E03F09F7FD0DE13D023F88B2017510
:10F8C000E0EF493F3B8F68B52882A43F5544880E3E
:10F8D00055C1C93F7D6FEB0312D6D43F55555555E1
:10F8E0005555C53F82922EB1C5B8B33F59018D1B06
:10F8F0006C06E63FC88A599CE52A00404B2D8A1CBD
:10F90000273A03403233EF3FFB21E93FF8B51500BA
:10F910004746CE465A001C006B4280B52B434B4FE6
:10F920005208DB0F1343BB421DD84B005B089846BF
:10F93000464643420343DB0F89463343BB4212D85A
:10F94000434BE3182B4339D00226A3171E40CB0F9D
:10F950001E434346034310D1022E47D0032E08D145
:10F960003C483D4905E002000B0028002100FBF760
:10F9700091FC0CBC90469946F8BD13002B4320D057
:10F98000BA4224D0B8451CD043469A1A12153C2AD4
:10F990002FDC002C30DA3C322EDA00200021012E40
:10F9A0003ED0022E31D0002EE3D02C4A2C4BFCF757
:10F9B00009FE284A2B4BFCF705FEDAE7FDF784FC2D
:10F9C000D7E74B462348002B0EDB2749D1E790456C
:10F9D0002BD0022E0AD0032EC2D000200021012EEF
:10F9E000C7D180210906C4E72049C2E719481D494B
:10F9F000BFE718481C49D2E72A002300FBF766FF3F
:10FA0000FDF7D0FEFDF760FCC9E7144A144BFCF784
:10FA1000D9FD02000B000F481249FCF7D3FDA8E7FF
:10FA2000802424060B191900A3E7022E06D0032E0A
:10FA300009D00848012E04D00D499AE70D480E4917
:10FA400097E70E4995E70B480D4992E70000F07FD4
:10FA5000000010C0182D4454FB2109C0075C14336A
:10FA600026A6A13CFB210940FB21F93FFB21F9BF60
:10FA7000FB21E93FD221337F7CD90240FB21E9BF42
:10FA80007CD902C0F0B5C64600B543424E000343E0
:10FA90003C4A7608DB0F82B004000D008846070060
:10FAA000334393422BD8964264D0374B9E4236DD87
:10FAB000364B35009E423EDD330002003100FBF73D
:10FAC000E9FB220006000F002B0000202D49FCF767
:10FAD00079FD02000B0030003900FBF7F7FEFDF75F
:10FAE00001FF00222A4BFCF7FBFA424607000B00FD
:10FAF000002A0EDA802212069446634409E00200CE
:10FB00000B00FCF75FFD0B000200FBF7DFFE0700B8
:10FB10000B003800190002B004BC9046F0BD1D4A2D
:10FB20001D4BFBF7B7FB00230022FAF757FA2B0017
:10FB30000028EED1350022002B0020002900FBF721
:10FB4000A9FB22002B0006000F00FCF7C9FA2200D7
:10FB5000009001912B0000200A49FCF733FD0200C0
:10FB60000B0000980199FBF7B1FE32003B00FBF758
:10FB700091FBB4E700230022FBF7A8FE07000B006F
:10FB8000C7E7C0460000F03FFFFF2F3EFFFFDF3F0B
:10FB90000000E03F9C7500883CE4377EF0B5484BA0
:10FBA0004E0083B076089E4217DC464B9E421EDD17
:10FBB000454B9E4250DD454B9E4242DD444B9E42AA
:10FBC00068DD444B9E4262D0434A444B100019000A
:10FBD000FCF786FA04000D0005E002000B00FCF7BC
:10FBE0007FFA04000D002000290003B0F0BDFDF7EE
:10FBF000D9FD03F007FF3A4B002200900191FBF77B
:10FC000049FB384B04000D009E42ECDD0098019941
:10FC100002000B00FCF764FA22002B0006000F0024
:10FC200020002900FBF736FB02000B0030003900F2
:10FC3000FBF74CFE00222A4BFBF72CFB04000D00C7
:10FC4000D1E7FDF7AFFD00F053F80022264BFCF79B
:10FC500047FA04000D00C6E7FDF7A4FD00F048F8E0
:10FC60000022214B04000D00FCF73AFA22002B0081
:10FC700006000F0000201C49FBF728FE02000B00C5
:10FC800030003900FBF706FB04000D00ABE7174A14
:10FC9000904299D8FDF786FD0022134BFCF720FA1D
:10FCA00000F026F804000D0000220F4BFCF718FAB4
:10FCB00022002B00FCF714FA04000D0093E7C04665
:10FCC000FFFFEF7F422ED63FFFFF3540412E86409B
:10FCD000CD338640CE3386409C7500883CE4377E29
:10FCE0000000F03FFFFF7F3C0000E03F7DF8B98F50
:10FCF000F0B5D64600B54B000E00CC0F954986B046
:10FD000007005B088B420DD993498B4200D882E0F3
:10FD10003203120B024300D00BE1002C00D015E19E
:10FD20003100E9E08D4A934200D9AEE08C4A93421B
:10FD300000D8E5E000239A463A003300380031004D
:10FD4000FCF7CEF904000D00864A874BFCF7C8F992
:10FD5000864A874BFCF736FC22002B00FCF7C0F9E3
:10FD6000844A854BFBF796FA22002B00FCF7B8F982
:10FD7000824A834BFCF726FC22002B00FCF7B0F9EB
:10FD8000804A814BFBF786FA22002B00FCF7A8F98A
:10FD900002000B0038003100FCF714FC00900191C8
:10FDA0000B00020031003800FCF79AF953460400BA
:10FDB0000D00002B00D188E0009A019B80210020DB
:10FDC000C905FCF7FFFB02000B0020002900FBF730
:10FDD0007DFD02000B0004980599FCF7F3FB029AE5
:10FDE000039BFCF7EFFB0B00020068490020FCF7C7
:10FDF000E9FB674B06000F009A4500DB93E0FA230E
:10FE00009B0053441B055D18B823290000225B04A6
:10FE1000FCF766F970E05F4A5F4B3100FAF7DEF8F5
:10FE2000002800D08BE05D4A5D4B38003100FAF7C6
:10FE3000C1F8002800D089E05A4BE4001C195A4A46
:10FE40005A4B38003100FCF74BF922686368FBF726
:10FE500021FAFCF71BFF8246FCF74EFF544A554B34
:10FE600004000D00FCF73CF902000B0038003100E3
:10FE7000FCF7A8FB504A02900391504B2000290048
:10FE8000FCF72EF90490059116E04D4A9342D3D821
:10FE90004C4BE5005B191A685B683100FCF792FB7C
:10FEA000494B029003915B191A685B6804920593B1
:10FEB00001231B1B1B1B9A46049A059B029803995E
:10FEC000FCF780FB07000E0036E7802300980199BD
:10FED0000022DB05FCF776FB02000B002000290066
:10FEE000FBF7F4FC3A003300FCF76CFB02000B005C
:10FEF00000202649FCF766FB06B004BC9246F0BD24
:10FF0000324A334B3100FBF7C5F900221F4BFAF799
:10FF100065F8002800D10DE700221C4B38003100A5
:10FF2000FBF7B8F9E8E751460805C3191900300096
:10FF3000E2E7020033003100FBF7ACF9DCE7234ACB
:10FF4000234B10001900FCF7CBF8D5E70020002167
:10FF5000D2E7C046412E8640FFFFEF7F422ED63FBC
:10FF6000FFFF2F3ED0A4BE726937663EF16BD2C54B
:10FF700041BDBB3E2CDE25AF6A56113F93BDBE1678
:10FF80006CC1663F3E5555555555C53F0000F03F85
:10FF900003FCFFFFEF39FAFE422E864051302DD58B
:10FFA000104987C0C04B0200FE822B654715F73F02
:10FFB0000000E0FE422EE63F763C7935EF39EA3D1F
:10FFC000B1A2F03FD04B0200E04B02009C750088CC
:10FFD0003CE4377EF0B557464546DE464E465C006B
:10FFE0006408E0B5250083B092469446154322D0BC
:10FFF0009B4E4D006D08B5421DDC56421643994F8D
:020000040002F8
:10000000F60F2643BE4216D8CE0FF60783460700EA
:10001000B146A54220DC06008846A54213DB90428B
:1000200011D319D14B46DA0F8F4BD2009B181E68A3
:100030005B68984607E0FCF753F802000B00FBF7FB
:1000400045FC060088463000414603B03CBC904663
:100050009946A246AB46F0BD844EB54245DD2E150D
:10006000B346834EB0465E46464401967F4EB44248
:1000700000DDA5E0002C00D0BDE05646002E00DCDF
:10008000E7E07C4EB04601267642B34656467600FF
:10009000D844B246002EF6DC774EB246019E564555
:1000A00000DA7EE080250903090B6D030D437249D8
:1000B000884568DB80241B031B0B640323434246F3
:1000C00001998E1A6246E91AB81A002E2DD067459A
:1000D00092415242891A19D40A0002431CD04900A5
:1000E000C50F4D194700013EECE7002D76D15E4665
:1000F000002E00DCB0E05F4E0196019E013E0196AD
:100100005E467600B346002EF7DCAFE7FA0F6D00CF
:10011000AD187F00013ED5E74B46D90F524BC900C1
:100120005B181E685B6898468DE767459B415B429C
:10013000C91A01D5380029000B000343ECD04B4B02
:100140001A00994209DCC30F4900C91801235B4218
:100150009C464000E0449142F5DD474B98455FDA0C
:1001600042469B1A142B67DC02000C004348DA401D
:100170004044194184404B4620000B4399461043AC
:100180000600C8465FE74346C91A1F291EDC100057
:100190003A4B8C404344D8408A4003009446234362
:1001A0008DE75146019E8F1B1F2F32DCB2460600A1
:1001B0003249BD405144CE40B8403543070076E750
:1001C0002615B0462A4EB246D04465E741462C4B30
:1001D0005B1A9A4013000022944670E7EE02B04684
:1001E000254E0196019E013E019646467600B04698
:1001F000002EF7DC3AE7E602B2461F4EB046012673
:100200007642B34656467600D844B246002EF6DC17
:1002100042E7019D1A490027491B8840050046E72F
:10022000184B194C9C464B464444614424051943E1
:100230000C430600A04606E71F2B05DCD8400F4BF9
:100240004344994008439BE70D4B9B1A1941080012
:1002500096E7084EB0461FE7064E019606E7C046F1
:10026000FFFFEF7F0000F07FF04B0200FFFF0F0069
:1002700001FCFFFFEDFBFFFF02FCFFFF1E0400007F
:10028000E2FBFFFF0000F0FFFF030000F0B5D646E1
:100290004F464646C0B5CA4A86B00B00914200DDC3
:1002A000CCE04A005208024300D1D6E0002900DA2F
:1002B000E6E0C44B0022FBF713FF3625C24C0B00CF
:1002C0006D42A34200DDBEE01A15C04C1B031B0BA0
:1002D0009846A4468024BE4B640343442340BD4C4F
:1002E000624452195C4045461B1599462543B94B5B
:1002F000290091440022FCF765F9434602331B03B1
:1003000006000F001B0B0022022B00DCACE0802358
:10031000DB05FAF7BFFF02000B0030003900FBF7E6
:10032000D5FA040048460D00FCF7E6FC22000090D8
:1003300001912B002000290004940595FBF7D0FEC5
:100340000D000400A449220041442B008A462000ED
:10035000290002940395FBF7C3FE04000D009F4A99
:100360009F4BFBF7BDFE9F4A9F4BFAF793FF22007E
:100370002B00FBF7B5FE9D4A9D4BFAF78BFF220041
:100380002B00FBF7ADFE9B4A9B4BFAF783FF029ACB
:10039000039BFBF7A5FE994A02900391984B20001E
:1003A0002900FBF79DFE974A974BFAF773FF22004F
:1003B0002B00FBF795FE954A954BFAF76BFF220051
:1003C0002B00FBF78DFE0B00020002980399FAF751
:1003D00061FF0D0041468F4B04005B1A51460B43F1
:1003E000002B00DC95E000228B4B30003900FBF73E
:1003F00077FE32003B00FBF773FE0A00010013009A
:1004000002910392020029002000FAF743FF049AA8
:10041000059BFBF765FE4B4604000D00002B00D04A
:100420008DE002000B0002980399FCF7CBF8020064
:100430000B0030003900FCF7C5F808E0624C0025DD
:10044000A34200DC40E702000B00FAF723FF06B0EE
:100450001CBC90469946A246F0BD00220023002015
:100460006E49FBF733FAF2E70023F9F79DFD002808
:100470000ED04B46002B00D084E000200021E6E7A0
:100480000200FCF79FF800220023FBF71FFADEE7CB
:10049000634A644B30003900FBF722FE02000B0078
:1004A00000205D49FCF78EF8320004000D003B008F
:1004B00030003900FBF714FE0B0002002900200079
:1004C000FBF70EFE4B4604000D00002B30D04846D3
:1004D000FCF712FC00900191534A544BFBF700FECD
:1004E000534A0290039100980199524BFBF7F8FD93
:1004F00002000B0020002900FCF764F832003B00EA
:10050000FCF760F802000B0002980399FCF75AF818
:100510009DE722002B0030003900FCF753F8049AC5
:10052000059BFBF7DDFD4B4604000D00002B41D180
:1005300022002B0030003900FCF744F887E73A4AE4
:100540003A4B00980199FBF7CBFD394A049005918D
:1005500000980199374BFBF7C3FD22002B00FAF7F7
:1005600099FE02000B0002980399FCF72BF8320069
:100570003B00FCF727F802000B0004980599FCF7F4
:1005800021F864E74846FCF7B7FB274A274B0400ED
:100590000D00FBF7A5FD264A06000F00254B2000A5
:1005A0002900FBF79DFD02000B0030003900FAF72F
:1005B00071FE4CE71C4A1D4B009801998EE7C0461E
:1005C000FFFF0F0000005043FFFFEF7F01FCFFFF24
:1005D000645F09000000F03F86EBF9FF44523EDF04
:1005E00012F1C23FDE03CB966446C73F5993229473
:1005F0002449D23F935555555555E53F9FC678D070
:10060000099AC33FAF788E1DC571CC3F04FA979904
:100610009999D93F51B806000000E03F000050C34F
:10062000555555555555D53F0000E0FE422EE63F45
:10063000763C7935EF39EA3DF0B5CE46474680B590
:100640003A4A83B004000D000B0091421CDC4A00C2
:10065000520802435AD000295FDB0022344BFBF7DB
:100660003FFD0D000B003621324A040049429342FF
:100670000EDD22002B0020002900FAF70BFE03B04C
:100680000CBC90469946F0BD2A4A00219342F0DC0A
:10069000294A1815944660444018C20F91461B031E
:1006A0001B0B48449846FCF727FB4A46234B0600A1
:1006B0009B1A42461B051A430F0020001100FFF74A
:1006C000E5FD1F4A04000D001E4B30003900FBF70A
:1006D00007FD1D4A009001911C4B20002900FBF7EB
:1006E000FFFC02000B0000980199FAF7D3FD184AAD
:1006F00004000D00174B30003900FBF7F1FC02003D
:100700000B0020002900FAF7C5FDB8E700220023FE
:1007100000201149FBF7DAF8B1E70200FBF752FFBE
:1007200000220023FBF7D2F8A9E7C046FFFF0F0025
:1007300000005043FFFFEF7F01FCFFFFFF030000BD
:10074000362BF111F3FE593D0EE526157BCBDB3F31
:1007500000609F501344D33F000050C3F0B557468C
:10076000DE464E4645465C006408E0B598461F00EC
:10077000230093B083468A46160013430CD07D4B6A
:100780004D00029181466D089D4212DD7A4B9C46D8
:100790005B4665441D4361D10023784C009301946E
:1007A0000098019913B03CBC90469946A246AB46CE
:1007B000F0BD9D4250D09C42E8DC6E4B9C426BD019
:1007C000002304935346002B69DB002A10D1694BA8
:1007D0009C424CD0694B9C4200D1A3E08023DB05B6
:1007E000984500D1BCE0664B984501D100F0D6FB9E
:1007F00058465146FCF7D6FF4B4600900191002B1E
:1008000007D1002D67D053465C4A9B009B0893425A
:1008100061D05346DB0F013B99464A46049B134384
:1008200000D190E0574B9C4200DCBBE0564B9C4211
:1008300001DC00F010FC554B9D4201DC00F004FC93
:100840004346002B23DD524A524B10001900FBF7A0
:1008500047FC00900191A3E7002805D04E4803F023
:1008600005FB009001919BE7AC42F7DCA5E75A46F7
:10087000414BEB18134300D18EE7444B9D4200DC03
:1008800099E3434600960197002B00DB88E700239D
:1008900000240093019483E7002A91D076E73F4B30
:1008A0009C423CDC394B9C428FDD3D4923158C46F4
:1008B0006344142B00DCB2E33421CB1A3100D9405D
:1008C00008009840904200D07FE70123194001338F
:1008D0005B1A049379E74346002B07DA009A019BE1
:1008E00000202649FAF7F2FF00900191029B002BAD
:1008F00000DB55E7204B9C46049B65441D4301D11A
:1009000000F00EFC049B012B00D049E7009C019DE8
:100910008021220009066B180092019340E7022310
:10092000049352E758465146434600900191002BEC
:1009300000DB35E75A46534600201049FAF7C6FF58
:10094000009001912CE75A46534658465146FBF712
:1009500039FE02000B00FAF7B9FF009001911FE782
:100960005A46534658465146FBF7BAFB0090019150
:1009700016E7C0460000F07F000010C00000F03F06
:100980000000E03F0000E0410000F043FFFFEF3FC8
:100990009C7500883CE4377E98540200FFFF3F437B
:1009A00001FCFFFFE44B00229D420ADC0098019904
:1009B0000022E24BFBF794FB35220D0000900191E1
:1009C0005242DF492B158C46634498462D03DD4C7B
:1009D000DD4B2D0B90442C439D420ADDDB4B9D42A9
:1009E00001DC00F001FC01239C46D94BE0449C460D
:1009F0006444002200230E920F9310921193002260
:100A00000025D04B0692079300980199069A079B00
:100A1000210008900991FBF7D5FD069A079B0A90E3
:100A20000B9108980999FAF735FC02000B00002099
:100A3000C449FAF74BFF0A00010013000C910D9214
:100A400002000A980B99FBF74BFB0A000100130008
:100A500002910392002200920193802364109B056F
:100A6000234380242403A44600206344591904002E
:100A70000D0002000B0000980199FBF731FB02000A
:100A80000B000A980B99FBF79DFD069A079B0A90AD
:100A90000B9120002900FBF795FD02000B00089840
:100AA0000999FBF78FFD009A019BFBF719FB0200E8
:100AB0000B000A980B99FBF785FD0C9A0D9BFBF731
:100AC0000FFB029C039D0890099122002B0020003F
:100AD0002900FBF705FB04000D009E4A9E4BFBF727
:100AE000FFFA9E4A9E4BFAF7D5FB22002B00FBF73C
:100AF000F7FA9C4A9C4BFAF7CDFB22002B00FBF740
:100B0000EFFA9A4A9A4BFAF7C5FB22002B00FBF743
:100B1000E7FA984A984BFAF7BDFB22002B00FBF747
:100B2000DFFA964A964BFAF7B5FB2200069007913A
:100B30002B0020002900FBF7D3FA02000B000698D7
:100B40000799FBF7CDFA009A019B04000D0002986B
:100B50000399FAF79FFB089A099BFBF7C1FA220059
:100B60002B00FAF797FB009C019D0A900B91220045
:100B70002B0020002900FBF7B3FA0022814B040070
:100B80000D00FAF787FB0A9A0B9BFAF783FB00220A
:100B90000B0011001A00069107920A0000980199B3
:100BA000FBF79EFA00220C900D9106980799754B61
:100BB000FBF708FD22002B00FBF704FD02000B00F1
:100BC0000A980B99FBF7FEFC029A039BFBF788FA45
:100BD000069A079B04000D0008980999FBF780FA14
:100BE00002000B0020002900FAF754FB04000D005E
:100BF00002000B000C980D99FAF74CFB0022100034
:100C0000E022614B120600900191FBF769FA0C9A01
:100C10000D9B0290039100980199FBF7D3FC020011
:100C20000B0020002900FBF7CDFC584A564BFBF780
:100C300057FA574A04000D0000980199554BFBF7ED
:100C40004FFA02000B0020002900FAF723FB109A4C
:100C5000119BFAF71FFB069007914046FCF74CF8F2
:100C6000069A079B04000D0002980399FAF712FBFD
:100C70000E9A0F9BFAF70EFB22002B00FAF70AFBE5
:100C8000002022002B0000900191FBF79BFC0E9AA4
:100C90000F9BFBF797FC029A039BFBF793FC020068
:100CA0000B0006980799FBF78DFC069007914A46C2
:100CB000049B013B134300D188E10023214C0293A4
:100CC000039400223B00300039001400FBF77AFC4B
:100CD000009A019BFBF704FA32003B000490059157
:100CE00006980799FBF7FCF902000B000498059998
:100CF000FAF7D0FA3D0006000F0000980199220093
:100D00002B0004960597FBF7EBF902000B0030006F
:100D1000390000920193FAF7BDFA1F4B04000D0051
:100D20008B460200994200DC55E11C4BCB18034373
:100D300000D0FBE134E0C046FFFF0F00000040435D
:100D400001FCFFFF0000F03F8E98030079B60B0016
:100D50000000F0FFEF4E454A287ECA3F65DBC9938D
:100D60004A86CD3F01411DA96074D13F4D268F5168
:100D70005555D53FFFAB6FDBB66DDB3F03333333E8
:100D80003333E33F0000084009C7EE3FFD033ADC80
:100D9000F5015B14E02F3EBEFFFF8F40000070BFE7
:100DA00004980599E84AE94BFAF774FA009A019B0E
:100DB00006000F0020002900FBF704FC02000B00D6
:100DC00030003900F9F70AF9AA46002800D0ADE151
:100DD0008024DF4A53469446640322001B15634473
:100DE0001A411300DB495B445A001E001B038C466A
:100DF0001B0B23431424520DD74D62441541A21AF4
:100E0000134199465B46AE4300203100002B02DAC5
:100E10004B465B42994602000B0000980199FBF794
:100E2000D1FB4B461B0500900191020098460B0038
:100E300004980599FAF72EFA0D0000240022C74BFA
:100E400020002900FBF74CF9009A019B06900791BE
:100E500020002900FBF7B6FB02000B00049805995F
:100E6000FBF7B0FBBE4ABF4BFBF73AF9BE4A0600A0
:100E70000F00BE4B20002900FBF732F902000B00E7
:100E800030003900FAF706FA04000D0002000B00EA
:100E900006980799FAF7FEF9069A079B06000F00D5
:100EA000FBF790FB02000B0020002900FBF78AFBF8
:100EB0003200009001913B0030003900FBF710F93F
:100EC00004000D00AA4AAB4BFBF70AF9AA4AAB4B48
:100ED000FBF778FB22002B00FBF702F9A84AA94B8D
:100EE000FAF7D8F922002B00FBF7FAF8A64AA74B2D
:100EF000FBF768FB22002B00FBF7F2F8A44AA54B96
:100F0000FAF7C8F922002B00FBF7EAF802000B0001
:100F100030003900FBF756FB04000D0002000B0007
:100F200030003900FBF7DCF88023049005910022A3
:100F3000DB0520002900FBF745FB02000B000498AD
:100F40000599FAF7C3FC009A019B04000D003000DC
:100F50003900FBF7C5F8009A019BFAF79BF90200EC
:100F60000B0020002900FBF72DFB32003B00FBF7B4
:100F700029FB02000B0000208749FBF723FB4346B7
:100F80005B181A15002A00DC3FE11900029A039B46
:100F9000FBF7A6F800900191FFF702FC5346002BE7
:100FA00001DAFFF725FC5846514600F01BFC009083
:100FB0000191FFF7F5FB4346002B00DB67E480233C
:100FC0001B06FB1800960193FFF7EAFB0023734C06
:100FD0000293039475E64B005B089A46704B9A4562
:100FE00000DCF9E06F4B5B441A430AD1009A019B85
:100FF000FBF7E8FA049A059BF8F7FAFF002800D1FE
:10100000E6E602980399684A684BFBF769F8664A76
:10101000664BFBF765F800900191FFF7C1FB002AD2
:1010200001D0FFF7E5FB1432D31A22001A41110058
:101030009940A14201D0FFF7CDFB01231A40DB18F4
:101040009B1A0493FFF7C6FB4346002B01DBFFF717
:101050001EFCFFF7F8FB564B9D42F5DD4E4B9D42C3
:1010600001DDFFF7EDFB0098019900224A4BFBF7E9
:10107000A9FAC0224F4BD20504000D00FBF730F84F
:101080004D4A029003914D4B20002900FBF728F8B0
:101090000022009001914A4B20002900FBF720F824
:1010A00002000B0047484849FBF78CFA22002B004E
:1010B000FBF716F802000B0000204449FBF782FA08
:1010C0002200069007912B0020002900FBF708F86A
:1010D00002000B0006980799FBF702F81A4A354BF5
:1010E000FAF7FEFF02000B0000980199FBF76AFA7D
:1010F00002000B0004000D0002980399FAF7CAF8E9
:10110000029A039B002000900191FBF75BFA02001A
:101110000B0020002900FBF755FA06900791C6E561
:101120000098019902000B00FFF711FC284A294B97
:1011300002980399FAF7D4FF254A264BFAF7D0FF15
:1011400000900191FFF72CFBFE822B654715973C21
:1011500002FCFFFF01FCFFFFFFFF0F00432EE63FF5
:10116000EF39FAFE422EE63F396CA80C615C20BED6
:10117000D0A4BE726937663EF16BD2C541BDBB3E9D
:101180002CDE25AF6A56113F93BDBE166CC1663F7B
:101190003E5555555555C53F0000F03F0000F0BF86
:1011A000FFCB904000346F3F59F3F8C21F6EA5018A
:1011B000FEFFEF3F4715F73F44DF5DF80BAE543EAF
:1011C0000000D03F555555555555D53F0000E03FDF
:1011D0009C7500883CE4377E00220E4B9046914679
:1011E0009A4500DC29E6F3E580220B4BD2050E92EE
:1011F0000F930A4A0A4B8025109211930022094B43
:10120000ED0206920793FFF7FFFB4A4602F0C4FE89
:10121000BCE6C0460000E03F03B8E23F06D0CF4343
:10122000EBFD4C3E0000F83FF0B54E464546DE462D
:101230005746E0B5E14B4C008FB0904689466408B4
:101240009C4200DC87E0DE4B9C4222DCDD4A002928
:1012500000DC92E0DC4BFBF7B5F9DB4B06000F003E
:101260009C4200D17EE1D94AD94BFBF7ABF9020091
:101270000B00414630000A604B603900FBF7A2F9D1
:10128000D34BD24AFBF79EF9434601259860D960BB
:101290006BE0D04B9C4200DC8FE0CF4B9C4200DDEA
:1012A00055E1CE4A231592469A4451460905631AE0
:1012B00019001D000400FBF7E9FCFBF71DFD02000F
:1012C0000B002000290008920993FBF77BF900220C
:1012D000C34BFAF705FF0F000600FBF7D7FCFBF73F
:1012E0000BFD04000D0002000B00300039000A94D1
:1012F0000B95FBF767F90022B94BFAF7F1FE0022D4
:1013000000230C900D91F8F74FFE002800D192E1D8
:101310000023002220002900F8F746FE4342434103
:101320000133B04A41460192022208A80092524677
:1013300000F0C6FF4B460500002B16DA802243461C
:101340001206944642465B68454263445360D36844
:101350006344D36009E00B00020041460A604B6021
:101360000022002300258A60CB6028000FB03CBC1F
:1013700090469946A246AB46F0BD934BF9F78AFFDB
:10138000914B06000F009C4200D13DE18F4A904BEB
:10139000F9F780FF02000B00414630000A604B6005
:1013A0003900FBF70FF9894A894BF9F773FF0125DB
:1013B00043466D429860D960D7E7FCF7F3F98A4A53
:1013C0008A4B06000F00FAF78BFE0022884BF9F7D4
:1013D00061FFFBF75BFC0500FBF78EFC794A7A4B5B
:1013E00004900591FAF77CFE02000B0030003900F2
:1013F000FBF7E8F8754A06000F0004980599744B4E
:10140000FAF76EFE029003911F2D00DCC7E0029AEE
:10141000039B30003900FBF7D5F883468A465346D4
:101420005B0024155B0DE31A102B6CDD0498059905
:10143000D322674B5205FAF753FE02000B0030002F
:10144000390002920393FBF7BDF80A000100130074
:1014500006910792020039003000FBF7B3F8029AB8
:10146000039BFBF7AFF806000F0004980599614A4B
:10147000614BFAF735FE32003B00FBF7A3F8069EFE
:10148000079F0B0002003900300002920393FBF724
:1014900099F84B005B0D83468A46E41A312C32DD05
:1014A00004980599B822544B9205FAF719FE0300E7
:1014B0000C000200029303940B0006980799FBF7B7
:1014C00081F802000B0006000F0006980799FBF751
:1014D00079F8029A039BFBF775F8484A029003914A
:1014E00004980599464BFAF7FBFD029A039BFBF71C
:1014F00069F802000B003000390002920393FBF7F9
:1015000061F883468A465A465346414630000A608F
:101510004B603900FBF756F8029A039BFBF752F831
:1015200044460B000200A260E3604B46002B00DB48
:101530001BE75B46236080231B06534463608023C4
:101540001B069C466144A060E1606D420DE70B0004
:101550000200FBF737F8434600259860D960186011
:10156000596002E7D3221A4B5205FBF72BF8214AA8
:10157000214B0D000400FBF725F802000B0041464B
:1015800020000A604B602900FBF71CF81A4B194A2F
:10159000FBF718F8434601259860D960E5E602009C
:1015A0000B0030003900FBF70DF86B1E154A9B004D
:1015B0009B5883468A46A342A5D130E7FB21E93FE9
:1015C0007BD9024000004054FB21F93F3163621A8D
:1015D00061B4D03DFB213941FFFFEF7FEAFBFFFF04
:1015E000000070415C64020083C8C96D305FE43F55
:1015F0000000E03F7370032E8A19A33BC1492025E8
:101600009A837B39DC630200D3220C4B5205F9F735
:1016100041FE0B4A0B4B04000D00F9F73BFE0200A4
:101620000B00414620000A604B602900FAF7CAFF10
:10163000034A044BB9E6032373E6C04661B4D03DC8
:101640007370032E8A19A33BF0B5594B4C0085B03B
:1016500007000E0064089C4249DC00295FDB002281
:10166000544B00920193544B9C4248DC534B9C4298
:101670005ADC534A534B38003100F9F70BFE524BFA
:101680000022F8F7ABFC310003003800002B34D106
:1016900038003100FCF786F802F0B4F906000F00BC
:1016A00032003B0030003900F9F7F4FD320004004D
:1016B0000D003B0030003900FAF712FD00220290C5
:1016C0000391414B30003900F9F7E4FD02000B00B3
:1016D00002980399FAF7FAF802000B00200029009B
:1016E000FAF770FF009A019BFAF7FAFC05E0020096
:1016F0000B0038003100F9F7CDFD05B0F0BD334BDC
:101700009C422FDD324B9C423ADD324B9C4234D01E
:101710002B4A2C4B38003100FAF7E2FCEDE70022AF
:101720002D4B009201939EE738003100FCF73AF808
:1017300002F068F9294B06000F009C42B0DD002240
:10174000214BF9F7A7FD02000B0030003900FAF732
:10175000BDF832003B00F9F79DFD009A019BFAF7B6
:10176000BFFCCAE738003100FCF71CF8FEF7C0FAEE
:10177000009A019BFAF7B4FCBFE7194A9742C7D811
:1017800038003100FCF70EF800220A4BFAF7A8FCEB
:10179000FEF7AEFA06000F0002000B000098019958
:1017A000FAF79EFC32003B00FAF79AFCA5E7C04628
:1017B000FFFFEF7F0000E03FFFFF3540FFFF2F3EC0
:1017C0003374AC3C1F7BAC7F0000F03F412E864061
:1017D000CD338640CE3386400000E0BFFFFFEF3FB1
:1017E0007DF8B98FF8B54746CE46674B80B50A00FD
:1017F0000F00190005003940994200D19BE0040018
:101800000100002F69DD3F1500D1B4E05F4B1203EA
:101810009C468023120B5B0313435B00CA0F674493
:101820009B184A00F80703D5D20F5B009B188A006B
:1018300079108C46002180201624894680030D18DB
:101840009D4202DC29185B1B8144D50F5B00013CE3
:101850005B1952004008002CF1D100208046802006
:1018600020250027000609E08B425CD0D40F5B00E6
:10187000013DE31852004008002D16D0C4198B42D8
:10188000F2DD27180E00002C49DB5B1AA2428941C9
:1018900049425B1A121BD40F5B00013D80443100AA
:1018A000E31852004008002DE8D113434ED14346BF
:1018B0005B0837494A468846494652104244C907A0
:1018C00002D5802109060B4361460F05BD1818009B
:1018D00029000CBC90469946F8BD7B005B08034389
:1018E0003900002BF5D0002F3CD1E30A153A6405EE
:1018F000002BFAD08020400303423FD1002700E0B4
:101900000F005B00791C0342FAD0250020208D4097
:10191000401A2900D71B2200C2401A4376E7FE4333
:10192000F60F8E19B1E79442A0D82718002CF6DBE9
:101930001E000023AEE702003B0028003900FAF742
:10194000CFFB2A003B00F9F7A5FCC2E74346013371
:1019500003D0434601335B08ABE7012398460023DD
:10196000C144A6E73B000200FAF72CFE02000B0080
:10197000F9F7ACFFADE713000022BBE70127210018
:1019800020207F42C6E7C0460000F07F01FCFFFF39
:101990000000E03FF8B5DE4657464E464546030098
:1019A000E0B5420044D000284DDB8E4A904251DC25
:1019B0008D4A0021904206DC9821C905F9F7B4F858
:1019C000192103004942DA155B025C0A874B7F3A12
:1019D000E01880231B040340FE205218FE218005DE
:1019E0005840DD1520438905AD18F9F7CFF92300DC
:1019F0000F335B02061C5B0A0F2B2FDC0021F8F76C
:101A00000DFB002800D19EE00020002D15D02800FD
:101A1000F9F7B6FB7649041CF9F786F87549051CF9
:101A2000201CF9F781F8011C281CF8F70BFD04E0D5
:101A3000CC2000210006F8F79FFE3CBC904699465A
:101A4000A246AB46F8BD011CF9F7A0F90021F8F752
:101A500093FEF2E7011CF8F7F5FCEEE78021C905DB
:101A6000F8F7F0FC011C301CF8F786FE80462800D1
:101A7000F9F786FB414681464046F9F755F85E4B3B
:101A8000011C9A468346F9F74FF85C49071CF9F7A1
:101A90004BF85B49F8F7D6FC391CF9F745F859497A
:101AA000F8F7D0FC391CF9F73FF85749F8F7CAFCAA
:101AB0005946F9F739F855498346381CF9F734F88F
:101AC0005349F8F7BFFC391CF9F72EF85149F8F7DC
:101AD000B9FC391CF9F728F8011C5846F8F7B2FC94
:101AE0004D4BA2441C1B5346071C1C43002C65DDB8
:101AF000FC21301C8905F9F717F8311CF9F714F8A7
:101B0000011C041C381CF8F79DFC4146F9F70CF841
:101B1000071C002D44D036494846F9F705F83549E9
:101B2000051C4846F9F700F8391CF8F78BFC011C36
:101B3000201CF9F72BF9311CF9F728F9011C281C96
:101B4000F9F724F979E73549301CF8F7EDFF011C66
:101B5000FC208005F9F71AF9311C041C301CF8F739
:101B6000E3FF011C201CF8F7DFFF041C002D20D030
:101B70002800F9F705FB1E49051CF8F7D5FF1D499C
:101B8000071C281CF8F7D0FF011C201CF9F7FEF8F1
:101B9000311CF9F7FBF8011C381CF9F7F7F84CE792
:101BA000011C201CF9F7F2F8011C301CF9F7EEF8C3
:101BB00043E7211C301CF9F7E9F83EE7011C301C13
:101BC000F9F7E4F84146F8F7AFFF041C002DF0D018
:101BD00007494846F8F7A8FF0649051C4846F8F7A4
:101BE000A3FFA4E7FFFF7F7FFFFF7F0020FB4A00EA
:101BF0008071313FD1F71737305CCFFF9788173EA0
:101C000025333A3E2549923EABAA2A3F4FD01C3E8F
:101C1000298E633ECDCCCC3E88C23500ABAAAA3E0D
:101C200070B50300420037D000283BDB234A9042C6
:101C30003FDC23490022884206DC9821C905F8F7D9
:101C400073FF192203005242D8157F388018C60F3F
:101C50005B0280195C0AF9F793FA051C7F20801B50
:101C6000C0052043FFF796FE1649061C281CF8F70E
:101C70005BFF1549041C301CF8F756FF011C201CA3
:101C8000F8F7E0FB1149041C281CF8F74DFF011C74
:101C9000201CF8F7D7FB04E0CC2000210006F8F761
:101CA0006BFD70BD011CF9F771F80021F8F764FDB8
:101CB000F7E7011CF8F7C6FBF3E7C046FFFF7F7F9D
:101CC000FFFF7F00DB275435D95BDE3E80209A3E44
:101CD000F0B557464E46DE464546E0B5B04B4700A8
:101CE00089B00C0006007F089F426EDDAD4B9F421D
:101CF0001ADC0F23AC499F43002800DC71E0F9F7A0
:101D000045F8AA4B061C9F4200D114E1A849F9F7F7
:101D10003DF8011C2060301CF9F738F8A449F9F7A8
:101D200035F80125606054E0A24B9F426FDDA24B65
:101D30009F4200DDF8E0862252429146FB1599440D
:101D40004B46DD057D1B281CF9F7FAF9F9F718FA5F
:101D5000011C0590281CF9F719F88721C905F8F727
:101D6000E3FE8046F9F7ECF9F9F70AFA011C069050
:101D7000051C4046F9F70AF88721C905F8F7D4FE93
:101D800000210790F8F74AF9002800D105E1002169
:101D9000281CF8F743F9434243410133874A2100A5
:101DA0000192022205A800924A4601F031FA05008C
:101DB000002E0EDA802212069446236845426344C0
:101DC000236063686344636003E0002300250860C8
:101DD0004B60280009B03CBC90469946A246AB46F1
:101DE000F0BDF8F72FFB714B061C9F4200D1C1E0FC
:101DF0006F49F8F727FB011C2060301CF8F7C6FF7D
:101E00006B49F8F71FFB012560606D42E1E702F0C6
:101E10002BF96B498046F8F787FEFC218905F8F716
:101E200011FBF9F78DF90500F9F7AAF95E4981462A
:101E3000F8F77AFE011C4046F8F7A8FF5C49804697
:101E40004846F8F771FE8246011C40461F2D00DC13
:101E500083E0F8F79BFF83465B46FF22DB0DFF150F
:101E60001340FB1A082B47DD56494846F8F75CFE3D
:101E70008246011C4046F8F789FF8346011C039007
:101E80004046F8F783FF5146F8F780FF80464E49F9
:101E90004846F8F749FE4146F8F778FF011C8246AC
:101EA0005846F8F773FFFF22C30D1340D846FB1ABC
:101EB0008346192B20DD45494846F8F735FE039B3C
:101EC000071C011C181C9A46F8F760FF011C80468D
:101ED0005046F8F75BFF391CF8F758FF3C49071CE0
:101EE0004846F8F721FE391CF8F750FF011C8246DE
:101EF0004046F8F74BFF83465B4659462360404611
:101F0000F8F744FF5146F8F741FF6060002E00DB10
:101F10005FE780231B065B44236080231B069C46EF
:101F2000604460606D4254E7011CF8F72FFF002504
:101F3000606020604DE72349F8F728FF2249051C1F
:101F4000F8F724FF011C2060281CF8F71FFF1E492A
:101F5000F8F71CFF012560603BE7F8F717FFFF2348
:101F60003A001C499A436B1E9B005B5883469A4279
:101F7000C2D171E71349F8F765FA1349051CF8F760
:101F800061FA011C2060281CF8F700FF0E49F8F7E1
:101F900059FA012560606D421BE70323FEE6C04647
:101FA000D80F493FE3CB1640800FC93FD00FC93F40
:101FB00043443537800F4943FFFF7F7FE4650200CC
:101FC00084F9223F0044353708A3852E00A3852ECF
:101FD00032318D24646502002A49430070B5020045
:101FE000041C5B088B423BD8002B38D000283EDB1A
:101FF0002549C6158B420BD88020000420423DD1D4
:10200000002300E00B005200591C0242FAD0F61ADD
:10201000802352021B04520A1A437F3E5300F107E9
:1020200000D593008022701019210026002552044B
:10203000AC189C4202DCA5181B1BB61801395B00CA
:1020400052080029F4D1002B02D0012301369E430F
:10205000FC239B059C4676106644C005801970BD24
:10206000011CF8F761FD211CF8F7ECF9F7E7011CFA
:10207000F8F78CFE011CF8F77FFBF0E701235B42C9
:10208000C5E7C046FFFF7F7FFFFF7F00F0B54746F3
:10209000CE4680B587B000920193754B4F008146C4
:1020A00088467F089F4263DCFAF7F0FD002800D1E4
:1020B000D4E04A46434648464146FAF711F8040040
:1020C0000D006C4A6C4BFAF70BF86C4A6C4BF9F745
:1020D000E1F822002B00FAF703F86A4A6A4BFAF794
:1020E00071FA22002B00F9F7FBFF684A684BF9F7F9
:1020F000D1F822002B00F9F7F3FF664A664BFAF796
:1021000061FA22002B00F9F7EBFF644A644BF9F700
:10211000C1F822002B00F9F7E3FF0290039100229F
:10212000604B20002900F9F7DBFF029A039B0600B1
:102130000F0020002900F9F7D3FF009A019B04004B
:102140000D0048464146F9F7CBFF02000B00200086
:102150002900FAF737FA02000B0030003900FAF7CD
:1021600031FA02000B0000204F49FAF72BFA70E019
:1021700002000B00F9F7B4FF04000D003D4A3E4B8E
:10218000F9F7AEFF3D4A3E4BF9F784F822002B00E9
:10219000F9F7A6FF3B4A3C4BFAF714FA22002B0052
:1021A000F9F79EFF394A3A4BF9F774F822002B00F1
:1021B000F9F796FF374A384BFAF704FA22002B005A
:1021C000F9F78EFF354A364BF9F764F82B002200F9
:1021D000F9F786FF354B029003919F429FDD344B08
:1021E00000229F423DDC334900207B182E49160017
:1021F0001F00FAF7E7F9049005910022294B20000F
:102200002900F9F76DFF32003B00FAF7DBF9029A7B
:10221000039B06000F0020002900F9F761FF009AD8
:10222000019B04000D0048464146F9F759FF0200A2
:102230000B0020002900FAF7C5F902000B0030005E
:102240003900FAF7BFF902000B0004980599FAF774
:10225000B9F907B00CBC90469946F0BD0020124970
:10226000F7E7154B002604920593144FC5E7C046C7
:10227000FFFF3F3ED43888BEE9FAA8BDC4B1B4BD63
:102280009EEE213EAD529C804F7E923E9015CB1922
:10229000A001FA3E7751C1166CC1563F4C555555B9
:1022A0005555A53F0000E03F0000F03F3233D33FDB
:1022B0000000E93F0000E0FF0000E73F0000D23FE0
:1022C000F0B5DE464E4645465746E0B5DC4CA544E3
:1022D0000D9114001900A49A0993DA4B9200D65874
:1022E0004D1E03901821E01E06960295F7F760FD3B
:1022F000C3430100DB1719404B1C9A009B1ADB00FB
:102300001B190B9105934C1B771918D4A59BA5009D
:102310009C463F1922AE6544013707E02868FAF76A
:10232000EBFC013403C60435BC4208D0002CF5DABE
:1023300000200021013403C60435BC42F6D1069BBF
:10234000002B01DA00F0FDFB069B03990133DB0053
:102350009A46099BDA00944600920022914672AA9E
:102360000492B94A6144934688469AAB63449B44BD
:10237000029B002B00DABCE15D4600260027039C8F
:102380004D442A686B6803CCF9F7AAFE02000B00E3
:1023900030003900F8F77EFF083D06000F00444585
:1023A000EFD1049B4B441E605F6008239C46E144D0
:1023B000D145DDD10EA804218446494261448C46B2
:1023C000069A93009C44614684460A910399083B0F
:1023D00063448C460C93009B009263449B46009A96
:1023E0000498D10003008C46634408911E685F681E
:1023F000002A33DD954980468C466244D3009844D8
:1024000070AB9A460EAB99460022914B30003900D2
:10241000F9F766FEFAF73AFCFAF76EFC00228D4BEC
:1024200004000D00F9F75CFE02000B0030003900DB
:10243000FAF7C8F8FAF72AFC4B4601C39946434617
:1024400020001A685B682900F8F724FF08235B4224
:102450009C46E04406000F00D045D5D1059B3000D6
:102460001A003900984601F097FDFF2300229B05D2
:1024700004000D00F9F734FEFBF798F90022764BC3
:10248000F9F72EFE02000B0020002900FAF79AF857
:102490000D000400FAF7FAFB8146FAF72DFC020062
:1024A0000B0020002900FAF78DF8060040460F00C7
:1024B000002800DCEEE0009B18215A1E92000EABB3
:1024C0009B58091A1D000D41A9448D405D1B0EABA0
:1024D0009D5017231B1A1D41002D2DDD01239C4605
:1024E000009BE144002B00DC1CE20E9C0123002C2D
:1024F00000D0B5E0009A012A09D099000EAA5458DC
:102500000133002C00D0ACE0009A9A42F5D1059B33
:10251000002B0EDD012B00D1A8E1022B09D1009B7D
:102520000EA95A1E92000EAB9B5807939B029B0A62
:102530008B50022D00D1C1E0002300223000390071
:10254000F7F732FD009B002800D194E2069A591E4D
:102550008A4210DC414A0A9894460EAA6344944683
:1025600000229B0063441C68043B22438342FAD14F
:10257000002A00D0C0E0069B0EAA013B9B00D35866
:10258000002B00D0B3E001220C9B043B59680132C0
:102590000029FAD0009B9C466244110007921A0061
:1025A00001338B4246DC0B9863468046A59C43442E
:1025B000A046099C9B00A1464A449844D30022AA05
:1025C0009146049A99449446089BA59A634484468C
:1025D000614494469A468B0063440093434658688E
:1025E000FAF78AFB4B4618605960029B002B24DBEC
:1025F0004D46039C0026002701E0286869680CCC42
:10260000F9F76EFD02000B0030003900F8F742FECA
:10261000083D06000F005C45EFD153469E60DF6029
:1026200004239C460433E0449C46009BE144E2447E
:102630009845D3D1079B0093D1E600260027ECE70D
:1026400094FDFFFFFC68020018FEFFFFFFFFFF1F65
:102650000000703E0000704100002040FFFFFF3F7F
:10266000002180225204141B0EAA54500099994252
:102670000EDD0EA884469B000EAA8900D258614444
:102680006344CF4800E01A68821A04C38B42FAD12F
:1026900001243CE7059B002B06D1009B0EAA013BC1
:1026A0009B00D558ED1517E70022C64B3000F7F711
:1026B0009FFC002800D024E100253DE732003B00CC
:1026C0000020C149F9F77EFF06000F00002C00D161
:1026D00032E7059A0020BC4901F05EFC02000B00C5
:1026E00030003900F9F76EFF06000F0024E70122E1
:1026F00050E70026002754E64B46059A0793884684
:102700008B000EA9CB58183A08950592002B0DD1D5
:102710008C464146AD4B43449B006344043B5868A0
:102720000139183A0028F9D088460592059A002008
:10273000A54901F031FC434604000D00002B00DAEE
:1027400005E29E000EAB9C464346DB0066449C4679
:10275000059370AB9946049F674400973068FAF779
:10276000CBFA22002B00F9F7BBFC0022386079601D
:10277000974B20002900F9F7B3FC083F04000D0037
:10278000043EB945EAD14AAB03939B4600239A46DF
:10279000069B4246994643460132029204934B46B9
:1027A000002B00DAAAE080208A4B009D9846C005E5
:1027B000894900260027002408E008239C460835A4
:1027C000E044544511DC4346186859682A686B6830
:1027D000F9F786FC02000B0030003900F8F75AFDCB
:1027E000013406000F00A145E7DA5B46C0C39B46F3
:1027F00001239C46009BE244083B0093029B9A45C0
:10280000CDD1049B9846A49B022B00DD8EE0002BCB
:1028100037DC1FD1059B00271D00039B00249C462D
:102820001E006544083E2A686B6838002100F8F7EE
:1028300031FD083D07000C00AE42F4D1089B002B8F
:1028400003D080231B069C4664443A0023000D9964
:102850000A604B600720079B18409B239B009D4408
:102860003CBC90469946A246AB46F0BD009B0EA9E3
:102870005A1E92000EAB9B5807935B025B0A8B506B
:1028800057E64346002B00DA70E100200021DB0010
:102890004AAAD61848AF32687368083EF8F7FAFCBF
:1028A000B742F8D1089B002B00D025E10B000200B5
:1028B0004A984B990D9C22606360F9F783FE43466A
:1028C00007000C00002B13DD01254CAEB14638008B
:1028D0002E0021004C4601360CCCF8F7DBFCA1465B
:1028E000B045F7DA089B07000C00002B00D015E17B
:1028F0003A0023000D998A60CB60ABE700260027E1
:1029000073E701239C46009BE1440225002B00DD78
:10291000EBE532003B0000202B49F9F753FE06009F
:102920000F0009E60024F2E54AAB0393A49B032BB6
:1029300000D08FE74346002B00DC14E1039ADB0054
:102940009B46130091465B441E685F68234B4344DB
:102950000293DB00994448AB9A464B465C681B687F
:102960001800210032003B0000900191F8F792FC22
:1029700004000D0002000B0000980199F9F722FEF7
:102980003B003200F8F786FC4B469860D9601C602B
:102990005D6008235B429C46E14426002F00CA4547
:1029A000DBD14346012B00DCE3E0039A13005B44D8
:1029B0001E685F68029BDB0099464A44904610E01F
:1029C000FFFFFF000000E03F0000F03FFFFFFF3F80
:1029D0000000703E004C0200FB21F93FFFFFFF1F8B
:1029E000984643465C681B681800210032003B0093
:1029F00000900191F8F74EFC04000D0002000B005E
:102A000000980199F9F7DEFD32003B00F8F742FC2F
:102A10004346039A9860D9601C605D60083B2600BD
:102A20002F009A42DCD14D469446002600244746AA
:102A3000083565442A686B6830002100F8F72AFCE5
:102A4000083D06000C00AF42F4D1039B4A9F5D682D
:102A50009968D868089B002B65D08022120694469E
:102A60000D9B6544604464441F605D609960D8605C
:102A70001E615C61EEE69A464B460793059B30006B
:102A80005A423900089501F087FA00223A4B0600B5
:102A90000F00F7F7ADFA002824D0384B00223000A1
:102AA0003900F9F71DFBFAF7F1F8524604009500DA
:102AB000FAF722F90022304BF9F712FB02000B0063
:102AC00030003900F9F77EFDFAF7E0F80EAA505110
:102AD0000122059B524418339046059393000EAA99
:102AE000D45023E65346300039009C00FAF7CEF864
:102AF0000EAB1851D04619E680230D9A1B06CB1851
:102B0000106053600B0002004A984B99F9F75AFD88
:102B1000434607000C00002B00DDD5E680231B0692
:102B20009C466444E4E62B003A000D9D2A606B60ED
:102B30000A000300AA60EB60320023002A616B6187
:102B400088E6099BDB00009372AB049332E4A49BFC
:102B5000022B00DDE8E6002B00DD92E600D079E6EE
:102B6000002700246AE6002600246EE700200021EA
:102B700098E60026340068E7000070410000703ECF
:102B8000F0B5CE46474680B587B000920193474ADC
:102B90004B00814688465B08934207DC4146484625
:102BA000FAF774F84146031E484666D04A46434643
:102BB00048464146F9F794FA04000D0002000B0064
:102BC00048464146F9F78CFA394A3A4B06000F005D
:102BD00020002900F9F784FA374A384BF9F7F2FC5C
:102BE00022002B00F9F77CFA354A364BF8F752FBF6
:102BF00022002B00F9F774FA334A344BF9F7E2FC60
:102C000022002B00F9F76CFA314B324AF8F742FBFD
:102C10000E9B02900391002B34D000980199002262
:102C20002D4BF9F75DFA029A039B04900591300051
:102C30003900F9F755FA02000B0004980599F9F7E5
:102C4000C1FC22002B00F9F74BFA009A019BF9F71F
:102C5000B9FC224A04000D00214B30003900F9F77D
:102C60003FFA02000B0020002900F8F713FB0200D6
:102C70000B0048464146F9F7A5FC07B00CBC90464E
:102C80009946F0BD02000B0020002900F9F728FA50
:102C9000124A134BF9F796FC32003B00F9F720FA81
:102CA0004A464346F8F7F6FAE7E7C046FFFF3F3EDD
:102CB0007CD5CF5A3AD9E53DEB9C2B8AE6E55A3EC6
:102CC0007DFEB157E31DC73ED561C119A0012A3F62
:102CD0001111813FA6F810110000E03F49555555EC
:102CE0005555C53FF0B5DE4657464E464546E0B51C
:102CF00089B000934B005B089A46BE4B81468846DC
:102D000002928B469A451ADC48464146F9F7BEFFC7
:102D100000283AD14A46129B0133134352461343CB
:102D200000D157E1129B012B00D160E14A46434696
:102D30000020B149F8F7CAFD04000D0001E1AF4BD6
:102D40009A4522DD002909DA80228021120609062F
:102D5000944641448846009B634400934A46434658
:102D6000A748A849F9F72EFC04000D00029A009B21
:102D7000A548A649F9F726FC2B002200F8F78AFAA5
:102D8000002381468846029300934A4643464846BC
:102D90004146F9F7A5F902000B0006000F00F9F70C
:102DA0009FF9320004000D003B0048464146F9F708
:102DB00097F9974A04900591964B20002900F9F75E
:102DC0008FF9954A954BF8F765FA22002B00F9F731
:102DD00087F9934A934BF8F75DFA22002B00F9F735
:102DE0007FF9914A914BF8F755FA22002B00F9F739
:102DF00077F98F4A8F4BF8F74DFA22002B00F9F73D
:102E00006FF98D4A8D4BF8F745FA32003B00F9F720
:102E100067F98B4A069007918A4B20002900F9F741
:102E20005FF9894A894BF8F735FA22002B00F9F748
:102E300057F9874A874BF8F72DFA22002B00F9F74C
:102E40004FF9854A854BF8F725FA22002B00F9F750
:102E500047F9834A834BF8F71DFA22002B00F9F754
:102E60003FF9814A814BF8F715FA02000B000698EA
:102E70000799F8F70FFA049A059BF9F731F9029DC3
:102E8000009C2A002300F8F705FA32003B00F9F70E
:102E900027F92A002300F8F7FDF904000D00049833
:102EA0000599734A734BF9F71BF922002B00F8F7C9
:102EB000F1F9009001910B00020041464846F8F7F5
:102EC000E9F94E4B04000D009A4543DC129B012B9F
:102ED00037D00F0002000B0000204749F8F7F6FC3E
:102EE00000260D00029003914A4643463000390007
:102EF000F9F768FB002402000B0000980199F9F72C
:102F000061FB22002B00F9F7EBF822000090019101
:102F10002B0030003900F9F7E3F80022564BF8F7A0
:102F2000B9F902000B0000980199F8F7B3F9029A79
:102F3000039BF9F7D5F822002B00F8F7ABF9040052
:102F40000D002000290009B03CBC90469946A246DD
:102F5000AB46F0BD1298F9F7CFFE220006000F0035
:102F60002B0020002900F9F7BBF8320002900391F2
:102F70003B0020002900F8F78DF902000B000298B1
:102F80000399F8F7A3FC009A019BF9F71BFB0200D9
:102F90000B0048464146F9F715FB02000B00F8F715
:102FA00079F902000B0030003900F9F70BFB5B46A2
:102FB0000400981702231840013B181A0D00F9F776
:102FC0009BFE02000B0020002900F9F789F804009D
:102FD0000D00B6E748464146FAF7E4FB02000B0055
:102FE00000202549F8F772FC04000D00A9E74C46C3
:102FF0004546A6E7FFFF2F3E0000F0BF2794E53FC0
:10300000182D4454FB21E93F075C143326A6813C6C
:10301000D47ABF74702AFB3EE9A7F0320FB8123F92
:1030200068108D1AF726303F1583E0FEC8DB573F46
:1030300093846EE9E326823FFE41B31BBAA1AB3F06
:10304000735360DBCB75F3BEA69237A0887E143F26
:103050000165F2F2D844433F280356C9226D6D3F03
:1030600037D60684F464963F7AFE10111111C13FE1
:10307000635555555555D53F0000F03FF8B54746C7
:10308000CE46584B450080B5061C0F1C6D089D426E
:1030900048DCF8F755F8002800D19BE0311C301CC3
:1030A000F7F742FD5049041CF7F73EFD4F49F7F78B
:1030B000C9F9211CF7F738FD4D49F7F767FE211CC8
:1030C000F7F732FD4B49F7F7BDF9211CF7F72CFD57
:1030D0004949F7F75BFE211CF7F726FD4749F7F74B
:1030E000B1F9211CF7F720FD8046FC21201C890541
:1030F000F7F71AFD4146051C201CF7F715FD391C92
:10310000041C301CF7F710FD011C201CF7F73EFED5
:10311000011C281CF7F73AFE011CFE208005F7F77A
:1031200035FE53E0011CF7F7FFFC2F49041CF7F7AD
:10313000FBFC2E49F7F786F9211CF7F7F5FC2C4923
:10314000F7F724FE211CF7F7EFFC2A49F7F77AF985
:10315000211CF7F7E9FC2849F7F718FE211CF7F7BF
:10316000E3FC2649F7F76EF9211CF7F7DDFC244B49
:1031700080469D42B9DD234B9D422EDCFF231B067A
:103180009C46FE206544291C8005F7F7FFFD81461B
:10319000FC21201C8905F7F7C7FC291CF7F7F6FD71
:1031A0004146051C201CF7F7BFFC391C041C301CD1
:1031B000F7F7BAFC011C201CF7F7E8FD011C281CDE
:1031C000F7F7E4FD011C4846F7F7E0FD0CBC90461C
:1031D0009946F8BDFE208005F8E70B4B0B4D99464C
:1031E000D6E7C046FFFFFF314ED747ADF6740F312B
:1031F0007CF29334010DD037610BB63AABAA2A3D6D
:103200009999993E0000483F0000383F0000903EE9
:10321000F0B54E464546DE465746E0B5DDB00B916B
:103220006699039007931800CB4B8900CE5807236B
:10323000D11E441EC81703405B18D910CB43DB17BF
:1032400019404B1CDB00D31A059601940991049395
:103250000D1B371919D4679A7F199046AB000137B7
:103260009844002620AC08E043469859F7F788FFB9
:103270000135A0510436BD4207D0002DF4DA0020FC
:103280000135A0510436BD42F7D1059B002B00DA71
:1032900024E3059B039901339B009946079B9A0001
:1032A000944600920022904648AA9346F422524245
:1032B000614492460F005CAB63449A44019B002634
:1032C000002B0FDB55460026039C4544296801CCA2
:1032D000F7F72AFC011C301CF7F7B4F8043D061C74
:1032E000BC42F3D15B4642469E5004239C46E044D8
:1032F000C845E3D10CA904228C465242624494464C
:10330000059DAB009C4462468C460892039A083B9C
:10331000634494460A93009B63449A465A46AB0022
:103320000093D658002D26DD8C4BA846EC1847ABF1
:1033300099460CAB1D00A4005C44EE21301C8905AD
:10334000F7F7F2FBF7F7FCFEF7F71AFF8721C9053D
:10335000071CF7F7E9FB011C301CF7F717FDF7F71F
:10336000EFFE216801C5381CF7F76CF8043C061C19
:103370004C45E2D14546049F301C390000F0C2FEA6
:10338000F8218905041CF7F7CFFB00F071FE8221BC
:10339000C905F7F7C9FB011C201CF7F7F7FC061C51
:1033A000F7F7CEFE0400F7F7EBFE011C301CF7F731
:1033B000EDFC061C002F00DCC4E06A1E92000CAB82
:1033C0009B5808201900C01B0141641881405B1AFA
:1033D0000CA98B500722D21B134198464346002B61
:1033E00029DD0134002D00DCF0E10C9F0123002FCA
:1033F00000D08EE0012D08D099000CAA5758013357
:10340000002F00D086E09D42F6D1049B002B0EDDFC
:10341000012B00D1FCE0022B09D16B1E9B000CAAF2
:10342000D25802923F2202990A400CA9CA50434640
:10343000022B00D1D6E00021301CF6F7EFFD00286A
:1034400000D19DE0059B691E8B420FDC0CAA9446BF
:103450000022424B0898EB189B0063441E68043B13
:1034600032438342FAD1002A00D0DCE0059B0CAA4B
:10347000013B9B00D358002B00D0C7E001220A9BE0
:10348000043B596801320029FAD052196B1C06928C
:1034900093423ADC531B9B000293099B00275B1964
:1034A0009B009946079B9C4620AB98466544AD001F
:1034B000A844679A4B469446DB1963445868F7F76B
:1034C0005FFE4346D851019B002B20DB4346DD19AC
:1034D0003B00039C574600269A4600E0286802CC31
:1034E000F7F722FB011C301CF6F7ACFF043D061C6D
:1034F000A742F3D15346BA461F00009BFB185B441A
:103500005E60029B04379F42D3D1069D06E70026EA
:10351000F3E7002180225200D71B0CAA57509D428E
:103520000EDD0CA98C4600999B006144D25808001E
:103530006344FF2100E01A688A1A04C38342FAD167
:10354000012762E7049B002B0AD16B1E9B000CAA8B
:10355000D3581B12984641E738690200FFFFFF3F2E
:10356000FC218905F6F77EFD002800D021E100232B
:103570000021301C9846F6F751FD002800D061E785
:103580004346049F301C79420294039300F0BAFD35
:103590008721C905041CF6F765FD002800D17EE1EE
:1035A000EE21201C8905F7F7BFFAF7F7C9FDF7F7F9
:1035B000E7FD8721C905061CF7F7B6FA011C201C98
:1035C000F7F7E4FBF7F7BCFD009A0CAB985008370F
:1035D0006B1C301C9D0001930497F7F7B1FD0CABF9
:1035E00058513CE0FE20311C8005F7F7CFFB061C4C
:1035F000002F00D11FE7FE200499800500F082FD16
:10360000011C301CF7F7C2FB061C14E701223CE743
:103610006B1E9B000CAAD25802927F2202990A408C
:103620000CA9CA5003E74346049A03930CA88B00E5
:10363000C358083A029401910492002B0FD1B1486B
:103640000B0084460CA8634484469B006344043BFF
:1036500058680139083A0028F9D004920191FE20F7
:103660000499800500F04EFD019B061C002B00DA3A
:103670003AE19B001D005C4604930CAB5859F7F7E8
:103680007FFD311CF7F750FAEE2160518905301C9F
:10369000F7F74AFA043D061C2B1DEED1A346049B06
:1036A000994D5B449846019B01339B4600239A4603
:1036B00034AB99465B460093059B9B465B460027CF
:1036C000002B14DB002691480027002403E0043679
:1036D00054450CDC705943469959F7F725FA011CFB
:1036E000381CF6F7AFFE0134071CA345EFDA53464A
:1036F0004A469B00D75001239C46053BE2449C462A
:10370000009BE0445345D9D1669B022B62DC002B21
:103710001EDC13D1049B00204B441D0033AC2968F0
:10372000043DF6F78FFEAC42F9D1039B002B03D08A
:1037300080231B069C4660440B9B18600720029B5D
:1037400018405DB03CBC90469946A246AB46F0BDE1
:10375000019B0020002B0DDB34AB9946019B002020
:103760009B004B441D0033AE2968043DF6F76AFE0A
:10377000AE42F9D1039B002B00D098E00B9B011CBB
:1037800018603498F7F702FB019B002B0EDD34AB79
:1037900001261D00019CB300E9580136F6F752FEE0
:1037A000B442F8DA039B002B00D08DE00B9B5860ED
:1037B000C4E7022301349846002D00DD15E6FE2003
:1037C000311C8005F7F7E2FA061C34E600271CE6F8
:1037D00034AB9946669B032BB0D1019B002B00DCD8
:1037E0008EE0019A93009B464B46594694465B589F
:1037F0009846444B454663449E00009333AB9A463B
:103800004E443768291C381CF6F71CFE041C011CAA
:10381000381CF7F7BBFA291CF6F714FE043EB0601B
:103820007460251CB245ECD1019B012B68DD4B4631
:103830005A469E58009B4C469B009846444400E0E4
:103840001C002768311C381CF6F7FCFD051C011C08
:10385000381CF7F79BFA311CF6F7F4FD231F606064
:1038600025602E1C9945EBD14646002004364E4477
:103870003168043EF6F7E6FDB442F9D14B460399B0
:10388000349A5B68002924D0802109068C460B9964
:103890006244634460440A604B6088604EE7201CC9
:1038A000F7F74EFC009A0CAB98500195D7E68023B1
:1038B0000B9A1B06C3181360011C3498F7F766FABD
:1038C000019B002B00DD62E780231B069C466044C1
:1038D0006CE70B990A604B6088602FE7079B9B00A1
:1038E000009348AB9B4605E5669B022B00DD6FE726
:1038F000002B00DD2CE70020002B00D115E71DE791
:103900000020BBE7FFFFFF3F0C6902000000C93F3A
:10391000F8B54746CE4680B51700334A4300041C2D
:103920000E1C5B08934205DCF7F70AFC0300201C21
:10393000002B46D0211C201CF7F7F6F8051C011CB3
:10394000201CF7F7F1F829498046281CF7F7ECF816
:103950002749F7F71BFA291CF7F7E6F82549F6F788
:1039600071FD291CF7F7E0F82349F7F70FFA291C36
:10397000F7F7DAF82149F6F765FD8146002F24D0E4
:10398000FC21301C8905F7F7CFF84946071C404653
:10399000F7F7CAF8011C381CF7F7F8F9291CF7F7F4
:1039A000C3F8311CF7F7F2F91549051C4046F7F743
:1039B000BBF8011C281CF6F745FD011C201CF7F77D
:1039C000E5F90CBC90469946F8BD011C281CF7F798
:1039D000ABF80B49F7F7DAF94146F7F7A5F8211CE0
:1039E000F6F730FDEDE7C046FFFFFF31D3C92E2FBC
:1039F000342FD7321BEF3836010D50398988083CF7
:103A0000ABAA2A3EF0B54E464546DE465746E0B5DF
:103A1000D94A4B0085B0814688460C005B0893422A
:103A20001ED9D64A934200D9C8E0002C00DB4AE1F7
:103A3000D34AD44B48464146F7F72CFC00220023DA
:103A4000F6F7B8FA002800D0C3E0CF4ACF4B48467B
:103A50004146F8F745FB02000B000020CC493CE151
:103A6000CC4A934200D9DCE00021CB4A8A469342FB
:103A700000D820E10022C94B48464146F8F730FB08
:103A800004000D0002000B0048464146F8F728FBF1
:103A900006000F00C24AC34BF8F722FBC24AC34BD1
:103AA000F7F7F8FB32003B00F8F71AFBC04AC14BAE
:103AB000F8F788FD32003B00F8F712FBBE4ABF4B17
:103AC000F7F7E8FB32003B00F8F70AFBBC4ABD4BB6
:103AD000F8F778FD32003B00F8F702FB0022BA4B02
:103AE000F7F7D8FB0090019102000B00200029009D
:103AF000F8F7F6FA02000B000020B449F8F762FD6F
:103B000002000B0004000D0000980199F8F75AFD1F
:103B10002200009001912B0048464146F8F7E0FA58
:103B200002000B000020AA49F8F74CFD02000B0030
:103B300000980199F7F7CAFE3B003200F8F7D0FA77
:103B40005346002B48D0029C039D22002B00F8F71F
:103B500039FD4A464346F8F7C3FA22002B00F8F72E
:103B600031FD3B003200F8F72DFD534604000D00F7
:103B7000013300D1CFE05346012B00D177E01B0584
:103B80009B4653460133392B00D9D3E05346132BC0
:103B900000DC4AE18F490022C91A0B0520002900E8
:103BA000F7F778FB02000B0048464146F8F70AFD9C
:103BB0000022854BF7F76EFB59441DE0864A93427D
:103BC00021D90B031B0B0200034300D0C4E00029E2
:103BD00012DA002081490FE002000B0048464146FE
:103BE000F8F77EFA32003B00F8F7ECFC02000B001D
:103BF00048464146F8F7E6FC05B03CBC904699467D
:103C0000A246AB46F0BD764A764BF6F7E7F90028B8
:103C100000D10AE7744A754B10001900F8F760FAF2
:103C2000EAE7734A934200D99AE0724A724B00293C
:103C300038DAF7F72FFB01235B4204000D009A46A8
:103C40006E4E6F4F32003B0020002900F8F7BAFC9F
:103C500002000B008146884620002900F8F7B2FCDC
:103C600032003B00F8F7AEFC0290039102E700221D
:103C7000644B48464146F6F79DF9002800D1C5E05F
:103C80000022464B48464146F7F704FB02000B0072
:103C900020002900F8F796FCC02300221B06F8F745
:103CA0001FFAA9E7F8F78EFC012304000D009A46DD
:103CB000524E554FC6E74C4A4C4B4146F7F7EAFA8D
:103CC00002000B0090E7304A304B48464146F8F777
:103CD00007FA02000B0000203049F7F7DBFAF8F78B
:103CE000D5FF8246F9F708F8424A434B06000F0019
:103CF000F8F7F6F902000B0048464146F8F762FC77
:103D00003E4A04000D00300039003F4BF8F7E8F957
:103D100006000F0096E702000B0048464146F8F700
:103D200051FC00221D4BF8F7DBF900221B4BF8F782
:103D300049FC61E74A464346F8F744FC02000B00A1
:103D400000202149F8F73EFC0200594410001E4BA8
:103D50000022F8F737FC4FE70B00F7F79BFA4BE729
:103D6000094A0A4BF8F7BCF902000B000020002CAE
:103D7000B2DA0749B1E7C04679684340412E864030
:103D800059F3F8C21F6EA501FE822B654715F73F58
:103D90000000E0BF422ED63FFFFF8F3C0000E03F17
:103DA0002DC3096EB7FD8ABE3952E686CACFD03E12
:103DB000B7DBAA9E19CE143F8555FE19A0015A3FC4
:103DC000F41011111111A13F0000F03F0000084054
:103DD00000001840FF030000FFFFEF7F0000F0BF6E
:103DE000EF39FAFE422E86409C7500883CE4377E0F
:103DF000B1A2F03F0000E0FE422EE63F763C79356E
:103E0000EF39EABD0000D0BFEF39EA3D22002B00B8
:103E100048464146F8F7D6FB02000B00F7F73AFA9E
:103E200000220B4BF7F736FAE6E6802352469B0357
:103E30001341074A0026D71A4A464346F8F7C2FB01
:103E400002000B0030003900F8F7BCFB5944D3E600
:103E50000000F03F034B48009C4640086044C00F00
:103E60007047C046000010800020704700200149C4
:103E70007047C0460000F87FF0B5C64600B5CB0FCE
:103E80009846404A4B005B0D9A1882B00D00040022
:103E9000132A2FDC002A49DB3B4F17413E000E401E
:103EA000064323D07F08390029400C430AD0374904
:103EB000BD438C4663445C425C418023DB0213417A
:103EC000E4071D434146CE0031492B008E192200E4
:103ED0003468756820002900F7F7DCF9009001913B
:103EE0000098019922002B00F8F76CFB02B004BC8B
:103EF0009046F0BD332A08DD8023DB009A42F5D1DD
:103F000002000B00F7F7C6F9F0E7224A94460122B7
:103F100063445242DA400242E8D052080242D1D011
:103F200094438022D2051A411443CBE74B005B082F
:103F30000343DBD00B031B0B1C436342234380244E
:103F40004D0C24031B0B23406D042B4319004346E7
:103F5000DA000F4B9B181C685D6802000B00200004
:103F60002900F7F797F90090019100980199220034
:103F70002B00F8F727FB42464B005B08D60733437C
:103F80001900B3E701FCFFFFFFFF0F00EEFBFFFF8F
:103F9000404C0200EDFBFFFF4B0070B55B0D1400C1
:103FA0000A00002B1AD14B005B08034315D0234BAA
:103FB0000022F8F795F8224B9C422DDB0A004B00BB
:103FC0005B0D363B1F4DE318AB422ADC002B0DDDA9
:103FD0001D4C1B0522401A43110070BD1B4DAB4206
:103FE000F0D102000B00F7F755F9F6E71D00353563
:103FF00019DA174B02009C4209DD0B0015481649DF
:1040000000F0E4F8134A144BF8F76AF8E5E70B0000
:104010001248134900F0DAF8104A114BF8F760F82B
:10402000DBE70200E9E7084C363322401B05134367
:10403000190000220B4BF8F753F8CEE7000050436D
:10404000B03CFFFFFE070000FFFF0F80FF070000EE
:1040500050C300009C7500883CE4377E59F3F8C2D9
:104060001F6EA5010000903C400040087047C0460C
:10407000F0B5C64643005F081B0E7F3B00B5051C2C
:1040800006001C00162B1CDC8046002B21DB194F80
:104090001F41074211D01849F6F7D4F90021F5F76E
:1040A000D7FF002809D0002D04DA80231B04234108
:1040B0009846A8444346BB431E00301C04BC9046AF
:1040C000F0BD0E4B9F42F8D9011CF6F7BBF9061C58
:1040D000F3E70949F6F7B6F90021F5F7B9FF00282B
:1040E000EBD0002D01DB0026E7E7002FE5D0044EE2
:1040F000E3E7C046FFFF7F00CAF24971FFFF7F7F01
:10410000000080BF420070B5031C0C000500510880
:104110000FD0274EB1420DD8264881420ED9120E3B
:104120001219FE2A1CDC002A22DD2348D205284071
:10413000104370BD011CF6F785F9FAE79821181CA9
:10414000C905F6F7F1FC1D4A031C944204DB42004A
:10415000120E0500193AE3E71949F6F7E5FCE8E71E
:10416000191C184800F03AF81649F6F7DDFCE0E7AC
:10417000110016310ADA144A191C944210DD114854
:1041800000F02CF80F49F6F7CFFCD2E7CC2119321A
:10419000D005094A890515402843F6F7C5FCC8E74C
:1041A000074800F01BF80649F6F7BEFCC1E7C04619
:1041B000FFFF7F7FFFFF7F00FFFF7F80B03CFFFF9F
:1041C0006042A20DCAF2497150C3000030B54A00E6
:1041D000DB0FDB0752081A43110030BD4000C90F46
:1041E000C90740080843704710B50400044813008D
:1041F000002804D00A000220210000E000BF10BD0A
:1042000000000000014B18687047C046F80000200D
:1042100070B500260C4D0D4C641BA410A64209D1AC
:10422000002602F015FC0A4D0A4C641BA410A6429D
:1042300005D170BDB300EB5898470136EEE7B300E7
:10424000EB5898470136F2E75C6A02005C6A0200AC
:104250005C6A02006C6A020010B5034B010018682A
:1042600000F00FF910BDC046F8000020002370B523
:10427000064C050008001100236000F0A7F8431C5D
:1042800003D12368002B00D02B6070BD740A00207E
:10429000F0B51F000E0087B00590019102920C98B6
:1042A000347800F02DF9082200194378751C13406A
:1042B00036D12D2C36D1B51C74780126002F62D052
:1042C000102F09D1302C07D120222B789343582B63
:1042D00054D110276C7802352D4B3900F318180093
:1042E0000393F5F761FD0491012100234942020087
:1042F0008C4618002100303909291AD80C00A74231
:1043000023DD591C09D06346824206D302D10499A9
:10431000A14202DB0123784320182C780135E9E71C
:104320002E00BCE72B2C01D01E00C7E7B51C74780B
:10433000FAE721004139192901D8373CDFE721008C
:104340006139192901D8573CD9E75A1C08D1059A77
:1043500023331360029B0398002B09D107B0F0BDF3
:10436000002E00D04042029A002AF7D0002B01D044
:104370006B1E0193029B019A1A60EFE73024002F15
:10438000AAD10827A8E7302C9ED00A27A4E7C04668
:10439000FFFFFF7F37B51300064A05001068046A67
:1043A000002C00D1044C0A0000942900FFF770FF94
:1043B0003EBDC046F80000205C01002058220120CC
:1043C000014B40421A607047740A002058220120B5
:1043D000014B40421A607047740A0020FEE7C04655
:1043E00010B5E1F713FA10BD10B500F008F810BDD4
:1043F0000B0010B501001800FFF7F6FE10BD10B558
:10440000041E00D101342000E1F7CAFB002807D1C7
:10441000F5F736FC002801D100F00AF88047F2E7F2
:1044200010BD10B5F5F732FC10B5804700F000F86C
:1044300010B50620FFF710FF0120FFF7CFFF30B5C2
:104440000024A24201D1002005E0035D651C0C5D43
:10445000A34201D0181B30BD2C00F2E710B58842F2
:1044600002D98B18984203D3002307E08B5C835456
:10447000013AFBD210BDCC5CC45401339A42FAD14C
:10448000F8E770B504000D001F2904D91623036056
:104490000120404270BD436C002B04D08A009B1861
:1044A0001A68002A08D1200000F015F82A0001003F
:1044B0002000FFF7DBFEEDE70020012AEAD0511CC7
:1044C00003D1162301302360E4E7002428001C6098
:1044D00090472000DEE710B5FFF770FF10BD0278AF
:1044E0000B78002A03D0013001319A42F7D0D01A5C
:1044F00070470023C25C0133002AFBD1581E70476D
:10450000EC300068704782B0002900D101A9101E6C
:1045100006D0002B06D013780B601078431E98410C
:1045200002B0704702204042FAE70B1E04D0FF2A77
:1045300004D98A2303608B3B180070470A7001235B
:10454000FAE700000000000000000000000000008A
:10455000000000000000000000000000000000005B
:104560000108010842424242010801083ED8E98D93
:1045700000000000352100009521000031220000DC
:104580006122000095670000F1790000855E00005F
:104590008962000095620000AD620000B941000030
:1045A000A1620000E55E000069620000A14E00000B
:1045B000CD4100006D450000B544000059440000A5
:1045C000954600003D3C00002D3E0000393E0000B5
:1045D000513E0000713E0000D14900003549000005
:1045E0001D4F0000754F0000C5890000C9890000FB
:1045F000444F0200144F02009C4E0200E44E0200A1
:10460000744F0200E04F02001050020028520200D6
:10461000795D0000495F00001D5D00004951000008
:10462000E5890000DD890000E18900004D4D0000B2
:10463000714B0000E54B0000D1420000E542000054
:104640000543000091430000A9430000E14300003E
:10465000553900004141000055410000594100001A
:104660006541000075410000814100009541000056
:10467000A1410000AD410000214B0000514B000062
:10468000395F00005D63000085630000F563000092
:1046900039510000555100000D5B00002537000026
:1046A00031370000A5370000AD370000E93D0000BC
:1046B000FD3D00000D380000B13900000D3D000047
:1046C000053B0000693B0000253C0000353C000034
:1046D000F14A0000C1460000E5460000094700001D
:1046E00061470000894700007545000061460000F1
:1046F000A1450000CD450000F54500001D46000025
:10470000394600009D4C0000C54C0000E94C0000FB
:104710000D4D00002D4D0000F94A00000D4B00002A
:10472000A9490000BD490000E547000029410000FB
:1047300009480000C9480000D9480000E9480000C5
:10474000F9480000094900001949000035410000FE
:1047500039410000CD890000B9410000C941000085
:10476000CD41000055420000594200005D4200006A
:1047700071420000A9420000B1420000C94200009D
:10478000F943000005440000094400004D4E0000BC
:104790008D4F0000A54F0000CD4F000035500000A8
:1047A000555000006126000071260000812600009F
:1047B00091260000A1260000B1260000C1260000BD
:1047C000D1260000496400006D6400007D64000093
:1047D0008D6400009D640000AD640000BD640000B5
:1047E000CD6400003D27000041270000592700004C
:1047F0006D27000085270000992700003D2B000051
:10480000592C00000128000005280000392800006C
:104810005D280000D1280000DD28000029290000C3
:104820009D290000B1290000DD290000E9290000D0
:10483000655D00006D5D0000792C0000812C00009A
:104840008D2C0000952C00009D2C0000A92C000050
:10485000B12C0000B92C0000D52C0000ED2C00007C
:10486000112D0000192D0000252D0000392D00000C
:10487000452D0000492D0000DD6400005D6500004D
:10488000E565000045660000516600005D660000B9
:104890006D6600007D6600008570000095B2010025
:1048A000B59F0100DD9F0100C5C50100CDB8010025
:1048B000E1C0010095670000CD7900009171000012
:1048C00009720000557200006D720000B5720000A0
:1048D000BD720000C9720000D5720000E1720000D4
:1048E00035740000457400005174000071740000BC
:1048F000A57400002D750000797600002577000072
:10490000317700004577000051770000B56A00005C
:10491000C96A0000DD6A0000E56A0000FD6A000067
:10492000196B0000C16B0000116C0000256B0000CA
:10493000DD780000417900005979000065790000B8
:10494000B1790000BD790000596C0000A96C00002D
:10495000116D0000596D0000E17D0000E57D000053
:10496000E97D0000ED7D0000F17D0000F57D000097
:10497000F97D0000E17B0000117C0000CD7D00008E
:10498000D17D0000D57D0000D97D0000DD7D0000D7
:10499000FD7D0000717E0000CD7E0000257F0000BF
:1049A0008D7F0000A97F000001800000C18700000A
:1049B000B5890000B188000041890000F987000036
:1049C000FD870000018800000588000009880000BC
:1049D0000D8800001188000015880000198800006B
:1049E0001D88000021DA000049DA0000D1DA000059
:1049F0001DDB00006DDB000081DB000051DD0000ED
:104A0000CD8E0000D58E0000DD8E0000ED8E000002
:104A1000018F00008DB300000D8F0000398F000062
:104A2000B9920000498F00009D8F0000399300006B
:104A30001D9500003995000065950000F9C400003F
:104A400075950000DD95000045C30000C9C5000054
:104A50002D9600003997000061C60000EDC20000ED
:104A6000B5C20000D9C2000065C70000B1990000BE
:104A7000C59A000061A0000015A30000DDA500009C
:104A8000C9AA00009DAB00005DB1000015B2000096
:104A9000F9B200009DC7000081C600007DDE000065
:104AA000FDDE000055DD000061DD00006DDD000071
:104AB00079DD0000A1DD000001DE000015DE000050
:104AC0003DDE000025EB000049EB000065EB000037
:104AD00089EB0000D5EB000015EC0000FDEC0000B8
:104AE00015ED000099ED0000F5ED000021EE00004D
:104AF00059EE000075EE00007DEE000089EE00002A
:104B000091EE000000000000010000000000000025
:104B10000A00000000000000640000000000000027
:104B2000E803000000000000102700000000000063
:104B3000A08601000000000040420F0000000000BD
:104B4000809698000000000000E1F50500000000DC
:104B500000CA9A3B0000000000E40B540200000071
:104B600000E87648170000000010A5D4E800000017
:104B700000A0724E1809000000407A10F35A00009D
:104B80004FBB610567ACDD3F182D4454FB21E93F65
:104B90009BF681D20B73EF3F182D4454FB21F93F54
:104BA000E2652F227F2B7A3C075C143326A6813CDA
:104BB000BDCBF07A8807703C075C143326A6913C85
:104BC000000000000000E03F000000000000E0BF27
:104BD0000000E0FE422EE63F0000E0FE422EE6BF6F
:104BE000763C7935EF39EA3D763C7935EF39EABDE7
:104BF0000000000000000000000000000000008035
:104C000000000040FB21F93F000000002D44743EED
:104C1000000000809846F83C0000006051CC783BD2
:104C200000000080831BF0390000004020257A3806
:104C3000000000802282E336000000001DF3693589
:104C4000000000000000304300000000000030C3FE
:104C50000000000000000000792200008122000016
:104C600069230100A9230100852200009922000088
:104C7000FD01010071010100B90101007501010090
:104C800031220100C9230100C50501007570736957
:104C9000646500006E6F726D616C0000636F6F720F
:104CA00064696E6174652073706163653A20256480
:104CB000202F2025642C2025730000006163633AB7
:104CC000206D6F756E74696E670000006163633AF2
:104CD000207573696E67205344412C2053434C0068
:104CE0006163633A206E6F20693263206176616987
:104CF0006C61626C650000006163633A206E6F74E2
:104D00002064657465637465640000006163633AE0
:104D10002064657465637465642025640000000088
:104D20006163633A2064616D6167656420616363F8
:104D3000656C6572656F6D746572206F7220696E47
:104D400076616C696420414343454C45524F4D4563
:104D50005445525F54595045000000006163633A66
:104D600020696E76616C696420414343454C45522D
:104D70004F4D455445525F54595045006163633A65
:104D8000206D6F756E74656400000000342A0000A9
:104D9000382A0000382A0000B02A0000EA2A000061
:104DA000FC2A0000382A0000382A0000462A0000A9
:104DB000462A0000CE2A0000DC2A00005A2A000001
:104DC000202A00000C2B0000A22A0000802A0000EC
:104DD0004E2C00007E2B0000962B0000AC2B000018
:104DE000C42B0000DA2B0000EE2B0000F62B000095
:104DF000FE2B0000062C00000E2C0000142C0000DE
:104E0000282C00002E2C0000422C0000482C000012
:104E1000662B000030313233343536373839616231
:104E200063646566000000005E4E0000624E000094
:104E3000664E00006A4E00006E4E0000724E00008A
:104E40006661696C65642074797065206368656368
:104E50006B20666F722025702040257000000000D6
:104E60005654202570202D206F626A747970652059
:104E7000256420636C6173734E6F2025640000000D
:104E8000756E68616E646C656420657863657074C6
:104E9000696F6E2C2076616C75653A000C0003F921
:104EA00000000000010000000000000021340000AC
:104EB000A14E00008532000009340000D533000007
:104EC000C9330000BD330000E93300006D6973731E
:104ED000696E672070726F7065727479206F6E20D2
:104EE000257000000C0003F9000000000100000024
:104EF0000000000021340000A14E000075320000C7
:104F000035310000393100004531000049310000E1
:104F10004D3100000C0003F900000000010000000A
:104F20000000000021340000A14E00000134000008
:104F30009D300000A5300000A9300000AD30000019
:104F4000ED3000000C0003F900000000010000003B
:104F50000000000021340000A14E000019340000C0
:104F60007D30000085300000893000001D340000D5
:104F70008D3000000C0003F900000000010000006B
:104F80000000000021340000A14E00001134000098
:104F9000593100006D310000153400000D3400005F
:104FA0007D3100005B4E61746976652025705D007F
:104FB0005B5265664F626A6563742076743D257046
:104FC00020636C3D256420737A3D25645D000000FC
:104FD0005B2573202570203D2025735D00000000B7
:104FE000080004F9000000000300000000000000B9
:104FF00021340000A14E00000000000089310000B3
:1050000000000000000000000000000000000000A0
:105010000C0002F900000000020000000000000087
:1050200021340000A14E0000000000000534000003
:105030000000000000000000000000000000000070
:10504000444F02000700626F6F6C65616E000000E4
:10505000444F02000900756E646566696E65640000
:10506000E04F02000000000000000000444F02007A
:1050700000000000444F0200080066756E6374690A
:105080006F6E0000444F02000900756E646566692A
:105090006E656400444F02000800496E66696E69DF
:1050A00074790000444F020003004E614E0000007E
:1050B000444F020009002D496E66696E69747900DB
:1050C000444F020004006E756C6C0000444F0200F7
:1050D0000400747275650000444F020005006661AB
:1050E0006C736500444F020008005B4F626A6563A1
:1050F000745D0000444F02000A005B46756E6374E5
:10510000696F6E5D00000000444F020006006E757E
:105110006D62657200000000444F020006006F627D
:105120006A65637400000000444F02000600737457
:1051300072696E67000000006763416C6C6F6328E2
:10514000256429202825642F256420667265653B27
:10515000202564206D617820626C6F636B29202D9F
:105160003E206E657720626C6F636B002D2D4D4184
:10517000524B000052503A25702F25640000000069
:1051800052473A25702F2564000000004743202530
:10519000642F256420667265653B202564206D615F
:1051A00078426C6F636B0000686561703A2025641B
:1051B00020286D696E7573202564207379732062D1
:1051C0007974657329000000474320626C6F636B3C
:1051D0002025646220402025700000005265665240
:1051E00065664C6F63616C20257020763D257000EC
:1051F000526566436F6C6C656374696F6E202570D1
:105200002073697A653D256400000000526566528E
:1052100065636F72642025702073697A653D25642B
:1052200020627974657300000C0005F9000000002D
:1052300004000000000000007D5E0000915D0000A1
:10524000F15C0000395D000000000000000000007B
:10525000000000000000000076617269616E742039
:105260006E6F7420737570706F727465643A202568
:10527000730000005265664D6170202570207369CF
:105280007A653D25640000005365676D656E743A6C
:105290002025702C206C656E6774683A2025642C7C
:1052A0002073697A653A2025640000002D3E202590
:1052B000640000004572726F723A202564205B25FD
:1052C000645D0000526566416374696F6E202570ED
:1052D0002070633D25582073697A653D2564000080
:1052E000140004F9000000000800000000000000A5
:1052F000855D0000C55D0000095D0000495D00009E
:10530000000000000000000000000000000000009D
:10531000080004F900000000070000000000000081
:10532000815E0000B15D0000FD5C0000455D000095
:10533000000000000000000000000000000000006D
:105340000C0004F90000000006000000000000004E
:105350007D5D000081610000E55C0000355D0000BE
:10536000000000000000000000000000000000003D
:10537000636F6D6D202564202D3E20257000000098
:10538000525325643A25702F25640000756E6B6EAC
:105390006F776E0023202573000000002320257303
:1053A0003A202570000000006932633A206C6F6F6C
:1053B0006B75702064656661756C742070696E73BE
:1053C000000000006932633A20666F756E642065E4
:1053D00078697374696E6720693263006932633A71
:1053E000206D6F756E74696E67206F6E206E6577C5
:1053F00020646576696365006E6F2070696E206356
:1054000066673A20256400000000000000000000EC
:105410007922000081220000ED720000F17200008C
:10542000F97200001173000000000000000000008D
:105430007922000069730000ED720000F172000033
:105440003173000049730000616C6C6F63617465B7
:10545000205443256400000013121800002C004261
:1054600014131B000030004215141E0000340042CB
:10547000200F0D00002000422110120000240042E5
:10548000221115000028004200000000000000006A
:105490000A444D4553473A0A000000000A0A00003A
:1054A0000000000000000000792200000119010046
:1054B000ED720000F1720000897A00009D7A000010
:1054C000C5180100F51901002D7A00000000000048
:1054D000000000007922000001190100ED720000B7
:1054E000F1720000B97A0000CD7A0000C518010001
:1054F000957B00003D7B0000E6850000CE85000026
:105500007A850000E0850000DA850000D48500007F
:10551000000000000000000045870000F980000046
:105520008D820000D982000047EBF02D935A16C8F7
:105530000F1F3F00ED890000398A0000A18A00009A
:1055400000030C0F30333C3FC0C3CCCFF0F3FCFF63
:1055500000112233445566778899AABBCCDDEEFF53
:10556000526566496D6167652025702073697A65AB
:105570003D25642078202564000000000C0004F91B
:10558000000000000500000000000000E9890000A4
:10559000FD8A0000D95C0000315D000000000000C1
:1055A0000000000000000000000000004A44413AF2
:1055B000206D61676963206D69736D617463682034
:1055C00025780000696E76616C696420737570657A
:1055D000722D6672616D65202564202564000000CF
:1055E000696E76616C69642073757065722D667280
:1055F000616D65202564202564202564000000007D
:105600000609090906040604040E070806010F0F1F
:10561000080409060C0A091F081F010F100F0804CF
:105620000E110E1F080402010E110E110E0E110EA6
:10563000040211000E1B11000180781180782000F7
:105640003A010313800A29800A0000002A2A2A202E
:10565000434F44414C2050414E4943203A205B2562
:10566000645D0000373448433A2077616974696E9D
:10567000672E2E2E00000000373448433A206E6F0C
:105680002077616974207265717565737465640053
:10569000373448433A20257800000000636F6E6677
:1056A000696720747970653A2025643B20636667DA
:1056B000303D257820636667313D25780000000085
:1056C000636F6E6669677572652073637265656E78
:1056D0003A2046524D435452313D2570204D4144AD
:1056E00043544C3D257020747970653D256400005D
:1056F00073637265656E3A20256420782025642CDA
:10570000206F66663D25642C2564000072756E6E00
:10571000696E6720666C6173682046532047433B7F
:10572000206E65656465642025642C206C65667454
:1057300020256400474320646F6E653A202564206D
:1057400066726565000000006F7574206F662073D7
:105750007061636521206E65656465643D25640044
:10576000666F726D617474696E672E2E2E00000074
:105770006D6F756E7465642C20656E643D257820B0
:105780006D6574613D257820667265653D257800FC
:1057900000000000000000005DE9000031E90000A9
:1057A00081E9000019E90000636C656172696E6748
:1057B00020757365722066696C657300666F6F6231
:1057C000617200000000000000000000C1F2000053
:1057D00089F20000B5F2000081F20000ADF2000095
:1057E000A1F2000095F2000030780000444D4553CE
:1057F00047206C696E6520746F6F206C6F6E672137
:105800000A000000250000003F3F3F000D0A000095
:10581000000000000000000079220000812200004A
:10582000ED720000F1720000FD00010015010100A1
:10583000F9000100000000000000000079220000D3
:1058400081220000ED720000F17200008101010070
:1058500099010100FD01010071010100B901010080
:10586000750101007901010079010100C505010000
:1058700000000000000000007922000081220000EA
:10588000ED720000F1720000000000000000000056
:105890008109010023440200000000000000000014
:1058A0007922000081220000790A0100F1720000D3
:1058B0000000000000000000234402002344020016
:1058C0002344020023440200234402002344020034
:1058D000211001000000000000000000451301003D
:1058E00035130100000000000000000079220000D4
:1058F00081220000ED720000F172000035180100F5
:105900004D18010081090100691801000000000024
:10591000000000007922000001190100ED72000072
:10592000F1720000CD180100E5180100C518010052
:10593000F5190100EF03038002CF0300C130ED042D
:1059400064031281E803850078CB05392C0034020A
:10595000F70120EA020000C00123C10110C5023E88
:1059600028C701863601083701003A0155B1020007
:1059700018B603088227F20100260101E00F0F315B
:105980002B0C0E084EF1370710030E0900E10F0033
:105990000E1403110731C148080F0C31360F118066
:1059A000782980780000000000000000000000005E
:1059B000C51A010081220000ED720000D5390100F6
:1059C0008D1A0100A51A0100D85902000400000038
:1059D000F85902000700000002000000000000006B
:1059E00004000000010000000800000002000000A8
:1059F0001000000003000000C40900007000000057
:105A00008813000060000000102700005000000014
:105A1000204E000040000000409C000030000000CC
:105A2000A08601002000000040420F00100000008E
:105A30000000000000000000792200008122000028
:105A400029220100E5200100B1200100C920010048
:105A5000BD1F0100CD1F0100D51F0100E51F010082
:105A6000ED1F01001D220100C50501000200040117
:105A700008020000E204000000000000C409000069
:105A8000080000008813000010000000102700002C
:105A900018000000204E00002000000080380100A7
:105AA00028000000007102003000000000C409005E
:105AB0003800000000000000000000007922000013
:105AC0008122000069230100A92301007523010040
:105AD0008D230100FD01010071010100B9010100E8
:105AE0007501010031220100C9230100C505010033
:105AF0004D50553630353020696E69742025780058
:105B00000000000000000000792200008122000057
:105B10000D270100C924010095240100AD240100D6
:105B2000FD01010071010100B901010075010100D1
:105B30002525010001270100C50501000000000026
:105B40000000000029270100EDF00000BDF4000076
:105B50000000000000000000D92C010029280100ED
:105B60009527010039270100D1290100692A010088
:105B7000F8FFFFFF000000007922000081220000F2
:105B8000ED720000F1720000592A01007D2A010027
:105B900000000000000000007922000081220000C7
:105BA000ED720000F1720000912D0100A92D01009D
:105BB0003D2D0100000000000000000079220000DF
:105BC00081220000ED720000F17200001532010028
:105BD0002D3201006D31010069180100018078113A
:105BE000807820003A0103E010021C0712373229A6
:105BF0002D29252B3900010310E110031D07062E66
:105C00002C292D2E2E373F0000021013800A2980E8
:105C10000A0000000000000000000000993A0100A6
:105C200081220000ED720000D539010075320100BB
:105C30008D3201000000000000000000813B0100E7
:105C4000993B0100000000000000000079220000E4
:105C500081220000ED720000F1720000C53B0100DE
:105C6000E93B0100113C0100F8FFFFFF00000000CC
:105C7000553D0100FFFF0000FFFF0000436170542D
:105C80006F7563682043616C69627261746564203A
:105C900069643D2564207468726573686F6C643D47
:105CA000256420286D61782025642900000000000B
:105CB000000000007922000001190100ED720000CF
:105CC000F172000039480100A1480100C518010027
:105CD000C145010000000000000000007922000022
:105CE00081220000ED720000F1720000B548010051
:105CF000F5480100C54B0100ED4B0100F8FFFFFF27
:105D000000000000014C0100F4FFFFFF0000000054
:105D1000DD4B010008000000100000002000000022
:105D200040000000800000000001000000020000B0
:105D3000000400000000000000000000914C010081
:105D4000114C0100154C01002D4C01004D4C01007F
:105D5000654C0100114D0100000002000900150012
:105D600027003F005E008400B300EC002E017B01A1
:105D7000D3013502A202180398031F04AC043D05A9
:105D8000CF056106F0067907FA076F08D7083009D2
:105D90007609AA09CA09D409CA09AA0976093009E3
:105DA000D7086F08FA077907F0066106CF053D05A9
:105DB000AC041F0498031803A2023502D3017B012F
:105DC0002E01EC00B30084005E003F0027001500A8
:105DD0000900020000000000504F4F212121000067
:105DE0000000000000000000792200008122000075
:105DF000ED720000F1720000914D0100594E01005A
:105E0000714D0100F1500100D54D0100F8FFFFFF79
:105E100000000000494E0100F4FFFFFF00000000F9
:105E2000814D01000151010054582070696E6D755B
:105E3000783A202564207061643A20256420696ED8
:105E400073743A202564000052582070696E6D7595
:105E5000783A202564207061643A20256420696EB8
:105E600073743A2025640000000000000000000068
:105E70007922000081220000790A0100F1720000FD
:105E8000FD53010015540100315401005954010023
:105E90007553010049560100555301006553010037
:105EA0002110010001000200040008001000400061
:105EB0000001000474635F696E643A202564206306
:105EC0006C6B5F696E6465783A20256400000000A1
:105ED0000000000000000000792200008122000084
:105EE000ED720000F1720000055901001D5901001A
:105EF0002D130100015C01003D59010055570100BF
:105F000071590100515B0100795B0100715701007B
:105F100075570100DD5701005558010089590100EE
:105F2000BD5A0100A15801005157010000000000B6
:105F300000000000F55D01009D9701009D970100A4
:105F4000A5970100A5970100D5600100AD9701005C
:105F500059610100295E01000000000000000000FE
:105F600051690100E169010035650100796E0100A8
:105F700049650100A96A0100B5650100C16501001C
:105F8000ED650100F9650100056C01001565010072
:105F9000056601001D6501001D66010031660100F6
:105FA000556C0100256501002D6501008168010027
:105FB000C56C01006D66010049670100716C01004C
:105FC000C56E0100ED6E0100AD660100ECFFFFFF44
:105FD000000000003967010053504920696E737456
:105FE000616E6365202570207265712025646B48A1
:105FF0007A2C20676F742025646B487A2062617563
:10600000643D256400000000000000000000000066
:10601000656F0100716F0100C974010039700100E2
:1060200041740100916F0100FCFFFFFF00000000C0
:10603000E16F01001B1C1C00040202001A1A1B0065
:10604000000100FF020F3F01010300FF220F3F414B
:10605000020501000F0F3F3F030703010F0F3F3FF2
:1060600028111D02110F3F0429131F03310F3F4454
:1060700004090504000F3F00050B0705200F3F40F2
:10608000060D0906010F3F80070F0B07210F3FC0C8
:106090000800001000410002091300112061404275
:1060A0000A150012014080820B1700132160C0C244
:1060B0002A1500FF12803F842B1700FF32A03FC437
:1060C0000C1900FF02C002040D1B00FF22E0424435
:1060D0000E1D00FF108082840F1F00FF30A0C2C47D
:1060E000100100FF02C00103110300FF22E0414341
:1060F000120500FF10408183130700FF3060C1C309
:10610000140900FF0FC08583150B00FF0FE0C5C306
:10611000160D00FF11800305170F00FF31A0434546
:10612000181900FF12408385191B00FF3261C3C597
:10613000360D00FF0F0F3F85370F00FF0F0F3FC5D4
:106140001B1F00FF0F0F3F3F1C1100FF0F0F3F3FB2
:106150001E1500FF010F3F811F1700FF210F3FC1D8
:106160002205110A0F0F3F052307130B0F0F3F45A1
:10617000540000FF0F0F3F3F270000000100020006
:10618000040008001000400000010004002C004240
:10619000003000420034004200200042002400424F
:1061A00000280042141516171819000013131313B2
:1061B0001313000000080042080A0020000C0042EF
:1061C0000C0A002000100042100A002000140042B7
:1061D000140A002000180042180A0020001C004287
:1061E0001C0A00200000000000000000959701003C
:1061F0009D9701009D970100A5970100A5970100BB
:1062000029980100AD970100C1980100C9970100CC
:106210000000000000000000019A01009D990100AB
:106220007D9A0100FCFFFFFF00000000619B010060
:10623000F6A8010032A8010056A80100F4A7010049
:1062400056A80100D2A8010056A80100F4A7010039
:1062500032A8010032A80100D2A80100F4A7010071
:1062600028A9010028A9010028A90100DEA8010031
:1062700032A8010032A8010056A80100F2A70100CF
:1062800056A80100D2A8010056A80100F2A70100FB
:1062900032A8010032A80100D2A80100F2A7010033
:1062A00028A9010028A9010028A90100DCA80100F3
:1062B00020AC0100CAAB0100CAAB0100F8AC010080
:1062C000C6AB0100C6AB0100EEAC0100F8AC0100AA
:1062D000C6AB0100EEAC0100C6AB0100F8AC01009A
:1062E000FCAC0100FCAC0100FCAC010004AD010001
:1062F00070BB0100E2B9010026BA01008AB90100B1
:1063000026BA010016BB010026BA01008AB90100B5
:10631000E2B90100E2B9010016BB01008AB901002F
:1063200082B9010082B9010082B9010024BB0100D9
:1063300098C201009AC101009AC10100B8C40100CD
:1063400094C1010094C10100A0C40100B8C40100BF
:1063500094C10100A0C4010094C10100B8C40100AF
:10636000AEC40100AEC40100AEC40100BCC4010053
:1063700061636F730000000061636F736800000069
:106380006173696E000000006174616E6800000056
:10639000636F73680000000065787000666D6F645D
:1063A000000000006C6F67006C6F67313000000008
:1063B000706F770073696E6800000000737172740B
:1063C000000000006C6F6766000000006C6F6731B2
:1063D000306600007371727466000000FB21F93FA3
:1063E000FB2109407CD91240FB2119407A6A1F40E9
:1063F0007CD92240BBFD2540FB2129403A462C4058
:106400007A6A2F405C4731407CD932409C6B3440E3
:10641000BBFD3540DB8F3740FB2139401BB43A4090
:106420003A463C405AD83D407A6A3F404C7E404014
:106430005C4741406C1042407CD942408CA24340B2
:106440009C6B4440AC344540BBFD4540CBC6464008
:10645000DB8F4740EB584840FB21494083F9A200BD
:10646000444E6E00FC291500D1572700DD34F5009D
:1064700062DBC0003C999500419043006351FE00EF
:10648000BBDEAB00B761C5003A6E2400D24D4200BE
:106490004906E00009EA2E001C92D100EB1DFE0027
:1064A00029B11C00E83EA700F535820044BB2E0050
:1064B0009CE98400B4267000417E5F00D6913900CB
:1064C000538339009CF439008B5F840028F9BD00A8
:1064D000F81F3B00DEFF97000F980500112FEF001B
:1064E0000A5A8B006D1F6D00CF7E360009CB270046
:1064F000464FB7009E663F002DEA5F00BA27750041
:10650000E5EBC7003D7BF100F739070092528A00A6
:10651000FB6BEA001FB15F00085D8D003003560081
:106520007BFC4600F0AB6B0020BCCF0036F49A0039
:10653000E3A91D005E619100081BE60085996500D6
:10654000A0145F008D40680080D8FF0027734D00C5
:1065500006063100CA561500C9A873007BE2600028
:106560006B8CC000000FC93F000F494000CB964024
:10657000000FC9400053FB4000CB164100ED2F41F6
:10658000000F49410031624100537B41003A8A418A
:1065900000CB9641005CA34100EDAF41007EBC41C1
:1065A000000FC94100A0D5410031E24100C2EE41D7
:1065B0000053FB4100F20342003A0A4200831042BA
:1065C00000CB164200141D42005C234200A5294264
:1065D00000ED2F4200363642007E3C4200C7424268
:1065E000000F4942A2000000F900000083000000F3
:1065F0006E0000004E000000440000001500000086
:1066000029000000FC0000002700000057000000E7
:10661000D1000000F500000034000000DD000000A3
:10662000C0000000DB0000006200000095000000D8
:10663000990000003C0000004300000090000000B2
:1066400041000000FE000000510000006300000057
:10665000AB000000DE000000BB000000C500000031
:1066600061000000B7000000240000006E00000080
:106670003A000000420000004D000000D20000007F
:10668000E000000006000000490000002E000000AD
:10669000EA00000009000000D100000092000000A4
:1066A0001C000000FE0000001D000000EB000000C8
:1066B0001C000000B100000029000000A70000003D
:1066C0003E000000E80000008200000035000000ED
:1066D000F50000002E000000BB0000004400000098
:1066E00084000000E90000009C0000007000000031
:1066F00026000000B40000005F0000007E000000E3
:10670000410000003900000091000000D6000000A8
:106710003900000083000000530000003900000031
:10672000F40000009C000000840000005F000000F6
:106730008B000000BD000000F900000028000000F0
:106740003B0000001F000000F80000009700000060
:10675000FF000000DE0000000500000098000000BF
:106760000F000000EF0000002F00000011000000EB
:106770008B0000005A0000000A0000006D000000BD
:106780001F0000006D000000360000007E000000C9
:10679000CF00000027000000CB000000090000002F
:1067A000B70000004F000000460000003F0000005E
:1067B000660000009E0000005F000000EA0000008C
:1067C0002D0000007500000027000000BA00000046
:1067D000C7000000EB000000E5000000F100000031
:1067E0007B0000003D0000000700000039000000B1
:1067F000F70000008A000000520000009200000034
:10680000EA0000006B000000FB0000005F000000D9
:10681000B10000001F0000008D0000005D000000BE
:1068200008000000560000000300000030000000D7
:1068300046000000FC0000007B0000006B00000030
:10684000AB000000F0000000CF000000BC00000022
:10685000200000009A000000F40000003600000054
:106860001D000000A9000000E300000091000000EE
:10687000610000005E000000E60000001B00000058
:10688000080000006500000099000000850000007D
:106890005F00000014000000A0000000680000007D
:1068A000400000008D000000FF000000D800000044
:1068B000800000004D000000730000002700000071
:1068C0003100000006000000060000001500000076
:1068D00056000000CA00000073000000A80000007D
:1068E000C900000060000000E20000007B00000022
:1068F000C00000008C0000006B00000002000000DF
:106900000300000004000000060000000000C93F72
:106910000000F0390000DA370000A2330000842EB6
:106920000000502B0000C2270000D0220000C41F2E
:106930000000C61B00004417040000000700000010
:10694000090000004300504F534958002E0000201A
:10695000202020202020202028282828282020200F
:1069600020202020202020202020202020202088BF
:106970001010101010101010101010101010100423
:106980000404040404040404041010101010101073
:106990004141414141410101010101010101010167
:1069A000010101010101010101011010101010107D
:1069B0004242424242420202020202020202020237
:1069C0000202020202020202020210101010200053
:1069D00000000000000000000000000000000000B7
:1069E00000000000000000000000000000000000A7
:1069F0000000000000000000000000000000000097
:106A00000000000000000000000000000000000086
:106A10000000000000000000000000000000000076
:106A20000000000000000000000000000000000066
:106A30000000000000000000000000000000000056
:106A40000000000000000000000000000000000046
:106A5000F8B5C046F8BC08BC9E467047152100003A
:106A60004D5D0000AD690000B1410100F8B5C046C0
:0C6A7000F8BC08BC9E467047ED200000FA
:086A7C000C38FF7F010000004F
:106A840000000000A10D0C000101010180BA010FFA
:106A940080BA010F780A00200138FDD17047000048
:106AA400BD820100BD82010000080042000C0042CA
:106AB400001000420014004200180042001C004272
:106AC40031440200FC00002000000000000000002F
:106AD40000000000000000000000000000000000B2
:106AE40000000000000000000000000000000000A2
:106AF4000000000000000000000000000000000092
:106B04000000000000000000000000000000000081
:106B14000000000000000000000000000000000071
:106B2400000000000000000043000000000000001E
:106B34000000000000000000000000000000000051
:106B440000000000000000004300000000000000FE
:106B54000000000000000000000000000000000031
:106B640000000000000000004300000000000000DE
:106B74000000000000000000000000000000000011
:106B840000000000000000004300000000000000BE
:106B940000000000000000000000000000000000F1
:106BA400000000000000000043000000000000009E
:106BB40000000000000000000000000000000000D1
:106BC400000000000000000043000000000000007E
:106BD40000000000000000000000000000000000B1
:106BE400000000000000000043000000000000005E
:106BF4000000000000000000000000000000000091
:106C040000000000000000002B45020007450200C0
:106C1400000000004E6902004C6902004D69020048
:106C24004D6902004D6902004D6902004D69020080
:106C34004D6902004D6902004D6902004D69020070
:106C4400FFFFFFFFFFFFFFFFFFFFFFFFFFFF00004E
:106C540001004153434949000000000000000000C6
:106C64000000000000000000000000000000000020
:106C740000004153434949000000000000000000A7
:106C84000000000000000000000000000000000000
:086C94000000000000040100F3
:046C9C0000000000F4
:040000030000EF61A9
:00000001FF
